tag_code,release_site,release_date,release_year,release_lat,release_lon,detection_site_code,detection_site_label,first_detection,last_detection,count
3D6.1D59339170,Methow River,8/24/2018,2018,48.05039,-119.904106,BO1,BO1 - Bonneville Bradford Is. Ladder,2018-07-23 03:42:52,2018-07-26 02:32:07,1
3D6.1D59339170,Methow River,8/24/2018,2018,48.05039,-119.904106,MC1,MC1 - McNary Oregon Shore Ladder,2018-08-09 03:55:47,2018-08-09 20:00:44,1
3D6.1D59339170,Methow River,8/24/2018,2018,48.05039,-119.904106,TD2,TD2 - The Dalles North Fish Ladder,2018-08-01 21:47:31,2018-08-01 21:47:44,1
3DD.003B9C10CD,Methow River,8/10/2018,2018,48.05039,-119.904106,CRU,CRU - Upper Chewuch Instream Array,2018-09-04 00:29:55,2019-06-04 16:43:46,1
3DD.003B9C10CD,Methow River,8/10/2018,2018,48.05039,-119.904106,CRW,CRW - Chewuch River above Winthrop,2018-08-31 20:34:09,2018-08-31 20:35:42,1
3DD.003B9C10CD,Methow River,8/10/2018,2018,48.05039,-119.904106,LMR,LMR - Lower Methow River at Pateros,2018-08-11 02:32:36,2018-08-11 02:32:56,1
3DD.003B9C10CD,Methow River,8/10/2018,2018,48.05039,-119.904106,MRC,MRC - Methow River at Carlton,2018-08-15 01:59:24,2018-08-15 01:59:24,1
3DD.003B9C10CE,Methow River,8/10/2018,2018,48.05039,-119.904106,LMR,LMR - Lower Methow River at Pateros,2018-08-11 02:25:03,2018-08-11 02:25:08,1
3DD.003B9C10D0,Methow River,8/10/2018,2018,48.05039,-119.904106,LMR,LMR - Lower Methow River at Pateros,2018-08-11 01:45:23,2018-08-11 01:45:23,1
3DD.003B9C10D1,Methow River,8/10/2018,2018,48.05039,-119.904106,CRW,CRW - Chewuch River above Winthrop,2018-08-18 21:56:52,2018-08-18 21:58:25,1
3DD.003B9C10D1,Methow River,8/10/2018,2018,48.05039,-119.904106,MRC,MRC - Methow River at Carlton,2018-08-15 00:07:05,2018-08-15 00:07:05,1
3DD.003B9C10D5,Methow River,8/10/2018,2018,48.05039,-119.904106,LMR,LMR - Lower Methow River at Pateros,2018-08-11 02:21:08,2018-08-11 02:21:08,1
3DD.003B9C10D6,Methow River,8/10/2018,2018,48.05039,-119.904106,CRW,CRW - Chewuch River above Winthrop,2019-06-18 00:21:21,2019-06-22 22:20:28,1
3DD.003B9C10D8,Methow River,8/10/2018,2018,48.05039,-119.904106,MRC,MRC - Methow River at Carlton,2018-08-17 21:24:40,2019-07-20 21:10:23,1
3DD.003B9C10D9,Methow River,8/10/2018,2018,48.05039,-119.904106,LMR,LMR - Lower Methow River at Pateros,2018-08-11 02:02:55,2018-08-11 02:02:55,1
3DD.003B9C10DB,Methow River,8/10/2018,2018,48.05039,-119.904106,LMR,LMR - Lower Methow River at Pateros,2018-08-12 02:21:59,2018-08-12 02:22:10,1
3DD.003B9C10DB,Methow River,8/10/2018,2018,48.05039,-119.904106,MRC,MRC - Methow River at Carlton,2019-06-29 02:35:59,2019-06-29 02:35:59,1
3DD.003B9C10DE,Methow River,8/10/2018,2018,48.05039,-119.904106,LMR,LMR - Lower Methow River at Pateros,2018-08-11 01:58:20,2018-08-11 01:58:20,1
3DD.003B9C10DF,Methow River,8/10/2018,2018,48.05039,-119.904106,CRW,CRW - Chewuch River above Winthrop,2019-04-20 03:52:12,2020-05-18 08:25:45,1
3DD.003B9C10DF,Methow River,8/10/2018,2018,48.05039,-119.904106,LMR,LMR - Lower Methow River at Pateros,2018-08-11 02:36:34,2018-08-11 02:36:34,1
3DD.003B9C10E0,Methow River,8/10/2018,2018,48.05039,-119.904106,LMR,LMR - Lower Methow River at Pateros,2018-08-11 01:26:21,2018-08-11 01:26:21,1
3DD.003B9C10E1,Methow River,8/10/2018,2018,48.05039,-119.904106,LMR,LMR - Lower Methow River at Pateros,2018-08-11 02:24:16,2018-08-11 02:24:16,1
3DD.003B9C10E5,Methow River,8/10/2018,2018,48.05039,-119.904106,LMR,LMR - Lower Methow River at Pateros,2018-08-31 22:39:56,2018-08-31 22:39:56,1
3DD.003B9C10E5,Methow River,8/10/2018,2018,48.05039,-119.904106,MRC,MRC - Methow River at Carlton,2018-09-06 23:27:20,2018-09-06 23:27:20,1
3DD.003B9C10E9,Methow River,8/10/2018,2018,48.05039,-119.904106,CRW,CRW - Chewuch River above Winthrop,2019-05-31 20:27:44,2019-05-31 20:31:27,1
3DD.003B9C10EA,Methow River,8/10/2018,2018,48.05039,-119.904106,LMR,LMR - Lower Methow River at Pateros,2018-08-11 01:40:13,2018-08-11 01:40:21,1
3DD.003B9C10EA,Methow River,8/10/2018,2018,48.05039,-119.904106,MRC,MRC - Methow River at Carlton,2018-08-17 00:16:56,2018-08-17 00:16:56,1
3DD.003B9C10EB,Methow River,8/10/2018,2018,48.05039,-119.904106,LMR,LMR - Lower Methow River at Pateros,2018-08-11 23:18:02,2018-08-11 23:18:02,1
3DD.003B9C10EC,Methow River,8/10/2018,2018,48.05039,-119.904106,LMR,LMR - Lower Methow River at Pateros,2018-08-11 04:08:08,2018-08-11 04:08:08,1
3DD.003B9C10ED,Methow River,8/10/2018,2018,48.05039,-119.904106,CRW,CRW - Chewuch River above Winthrop,2018-08-18 02:09:48,2018-08-18 02:11:19,1
3DD.003B9C10ED,Methow River,8/10/2018,2018,48.05039,-119.904106,LMR,LMR - Lower Methow River at Pateros,2018-08-11 02:25:06,2018-08-11 02:25:17,1
3DD.003B9C10ED,Methow River,8/10/2018,2018,48.05039,-119.904106,MRC,MRC - Methow River at Carlton,2018-08-14 23:27:06,2018-08-14 23:27:06,1
3DD.003B9C10EE,Methow River,8/10/2018,2018,48.05039,-119.904106,CRU,CRU - Upper Chewuch Instream Array,2018-09-01 01:29:12,2019-05-23 23:31:13,1
3DD.003B9C10EE,Methow River,8/10/2018,2018,48.05039,-119.904106,CRW,CRW - Chewuch River above Winthrop,2018-08-18 21:38:12,2018-08-18 21:39:35,1
3DD.003B9C10EE,Methow River,8/10/2018,2018,48.05039,-119.904106,LMR,LMR - Lower Methow River at Pateros,2018-08-11 01:29:53,2018-08-11 01:29:53,1
3DD.003B9C10F0,Methow River,8/10/2018,2018,48.05039,-119.904106,LMR,LMR - Lower Methow River at Pateros,2018-08-11 02:42:53,2018-08-11 02:42:53,1
3DD.003B9C10F0,Methow River,8/10/2018,2018,48.05039,-119.904106,MRC,MRC - Methow River at Carlton,2018-08-14 22:31:49,2018-08-14 22:31:49,1
3DD.003B9C10F2,Methow River,8/10/2018,2018,48.05039,-119.904106,MRC,MRC - Methow River at Carlton,2018-08-16 23:18:49,2019-07-20 02:56:44,1
3DD.003B9C10F5,Methow River,8/10/2018,2018,48.05039,-119.904106,CRW,CRW - Chewuch River above Winthrop,2018-08-19 00:05:46,2018-08-19 00:07:28,1
3DD.003B9C10F5,Methow River,8/10/2018,2018,48.05039,-119.904106,LMR,LMR - Lower Methow River at Pateros,2018-08-11 00:40:59,2018-08-11 00:40:59,1
3DD.003B9C10F5,Methow River,8/10/2018,2018,48.05039,-119.904106,MRC,MRC - Methow River at Carlton,2018-08-14 23:14:34,2018-08-14 23:14:34,1
3DD.003B9C10F6,Methow River,8/10/2018,2018,48.05039,-119.904106,CRW,CRW - Chewuch River above Winthrop,2019-04-20 23:53:21,2019-06-07 02:16:20,1
3DD.003B9C10F6,Methow River,8/10/2018,2018,48.05039,-119.904106,LMR,LMR - Lower Methow River at Pateros,2018-08-11 01:33:56,2018-08-11 01:34:06,1
3DD.003B9C10F8,Methow River,8/10/2018,2018,48.05039,-119.904106,LMR,LMR - Lower Methow River at Pateros,2018-08-11 03:50:02,2018-08-11 03:50:09,1
3DD.003B9C10F8,Methow River,8/10/2018,2018,48.05039,-119.904106,MRC,MRC - Methow River at Carlton,2018-08-15 02:54:39,2018-08-15 02:54:39,1
3DD.003B9C10FA,Methow River,8/10/2018,2018,48.05039,-119.904106,CRW,CRW - Chewuch River above Winthrop,2019-04-25 20:56:50,2019-05-28 17:48:21,1
3DD.003B9C10FA,Methow River,8/10/2018,2018,48.05039,-119.904106,LMR,LMR - Lower Methow River at Pateros,2018-08-11 20:02:10,2018-08-11 20:02:10,1
3DD.003B9C10FE,Methow River,8/10/2018,2018,48.05039,-119.904106,LMR,LMR - Lower Methow River at Pateros,2018-08-11 01:31:56,2018-08-11 01:32:06,1
3DD.003B9C10FF,Methow River,8/10/2018,2018,48.05039,-119.904106,LMR,LMR - Lower Methow River at Pateros,2018-08-11 02:31:33,2018-08-11 02:31:33,1
3DD.003B9C10FF,Methow River,8/10/2018,2018,48.05039,-119.904106,MRC,MRC - Methow River at Carlton,2018-08-15 00:39:32,2018-08-15 00:39:32,1
3DD.003B9C1100,Methow River,8/10/2018,2018,48.05039,-119.904106,LMR,LMR - Lower Methow River at Pateros,2018-08-11 02:22:14,2018-08-11 02:22:14,1
3DD.003B9C1100,Methow River,8/10/2018,2018,48.05039,-119.904106,MRC,MRC - Methow River at Carlton,2018-08-16 00:09:22,2018-08-16 00:09:22,1
3DD.003B9C1101,Methow River,8/10/2018,2018,48.05039,-119.904106,CRW,CRW - Chewuch River above Winthrop,2019-05-04 21:23:51,2019-05-04 21:27:16,1
3DD.003B9C1101,Methow River,8/10/2018,2018,48.05039,-119.904106,LMR,LMR - Lower Methow River at Pateros,2018-08-11 03:30:54,2018-08-11 03:30:54,1
3DD.003B9C1101,Methow River,8/10/2018,2018,48.05039,-119.904106,MRC,MRC - Methow River at Carlton,2018-08-16 00:43:19,2018-08-16 00:43:19,1
3DD.003B9C1104,Methow River,8/10/2018,2018,48.05039,-119.904106,LMR,LMR - Lower Methow River at Pateros,2018-08-11 20:57:06,2018-08-11 20:57:06,1
3DD.003B9C1107,Methow River,8/10/2018,2018,48.05039,-119.904106,LMR,LMR - Lower Methow River at Pateros,2018-08-11 02:03:13,2018-08-11 02:03:13,1
3DD.003B9C1107,Methow River,8/10/2018,2018,48.05039,-119.904106,MRC,MRC - Methow River at Carlton,2019-04-20 00:57:21,2019-04-20 00:59:08,1
3DD.003B9C1108,Methow River,8/10/2018,2018,48.05039,-119.904106,CRW,CRW - Chewuch River above Winthrop,2018-09-07 21:18:11,2018-09-07 21:19:48,1
3DD.003B9C1108,Methow River,8/10/2018,2018,48.05039,-119.904106,MRC,MRC - Methow River at Carlton,2018-08-15 21:44:56,2018-08-15 21:44:56,1
3DD.003B9C1109,Methow River,8/10/2018,2018,48.05039,-119.904106,LMR,LMR - Lower Methow River at Pateros,2018-08-11 20:22:26,2018-08-11 20:22:26,1
3DD.003B9C1109,Methow River,8/10/2018,2018,48.05039,-119.904106,MRC,MRC - Methow River at Carlton,2018-08-16 22:00:30,2018-08-16 22:00:30,1
3DD.003B9C110F,Methow River,8/10/2018,2018,48.05039,-119.904106,MRC,MRC - Methow River at Carlton,2018-08-14 03:44:58,2018-08-14 03:44:58,1
3DD.003B9C1111,Methow River,8/10/2018,2018,48.05039,-119.904106,LMR,LMR - Lower Methow River at Pateros,2018-08-11 20:51:32,2018-08-11 20:51:41,1
3DD.003B9C1112,Methow River,8/10/2018,2018,48.05039,-119.904106,MRC,MRC - Methow River at Carlton,2018-08-14 22:25:18,2018-08-14 22:25:18,1
3DD.003B9C1115,Methow River,8/10/2018,2018,48.05039,-119.904106,LMR,LMR - Lower Methow River at Pateros,2018-08-11 03:05:27,2018-08-11 03:05:38,1
3DD.003B9C1115,Methow River,8/10/2018,2018,48.05039,-119.904106,MRC,MRC - Methow River at Carlton,2018-08-15 23:55:23,2018-08-15 23:55:23,1
3DD.003B9C1117,Methow River,8/10/2018,2018,48.05039,-119.904106,LMR,LMR - Lower Methow River at Pateros,2018-08-11 02:41:56,2018-08-11 02:41:56,1
3DD.003B9C1118,Methow River,8/10/2018,2018,48.05039,-119.904106,MRC,MRC - Methow River at Carlton,2018-08-15 01:53:26,2018-08-15 01:53:32,1
3DD.003B9C1119,Methow River,8/10/2018,2018,48.05039,-119.904106,LMR,LMR - Lower Methow River at Pateros,2018-08-11 02:53:07,2018-08-11 02:53:07,1
3DD.003B9C1119,Methow River,8/10/2018,2018,48.05039,-119.904106,MRC,MRC - Methow River at Carlton,2018-08-15 23:47:11,2018-08-15 23:47:11,1
3DD.003B9C111B,Methow River,8/10/2018,2018,48.05039,-119.904106,LMR,LMR - Lower Methow River at Pateros,2018-08-11 01:01:33,2018-08-11 01:01:33,1
3DD.003B9C111B,Methow River,8/10/2018,2018,48.05039,-119.904106,MRC,MRC - Methow River at Carlton,2018-08-14 20:49:29,2018-08-14 20:49:31,1
3DD.003B9C111C,Methow River,8/10/2018,2018,48.05039,-119.904106,LMR,LMR - Lower Methow River at Pateros,2018-08-11 03:20:19,2018-08-11 03:20:27,1
3DD.003B9C111C,Methow River,8/10/2018,2018,48.05039,-119.904106,MRC,MRC - Methow River at Carlton,2018-08-16 01:09:14,2018-08-16 01:09:14,1
3DD.003B9C111E,Methow River,8/10/2018,2018,48.05039,-119.904106,CMU,CMU - Chewuch River Middle Upper,2023-05-05 12:22:11,2023-05-05 12:22:11,1
3DD.003B9C111E,Methow River,8/10/2018,2018,48.05039,-119.904106,CRW,CRW - Chewuch River above Winthrop,2019-04-20 00:30:53,2019-04-20 00:36:30,1
3DD.003B9C111E,Methow River,8/10/2018,2018,48.05039,-119.904106,LMR,LMR - Lower Methow River at Pateros,2018-08-11 20:54:09,2018-08-11 20:54:09,1
3DD.003B9C1120,Methow River,8/10/2018,2018,48.05039,-119.904106,LMR,LMR - Lower Methow River at Pateros,2018-08-11 03:40:35,2018-08-11 03:40:35,1
3DD.003B9C1121,Methow River,8/10/2018,2018,48.05039,-119.904106,LMR,LMR - Lower Methow River at Pateros,2018-08-11 03:10:52,2018-08-11 03:10:52,1
3DD.003B9C1121,Methow River,8/10/2018,2018,48.05039,-119.904106,MRC,MRC - Methow River at Carlton,2018-08-16 22:57:01,2018-08-16 22:57:01,1
3DD.003B9C1122,Methow River,8/10/2018,2018,48.05039,-119.904106,LMR,LMR - Lower Methow River at Pateros,2018-08-11 01:05:35,2018-08-11 01:05:35,1
3DD.003B9C1123,Methow River,8/10/2018,2018,48.05039,-119.904106,CRW,CRW - Chewuch River above Winthrop,2018-08-19 23:01:58,2019-06-10 16:42:16,1
3DD.003B9C1123,Methow River,8/10/2018,2018,48.05039,-119.904106,LMR,LMR - Lower Methow River at Pateros,2018-08-11 02:37:32,2018-08-11 02:37:32,1
3DD.003B9C1123,Methow River,8/10/2018,2018,48.05039,-119.904106,MRC,MRC - Methow River at Carlton,2018-08-15 21:13:46,2018-08-15 21:13:49,1
3DD.003B9C1124,Methow River,8/10/2018,2018,48.05039,-119.904106,LMR,LMR - Lower Methow River at Pateros,2018-08-11 01:12:21,2018-08-11 01:12:21,1
3DD.003B9C1124,Methow River,8/10/2018,2018,48.05039,-119.904106,MRC,MRC - Methow River at Carlton,2018-08-14 21:53:57,2018-08-14 21:54:00,1
3DD.003B9C1125,Methow River,8/10/2018,2018,48.05039,-119.904106,LMR,LMR - Lower Methow River at Pateros,2018-08-11 03:26:06,2018-08-11 03:26:06,1
3DD.003B9C1126,Methow River,8/10/2018,2018,48.05039,-119.904106,LMR,LMR - Lower Methow River at Pateros,2018-08-11 00:58:55,2018-08-11 00:58:55,1
3DD.003B9C1126,Methow River,8/10/2018,2018,48.05039,-119.904106,MRC,MRC - Methow River at Carlton,2018-08-15 21:20:59,2018-08-15 21:20:59,1
3DD.003B9C1127,Methow River,8/10/2018,2018,48.05039,-119.904106,CRW,CRW - Chewuch River above Winthrop,2018-08-17 22:06:07,2018-08-17 22:07:39,1
3DD.003B9C1127,Methow River,8/10/2018,2018,48.05039,-119.904106,LMR,LMR - Lower Methow River at Pateros,2018-08-11 01:31:00,2018-08-11 01:31:00,1
3DD.003B9C1127,Methow River,8/10/2018,2018,48.05039,-119.904106,MRC,MRC - Methow River at Carlton,2018-08-14 03:54:13,2018-08-14 03:54:13,1
3DD.003B9C1128,Methow River,8/10/2018,2018,48.05039,-119.904106,LMR,LMR - Lower Methow River at Pateros,2019-06-15 05:21:43,2019-06-15 05:21:43,1
3DD.003B9C1129,Methow River,8/10/2018,2018,48.05039,-119.904106,CRW,CRW - Chewuch River above Winthrop,2018-09-06 21:02:20,2018-09-06 21:03:49,1
3DD.003B9C112A,Methow River,8/10/2018,2018,48.05039,-119.904106,LMR,LMR - Lower Methow River at Pateros,2018-08-11 02:09:36,2018-08-11 02:09:36,1
3DD.003B9C112B,Methow River,8/10/2018,2018,48.05039,-119.904106,CRW,CRW - Chewuch River above Winthrop,2020-07-13 21:06:52,2020-07-13 21:13:19,1
3DD.003B9C112B,Methow River,8/10/2018,2018,48.05039,-119.904106,LMR,LMR - Lower Methow River at Pateros,2018-08-11 01:12:38,2018-08-11 01:12:40,1
3DD.003B9C112B,Methow River,8/10/2018,2018,48.05039,-119.904106,MRC,MRC - Methow River at Carlton,2018-08-18 02:19:33,2018-08-18 02:19:33,1
3DD.003B9C112D,Methow River,8/10/2018,2018,48.05039,-119.904106,CRW,CRW - Chewuch River above Winthrop,2020-06-09 23:10:26,2020-06-09 23:10:26,1
3DD.003B9C112D,Methow River,8/10/2018,2018,48.05039,-119.904106,LMR,LMR - Lower Methow River at Pateros,2018-08-11 01:49:38,2018-08-11 01:49:51,1
3DD.003B9C112E,Methow River,8/10/2018,2018,48.05039,-119.904106,CRW,CRW - Chewuch River above Winthrop,2019-05-03 21:04:48,2019-05-03 21:04:48,1
3DD.003B9C112E,Methow River,8/10/2018,2018,48.05039,-119.904106,LMR,LMR - Lower Methow River at Pateros,2018-08-11 01:06:14,2018-08-11 01:06:22,1
3DD.003BB8F306,Rocky Reach Forebay,8/19/2016,2016,47.542169,-120.293332,ENL,ENL - Lower Entiat River,2017-04-05 03:39:30,2017-07-17 03:48:27,1
3DD.003BDCA3E5,Methow River,8/24/2018,2018,48.05039,-119.904106,MRC,MRC - Methow River at Carlton,2018-09-01 00:52:31,2018-09-01 00:52:31,1
3DD.003BDCA3EA,Methow River,8/24/2018,2018,48.05039,-119.904106,MRC,MRC - Methow River at Carlton,2018-08-29 01:21:36,2019-07-05 06:09:04,1
3DD.003BDCA3EC,Methow River,8/24/2018,2018,48.05039,-119.904106,LMR,LMR - Lower Methow River at Pateros,2018-08-25 20:04:07,2018-08-25 20:04:07,1
3DD.003BDCA3EC,Methow River,8/24/2018,2018,48.05039,-119.904106,MRC,MRC - Methow River at Carlton,2018-09-13 21:38:21,2018-09-13 21:38:21,1
3DD.003BDCA3F2,Methow River,8/24/2018,2018,48.05039,-119.904106,LMR,LMR - Lower Methow River at Pateros,2018-08-25 02:25:37,2018-08-25 02:25:41,1
3DD.003BDCA3F3,Methow River,8/24/2018,2018,48.05039,-119.904106,LMR,LMR - Lower Methow River at Pateros,2018-08-25 01:14:57,2018-08-25 01:14:57,1
3DD.003BDCA3F3,Methow River,8/24/2018,2018,48.05039,-119.904106,MRC,MRC - Methow River at Carlton,2018-08-30 19:37:37,2018-08-30 19:37:37,1
3DD.003BDCA3F9,Methow River,8/24/2018,2018,48.05039,-119.904106,MRC,MRC - Methow River at Carlton,2018-09-04 20:33:25,2019-06-11 02:51:01,1
3DD.003BDCA400,Methow River,8/24/2018,2018,48.05039,-119.904106,LMR,LMR - Lower Methow River at Pateros,2018-08-25 03:40:37,2018-08-25 03:40:37,1
3DD.003BDCA400,Methow River,8/24/2018,2018,48.05039,-119.904106,MRC,MRC - Methow River at Carlton,2018-09-04 22:17:27,2018-09-04 22:17:27,1
3DD.003BDCA402,Methow River,8/24/2018,2018,48.05039,-119.904106,MRC,MRC - Methow River at Carlton,2018-08-31 23:30:29,2018-08-31 23:30:29,1
3DD.003BDCA404,Methow River,8/24/2018,2018,48.05039,-119.904106,LMR,LMR - Lower Methow River at Pateros,2019-05-04 20:32:19,2019-05-04 20:32:28,1
3DD.003BDCA405,Methow River,8/24/2018,2018,48.05039,-119.904106,LMR,LMR - Lower Methow River at Pateros,2018-08-25 02:54:16,2019-06-12 09:51:16,1
3DD.003BDCA407,Methow River,8/24/2018,2018,48.05039,-119.904106,MRC,MRC - Methow River at Carlton,2019-04-03 00:26:41,2019-04-03 00:26:54,1
3DD.003BDCA409,Methow River,8/24/2018,2018,48.05039,-119.904106,CRU,CRU - Upper Chewuch Instream Array,2018-09-21 01:03:05,2019-05-19 15:04:04,1
3DD.003BDCA409,Methow River,8/24/2018,2018,48.05039,-119.904106,CRW,CRW - Chewuch River above Winthrop,2018-09-05 02:19:32,2018-09-05 02:21:09,1
3DD.003BDCA409,Methow River,8/24/2018,2018,48.05039,-119.904106,LMR,LMR - Lower Methow River at Pateros,2018-08-27 21:41:16,2018-08-27 21:41:16,1
3DD.003BDCA409,Methow River,8/24/2018,2018,48.05039,-119.904106,MRC,MRC - Methow River at Carlton,2018-09-01 19:40:52,2018-09-01 19:40:52,1
3DD.003BDCA40A,Methow River,8/24/2018,2018,48.05039,-119.904106,MRC,MRC - Methow River at Carlton,2018-09-07 21:12:50,2018-09-07 21:12:50,1
3DD.003BDCA40F,Methow River,8/24/2018,2018,48.05039,-119.904106,MRC,MRC - Methow River at Carlton,2018-08-31 00:43:44,2018-08-31 00:43:44,1
3DD.003BDCA415,Methow River,8/24/2018,2018,48.05039,-119.904106,LMR,LMR - Lower Methow River at Pateros,2018-08-25 20:20:39,2018-08-25 20:20:39,1
3DD.003BDCA415,Methow River,8/24/2018,2018,48.05039,-119.904106,MRC,MRC - Methow River at Carlton,2018-09-05 21:17:19,2018-09-05 21:17:19,1
3DD.003BDCA416,Methow River,8/24/2018,2018,48.05039,-119.904106,LMR,LMR - Lower Methow River at Pateros,2018-08-25 22:02:19,2018-08-25 22:02:28,1
3DD.003BDCA41B,Methow River,8/24/2018,2018,48.05039,-119.904106,LMR,LMR - Lower Methow River at Pateros,2018-08-25 21:07:04,2018-08-25 21:07:15,1
3DD.003BDCA41B,Methow River,8/24/2018,2018,48.05039,-119.904106,MRC,MRC - Methow River at Carlton,2019-06-11 21:34:58,2019-06-11 21:34:58,1
3DD.003BDCA41E,Methow River,8/24/2018,2018,48.05039,-119.904106,LMR,LMR - Lower Methow River at Pateros,2018-08-25 01:47:06,2018-08-25 01:47:06,1
3DD.003BDCA41E,Methow River,8/24/2018,2018,48.05039,-119.904106,MRC,MRC - Methow River at Carlton,2019-06-08 22:39:59,2019-06-08 22:39:59,1
3DD.003BDCA423,Methow River,8/24/2018,2018,48.05039,-119.904106,CRW,CRW - Chewuch River above Winthrop,2018-09-03 01:44:57,2018-09-03 01:46:24,1
3DD.003BDCA423,Methow River,8/24/2018,2018,48.05039,-119.904106,LMR,LMR - Lower Methow River at Pateros,2018-08-25 01:32:43,2018-08-25 01:32:52,1
3DD.003BDCA428,Methow River,8/24/2018,2018,48.05039,-119.904106,CRW,CRW - Chewuch River above Winthrop,2018-09-05 21:56:34,2018-09-05 21:56:34,1
3DD.003BDCA428,Methow River,8/24/2018,2018,48.05039,-119.904106,LMR,LMR - Lower Methow River at Pateros,2018-08-25 03:01:32,2018-08-25 03:01:51,1
3DD.003BDCA428,Methow River,8/24/2018,2018,48.05039,-119.904106,MRC,MRC - Methow River at Carlton,2018-09-01 19:58:35,2018-09-01 19:58:35,1
3DD.003BDCA444,Methow River,8/24/2018,2018,48.05039,-119.904106,LMR,LMR - Lower Methow River at Pateros,2018-08-25 02:00:30,2018-08-25 02:00:30,1
3DD.003BDCA444,Methow River,8/24/2018,2018,48.05039,-119.904106,MRC,MRC - Methow River at Carlton,2019-06-09 02:32:17,2019-06-09 02:32:17,1
3DD.003BDCC32F,Rocky Reach Forebay,8/19/2016,2016,47.542169,-120.293332,ENA,ENA - Upper Entiat River at rkm 17.1,2016-08-25 23:23:12,2016-08-25 23:23:23,1
3DD.003BDCC32F,Rocky Reach Forebay,8/19/2016,2016,47.542169,-120.293332,ENL,ENL - Lower Entiat River,2016-08-20 02:30:13,2016-08-20 02:30:35,1
3DD.003BDCC32F,Rocky Reach Forebay,8/19/2016,2016,47.542169,-120.293332,ENM,ENM - Middle Entiat River,2016-08-27 20:55:19,2016-08-27 20:55:26,1
3DD.003BDCC32F,Rocky Reach Forebay,8/19/2016,2016,47.542169,-120.293332,ENS,ENS - Upper Entiat River at rkm 35.7,2016-08-28 02:38:54,2016-08-28 02:39:00,1
3DD.003D284963,Methow River,8/10/2018,2018,48.05039,-119.904106,MRC,MRC - Methow River at Carlton,2018-08-16 01:24:52,2018-08-16 01:24:52,1
3DD.003D284965,Methow River,8/10/2018,2018,48.05039,-119.904106,ENL,ENL - Lower Entiat River,2019-07-11 01:10:47,2019-07-11 01:11:35,1
3DD.003D284966,Methow River,8/10/2018,2018,48.05039,-119.904106,MRC,MRC - Methow River at Carlton,2018-08-15 02:06:03,2018-08-15 02:06:03,1
3DD.003D284967,Methow River,8/10/2018,2018,48.05039,-119.904106,CRW,CRW - Chewuch River above Winthrop,2019-07-02 00:03:31,2019-07-02 00:03:31,1
3DD.003D284967,Methow River,8/10/2018,2018,48.05039,-119.904106,LMR,LMR - Lower Methow River at Pateros,2018-08-11 01:24:28,2018-08-11 01:24:28,1
3DD.003D284968,Methow River,8/10/2018,2018,48.05039,-119.904106,LMR,LMR - Lower Methow River at Pateros,2018-08-11 01:09:16,2018-08-11 01:09:26,1
3DD.003D284968,Methow River,8/10/2018,2018,48.05039,-119.904106,MRC,MRC - Methow River at Carlton,2018-08-15 20:39:40,2018-08-15 20:39:40,1
3DD.003D284969,Methow River,8/10/2018,2018,48.05039,-119.904106,CRW,CRW - Chewuch River above Winthrop,2019-04-20 03:48:47,2019-04-20 03:52:32,1
3DD.003D284969,Methow River,8/10/2018,2018,48.05039,-119.904106,LMR,LMR - Lower Methow River at Pateros,2018-08-11 02:40:20,2018-08-11 02:40:20,1
3DD.003D284969,Methow River,8/10/2018,2018,48.05039,-119.904106,MRC,MRC - Methow River at Carlton,2018-08-15 02:36:17,2018-08-15 02:36:17,1
3DD.003D28496A,Methow River,8/10/2018,2018,48.05039,-119.904106,LMR,LMR - Lower Methow River at Pateros,2018-08-11 02:17:01,2018-08-11 02:17:01,1
3DD.003D28496A,Methow River,8/10/2018,2018,48.05039,-119.904106,MRC,MRC - Methow River at Carlton,2018-08-15 21:57:06,2019-06-26 00:13:25,1
3DD.003D28496C,Methow River,8/10/2018,2018,48.05039,-119.904106,CRW,CRW - Chewuch River above Winthrop,2018-08-19 00:47:46,2018-08-19 00:49:30,1
3DD.003D28496C,Methow River,8/10/2018,2018,48.05039,-119.904106,LMR,LMR - Lower Methow River at Pateros,2018-08-11 03:26:42,2018-08-11 03:26:55,1
3DD.003D28496C,Methow River,8/10/2018,2018,48.05039,-119.904106,MRC,MRC - Methow River at Carlton,2018-08-15 21:30:14,2018-08-15 21:30:14,1
3DD.003D28496D,Methow River,8/10/2018,2018,48.05039,-119.904106,LMR,LMR - Lower Methow River at Pateros,2018-08-11 20:50:21,2018-08-11 20:50:34,1
3DD.003D28496D,Methow River,8/10/2018,2018,48.05039,-119.904106,MRC,MRC - Methow River at Carlton,2018-08-16 22:47:00,2018-08-16 22:47:00,1
3DD.003D28496F,Methow River,8/10/2018,2018,48.05039,-119.904106,CRW,CRW - Chewuch River above Winthrop,2018-08-19 00:12:21,2019-06-17 22:59:36,1
3DD.003D28496F,Methow River,8/10/2018,2018,48.05039,-119.904106,LMR,LMR - Lower Methow River at Pateros,2018-08-11 01:27:34,2018-08-11 01:27:42,1
3DD.003D284970,Methow River,8/10/2018,2018,48.05039,-119.904106,LMR,LMR - Lower Methow River at Pateros,2018-08-11 01:33:36,2018-08-11 01:33:43,1
3DD.003D284972,Methow River,8/10/2018,2018,48.05039,-119.904106,LMR,LMR - Lower Methow River at Pateros,2018-08-11 02:25:23,2018-08-11 02:25:38,1
3DD.003D284972,Methow River,8/10/2018,2018,48.05039,-119.904106,MRC,MRC - Methow River at Carlton,2018-08-15 22:06:10,2018-08-15 22:06:10,1
3DD.003D284973,Methow River,8/10/2018,2018,48.05039,-119.904106,CRW,CRW - Chewuch River above Winthrop,2019-04-05 07:10:20,2019-05-22 21:27:47,1
3DD.003D284973,Methow River,8/10/2018,2018,48.05039,-119.904106,LMR,LMR - Lower Methow River at Pateros,2018-08-11 01:08:51,2018-08-11 01:08:52,1
3DD.003D284973,Methow River,8/10/2018,2018,48.05039,-119.904106,MRC,MRC - Methow River at Carlton,2018-08-14 04:07:59,2018-08-14 04:07:59,1
3DD.003D284975,Methow River,8/10/2018,2018,48.05039,-119.904106,CRU,CRU - Upper Chewuch Instream Array,2018-09-02 23:42:40,2019-06-14 02:17:41,1
3DD.003D284975,Methow River,8/10/2018,2018,48.05039,-119.904106,CRW,CRW - Chewuch River above Winthrop,2018-08-18 21:02:08,2018-08-18 21:04:00,1
3DD.003D284975,Methow River,8/10/2018,2018,48.05039,-119.904106,LMR,LMR - Lower Methow River at Pateros,2018-08-11 01:22:11,2018-08-11 01:22:25,1
3DD.003D284975,Methow River,8/10/2018,2018,48.05039,-119.904106,MRC,MRC - Methow River at Carlton,2018-08-14 21:37:38,2018-08-14 21:37:42,1
3DD.003D284976,Methow River,8/10/2018,2018,48.05039,-119.904106,CRW,CRW - Chewuch River above Winthrop,2018-08-20 00:46:08,2018-08-20 00:51:05,1
3DD.003D284976,Methow River,8/10/2018,2018,48.05039,-119.904106,LMR,LMR - Lower Methow River at Pateros,2018-08-11 02:40:00,2018-08-11 02:40:15,1
3DD.003D284976,Methow River,8/10/2018,2018,48.05039,-119.904106,MRC,MRC - Methow River at Carlton,2018-08-15 23:02:25,2018-08-15 23:02:25,1
3DD.003D284977,Methow River,8/10/2018,2018,48.05039,-119.904106,CRW,CRW - Chewuch River above Winthrop,2018-08-21 20:54:11,2018-08-21 20:55:46,1
3DD.003D284977,Methow River,8/10/2018,2018,48.05039,-119.904106,LMR,LMR - Lower Methow River at Pateros,2018-08-11 00:34:36,2018-08-11 00:34:36,1
3DD.003D284977,Methow River,8/10/2018,2018,48.05039,-119.904106,MRC,MRC - Methow River at Carlton,2018-08-14 20:33:46,2018-08-14 20:33:46,1
3DD.003D28497A,Methow River,8/10/2018,2018,48.05039,-119.904106,LMR,LMR - Lower Methow River at Pateros,2018-08-11 02:50:56,2018-08-11 02:51:03,1
3DD.003D28497A,Methow River,8/10/2018,2018,48.05039,-119.904106,MRC,MRC - Methow River at Carlton,2018-08-16 00:41:31,2018-08-16 00:41:31,1
3DD.003D28497B,Methow River,8/10/2018,2018,48.05039,-119.904106,LMR,LMR - Lower Methow River at Pateros,2018-08-11 03:39:02,2018-08-11 03:39:02,1
3DD.003D28497F,Methow River,8/10/2018,2018,48.05039,-119.904106,CRW,CRW - Chewuch River above Winthrop,2018-09-02 22:33:36,2018-09-02 22:35:58,1
3DD.003D28497F,Methow River,8/10/2018,2018,48.05039,-119.904106,LMR,LMR - Lower Methow River at Pateros,2018-08-11 00:53:20,2018-08-11 00:53:24,1
3DD.003D284980,Methow River,8/10/2018,2018,48.05039,-119.904106,LMR,LMR - Lower Methow River at Pateros,2018-08-11 01:45:27,2018-08-11 01:45:34,1
3DD.003D284981,Methow River,8/10/2018,2018,48.05039,-119.904106,LMR,LMR - Lower Methow River at Pateros,2018-08-11 01:46:35,2018-08-11 01:46:50,1
3DD.003D284981,Methow River,8/10/2018,2018,48.05039,-119.904106,MRC,MRC - Methow River at Carlton,2018-08-14 23:28:20,2018-08-14 23:28:20,1
3DD.003D284982,Methow River,8/10/2018,2018,48.05039,-119.904106,LMR,LMR - Lower Methow River at Pateros,2018-08-11 01:59:30,2019-07-10 21:01:50,1
3DD.003D284982,Methow River,8/10/2018,2018,48.05039,-119.904106,MRC,MRC - Methow River at Carlton,2018-08-15 21:17:18,2018-08-15 21:17:18,1
3DD.003D284988,Methow River,8/10/2018,2018,48.05039,-119.904106,LMR,LMR - Lower Methow River at Pateros,2018-08-12 00:45:30,2018-08-12 00:45:52,1
3DD.003D284988,Methow River,8/10/2018,2018,48.05039,-119.904106,MRC,MRC - Methow River at Carlton,2018-09-08 20:35:15,2018-09-08 20:35:15,1
3DD.003D28498A,Methow River,8/10/2018,2018,48.05039,-119.904106,LMR,LMR - Lower Methow River at Pateros,2018-08-11 01:02:31,2018-08-11 01:02:31,1
3DD.003D28498B,Methow River,8/10/2018,2018,48.05039,-119.904106,LMR,LMR - Lower Methow River at Pateros,2018-08-11 01:38:20,2018-08-11 01:38:31,1
3DD.003D28498C,Methow River,8/10/2018,2018,48.05039,-119.904106,RRJ,RRJ - Rocky Reach Dam Juvenile,2019-06-13 23:50:06,2019-06-13 23:50:06,1
3DD.003D28498D,Methow River,8/10/2018,2018,48.05039,-119.904106,LMR,LMR - Lower Methow River at Pateros,2018-08-11 02:01:20,2018-08-11 02:01:35,1
3DD.003D28498D,Methow River,8/10/2018,2018,48.05039,-119.904106,MRC,MRC - Methow River at Carlton,2018-08-15 02:27:32,2018-08-15 02:27:32,1
3DD.003D28498E,Methow River,8/10/2018,2018,48.05039,-119.904106,TWR,TWR - Lwr Twisp Rvr near MSRF Ponds,2018-08-16 21:57:44,2019-06-23 10:15:38,1
3DD.003D284990,Methow River,8/10/2018,2018,48.05039,-119.904106,LMR,LMR - Lower Methow River at Pateros,2018-08-11 02:54:56,2018-08-11 02:55:11,1
3DD.003D284993,Methow River,8/10/2018,2018,48.05039,-119.904106,LMR,LMR - Lower Methow River at Pateros,2018-08-11 01:53:13,2018-08-11 01:53:18,1
3DD.003D284993,Methow River,8/10/2018,2018,48.05039,-119.904106,MRC,MRC - Methow River at Carlton,2018-09-14 02:44:27,2018-09-14 02:44:27,1
3DD.003D284995,Methow River,8/10/2018,2018,48.05039,-119.904106,LMR,LMR - Lower Methow River at Pateros,2018-08-11 02:29:14,2018-08-11 02:29:26,1
3DD.003D284995,Methow River,8/10/2018,2018,48.05039,-119.904106,MRC,MRC - Methow River at Carlton,2018-08-16 01:47:56,2018-08-16 01:47:56,1
3DD.003D284996,Methow River,8/10/2018,2018,48.05039,-119.904106,LMR,LMR - Lower Methow River at Pateros,2018-08-11 00:36:51,2018-08-11 00:36:51,1
3DD.003D284997,Methow River,8/10/2018,2018,48.05039,-119.904106,CRW,CRW - Chewuch River above Winthrop,2019-05-11 08:58:03,2019-05-11 09:11:58,1
3DD.003D284997,Methow River,8/10/2018,2018,48.05039,-119.904106,LMR,LMR - Lower Methow River at Pateros,2018-08-11 00:18:33,2018-08-11 00:18:33,1
3DD.003D28499B,Methow River,8/10/2018,2018,48.05039,-119.904106,LMR,LMR - Lower Methow River at Pateros,2018-08-11 03:30:56,2018-08-11 03:31:03,1
3DD.003D28499B,Methow River,8/10/2018,2018,48.05039,-119.904106,MRC,MRC - Methow River at Carlton,2018-08-15 22:42:17,2018-08-15 22:42:17,1
3DD.003D28499D,Methow River,8/10/2018,2018,48.05039,-119.904106,LMR,LMR - Lower Methow River at Pateros,2018-08-11 01:05:21,2019-06-08 23:22:19,1
3DD.003D28499E,Methow River,8/10/2018,2018,48.05039,-119.904106,LMR,LMR - Lower Methow River at Pateros,2018-08-11 02:14:04,2018-08-11 02:14:08,1
3DD.003D28499E,Methow River,8/10/2018,2018,48.05039,-119.904106,MRC,MRC - Methow River at Carlton,2018-08-15 01:41:56,2018-08-15 01:41:56,1
3DD.003D2849A0,Methow River,8/10/2018,2018,48.05039,-119.904106,LMR,LMR - Lower Methow River at Pateros,2018-08-11 01:31:19,2018-08-11 01:31:33,1
3DD.003D2849A1,Methow River,8/10/2018,2018,48.05039,-119.904106,LMR,LMR - Lower Methow River at Pateros,2018-08-11 01:10:59,2018-08-11 01:10:59,1
3DD.003D2849A3,Methow River,8/10/2018,2018,48.05039,-119.904106,LMR,LMR - Lower Methow River at Pateros,2018-08-11 02:26:11,2018-08-11 02:26:11,1
3DD.003D2849A4,Methow River,8/10/2018,2018,48.05039,-119.904106,LMR,LMR - Lower Methow River at Pateros,2018-08-11 02:13:41,2018-08-11 02:13:41,1
3DD.003D2849A4,Methow River,8/10/2018,2018,48.05039,-119.904106,MRC,MRC - Methow River at Carlton,2018-08-15 02:10:55,2018-08-15 02:10:55,1
3DD.003D2849A5,Methow River,8/10/2018,2018,48.05039,-119.904106,CRW,CRW - Chewuch River above Winthrop,2019-06-18 21:43:48,2019-06-18 21:43:48,1
3DD.003D2849A5,Methow River,8/10/2018,2018,48.05039,-119.904106,LMR,LMR - Lower Methow River at Pateros,2018-08-11 00:44:34,2018-08-11 00:44:38,1
3DD.003D2849A6,Methow River,8/10/2018,2018,48.05039,-119.904106,LMR,LMR - Lower Methow River at Pateros,2018-08-11 02:08:26,2018-08-11 02:08:30,1
3DD.003D2849A8,Methow River,8/10/2018,2018,48.05039,-119.904106,LMR,LMR - Lower Methow River at Pateros,2018-08-11 02:15:58,2018-08-11 02:15:58,1
3DD.003D2849A9,Methow River,8/10/2018,2018,48.05039,-119.904106,LMR,LMR - Lower Methow River at Pateros,2018-08-11 01:11:32,2018-08-11 01:11:32,1
3DD.003D2849A9,Methow River,8/10/2018,2018,48.05039,-119.904106,MRC,MRC - Methow River at Carlton,2018-08-14 22:06:26,2018-08-14 22:06:26,1
3DD.003D2849AA,Methow River,8/10/2018,2018,48.05039,-119.904106,CRW,CRW - Chewuch River above Winthrop,2019-04-09 23:10:45,2019-04-09 23:12:24,1
3DD.003D2849AA,Methow River,8/10/2018,2018,48.05039,-119.904106,LMR,LMR - Lower Methow River at Pateros,2018-08-11 01:54:57,2018-08-11 01:55:05,1
3DD.003D2849AC,Methow River,8/10/2018,2018,48.05039,-119.904106,LMR,LMR - Lower Methow River at Pateros,2018-08-11 02:33:08,2018-08-11 02:33:08,1
3DD.003D2849AD,Methow River,8/10/2018,2018,48.05039,-119.904106,CRW,CRW - Chewuch River above Winthrop,2018-08-18 22:59:50,2018-08-18 23:01:35,1
3DD.003D2849AD,Methow River,8/10/2018,2018,48.05039,-119.904106,LMR,LMR - Lower Methow River at Pateros,2018-08-11 02:29:18,2018-08-11 02:29:28,1
3DD.003D2849AD,Methow River,8/10/2018,2018,48.05039,-119.904106,MRC,MRC - Methow River at Carlton,2018-08-15 03:25:58,2018-08-15 03:25:58,1
3DD.003D2849AF,Methow River,8/10/2018,2018,48.05039,-119.904106,LMR,LMR - Lower Methow River at Pateros,2018-08-11 01:00:23,2018-08-11 01:00:23,1
3DD.003D2849AF,Methow River,8/10/2018,2018,48.05039,-119.904106,MRC,MRC - Methow River at Carlton,2018-08-14 22:13:56,2018-08-14 22:13:56,1
3DD.003D2849B1,Methow River,8/10/2018,2018,48.05039,-119.904106,LMR,LMR - Lower Methow River at Pateros,2018-08-11 02:40:39,2018-08-11 02:40:39,1
3DD.003D2849B1,Methow River,8/10/2018,2018,48.05039,-119.904106,MRC,MRC - Methow River at Carlton,2018-08-15 23:47:46,2018-08-15 23:47:46,1
3DD.003D2849B2,Methow River,8/10/2018,2018,48.05039,-119.904106,LMR,LMR - Lower Methow River at Pateros,2018-08-11 03:04:55,2018-08-11 03:04:55,1
3DD.003D2849B2,Methow River,8/10/2018,2018,48.05039,-119.904106,MRC,MRC - Methow River at Carlton,2018-08-15 21:42:44,2018-08-15 21:42:44,1
3DD.003D2849B4,Methow River,8/10/2018,2018,48.05039,-119.904106,LMR,LMR - Lower Methow River at Pateros,2018-08-11 01:22:22,2018-08-11 01:22:22,1
3DD.003D2849B4,Methow River,8/10/2018,2018,48.05039,-119.904106,MRC,MRC - Methow River at Carlton,2018-08-15 21:08:13,2018-08-15 21:08:13,1
3DD.003D2849B6,Methow River,8/10/2018,2018,48.05039,-119.904106,LMR,LMR - Lower Methow River at Pateros,2018-08-11 02:36:22,2018-08-11 02:36:22,1
3DD.003D2849B7,Methow River,8/10/2018,2018,48.05039,-119.904106,LMR,LMR - Lower Methow River at Pateros,2018-08-11 01:37:24,2018-08-11 01:37:31,1
3DD.003D2849B7,Methow River,8/10/2018,2018,48.05039,-119.904106,MRC,MRC - Methow River at Carlton,2018-08-15 00:47:04,2018-08-15 00:47:04,1
3DD.003D2849B8,Methow River,8/10/2018,2018,48.05039,-119.904106,LMR,LMR - Lower Methow River at Pateros,2018-08-11 01:30:41,2018-08-11 01:30:41,1
3DD.003D2849B8,Methow River,8/10/2018,2018,48.05039,-119.904106,MRC,MRC - Methow River at Carlton,2018-08-15 21:02:31,2018-08-15 21:02:34,1
3DD.003D2849BA,Methow River,8/10/2018,2018,48.05039,-119.904106,LMR,LMR - Lower Methow River at Pateros,2018-08-11 00:42:13,2018-08-11 00:42:13,1
3DD.003D2849BA,Methow River,8/10/2018,2018,48.05039,-119.904106,MRC,MRC - Methow River at Carlton,2018-08-15 20:49:36,2018-08-15 20:49:36,1
3DD.003D2849BB,Methow River,8/10/2018,2018,48.05039,-119.904106,LMR,LMR - Lower Methow River at Pateros,2018-08-11 02:21:27,2018-08-11 02:21:27,1
3DD.003D2849BB,Methow River,8/10/2018,2018,48.05039,-119.904106,MRC,MRC - Methow River at Carlton,2018-08-15 03:21:08,2018-08-15 03:21:08,1
3DD.003D2849BC,Methow River,8/10/2018,2018,48.05039,-119.904106,CRW,CRW - Chewuch River above Winthrop,2018-08-20 02:02:38,2019-06-10 01:37:29,1
3DD.003D2849BC,Methow River,8/10/2018,2018,48.05039,-119.904106,LMR,LMR - Lower Methow River at Pateros,2018-08-11 01:26:58,2018-08-11 01:26:58,1
3DD.003D2849BD,Methow River,8/10/2018,2018,48.05039,-119.904106,LMR,LMR - Lower Methow River at Pateros,2018-08-11 03:26:06,2018-08-11 03:27:27,1
3DD.003D2849BE,Methow River,8/10/2018,2018,48.05039,-119.904106,CRW,CRW - Chewuch River above Winthrop,2019-06-06 12:27:28,2019-06-06 12:27:28,1
3DD.003D2849BE,Methow River,8/10/2018,2018,48.05039,-119.904106,LMR,LMR - Lower Methow River at Pateros,2018-08-11 03:04:33,2018-08-11 03:04:42,1
3DD.003D2849BE,Methow River,8/10/2018,2018,48.05039,-119.904106,MRC,MRC - Methow River at Carlton,2018-08-15 01:51:04,2018-08-15 01:51:04,1
3DD.003D2849BE,Methow River,8/10/2018,2018,48.05039,-119.904106,MRW,MRW - Methow River at Winthrop,2019-06-04 22:03:20,2019-06-04 22:03:20,1
3DD.003D2849BE,Methow River,8/10/2018,2018,48.05039,-119.904106,WFC,"WFC - Wolf Creek, Methow River",2018-08-19 00:45:27,2019-06-04 21:36:51,1
3DD.003D2849C0,Methow River,8/10/2018,2018,48.05039,-119.904106,LMR,LMR - Lower Methow River at Pateros,2018-08-11 01:51:30,2018-08-11 01:51:35,1
3DD.003D2849C1,Methow River,8/10/2018,2018,48.05039,-119.904106,CRW,CRW - Chewuch River above Winthrop,2018-08-18 23:59:57,2018-08-19 00:01:09,1
3DD.003D2849C1,Methow River,8/10/2018,2018,48.05039,-119.904106,LMR,LMR - Lower Methow River at Pateros,2018-08-11 01:37:33,2018-08-11 01:37:37,1
3DD.003D2849C2,Methow River,8/10/2018,2018,48.05039,-119.904106,MRC,MRC - Methow River at Carlton,2018-08-14 20:49:09,2018-08-14 20:49:09,1
3DD.003D2849C3,Methow River,8/10/2018,2018,48.05039,-119.904106,LMR,LMR - Lower Methow River at Pateros,2018-08-11 01:53:33,2018-08-11 01:53:44,1
3DD.003D2849C4,Methow River,8/10/2018,2018,48.05039,-119.904106,LMR,LMR - Lower Methow River at Pateros,2018-08-11 03:30:18,2018-08-11 03:30:32,1
3DD.003D284A8D,Methow River,8/17/2018,2018,48.05039,-119.904106,MRC,MRC - Methow River at Carlton,2018-08-23 00:14:12,2018-08-23 00:14:12,1
3DD.003D284A8E,Methow River,8/17/2018,2018,48.05039,-119.904106,LMR,LMR - Lower Methow River at Pateros,2018-08-18 02:21:22,2018-08-18 02:21:31,1
3DD.003D284A8E,Methow River,8/17/2018,2018,48.05039,-119.904106,MRC,MRC - Methow River at Carlton,2018-08-22 22:53:39,2018-08-22 22:53:39,1
3DD.003D284A93,Methow River,8/17/2018,2018,48.05039,-119.904106,LMR,LMR - Lower Methow River at Pateros,2018-08-18 02:29:59,2018-08-18 02:29:59,1
3DD.003D284A93,Methow River,8/17/2018,2018,48.05039,-119.904106,MRC,MRC - Methow River at Carlton,2019-04-19 20:42:54,2019-04-19 20:42:54,1
3DD.003D284AA3,Methow River,8/17/2018,2018,48.05039,-119.904106,LMR,LMR - Lower Methow River at Pateros,2018-08-18 01:03:52,2018-08-18 01:04:03,1
3DD.003D284AA3,Methow River,8/17/2018,2018,48.05039,-119.904106,MRC,MRC - Methow River at Carlton,2018-09-08 23:23:46,2018-09-08 23:23:46,1
3DD.003D284AA4,Methow River,8/17/2018,2018,48.05039,-119.904106,LMR,LMR - Lower Methow River at Pateros,2018-08-18 00:50:10,2018-08-18 00:50:10,1
3DD.003D284AA4,Methow River,8/17/2018,2018,48.05039,-119.904106,MRC,MRC - Methow River at Carlton,2019-04-20 21:49:37,2019-05-28 16:57:34,1
3DD.003D284AA9,Methow River,8/17/2018,2018,48.05039,-119.904106,LMR,LMR - Lower Methow River at Pateros,2018-08-18 01:00:53,2018-08-18 01:00:57,1
3DD.003D284AA9,Methow River,8/17/2018,2018,48.05039,-119.904106,MRC,MRC - Methow River at Carlton,2018-08-22 00:40:50,2018-08-22 00:40:50,1
3DD.003D284AAD,Methow River,8/17/2018,2018,48.05039,-119.904106,LMR,LMR - Lower Methow River at Pateros,2018-08-18 02:15:32,2019-06-29 21:25:27,1
3DD.003D284ABC,Similkameen River,8/17/2018,2018,48.98607,-119.613005,OKL,OKL - Lower Okanogan Instream Array,2019-06-05 22:33:32,2019-06-05 22:34:31,1
3DD.003D284ABE,Methow River,8/17/2018,2018,48.05039,-119.904106,LMR,LMR - Lower Methow River at Pateros,2018-08-18 01:39:00,2018-08-18 01:39:00,1
3DD.003D284AC0,Similkameen River,8/17/2018,2018,48.98607,-119.613005,LMR,LMR - Lower Methow River at Pateros,2019-06-14 08:48:43,2019-07-04 02:30:50,1
3DD.003D284AC8,Methow River,8/17/2018,2018,48.05039,-119.904106,LMR,LMR - Lower Methow River at Pateros,2018-08-18 03:12:06,2018-08-18 03:12:22,1
3DD.003D284AC9,Methow River,8/17/2018,2018,48.05039,-119.904106,LMR,LMR - Lower Methow River at Pateros,2018-08-18 01:32:01,2018-08-18 01:32:01,1
3DD.003D284AC9,Methow River,8/17/2018,2018,48.05039,-119.904106,MRC,MRC - Methow River at Carlton,2018-09-11 21:54:56,2018-09-11 21:54:56,1
3DD.003D284ACA,Methow River,8/17/2018,2018,48.05039,-119.904106,CRW,CRW - Chewuch River above Winthrop,2019-07-04 01:37:29,2020-06-15 00:26:25,1
3DD.003D284ACA,Methow River,8/17/2018,2018,48.05039,-119.904106,MRC,MRC - Methow River at Carlton,2019-06-15 22:10:20,2019-06-15 22:10:20,1
3DD.003D284ACB,Methow River,8/17/2018,2018,48.05039,-119.904106,LMR,LMR - Lower Methow River at Pateros,2018-08-18 01:25:34,2018-08-18 01:25:56,1
3DD.003D284AD0,Methow River,8/17/2018,2018,48.05039,-119.904106,LMR,LMR - Lower Methow River at Pateros,2018-08-18 01:48:39,2018-08-18 01:48:39,1
3DD.003D284AD8,Methow River,8/17/2018,2018,48.05039,-119.904106,LMR,LMR - Lower Methow River at Pateros,2018-08-18 01:07:58,2019-06-16 22:30:42,1
3DD.003D284AD9,Methow River,8/17/2018,2018,48.05039,-119.904106,LMR,LMR - Lower Methow River at Pateros,2018-08-18 01:44:08,2018-08-18 01:44:12,1
3DD.003D284ADC,Methow River,8/17/2018,2018,48.05039,-119.904106,CRU,CRU - Upper Chewuch Instream Array,2019-06-20 02:06:28,2019-06-20 02:06:45,1
3DD.003D284ADC,Methow River,8/17/2018,2018,48.05039,-119.904106,CRW,CRW - Chewuch River above Winthrop,2019-06-11 00:02:56,2020-06-23 01:34:51,1
3DD.003D284ADC,Methow River,8/17/2018,2018,48.05039,-119.904106,LMR,LMR - Lower Methow River at Pateros,2018-08-18 02:27:39,2018-08-18 02:27:39,1
3DD.003D284AE0,Methow River,8/17/2018,2018,48.05039,-119.904106,LMR,LMR - Lower Methow River at Pateros,2018-08-18 01:02:35,2018-08-18 01:02:55,1
3DD.003D284AE0,Methow River,8/17/2018,2018,48.05039,-119.904106,MRC,MRC - Methow River at Carlton,2018-08-22 03:08:45,2018-08-22 03:08:45,1
3DD.003D284AE5,Methow River,8/17/2018,2018,48.05039,-119.904106,LMR,LMR - Lower Methow River at Pateros,2018-08-18 00:46:15,2018-08-18 00:46:24,1
3DD.003D284AE5,Methow River,8/17/2018,2018,48.05039,-119.904106,MRC,MRC - Methow River at Carlton,2018-08-22 00:56:12,2018-08-22 00:56:12,1
3DD.003D284AE6,Methow River,8/17/2018,2018,48.05039,-119.904106,CRW,CRW - Chewuch River above Winthrop,2020-06-18 16:08:32,2020-06-18 16:08:32,1
3DD.003D284AE6,Methow River,8/17/2018,2018,48.05039,-119.904106,LMR,LMR - Lower Methow River at Pateros,2018-08-18 01:04:08,2018-08-18 01:04:14,1
3DD.003D284AE6,Methow River,8/17/2018,2018,48.05039,-119.904106,MRC,MRC - Methow River at Carlton,2020-06-23 12:45:32,2020-06-23 12:45:32,1
3DD.003D284AE8,Methow River,8/17/2018,2018,48.05039,-119.904106,LMR,LMR - Lower Methow River at Pateros,2018-08-18 00:08:52,2018-08-18 00:08:54,1
3DD.003D284AE8,Methow River,8/17/2018,2018,48.05039,-119.904106,MRC,MRC - Methow River at Carlton,2018-08-22 01:38:37,2018-08-22 01:38:37,1
3DD.003D284AE9,Methow River,8/17/2018,2018,48.05039,-119.904106,CRW,CRW - Chewuch River above Winthrop,2019-04-21 21:32:56,2019-06-09 23:37:28,1
3DD.003D284AE9,Methow River,8/17/2018,2018,48.05039,-119.904106,LMR,LMR - Lower Methow River at Pateros,2018-08-18 01:27:12,2018-08-18 01:27:12,1
3DD.003D284AE9,Methow River,8/17/2018,2018,48.05039,-119.904106,MRC,MRC - Methow River at Carlton,2018-08-22 20:37:28,2018-08-22 20:37:28,1
3DD.003D284AF1,Methow River,8/24/2018,2018,48.05039,-119.904106,LMR,LMR - Lower Methow River at Pateros,2019-04-08 00:20:32,2019-04-08 00:21:26,1
3DD.003D284AF2,Methow River,8/24/2018,2018,48.05039,-119.904106,CRW,CRW - Chewuch River above Winthrop,2018-09-04 22:38:17,2018-09-04 22:39:48,1
3DD.003D284AF2,Methow River,8/24/2018,2018,48.05039,-119.904106,LMR,LMR - Lower Methow River at Pateros,2018-08-25 03:03:44,2018-08-25 03:03:44,1
3DD.003D284AF2,Methow River,8/24/2018,2018,48.05039,-119.904106,MRC,MRC - Methow River at Carlton,2018-08-31 19:58:52,2018-08-31 19:58:52,1
3DD.003D284AF5,Omak Creek,8/24/2018,2018,48.353831,-119.288554,OBF,OBF - Omak Creek below Mission Falls,2019-05-27 21:18:13,2019-05-27 21:18:37,1
3DD.003D284AF5,Omak Creek,8/24/2018,2018,48.353831,-119.288554,OMK,OMK - Omak Creek Instream Array,2019-05-28 03:08:40,2019-05-28 03:08:47,1
3DD.003D284AF7,Methow River,8/24/2018,2018,48.05039,-119.904106,LMR,LMR - Lower Methow River at Pateros,2018-08-25 01:10:53,2018-08-25 01:10:53,1
3DD.003D284AF8,Omak Creek,8/24/2018,2018,48.353831,-119.288554,OBF,OBF - Omak Creek below Mission Falls,2019-05-30 00:57:56,2019-05-30 00:57:56,1
3DD.003D284AF8,Omak Creek,8/24/2018,2018,48.353831,-119.288554,OMF,OMF - Omak Creek above Mission Falls,2019-05-23 21:36:18,2019-05-23 21:36:18,1
3DD.003D284AF9,Omak Creek,8/24/2018,2018,48.353831,-119.288554,OBF,OBF - Omak Creek below Mission Falls,2019-05-12 05:30:24,2019-05-12 05:30:41,1
3DD.003D284AF9,Omak Creek,8/24/2018,2018,48.353831,-119.288554,OMF,OMF - Omak Creek above Mission Falls,2019-05-09 13:04:12,2019-05-09 13:04:22,1
3DD.003D284AF9,Omak Creek,8/24/2018,2018,48.353831,-119.288554,OMK,OMK - Omak Creek Instream Array,2019-06-01 16:49:39,2019-06-01 16:49:46,1
3DD.003D284AFA,Methow River,8/24/2018,2018,48.05039,-119.904106,LMR,LMR - Lower Methow River at Pateros,2018-08-25 03:11:17,2018-08-25 03:11:17,1
3DD.003D284AFC,Methow River,8/24/2018,2018,48.05039,-119.904106,MRC,MRC - Methow River at Carlton,2018-08-29 01:09:24,2018-08-29 01:09:24,1
3DD.003D284AFF,Omak Creek,8/24/2018,2018,48.353831,-119.288554,OBF,OBF - Omak Creek below Mission Falls,2019-05-15 19:05:41,2019-05-15 19:05:55,1
3DD.003D284AFF,Omak Creek,8/24/2018,2018,48.353831,-119.288554,OMF,OMF - Omak Creek above Mission Falls,2019-05-15 13:13:26,2019-05-15 13:13:26,1
3DD.003D284AFF,Omak Creek,8/24/2018,2018,48.353831,-119.288554,OMK,OMK - Omak Creek Instream Array,2019-05-26 01:15:28,2019-05-26 01:15:36,1
3DD.003D284B00,Methow River,8/24/2018,2018,48.05039,-119.904106,LMR,LMR - Lower Methow River at Pateros,2019-04-02 02:39:15,2019-04-02 02:39:29,1
3DD.003D284B02,Methow River,8/24/2018,2018,48.05039,-119.904106,LMR,LMR - Lower Methow River at Pateros,2019-06-23 21:29:07,2019-06-23 21:29:15,1
3DD.003D284B03,Methow River,8/24/2018,2018,48.05039,-119.904106,LMR,LMR - Lower Methow River at Pateros,2018-08-28 19:55:23,2018-08-28 19:55:33,1
3DD.003D284B03,Methow River,8/24/2018,2018,48.05039,-119.904106,MRC,MRC - Methow River at Carlton,2018-09-03 23:28:09,2018-09-03 23:28:09,1
3DD.003D284B05,Methow River,8/24/2018,2018,48.05039,-119.904106,LMR,LMR - Lower Methow River at Pateros,2018-08-25 02:12:01,2018-08-25 02:12:01,1
3DD.003D284B05,Methow River,8/24/2018,2018,48.05039,-119.904106,MRC,MRC - Methow River at Carlton,2018-09-06 20:41:45,2019-06-16 21:53:45,1
3DD.003D284B07,Omak Creek,8/24/2018,2018,48.353831,-119.288554,OBF,OBF - Omak Creek below Mission Falls,2019-03-29 03:55:53,2019-03-29 03:55:54,1
3DD.003D284B07,Omak Creek,8/24/2018,2018,48.353831,-119.288554,OMF,OMF - Omak Creek above Mission Falls,2019-03-24 22:50:15,2019-03-24 22:50:15,1
3DD.003D284B07,Omak Creek,8/24/2018,2018,48.353831,-119.288554,OMK,OMK - Omak Creek Instream Array,2019-05-10 19:32:38,2019-05-10 19:32:53,1
3DD.003D284B09,Methow River,8/24/2018,2018,48.05039,-119.904106,CRW,CRW - Chewuch River above Winthrop,2019-06-22 23:43:16,2020-06-19 12:30:54,1
3DD.003D284B09,Methow River,8/24/2018,2018,48.05039,-119.904106,LMR,LMR - Lower Methow River at Pateros,2019-05-03 21:17:27,2019-05-03 21:17:27,1
3DD.003D284B0A,Methow River,8/24/2018,2018,48.05039,-119.904106,LMR,LMR - Lower Methow River at Pateros,2018-08-29 21:25:40,2018-08-29 21:25:40,1
3DD.003D284B0A,Methow River,8/24/2018,2018,48.05039,-119.904106,MRC,MRC - Methow River at Carlton,2018-09-06 22:43:14,2018-09-06 22:43:14,1
3DD.003D284B0B,Omak Creek,8/24/2018,2018,48.353831,-119.288554,OBF,OBF - Omak Creek below Mission Falls,2019-06-09 23:30:40,2019-06-09 23:31:09,1
3DD.003D284B0B,Omak Creek,8/24/2018,2018,48.353831,-119.288554,OMF,OMF - Omak Creek above Mission Falls,2019-06-05 11:45:27,2019-06-05 11:45:27,1
3DD.003D284B0B,Omak Creek,8/24/2018,2018,48.353831,-119.288554,OMK,OMK - Omak Creek Instream Array,2019-06-15 21:05:22,2019-06-15 21:05:36,1
3DD.003D284B0C,Methow River,8/24/2018,2018,48.05039,-119.904106,CRW,CRW - Chewuch River above Winthrop,2019-06-15 01:07:32,2019-06-15 01:10:57,1
3DD.003D284B0C,Methow River,8/24/2018,2018,48.05039,-119.904106,LMR,LMR - Lower Methow River at Pateros,2018-08-25 01:27:29,2018-08-25 01:27:39,1
3DD.003D284B0C,Methow River,8/24/2018,2018,48.05039,-119.904106,MRC,MRC - Methow River at Carlton,2018-09-03 23:58:17,2018-09-03 23:58:17,1
3DD.003D284B0D,Methow River,8/24/2018,2018,48.05039,-119.904106,LMR,LMR - Lower Methow River at Pateros,2018-08-25 02:23:58,2018-08-25 02:24:09,1
3DD.003D284B0F,Methow River,8/24/2018,2018,48.05039,-119.904106,LMR,LMR - Lower Methow River at Pateros,2018-08-27 22:09:05,2018-08-27 22:09:20,1
3DD.003D284B0F,Methow River,8/24/2018,2018,48.05039,-119.904106,MRC,MRC - Methow River at Carlton,2019-05-04 22:59:04,2019-06-14 09:04:45,1
3DD.003D284B11,Methow River,8/24/2018,2018,48.05039,-119.904106,LMR,LMR - Lower Methow River at Pateros,2018-08-29 22:36:58,2018-08-29 22:37:08,1
3DD.003D284B13,Omak Creek,8/24/2018,2018,48.353831,-119.288554,OBF,OBF - Omak Creek below Mission Falls,2019-06-04 12:14:31,2019-06-04 12:14:57,1
3DD.003D284B13,Omak Creek,8/24/2018,2018,48.353831,-119.288554,OMF,OMF - Omak Creek above Mission Falls,2019-06-01 00:07:34,2019-06-01 00:07:34,1
3DD.003D284B15,Omak Creek,8/24/2018,2018,48.353831,-119.288554,OBF,OBF - Omak Creek below Mission Falls,2019-06-01 23:55:20,2019-06-01 23:55:46,1
3DD.003D284B15,Omak Creek,8/24/2018,2018,48.353831,-119.288554,OMF,OMF - Omak Creek above Mission Falls,2019-06-01 00:08:05,2019-06-01 00:08:05,1
3DD.003D284B16,Methow River,8/24/2018,2018,48.05039,-119.904106,CRU,CRU - Upper Chewuch Instream Array,2019-06-29 23:56:25,2019-06-29 23:56:34,1
3DD.003D284B16,Methow River,8/24/2018,2018,48.05039,-119.904106,CRW,CRW - Chewuch River above Winthrop,2019-05-30 20:52:14,2019-05-30 20:59:53,1
3DD.003D284B16,Methow River,8/24/2018,2018,48.05039,-119.904106,LMR,LMR - Lower Methow River at Pateros,2018-08-30 00:01:01,2018-08-30 00:01:01,1
3DD.003D284B16,Methow River,8/24/2018,2018,48.05039,-119.904106,MRC,MRC - Methow River at Carlton,2018-09-14 22:26:22,2018-09-14 22:26:22,1
3DD.003D284B17,Methow River,8/24/2018,2018,48.05039,-119.904106,LMR,LMR - Lower Methow River at Pateros,2018-08-25 02:34:04,2018-08-25 02:34:14,1
3DD.003D284B17,Methow River,8/24/2018,2018,48.05039,-119.904106,MRC,MRC - Methow River at Carlton,2019-05-03 23:03:02,2019-06-15 04:36:20,1
3DD.003D284B19,Methow River,8/24/2018,2018,48.05039,-119.904106,LMR,LMR - Lower Methow River at Pateros,2018-08-25 02:12:30,2018-08-25 02:12:39,1
3DD.003D284B1A,Methow River,8/24/2018,2018,48.05039,-119.904106,CRW,CRW - Chewuch River above Winthrop,2019-06-30 22:05:36,2019-06-30 22:08:10,1
3DD.003D284B1A,Methow River,8/24/2018,2018,48.05039,-119.904106,LMR,LMR - Lower Methow River at Pateros,2018-09-10 22:22:05,2018-09-10 22:22:16,1
3DD.003D284B1B,Omak Creek,8/24/2018,2018,48.353831,-119.288554,OBF,OBF - Omak Creek below Mission Falls,2019-05-10 23:03:43,2019-05-10 23:04:01,1
3DD.003D284B1B,Omak Creek,8/24/2018,2018,48.353831,-119.288554,OMK,OMK - Omak Creek Instream Array,2019-05-18 15:34:24,2019-05-18 15:34:30,1
3DD.003D284B1C,Methow River,8/24/2018,2018,48.05039,-119.904106,LMR,LMR - Lower Methow River at Pateros,2018-08-31 20:09:35,2018-08-31 20:09:37,1
3DD.003D284B1D,Methow River,8/24/2018,2018,48.05039,-119.904106,LMR,LMR - Lower Methow River at Pateros,2018-09-03 20:21:43,2018-09-03 20:21:56,1
3DD.003D284B1E,Methow River,8/24/2018,2018,48.05039,-119.904106,LMR,LMR - Lower Methow River at Pateros,2018-08-25 21:18:11,2019-07-03 10:10:44,1
3DD.003D284B1F,Methow River,8/24/2018,2018,48.05039,-119.904106,LMR,LMR - Lower Methow River at Pateros,2019-03-28 22:34:34,2019-03-28 22:34:34,1
3DD.003D284B20,Omak Creek,8/24/2018,2018,48.353831,-119.288554,OBF,OBF - Omak Creek below Mission Falls,2019-04-28 03:15:52,2019-04-28 03:16:04,1
3DD.003D284B20,Omak Creek,8/24/2018,2018,48.353831,-119.288554,OMF,OMF - Omak Creek above Mission Falls,2018-08-27 23:59:08,2018-08-27 23:59:08,1
3DD.003D284B20,Omak Creek,8/24/2018,2018,48.353831,-119.288554,OMK,OMK - Omak Creek Instream Array,2019-05-18 19:51:43,2019-05-18 19:51:54,1
3DD.003D284B23,Methow River,8/24/2018,2018,48.05039,-119.904106,MRC,MRC - Methow River at Carlton,2018-08-29 21:04:53,2018-08-29 21:04:53,1
3DD.003D284B24,Methow River,8/24/2018,2018,48.05039,-119.904106,LMR,LMR - Lower Methow River at Pateros,2018-08-25 20:09:00,2018-08-25 20:09:08,1
3DD.003D284B25,Methow River,8/24/2018,2018,48.05039,-119.904106,LMR,LMR - Lower Methow River at Pateros,2018-08-27 21:21:02,2019-06-19 11:40:51,1
3DD.003D284B25,Methow River,8/24/2018,2018,48.05039,-119.904106,MRC,MRC - Methow River at Carlton,2018-09-01 19:53:32,2018-09-01 19:53:32,1
3DD.003D284B27,Methow River,8/24/2018,2018,48.05039,-119.904106,LMR,LMR - Lower Methow River at Pateros,2018-08-28 20:05:17,2018-08-28 20:05:24,1
3DD.003D284B27,Methow River,8/24/2018,2018,48.05039,-119.904106,MRC,MRC - Methow River at Carlton,2018-09-04 00:26:04,2018-09-04 00:26:04,1
3DD.003D284B28,Methow River,8/24/2018,2018,48.05039,-119.904106,CRU,CRU - Upper Chewuch Instream Array,2018-09-08 20:48:56,2019-06-02 08:15:56,1
3DD.003D284B28,Methow River,8/24/2018,2018,48.05039,-119.904106,CRW,CRW - Chewuch River above Winthrop,2018-09-03 02:25:20,2019-06-22 03:04:41,1
3DD.003D284B28,Methow River,8/24/2018,2018,48.05039,-119.904106,LMR,LMR - Lower Methow River at Pateros,2018-08-25 01:30:26,2018-08-25 01:30:26,1
3DD.003D284B28,Methow River,8/24/2018,2018,48.05039,-119.904106,MRC,MRC - Methow River at Carlton,2018-08-28 20:16:43,2018-08-28 20:16:43,1
3DD.003D284B29,Methow River,8/24/2018,2018,48.05039,-119.904106,CRW,CRW - Chewuch River above Winthrop,2018-09-08 01:57:39,2019-06-05 00:22:57,1
3DD.003D284B29,Methow River,8/24/2018,2018,48.05039,-119.904106,LMR,LMR - Lower Methow River at Pateros,2018-08-25 02:39:52,2018-08-25 02:40:00,1
3DD.003D284B29,Methow River,8/24/2018,2018,48.05039,-119.904106,MRC,MRC - Methow River at Carlton,2018-09-01 21:26:44,2018-09-01 21:26:44,1
3DD.003D284B2A,Methow River,8/24/2018,2018,48.05039,-119.904106,LMR,LMR - Lower Methow River at Pateros,2018-08-25 20:19:10,2018-08-25 20:19:21,1
3DD.003D284B2A,Methow River,8/24/2018,2018,48.05039,-119.904106,MRC,MRC - Methow River at Carlton,2018-09-01 21:00:00,2018-09-01 21:00:00,1
3DD.003D284B2B,Methow River,8/24/2018,2018,48.05039,-119.904106,LMR,LMR - Lower Methow River at Pateros,2018-08-25 01:38:03,2018-08-25 01:38:12,1
3DD.003D284B2C,Methow River,8/24/2018,2018,48.05039,-119.904106,LMR,LMR - Lower Methow River at Pateros,2018-08-25 02:22:32,2018-08-25 02:22:41,1
3DD.003D284B2C,Methow River,8/24/2018,2018,48.05039,-119.904106,MRC,MRC - Methow River at Carlton,2018-08-29 00:35:44,2018-08-29 00:35:44,1
3DD.003D284B2D,Methow River,8/24/2018,2018,48.05039,-119.904106,LMR,LMR - Lower Methow River at Pateros,2018-08-25 01:19:39,2018-08-25 01:19:39,1
3DD.003D284B2D,Methow River,8/24/2018,2018,48.05039,-119.904106,MRC,MRC - Methow River at Carlton,2018-09-01 23:59:16,2018-09-01 23:59:16,1
3DD.003D284B2E,Methow River,8/24/2018,2018,48.05039,-119.904106,CRW,CRW - Chewuch River above Winthrop,2019-04-20 14:37:07,2019-05-28 00:40:18,1
3DD.003D284B2E,Methow River,8/24/2018,2018,48.05039,-119.904106,LMR,LMR - Lower Methow River at Pateros,2018-08-28 22:01:34,2018-08-28 22:01:34,1
3DD.003D284B2E,Methow River,8/24/2018,2018,48.05039,-119.904106,MRC,MRC - Methow River at Carlton,2018-09-02 21:51:15,2019-05-30 01:00:32,1
3DD.003D284B2F,Methow River,8/24/2018,2018,48.05039,-119.904106,LMR,LMR - Lower Methow River at Pateros,2018-08-25 02:11:56,2018-08-25 02:12:07,1
3DD.003D284B2F,Methow River,8/24/2018,2018,48.05039,-119.904106,MRC,MRC - Methow River at Carlton,2018-09-04 22:45:49,2018-09-04 22:45:49,1
3DD.003D284B30,Methow River,8/24/2018,2018,48.05039,-119.904106,LMR,LMR - Lower Methow River at Pateros,2018-08-25 03:45:55,2018-08-25 03:46:04,1
3DD.003D284B30,Methow River,8/24/2018,2018,48.05039,-119.904106,MRC,MRC - Methow River at Carlton,2018-09-02 23:32:02,2019-05-09 17:44:29,1
3DD.003D284B31,Methow River,8/24/2018,2018,48.05039,-119.904106,LMR,LMR - Lower Methow River at Pateros,2018-08-25 02:03:03,2018-08-25 02:03:07,1
3DD.003D284B32,Omak Creek,8/24/2018,2018,48.353831,-119.288554,OMF,OMF - Omak Creek above Mission Falls,2021-04-29 20:46:34,2021-04-30 01:55:12,1
3DD.003D284B33,Methow River,8/24/2018,2018,48.05039,-119.904106,LMR,LMR - Lower Methow River at Pateros,2018-08-25 01:35:00,2018-08-25 01:35:12,1
3DD.003D284B33,Methow River,8/24/2018,2018,48.05039,-119.904106,MRC,MRC - Methow River at Carlton,2019-05-03 22:51:11,2019-05-03 22:51:11,1
3DD.003D284B34,Omak Creek,8/24/2018,2018,48.353831,-119.288554,OBF,OBF - Omak Creek below Mission Falls,2019-05-18 22:35:04,2019-05-18 22:44:48,1
3DD.003D284B34,Omak Creek,8/24/2018,2018,48.353831,-119.288554,OMF,OMF - Omak Creek above Mission Falls,2019-05-13 20:50:04,2019-05-13 20:50:04,1
3DD.003D284B34,Omak Creek,8/24/2018,2018,48.353831,-119.288554,OMK,OMK - Omak Creek Instream Array,2019-05-25 20:43:12,2019-05-25 20:43:12,1
3DD.003D284B36,Methow River,8/24/2018,2018,48.05039,-119.904106,LMR,LMR - Lower Methow River at Pateros,2018-08-26 21:15:29,2018-08-26 21:15:42,1
3DD.003D284B36,Methow River,8/24/2018,2018,48.05039,-119.904106,MRC,MRC - Methow River at Carlton,2019-04-21 00:44:25,2019-04-21 00:44:25,1
3DD.003D284B37,Methow River,8/24/2018,2018,48.05039,-119.904106,LMR,LMR - Lower Methow River at Pateros,2018-08-28 00:29:20,2018-08-28 00:29:20,1
3DD.003D284B38,Methow River,8/24/2018,2018,48.05039,-119.904106,LMR,LMR - Lower Methow River at Pateros,2018-08-25 02:32:24,2018-08-25 02:32:34,1
3DD.003D284B39,Methow River,8/24/2018,2018,48.05039,-119.904106,MRC,MRC - Methow River at Carlton,2018-08-30 21:09:01,2018-08-30 21:09:01,1
3DD.003D284B3A,Methow River,8/24/2018,2018,48.05039,-119.904106,LMR,LMR - Lower Methow River at Pateros,2018-08-25 04:03:24,2018-08-25 04:03:53,1
3DD.003D284B3A,Methow River,8/24/2018,2018,48.05039,-119.904106,MRC,MRC - Methow River at Carlton,2018-09-01 21:29:46,2018-09-01 21:29:46,1
3DD.003D284B3B,Methow River,8/24/2018,2018,48.05039,-119.904106,LMR,LMR - Lower Methow River at Pateros,2018-09-01 21:38:32,2018-09-01 21:38:40,1
3DD.003D284B3C,Methow River,8/24/2018,2018,48.05039,-119.904106,LMR,LMR - Lower Methow River at Pateros,2018-08-25 00:54:53,2018-08-25 00:54:53,1
3DD.003D284B3C,Methow River,8/24/2018,2018,48.05039,-119.904106,MRC,MRC - Methow River at Carlton,2018-09-05 21:14:22,2018-09-05 21:14:22,1
3DD.003D284B3D,Methow River,8/24/2018,2018,48.05039,-119.904106,LMR,LMR - Lower Methow River at Pateros,2018-08-25 03:13:10,2018-08-25 03:13:20,1
3DD.003D284B3E,Methow River,8/24/2018,2018,48.05039,-119.904106,LMR,LMR - Lower Methow River at Pateros,2018-08-25 01:01:56,2018-08-25 01:01:56,1
3DD.003D284B3E,Methow River,8/24/2018,2018,48.05039,-119.904106,MRC,MRC - Methow River at Carlton,2018-08-31 20:59:33,2018-08-31 20:59:33,1
3DD.003D284B3F,Methow River,8/24/2018,2018,48.05039,-119.904106,LMR,LMR - Lower Methow River at Pateros,2018-08-25 20:04:14,2018-08-25 20:04:14,1
3DD.003D284B3F,Methow River,8/24/2018,2018,48.05039,-119.904106,MRC,MRC - Methow River at Carlton,2018-08-29 01:19:19,2018-08-29 01:19:19,1
3DD.003D284B42,Methow River,8/24/2018,2018,48.05039,-119.904106,LMR,LMR - Lower Methow River at Pateros,2019-06-02 21:40:38,2019-06-02 21:40:38,1
3DD.003D284B43,Methow River,8/24/2018,2018,48.05039,-119.904106,CRW,CRW - Chewuch River above Winthrop,2018-09-07 01:12:48,2019-06-08 15:10:12,1
3DD.003D284B43,Methow River,8/24/2018,2018,48.05039,-119.904106,LMR,LMR - Lower Methow River at Pateros,2018-08-25 02:43:00,2018-08-25 02:43:00,1
3DD.003D284B43,Methow River,8/24/2018,2018,48.05039,-119.904106,MRC,MRC - Methow River at Carlton,2018-09-03 21:26:10,2018-09-03 21:26:10,1
3DD.003D284B44,Methow River,8/24/2018,2018,48.05039,-119.904106,LMR,LMR - Lower Methow River at Pateros,2018-08-28 23:51:58,2018-08-28 23:51:58,1
3DD.003D284B44,Methow River,8/24/2018,2018,48.05039,-119.904106,MRC,MRC - Methow River at Carlton,2018-09-05 21:13:59,2018-09-05 21:13:59,1
3DD.003D284B45,Methow River,8/24/2018,2018,48.05039,-119.904106,LMR,LMR - Lower Methow River at Pateros,2018-09-03 20:57:36,2018-09-03 20:57:36,1
3DD.003D284B45,Methow River,8/24/2018,2018,48.05039,-119.904106,MRC,MRC - Methow River at Carlton,2019-04-19 20:43:00,2019-04-19 20:44:00,1
3DD.003D284B46,Omak Creek,8/24/2018,2018,48.353831,-119.288554,OBF,OBF - Omak Creek below Mission Falls,2019-05-15 20:06:10,2019-05-15 20:06:29,1
3DD.003D284B46,Omak Creek,8/24/2018,2018,48.353831,-119.288554,OMF,OMF - Omak Creek above Mission Falls,2019-05-14 23:49:52,2019-05-14 23:49:52,1
3DD.003D284B46,Omak Creek,8/24/2018,2018,48.353831,-119.288554,OMK,OMK - Omak Creek Instream Array,2019-05-19 02:11:26,2019-05-19 02:11:33,1
3DD.003D284B47,Methow River,8/24/2018,2018,48.05039,-119.904106,LMR,LMR - Lower Methow River at Pateros,2018-08-31 22:02:23,2018-08-31 22:02:23,1
3DD.003D284B48,Methow River,8/24/2018,2018,48.05039,-119.904106,LMR,LMR - Lower Methow River at Pateros,2018-09-05 21:24:17,2018-09-05 21:24:17,1
3DD.003D284B49,Methow River,8/24/2018,2018,48.05039,-119.904106,LMR,LMR - Lower Methow River at Pateros,2018-08-25 02:43:12,2018-08-25 02:43:21,1
3DD.003D284B49,Methow River,8/24/2018,2018,48.05039,-119.904106,MRC,MRC - Methow River at Carlton,2018-09-02 23:23:01,2018-09-02 23:23:01,1
3DD.003D284B4A,Methow River,8/24/2018,2018,48.05039,-119.904106,LMR,LMR - Lower Methow River at Pateros,2018-08-29 21:31:00,2018-08-29 21:31:12,1
3DD.003D284B4A,Methow River,8/24/2018,2018,48.05039,-119.904106,MRC,MRC - Methow River at Carlton,2018-09-07 01:10:29,2018-09-07 01:10:29,1
3DD.003D284B4B,Methow River,8/24/2018,2018,48.05039,-119.904106,CRW,CRW - Chewuch River above Winthrop,2019-06-01 18:36:00,2019-06-04 13:09:11,1
3DD.003D284B4B,Methow River,8/24/2018,2018,48.05039,-119.904106,LMR,LMR - Lower Methow River at Pateros,2018-08-25 02:37:37,2018-08-25 02:37:37,1
3DD.003D284B4B,Methow River,8/24/2018,2018,48.05039,-119.904106,MRC,MRC - Methow River at Carlton,2018-08-30 21:09:27,2018-08-30 21:09:27,1
3DD.003D284B4C,Methow River,8/24/2018,2018,48.05039,-119.904106,LMR,LMR - Lower Methow River at Pateros,2019-05-04 22:48:12,2019-05-04 22:48:33,1
3DD.003D284B4E,Methow River,8/24/2018,2018,48.05039,-119.904106,CRW,CRW - Chewuch River above Winthrop,2018-09-08 23:02:27,2019-06-11 13:41:27,1
3DD.003D284B4E,Methow River,8/24/2018,2018,48.05039,-119.904106,LMR,LMR - Lower Methow River at Pateros,2018-08-25 01:55:26,2018-08-25 01:55:40,1
3DD.003D284B4E,Methow River,8/24/2018,2018,48.05039,-119.904106,MRC,MRC - Methow River at Carlton,2018-09-05 00:08:36,2018-09-05 00:08:36,1
3DD.003D284B4F,Methow River,8/24/2018,2018,48.05039,-119.904106,MRC,MRC - Methow River at Carlton,2018-08-30 21:44:16,2018-08-30 21:44:16,1
3DD.003D284B50,Methow River,8/24/2018,2018,48.05039,-119.904106,LMR,LMR - Lower Methow River at Pateros,2018-08-28 21:43:16,2018-08-28 21:43:22,1
3DD.003D284B50,Methow River,8/24/2018,2018,48.05039,-119.904106,MRC,MRC - Methow River at Carlton,2018-09-05 21:57:01,2019-06-24 22:17:39,1
3DD.003D284B51,Methow River,8/24/2018,2018,48.05039,-119.904106,LMR,LMR - Lower Methow River at Pateros,2018-08-28 20:08:40,2018-08-28 20:08:54,1
3DD.003D284B52,Methow River,8/24/2018,2018,48.05039,-119.904106,LMR,LMR - Lower Methow River at Pateros,2018-08-25 01:58:54,2018-08-25 01:58:57,1
3DD.003D284B53,Methow River,8/24/2018,2018,48.05039,-119.904106,LMR,LMR - Lower Methow River at Pateros,2018-08-25 02:30:44,2018-08-25 02:30:56,1
3DD.003D284B53,Methow River,8/24/2018,2018,48.05039,-119.904106,MRC,MRC - Methow River at Carlton,2018-09-02 23:23:03,2018-09-02 23:23:03,1
3DD.003D284B54,Methow River,8/24/2018,2018,48.05039,-119.904106,LMR,LMR - Lower Methow River at Pateros,2018-09-02 00:02:07,2018-09-02 00:02:22,1
3DD.003D284B55,Methow River,8/17/2018,2018,48.05039,-119.904106,MRC,MRC - Methow River at Carlton,2018-08-23 22:10:35,2019-06-10 21:19:06,1
3DD.003D284B56,Methow River,8/17/2018,2018,48.05039,-119.904106,MRC,MRC - Methow River at Carlton,2018-08-21 03:48:44,2018-08-21 03:48:44,1
3DD.003D284B58,Methow River,8/17/2018,2018,48.05039,-119.904106,LMR,LMR - Lower Methow River at Pateros,2018-08-17 23:43:31,2018-08-17 23:43:51,1
3DD.003D284B58,Methow River,8/17/2018,2018,48.05039,-119.904106,MRC,MRC - Methow River at Carlton,2018-08-21 21:37:02,2018-08-21 21:37:02,1
3DD.003D284B59,Methow River,8/17/2018,2018,48.05039,-119.904106,CRW,CRW - Chewuch River above Winthrop,2019-06-18 23:11:13,2019-07-19 00:32:55,1
3DD.003D284B59,Methow River,8/17/2018,2018,48.05039,-119.904106,LMR,LMR - Lower Methow River at Pateros,2018-08-18 01:33:29,2018-08-18 01:33:29,1
3DD.003D284B59,Methow River,8/17/2018,2018,48.05039,-119.904106,MRC,MRC - Methow River at Carlton,2018-08-22 23:46:32,2018-08-22 23:46:32,1
3DD.003D284B5A,Methow River,8/17/2018,2018,48.05039,-119.904106,LMR,LMR - Lower Methow River at Pateros,2018-08-18 01:35:24,2018-08-18 01:35:24,1
3DD.003D284B5B,Methow River,8/17/2018,2018,48.05039,-119.904106,CRU,CRU - Upper Chewuch Instream Array,2018-09-07 01:01:56,2018-09-07 01:01:56,1
3DD.003D284B5B,Methow River,8/17/2018,2018,48.05039,-119.904106,CRW,CRW - Chewuch River above Winthrop,2018-09-03 01:52:25,2018-09-03 01:54:15,1
3DD.003D284B5B,Methow River,8/17/2018,2018,48.05039,-119.904106,LMR,LMR - Lower Methow River at Pateros,2018-08-18 20:23:13,2018-08-18 20:23:21,1
3DD.003D284B5B,Methow River,8/17/2018,2018,48.05039,-119.904106,MRC,MRC - Methow River at Carlton,2018-08-22 22:36:11,2018-08-22 22:36:11,1
3DD.003D284B5C,Methow River,8/17/2018,2018,48.05039,-119.904106,LMR,LMR - Lower Methow River at Pateros,2018-08-18 01:56:30,2018-08-18 01:56:37,1
3DD.003D284B5C,Methow River,8/17/2018,2018,48.05039,-119.904106,MRC,MRC - Methow River at Carlton,2018-08-23 22:19:06,2018-08-23 22:19:06,1
3DD.003D284B5D,Methow River,8/17/2018,2018,48.05039,-119.904106,LMR,LMR - Lower Methow River at Pateros,2018-08-18 22:23:38,2018-08-18 22:23:38,1
3DD.003D284B5E,Methow River,8/17/2018,2018,48.05039,-119.904106,CRW,CRW - Chewuch River above Winthrop,2018-09-05 21:42:01,2018-09-05 21:43:44,1
3DD.003D284B5E,Methow River,8/17/2018,2018,48.05039,-119.904106,LMR,LMR - Lower Methow River at Pateros,2018-08-18 01:15:33,2018-08-18 01:15:33,1
3DD.003D284B5E,Methow River,8/17/2018,2018,48.05039,-119.904106,MRC,MRC - Methow River at Carlton,2018-08-22 21:31:56,2018-08-22 21:31:56,1
3DD.003D284B5F,Methow River,8/17/2018,2018,48.05039,-119.904106,LMR,LMR - Lower Methow River at Pateros,2018-08-18 02:26:17,2018-08-18 02:26:31,1
3DD.003D284B60,Methow River,8/17/2018,2018,48.05039,-119.904106,LMR,LMR - Lower Methow River at Pateros,2018-08-18 01:53:23,2018-08-18 01:53:37,1
3DD.003D284B60,Methow River,8/17/2018,2018,48.05039,-119.904106,MRC,MRC - Methow River at Carlton,2018-08-22 01:17:47,2018-08-22 01:17:47,1
3DD.003D284B61,Methow River,8/17/2018,2018,48.05039,-119.904106,CRW,CRW - Chewuch River above Winthrop,2018-09-01 21:57:58,2018-09-01 21:59:42,1
3DD.003D284B61,Methow River,8/17/2018,2018,48.05039,-119.904106,LMR,LMR - Lower Methow River at Pateros,2018-08-18 01:52:24,2018-08-18 01:52:24,1
3DD.003D284B61,Methow River,8/17/2018,2018,48.05039,-119.904106,MRC,MRC - Methow River at Carlton,2018-08-21 20:49:37,2018-08-21 20:49:37,1
3DD.003D284B62,Methow River,8/17/2018,2018,48.05039,-119.904106,LMR,LMR - Lower Methow River at Pateros,2018-08-18 02:42:55,2018-08-18 02:43:06,1
3DD.003D284B63,Methow River,8/17/2018,2018,48.05039,-119.904106,CRW,CRW - Chewuch River above Winthrop,2018-08-26 22:44:03,2018-08-26 22:45:51,1
3DD.003D284B63,Methow River,8/17/2018,2018,48.05039,-119.904106,LMR,LMR - Lower Methow River at Pateros,2018-08-18 00:58:38,2018-08-18 00:58:42,1
3DD.003D284B63,Methow River,8/17/2018,2018,48.05039,-119.904106,MRC,MRC - Methow River at Carlton,2018-08-21 20:27:11,2018-08-21 20:27:11,1
3DD.003D284B64,Methow River,8/17/2018,2018,48.05039,-119.904106,LMR,LMR - Lower Methow River at Pateros,2018-08-18 01:29:14,2018-08-18 01:29:28,1
3DD.003D284B64,Methow River,8/17/2018,2018,48.05039,-119.904106,MRC,MRC - Methow River at Carlton,2018-08-23 00:14:32,2018-08-23 00:14:32,1
3DD.003D284B65,Methow River,8/17/2018,2018,48.05039,-119.904106,LMR,LMR - Lower Methow River at Pateros,2018-08-18 00:51:17,2018-08-18 00:51:17,1
3DD.003D284B65,Methow River,8/17/2018,2018,48.05039,-119.904106,MRC,MRC - Methow River at Carlton,2019-06-29 17:20:26,2019-06-29 17:20:26,1
3DD.003D284B66,Methow River,8/17/2018,2018,48.05039,-119.904106,LMR,LMR - Lower Methow River at Pateros,2018-08-18 20:43:05,2018-08-18 20:43:16,1
3DD.003D284B67,Methow River,8/17/2018,2018,48.05039,-119.904106,LMR,LMR - Lower Methow River at Pateros,2018-08-18 01:48:06,2018-08-18 01:48:17,1
3DD.003D284B67,Methow River,8/17/2018,2018,48.05039,-119.904106,MRC,MRC - Methow River at Carlton,2018-08-22 21:48:13,2018-08-22 21:48:13,1
3DD.003D284B68,Methow River,8/17/2018,2018,48.05039,-119.904106,LMR,LMR - Lower Methow River at Pateros,2018-08-18 02:45:24,2018-08-18 02:45:24,1
3DD.003D284B69,Methow River,8/17/2018,2018,48.05039,-119.904106,LMR,LMR - Lower Methow River at Pateros,2018-08-18 00:20:02,2018-08-18 00:20:06,1
3DD.003D284B6A,Methow River,8/17/2018,2018,48.05039,-119.904106,LMR,LMR - Lower Methow River at Pateros,2018-08-18 01:38:37,2018-08-18 01:38:44,1
3DD.003D284B6A,Methow River,8/17/2018,2018,48.05039,-119.904106,MRC,MRC - Methow River at Carlton,2018-08-22 23:52:50,2018-08-22 23:52:50,1
3DD.003D284B6B,Methow River,8/17/2018,2018,48.05039,-119.904106,MRC,MRC - Methow River at Carlton,2018-08-22 22:01:37,2018-08-22 22:01:37,1
3DD.003D284B6C,Methow River,8/17/2018,2018,48.05039,-119.904106,LMR,LMR - Lower Methow River at Pateros,2018-08-18 01:08:07,2018-08-18 01:08:07,1
3DD.003D284B6C,Methow River,8/17/2018,2018,48.05039,-119.904106,MRC,MRC - Methow River at Carlton,2019-06-15 10:43:56,2019-06-24 06:43:55,1
3DD.003D284B6D,Methow River,8/17/2018,2018,48.05039,-119.904106,LMR,LMR - Lower Methow River at Pateros,2018-08-18 03:10:01,2018-08-18 03:10:05,1
3DD.003D284B6D,Methow River,8/17/2018,2018,48.05039,-119.904106,MRC,MRC - Methow River at Carlton,2018-08-22 00:10:24,2018-08-22 00:10:24,1
3DD.003D284B6E,Methow River,8/17/2018,2018,48.05039,-119.904106,LMR,LMR - Lower Methow River at Pateros,2018-08-18 00:49:17,2018-08-18 00:49:26,1
3DD.003D284B6F,Methow River,8/17/2018,2018,48.05039,-119.904106,LMR,LMR - Lower Methow River at Pateros,2018-08-29 22:18:52,2018-08-29 22:18:52,1
3DD.003D284B70,Methow River,8/17/2018,2018,48.05039,-119.904106,LMR,LMR - Lower Methow River at Pateros,2018-08-18 03:22:18,2018-08-18 03:22:22,1
3DD.003D284B70,Methow River,8/17/2018,2018,48.05039,-119.904106,MRC,MRC - Methow River at Carlton,2018-08-22 23:37:29,2018-08-22 23:37:29,1
3DD.003D284B71,Methow River,8/17/2018,2018,48.05039,-119.904106,LMR,LMR - Lower Methow River at Pateros,2018-08-18 01:09:04,2018-08-18 01:09:18,1
3DD.003D284B71,Methow River,8/17/2018,2018,48.05039,-119.904106,MRC,MRC - Methow River at Carlton,2018-08-22 21:14:28,2018-08-22 21:14:28,1
3DD.003D284B72,Methow River,8/17/2018,2018,48.05039,-119.904106,LMR,LMR - Lower Methow River at Pateros,2018-08-17 23:41:56,2018-08-17 23:41:56,1
3DD.003D284B72,Methow River,8/17/2018,2018,48.05039,-119.904106,MRC,MRC - Methow River at Carlton,2018-08-21 03:09:09,2018-08-21 03:09:09,1
3DD.003D284B73,Methow River,8/17/2018,2018,48.05039,-119.904106,LMR,LMR - Lower Methow River at Pateros,2018-08-18 02:36:34,2018-08-18 02:36:38,1
3DD.003D284B73,Methow River,8/17/2018,2018,48.05039,-119.904106,MRC,MRC - Methow River at Carlton,2018-08-22 23:52:38,2018-08-22 23:52:38,1
3DD.003D284B75,Methow River,8/17/2018,2018,48.05039,-119.904106,LMR,LMR - Lower Methow River at Pateros,2018-08-18 20:14:14,2018-08-18 20:14:29,1
3DD.003D284B75,Methow River,8/17/2018,2018,48.05039,-119.904106,MRC,MRC - Methow River at Carlton,2019-04-19 20:47:19,2019-07-03 01:38:56,1
3DD.003D284B76,Salmon Creek,8/24/2018,2018,48.446022,-119.666279,SA0,SA0 - Salmon Creek below OID Div.,2019-05-08 00:18:54,2019-05-08 00:18:54,1
3DD.003D284B76,Salmon Creek,8/24/2018,2018,48.446022,-119.666279,SA1,SA1 - Salmon Creek Instream Array,2019-05-20 03:12:55,2019-05-20 03:13:11,1
3DD.003D284B79,Methow River,8/17/2018,2018,48.05039,-119.904106,LMR,LMR - Lower Methow River at Pateros,2018-08-18 03:37:41,2018-08-18 03:37:55,1
3DD.003D284B79,Methow River,8/17/2018,2018,48.05039,-119.904106,MRC,MRC - Methow River at Carlton,2018-08-24 00:13:32,2018-08-24 00:13:32,1
3DD.003D284B7A,Salmon Creek,8/24/2018,2018,48.446022,-119.666279,SA0,SA0 - Salmon Creek below OID Div.,2018-09-01 21:10:58,2018-09-01 21:10:58,1
3DD.003D284B7A,Salmon Creek,8/24/2018,2018,48.446022,-119.666279,SA1,SA1 - Salmon Creek Instream Array,2018-10-20 01:28:48,2018-10-29 22:08:13,1
3DD.003D284B7B,Methow River,8/17/2018,2018,48.05039,-119.904106,LMR,LMR - Lower Methow River at Pateros,2018-08-18 20:56:55,2018-08-18 20:56:57,1
3DD.003D284B7C,Methow River,8/17/2018,2018,48.05039,-119.904106,LMR,LMR - Lower Methow River at Pateros,2018-08-18 02:33:15,2018-08-18 02:33:15,1
3DD.003D284B7C,Methow River,8/17/2018,2018,48.05039,-119.904106,MRC,MRC - Methow River at Carlton,2018-08-23 02:58:09,2018-08-23 02:58:09,1
3DD.003D284B7D,Methow River,8/17/2018,2018,48.05039,-119.904106,CRW,CRW - Chewuch River above Winthrop,2019-05-09 00:06:15,2019-06-25 22:22:52,1
3DD.003D284B7D,Methow River,8/17/2018,2018,48.05039,-119.904106,LMR,LMR - Lower Methow River at Pateros,2018-08-18 00:45:09,2018-08-18 00:45:09,1
3DD.003D284B7D,Methow River,8/17/2018,2018,48.05039,-119.904106,MRC,MRC - Methow River at Carlton,2018-08-21 21:10:16,2019-04-20 00:50:19,1
3DD.003D284B7E,Methow River,8/17/2018,2018,48.05039,-119.904106,LMR,LMR - Lower Methow River at Pateros,2018-08-18 00:32:06,2018-08-18 00:32:06,1
3DD.003D284B7E,Methow River,8/17/2018,2018,48.05039,-119.904106,MRC,MRC - Methow River at Carlton,2018-08-21 23:01:06,2018-08-21 23:01:06,1
3DD.003D284B7F,Salmon Creek,8/24/2018,2018,48.446022,-119.666279,SA0,SA0 - Salmon Creek below OID Div.,2019-05-09 21:25:29,2019-05-09 21:25:29,1
3DD.003D284B80,Methow River,8/17/2018,2018,48.05039,-119.904106,LMR,LMR - Lower Methow River at Pateros,2018-08-18 01:55:23,2018-08-18 01:55:25,1
3DD.003D284B80,Methow River,8/17/2018,2018,48.05039,-119.904106,MRC,MRC - Methow River at Carlton,2018-08-23 00:55:05,2018-08-23 00:55:05,1
3DD.003D284B81,Salmon Creek,8/24/2018,2018,48.446022,-119.666279,SA0,SA0 - Salmon Creek below OID Div.,2018-10-09 21:21:33,2018-10-09 21:30:07,1
3DD.003D284B81,Salmon Creek,8/24/2018,2018,48.446022,-119.666279,SA1,SA1 - Salmon Creek Instream Array,2019-04-30 21:35:44,2019-04-30 21:35:44,1
3DD.003D284B82,Methow River,8/17/2018,2018,48.05039,-119.904106,CRW,CRW - Chewuch River above Winthrop,2018-09-01 21:59:25,2018-09-01 22:01:10,1
3DD.003D284B82,Methow River,8/17/2018,2018,48.05039,-119.904106,MRC,MRC - Methow River at Carlton,2018-08-22 01:14:07,2018-08-22 01:14:07,1
3DD.003D284B83,Methow River,8/17/2018,2018,48.05039,-119.904106,LMR,LMR - Lower Methow River at Pateros,2018-08-18 01:22:57,2018-08-18 01:23:12,1
3DD.003D284B83,Methow River,8/17/2018,2018,48.05039,-119.904106,MRC,MRC - Methow River at Carlton,2018-08-22 21:52:21,2018-08-22 21:52:21,1
3DD.003D284B84,Methow River,8/17/2018,2018,48.05039,-119.904106,LMR,LMR - Lower Methow River at Pateros,2018-08-18 01:29:33,2018-08-18 01:29:43,1
3DD.003D284B86,Methow River,8/17/2018,2018,48.05039,-119.904106,LMR,LMR - Lower Methow River at Pateros,2018-08-18 03:05:32,2018-08-18 03:05:36,1
3DD.003D284B86,Methow River,8/17/2018,2018,48.05039,-119.904106,MRC,MRC - Methow River at Carlton,2018-08-22 02:50:00,2018-08-22 02:50:00,1
3DD.003D284B87,Methow River,8/17/2018,2018,48.05039,-119.904106,CRW,CRW - Chewuch River above Winthrop,2019-05-09 20:55:18,2019-05-09 21:01:33,1
3DD.003D284B87,Methow River,8/17/2018,2018,48.05039,-119.904106,LMR,LMR - Lower Methow River at Pateros,2018-08-18 01:23:10,2018-08-18 01:23:19,1
3DD.003D284B87,Methow River,8/17/2018,2018,48.05039,-119.904106,MRC,MRC - Methow River at Carlton,2018-08-22 02:25:22,2018-08-22 02:25:22,1
3DD.003D284B89,Methow River,8/17/2018,2018,48.05039,-119.904106,MRC,MRC - Methow River at Carlton,2018-08-22 00:04:21,2018-08-22 00:04:21,1
3DD.003D284B8A,Methow River,8/17/2018,2018,48.05039,-119.904106,LMR,LMR - Lower Methow River at Pateros,2018-08-18 01:44:17,2018-08-18 01:44:27,1
3DD.003D284B8B,Methow River,8/17/2018,2018,48.05039,-119.904106,LMR,LMR - Lower Methow River at Pateros,2018-08-18 01:49:34,2018-08-18 01:49:39,1
3DD.003D284B8B,Methow River,8/17/2018,2018,48.05039,-119.904106,MRC,MRC - Methow River at Carlton,2018-08-22 02:59:45,2018-08-22 02:59:45,1
3DD.003D284B8D,Methow River,8/17/2018,2018,48.05039,-119.904106,LMR,LMR - Lower Methow River at Pateros,2018-08-18 01:17:03,2018-08-18 01:17:07,1
3DD.003D284B8D,Methow River,8/17/2018,2018,48.05039,-119.904106,MRC,MRC - Methow River at Carlton,2018-09-10 20:01:47,2018-09-10 20:01:47,1
3DD.003D284B8E,Methow River,8/17/2018,2018,48.05039,-119.904106,LMR,LMR - Lower Methow River at Pateros,2018-08-18 02:21:26,2018-08-18 02:21:36,1
3DD.003D284B8F,Methow River,8/17/2018,2018,48.05039,-119.904106,LMR,LMR - Lower Methow River at Pateros,2018-08-18 03:17:26,2018-08-18 03:17:35,1
3DD.003D284B91,Salmon Creek,8/24/2018,2018,48.446022,-119.666279,SA0,SA0 - Salmon Creek below OID Div.,2018-09-01 20:54:26,2018-09-01 21:28:26,1
3DD.003D284B92,Salmon Creek,8/24/2018,2018,48.446022,-119.666279,SA0,SA0 - Salmon Creek below OID Div.,2019-06-12 15:48:38,2019-06-12 15:49:05,1
3DD.003D284B92,Salmon Creek,8/24/2018,2018,48.446022,-119.666279,SA1,SA1 - Salmon Creek Instream Array,2019-06-14 00:46:06,2019-06-14 00:46:33,1
3DD.003D284B93,Methow River,8/17/2018,2018,48.05039,-119.904106,LMR,LMR - Lower Methow River at Pateros,2018-08-18 00:32:12,2018-08-18 00:32:19,1
3DD.003D284B93,Methow River,8/17/2018,2018,48.05039,-119.904106,MRC,MRC - Methow River at Carlton,2018-08-21 23:33:46,2018-08-21 23:33:46,1
3DD.003D284B94,Methow River,8/17/2018,2018,48.05039,-119.904106,LMR,LMR - Lower Methow River at Pateros,2018-08-18 01:33:41,2018-08-18 01:33:41,1
3DD.003D284B94,Methow River,8/17/2018,2018,48.05039,-119.904106,MRC,MRC - Methow River at Carlton,2018-08-22 21:23:28,2018-08-22 21:23:28,1
3DD.003D284B95,Salmon Creek,8/24/2018,2018,48.446022,-119.666279,SA0,SA0 - Salmon Creek below OID Div.,2018-10-02 01:49:09,2018-10-02 01:49:37,1
3DD.003D284B95,Salmon Creek,8/24/2018,2018,48.446022,-119.666279,SA1,SA1 - Salmon Creek Instream Array,2018-11-16 05:26:59,2018-11-16 05:27:11,1
3DD.003D284B97,Methow River,8/17/2018,2018,48.05039,-119.904106,CRW,CRW - Chewuch River above Winthrop,2018-09-06 03:38:13,2018-09-06 03:40:49,1
3DD.003D284B97,Methow River,8/17/2018,2018,48.05039,-119.904106,LMR,LMR - Lower Methow River at Pateros,2018-08-18 02:11:26,2018-08-18 02:11:26,1
3DD.003D284B97,Methow River,8/17/2018,2018,48.05039,-119.904106,MRC,MRC - Methow River at Carlton,2018-08-22 02:46:56,2018-08-22 02:47:00,1
3DD.003D284B99,Methow River,8/17/2018,2018,48.05039,-119.904106,CRW,CRW - Chewuch River above Winthrop,2019-04-21 00:37:53,2019-05-29 17:49:29,1
3DD.003D284B99,Methow River,8/17/2018,2018,48.05039,-119.904106,LMR,LMR - Lower Methow River at Pateros,2018-08-18 03:19:54,2018-08-18 03:20:01,1
3DD.003D284B99,Methow River,8/17/2018,2018,48.05039,-119.904106,MRC,MRC - Methow River at Carlton,2018-08-22 20:09:03,2018-08-22 20:09:03,1
3DD.003D284B9A,Methow River,8/17/2018,2018,48.05039,-119.904106,CRW,CRW - Chewuch River above Winthrop,2019-05-09 22:41:18,2019-05-09 22:41:18,1
3DD.003D284B9A,Methow River,8/17/2018,2018,48.05039,-119.904106,LMR,LMR - Lower Methow River at Pateros,2018-08-18 01:22:17,2018-08-18 01:22:17,1
3DD.003D284B9B,Methow River,8/17/2018,2018,48.05039,-119.904106,CRW,CRW - Chewuch River above Winthrop,2019-04-23 23:10:40,2019-06-03 08:24:18,1
3DD.003D284B9B,Methow River,8/17/2018,2018,48.05039,-119.904106,LMR,LMR - Lower Methow River at Pateros,2018-08-18 01:38:23,2018-08-18 01:38:27,1
3DD.003D284B9B,Methow River,8/17/2018,2018,48.05039,-119.904106,MRC,MRC - Methow River at Carlton,2018-08-22 02:45:34,2018-08-22 02:45:34,1
3DD.003D284B9D,Methow River,8/17/2018,2018,48.05039,-119.904106,LMR,LMR - Lower Methow River at Pateros,2018-08-18 00:58:19,2018-08-18 00:58:30,1
3DD.003D284B9E,Methow River,8/17/2018,2018,48.05039,-119.904106,LMR,LMR - Lower Methow River at Pateros,2018-08-18 20:43:21,2018-08-18 20:43:21,1
3DD.003D284B9F,Methow River,8/17/2018,2018,48.05039,-119.904106,LMR,LMR - Lower Methow River at Pateros,2018-08-18 00:52:39,2018-08-18 00:52:39,1
3DD.003D284B9F,Methow River,8/17/2018,2018,48.05039,-119.904106,MRC,MRC - Methow River at Carlton,2018-08-21 02:41:16,2018-08-21 02:41:16,1
3DD.003D284BA0,Methow River,8/17/2018,2018,48.05039,-119.904106,LMR,LMR - Lower Methow River at Pateros,2018-08-18 00:19:09,2018-08-18 00:19:09,1
3DD.003D284BA1,Methow River,8/17/2018,2018,48.05039,-119.904106,LMR,LMR - Lower Methow River at Pateros,2018-09-08 23:09:10,2018-09-08 23:09:25,1
3DD.003D284BA2,Methow River,8/17/2018,2018,48.05039,-119.904106,LMR,LMR - Lower Methow River at Pateros,2018-08-18 01:03:25,2018-08-18 01:03:32,1
3DD.003D284BA2,Methow River,8/17/2018,2018,48.05039,-119.904106,MRC,MRC - Methow River at Carlton,2018-08-22 02:25:16,2018-08-22 02:25:16,1
3DD.003D284BA3,Methow River,8/17/2018,2018,48.05039,-119.904106,MRC,MRC - Methow River at Carlton,2018-08-22 01:53:01,2018-08-22 01:53:01,1
3DD.003D284BA4,Methow River,8/17/2018,2018,48.05039,-119.904106,CRW,CRW - Chewuch River above Winthrop,2019-05-05 23:41:46,2019-05-05 23:48:30,1
3DD.003D284BA4,Methow River,8/17/2018,2018,48.05039,-119.904106,LMR,LMR - Lower Methow River at Pateros,2018-08-18 00:06:33,2018-08-18 00:06:40,1
3DD.003D284BA4,Methow River,8/17/2018,2018,48.05039,-119.904106,MRC,MRC - Methow River at Carlton,2018-08-23 00:18:12,2018-08-23 00:18:12,1
3DD.003D284BA6,Methow River,8/17/2018,2018,48.05039,-119.904106,LMR,LMR - Lower Methow River at Pateros,2018-08-18 00:30:42,2018-08-18 00:30:56,1
3DD.003D284BA6,Methow River,8/17/2018,2018,48.05039,-119.904106,MRC,MRC - Methow River at Carlton,2018-08-21 20:48:09,2019-06-18 17:29:05,1
3DD.003D284BA7,Methow River,8/17/2018,2018,48.05039,-119.904106,LMR,LMR - Lower Methow River at Pateros,2018-08-18 00:18:33,2018-08-18 00:18:52,1
3DD.003D284BA7,Methow River,8/17/2018,2018,48.05039,-119.904106,MRC,MRC - Methow River at Carlton,2018-08-21 23:42:26,2018-08-21 23:42:26,1
3DD.003D284BA8,Methow River,8/17/2018,2018,48.05039,-119.904106,LMR,LMR - Lower Methow River at Pateros,2018-08-18 02:59:22,2018-08-18 02:59:22,1
3DD.003D284BA9,Methow River,8/17/2018,2018,48.05039,-119.904106,LMR,LMR - Lower Methow River at Pateros,2018-08-18 02:05:05,2018-08-18 02:05:17,1
3DD.003D284BA9,Methow River,8/17/2018,2018,48.05039,-119.904106,MRC,MRC - Methow River at Carlton,2018-08-22 23:02:59,2018-08-22 23:02:59,1
3DD.003D284BAA,Methow River,8/17/2018,2018,48.05039,-119.904106,LMR,LMR - Lower Methow River at Pateros,2018-08-18 03:59:27,2018-08-18 03:59:40,1
3DD.003D284BAB,Methow River,8/17/2018,2018,48.05039,-119.904106,LMR,LMR - Lower Methow River at Pateros,2018-08-18 01:56:22,2018-08-18 01:56:22,1
3DD.003D284BAB,Methow River,8/17/2018,2018,48.05039,-119.904106,MRC,MRC - Methow River at Carlton,2018-08-22 20:12:18,2018-08-22 20:12:18,1
3DD.003D284BAC,Methow River,8/17/2018,2018,48.05039,-119.904106,LMR,LMR - Lower Methow River at Pateros,2018-08-18 01:08:20,2018-08-18 01:08:30,1
3DD.003D284BAC,Methow River,8/17/2018,2018,48.05039,-119.904106,MRC,MRC - Methow River at Carlton,2018-08-22 21:21:40,2018-08-22 21:21:40,1
3DD.003D284BAD,Methow River,8/17/2018,2018,48.05039,-119.904106,LMR,LMR - Lower Methow River at Pateros,2018-08-18 20:11:56,2018-08-18 20:11:57,1
3DD.003D284BAD,Methow River,8/17/2018,2018,48.05039,-119.904106,MRC,MRC - Methow River at Carlton,2018-09-06 23:04:36,2019-07-09 14:17:32,1
3DD.003D284BAE,Methow River,8/17/2018,2018,48.05039,-119.904106,LMR,LMR - Lower Methow River at Pateros,2018-08-18 01:39:38,2019-06-03 15:43:40,1
3DD.003D284BAF,Methow River,8/17/2018,2018,48.05039,-119.904106,LMR,LMR - Lower Methow River at Pateros,2018-08-18 02:43:15,2018-08-18 02:43:25,1
3DD.003D284BB0,Salmon Creek,8/24/2018,2018,48.446022,-119.666279,SA0,SA0 - Salmon Creek below OID Div.,2019-06-05 22:55:16,2019-06-05 22:55:41,1
3DD.003D284BB0,Salmon Creek,8/24/2018,2018,48.446022,-119.666279,SA1,SA1 - Salmon Creek Instream Array,2019-06-06 20:29:43,2019-06-06 20:29:43,1
3DD.003D284BB1,Methow River,8/17/2018,2018,48.05039,-119.904106,LMR,LMR - Lower Methow River at Pateros,2018-08-18 01:15:36,2018-08-18 01:15:36,1
3DD.003D284BB1,Methow River,8/17/2018,2018,48.05039,-119.904106,MRC,MRC - Methow River at Carlton,2018-08-21 23:48:02,2018-08-21 23:48:02,1
3DD.003D284BB2,Methow River,8/17/2018,2018,48.05039,-119.904106,LMR,LMR - Lower Methow River at Pateros,2018-08-18 00:39:03,2018-08-18 00:39:17,1
3DD.003D284BB2,Methow River,8/17/2018,2018,48.05039,-119.904106,MRC,MRC - Methow River at Carlton,2018-08-21 20:40:10,2018-08-21 20:40:10,1
3DD.003D284BB3,Methow River,8/17/2018,2018,48.05039,-119.904106,LMR,LMR - Lower Methow River at Pateros,2018-08-18 01:00:28,2018-08-18 01:00:44,1
3DD.003D284BB4,Methow River,8/17/2018,2018,48.05039,-119.904106,LMR,LMR - Lower Methow River at Pateros,2018-08-18 01:20:11,2018-08-18 01:20:22,1
3DD.003D284BB4,Methow River,8/17/2018,2018,48.05039,-119.904106,MRC,MRC - Methow River at Carlton,2018-08-23 00:17:03,2018-08-23 00:17:03,1
3DD.003D284BB5,Salmon Creek,8/24/2018,2018,48.446022,-119.666279,SA0,SA0 - Salmon Creek below OID Div.,2019-04-26 23:11:32,2019-04-26 23:24:19,1
3DD.003D284BB5,Salmon Creek,8/24/2018,2018,48.446022,-119.666279,SA1,SA1 - Salmon Creek Instream Array,2019-05-09 19:56:02,2019-05-09 19:56:08,1
3DD.003D284BB6,Methow River,8/17/2018,2018,48.05039,-119.904106,LMR,LMR - Lower Methow River at Pateros,2018-08-18 00:48:18,2018-08-18 00:48:18,1
3DD.003D284BB7,Methow River,8/17/2018,2018,48.05039,-119.904106,LMR,LMR - Lower Methow River at Pateros,2018-08-18 00:45:05,2018-08-18 00:45:15,1
3DD.003D284BB7,Methow River,8/17/2018,2018,48.05039,-119.904106,MRC,MRC - Methow River at Carlton,2018-08-22 21:11:27,2018-08-22 21:11:27,1
3DD.003D284BB8,Salmon Creek,8/24/2018,2018,48.446022,-119.666279,SA0,SA0 - Salmon Creek below OID Div.,2019-06-03 22:14:12,2019-06-03 22:15:50,1
3DD.003D28A14B,Starr Boat Launch,8/9/2019,2019,47.983552,-119.887492,LMR,LMR - Lower Methow River at Pateros,2019-08-10 20:57:43,2019-08-10 20:57:43,1
3DD.003D28A14D,Starr Boat Launch,8/16/2019,2019,47.983552,-119.887492,LMR,LMR - Lower Methow River at Pateros,2019-08-19 22:16:42,2019-08-19 22:16:42,1
3DD.003D28A14E,Starr Boat Launch,8/16/2019,2019,47.983552,-119.887492,OKL,OKL - Lower Okanogan Instream Array,2020-04-27 18:08:23,2020-04-27 18:08:23,1
3DD.003D28A14F,Starr Boat Launch,8/16/2019,2019,47.983552,-119.887492,MRC,MRC - Methow River at Carlton,2019-09-10 22:32:34,2020-06-21 23:48:18,1
3DD.003D28A151,Starr Boat Launch,8/16/2019,2019,47.983552,-119.887492,LMR,LMR - Lower Methow River at Pateros,2019-08-18 21:22:37,2019-08-18 21:22:37,1
3DD.003D28A152,Starr Boat Launch,8/16/2019,2019,47.983552,-119.887492,LMR,LMR - Lower Methow River at Pateros,2019-08-28 01:20:04,2019-08-28 01:20:04,1
3DD.003D28A152,Starr Boat Launch,8/16/2019,2019,47.983552,-119.887492,MRC,MRC - Methow River at Carlton,2019-09-01 01:19:07,2019-09-01 01:19:07,1
3DD.003D28A155,Starr Boat Launch,8/16/2019,2019,47.983552,-119.887492,MRC,MRC - Methow River at Carlton,2020-05-29 20:11:00,2020-05-29 20:11:00,1
3DD.003D28A156,Starr Boat Launch,8/16/2019,2019,47.983552,-119.887492,LMR,LMR - Lower Methow River at Pateros,2019-08-18 02:35:55,2019-08-18 02:36:10,1
3DD.003D28A157,Starr Boat Launch,8/16/2019,2019,47.983552,-119.887492,LMR,LMR - Lower Methow River at Pateros,2019-08-17 23:20:30,2019-08-17 23:20:38,1
3DD.003D28A159,Starr Boat Launch,8/9/2019,2019,47.983552,-119.887492,LMR,LMR - Lower Methow River at Pateros,2019-08-10 21:19:51,2019-08-10 21:19:51,1
3DD.003D28A15A,Starr Boat Launch,8/9/2019,2019,47.983552,-119.887492,ENL,ENL - Lower Entiat River,2020-06-11 23:58:48,2020-06-13 23:14:09,1
3DD.003D28A15B,Starr Boat Launch,8/16/2019,2019,47.983552,-119.887492,LMR,LMR - Lower Methow River at Pateros,2020-05-21 08:13:41,2020-05-21 08:17:52,1
3DD.003D28A15D,Starr Boat Launch,8/16/2019,2019,47.983552,-119.887492,MRC,MRC - Methow River at Carlton,2019-08-27 20:41:45,2019-08-27 20:41:45,1
3DD.003D28A15F,Starr Boat Launch,8/16/2019,2019,47.983552,-119.887492,CRW,CRW - Chewuch River above Winthrop,2019-08-27 01:16:53,2020-06-12 23:34:32,1
3DD.003D28A15F,Starr Boat Launch,8/16/2019,2019,47.983552,-119.887492,LMR,LMR - Lower Methow River at Pateros,2019-08-17 20:35:59,2019-08-17 20:36:07,1
3DD.003D28A15F,Starr Boat Launch,8/16/2019,2019,47.983552,-119.887492,MRC,MRC - Methow River at Carlton,2020-06-25 23:47:16,2020-06-25 23:47:16,1
3DD.003D28A162,Starr Boat Launch,8/16/2019,2019,47.983552,-119.887492,LMR,LMR - Lower Methow River at Pateros,2020-05-16 01:42:06,2020-05-16 01:42:06,1
3DD.003D28A162,Starr Boat Launch,8/16/2019,2019,47.983552,-119.887492,MRC,MRC - Methow River at Carlton,2020-06-22 21:36:22,2021-06-10 23:41:10,1
3DD.003D28A167,Starr Boat Launch,8/16/2019,2019,47.983552,-119.887492,LMR,LMR - Lower Methow River at Pateros,2019-08-17 21:42:34,2020-06-20 07:49:08,1
3DD.003D28A168,Starr Boat Launch,8/16/2019,2019,47.983552,-119.887492,ENL,ENL - Lower Entiat River,2020-07-07 00:37:55,2020-07-10 07:35:28,1
3DD.003D28A169,Starr Boat Launch,8/16/2019,2019,47.983552,-119.887492,LMR,LMR - Lower Methow River at Pateros,2019-08-17 23:51:50,2019-08-17 23:51:50,1
3DD.003D28A16B,Starr Boat Launch,8/16/2019,2019,47.983552,-119.887492,LMR,LMR - Lower Methow River at Pateros,2019-08-17 22:39:41,2019-08-17 22:39:55,1
3DD.003D28A16F,Starr Boat Launch,8/16/2019,2019,47.983552,-119.887492,ENL,ENL - Lower Entiat River,2020-06-11 00:20:29,2020-06-12 21:46:30,1
3DD.003D28A170,Starr Boat Launch,8/16/2019,2019,47.983552,-119.887492,LMR,LMR - Lower Methow River at Pateros,2019-08-18 01:09:33,2019-08-18 01:09:42,1
3DD.003D28A172,Starr Boat Launch,8/16/2019,2019,47.983552,-119.887492,LMR,LMR - Lower Methow River at Pateros,2020-04-18 21:04:27,2020-04-18 21:04:27,1
3DD.003D28A174,Starr Boat Launch,8/16/2019,2019,47.983552,-119.887492,LMR,LMR - Lower Methow River at Pateros,2019-08-21 22:29:24,2019-08-21 22:29:24,1
3DD.003D28A174,Starr Boat Launch,8/16/2019,2019,47.983552,-119.887492,MRC,MRC - Methow River at Carlton,2019-08-26 20:52:56,2019-08-26 20:52:56,1
3DD.003D28A176,Starr Boat Launch,8/16/2019,2019,47.983552,-119.887492,LMR,LMR - Lower Methow River at Pateros,2019-08-22 20:29:54,2019-08-22 20:29:55,1
3DD.003D28A176,Starr Boat Launch,8/16/2019,2019,47.983552,-119.887492,MRC,MRC - Methow River at Carlton,2019-08-31 02:50:52,2019-08-31 02:50:52,1
3DD.003D28A17A,Starr Boat Launch,8/16/2019,2019,47.983552,-119.887492,LMR,LMR - Lower Methow River at Pateros,2019-08-17 23:33:27,2019-08-17 23:33:35,1
3DD.003D28A17B,Starr Boat Launch,8/16/2019,2019,47.983552,-119.887492,LMR,LMR - Lower Methow River at Pateros,2019-08-17 21:59:23,2020-06-19 23:29:24,1
3DD.003D28A17F,Starr Boat Launch,8/9/2019,2019,47.983552,-119.887492,LMR,LMR - Lower Methow River at Pateros,2019-08-11 00:13:40,2019-08-11 00:13:40,1
3DD.003D28A17F,Starr Boat Launch,8/9/2019,2019,47.983552,-119.887492,MRC,MRC - Methow River at Carlton,2019-08-21 22:25:37,2019-08-21 22:25:37,1
3DD.003D28A188,Starr Boat Launch,8/9/2019,2019,47.983552,-119.887492,ENL,ENL - Lower Entiat River,2020-04-28 20:20:56,2020-07-02 01:20:34,1
3DD.003D28A189,Starr Boat Launch,8/9/2019,2019,47.983552,-119.887492,LMR,LMR - Lower Methow River at Pateros,2019-08-10 20:25:06,2019-08-10 20:25:14,1
3DD.003D28A189,Starr Boat Launch,8/9/2019,2019,47.983552,-119.887492,MRC,MRC - Methow River at Carlton,2019-08-14 23:00:28,2019-08-14 23:00:28,1
3DD.003D28A18D,Starr Boat Launch,8/16/2019,2019,47.983552,-119.887492,LMR,LMR - Lower Methow River at Pateros,2020-07-16 21:20:13,2020-07-16 21:20:13,1
3DD.003D28A18E,Starr Boat Launch,8/16/2019,2019,47.983552,-119.887492,OKL,OKL - Lower Okanogan Instream Array,2020-04-24 12:31:36,2020-06-15 07:33:06,1
3DD.003D28A191,Starr Boat Launch,8/16/2019,2019,47.983552,-119.887492,CRW,CRW - Chewuch River above Winthrop,2019-09-11 02:41:07,2019-09-11 02:43:32,1
3DD.003D28A191,Starr Boat Launch,8/16/2019,2019,47.983552,-119.887492,LMR,LMR - Lower Methow River at Pateros,2019-09-04 04:24:11,2019-09-04 04:24:28,1
3DD.003D28A191,Starr Boat Launch,8/16/2019,2019,47.983552,-119.887492,MRC,MRC - Methow River at Carlton,2019-09-07 23:48:46,2019-09-07 23:48:48,1
3DD.003D28A192,Starr Boat Launch,8/16/2019,2019,47.983552,-119.887492,OKL,OKL - Lower Okanogan Instream Array,2020-04-27 14:26:35,2020-04-27 14:26:35,1
3DD.003D28A193,Starr Boat Launch,8/9/2019,2019,47.983552,-119.887492,LMR,LMR - Lower Methow River at Pateros,2019-08-10 23:58:52,2019-08-10 23:58:52,1
3DD.003D28A193,Starr Boat Launch,8/9/2019,2019,47.983552,-119.887492,MRC,MRC - Methow River at Carlton,2019-08-15 22:43:33,2019-08-15 22:43:33,1
3DD.003D28A195,Starr Boat Launch,8/16/2019,2019,47.983552,-119.887492,LMR,LMR - Lower Methow River at Pateros,2020-06-28 06:24:15,2020-06-28 06:24:15,1
3DD.003D28A199,Starr Boat Launch,8/16/2019,2019,47.983552,-119.887492,LMR,LMR - Lower Methow River at Pateros,2019-08-17 20:08:23,2019-08-17 20:08:34,1
3DD.003D28A199,Starr Boat Launch,8/16/2019,2019,47.983552,-119.887492,MRC,MRC - Methow River at Carlton,2019-08-25 23:19:58,2019-08-25 23:19:58,1
3DD.003D28A19A,Starr Boat Launch,8/9/2019,2019,47.983552,-119.887492,LMR,LMR - Lower Methow River at Pateros,2019-08-10 20:34:16,2019-08-10 20:34:16,1
3DD.003D28A19A,Starr Boat Launch,8/9/2019,2019,47.983552,-119.887492,MRC,MRC - Methow River at Carlton,2019-08-14 22:55:05,2019-08-14 22:55:05,1
3DD.003D28A19D,Starr Boat Launch,8/16/2019,2019,47.983552,-119.887492,CRW,CRW - Chewuch River above Winthrop,2019-08-29 23:44:55,2019-08-29 23:44:55,1
3DD.003D28A19D,Starr Boat Launch,8/16/2019,2019,47.983552,-119.887492,LMR,LMR - Lower Methow River at Pateros,2019-08-17 21:35:27,2019-08-17 21:35:37,1
3DD.003D28A19D,Starr Boat Launch,8/16/2019,2019,47.983552,-119.887492,MRC,MRC - Methow River at Carlton,2019-08-23 03:42:36,2019-08-23 03:42:36,1
3DD.003D28A1A0,Starr Boat Launch,8/16/2019,2019,47.983552,-119.887492,LMR,LMR - Lower Methow River at Pateros,2019-08-18 22:45:36,2019-08-18 22:45:43,1
3DD.003D28A1A0,Starr Boat Launch,8/16/2019,2019,47.983552,-119.887492,MRC,MRC - Methow River at Carlton,2019-08-26 01:20:01,2019-08-26 01:20:01,1
3DD.003D28A1A4,Starr Boat Launch,8/9/2019,2019,47.983552,-119.887492,LMR,LMR - Lower Methow River at Pateros,2019-08-10 20:42:52,2020-06-24 13:05:17,1
3DD.003D28A1A9,Starr Boat Launch,8/16/2019,2019,47.983552,-119.887492,CRW,CRW - Chewuch River above Winthrop,2020-07-08 05:53:43,2020-07-08 05:54:20,1
3DD.003D28A1A9,Starr Boat Launch,8/16/2019,2019,47.983552,-119.887492,LMR,LMR - Lower Methow River at Pateros,2020-04-13 21:02:04,2020-04-13 21:02:19,1
3DD.003D28A1A9,Starr Boat Launch,8/16/2019,2019,47.983552,-119.887492,MRC,MRC - Methow River at Carlton,2020-04-29 01:03:00,2020-04-29 01:03:00,1
3DD.003D28A1AD,Starr Boat Launch,8/9/2019,2019,47.983552,-119.887492,LMR,LMR - Lower Methow River at Pateros,2019-08-11 22:27:37,2019-08-11 22:27:39,1
3DD.003D28A27B,Brewster Boat Launch,8/10/2018,2018,48.090547,-119.786141,LMR,LMR - Lower Methow River at Pateros,2019-05-30 01:32:54,2019-05-30 01:32:54,1
3DD.003D28A282,Brewster Boat Launch,8/10/2018,2018,48.090547,-119.786141,LMR,LMR - Lower Methow River at Pateros,2018-08-11 23:54:50,2018-08-11 23:54:59,1
3DD.003D28A286,Methow River,8/10/2018,2018,48.05039,-119.904106,LMR,LMR - Lower Methow River at Pateros,2018-08-11 00:40:13,2018-08-11 00:40:23,1
3DD.003D28A286,Methow River,8/10/2018,2018,48.05039,-119.904106,MRC,MRC - Methow River at Carlton,2018-08-15 00:26:16,2018-08-15 00:26:16,1
3DD.003D28A288,Brewster Boat Launch,8/10/2018,2018,48.090547,-119.786141,MRC,MRC - Methow River at Carlton,2018-08-16 22:38:04,2018-08-16 22:38:04,1
3DD.003D28A289,Brewster Boat Launch,8/10/2018,2018,48.090547,-119.786141,LMR,LMR - Lower Methow River at Pateros,2018-08-11 22:55:06,2018-08-11 22:55:06,1
3DD.003D28A28D,Methow River,8/10/2018,2018,48.05039,-119.904106,LMR,LMR - Lower Methow River at Pateros,2018-08-11 03:18:57,2018-08-11 03:18:57,1
3DD.003D28A28D,Methow River,8/10/2018,2018,48.05039,-119.904106,MRC,MRC - Methow River at Carlton,2018-08-15 23:53:38,2018-08-15 23:53:38,1
3DD.003D28A28F,Brewster Boat Launch,8/10/2018,2018,48.090547,-119.786141,MRC,MRC - Methow River at Carlton,2019-04-18 23:14:53,2019-04-18 23:14:53,1
3DD.003D28A291,Methow River,8/10/2018,2018,48.05039,-119.904106,CRW,CRW - Chewuch River above Winthrop,2018-08-18 00:45:01,2018-08-18 01:05:33,1
3DD.003D28A291,Methow River,8/10/2018,2018,48.05039,-119.904106,LMR,LMR - Lower Methow River at Pateros,2018-08-11 01:07:39,2018-08-11 01:07:39,1
3DD.003D28A291,Methow River,8/10/2018,2018,48.05039,-119.904106,MRC,MRC - Methow River at Carlton,2018-08-14 22:11:07,2018-08-14 22:11:07,1
3DD.003D28A293,Brewster Boat Launch,8/10/2018,2018,48.090547,-119.786141,OKL,OKL - Lower Okanogan Instream Array,2019-06-24 05:38:37,2019-06-24 14:54:26,1
3DD.003D28A299,Brewster Boat Launch,8/10/2018,2018,48.090547,-119.786141,LMR,LMR - Lower Methow River at Pateros,2018-08-11 21:33:51,2018-08-11 21:33:51,1
3DD.003D28A29B,Brewster Boat Launch,8/10/2018,2018,48.090547,-119.786141,LMR,LMR - Lower Methow River at Pateros,2018-08-11 20:30:20,2018-08-11 20:30:31,1
3DD.003D28A29B,Brewster Boat Launch,8/10/2018,2018,48.090547,-119.786141,MRC,MRC - Methow River at Carlton,2018-08-15 01:51:03,2018-08-15 01:51:03,1
3DD.003D28A29C,Brewster Boat Launch,8/10/2018,2018,48.090547,-119.786141,OKL,OKL - Lower Okanogan Instream Array,2019-05-26 05:22:09,2019-06-03 13:16:22,1
3DD.003D28A2A3,Brewster Boat Launch,8/10/2018,2018,48.090547,-119.786141,CRW,CRW - Chewuch River above Winthrop,2018-08-19 01:24:38,2018-08-19 01:26:12,1
3DD.003D28A2A3,Brewster Boat Launch,8/10/2018,2018,48.090547,-119.786141,LMR,LMR - Lower Methow River at Pateros,2018-08-11 21:14:57,2018-08-11 21:14:57,1
3DD.003D28A2A3,Brewster Boat Launch,8/10/2018,2018,48.090547,-119.786141,MRC,MRC - Methow River at Carlton,2018-08-15 21:52:54,2018-08-15 21:52:54,1
3DD.003D28A2A8,Methow River,8/10/2018,2018,48.05039,-119.904106,LMR,LMR - Lower Methow River at Pateros,2018-08-11 20:46:41,2018-08-11 20:46:41,1
3DD.003D28A2A8,Methow River,8/10/2018,2018,48.05039,-119.904106,MRC,MRC - Methow River at Carlton,2018-08-16 22:14:04,2018-08-16 22:14:04,1
3DD.003D28A2AC,Brewster Boat Launch,8/10/2018,2018,48.090547,-119.786141,LMR,LMR - Lower Methow River at Pateros,2018-08-11 21:29:44,2018-08-11 21:29:44,1
3DD.003D28A2B0,Brewster Boat Launch,8/10/2018,2018,48.090547,-119.786141,LMR,LMR - Lower Methow River at Pateros,2018-08-12 02:31:50,2018-08-12 02:32:05,1
3DD.003D28A2B2,Brewster Boat Launch,8/10/2018,2018,48.090547,-119.786141,OKL,OKL - Lower Okanogan Instream Array,2019-05-08 00:15:01,2019-05-08 00:15:01,1
3DD.003D28A2B6,Brewster Boat Launch,8/10/2018,2018,48.090547,-119.786141,LMR,LMR - Lower Methow River at Pateros,2018-08-11 21:33:33,2018-08-11 21:33:44,1
3DD.003D28A2B9,Methow River,8/10/2018,2018,48.05039,-119.904106,CRW,CRW - Chewuch River above Winthrop,2019-04-20 22:44:30,2019-04-20 22:47:51,1
3DD.003D28A2B9,Methow River,8/10/2018,2018,48.05039,-119.904106,LMR,LMR - Lower Methow River at Pateros,2018-08-11 02:03:23,2018-08-11 02:03:23,1
3DD.003D28A2BA,Brewster Boat Launch,8/10/2018,2018,48.090547,-119.786141,LMR,LMR - Lower Methow River at Pateros,2018-08-11 20:22:18,2018-08-11 20:22:23,1
3DD.003D28A2BB,Brewster Boat Launch,8/10/2018,2018,48.090547,-119.786141,CRW,CRW - Chewuch River above Winthrop,2019-06-07 23:46:34,2019-06-11 04:26:34,1
3DD.003D28A2BB,Brewster Boat Launch,8/10/2018,2018,48.090547,-119.786141,LMR,LMR - Lower Methow River at Pateros,2018-08-12 22:06:39,2018-08-12 22:06:39,1
3DD.003D28A2BB,Brewster Boat Launch,8/10/2018,2018,48.090547,-119.786141,MRC,MRC - Methow River at Carlton,2018-08-16 03:44:21,2018-08-16 03:44:21,1
3DD.003D28A2CB,Methow River,8/10/2018,2018,48.05039,-119.904106,LMR,LMR - Lower Methow River at Pateros,2018-08-11 20:24:04,2018-08-11 20:24:14,1
3DD.003D28A2CB,Methow River,8/10/2018,2018,48.05039,-119.904106,MRC,MRC - Methow River at Carlton,2018-08-15 21:44:21,2018-08-15 21:44:21,1
3DD.003D28A2CD,Methow River,8/10/2018,2018,48.05039,-119.904106,LMR,LMR - Lower Methow River at Pateros,2018-08-11 01:38:57,2018-08-11 01:38:57,1
3DD.003D28A2D5,Brewster Boat Launch,8/10/2018,2018,48.090547,-119.786141,LMR,LMR - Lower Methow River at Pateros,2018-08-11 23:58:58,2018-08-11 23:59:08,1
3DD.003D28A2D5,Brewster Boat Launch,8/10/2018,2018,48.090547,-119.786141,MRC,MRC - Methow River at Carlton,2018-08-16 02:33:48,2018-08-16 02:33:48,1
3DD.003D3AB26F,Starr Boat Launch,7/30/2020,2020,47.983552,-119.887492,OKL,OKL - Lower Okanogan Instream Array,2021-04-25 20:06:16,2021-04-25 20:06:16,1
3DD.003D3AB271,Starr Boat Launch,8/6/2020,2020,47.983552,-119.887492,LMR,LMR - Lower Methow River at Pateros,2020-08-07 22:19:03,2021-06-14 17:38:19,1
3DD.003D3AB272,Starr Boat Launch,7/30/2020,2020,47.983552,-119.887492,OKL,OKL - Lower Okanogan Instream Array,2020-08-07 20:06:17,2020-08-07 20:06:17,1
3DD.003D3AB274,Starr Boat Launch,7/30/2020,2020,47.983552,-119.887492,LMR,LMR - Lower Methow River at Pateros,2020-07-31 21:45:27,2020-07-31 21:45:27,1
3DD.003D3AB274,Starr Boat Launch,7/30/2020,2020,47.983552,-119.887492,MRC,MRC - Methow River at Carlton,2020-08-05 01:03:13,2020-08-05 01:03:13,1
3DD.003D3AB27A,Starr Boat Launch,8/6/2020,2020,47.983552,-119.887492,MRC,MRC - Methow River at Carlton,2021-06-03 04:49:21,2021-06-03 04:49:21,1
3DD.003D3AB27E,Starr Boat Launch,7/30/2020,2020,47.983552,-119.887492,OKL,OKL - Lower Okanogan Instream Array,2021-05-23 22:40:34,2021-05-23 22:46:12,1
3DD.003D3AB27F,Starr Boat Launch,8/6/2020,2020,47.983552,-119.887492,CRW,CRW - Chewuch River above Winthrop,2020-08-18 20:37:50,2020-08-18 20:37:50,1
3DD.003D3AB27F,Starr Boat Launch,8/6/2020,2020,47.983552,-119.887492,LMR,LMR - Lower Methow River at Pateros,2020-08-08 02:13:22,2020-08-08 02:13:22,1
3DD.003D3AB27F,Starr Boat Launch,8/6/2020,2020,47.983552,-119.887492,MRC,MRC - Methow River at Carlton,2020-08-14 20:20:04,2020-08-14 20:20:04,1
3DD.003D3AB283,Starr Boat Launch,7/30/2020,2020,47.983552,-119.887492,CRW,CRW - Chewuch River above Winthrop,2020-08-02 21:09:52,2020-08-02 21:11:22,1
3DD.003D3AB283,Starr Boat Launch,7/30/2020,2020,47.983552,-119.887492,MRC,MRC - Methow River at Carlton,2020-07-29 20:49:12,2020-07-29 20:49:12,1
3DD.003D3AB28A,Starr Boat Launch,8/6/2020,2020,47.983552,-119.887492,CRW,CRW - Chewuch River above Winthrop,2021-06-13 23:21:37,2021-06-14 14:24:38,1
3DD.003D3AB28A,Starr Boat Launch,8/6/2020,2020,47.983552,-119.887492,MRC,MRC - Methow River at Carlton,2020-08-12 20:39:26,2020-08-12 20:39:26,1
3DD.003D3AB28A,Starr Boat Launch,8/6/2020,2020,47.983552,-119.887492,MRW,MRW - Methow River at Winthrop,2020-08-17 00:48:29,2021-06-06 22:34:02,1
3DD.003D3AB28B,Starr Boat Launch,7/30/2020,2020,47.983552,-119.887492,LMR,LMR - Lower Methow River at Pateros,2020-08-01 00:57:11,2020-08-01 00:57:11,1
3DD.003D3AB28B,Starr Boat Launch,7/30/2020,2020,47.983552,-119.887492,MRC,MRC - Methow River at Carlton,2020-08-06 02:57:02,2020-08-06 02:57:02,1
3DD.003D3AB293,Starr Boat Launch,7/30/2020,2020,47.983552,-119.887492,LMR,LMR - Lower Methow River at Pateros,2020-08-18 03:18:31,2020-08-18 03:18:41,1
3DD.003D3AB293,Starr Boat Launch,7/30/2020,2020,47.983552,-119.887492,MRC,MRC - Methow River at Carlton,2020-08-23 01:38:37,2021-06-28 10:49:01,1
3DD.003D3AB295,Starr Boat Launch,7/30/2020,2020,47.983552,-119.887492,LMR,LMR - Lower Methow River at Pateros,2020-07-31 22:06:21,2020-07-31 22:06:21,1
3DD.003D3AB295,Starr Boat Launch,7/30/2020,2020,47.983552,-119.887492,MRC,MRC - Methow River at Carlton,2020-08-12 22:51:44,2020-08-12 22:51:44,1
3DD.003D3AB29B,Starr Boat Launch,8/6/2020,2020,47.983552,-119.887492,OKL,OKL - Lower Okanogan Instream Array,2020-08-09 01:07:23,2020-08-09 01:07:23,1
3DD.003D3AB29D,Starr Boat Launch,8/6/2020,2020,47.983552,-119.887492,LMR,LMR - Lower Methow River at Pateros,2020-08-09 22:19:19,2020-08-09 22:19:28,1
3DD.003D3AB29F,Starr Boat Launch,8/6/2020,2020,47.983552,-119.887492,MRC,MRC - Methow River at Carlton,2020-08-11 21:18:47,2020-08-11 21:18:47,1
3DD.003D3AB2A4,Starr Boat Launch,8/6/2020,2020,47.983552,-119.887492,LMR,LMR - Lower Methow River at Pateros,2020-08-12 02:08:36,2020-08-12 02:08:36,1
3DD.003D3AB2A4,Starr Boat Launch,8/6/2020,2020,47.983552,-119.887492,MRC,MRC - Methow River at Carlton,2020-08-16 22:05:48,2020-08-16 22:05:48,1
3DD.003D3AB2A6,Starr Boat Launch,8/6/2020,2020,47.983552,-119.887492,LMR,LMR - Lower Methow River at Pateros,2020-08-08 00:40:15,2020-08-08 00:40:22,1
3DD.003D3AB2A8,Starr Boat Launch,8/6/2020,2020,47.983552,-119.887492,LMR,LMR - Lower Methow River at Pateros,2020-08-08 00:16:59,2020-08-08 00:17:08,1
3DD.003D3AB2AF,Starr Boat Launch,7/30/2020,2020,47.983552,-119.887492,LMR,LMR - Lower Methow River at Pateros,2020-07-31 23:24:11,2020-07-31 23:24:19,1
3DD.003D3AB2B2,Starr Boat Launch,8/6/2020,2020,47.983552,-119.887492,CRW,CRW - Chewuch River above Winthrop,2020-08-16 22:59:57,2020-08-16 23:01:23,1
3DD.003D3AB2B2,Starr Boat Launch,8/6/2020,2020,47.983552,-119.887492,LMR,LMR - Lower Methow River at Pateros,2020-08-08 02:28:07,2020-08-08 02:28:07,1
3DD.003D3AB2B2,Starr Boat Launch,8/6/2020,2020,47.983552,-119.887492,MRC,MRC - Methow River at Carlton,2020-08-12 20:49:38,2020-08-12 20:49:38,1
3DD.003D3AB2B4,Starr Boat Launch,7/30/2020,2020,47.983552,-119.887492,LMR,LMR - Lower Methow River at Pateros,2020-08-01 00:39:04,2020-08-01 00:39:20,1
3DD.003D3AB2B4,Starr Boat Launch,7/30/2020,2020,47.983552,-119.887492,MRC,MRC - Methow River at Carlton,2020-08-12 01:28:09,2020-08-12 01:28:09,1
3DD.003D3AB2B5,Starr Boat Launch,8/6/2020,2020,47.983552,-119.887492,LMR,LMR - Lower Methow River at Pateros,2020-08-08 00:47:44,2020-08-08 00:47:44,1
3DD.003D3AB2B5,Starr Boat Launch,8/6/2020,2020,47.983552,-119.887492,MRC,MRC - Methow River at Carlton,2021-05-11 23:48:56,2021-05-11 23:48:56,1
3DD.003D3AB2B8,Starr Boat Launch,8/6/2020,2020,47.983552,-119.887492,CRW,CRW - Chewuch River above Winthrop,2021-05-28 22:30:31,2021-05-28 22:43:20,1
3DD.003D3AB2B8,Starr Boat Launch,8/6/2020,2020,47.983552,-119.887492,LMR,LMR - Lower Methow River at Pateros,2020-08-08 00:14:15,2020-08-08 00:14:25,1
3DD.003D3AB2B8,Starr Boat Launch,8/6/2020,2020,47.983552,-119.887492,MRC,MRC - Methow River at Carlton,2020-08-13 22:11:13,2020-08-13 22:11:13,1
3DD.003D3AB2B9,Starr Boat Launch,7/30/2020,2020,47.983552,-119.887492,CML,CML - Chewuch River Middle Lower,2022-06-17 01:46:01,2022-06-17 01:46:01,1
3DD.003D3AB2B9,Starr Boat Launch,7/30/2020,2020,47.983552,-119.887492,CRW,CRW - Chewuch River above Winthrop,2021-07-05 22:38:07,2022-06-18 16:26:21,1
3DD.003D3AB2B9,Starr Boat Launch,7/30/2020,2020,47.983552,-119.887492,LMR,LMR - Lower Methow River at Pateros,2021-06-01 01:41:05,2021-06-01 01:41:05,1
3DD.003D3AB2B9,Starr Boat Launch,7/30/2020,2020,47.983552,-119.887492,MRC,MRC - Methow River at Carlton,2021-06-29 22:57:44,2022-06-27 06:39:58,1
3DD.003D3AB2BB,Starr Boat Launch,8/6/2020,2020,47.983552,-119.887492,LMR,LMR - Lower Methow River at Pateros,2020-08-07 22:42:40,2020-08-07 22:42:40,1
3DD.003D3AB2BE,Starr Boat Launch,8/6/2020,2020,47.983552,-119.887492,CRW,CRW - Chewuch River above Winthrop,2020-08-20 00:06:07,2021-06-22 23:26:52,1
3DD.003D3AB2BE,Starr Boat Launch,8/6/2020,2020,47.983552,-119.887492,LMR,LMR - Lower Methow River at Pateros,2020-08-09 21:57:29,2020-08-09 21:57:29,1
3DD.003D3AB2BE,Starr Boat Launch,8/6/2020,2020,47.983552,-119.887492,MRC,MRC - Methow River at Carlton,2020-08-16 01:28:20,2020-08-16 01:28:20,1
3DD.003D3AB2C0,Starr Boat Launch,8/6/2020,2020,47.983552,-119.887492,LMR,LMR - Lower Methow River at Pateros,2020-08-08 22:42:53,2020-08-08 22:43:09,1
3DD.003D3AB2C0,Starr Boat Launch,8/6/2020,2020,47.983552,-119.887492,MRC,MRC - Methow River at Carlton,2020-08-16 20:53:53,2020-08-16 20:53:53,1
3DD.003D3AB2C5,Starr Boat Launch,7/30/2020,2020,47.983552,-119.887492,LMR,LMR - Lower Methow River at Pateros,2020-07-31 21:23:32,2020-07-31 21:23:32,1
3DD.003D3AB2C5,Starr Boat Launch,7/30/2020,2020,47.983552,-119.887492,MRC,MRC - Methow River at Carlton,2020-08-05 00:56:18,2020-08-05 00:56:18,1
3DD.003D3AB2C7,Starr Boat Launch,7/30/2020,2020,47.983552,-119.887492,CRW,CRW - Chewuch River above Winthrop,2020-08-03 22:48:39,2020-08-03 22:50:13,1
3DD.003D3AB2C7,Starr Boat Launch,7/30/2020,2020,47.983552,-119.887492,LMR,LMR - Lower Methow River at Pateros,2020-07-24 23:23:12,2020-07-24 23:23:12,1
3DD.003D3AB2C7,Starr Boat Launch,7/30/2020,2020,47.983552,-119.887492,MRC,MRC - Methow River at Carlton,2020-07-30 01:24:08,2020-07-30 01:24:08,1
3DD.003D3AB2CA,Starr Boat Launch,7/30/2020,2020,47.983552,-119.887492,LMR,LMR - Lower Methow River at Pateros,2020-07-28 01:35:28,2020-07-28 01:35:28,1
3DD.003D3AB2CA,Starr Boat Launch,7/30/2020,2020,47.983552,-119.887492,MRC,MRC - Methow River at Carlton,2020-08-14 01:20:59,2020-08-14 01:20:59,1
3DD.003D3AB2CC,Starr Boat Launch,8/6/2020,2020,47.983552,-119.887492,CRW,CRW - Chewuch River above Winthrop,2020-08-15 23:06:36,2021-06-09 02:41:25,1
3DD.003D3AB2CC,Starr Boat Launch,8/6/2020,2020,47.983552,-119.887492,LMR,LMR - Lower Methow River at Pateros,2020-08-07 22:41:07,2020-08-07 22:41:12,1
3DD.003D3AB2CC,Starr Boat Launch,8/6/2020,2020,47.983552,-119.887492,MRC,MRC - Methow River at Carlton,2020-08-12 02:10:34,2020-08-12 02:10:34,1
3DD.003D3AB2CE,Starr Boat Launch,8/6/2020,2020,47.983552,-119.887492,CRW,CRW - Chewuch River above Winthrop,2020-08-17 00:39:00,2020-08-17 00:40:26,1
3DD.003D3AB2CE,Starr Boat Launch,8/6/2020,2020,47.983552,-119.887492,LMR,LMR - Lower Methow River at Pateros,2020-08-07 23:57:27,2020-08-07 23:57:27,1
3DD.003D3AB2CE,Starr Boat Launch,8/6/2020,2020,47.983552,-119.887492,MRC,MRC - Methow River at Carlton,2020-08-12 22:58:28,2020-08-12 22:58:28,1
3DD.003D3AB6AE,Starr Boat Launch,8/6/2020,2020,47.983552,-119.887492,LMR,LMR - Lower Methow River at Pateros,2020-08-12 01:21:03,2020-08-12 01:21:03,1
3DD.003D3AB6AE,Starr Boat Launch,8/6/2020,2020,47.983552,-119.887492,MRC,MRC - Methow River at Carlton,2020-08-17 00:46:20,2021-06-20 14:40:33,1
3DD.003D3AB6B0,Starr Boat Launch,8/6/2020,2020,47.983552,-119.887492,CRW,CRW - Chewuch River above Winthrop,2020-08-16 21:16:52,2021-06-16 22:57:41,1
3DD.003D3AB6B0,Starr Boat Launch,8/6/2020,2020,47.983552,-119.887492,MRC,MRC - Methow River at Carlton,2020-08-12 20:51:10,2020-08-12 20:51:10,1
3DD.003D3AB6B3,Starr Boat Launch,8/6/2020,2020,47.983552,-119.887492,LMR,LMR - Lower Methow River at Pateros,2020-08-07 23:58:19,2020-08-07 23:58:28,1
3DD.003D3AB6B3,Starr Boat Launch,8/6/2020,2020,47.983552,-119.887492,MRC,MRC - Methow River at Carlton,2020-08-13 21:28:29,2020-08-13 21:28:29,1
3DD.003D3ABA78,Starr Boat Launch,8/6/2020,2020,47.983552,-119.887492,CRU,CRU - Upper Chewuch Instream Array,2020-08-21 01:03:40,2021-06-04 21:03:18,1
3DD.003D3ABA78,Starr Boat Launch,8/6/2020,2020,47.983552,-119.887492,CRW,CRW - Chewuch River above Winthrop,2020-08-17 22:39:05,2020-08-17 22:40:32,1
3DD.003D3ABA78,Starr Boat Launch,8/6/2020,2020,47.983552,-119.887492,LMR,LMR - Lower Methow River at Pateros,2020-08-08 00:12:54,2020-08-08 00:12:54,1
3DD.003D3ABA78,Starr Boat Launch,8/6/2020,2020,47.983552,-119.887492,MRC,MRC - Methow River at Carlton,2020-08-13 03:05:27,2020-08-13 03:05:27,1
3DD.003D3ABA8B,Starr Boat Launch,8/6/2020,2020,47.983552,-119.887492,LMR,LMR - Lower Methow River at Pateros,2020-08-07 22:05:21,2020-08-07 22:05:33,1
3DD.003D3ABA99,Starr Boat Launch,8/6/2020,2020,47.983552,-119.887492,LMR,LMR - Lower Methow River at Pateros,2020-08-10 00:57:40,2020-08-10 00:57:40,1
3DD.003D3ABA99,Starr Boat Launch,8/6/2020,2020,47.983552,-119.887492,MRC,MRC - Methow River at Carlton,2020-08-15 03:08:09,2020-08-15 03:08:09,1
3DD.003D3ABEF0,Omak Creek,8/23/2019,2019,48.353831,-119.288554,OMF,OMF - Omak Creek above Mission Falls,2020-05-07 22:27:11,2020-05-07 22:27:11,1
3DD.003D3ABEF0,Omak Creek,8/23/2019,2019,48.353831,-119.288554,OMK,OMK - Omak Creek Instream Array,2020-05-25 21:13:14,2020-05-25 21:13:20,1
3DD.003D3ABEF8,Omak Creek,8/23/2019,2019,48.353831,-119.288554,OMF,OMF - Omak Creek above Mission Falls,2020-05-18 22:36:36,2020-05-18 22:36:36,1
3DD.003D3ABEFC,Omak Creek,8/23/2019,2019,48.353831,-119.288554,OMF,OMF - Omak Creek above Mission Falls,2020-05-24 22:37:55,2020-05-24 22:37:55,1
3DD.003D3ABF06,Salmon Creek,8/23/2019,2019,48.446022,-119.666279,SA0,SA0 - Salmon Creek below OID Div.,2020-06-27 06:53:46,2020-06-27 06:54:28,1
3DD.003D3ABF06,Salmon Creek,8/23/2019,2019,48.446022,-119.666279,SA1,SA1 - Salmon Creek Instream Array,2020-06-27 22:19:54,2020-06-27 22:20:14,1
3DD.003D3ABF12,Omak Creek,8/23/2019,2019,48.353831,-119.288554,OMF,OMF - Omak Creek above Mission Falls,2020-05-13 03:03:02,2020-05-13 03:03:02,1
3DD.003D3ABF14,Omak Creek,8/23/2019,2019,48.353831,-119.288554,OMF,OMF - Omak Creek above Mission Falls,2020-06-01 21:46:15,2020-06-01 21:46:15,1
3DD.003D3ABF14,Omak Creek,8/23/2019,2019,48.353831,-119.288554,OMK,OMK - Omak Creek Instream Array,2020-06-04 14:05:34,2020-06-04 14:05:41,1
3DD.003D3ABF1D,Salmon Creek,8/23/2019,2019,48.446022,-119.666279,SA1,SA1 - Salmon Creek Instream Array,2019-08-26 21:22:40,2019-08-26 21:22:52,1
3DD.003D3ABF20,Omak Creek,8/23/2019,2019,48.353831,-119.288554,OMF,OMF - Omak Creek above Mission Falls,2020-06-27 21:22:49,2020-06-27 21:22:49,1
3DD.003D3ABF20,Omak Creek,8/23/2019,2019,48.353831,-119.288554,OMK,OMK - Omak Creek Instream Array,2020-07-01 07:02:10,2020-07-01 07:07:56,1
3DD.003D3ABF21,Omak Creek,8/23/2019,2019,48.353831,-119.288554,OMF,OMF - Omak Creek above Mission Falls,2020-06-06 20:53:08,2020-06-06 20:53:08,1
3DD.003D3ABF23,Salmon Creek,8/23/2019,2019,48.446022,-119.666279,SA0,SA0 - Salmon Creek below OID Div.,2020-05-18 22:17:24,2020-05-18 22:20:01,1
3DD.003D3ABF23,Salmon Creek,8/23/2019,2019,48.446022,-119.666279,SA1,SA1 - Salmon Creek Instream Array,2020-05-30 08:59:21,2020-05-30 08:59:21,1
3DD.003D3ABF26,Omak Creek,8/23/2019,2019,48.353831,-119.288554,OMK,OMK - Omak Creek Instream Array,2020-04-11 00:31:11,2020-06-07 00:21:16,1
3DD.003D3ABF2D,Salmon Creek,8/23/2019,2019,48.446022,-119.666279,SA1,SA1 - Salmon Creek Instream Array,2019-08-26 19:59:16,2019-08-26 19:59:16,1
3DD.003D3ABF2E,Omak Creek,8/23/2019,2019,48.353831,-119.288554,OMF,OMF - Omak Creek above Mission Falls,2020-06-14 15:58:50,2020-06-14 15:58:50,1
3DD.003D3ABF2F,Omak Creek,8/23/2019,2019,48.353831,-119.288554,OMF,OMF - Omak Creek above Mission Falls,2020-06-24 20:54:00,2020-06-24 20:54:00,1
3DD.003D3ABF36,Omak Creek,8/23/2019,2019,48.353831,-119.288554,OMF,OMF - Omak Creek above Mission Falls,2020-06-24 04:48:01,2020-06-24 04:48:01,1
3DD.003D3ABF36,Omak Creek,8/23/2019,2019,48.353831,-119.288554,OMK,OMK - Omak Creek Instream Array,2020-06-26 02:16:39,2020-06-26 02:16:44,1
3DD.003D3ABF39,Omak Creek,8/23/2019,2019,48.353831,-119.288554,OMF,OMF - Omak Creek above Mission Falls,2020-04-12 19:28:21,2020-04-12 19:28:26,1
3DD.003D3ABF3A,Omak Creek,8/23/2019,2019,48.353831,-119.288554,OMK,OMK - Omak Creek Instream Array,2020-05-28 01:13:56,2020-05-28 01:51:39,1
3DD.003D3ABF3C,Omak Creek,8/23/2019,2019,48.353831,-119.288554,OMF,OMF - Omak Creek above Mission Falls,2020-05-26 22:41:06,2020-05-26 22:41:06,1
3DD.003D3ABF3C,Omak Creek,8/23/2019,2019,48.353831,-119.288554,OMK,OMK - Omak Creek Instream Array,2020-05-30 08:20:14,2020-05-30 08:20:14,1
3DD.003D3ABF3D,Salmon Creek,8/23/2019,2019,48.446022,-119.666279,SA1,SA1 - Salmon Creek Instream Array,2019-08-25 19:59:30,2019-08-25 19:59:43,1
3DD.003D3ABF44,Salmon Creek,8/23/2019,2019,48.446022,-119.666279,SA1,SA1 - Salmon Creek Instream Array,2019-08-26 20:17:46,2019-08-26 20:17:46,1
3DD.003D3ABF45,Omak Creek,8/23/2019,2019,48.353831,-119.288554,OMF,OMF - Omak Creek above Mission Falls,2020-06-01 19:02:28,2020-06-01 19:02:28,1
3DD.003D3ABF4E,Salmon Creek,8/23/2019,2019,48.446022,-119.666279,SA0,SA0 - Salmon Creek below OID Div.,2020-05-18 22:35:34,2020-05-18 22:35:54,1
3DD.003D3ABF4E,Salmon Creek,8/23/2019,2019,48.446022,-119.666279,SA1,SA1 - Salmon Creek Instream Array,2020-05-23 00:18:54,2020-05-23 00:19:04,1
3DD.003D3ABF4F,Salmon Creek,8/23/2019,2019,48.446022,-119.666279,SA0,SA0 - Salmon Creek below OID Div.,2020-06-24 20:38:54,2020-06-24 20:39:13,1
3DD.003D3ABF4F,Salmon Creek,8/23/2019,2019,48.446022,-119.666279,SA1,SA1 - Salmon Creek Instream Array,2020-06-24 22:55:51,2020-06-24 22:55:57,1
3DD.003D3ABFB8,Methow River,9/7/2018,2018,48.05039,-119.904106,LMR,LMR - Lower Methow River at Pateros,2018-09-08 01:01:37,2018-09-08 01:01:37,1
3DD.003D3ABFB8,Methow River,9/7/2018,2018,48.05039,-119.904106,MRC,MRC - Methow River at Carlton,2018-09-11 21:20:34,2018-09-11 21:20:34,1
3DD.003D3ABFB9,Methow River,9/7/2018,2018,48.05039,-119.904106,LMR,LMR - Lower Methow River at Pateros,2018-09-08 01:23:07,2018-09-08 01:23:07,1
3DD.003D3ABFBA,Methow River,9/7/2018,2018,48.05039,-119.904106,LMR,LMR - Lower Methow River at Pateros,2018-09-08 21:23:06,2018-09-08 21:23:10,1
3DD.003D3ABFBB,Methow River,9/7/2018,2018,48.05039,-119.904106,LMR,LMR - Lower Methow River at Pateros,2018-09-08 23:37:42,2018-09-08 23:37:42,1
3DD.003D3ABFBC,Methow River,9/7/2018,2018,48.05039,-119.904106,LMR,LMR - Lower Methow River at Pateros,2018-09-08 01:35:52,2018-09-08 01:35:56,1
3DD.003D3ABFBD,Methow River,9/7/2018,2018,48.05039,-119.904106,LMR,LMR - Lower Methow River at Pateros,2018-09-08 00:14:05,2018-09-08 00:14:09,1
3DD.003D3ABFBD,Methow River,9/7/2018,2018,48.05039,-119.904106,MRC,MRC - Methow River at Carlton,2018-09-11 01:45:02,2018-09-11 01:45:02,1
3DD.003D3ABFBE,Methow River,9/7/2018,2018,48.05039,-119.904106,MRC,MRC - Methow River at Carlton,2018-09-12 21:34:34,2018-09-12 21:34:34,1
3DD.003D3ABFBF,Methow River,9/7/2018,2018,48.05039,-119.904106,MRC,MRC - Methow River at Carlton,2019-03-31 22:08:54,2019-03-31 22:08:54,1
3DD.003D3ABFC0,Methow River,9/7/2018,2018,48.05039,-119.904106,CRW,CRW - Chewuch River above Winthrop,2019-04-09 21:02:02,2019-04-09 21:03:39,1
3DD.003D3ABFC0,Methow River,9/7/2018,2018,48.05039,-119.904106,LMR,LMR - Lower Methow River at Pateros,2018-09-11 19:58:05,2018-09-11 19:58:05,1
3DD.003D3ABFC0,Methow River,9/7/2018,2018,48.05039,-119.904106,MRC,MRC - Methow River at Carlton,2019-03-30 20:03:04,2019-03-30 20:03:04,1
3DD.003D3ABFC1,Methow River,9/7/2018,2018,48.05039,-119.904106,LMR,LMR - Lower Methow River at Pateros,2018-09-08 00:27:51,2018-09-08 00:27:51,1
3DD.003D3ABFC3,Methow River,9/7/2018,2018,48.05039,-119.904106,MRC,MRC - Methow River at Carlton,2018-09-11 02:41:53,2018-09-11 02:41:53,1
3DD.003D3ABFC4,Methow River,9/7/2018,2018,48.05039,-119.904106,MRC,MRC - Methow River at Carlton,2019-04-18 21:16:37,2019-04-18 21:16:37,1
3DD.003D3ABFC5,Methow River,9/7/2018,2018,48.05039,-119.904106,MRC,MRC - Methow River at Carlton,2018-09-12 02:41:26,2018-09-12 02:41:26,1
3DD.003D3ABFC6,Methow River,9/7/2018,2018,48.05039,-119.904106,LMR,LMR - Lower Methow River at Pateros,2018-09-08 01:58:28,2018-09-08 01:58:28,1
3DD.003D3ABFC7,Methow River,9/7/2018,2018,48.05039,-119.904106,LMR,LMR - Lower Methow River at Pateros,2018-09-08 02:34:54,2018-09-08 02:34:54,1
3DD.003D3ABFC8,Methow River,9/7/2018,2018,48.05039,-119.904106,LMR,LMR - Lower Methow River at Pateros,2018-09-08 02:46:53,2018-09-08 02:46:53,1
3DD.003D3ABFC9,Methow River,9/7/2018,2018,48.05039,-119.904106,MRC,MRC - Methow River at Carlton,2018-09-11 21:29:38,2018-09-11 21:29:38,1
3DD.003D3ABFCA,Methow River,9/7/2018,2018,48.05039,-119.904106,LMR,LMR - Lower Methow River at Pateros,2018-09-07 23:58:57,2018-09-07 23:59:04,1
3DD.003D3ABFCA,Methow River,9/7/2018,2018,48.05039,-119.904106,MRC,MRC - Methow River at Carlton,2018-09-11 20:20:40,2018-09-11 20:20:40,1
3DD.003D3ABFCB,Methow River,9/7/2018,2018,48.05039,-119.904106,LMR,LMR - Lower Methow River at Pateros,2018-09-08 00:52:52,2018-09-08 00:52:52,1
3DD.003D3ABFCC,Methow River,9/7/2018,2018,48.05039,-119.904106,MRC,MRC - Methow River at Carlton,2019-04-04 20:52:02,2019-04-04 20:52:02,1
3DD.003D3ABFCD,Methow River,9/7/2018,2018,48.05039,-119.904106,LMR,LMR - Lower Methow River at Pateros,2018-09-08 01:54:58,2018-09-08 01:54:58,1
3DD.003D3ABFCD,Methow River,9/7/2018,2018,48.05039,-119.904106,MRC,MRC - Methow River at Carlton,2018-09-12 00:45:38,2018-09-12 00:45:38,1
3DD.003D3ABFCE,Methow River,9/7/2018,2018,48.05039,-119.904106,LMR,LMR - Lower Methow River at Pateros,2018-09-08 19:44:09,2018-09-08 19:44:20,1
3DD.003D3ABFCE,Methow River,9/7/2018,2018,48.05039,-119.904106,MRC,MRC - Methow River at Carlton,2019-04-26 03:29:12,2019-04-26 03:29:12,1
3DD.003D3ABFCF,Methow River,9/7/2018,2018,48.05039,-119.904106,LMR,LMR - Lower Methow River at Pateros,2018-09-08 03:13:28,2018-09-08 03:13:28,1
3DD.003D3ABFD1,Methow River,9/7/2018,2018,48.05039,-119.904106,LMR,LMR - Lower Methow River at Pateros,2018-09-08 01:13:06,2018-09-08 01:13:06,1
3DD.003D3ABFD2,Methow River,9/7/2018,2018,48.05039,-119.904106,MRC,MRC - Methow River at Carlton,2018-09-11 03:10:40,2018-09-11 03:10:40,1
3DD.003D3ABFD3,Starr Boat Launch,8/9/2019,2019,47.983552,-119.887492,CRW,CRW - Chewuch River above Winthrop,2019-09-10 01:15:46,2020-07-01 04:39:06,1
3DD.003D3ABFD4,Methow River,9/7/2018,2018,48.05039,-119.904106,LMR,LMR - Lower Methow River at Pateros,2018-09-08 03:27:54,2018-09-08 03:27:54,1
3DD.003D3ABFD4,Methow River,9/7/2018,2018,48.05039,-119.904106,MRC,MRC - Methow River at Carlton,2018-09-14 20:16:34,2018-09-14 20:16:34,1
3DD.003D3ABFD5,Methow River,9/7/2018,2018,48.05039,-119.904106,MRC,MRC - Methow River at Carlton,2019-05-07 20:25:40,2019-05-07 20:27:10,1
3DD.003D3ABFD7,Methow River,9/7/2018,2018,48.05039,-119.904106,LMR,LMR - Lower Methow River at Pateros,2018-09-08 19:47:36,2018-09-08 19:47:36,1
3DD.003D3ABFD7,Methow River,9/7/2018,2018,48.05039,-119.904106,MRC,MRC - Methow River at Carlton,2018-09-13 21:09:24,2018-09-13 21:09:24,1
3DD.003D3ABFD9,Starr Boat Launch,8/9/2019,2019,47.983552,-119.887492,MRC,MRC - Methow River at Carlton,2020-06-10 22:36:07,2020-06-10 22:36:07,1
3DD.003D3ABFDB,Methow River,9/7/2018,2018,48.05039,-119.904106,LMR,LMR - Lower Methow River at Pateros,2018-09-08 01:21:54,2018-09-08 01:21:54,1
3DD.003D3ABFDD,Methow River,9/7/2018,2018,48.05039,-119.904106,CRW,CRW - Chewuch River above Winthrop,2019-05-25 03:08:15,2019-06-12 09:47:12,1
3DD.003D3ABFDD,Methow River,9/7/2018,2018,48.05039,-119.904106,LMR,LMR - Lower Methow River at Pateros,2018-09-08 01:44:03,2018-09-08 01:44:03,1
3DD.003D3ABFDE,Methow River,9/7/2018,2018,48.05039,-119.904106,LMR,LMR - Lower Methow River at Pateros,2019-05-02 23:35:11,2019-05-02 23:35:51,1
3DD.003D3ABFDF,Methow River,9/7/2018,2018,48.05039,-119.904106,LMR,LMR - Lower Methow River at Pateros,2018-09-08 01:27:59,2018-09-08 01:27:59,1
3DD.003D3ABFDF,Methow River,9/7/2018,2018,48.05039,-119.904106,MRC,MRC - Methow River at Carlton,2019-06-04 07:00:21,2019-06-04 07:00:21,1
3DD.003D3ABFE1,Methow River,9/7/2018,2018,48.05039,-119.904106,LMR,LMR - Lower Methow River at Pateros,2018-09-08 00:24:38,2018-09-08 00:24:38,1
3DD.003D3ABFE2,Methow River,9/7/2018,2018,48.05039,-119.904106,LMR,LMR - Lower Methow River at Pateros,2018-09-08 01:05:14,2018-09-08 01:05:14,1
3DD.003D3ABFE3,Methow River,9/7/2018,2018,48.05039,-119.904106,LMR,LMR - Lower Methow River at Pateros,2018-09-08 00:31:28,2018-09-08 00:31:28,1
3DD.003D3ABFE4,Methow River,9/7/2018,2018,48.05039,-119.904106,LMR,LMR - Lower Methow River at Pateros,2018-09-08 00:48:54,2018-09-08 00:48:54,1
3DD.003D3ABFE7,Methow River,9/7/2018,2018,48.05039,-119.904106,MRC,MRC - Methow River at Carlton,2018-09-12 01:41:15,2019-05-29 21:06:54,1
3DD.003D3ABFE8,Methow River,9/7/2018,2018,48.05039,-119.904106,LMR,LMR - Lower Methow River at Pateros,2018-09-08 00:39:28,2018-09-08 00:39:28,1
3DD.003D3ABFE8,Methow River,9/7/2018,2018,48.05039,-119.904106,MRC,MRC - Methow River at Carlton,2018-09-11 19:40:24,2018-09-11 19:40:24,1
3DD.003D3ABFE9,Methow River,9/7/2018,2018,48.05039,-119.904106,LMR,LMR - Lower Methow River at Pateros,2018-09-08 01:13:05,2018-09-08 01:13:05,1
3DD.003D3ABFE9,Methow River,9/7/2018,2018,48.05039,-119.904106,MRC,MRC - Methow River at Carlton,2019-05-07 21:35:11,2019-05-07 21:35:11,1
3DD.003D3ABFEA,Methow River,9/7/2018,2018,48.05039,-119.904106,MRC,MRC - Methow River at Carlton,2018-09-11 21:34:39,2018-09-11 21:34:39,1
3DD.003D3ABFEB,Methow River,9/7/2018,2018,48.05039,-119.904106,LMR,LMR - Lower Methow River at Pateros,2018-09-08 00:50:13,2018-09-08 00:50:18,1
3DD.003D3ABFEB,Methow River,9/7/2018,2018,48.05039,-119.904106,MRC,MRC - Methow River at Carlton,2018-09-11 03:01:46,2018-09-11 03:01:46,1
3DD.003D3ABFEC,Methow River,9/7/2018,2018,48.05039,-119.904106,LMR,LMR - Lower Methow River at Pateros,2018-09-08 01:04:54,2018-09-08 01:04:54,1
3DD.003D3ABFEC,Methow River,9/7/2018,2018,48.05039,-119.904106,MRC,MRC - Methow River at Carlton,2018-09-11 21:24:13,2018-09-11 21:24:16,1
3DD.003D3ABFED,Methow River,9/7/2018,2018,48.05039,-119.904106,CRW,CRW - Chewuch River above Winthrop,2019-06-23 21:27:04,2019-06-23 21:28:54,1
3DD.003D3ABFED,Methow River,9/7/2018,2018,48.05039,-119.904106,LMR,LMR - Lower Methow River at Pateros,2018-09-08 03:17:18,2018-09-08 03:17:18,1
3DD.003D3ABFED,Methow River,9/7/2018,2018,48.05039,-119.904106,MRC,MRC - Methow River at Carlton,2018-09-13 21:46:08,2018-09-13 21:46:40,1
3DD.003D3ABFEE,Starr Boat Launch,8/9/2019,2019,47.983552,-119.887492,LMR,LMR - Lower Methow River at Pateros,2020-06-09 12:30:17,2020-06-09 12:30:17,1
3DD.003D3ABFEF,Methow River,9/7/2018,2018,48.05039,-119.904106,LMR,LMR - Lower Methow River at Pateros,2018-09-08 02:54:03,2018-09-08 02:54:16,1
3DD.003D3ABFF0,Starr Boat Launch,8/9/2019,2019,47.983552,-119.887492,LMR,LMR - Lower Methow River at Pateros,2020-05-02 03:12:03,2020-07-18 02:39:17,1
3DD.003D3ABFF1,Methow River,9/7/2018,2018,48.05039,-119.904106,LMR,LMR - Lower Methow River at Pateros,2018-09-10 00:11:18,2018-09-10 00:11:27,1
3DD.003D3ABFF1,Methow River,9/7/2018,2018,48.05039,-119.904106,MRC,MRC - Methow River at Carlton,2019-04-19 00:40:27,2019-04-19 00:40:27,1
3DD.003D3ABFF3,Methow River,9/7/2018,2018,48.05039,-119.904106,LMR,LMR - Lower Methow River at Pateros,2018-09-07 23:43:04,2018-09-07 23:43:15,1
3DD.003D3ABFF3,Methow River,9/7/2018,2018,48.05039,-119.904106,MRC,MRC - Methow River at Carlton,2019-05-27 21:12:31,2019-05-27 21:13:31,1
3DD.003D3ABFF4,Methow River,9/7/2018,2018,48.05039,-119.904106,CRW,CRW - Chewuch River above Winthrop,2018-09-15 00:11:27,2018-09-15 00:13:33,1
3DD.003D3ABFF5,Methow River,9/7/2018,2018,48.05039,-119.904106,LMR,LMR - Lower Methow River at Pateros,2018-09-08 20:16:57,2018-09-08 20:17:04,1
3DD.003D3ABFF6,Methow River,9/7/2018,2018,48.05039,-119.904106,LMR,LMR - Lower Methow River at Pateros,2018-09-08 01:20:15,2018-09-08 01:20:25,1
3DD.003D3ABFF7,Methow River,9/7/2018,2018,48.05039,-119.904106,LMR,LMR - Lower Methow River at Pateros,2018-09-08 02:49:09,2018-09-08 02:49:09,1
3DD.003D3ABFF7,Methow River,9/7/2018,2018,48.05039,-119.904106,MRC,MRC - Methow River at Carlton,2018-09-11 21:11:18,2018-09-11 21:11:18,1
3DD.003D3ABFF8,Methow River,9/7/2018,2018,48.05039,-119.904106,MRC,MRC - Methow River at Carlton,2019-06-20 15:38:59,2019-06-20 15:38:59,1
3DD.003D3ABFF9,Methow River,9/7/2018,2018,48.05039,-119.904106,LMR,LMR - Lower Methow River at Pateros,2018-09-08 22:04:12,2018-09-08 22:04:12,1
3DD.003D3ABFFA,Methow River,9/7/2018,2018,48.05039,-119.904106,LMR,LMR - Lower Methow River at Pateros,2018-09-08 03:48:50,2018-09-08 03:49:01,1
3DD.003D3ABFFB,Methow River,9/7/2018,2018,48.05039,-119.904106,MRC,MRC - Methow River at Carlton,2018-09-14 19:29:42,2018-09-14 19:29:42,1
3DD.003D3ABFFC,Starr Boat Launch,8/9/2019,2019,47.983552,-119.887492,LMR,LMR - Lower Methow River at Pateros,2019-08-13 23:07:31,2020-06-21 20:18:50,1
3DD.003D3ABFFC,Starr Boat Launch,8/9/2019,2019,47.983552,-119.887492,MRC,MRC - Methow River at Carlton,2019-08-27 23:18:10,2019-08-27 23:18:10,1
3DD.003D3ABFFD,Starr Boat Launch,8/9/2019,2019,47.983552,-119.887492,LMR,LMR - Lower Methow River at Pateros,2019-08-10 20:31:12,2020-06-17 15:58:30,1
3DD.003D3ABFFD,Starr Boat Launch,8/9/2019,2019,47.983552,-119.887492,MRC,MRC - Methow River at Carlton,2019-08-15 20:28:56,2020-06-09 23:56:59,1
3DD.003D3ABFFE,Methow River,9/7/2018,2018,48.05039,-119.904106,LMR,LMR - Lower Methow River at Pateros,2018-09-08 21:44:33,2018-09-08 21:44:42,1
3DD.003D3ABFFF,Methow River,9/7/2018,2018,48.05039,-119.904106,LMR,LMR - Lower Methow River at Pateros,2018-09-08 00:55:08,2018-09-08 00:55:08,1
3DD.003D3ABFFF,Methow River,9/7/2018,2018,48.05039,-119.904106,MRC,MRC - Methow River at Carlton,2018-09-11 04:27:04,2018-09-11 04:27:04,1
3DD.003D3AC000,Methow River,9/7/2018,2018,48.05039,-119.904106,LMR,LMR - Lower Methow River at Pateros,2018-09-08 21:24:31,2018-09-08 21:24:40,1
3DD.003D3AC000,Methow River,9/7/2018,2018,48.05039,-119.904106,MRC,MRC - Methow River at Carlton,2018-09-30 02:40:33,2018-09-30 02:40:33,1
3DD.003D3AC001,Methow River,9/7/2018,2018,48.05039,-119.904106,LMR,LMR - Lower Methow River at Pateros,2018-09-08 01:19:15,2018-09-08 01:19:15,1
3DD.003D3AC002,Methow River,9/7/2018,2018,48.05039,-119.904106,LMR,LMR - Lower Methow River at Pateros,2018-09-08 03:13:56,2018-09-08 03:13:56,1
3DD.003D3AC002,Methow River,9/7/2018,2018,48.05039,-119.904106,MRC,MRC - Methow River at Carlton,2018-09-13 23:17:34,2018-09-13 23:17:34,1
3DD.003D3AC003,Methow River,9/7/2018,2018,48.05039,-119.904106,LMR,LMR - Lower Methow River at Pateros,2018-09-08 00:52:19,2018-09-08 00:52:29,1
3DD.003D3AC003,Methow River,9/7/2018,2018,48.05039,-119.904106,MRC,MRC - Methow River at Carlton,2019-04-19 20:49:20,2019-04-19 20:50:20,1
3DD.003D3AC004,Methow River,9/7/2018,2018,48.05039,-119.904106,LMR,LMR - Lower Methow River at Pateros,2018-09-08 02:26:10,2018-09-08 02:26:10,1
3DD.003D3AC006,Methow River,9/7/2018,2018,48.05039,-119.904106,CRW,CRW - Chewuch River above Winthrop,2019-06-26 22:36:39,2019-06-26 22:38:54,1
3DD.003D3AC006,Methow River,9/7/2018,2018,48.05039,-119.904106,MRC,MRC - Methow River at Carlton,2019-05-31 00:31:58,2019-05-31 00:34:28,1
3DD.003D3AC007,Methow River,9/7/2018,2018,48.05039,-119.904106,CRW,CRW - Chewuch River above Winthrop,2018-09-13 21:09:33,2018-09-13 21:11:00,1
3DD.003D3AC007,Methow River,9/7/2018,2018,48.05039,-119.904106,LMR,LMR - Lower Methow River at Pateros,2018-09-07 23:28:34,2018-09-07 23:28:50,1
3DD.003D3AC007,Methow River,9/7/2018,2018,48.05039,-119.904106,MRC,MRC - Methow River at Carlton,2018-09-10 21:31:55,2018-09-10 21:31:55,1
3DD.003D3AC008,Methow River,9/7/2018,2018,48.05039,-119.904106,LMR,LMR - Lower Methow River at Pateros,2018-09-08 01:17:23,2018-09-08 01:17:23,1
3DD.003D3AC008,Methow River,9/7/2018,2018,48.05039,-119.904106,MRC,MRC - Methow River at Carlton,2018-09-12 02:52:53,2018-09-12 02:52:53,1
3DD.003D3AC009,Methow River,9/7/2018,2018,48.05039,-119.904106,LMR,LMR - Lower Methow River at Pateros,2018-09-08 00:16:39,2018-09-08 00:16:53,1
3DD.003D3AC009,Methow River,9/7/2018,2018,48.05039,-119.904106,MRC,MRC - Methow River at Carlton,2019-04-19 20:47:41,2019-04-19 20:47:41,1
3DD.003D3AC00A,Methow River,9/7/2018,2018,48.05039,-119.904106,LMR,LMR - Lower Methow River at Pateros,2018-09-08 21:19:09,2018-09-08 21:19:09,1
3DD.003D3AC00C,Methow River,9/7/2018,2018,48.05039,-119.904106,LMR,LMR - Lower Methow River at Pateros,2018-09-07 23:37:57,2018-09-07 23:38:08,1
3DD.003D3AC00C,Methow River,9/7/2018,2018,48.05039,-119.904106,MRC,MRC - Methow River at Carlton,2018-09-11 20:40:14,2018-09-11 20:40:14,1
3DD.003D3AC00D,Methow River,9/7/2018,2018,48.05039,-119.904106,LMR,LMR - Lower Methow River at Pateros,2018-09-08 20:51:34,2018-09-08 20:51:34,1
3DD.003D3AC00E,Methow River,9/7/2018,2018,48.05039,-119.904106,LMR,LMR - Lower Methow River at Pateros,2018-09-08 19:52:09,2018-09-08 19:52:17,1
3DD.003D3AC00F,Methow River,9/7/2018,2018,48.05039,-119.904106,LMR,LMR - Lower Methow River at Pateros,2018-09-08 00:59:16,2018-09-08 00:59:30,1
3DD.003D3AC010,Methow River,9/7/2018,2018,48.05039,-119.904106,LMR,LMR - Lower Methow River at Pateros,2018-09-21 21:12:57,2018-09-21 21:13:14,1
3DD.003D3AC013,Starr Boat Launch,8/9/2019,2019,47.983552,-119.887492,LMR,LMR - Lower Methow River at Pateros,2019-08-11 20:58:53,2019-08-11 20:58:55,1
3DD.003D3AC013,Starr Boat Launch,8/9/2019,2019,47.983552,-119.887492,MRC,MRC - Methow River at Carlton,2019-08-17 22:06:30,2019-08-17 22:06:30,1
3DD.003D3AC014,Methow River,9/7/2018,2018,48.05039,-119.904106,LMR,LMR - Lower Methow River at Pateros,2018-09-08 01:08:26,2018-09-08 01:08:26,1
3DD.003D3AC015,Methow River,9/7/2018,2018,48.05039,-119.904106,LMR,LMR - Lower Methow River at Pateros,2018-09-08 03:15:57,2018-09-08 03:15:57,1
3DD.003D3AC016,Methow River,9/7/2018,2018,48.05039,-119.904106,LMR,LMR - Lower Methow River at Pateros,2018-09-08 21:29:31,2018-09-08 21:29:43,1
3DD.003D3AC017,Methow River,9/7/2018,2018,48.05039,-119.904106,LMR,LMR - Lower Methow River at Pateros,2018-09-08 03:50:37,2018-09-08 03:50:37,1
3DD.003D3AC018,Methow River,9/7/2018,2018,48.05039,-119.904106,LMR,LMR - Lower Methow River at Pateros,2018-09-08 00:16:40,2018-09-08 00:16:53,1
3DD.003D3AC019,Methow River,9/7/2018,2018,48.05039,-119.904106,LMR,LMR - Lower Methow River at Pateros,2018-09-08 01:36:18,2018-09-08 01:36:18,1
3DD.003D3AC01A,Methow River,9/7/2018,2018,48.05039,-119.904106,LMR,LMR - Lower Methow River at Pateros,2018-09-08 03:57:55,2018-09-08 03:57:55,1
3DD.003D3AC01A,Methow River,9/7/2018,2018,48.05039,-119.904106,MRC,MRC - Methow River at Carlton,2018-09-14 23:51:49,2018-09-14 23:51:49,1
3DD.003D3AC01B,Methow River,8/31/2018,2018,48.05039,-119.904106,LMR,LMR - Lower Methow River at Pateros,2018-09-01 21:18:17,2018-09-01 21:18:25,1
3DD.003D3AC01B,Methow River,8/31/2018,2018,48.05039,-119.904106,MRC,MRC - Methow River at Carlton,2018-09-07 01:11:39,2018-09-07 01:11:39,1
3DD.003D3AC01D,Methow River,8/31/2018,2018,48.05039,-119.904106,LMR,LMR - Lower Methow River at Pateros,2018-09-01 20:16:17,2018-09-01 20:16:31,1
3DD.003D3AC01E,Methow River,8/31/2018,2018,48.05039,-119.904106,LMR,LMR - Lower Methow River at Pateros,2018-09-01 01:53:18,2018-09-01 01:53:18,1
3DD.003D3AC01F,Brewster Boat Launch,8/31/2018,2018,48.090547,-119.786141,OKL,OKL - Lower Okanogan Instream Array,2019-06-08 22:07:51,2019-06-08 22:07:56,1
3DD.003D3AC021,Brewster Boat Launch,8/31/2018,2018,48.090547,-119.786141,LMR,LMR - Lower Methow River at Pateros,2018-09-02 19:29:52,2018-09-02 19:30:09,1
3DD.003D3AC023,Methow River,8/31/2018,2018,48.05039,-119.904106,LMR,LMR - Lower Methow River at Pateros,2018-09-01 03:17:14,2018-09-01 03:17:17,1
3DD.003D3AC024,Methow River,8/31/2018,2018,48.05039,-119.904106,LMR,LMR - Lower Methow River at Pateros,2018-09-03 20:19:59,2018-09-03 20:20:06,1
3DD.003D3AC024,Methow River,8/31/2018,2018,48.05039,-119.904106,MRC,MRC - Methow River at Carlton,2018-09-09 03:23:41,2019-06-28 03:33:13,1
3DD.003D3AC025,Methow River,8/31/2018,2018,48.05039,-119.904106,LMR,LMR - Lower Methow River at Pateros,2018-09-02 23:38:51,2018-09-02 23:39:00,1
3DD.003D3AC025,Methow River,8/31/2018,2018,48.05039,-119.904106,MRC,MRC - Methow River at Carlton,2019-04-18 21:55:54,2019-07-08 20:34:36,1
3DD.003D3AC026,Methow River,8/31/2018,2018,48.05039,-119.904106,LMR,LMR - Lower Methow River at Pateros,2018-09-01 23:48:51,2018-09-01 23:49:06,1
3DD.003D3AC027,Methow River,8/31/2018,2018,48.05039,-119.904106,LMR,LMR - Lower Methow River at Pateros,2018-09-02 23:10:57,2018-09-02 23:11:01,1
3DD.003D3AC029,Methow River,8/31/2018,2018,48.05039,-119.904106,LMR,LMR - Lower Methow River at Pateros,2018-09-01 01:43:31,2018-09-01 01:43:35,1
3DD.003D3AC029,Methow River,8/31/2018,2018,48.05039,-119.904106,MRC,MRC - Methow River at Carlton,2018-09-05 03:20:27,2018-09-05 03:20:27,1
3DD.003D3AC02A,Methow River,8/31/2018,2018,48.05039,-119.904106,CRW,CRW - Chewuch River above Winthrop,2018-09-11 20:41:54,2018-09-11 20:43:35,1
3DD.003D3AC02A,Methow River,8/31/2018,2018,48.05039,-119.904106,LMR,LMR - Lower Methow River at Pateros,2018-09-01 21:34:55,2018-09-01 21:34:55,1
3DD.003D3AC02A,Methow River,8/31/2018,2018,48.05039,-119.904106,MRC,MRC - Methow River at Carlton,2018-09-07 04:06:55,2018-09-07 04:06:55,1
3DD.003D3AC02B,Methow River,8/31/2018,2018,48.05039,-119.904106,CRW,CRW - Chewuch River above Winthrop,2019-06-13 09:12:47,2019-06-13 12:35:34,1
3DD.003D3AC02B,Methow River,8/31/2018,2018,48.05039,-119.904106,LMR,LMR - Lower Methow River at Pateros,2018-09-01 19:35:41,2018-09-01 19:35:54,1
3DD.003D3AC02B,Methow River,8/31/2018,2018,48.05039,-119.904106,MRC,MRC - Methow River at Carlton,2019-04-03 21:20:22,2019-04-03 21:20:22,1
3DD.003D3AC02C,Methow River,9/7/2018,2018,48.05039,-119.904106,LMR,LMR - Lower Methow River at Pateros,2018-09-08 01:32:58,2018-09-08 01:32:58,1
3DD.003D3AC02F,Methow River,8/31/2018,2018,48.05039,-119.904106,CRW,CRW - Chewuch River above Winthrop,2018-09-09 21:33:40,2018-09-09 21:35:11,1
3DD.003D3AC02F,Methow River,8/31/2018,2018,48.05039,-119.904106,LMR,LMR - Lower Methow River at Pateros,2018-09-01 20:52:36,2018-09-01 20:52:50,1
3DD.003D3AC02F,Methow River,8/31/2018,2018,48.05039,-119.904106,MRC,MRC - Methow River at Carlton,2018-09-06 03:06:32,2018-09-06 03:06:32,1
3DD.003D3AC030,Methow River,8/31/2018,2018,48.05039,-119.904106,CRW,CRW - Chewuch River above Winthrop,2018-09-09 23:51:42,2018-09-09 23:53:18,1
3DD.003D3AC030,Methow River,8/31/2018,2018,48.05039,-119.904106,LMR,LMR - Lower Methow River at Pateros,2018-09-02 03:00:18,2018-09-02 03:00:32,1
3DD.003D3AC030,Methow River,8/31/2018,2018,48.05039,-119.904106,MRC,MRC - Methow River at Carlton,2018-09-06 21:28:59,2018-09-06 21:28:59,1
3DD.003D3AC031,Methow River,8/31/2018,2018,48.05039,-119.904106,LMR,LMR - Lower Methow River at Pateros,2018-09-01 21:31:06,2018-09-01 21:31:15,1
3DD.003D3AC031,Methow River,8/31/2018,2018,48.05039,-119.904106,MRC,MRC - Methow River at Carlton,2018-09-06 03:04:41,2019-06-11 23:51:40,1
3DD.003D3AC033,Methow River,8/31/2018,2018,48.05039,-119.904106,LMR,LMR - Lower Methow River at Pateros,2018-09-01 22:32:20,2019-06-28 14:58:03,1
3DD.003D3AC034,Methow River,8/31/2018,2018,48.05039,-119.904106,LMR,LMR - Lower Methow River at Pateros,2018-09-01 20:35:39,2018-09-01 20:35:43,1
3DD.003D3AC034,Methow River,8/31/2018,2018,48.05039,-119.904106,MRC,MRC - Methow River at Carlton,2018-09-09 21:39:37,2018-09-09 21:39:37,1
3DD.003D3AC035,Methow River,8/31/2018,2018,48.05039,-119.904106,MRC,MRC - Methow River at Carlton,2018-09-04 20:49:21,2018-09-04 20:49:21,1
3DD.003D3AC036,Methow River,9/7/2018,2018,48.05039,-119.904106,LMR,LMR - Lower Methow River at Pateros,2018-09-08 03:31:20,2018-09-08 03:31:33,1
3DD.003D3AC038,Methow River,8/31/2018,2018,48.05039,-119.904106,CRW,CRW - Chewuch River above Winthrop,2019-05-06 00:51:40,2019-06-21 01:30:06,1
3DD.003D3AC038,Methow River,8/31/2018,2018,48.05039,-119.904106,LMR,LMR - Lower Methow River at Pateros,2018-09-03 02:46:15,2018-09-03 02:46:15,1
3DD.003D3AC038,Methow River,8/31/2018,2018,48.05039,-119.904106,MRC,MRC - Methow River at Carlton,2018-09-09 03:03:19,2018-09-09 03:03:19,1
3DD.003D3AC039,Methow River,8/31/2018,2018,48.05039,-119.904106,LMR,LMR - Lower Methow River at Pateros,2018-09-01 01:55:15,2018-09-01 01:55:31,1
3DD.003D3AC039,Methow River,8/31/2018,2018,48.05039,-119.904106,MRC,MRC - Methow River at Carlton,2018-09-05 21:15:55,2018-09-05 21:15:55,1
3DD.003D3AC03B,Methow River,8/31/2018,2018,48.05039,-119.904106,LMR,LMR - Lower Methow River at Pateros,2018-09-01 19:26:23,2018-09-01 19:26:31,1
3DD.003D3AC03B,Methow River,8/31/2018,2018,48.05039,-119.904106,MRC,MRC - Methow River at Carlton,2018-09-06 22:23:10,2018-09-06 22:23:10,1
3DD.003D3AC03C,Methow River,8/31/2018,2018,48.05039,-119.904106,LMR,LMR - Lower Methow River at Pateros,2018-09-02 20:24:50,2018-09-02 20:24:55,1
3DD.003D3AC03E,Methow River,8/31/2018,2018,48.05039,-119.904106,LMR,LMR - Lower Methow River at Pateros,2018-09-08 01:39:01,2018-09-08 01:39:08,1
3DD.003D3AC03E,Methow River,8/31/2018,2018,48.05039,-119.904106,MRC,MRC - Methow River at Carlton,2018-09-17 23:00:09,2018-09-17 23:00:09,1
3DD.003D3AC040,Brewster Boat Launch,8/31/2018,2018,48.090547,-119.786141,LMR,LMR - Lower Methow River at Pateros,2019-07-28 17:13:31,2019-07-28 17:15:10,1
3DD.003D3AC041,Methow River,8/31/2018,2018,48.05039,-119.904106,CRW,CRW - Chewuch River above Winthrop,2019-06-25 23:42:50,2019-06-25 23:44:28,1
3DD.003D3AC041,Methow River,8/31/2018,2018,48.05039,-119.904106,LMR,LMR - Lower Methow River at Pateros,2018-09-01 19:56:07,2018-09-01 19:56:22,1
3DD.003D3AC042,Brewster Boat Launch,8/31/2018,2018,48.090547,-119.786141,OKL,OKL - Lower Okanogan Instream Array,2019-05-10 14:11:13,2019-05-10 14:11:17,1
3DD.003D3AC043,Methow River,8/31/2018,2018,48.05039,-119.904106,CRW,CRW - Chewuch River above Winthrop,2019-05-28 14:35:14,2019-05-28 14:35:14,1
3DD.003D3AC043,Methow River,8/31/2018,2018,48.05039,-119.904106,LMR,LMR - Lower Methow River at Pateros,2018-09-01 01:20:21,2018-09-01 01:20:32,1
3DD.003D3AC043,Methow River,8/31/2018,2018,48.05039,-119.904106,MRC,MRC - Methow River at Carlton,2018-09-06 23:14:22,2018-09-06 23:14:22,1
3DD.003D3AC044,Methow River,8/31/2018,2018,48.05039,-119.904106,LMR,LMR - Lower Methow River at Pateros,2018-09-02 22:12:41,2018-09-02 22:12:55,1
3DD.003D3AC044,Methow River,8/31/2018,2018,48.05039,-119.904106,MRC,MRC - Methow River at Carlton,2019-04-20 22:59:30,2019-06-18 04:37:40,1
3DD.003D3AC046,Methow River,8/31/2018,2018,48.05039,-119.904106,CRW,CRW - Chewuch River above Winthrop,2018-09-10 01:17:49,2018-09-10 01:19:31,1
3DD.003D3AC046,Methow River,8/31/2018,2018,48.05039,-119.904106,LMR,LMR - Lower Methow River at Pateros,2018-09-01 20:21:54,2018-09-01 20:22:03,1
3DD.003D3AC046,Methow River,8/31/2018,2018,48.05039,-119.904106,MRC,MRC - Methow River at Carlton,2018-09-06 20:45:56,2018-09-06 20:45:56,1
3DD.003D3AC047,Methow River,8/31/2018,2018,48.05039,-119.904106,LMR,LMR - Lower Methow River at Pateros,2018-09-01 21:48:20,2018-09-01 21:48:20,1
3DD.003D3AC047,Methow River,8/31/2018,2018,48.05039,-119.904106,MRC,MRC - Methow River at Carlton,2018-09-05 23:24:20,2018-09-05 23:24:20,1
3DD.003D3AC048,Methow River,8/31/2018,2018,48.05039,-119.904106,LMR,LMR - Lower Methow River at Pateros,2018-09-05 00:44:29,2018-09-05 00:44:36,1
3DD.003D3AC049,Brewster Boat Launch,8/31/2018,2018,48.090547,-119.786141,LMR,LMR - Lower Methow River at Pateros,2019-07-14 01:04:27,2019-07-14 01:04:27,1
3DD.003D3AC04A,Methow River,8/31/2018,2018,48.05039,-119.904106,LMR,LMR - Lower Methow River at Pateros,2018-09-01 19:55:15,2018-09-01 19:55:19,1
3DD.003D3AC04A,Methow River,8/31/2018,2018,48.05039,-119.904106,MRC,MRC - Methow River at Carlton,2018-09-07 20:57:15,2018-09-07 20:57:15,1
3DD.003D3AC04B,Methow River,8/31/2018,2018,48.05039,-119.904106,LMR,LMR - Lower Methow River at Pateros,2018-09-01 03:26:03,2018-09-01 03:26:14,1
3DD.003D3AC04B,Methow River,8/31/2018,2018,48.05039,-119.904106,MRC,MRC - Methow River at Carlton,2018-09-07 01:07:57,2018-09-07 01:07:57,1
3DD.003D3AC04D,Methow River,8/31/2018,2018,48.05039,-119.904106,LMR,LMR - Lower Methow River at Pateros,2019-07-10 00:47:30,2019-07-10 00:47:30,1
3DD.003D3AC04E,Methow River,9/7/2018,2018,48.05039,-119.904106,ENL,ENL - Lower Entiat River,2019-05-05 23:57:53,2019-07-05 16:20:49,1
3DD.003D3AC04F,Methow River,8/31/2018,2018,48.05039,-119.904106,LMR,LMR - Lower Methow River at Pateros,2018-09-01 23:43:14,2018-09-01 23:43:14,1
3DD.003D3AC050,Methow River,8/31/2018,2018,48.05039,-119.904106,CRW,CRW - Chewuch River above Winthrop,2018-09-10 20:11:14,2019-06-15 01:41:23,1
3DD.003D3AC050,Methow River,8/31/2018,2018,48.05039,-119.904106,LMR,LMR - Lower Methow River at Pateros,2018-09-01 22:30:04,2018-09-01 22:30:04,1
3DD.003D3AC052,Methow River,8/31/2018,2018,48.05039,-119.904106,CRW,CRW - Chewuch River above Winthrop,2019-05-02 23:35:58,2019-05-02 23:40:40,1
3DD.003D3AC052,Methow River,8/31/2018,2018,48.05039,-119.904106,LMR,LMR - Lower Methow River at Pateros,2018-09-01 00:04:30,2018-09-01 00:04:41,1
3DD.003D3AC054,Methow River,8/31/2018,2018,48.05039,-119.904106,LMR,LMR - Lower Methow River at Pateros,2018-09-01 22:37:29,2018-09-01 22:37:29,1
3DD.003D3AC055,Methow River,8/31/2018,2018,48.05039,-119.904106,LMR,LMR - Lower Methow River at Pateros,2018-09-01 01:18:38,2018-09-01 01:18:54,1
3DD.003D3AC055,Methow River,8/31/2018,2018,48.05039,-119.904106,MRC,MRC - Methow River at Carlton,2018-09-04 23:34:42,2018-09-04 23:34:42,1
3DD.003D3AC056,Methow River,8/31/2018,2018,48.05039,-119.904106,CRW,CRW - Chewuch River above Winthrop,2019-05-07 21:51:10,2019-06-02 19:29:11,1
3DD.003D3AC056,Methow River,8/31/2018,2018,48.05039,-119.904106,LMR,LMR - Lower Methow River at Pateros,2018-09-01 01:47:30,2018-09-01 01:47:37,1
3DD.003D3AC056,Methow River,8/31/2018,2018,48.05039,-119.904106,MRC,MRC - Methow River at Carlton,2018-09-05 22:38:49,2018-09-05 22:38:49,1
3DD.003D3AC057,Methow River,8/31/2018,2018,48.05039,-119.904106,LMR,LMR - Lower Methow River at Pateros,2018-09-01 20:32:05,2018-09-01 20:32:16,1
3DD.003D3AC057,Methow River,8/31/2018,2018,48.05039,-119.904106,MRC,MRC - Methow River at Carlton,2018-09-06 21:25:19,2018-09-06 21:25:19,1
3DD.003D3AC058,Methow River,8/31/2018,2018,48.05039,-119.904106,CRW,CRW - Chewuch River above Winthrop,2018-09-09 19:53:14,2018-09-09 19:54:58,1
3DD.003D3AC058,Methow River,8/31/2018,2018,48.05039,-119.904106,LMR,LMR - Lower Methow River at Pateros,2018-09-01 01:13:22,2018-09-01 01:13:32,1
3DD.003D3AC058,Methow River,8/31/2018,2018,48.05039,-119.904106,MRC,MRC - Methow River at Carlton,2018-09-04 23:43:29,2018-09-04 23:43:29,1
3DD.003D3AC059,Methow River,8/31/2018,2018,48.05039,-119.904106,LMR,LMR - Lower Methow River at Pateros,2018-09-01 19:57:53,2018-09-01 19:57:56,1
3DD.003D3AC059,Methow River,8/31/2018,2018,48.05039,-119.904106,MRC,MRC - Methow River at Carlton,2018-09-05 23:31:26,2018-09-05 23:31:26,1
3DD.003D3AC05A,Methow River,8/31/2018,2018,48.05039,-119.904106,LMR,LMR - Lower Methow River at Pateros,2018-09-01 21:47:55,2018-09-01 21:47:57,1
3DD.003D3AC05A,Methow River,8/31/2018,2018,48.05039,-119.904106,MRC,MRC - Methow River at Carlton,2018-09-06 20:08:20,2018-09-06 20:08:20,1
3DD.003D3AC05B,Methow River,8/31/2018,2018,48.05039,-119.904106,LMR,LMR - Lower Methow River at Pateros,2018-09-01 01:53:03,2018-09-01 01:53:12,1
3DD.003D3AC05B,Methow River,8/31/2018,2018,48.05039,-119.904106,MRC,MRC - Methow River at Carlton,2018-09-13 21:00:09,2018-09-13 21:00:09,1
3DD.003D3AC05C,Methow River,8/31/2018,2018,48.05039,-119.904106,LMR,LMR - Lower Methow River at Pateros,2018-09-01 22:51:16,2018-09-01 22:51:24,1
3DD.003D3AC05C,Methow River,8/31/2018,2018,48.05039,-119.904106,MRC,MRC - Methow River at Carlton,2019-06-30 04:14:19,2019-06-30 04:14:19,1
3DD.003D3AC05D,Methow River,8/31/2018,2018,48.05039,-119.904106,LMR,LMR - Lower Methow River at Pateros,2018-09-01 23:43:39,2018-09-01 23:43:39,1
3DD.003D3AC05F,Methow River,8/31/2018,2018,48.05039,-119.904106,LMR,LMR - Lower Methow River at Pateros,2018-09-01 20:24:54,2018-09-01 20:24:54,1
3DD.003D3AC060,Methow River,8/31/2018,2018,48.05039,-119.904106,LMR,LMR - Lower Methow River at Pateros,2018-09-04 00:10:02,2018-09-04 00:10:02,1
3DD.003D3AC060,Methow River,8/31/2018,2018,48.05039,-119.904106,MRC,MRC - Methow River at Carlton,2018-09-11 20:56:12,2018-09-11 20:56:12,1
3DD.003D3AC062,Methow River,8/31/2018,2018,48.05039,-119.904106,LMR,LMR - Lower Methow River at Pateros,2018-09-03 23:34:09,2019-06-09 11:05:51,1
3DD.003D3AC063,Methow River,8/31/2018,2018,48.05039,-119.904106,LMR,LMR - Lower Methow River at Pateros,2018-09-01 19:51:32,2018-09-01 19:51:32,1
3DD.003D3AC063,Methow River,8/31/2018,2018,48.05039,-119.904106,MRC,MRC - Methow River at Carlton,2018-09-05 21:11:10,2018-09-05 21:11:10,1
3DD.003D3AC064,Methow River,8/31/2018,2018,48.05039,-119.904106,LMR,LMR - Lower Methow River at Pateros,2018-09-01 21:33:52,2018-09-01 21:33:52,1
3DD.003D3AC064,Methow River,8/31/2018,2018,48.05039,-119.904106,MRC,MRC - Methow River at Carlton,2018-09-07 22:07:06,2018-09-07 22:07:06,1
3DD.003D3AC066,Methow River,8/31/2018,2018,48.05039,-119.904106,MRC,MRC - Methow River at Carlton,2019-06-23 03:01:10,2019-06-23 03:01:10,1
3DD.003D3AC068,Methow River,8/31/2018,2018,48.05039,-119.904106,LMR,LMR - Lower Methow River at Pateros,2018-09-01 22:51:53,2018-09-01 22:52:02,1
3DD.003D3AC069,Brewster Boat Launch,8/31/2018,2018,48.090547,-119.786141,LMR,LMR - Lower Methow River at Pateros,2018-09-02 01:42:35,2019-07-06 17:17:07,1
3DD.003D3AC06A,Methow River,8/31/2018,2018,48.05039,-119.904106,LMR,LMR - Lower Methow River at Pateros,2018-09-01 00:15:12,2018-09-01 00:15:27,1
3DD.003D3AC06A,Methow River,8/31/2018,2018,48.05039,-119.904106,MRC,MRC - Methow River at Carlton,2018-09-04 19:50:56,2018-09-04 19:50:56,1
3DD.003D3AC06B,Methow River,8/31/2018,2018,48.05039,-119.904106,LMR,LMR - Lower Methow River at Pateros,2018-09-01 01:01:18,2018-09-01 01:01:27,1
3DD.003D3AC06B,Methow River,8/31/2018,2018,48.05039,-119.904106,MRC,MRC - Methow River at Carlton,2018-09-04 21:06:03,2018-09-04 21:06:03,1
3DD.003D3AC06C,Methow River,8/31/2018,2018,48.05039,-119.904106,LMR,LMR - Lower Methow River at Pateros,2018-09-01 19:59:36,2018-09-01 19:59:36,1
3DD.003D3AC06C,Methow River,8/31/2018,2018,48.05039,-119.904106,MRC,MRC - Methow River at Carlton,2018-09-06 21:06:40,2018-09-06 21:06:40,1
3DD.003D3AC06D,Methow River,8/31/2018,2018,48.05039,-119.904106,LMR,LMR - Lower Methow River at Pateros,2018-09-03 20:59:33,2018-09-03 20:59:40,1
3DD.003D3AC06E,Methow River,8/31/2018,2018,48.05039,-119.904106,LMR,LMR - Lower Methow River at Pateros,2018-09-01 21:13:09,2019-06-18 09:26:03,1
3DD.003D3AC070,Methow River,8/31/2018,2018,48.05039,-119.904106,CRW,CRW - Chewuch River above Winthrop,2019-06-28 23:38:18,2020-06-11 21:53:29,1
3DD.003D3AC070,Methow River,8/31/2018,2018,48.05039,-119.904106,LMR,LMR - Lower Methow River at Pateros,2018-09-01 22:40:18,2018-09-01 22:40:33,1
3DD.003D3AC071,Methow River,8/31/2018,2018,48.05039,-119.904106,LMR,LMR - Lower Methow River at Pateros,2018-09-01 23:14:20,2018-09-01 23:14:20,1
3DD.003D3AC072,Methow River,8/31/2018,2018,48.05039,-119.904106,LMR,LMR - Lower Methow River at Pateros,2018-09-01 04:01:10,2018-09-01 04:01:23,1
3DD.003D3AC072,Methow River,8/31/2018,2018,48.05039,-119.904106,MRC,MRC - Methow River at Carlton,2018-09-05 20:12:42,2018-09-05 20:12:42,1
3DD.003D3AC075,Methow River,8/31/2018,2018,48.05039,-119.904106,LMR,LMR - Lower Methow River at Pateros,2018-09-01 02:43:42,2018-09-01 02:43:42,1
3DD.003D3AC075,Methow River,8/31/2018,2018,48.05039,-119.904106,MRC,MRC - Methow River at Carlton,2019-04-21 04:49:54,2019-04-21 04:49:54,1
3DD.003D3AC076,Methow River,9/7/2018,2018,48.05039,-119.904106,CRW,CRW - Chewuch River above Winthrop,2019-06-22 22:07:27,2019-06-22 22:10:38,1
3DD.003D3AC076,Methow River,9/7/2018,2018,48.05039,-119.904106,LMR,LMR - Lower Methow River at Pateros,2018-09-10 23:44:33,2018-09-10 23:44:33,1
3DD.003D3AC077,Methow River,8/31/2018,2018,48.05039,-119.904106,LMR,LMR - Lower Methow River at Pateros,2018-09-02 01:29:24,2018-09-02 01:29:31,1
3DD.003D3AC077,Methow River,8/31/2018,2018,48.05039,-119.904106,MRC,MRC - Methow River at Carlton,2018-09-07 02:51:46,2018-09-07 02:51:46,1
3DD.003D3AC079,Methow River,8/31/2018,2018,48.05039,-119.904106,LMR,LMR - Lower Methow River at Pateros,2018-09-01 02:31:23,2018-09-01 02:31:23,1
3DD.003D3AC079,Methow River,8/31/2018,2018,48.05039,-119.904106,MRC,MRC - Methow River at Carlton,2018-09-06 23:50:02,2018-09-06 23:50:02,1
3DD.003D3AC07A,Methow River,8/31/2018,2018,48.05039,-119.904106,LMR,LMR - Lower Methow River at Pateros,2018-09-01 02:57:59,2018-09-01 02:57:59,1
3DD.003D3AC07A,Methow River,8/31/2018,2018,48.05039,-119.904106,MRC,MRC - Methow River at Carlton,2019-06-18 23:10:14,2019-06-18 23:10:14,1
3DD.003D3AC07C,Methow River,8/31/2018,2018,48.05039,-119.904106,LMR,LMR - Lower Methow River at Pateros,2018-09-07 23:04:53,2018-09-07 23:05:00,1
3DD.003D3AC07C,Methow River,8/31/2018,2018,48.05039,-119.904106,MRC,MRC - Methow River at Carlton,2018-09-11 03:25:21,2019-06-09 15:08:31,1
3DD.003D3AC07E,Methow River,8/31/2018,2018,48.05039,-119.904106,LMR,LMR - Lower Methow River at Pateros,2018-09-01 01:37:30,2018-09-01 01:37:42,1
3DD.003D3AC07E,Methow River,8/31/2018,2018,48.05039,-119.904106,MRC,MRC - Methow River at Carlton,2018-09-05 23:04:30,2018-09-05 23:04:30,1
3DD.003D7D1AFF,Starr Boat Launch,8/5/2021,2021,47.983552,-119.887492,CML,CML - Chewuch River Middle Lower,2022-06-23 23:05:43,2022-06-23 23:05:43,1
3DD.003D7D1AFF,Starr Boat Launch,8/5/2021,2021,47.983552,-119.887492,CMU,CMU - Chewuch River Middle Upper,2022-06-22 14:18:17,2022-06-22 14:18:17,1
3DD.003D7D1AFF,Starr Boat Launch,8/5/2021,2021,47.983552,-119.887492,CRW,CRW - Chewuch River above Winthrop,2021-08-16 01:50:05,2022-06-24 10:27:37,1
3DD.003D7D1AFF,Starr Boat Launch,8/5/2021,2021,47.983552,-119.887492,MRC,MRC - Methow River at Carlton,2021-08-12 22:06:46,2021-08-12 22:06:46,1
3DD.003D937347,Loup Loup Creek,9/9/2021,2021,48.375647,-119.763312,LLC,LLC - Loup Loup Creek Instream Array,2021-09-18 02:15:54,2021-09-18 02:16:20,1
3DD.003D93735D,Loup Loup Creek,9/9/2021,2021,48.375647,-119.763312,LLC,LLC - Loup Loup Creek Instream Array,2022-06-08 02:50:22,2022-06-08 02:50:36,1
3DD.003D93736D,Loup Loup Creek,9/9/2021,2021,48.375647,-119.763312,LLC,LLC - Loup Loup Creek Instream Array,2022-07-17 22:54:02,2022-07-17 22:54:18,1
3DD.003D937392,Loup Loup Creek,9/9/2021,2021,48.375647,-119.763312,LLC,LLC - Loup Loup Creek Instream Array,2022-06-22 02:22:25,2022-06-22 02:24:40,1
3DD.003D93739B,Loup Loup Creek,9/9/2021,2021,48.375647,-119.763312,LLC,LLC - Loup Loup Creek Instream Array,2022-06-26 22:26:20,2022-06-26 22:26:34,1
3DD.003D937662,Starr Boat Launch,8/13/2020,2020,47.983552,-119.887492,OKL,OKL - Lower Okanogan Instream Array,2020-08-16 01:05:29,2020-08-16 01:05:35,1
3DD.003D937664,Salmon Creek,8/13/2020,2020,48.446022,-119.666279,SA0,SA0 - Salmon Creek below OID Div.,2020-08-17 00:27:04,2020-08-17 00:27:36,1
3DD.003D937665,Starr Boat Launch,8/13/2020,2020,47.983552,-119.887492,CRW,CRW - Chewuch River above Winthrop,2020-08-22 01:04:39,2021-06-13 23:27:00,1
3DD.003D937665,Starr Boat Launch,8/13/2020,2020,47.983552,-119.887492,LMR,LMR - Lower Methow River at Pateros,2020-08-14 23:44:20,2020-08-14 23:44:20,1
3DD.003D937665,Starr Boat Launch,8/13/2020,2020,47.983552,-119.887492,MRC,MRC - Methow River at Carlton,2020-08-18 23:49:25,2020-08-18 23:49:25,1
3DD.003D937666,Starr Boat Launch,8/13/2020,2020,47.983552,-119.887492,LMR,LMR - Lower Methow River at Pateros,2020-08-14 22:56:08,2020-08-14 22:56:15,1
3DD.003D937666,Starr Boat Launch,8/13/2020,2020,47.983552,-119.887492,MRC,MRC - Methow River at Carlton,2020-08-18 23:53:21,2021-07-12 21:53:19,1
3DD.003D937668,Starr Boat Launch,8/13/2020,2020,47.983552,-119.887492,LMR,LMR - Lower Methow River at Pateros,2020-08-14 22:06:38,2020-08-14 22:06:38,1
3DD.003D937669,Omak Creek,8/13/2020,2020,48.353831,-119.288554,OBF,OBF - Omak Creek below Mission Falls,2021-06-16 01:59:59,2021-06-16 02:00:09,1
3DD.003D937669,Omak Creek,8/13/2020,2020,48.353831,-119.288554,OMF,OMF - Omak Creek above Mission Falls,2021-06-16 00:54:02,2021-06-16 00:54:02,1
3DD.003D937669,Omak Creek,8/13/2020,2020,48.353831,-119.288554,OMH,OMH - Omak Creek Haley Creek Road,2021-06-07 02:24:21,2021-06-07 02:24:21,1
3DD.003D937669,Omak Creek,8/13/2020,2020,48.353831,-119.288554,OMK,OMK - Omak Creek Instream Array,2021-06-18 03:15:08,2021-06-18 03:15:15,1
3DD.003D93766A,Starr Boat Launch,8/13/2020,2020,47.983552,-119.887492,LMR,LMR - Lower Methow River at Pateros,2020-08-15 00:32:52,2020-08-15 00:33:06,1
3DD.003D93766A,Starr Boat Launch,8/13/2020,2020,47.983552,-119.887492,MRC,MRC - Methow River at Carlton,2020-08-19 02:52:31,2020-08-19 02:52:31,1
3DD.003D93766B,Starr Boat Launch,8/20/2020,2020,47.983552,-119.887492,CRW,CRW - Chewuch River above Winthrop,2020-09-01 21:06:48,2020-09-01 21:08:25,1
3DD.003D93766B,Starr Boat Launch,8/20/2020,2020,47.983552,-119.887492,MRC,MRC - Methow River at Carlton,2020-08-25 21:15:57,2020-08-25 21:15:57,1
3DD.003D93766E,Starr Boat Launch,8/13/2020,2020,47.983552,-119.887492,LMR,LMR - Lower Methow River at Pateros,2020-08-15 01:45:10,2020-08-15 01:45:10,1
3DD.003D93766E,Starr Boat Launch,8/13/2020,2020,47.983552,-119.887492,MRC,MRC - Methow River at Carlton,2020-08-19 02:07:27,2020-08-19 02:07:27,1
3DD.003D93766F,Starr Boat Launch,8/13/2020,2020,47.983552,-119.887492,CRU,CRU - Upper Chewuch Instream Array,2020-08-23 03:02:32,2021-06-27 23:40:55,1
3DD.003D93766F,Starr Boat Launch,8/13/2020,2020,47.983552,-119.887492,CRW,CRW - Chewuch River above Winthrop,2020-08-20 20:41:46,2021-06-29 23:50:04,1
3DD.003D93766F,Starr Boat Launch,8/13/2020,2020,47.983552,-119.887492,LMR,LMR - Lower Methow River at Pateros,2020-08-14 02:06:54,2020-08-14 02:06:54,1
3DD.003D93766F,Starr Boat Launch,8/13/2020,2020,47.983552,-119.887492,MRC,MRC - Methow River at Carlton,2020-08-17 20:28:59,2021-07-04 10:05:19,1
3DD.003D937671,Starr Boat Launch,8/13/2020,2020,47.983552,-119.887492,LMR,LMR - Lower Methow River at Pateros,2020-08-14 21:08:55,2020-08-14 21:09:05,1
3DD.003D937674,Loup Loup Creek,8/20/2020,2020,48.375647,-119.763312,LLC,LLC - Loup Loup Creek Instream Array,2021-06-19 01:46:20,2021-06-19 01:46:34,1
3DD.003D937676,Starr Boat Launch,8/13/2020,2020,47.983552,-119.887492,LMR,LMR - Lower Methow River at Pateros,2020-08-16 00:43:42,2020-08-16 00:43:55,1
3DD.003D937676,Starr Boat Launch,8/13/2020,2020,47.983552,-119.887492,MRC,MRC - Methow River at Carlton,2020-08-20 21:21:59,2020-08-20 21:21:59,1
3DD.003D937677,Loup Loup Creek,8/20/2020,2020,48.375647,-119.763312,LLC,LLC - Loup Loup Creek Instream Array,2021-05-21 23:40:14,2021-05-21 23:40:23,1
3DD.003D937678,Salmon Creek,8/13/2020,2020,48.446022,-119.666279,SA0,SA0 - Salmon Creek below OID Div.,2021-06-16 03:13:10,2021-06-16 03:13:46,1
3DD.003D937678,Salmon Creek,8/13/2020,2020,48.446022,-119.666279,SA1,SA1 - Salmon Creek Instream Array,2021-06-17 00:38:54,2021-06-17 00:39:11,1
3DD.003D937679,Starr Boat Launch,8/13/2020,2020,47.983552,-119.887492,MRC,MRC - Methow River at Carlton,2020-08-18 21:01:29,2020-08-18 21:01:29,1
3DD.003D93767A,Starr Boat Launch,8/13/2020,2020,47.983552,-119.887492,LMR,LMR - Lower Methow River at Pateros,2020-08-15 00:20:19,2020-08-15 00:20:19,1
3DD.003D93767D,Omak Creek,8/13/2020,2020,48.353831,-119.288554,OBF,OBF - Omak Creek below Mission Falls,2021-05-10 21:46:14,2021-05-10 21:46:22,1
3DD.003D93767D,Omak Creek,8/13/2020,2020,48.353831,-119.288554,OMF,OMF - Omak Creek above Mission Falls,2021-05-10 20:57:25,2021-05-10 20:57:25,1
3DD.003D93767D,Omak Creek,8/13/2020,2020,48.353831,-119.288554,OMK,OMK - Omak Creek Instream Array,2021-05-18 03:06:54,2021-05-18 03:06:59,1
3DD.003D93767E,Starr Boat Launch,8/13/2020,2020,47.983552,-119.887492,LMR,LMR - Lower Methow River at Pateros,2020-08-14 19:58:27,2020-08-14 19:58:27,1
3DD.003D93767E,Starr Boat Launch,8/13/2020,2020,47.983552,-119.887492,MRC,MRC - Methow River at Carlton,2020-08-18 01:44:39,2021-06-21 23:29:23,1
3DD.003D93767F,Salmon Creek,8/13/2020,2020,48.446022,-119.666279,SA0,SA0 - Salmon Creek below OID Div.,2021-06-07 22:39:37,2021-06-07 22:40:04,1
3DD.003D937682,Omak Creek,8/13/2020,2020,48.353831,-119.288554,OBF,OBF - Omak Creek below Mission Falls,2021-06-18 01:04:02,2021-06-18 01:04:11,1
3DD.003D937682,Omak Creek,8/13/2020,2020,48.353831,-119.288554,OMF,OMF - Omak Creek above Mission Falls,2021-06-17 21:35:24,2021-06-17 21:35:24,1
3DD.003D937682,Omak Creek,8/13/2020,2020,48.353831,-119.288554,OMH,OMH - Omak Creek Haley Creek Road,2021-06-15 22:02:53,2021-06-15 22:02:53,1
3DD.003D937682,Omak Creek,8/13/2020,2020,48.353831,-119.288554,OMK,OMK - Omak Creek Instream Array,2021-06-19 21:13:17,2021-06-19 21:13:25,1
3DD.003D937684,Salmon Creek,8/13/2020,2020,48.446022,-119.666279,SA0,SA0 - Salmon Creek below OID Div.,2021-06-18 04:01:52,2021-06-18 04:02:16,1
3DD.003D937684,Salmon Creek,8/13/2020,2020,48.446022,-119.666279,SA1,SA1 - Salmon Creek Instream Array,2021-06-19 00:18:55,2021-06-19 00:19:32,1
3DD.003D937685,Starr Boat Launch,8/13/2020,2020,47.983552,-119.887492,LMR,LMR - Lower Methow River at Pateros,2020-08-14 23:47:37,2020-08-14 23:47:37,1
3DD.003D937685,Starr Boat Launch,8/13/2020,2020,47.983552,-119.887492,MRC,MRC - Methow River at Carlton,2020-08-18 22:38:24,2020-08-18 22:38:24,1
3DD.003D937687,Starr Boat Launch,8/13/2020,2020,47.983552,-119.887492,CRW,CRW - Chewuch River above Winthrop,2020-08-21 01:59:11,2021-06-15 21:57:44,1
3DD.003D937687,Starr Boat Launch,8/13/2020,2020,47.983552,-119.887492,LMR,LMR - Lower Methow River at Pateros,2020-08-14 21:41:10,2020-08-14 21:41:10,1
3DD.003D937687,Starr Boat Launch,8/13/2020,2020,47.983552,-119.887492,MRC,MRC - Methow River at Carlton,2020-08-18 01:19:02,2020-08-18 01:19:08,1
3DD.003D937689,Salmon Creek,8/13/2020,2020,48.446022,-119.666279,SA0,SA0 - Salmon Creek below OID Div.,2020-08-17 02:54:06,2020-08-17 02:54:37,1
3DD.003D937689,Salmon Creek,8/13/2020,2020,48.446022,-119.666279,SA1,SA1 - Salmon Creek Instream Array,2021-05-06 22:21:52,2021-05-06 22:21:52,1
3DD.003D93768B,Omak Creek,8/13/2020,2020,48.353831,-119.288554,OBF,OBF - Omak Creek below Mission Falls,2021-06-14 23:48:11,2021-06-14 23:48:21,1
3DD.003D93768B,Omak Creek,8/13/2020,2020,48.353831,-119.288554,OMF,OMF - Omak Creek above Mission Falls,2021-06-13 21:58:30,2021-06-13 21:58:30,1
3DD.003D93768B,Omak Creek,8/13/2020,2020,48.353831,-119.288554,OMH,OMH - Omak Creek Haley Creek Road,2021-04-18 19:43:54,2021-06-11 22:33:58,1
3DD.003D93768B,Omak Creek,8/13/2020,2020,48.353831,-119.288554,OMK,OMK - Omak Creek Instream Array,2021-06-18 03:31:26,2021-06-18 03:31:33,1
3DD.003D93768D,Omak Creek,8/13/2020,2020,48.353831,-119.288554,OBF,OBF - Omak Creek below Mission Falls,2021-06-04 12:44:13,2021-06-04 12:44:21,1
3DD.003D93768D,Omak Creek,8/13/2020,2020,48.353831,-119.288554,OMF,OMF - Omak Creek above Mission Falls,2021-06-04 12:07:55,2021-06-04 12:07:55,1
3DD.003D93768E,Starr Boat Launch,8/20/2020,2020,47.983552,-119.887492,LMR,LMR - Lower Methow River at Pateros,2020-08-21 21:02:42,2020-08-21 21:02:42,1
3DD.003D93768F,Starr Boat Launch,8/13/2020,2020,47.983552,-119.887492,OKL,OKL - Lower Okanogan Instream Array,2020-08-15 23:24:45,2020-08-15 23:24:45,1
3DD.003D937690,Starr Boat Launch,8/13/2020,2020,47.983552,-119.887492,LMR,LMR - Lower Methow River at Pateros,2020-08-14 23:13:16,2021-05-15 21:58:38,1
3DD.003D937693,Starr Boat Launch,8/13/2020,2020,47.983552,-119.887492,LMR,LMR - Lower Methow River at Pateros,2020-08-14 22:00:29,2020-08-14 22:00:41,1
3DD.003D937693,Starr Boat Launch,8/13/2020,2020,47.983552,-119.887492,MRC,MRC - Methow River at Carlton,2020-08-18 21:04:22,2020-08-18 21:04:22,1
3DD.003D937694,Omak Creek,8/13/2020,2020,48.353831,-119.288554,OMH,OMH - Omak Creek Haley Creek Road,2021-05-16 22:01:17,2021-05-16 22:01:17,1
3DD.003D937695,Starr Boat Launch,8/13/2020,2020,47.983552,-119.887492,LMR,LMR - Lower Methow River at Pateros,2020-08-14 22:28:23,2020-08-14 22:28:23,1
3DD.003D937696,Starr Boat Launch,8/13/2020,2020,47.983552,-119.887492,LMR,LMR - Lower Methow River at Pateros,2020-08-14 21:49:27,2020-08-14 21:49:27,1
3DD.003D937696,Starr Boat Launch,8/13/2020,2020,47.983552,-119.887492,MRC,MRC - Methow River at Carlton,2020-08-18 02:25:30,2020-08-18 02:25:30,1
3DD.003D937698,Salmon Creek,8/13/2020,2020,48.446022,-119.666279,SA0,SA0 - Salmon Creek below OID Div.,2020-08-14 22:41:26,2020-08-14 22:42:01,1
3DD.003D937699,Loup Loup Creek,8/20/2020,2020,48.375647,-119.763312,LLC,LLC - Loup Loup Creek Instream Array,2021-06-10 23:45:45,2021-06-10 23:45:55,1
3DD.003D93769A,Starr Boat Launch,8/13/2020,2020,47.983552,-119.887492,CRW,CRW - Chewuch River above Winthrop,2020-08-21 20:12:22,2021-06-16 22:10:37,1
3DD.003D93769A,Starr Boat Launch,8/13/2020,2020,47.983552,-119.887492,LMR,LMR - Lower Methow River at Pateros,2020-08-14 20:29:41,2020-08-14 20:29:41,1
3DD.003D93769A,Starr Boat Launch,8/13/2020,2020,47.983552,-119.887492,MRC,MRC - Methow River at Carlton,2020-08-18 00:13:46,2020-08-18 00:13:46,1
3DD.003D93769C,Starr Boat Launch,8/13/2020,2020,47.983552,-119.887492,CRW,CRW - Chewuch River above Winthrop,2020-08-21 22:28:29,2021-06-02 21:18:30,1
3DD.003D93769C,Starr Boat Launch,8/13/2020,2020,47.983552,-119.887492,MRC,MRC - Methow River at Carlton,2020-08-17 22:20:42,2020-08-17 22:20:42,1
3DD.003D93769D,Starr Boat Launch,8/13/2020,2020,47.983552,-119.887492,LMR,LMR - Lower Methow River at Pateros,2020-08-14 20:58:19,2020-08-14 20:58:26,1
3DD.003D93769E,Starr Boat Launch,8/13/2020,2020,47.983552,-119.887492,LMR,LMR - Lower Methow River at Pateros,2020-08-14 22:07:56,2020-08-14 22:07:56,1
3DD.003D93769E,Starr Boat Launch,8/13/2020,2020,47.983552,-119.887492,MRC,MRC - Methow River at Carlton,2020-08-19 01:10:58,2020-08-19 01:10:58,1
3DD.003D93769F,Starr Boat Launch,8/13/2020,2020,47.983552,-119.887492,LMR,LMR - Lower Methow River at Pateros,2020-08-14 22:40:59,2020-08-14 22:40:59,1
3DD.003D93769F,Starr Boat Launch,8/13/2020,2020,47.983552,-119.887492,MRC,MRC - Methow River at Carlton,2020-08-18 23:30:50,2020-08-18 23:30:50,1
3DD.003D9376A3,Loup Loup Creek,8/20/2020,2020,48.375647,-119.763312,LLC,LLC - Loup Loup Creek Instream Array,2021-06-03 08:20:10,2021-06-03 08:20:20,1
3DD.003D9376A4,Omak Creek,8/13/2020,2020,48.353831,-119.288554,OBF,OBF - Omak Creek below Mission Falls,2021-06-13 22:11:15,2021-06-13 22:11:24,1
3DD.003D9376A4,Omak Creek,8/13/2020,2020,48.353831,-119.288554,OMF,OMF - Omak Creek above Mission Falls,2021-06-13 21:14:02,2021-06-13 21:14:02,1
3DD.003D9376A4,Omak Creek,8/13/2020,2020,48.353831,-119.288554,OMH,OMH - Omak Creek Haley Creek Road,2021-04-22 00:10:12,2021-06-04 12:16:18,1
3DD.003D9376A4,Omak Creek,8/13/2020,2020,48.353831,-119.288554,OMK,OMK - Omak Creek Instream Array,2021-06-17 22:06:41,2021-06-17 22:06:48,1
3DD.003D9376A6,Starr Boat Launch,8/13/2020,2020,47.983552,-119.887492,CRW,CRW - Chewuch River above Winthrop,2020-08-22 00:43:35,2020-08-22 00:45:06,1
3DD.003D9376A6,Starr Boat Launch,8/13/2020,2020,47.983552,-119.887492,MRC,MRC - Methow River at Carlton,2020-08-18 22:18:40,2020-08-18 22:18:40,1
3DD.003D9376A7,Starr Boat Launch,8/13/2020,2020,47.983552,-119.887492,OKL,OKL - Lower Okanogan Instream Array,2020-08-15 20:57:09,2020-08-15 20:57:09,1
3DD.003D9376A8,Starr Boat Launch,8/13/2020,2020,47.983552,-119.887492,LMR,LMR - Lower Methow River at Pateros,2020-08-14 21:17:27,2020-08-14 21:17:27,1
3DD.003D9376A8,Starr Boat Launch,8/13/2020,2020,47.983552,-119.887492,MRC,MRC - Methow River at Carlton,2020-08-18 01:58:51,2020-08-18 01:58:51,1
3DD.003D9376AB,Salmon Creek,8/13/2020,2020,48.446022,-119.666279,SA0,SA0 - Salmon Creek below OID Div.,2021-07-21 00:15:56,2021-07-21 00:16:24,1
3DD.003D9376B1,Starr Boat Launch,8/13/2020,2020,47.983552,-119.887492,MRC,MRC - Methow River at Carlton,2020-08-18 22:24:13,2021-06-22 18:56:26,1
3DD.003D9376B2,Salmon Creek,8/13/2020,2020,48.446022,-119.666279,SA0,SA0 - Salmon Creek below OID Div.,2020-08-14 01:14:55,2020-08-14 01:15:20,1
3DD.003D9376B2,Salmon Creek,8/13/2020,2020,48.446022,-119.666279,SA1,SA1 - Salmon Creek Instream Array,2021-05-20 20:34:32,2021-05-20 20:34:44,1
3DD.003D9376B3,Starr Boat Launch,8/13/2020,2020,47.983552,-119.887492,OKL,OKL - Lower Okanogan Instream Array,2020-08-15 20:28:59,2020-08-15 20:28:59,1
3DD.003D9376B4,Starr Boat Launch,8/13/2020,2020,47.983552,-119.887492,CRW,CRW - Chewuch River above Winthrop,2020-08-21 23:13:43,2021-06-07 20:35:21,1
3DD.003D9376B4,Starr Boat Launch,8/13/2020,2020,47.983552,-119.887492,LMR,LMR - Lower Methow River at Pateros,2020-08-14 23:16:51,2020-08-14 23:17:01,1
3DD.003D9376B4,Starr Boat Launch,8/13/2020,2020,47.983552,-119.887492,MRC,MRC - Methow River at Carlton,2020-08-18 22:38:25,2021-06-29 20:52:55,1
3DD.003D9376B5,Loup Loup Creek,8/20/2020,2020,48.375647,-119.763312,LLC,LLC - Loup Loup Creek Instream Array,2021-05-15 22:29:43,2021-05-15 22:29:52,1
3DD.003D9376B6,Starr Boat Launch,8/13/2020,2020,47.983552,-119.887492,MRC,MRC - Methow River at Carlton,2020-08-19 20:25:41,2020-08-19 20:25:41,1
3DD.003D9376B7,Starr Boat Launch,8/13/2020,2020,47.983552,-119.887492,OKL,OKL - Lower Okanogan Instream Array,2021-05-15 22:56:06,2021-05-15 22:56:49,1
3DD.003D9376B9,Salmon Creek,8/13/2020,2020,48.446022,-119.666279,OKL,OKL - Lower Okanogan Instream Array,2021-05-12 07:35:41,2021-05-12 07:35:55,1
3DD.003D9376B9,Salmon Creek,8/13/2020,2020,48.446022,-119.666279,OMK,OMK - Omak Creek Instream Array,2021-05-21 18:13:25,2021-05-22 21:34:27,1
3DD.003D9376B9,Salmon Creek,8/13/2020,2020,48.446022,-119.666279,SA0,SA0 - Salmon Creek below OID Div.,2020-08-14 01:49:46,2020-08-14 01:50:14,1
3DD.003D9376B9,Salmon Creek,8/13/2020,2020,48.446022,-119.666279,SA1,SA1 - Salmon Creek Instream Array,2020-08-17 23:45:18,2020-08-17 23:45:18,1
3DD.003D9376BA,Loup Loup Creek,8/20/2020,2020,48.375647,-119.763312,LLC,LLC - Loup Loup Creek Instream Array,2021-05-15 00:11:43,2021-05-15 00:11:55,1
3DD.003D9376BB,Starr Boat Launch,8/13/2020,2020,47.983552,-119.887492,OKL,OKL - Lower Okanogan Instream Array,2020-08-15 22:52:15,2020-08-15 22:52:15,1
3DD.003D9376BC,Starr Boat Launch,8/13/2020,2020,47.983552,-119.887492,CRW,CRW - Chewuch River above Winthrop,2020-08-22 23:53:07,2020-08-22 23:53:07,1
3DD.003D9376BC,Starr Boat Launch,8/13/2020,2020,47.983552,-119.887492,LMR,LMR - Lower Methow River at Pateros,2020-08-14 23:20:01,2020-08-14 23:20:01,1
3DD.003D9376BC,Starr Boat Launch,8/13/2020,2020,47.983552,-119.887492,MRC,MRC - Methow River at Carlton,2020-08-19 02:36:43,2020-08-19 02:36:43,1
3DD.003D9376C1,Omak Creek,8/13/2020,2020,48.353831,-119.288554,OBF,OBF - Omak Creek below Mission Falls,2021-06-19 10:03:30,2021-06-19 10:03:38,1
3DD.003D9376C1,Omak Creek,8/13/2020,2020,48.353831,-119.288554,OMF,OMF - Omak Creek above Mission Falls,2021-06-19 06:40:29,2021-06-19 06:40:29,1
3DD.003D9376C1,Omak Creek,8/13/2020,2020,48.353831,-119.288554,OMH,OMH - Omak Creek Haley Creek Road,2021-04-29 22:59:34,2021-06-14 22:34:07,1
3DD.003D9376C1,Omak Creek,8/13/2020,2020,48.353831,-119.288554,OMK,OMK - Omak Creek Instream Array,2021-06-22 23:26:05,2021-06-22 23:26:13,1
3DD.003D9376C3,Omak Creek,8/13/2020,2020,48.353831,-119.288554,OBF,OBF - Omak Creek below Mission Falls,2021-05-27 00:59:57,2021-05-27 00:59:57,1
3DD.003D9376C3,Omak Creek,8/13/2020,2020,48.353831,-119.288554,OMF,OMF - Omak Creek above Mission Falls,2021-05-27 00:32:03,2021-05-27 00:32:03,1
3DD.003D9376C3,Omak Creek,8/13/2020,2020,48.353831,-119.288554,OMH,OMH - Omak Creek Haley Creek Road,2021-05-23 23:00:14,2021-05-23 23:00:14,1
3DD.003D9376C3,Omak Creek,8/13/2020,2020,48.353831,-119.288554,OMK,OMK - Omak Creek Instream Array,2021-05-28 14:28:16,2021-05-28 14:28:24,1
3DD.003D9376C4,Starr Boat Launch,8/13/2020,2020,47.983552,-119.887492,LMR,LMR - Lower Methow River at Pateros,2020-08-14 23:11:16,2020-08-14 23:11:30,1
3DD.003D9376C4,Starr Boat Launch,8/13/2020,2020,47.983552,-119.887492,MRC,MRC - Methow River at Carlton,2020-08-19 03:46:02,2021-07-02 02:23:23,1
3DD.003D9376C5,Starr Boat Launch,8/13/2020,2020,47.983552,-119.887492,CRU,CRU - Upper Chewuch Instream Array,2020-08-28 03:43:06,2021-06-23 06:17:56,1
3DD.003D9376C5,Starr Boat Launch,8/13/2020,2020,47.983552,-119.887492,CRW,CRW - Chewuch River above Winthrop,2020-08-22 22:23:34,2021-06-28 12:08:27,1
3DD.003D9376C5,Starr Boat Launch,8/13/2020,2020,47.983552,-119.887492,LMR,LMR - Lower Methow River at Pateros,2020-08-14 22:26:25,2020-08-14 22:26:25,1
3DD.003D9376C5,Starr Boat Launch,8/13/2020,2020,47.983552,-119.887492,MRC,MRC - Methow River at Carlton,2020-08-18 22:36:06,2020-08-18 22:36:06,1
3DD.003D93772A,Rocky Reach Forebay,7/22/2022,2022,47.542169,-120.293332,WEH,WEH - Wells Dam Hatchery,2022-08-02 02:51:42,2022-08-06 20:20:05,1
3DD.003D937732,Daroga State Park,8/5/2022,2022,47.711251,-120.208455,WEH,WEH - Wells Dam Hatchery,2022-08-24 02:01:29,2022-09-07 23:06:25,1
3DD.003D937733,Rocky Reach Forebay,7/22/2022,2022,47.542169,-120.293332,WEA,"WEA - Wells Dam, DCPUD Adult Ladders",2022-08-13 22:26:37,2022-08-14 05:04:19,1
3DD.003D937734,Rocky Reach Forebay,7/22/2022,2022,47.542169,-120.293332,WEA,"WEA - Wells Dam, DCPUD Adult Ladders",2022-08-14 01:43:28,2022-08-14 01:45:54,1
3DD.003D937736,Rocky Reach Forebay,7/22/2022,2022,47.542169,-120.293332,WEA,"WEA - Wells Dam, DCPUD Adult Ladders",2022-07-28 01:52:20,2022-07-28 06:52:33,1
3DD.003D937740,Rocky Reach Forebay,7/22/2022,2022,47.542169,-120.293332,CML,CML - Chewuch River Middle Lower,2022-08-24 00:25:17,2022-08-24 00:25:17,1
3DD.003D937740,Rocky Reach Forebay,7/22/2022,2022,47.542169,-120.293332,CMU,CMU - Chewuch River Middle Upper,2022-08-24 01:04:49,2022-08-24 01:04:49,1
3DD.003D937740,Rocky Reach Forebay,7/22/2022,2022,47.542169,-120.293332,CRW,CRW - Chewuch River above Winthrop,2022-08-23 03:15:56,2022-08-23 03:17:38,1
3DD.003D937740,Rocky Reach Forebay,7/22/2022,2022,47.542169,-120.293332,LMR,LMR - Lower Methow River at Pateros,2022-07-27 23:27:54,2022-07-27 23:28:04,1
3DD.003D937740,Rocky Reach Forebay,7/22/2022,2022,47.542169,-120.293332,MRC,MRC - Methow River at Carlton,2022-08-03 20:53:28,2022-08-03 20:53:28,1
3DD.003D937740,Rocky Reach Forebay,7/22/2022,2022,47.542169,-120.293332,WEA,"WEA - Wells Dam, DCPUD Adult Ladders",2022-07-26 06:27:34,2022-07-26 06:31:13,1
3DD.003D937744,Rocky Reach Forebay,7/22/2022,2022,47.542169,-120.293332,ENA,ENA - Upper Entiat River at rkm 17.1,2022-07-28 01:35:48,2022-07-28 01:35:51,1
3DD.003D937746,Rocky Reach Forebay,7/29/2022,2022,47.542169,-120.293332,LMR,LMR - Lower Methow River at Pateros,2022-08-06 01:32:11,2022-08-06 01:32:11,1
3DD.003D937746,Rocky Reach Forebay,7/29/2022,2022,47.542169,-120.293332,WEA,"WEA - Wells Dam, DCPUD Adult Ladders",2022-08-03 02:09:04,2022-08-03 02:11:44,1
3DD.003D937748,Rocky Reach Forebay,7/29/2022,2022,47.542169,-120.293332,WEA,"WEA - Wells Dam, DCPUD Adult Ladders",2022-08-19 00:22:23,2022-08-19 06:18:35,1
3DD.003D937758,Rocky Reach Forebay,7/29/2022,2022,47.542169,-120.293332,WEH,WEH - Wells Dam Hatchery,2022-08-14 02:19:01,2022-09-03 01:32:48,1
3DD.003D93775F,Rocky Reach Forebay,7/29/2022,2022,47.542169,-120.293332,WEA,"WEA - Wells Dam, DCPUD Adult Ladders",2022-08-13 01:09:47,2022-08-13 04:45:22,1
3DD.003D937761,Rocky Reach Forebay,7/29/2022,2022,47.542169,-120.293332,ENL,ENL - Lower Entiat River,2023-06-21 23:12:45,2023-06-21 23:15:01,1
3DD.003D937767,Rocky Reach Forebay,7/29/2022,2022,47.542169,-120.293332,LMR,LMR - Lower Methow River at Pateros,2022-09-04 23:20:58,2022-09-04 23:21:13,1
3DD.003D937767,Rocky Reach Forebay,7/29/2022,2022,47.542169,-120.293332,WEA,"WEA - Wells Dam, DCPUD Adult Ladders",2022-09-02 22:22:46,2022-09-03 04:50:57,1
3DD.003D93776A,Rocky Reach Forebay,7/29/2022,2022,47.542169,-120.293332,LMR,LMR - Lower Methow River at Pateros,2022-08-14 23:06:43,2022-08-14 23:06:43,1
3DD.003D93776A,Rocky Reach Forebay,7/29/2022,2022,47.542169,-120.293332,MRC,MRC - Methow River at Carlton,2022-08-23 21:09:09,2022-08-23 21:09:09,1
3DD.003D93776A,Rocky Reach Forebay,7/29/2022,2022,47.542169,-120.293332,WEA,"WEA - Wells Dam, DCPUD Adult Ladders",2022-08-13 03:27:47,2022-08-13 03:30:28,1
3DD.003D93776B,Rocky Reach Forebay,7/29/2022,2022,47.542169,-120.293332,LMR,LMR - Lower Methow River at Pateros,2022-08-24 15:46:22,2022-08-24 15:46:22,1
3DD.003D93776B,Rocky Reach Forebay,7/29/2022,2022,47.542169,-120.293332,MRC,MRC - Methow River at Carlton,2022-08-28 01:28:47,2022-08-28 01:28:47,1
3DD.003D93776B,Rocky Reach Forebay,7/29/2022,2022,47.542169,-120.293332,WEA,"WEA - Wells Dam, DCPUD Adult Ladders",2022-08-11 23:32:28,2022-08-12 05:54:12,1
3DD.003D93776D,Daroga State Park,8/5/2022,2022,47.711251,-120.208455,LMR,LMR - Lower Methow River at Pateros,2022-08-16 02:38:19,2022-08-16 02:38:19,1
3DD.003D93776D,Daroga State Park,8/5/2022,2022,47.711251,-120.208455,WEA,"WEA - Wells Dam, DCPUD Adult Ladders",2022-08-14 19:28:16,2022-08-14 23:05:06,1
3DD.003D93776F,Daroga State Park,8/5/2022,2022,47.711251,-120.208455,LMR,LMR - Lower Methow River at Pateros,2022-08-13 00:27:23,2022-08-13 00:27:33,1
3DD.003D93776F,Daroga State Park,8/5/2022,2022,47.711251,-120.208455,MRC,MRC - Methow River at Carlton,2022-08-18 20:45:36,2022-08-18 20:45:36,1
3DD.003D93776F,Daroga State Park,8/5/2022,2022,47.711251,-120.208455,WEA,"WEA - Wells Dam, DCPUD Adult Ladders",2022-08-09 01:51:41,2022-08-09 07:11:10,1
3DD.003D937770,Rocky Reach Forebay,7/29/2022,2022,47.542169,-120.293332,CML,CML - Chewuch River Middle Lower,2023-05-01 14:07:48,2023-05-01 14:07:48,1
3DD.003D937770,Rocky Reach Forebay,7/29/2022,2022,47.542169,-120.293332,CMU,CMU - Chewuch River Middle Upper,2023-05-01 19:51:31,2023-05-01 19:53:52,1
3DD.003D937770,Rocky Reach Forebay,7/29/2022,2022,47.542169,-120.293332,CRW,CRW - Chewuch River above Winthrop,2022-08-23 21:09:53,2022-08-23 21:11:09,1
3DD.003D937770,Rocky Reach Forebay,7/29/2022,2022,47.542169,-120.293332,LMR,LMR - Lower Methow River at Pateros,2022-08-13 23:38:52,2022-08-13 23:38:52,1
3DD.003D937770,Rocky Reach Forebay,7/29/2022,2022,47.542169,-120.293332,MRC,MRC - Methow River at Carlton,2022-08-19 23:19:37,2022-08-19 23:19:37,1
3DD.003D937770,Rocky Reach Forebay,7/29/2022,2022,47.542169,-120.293332,WEA,"WEA - Wells Dam, DCPUD Adult Ladders",2022-08-01 01:38:13,2022-08-07 05:38:03,1
3DD.003D937773,Rocky Reach Forebay,7/22/2022,2022,47.542169,-120.293332,CML,CML - Chewuch River Middle Lower,2022-08-27 23:43:54,2022-08-27 23:43:54,1
3DD.003D937773,Rocky Reach Forebay,7/22/2022,2022,47.542169,-120.293332,CMU,CMU - Chewuch River Middle Upper,2022-08-28 00:51:44,2023-06-04 09:45:29,1
3DD.003D937773,Rocky Reach Forebay,7/22/2022,2022,47.542169,-120.293332,CRW,CRW - Chewuch River above Winthrop,2022-08-26 22:23:17,2022-08-26 22:25:10,1
3DD.003D937773,Rocky Reach Forebay,7/22/2022,2022,47.542169,-120.293332,MRC,MRC - Methow River at Carlton,2022-08-05 23:23:10,2022-08-05 23:23:10,1
3DD.003D937773,Rocky Reach Forebay,7/22/2022,2022,47.542169,-120.293332,WEA,"WEA - Wells Dam, DCPUD Adult Ladders",2022-07-27 00:10:15,2022-07-28 01:34:41,1
3DD.003D937774,Rocky Reach Forebay,7/29/2022,2022,47.542169,-120.293332,WEA,"WEA - Wells Dam, DCPUD Adult Ladders",2022-08-08 00:11:02,2022-08-08 09:32:34,1
3DD.003D937775,Rocky Reach Forebay,7/29/2022,2022,47.542169,-120.293332,CML,CML - Chewuch River Middle Lower,2022-08-19 21:04:02,2022-08-19 21:04:02,1
3DD.003D937775,Rocky Reach Forebay,7/29/2022,2022,47.542169,-120.293332,CMU,CMU - Chewuch River Middle Upper,2022-08-19 21:40:56,2022-08-19 21:40:56,1
3DD.003D937775,Rocky Reach Forebay,7/29/2022,2022,47.542169,-120.293332,CRU,CRU - Upper Chewuch Instream Array,2022-08-22 02:11:17,2023-05-25 22:02:16,1
3DD.003D937775,Rocky Reach Forebay,7/29/2022,2022,47.542169,-120.293332,CRW,CRW - Chewuch River above Winthrop,2022-08-18 22:48:00,2022-08-18 22:48:00,1
3DD.003D937775,Rocky Reach Forebay,7/29/2022,2022,47.542169,-120.293332,LMR,LMR - Lower Methow River at Pateros,2022-08-10 02:39:41,2022-08-10 02:39:41,1
3DD.003D937775,Rocky Reach Forebay,7/29/2022,2022,47.542169,-120.293332,MRC,MRC - Methow River at Carlton,2022-08-14 20:36:56,2022-08-14 20:36:56,1
3DD.003D937775,Rocky Reach Forebay,7/29/2022,2022,47.542169,-120.293332,WEA,"WEA - Wells Dam, DCPUD Adult Ladders",2022-08-07 23:57:37,2022-08-08 23:27:32,1
3DD.003D937776,Rocky Reach Forebay,7/29/2022,2022,47.542169,-120.293332,LMR,LMR - Lower Methow River at Pateros,2022-08-05 21:57:12,2022-08-05 21:57:12,1
3DD.003D937776,Rocky Reach Forebay,7/29/2022,2022,47.542169,-120.293332,WEA,"WEA - Wells Dam, DCPUD Adult Ladders",2022-08-02 09:04:03,2022-08-02 09:11:50,1
3DD.003D937778,Daroga State Park,8/5/2022,2022,47.711251,-120.208455,CML,CML - Chewuch River Middle Lower,2022-09-15 01:48:00,2022-09-15 01:48:00,1
3DD.003D937778,Daroga State Park,8/5/2022,2022,47.711251,-120.208455,CMU,CMU - Chewuch River Middle Upper,2022-09-15 02:39:16,2022-09-15 02:39:16,1
3DD.003D937778,Daroga State Park,8/5/2022,2022,47.711251,-120.208455,CRU,CRU - Upper Chewuch Instream Array,2023-04-30 18:26:23,2023-04-30 18:26:23,1
3DD.003D937778,Daroga State Park,8/5/2022,2022,47.711251,-120.208455,CRW,CRW - Chewuch River above Winthrop,2022-09-14 16:19:05,2022-09-14 16:22:19,1
3DD.003D937778,Daroga State Park,8/5/2022,2022,47.711251,-120.208455,LMR,LMR - Lower Methow River at Pateros,2022-08-24 14:29:25,2022-08-24 14:29:25,1
3DD.003D937778,Daroga State Park,8/5/2022,2022,47.711251,-120.208455,MRC,MRC - Methow River at Carlton,2022-08-28 00:30:22,2022-08-28 00:30:22,1
3DD.003D937778,Daroga State Park,8/5/2022,2022,47.711251,-120.208455,WEA,"WEA - Wells Dam, DCPUD Adult Ladders",2022-08-22 05:29:56,2022-08-22 09:51:01,1
3DD.003D93777A,Rocky Reach Forebay,7/22/2022,2022,47.542169,-120.293332,LMR,LMR - Lower Methow River at Pateros,2022-08-11 00:49:23,2022-08-11 00:49:23,1
3DD.003D93777A,Rocky Reach Forebay,7/22/2022,2022,47.542169,-120.293332,WEA,"WEA - Wells Dam, DCPUD Adult Ladders",2022-08-07 02:07:49,2022-08-08 06:48:00,1
3DD.003D937781,Rocky Reach Forebay,7/22/2022,2022,47.542169,-120.293332,ENL,ENL - Lower Entiat River,2022-07-23 03:31:27,2022-07-23 03:31:50,1
3DD.003D937788,Rocky Reach Forebay,7/29/2022,2022,47.542169,-120.293332,WEA,"WEA - Wells Dam, DCPUD Adult Ladders",2022-09-02 09:37:22,2022-09-02 10:48:44,1
3DD.003D93778B,Rocky Reach Forebay,7/22/2022,2022,47.542169,-120.293332,WEA,"WEA - Wells Dam, DCPUD Adult Ladders",2022-07-27 00:20:10,2022-07-27 06:26:11,1
3DD.003D937857,Starr Boat Launch,8/27/2020,2020,47.983552,-119.887492,LMR,LMR - Lower Methow River at Pateros,2020-08-28 20:26:03,2020-08-28 20:26:03,1
3DD.003D937858,Starr Boat Launch,8/20/2020,2020,47.983552,-119.887492,LMR,LMR - Lower Methow River at Pateros,2020-08-21 19:49:33,2020-08-21 19:49:42,1
3DD.003D937858,Starr Boat Launch,8/20/2020,2020,47.983552,-119.887492,MRC,MRC - Methow River at Carlton,2020-08-25 02:10:43,2021-07-22 04:34:21,1
3DD.003D93785B,Starr Boat Launch,8/20/2020,2020,47.983552,-119.887492,CRW,CRW - Chewuch River above Winthrop,2020-09-04 20:13:33,2020-09-04 20:15:13,1
3DD.003D93785B,Starr Boat Launch,8/20/2020,2020,47.983552,-119.887492,MRC,MRC - Methow River at Carlton,2020-08-25 01:58:23,2020-08-25 01:58:23,1
3DD.003D93785E,Starr Boat Launch,8/27/2020,2020,47.983552,-119.887492,LMR,LMR - Lower Methow River at Pateros,2020-08-28 20:11:59,2021-06-30 03:02:51,1
3DD.003D937861,Starr Boat Launch,8/20/2020,2020,47.983552,-119.887492,CRW,CRW - Chewuch River above Winthrop,2020-08-27 03:32:24,2020-08-27 03:33:43,1
3DD.003D937861,Starr Boat Launch,8/20/2020,2020,47.983552,-119.887492,MRC,MRC - Methow River at Carlton,2020-08-24 21:35:18,2020-08-24 21:35:19,1
3DD.003D937862,Starr Boat Launch,8/27/2020,2020,47.983552,-119.887492,LMR,LMR - Lower Methow River at Pateros,2020-08-28 20:12:29,2020-08-28 20:12:36,1
3DD.003D937864,Starr Boat Launch,8/20/2020,2020,47.983552,-119.887492,OKL,OKL - Lower Okanogan Instream Array,2020-08-22 22:06:38,2020-08-22 22:06:38,1
3DD.003D937865,Starr Boat Launch,8/20/2020,2020,47.983552,-119.887492,LMR,LMR - Lower Methow River at Pateros,2020-08-22 22:23:44,2020-08-22 22:23:44,1
3DD.003D937865,Starr Boat Launch,8/20/2020,2020,47.983552,-119.887492,MRC,MRC - Methow River at Carlton,2020-08-27 21:30:44,2020-08-27 21:30:44,1
3DD.003D937867,Starr Boat Launch,8/20/2020,2020,47.983552,-119.887492,LMR,LMR - Lower Methow River at Pateros,2020-08-21 20:09:00,2020-08-21 20:09:00,1
3DD.003D937867,Starr Boat Launch,8/20/2020,2020,47.983552,-119.887492,MRC,MRC - Methow River at Carlton,2020-08-25 01:32:35,2020-08-25 01:32:35,1
3DD.003D93786B,Starr Boat Launch,8/27/2020,2020,47.983552,-119.887492,LMR,LMR - Lower Methow River at Pateros,2021-06-24 13:40:03,2021-06-24 14:34:42,1
3DD.003D93786C,Starr Boat Launch,8/27/2020,2020,47.983552,-119.887492,LMR,LMR - Lower Methow River at Pateros,2021-06-26 12:35:01,2021-06-26 12:35:01,1
3DD.003D93786D,Starr Boat Launch,8/27/2020,2020,47.983552,-119.887492,LMR,LMR - Lower Methow River at Pateros,2020-09-01 22:04:23,2020-09-01 22:04:34,1
3DD.003D93786D,Starr Boat Launch,8/27/2020,2020,47.983552,-119.887492,MRC,MRC - Methow River at Carlton,2020-09-13 21:15:30,2020-09-13 21:15:30,1
3DD.003D93786F,Starr Boat Launch,8/20/2020,2020,47.983552,-119.887492,LMR,LMR - Lower Methow River at Pateros,2020-08-21 23:37:44,2020-08-21 23:37:44,1
3DD.003D937871,Starr Boat Launch,8/27/2020,2020,47.983552,-119.887492,OKL,OKL - Lower Okanogan Instream Array,2020-08-29 22:34:30,2020-08-29 22:34:30,1
3DD.003D937873,Starr Boat Launch,8/27/2020,2020,47.983552,-119.887492,OKL,OKL - Lower Okanogan Instream Array,2020-08-30 00:55:03,2020-08-30 00:55:03,1
3DD.003D937874,Starr Boat Launch,8/20/2020,2020,47.983552,-119.887492,LMR,LMR - Lower Methow River at Pateros,2020-08-21 19:57:30,2020-08-21 19:57:38,1
3DD.003D937874,Starr Boat Launch,8/20/2020,2020,47.983552,-119.887492,MRC,MRC - Methow River at Carlton,2020-08-25 01:35:00,2020-08-25 01:35:00,1
3DD.003D937875,Starr Boat Launch,8/20/2020,2020,47.983552,-119.887492,LMR,LMR - Lower Methow River at Pateros,2020-08-21 20:15:00,2020-08-21 20:15:09,1
3DD.003D937876,Starr Boat Launch,8/20/2020,2020,47.983552,-119.887492,CRW,CRW - Chewuch River above Winthrop,2020-08-28 22:43:30,2021-06-14 21:39:30,1
3DD.003D937876,Starr Boat Launch,8/20/2020,2020,47.983552,-119.887492,LMR,LMR - Lower Methow River at Pateros,2020-08-21 03:02:32,2020-08-21 03:02:32,1
3DD.003D937876,Starr Boat Launch,8/20/2020,2020,47.983552,-119.887492,MRC,MRC - Methow River at Carlton,2020-08-25 00:52:29,2020-08-25 00:52:29,1
3DD.003D93787A,Starr Boat Launch,8/27/2020,2020,47.983552,-119.887492,OKL,OKL - Lower Okanogan Instream Array,2020-08-29 21:39:53,2020-08-29 21:39:53,1
3DD.003D93787B,Starr Boat Launch,8/20/2020,2020,47.983552,-119.887492,LMR,LMR - Lower Methow River at Pateros,2020-08-21 03:23:54,2020-08-21 03:23:54,1
3DD.003D93787B,Starr Boat Launch,8/20/2020,2020,47.983552,-119.887492,MRC,MRC - Methow River at Carlton,2020-08-25 03:13:19,2020-08-25 03:13:19,1
3DD.003D93787C,Starr Boat Launch,8/27/2020,2020,47.983552,-119.887492,CRU,CRU - Upper Chewuch Instream Array,2021-07-10 03:07:49,2021-07-10 03:07:57,1
3DD.003D93787C,Starr Boat Launch,8/27/2020,2020,47.983552,-119.887492,CRW,CRW - Chewuch River above Winthrop,2021-07-06 21:30:23,2021-07-06 21:32:04,1
3DD.003D93787F,Starr Boat Launch,8/20/2020,2020,47.983552,-119.887492,MRC,MRC - Methow River at Carlton,2020-08-26 02:41:14,2021-07-01 22:25:28,1
3DD.003D937880,Starr Boat Launch,8/27/2020,2020,47.983552,-119.887492,LMR,LMR - Lower Methow River at Pateros,2020-08-28 21:25:19,2020-08-28 21:25:19,1
3DD.003D937880,Starr Boat Launch,8/27/2020,2020,47.983552,-119.887492,MRC,MRC - Methow River at Carlton,2020-09-10 23:45:41,2020-09-10 23:45:41,1
3DD.003D937882,Starr Boat Launch,8/20/2020,2020,47.983552,-119.887492,LMR,LMR - Lower Methow River at Pateros,2020-08-21 23:59:38,2020-08-21 23:59:38,1
3DD.003D937884,Starr Boat Launch,8/20/2020,2020,47.983552,-119.887492,LMR,LMR - Lower Methow River at Pateros,2020-08-21 20:05:33,2020-08-21 20:05:37,1
3DD.003D937886,Starr Boat Launch,8/20/2020,2020,47.983552,-119.887492,CRW,CRW - Chewuch River above Winthrop,2020-08-28 01:32:32,2021-06-17 01:58:12,1
3DD.003D937886,Starr Boat Launch,8/20/2020,2020,47.983552,-119.887492,LMR,LMR - Lower Methow River at Pateros,2020-08-21 03:29:01,2020-08-21 03:29:01,1
3DD.003D937886,Starr Boat Launch,8/20/2020,2020,47.983552,-119.887492,MRC,MRC - Methow River at Carlton,2020-08-24 23:02:52,2020-08-24 23:02:52,1
3DD.003D937887,Starr Boat Launch,8/20/2020,2020,47.983552,-119.887492,LMR,LMR - Lower Methow River at Pateros,2020-08-21 19:57:40,2020-08-21 19:57:40,1
3DD.003D937887,Starr Boat Launch,8/20/2020,2020,47.983552,-119.887492,MRC,MRC - Methow River at Carlton,2020-08-25 03:11:25,2021-06-21 21:29:42,1
3DD.003D93788A,Starr Boat Launch,8/27/2020,2020,47.983552,-119.887492,LMR,LMR - Lower Methow River at Pateros,2020-08-28 20:07:38,2020-08-28 20:07:38,1
3DD.003D93788A,Starr Boat Launch,8/27/2020,2020,47.983552,-119.887492,MRC,MRC - Methow River at Carlton,2020-09-01 19:59:26,2020-09-01 19:59:26,1
3DD.003D93788D,Starr Boat Launch,8/27/2020,2020,47.983552,-119.887492,LMR,LMR - Lower Methow River at Pateros,2020-08-28 22:39:34,2020-08-28 22:39:43,1
3DD.003D93788D,Starr Boat Launch,8/27/2020,2020,47.983552,-119.887492,MRC,MRC - Methow River at Carlton,2020-09-02 21:26:05,2020-09-02 21:26:05,1
3DD.003D937890,Starr Boat Launch,8/20/2020,2020,47.983552,-119.887492,ENL,ENL - Lower Entiat River,2021-05-10 23:31:29,2021-06-26 13:55:32,1
3DD.003D937891,Starr Boat Launch,8/27/2020,2020,47.983552,-119.887492,LMR,LMR - Lower Methow River at Pateros,2020-08-28 20:20:03,2020-08-28 20:20:12,1
3DD.003D937894,Similkameen River,8/27/2020,2020,48.98607,-119.613005,OKL,OKL - Lower Okanogan Instream Array,2021-06-27 11:15:49,2021-06-27 11:15:49,1
3DD.003D937897,Starr Boat Launch,8/27/2020,2020,47.983552,-119.887492,LMR,LMR - Lower Methow River at Pateros,2020-08-28 02:53:27,2020-08-28 02:53:27,1
3DD.003D937897,Starr Boat Launch,8/27/2020,2020,47.983552,-119.887492,MRC,MRC - Methow River at Carlton,2020-09-10 21:33:54,2020-09-10 21:33:54,1
3DD.003D937898,Starr Boat Launch,8/27/2020,2020,47.983552,-119.887492,OKL,OKL - Lower Okanogan Instream Array,2020-08-29 20:14:32,2020-08-29 20:14:32,1
3DD.003D937899,Starr Boat Launch,8/20/2020,2020,47.983552,-119.887492,ENL,ENL - Lower Entiat River,2021-06-07 23:59:09,2021-06-16 02:05:11,1
3DD.003D93789A,Starr Boat Launch,8/27/2020,2020,47.983552,-119.887492,LMR,LMR - Lower Methow River at Pateros,2020-08-28 23:19:26,2020-08-28 23:19:33,1
3DD.003D93789A,Starr Boat Launch,8/27/2020,2020,47.983552,-119.887492,MRC,MRC - Methow River at Carlton,2020-09-13 23:03:49,2020-09-13 23:03:49,1
3DD.003D93789D,Starr Boat Launch,8/27/2020,2020,47.983552,-119.887492,MRC,MRC - Methow River at Carlton,2020-09-01 21:47:45,2020-09-01 21:47:45,1
3DD.003D93789F,Starr Boat Launch,8/20/2020,2020,47.983552,-119.887492,LMR,LMR - Lower Methow River at Pateros,2020-08-21 20:38:43,2020-08-21 20:38:43,1
3DD.003D93789F,Starr Boat Launch,8/20/2020,2020,47.983552,-119.887492,MRC,MRC - Methow River at Carlton,2020-08-25 03:00:06,2021-07-10 12:52:45,1
3DD.003D9378A2,Starr Boat Launch,8/27/2020,2020,47.983552,-119.887492,MRC,MRC - Methow River at Carlton,2020-09-01 00:27:21,2021-06-21 22:11:13,1
3DD.003D9378A3,Starr Boat Launch,8/20/2020,2020,47.983552,-119.887492,OKL,OKL - Lower Okanogan Instream Array,2020-08-22 21:13:38,2020-08-22 21:13:38,1
3DD.003D9378A4,Starr Boat Launch,8/20/2020,2020,47.983552,-119.887492,LMR,LMR - Lower Methow River at Pateros,2020-08-21 20:07:51,2020-08-21 20:07:51,1
3DD.003D9378A4,Starr Boat Launch,8/20/2020,2020,47.983552,-119.887492,MRC,MRC - Methow River at Carlton,2020-08-24 22:45:35,2021-07-01 15:11:48,1
3DD.003D9378A7,Starr Boat Launch,8/27/2020,2020,47.983552,-119.887492,LMR,LMR - Lower Methow River at Pateros,2020-08-28 03:07:40,2020-08-28 03:07:55,1
3DD.003D9378A8,Starr Boat Launch,8/20/2020,2020,47.983552,-119.887492,LMR,LMR - Lower Methow River at Pateros,2020-08-21 23:14:52,2020-08-21 23:14:52,1
3DD.003D9378A8,Starr Boat Launch,8/20/2020,2020,47.983552,-119.887492,MRC,MRC - Methow River at Carlton,2020-08-26 02:21:01,2021-06-19 01:00:41,1
3DD.003D9378A9,Starr Boat Launch,8/27/2020,2020,47.983552,-119.887492,LMR,LMR - Lower Methow River at Pateros,2020-08-28 20:26:01,2020-08-28 20:26:01,1
3DD.003D9378A9,Starr Boat Launch,8/27/2020,2020,47.983552,-119.887492,MRC,MRC - Methow River at Carlton,2020-09-01 21:33:11,2021-06-30 12:45:59,1
3DD.003D9378AA,Starr Boat Launch,8/27/2020,2020,47.983552,-119.887492,LMR,LMR - Lower Methow River at Pateros,2021-04-29 23:00:50,2021-04-29 23:00:50,1
3DD.003D9378AB,Starr Boat Launch,8/20/2020,2020,47.983552,-119.887492,LMR,LMR - Lower Methow River at Pateros,2020-08-21 22:48:02,2020-08-21 22:48:02,1
3DD.003D9378AB,Starr Boat Launch,8/20/2020,2020,47.983552,-119.887492,MRC,MRC - Methow River at Carlton,2020-08-26 02:24:24,2020-08-26 02:24:24,1
3DD.003D9378AD,Starr Boat Launch,8/27/2020,2020,47.983552,-119.887492,MRC,MRC - Methow River at Carlton,2020-09-02 02:01:30,2020-09-02 02:01:30,1
3DD.003D9378AF,Starr Boat Launch,8/27/2020,2020,47.983552,-119.887492,LMR,LMR - Lower Methow River at Pateros,2020-08-28 22:07:27,2021-06-26 05:47:16,1
3DD.003D9378B0,Starr Boat Launch,8/20/2020,2020,47.983552,-119.887492,LMR,LMR - Lower Methow River at Pateros,2020-08-21 19:42:35,2020-08-21 19:42:35,1
3DD.003D9378B0,Starr Boat Launch,8/20/2020,2020,47.983552,-119.887492,MRC,MRC - Methow River at Carlton,2020-08-25 00:59:59,2020-08-25 00:59:59,1
3DD.003D9378B1,Starr Boat Launch,8/20/2020,2020,47.983552,-119.887492,OKL,OKL - Lower Okanogan Instream Array,2020-08-22 02:48:08,2020-08-22 02:48:08,1
3DD.003D9378B1,Starr Boat Launch,8/20/2020,2020,47.983552,-119.887492,ZSL,ZSL - Zosel Dam Combined,2020-08-26 21:17:03,2020-08-26 21:18:34,1
3DD.003D9378B4,Starr Boat Launch,8/27/2020,2020,47.983552,-119.887492,LMR,LMR - Lower Methow River at Pateros,2020-08-28 20:40:16,2020-08-28 20:40:25,1
3DD.003D9378B4,Starr Boat Launch,8/27/2020,2020,47.983552,-119.887492,MRC,MRC - Methow River at Carlton,2021-05-04 22:37:45,2021-05-04 22:37:45,1
3DD.003D9378B7,Starr Boat Launch,8/20/2020,2020,47.983552,-119.887492,LMR,LMR - Lower Methow River at Pateros,2020-08-21 22:36:29,2020-08-21 22:36:38,1
3DD.003D9378B7,Starr Boat Launch,8/20/2020,2020,47.983552,-119.887492,MRC,MRC - Methow River at Carlton,2020-08-27 21:19:16,2021-06-10 23:32:11,1
3DD.003D9378B9,Starr Boat Launch,8/27/2020,2020,47.983552,-119.887492,LMR,LMR - Lower Methow River at Pateros,2020-08-28 20:00:03,2020-08-28 20:00:12,1
3DD.003D9378B9,Starr Boat Launch,8/27/2020,2020,47.983552,-119.887492,MRC,MRC - Methow River at Carlton,2020-09-05 22:35:18,2020-09-05 22:35:18,1
3DD.003D93791E,Loup Loup Creek,9/9/2021,2021,48.375647,-119.763312,LLC,LLC - Loup Loup Creek Instream Array,2022-05-31 20:09:44,2022-05-31 21:21:46,1
3DD.003D93791E,Loup Loup Creek,9/9/2021,2021,48.375647,-119.763312,OKL,OKL - Lower Okanogan Instream Array,2022-05-31 22:22:21,2022-05-31 22:22:21,1
3DD.003D937920,Starr Boat Launch,9/2/2021,2021,47.983552,-119.887492,LMR,LMR - Lower Methow River at Pateros,2021-09-04 00:48:42,2021-09-04 00:48:42,1
3DD.003D937920,Starr Boat Launch,9/2/2021,2021,47.983552,-119.887492,MRC,MRC - Methow River at Carlton,2021-09-08 03:52:02,2021-09-08 03:52:02,1
3DD.003D937921,Starr Boat Launch,9/2/2021,2021,47.983552,-119.887492,LMR,LMR - Lower Methow River at Pateros,2022-05-10 22:44:58,2022-05-10 22:44:58,1
3DD.003D937923,Starr Boat Launch,9/2/2021,2021,47.983552,-119.887492,MRC,MRC - Methow River at Carlton,2021-09-10 19:53:59,2021-09-10 19:53:59,1
3DD.003D937924,Starr Boat Launch,8/26/2021,2021,47.983552,-119.887492,LMR,LMR - Lower Methow River at Pateros,2022-03-29 20:50:09,2022-03-29 20:50:26,1
3DD.003D937926,Starr Boat Launch,8/26/2021,2021,47.983552,-119.887492,CRW,CRW - Chewuch River above Winthrop,2022-05-16 23:43:14,2022-06-15 21:12:08,1
3DD.003D937926,Starr Boat Launch,8/26/2021,2021,47.983552,-119.887492,LMR,LMR - Lower Methow River at Pateros,2022-04-02 23:05:02,2022-04-02 23:05:17,1
3DD.003D937926,Starr Boat Launch,8/26/2021,2021,47.983552,-119.887492,MRC,MRC - Methow River at Carlton,2022-04-27 00:25:32,2022-04-27 00:25:32,1
3DD.003D937927,Starr Boat Launch,8/26/2021,2021,47.983552,-119.887492,MRC,MRC - Methow River at Carlton,2021-09-01 20:27:32,2021-09-01 20:27:32,1
3DD.003D937928,Starr Boat Launch,8/26/2021,2021,47.983552,-119.887492,LMR,LMR - Lower Methow River at Pateros,2022-03-20 01:15:31,2022-03-20 01:15:52,1
3DD.003D937928,Starr Boat Launch,8/26/2021,2021,47.983552,-119.887492,MRC,MRC - Methow River at Carlton,2022-03-30 21:21:49,2022-07-22 11:39:25,1
3DD.003D937929,Starr Boat Launch,8/26/2021,2021,47.983552,-119.887492,OKL,OKL - Lower Okanogan Instream Array,2021-08-28 21:37:45,2022-07-04 22:23:28,1
3DD.003D93792A,Loup Loup Creek,9/9/2021,2021,48.375647,-119.763312,LLC,LLC - Loup Loup Creek Instream Array,2022-05-26 20:56:28,2022-05-26 20:56:49,1
3DD.003D93792A,Loup Loup Creek,9/9/2021,2021,48.375647,-119.763312,OKL,OKL - Lower Okanogan Instream Array,2022-05-27 08:33:47,2022-05-27 08:37:20,1
3DD.003D93792B,Starr Boat Launch,8/26/2021,2021,47.983552,-119.887492,MRC,MRC - Methow River at Carlton,2021-09-01 01:13:16,2021-09-01 01:13:16,1
3DD.003D93792D,Starr Boat Launch,9/2/2021,2021,47.983552,-119.887492,OKL,OKL - Lower Okanogan Instream Array,2022-04-12 18:24:11,2022-04-12 18:24:28,1
3DD.003D93792E,Starr Boat Launch,8/26/2021,2021,47.983552,-119.887492,MRC,MRC - Methow River at Carlton,2021-09-01 00:09:28,2021-09-01 00:09:28,1
3DD.003D93792F,Starr Boat Launch,8/26/2021,2021,47.983552,-119.887492,MRC,MRC - Methow River at Carlton,2022-05-04 01:31:49,2022-05-04 01:33:50,1
3DD.003D937930,Starr Boat Launch,9/2/2021,2021,47.983552,-119.887492,MRC,MRC - Methow River at Carlton,2022-05-01 23:23:59,2022-05-01 23:25:59,1
3DD.003D937931,Starr Boat Launch,9/2/2021,2021,47.983552,-119.887492,LMR,LMR - Lower Methow River at Pateros,2021-09-04 00:42:19,2021-09-04 00:42:36,1
3DD.003D937932,Starr Boat Launch,8/26/2021,2021,47.983552,-119.887492,MRC,MRC - Methow River at Carlton,2022-04-25 20:45:26,2022-04-25 20:45:26,1
3DD.003D937936,Loup Loup Creek,9/9/2021,2021,48.375647,-119.763312,LLC,LLC - Loup Loup Creek Instream Array,2022-06-17 00:45:54,2022-06-17 00:46:07,1
3DD.003D937936,Loup Loup Creek,9/9/2021,2021,48.375647,-119.763312,OKL,OKL - Lower Okanogan Instream Array,2022-06-17 14:25:27,2022-06-24 04:55:06,1
3DD.003D937937,Starr Boat Launch,8/26/2021,2021,47.983552,-119.887492,MRC,MRC - Methow River at Carlton,2021-09-02 22:36:07,2021-09-02 22:36:09,1
3DD.003D937939,Starr Boat Launch,8/26/2021,2021,47.983552,-119.887492,MRC,MRC - Methow River at Carlton,2021-09-03 21:22:34,2021-09-03 21:22:34,1
3DD.003D93793A,Starr Boat Launch,8/26/2021,2021,47.983552,-119.887492,MRC,MRC - Methow River at Carlton,2021-08-31 22:14:24,2021-08-31 22:14:24,1
3DD.003D93793B,Starr Boat Launch,8/26/2021,2021,47.983552,-119.887492,MRC,MRC - Methow River at Carlton,2021-09-03 21:25:06,2022-06-25 03:57:31,1
3DD.003D93793D,Loup Loup Creek,9/9/2021,2021,48.375647,-119.763312,LLC,LLC - Loup Loup Creek Instream Array,2022-06-08 22:22:27,2022-06-08 22:22:44,1
3DD.003D93793D,Loup Loup Creek,9/9/2021,2021,48.375647,-119.763312,OKL,OKL - Lower Okanogan Instream Array,2022-07-03 02:20:17,2022-07-03 02:21:44,1
3DD.003D937941,Starr Boat Launch,9/2/2021,2021,47.983552,-119.887492,LMR,LMR - Lower Methow River at Pateros,2021-09-04 01:27:38,2021-09-04 01:27:55,1
3DD.003D937941,Starr Boat Launch,9/2/2021,2021,47.983552,-119.887492,MRC,MRC - Methow River at Carlton,2021-09-08 22:15:11,2021-09-08 22:15:11,1
3DD.003D937943,Starr Boat Launch,8/26/2021,2021,47.983552,-119.887492,MRC,MRC - Methow River at Carlton,2021-09-05 01:40:47,2021-09-05 01:40:47,1
3DD.003D937944,Starr Boat Launch,9/2/2021,2021,47.983552,-119.887492,MRC,MRC - Methow River at Carlton,2021-09-11 03:41:28,2021-09-11 03:41:28,1
3DD.003D937945,Starr Boat Launch,9/2/2021,2021,47.983552,-119.887492,LMR,LMR - Lower Methow River at Pateros,2021-09-04 00:45:30,2021-09-04 00:45:30,1
3DD.003D937945,Starr Boat Launch,9/2/2021,2021,47.983552,-119.887492,MRC,MRC - Methow River at Carlton,2021-09-08 22:39:08,2021-09-08 22:39:08,1
3DD.003D937947,Starr Boat Launch,8/26/2021,2021,47.983552,-119.887492,MRC,MRC - Methow River at Carlton,2021-08-31 22:20:51,2021-08-31 22:20:51,1
3DD.003D937948,Starr Boat Launch,8/26/2021,2021,47.983552,-119.887492,CRW,CRW - Chewuch River above Winthrop,2021-09-06 00:42:12,2021-09-06 00:43:52,1
3DD.003D937948,Starr Boat Launch,8/26/2021,2021,47.983552,-119.887492,MRC,MRC - Methow River at Carlton,2021-09-02 03:51:19,2021-09-02 03:51:19,1
3DD.003D93794A,Starr Boat Launch,8/26/2021,2021,47.983552,-119.887492,MRC,MRC - Methow River at Carlton,2021-09-10 00:36:54,2021-09-10 00:36:54,1
3DD.003D93794B,Starr Boat Launch,8/26/2021,2021,47.983552,-119.887492,CRW,CRW - Chewuch River above Winthrop,2021-09-10 20:34:48,2022-07-21 21:59:29,1
3DD.003D93794B,Starr Boat Launch,8/26/2021,2021,47.983552,-119.887492,MRC,MRC - Methow River at Carlton,2021-09-06 22:13:54,2021-09-06 22:13:54,1
3DD.003D93794C,Starr Boat Launch,9/2/2021,2021,47.983552,-119.887492,LMR,LMR - Lower Methow River at Pateros,2021-09-07 00:52:28,2021-09-07 00:52:28,1
3DD.003D93794C,Starr Boat Launch,9/2/2021,2021,47.983552,-119.887492,MRC,MRC - Methow River at Carlton,2021-09-10 22:33:10,2021-09-10 22:33:10,1
3DD.003D93794D,Starr Boat Launch,8/26/2021,2021,47.983552,-119.887492,MRC,MRC - Methow River at Carlton,2021-09-01 20:29:03,2021-09-01 20:29:03,1
3DD.003D93794E,Starr Boat Launch,8/26/2021,2021,47.983552,-119.887492,OKL,OKL - Lower Okanogan Instream Array,2022-05-06 14:19:32,2022-05-06 14:19:47,1
3DD.003D93794F,Starr Boat Launch,8/26/2021,2021,47.983552,-119.887492,LMR,LMR - Lower Methow River at Pateros,2022-04-28 21:28:36,2022-04-28 21:28:57,1
3DD.003D93794F,Starr Boat Launch,8/26/2021,2021,47.983552,-119.887492,MRC,MRC - Methow River at Carlton,2022-05-27 00:06:07,2022-05-27 00:06:15,1
3DD.003D937951,Loup Loup Creek,9/9/2021,2021,48.375647,-119.763312,LLC,LLC - Loup Loup Creek Instream Array,2022-05-19 23:03:16,2022-05-19 23:03:54,1
3DD.003D937951,Loup Loup Creek,9/9/2021,2021,48.375647,-119.763312,OKL,OKL - Lower Okanogan Instream Array,2022-05-20 03:07:17,2022-06-24 04:48:51,1
3DD.003D937951,Loup Loup Creek,9/9/2021,2021,48.375647,-119.763312,WEJ,WEJ - Wells Dam Bypass Bay Sample,2022-07-03 20:11:04,2022-07-03 20:11:04,1
3DD.003D937952,Starr Boat Launch,8/26/2021,2021,47.983552,-119.887492,MRC,MRC - Methow River at Carlton,2021-08-31 23:03:27,2022-07-08 00:59:34,1
3DD.003D937955,Starr Boat Launch,8/26/2021,2021,47.983552,-119.887492,LMR,LMR - Lower Methow River at Pateros,2022-03-27 04:24:57,2022-06-11 00:56:32,1
3DD.003D937956,Starr Boat Launch,8/26/2021,2021,47.983552,-119.887492,RRJ,RRJ - Rocky Reach Dam Juvenile,2022-07-22 02:53:10,2022-07-22 02:53:10,1
3DD.003D937957,Loup Loup Creek,9/9/2021,2021,48.375647,-119.763312,LLC,LLC - Loup Loup Creek Instream Array,2022-05-31 13:32:17,2022-05-31 13:32:41,1
3DD.003D937958,Starr Boat Launch,8/26/2021,2021,47.983552,-119.887492,CMU,CMU - Chewuch River Middle Upper,2022-06-22 21:49:20,2022-06-22 21:49:20,1
3DD.003D937958,Starr Boat Launch,8/26/2021,2021,47.983552,-119.887492,CRW,CRW - Chewuch River above Winthrop,2021-09-05 23:33:43,2021-09-05 23:35:43,1
3DD.003D937958,Starr Boat Launch,8/26/2021,2021,47.983552,-119.887492,MRC,MRC - Methow River at Carlton,2021-09-02 00:16:50,2021-09-02 00:16:50,1
3DD.003D937959,Loup Loup Creek,9/9/2021,2021,48.375647,-119.763312,LLC,LLC - Loup Loup Creek Instream Array,2022-06-26 21:56:35,2022-06-26 21:57:48,1
3DD.003D937959,Loup Loup Creek,9/9/2021,2021,48.375647,-119.763312,OKL,OKL - Lower Okanogan Instream Array,2022-06-29 02:11:06,2022-06-29 02:11:06,1
3DD.003D93795A,Starr Boat Launch,8/26/2021,2021,47.983552,-119.887492,MRC,MRC - Methow River at Carlton,2021-09-02 20:47:56,2021-09-02 20:47:56,1
3DD.003D93795E,Starr Boat Launch,8/26/2021,2021,47.983552,-119.887492,MRC,MRC - Methow River at Carlton,2022-05-22 23:11:25,2022-05-22 23:11:25,1
3DD.003D93795F,Starr Boat Launch,8/26/2021,2021,47.983552,-119.887492,MRC,MRC - Methow River at Carlton,2021-09-07 00:12:06,2021-09-07 00:12:06,1
3DD.003D937962,Starr Boat Launch,8/26/2021,2021,47.983552,-119.887492,CML,CML - Chewuch River Middle Lower,2022-07-17 03:33:47,2022-07-17 03:33:47,1
3DD.003D937962,Starr Boat Launch,8/26/2021,2021,47.983552,-119.887492,CRW,CRW - Chewuch River above Winthrop,2022-07-16 22:06:27,2022-07-16 22:08:41,1
3DD.003D937962,Starr Boat Launch,8/26/2021,2021,47.983552,-119.887492,MRC,MRC - Methow River at Carlton,2022-07-09 23:51:09,2022-07-09 23:51:09,1
3DD.003D937966,Starr Boat Launch,8/26/2021,2021,47.983552,-119.887492,CRW,CRW - Chewuch River above Winthrop,2022-03-28 22:57:19,2022-06-08 00:48:20,1
3DD.003D937966,Starr Boat Launch,8/26/2021,2021,47.983552,-119.887492,MRC,MRC - Methow River at Carlton,2021-09-03 02:28:29,2021-09-03 02:28:29,1
3DD.003D937967,Starr Boat Launch,8/26/2021,2021,47.983552,-119.887492,MRC,MRC - Methow River at Carlton,2021-09-01 01:15:01,2021-09-01 01:15:01,1
3DD.003D937969,Loup Loup Creek,9/9/2021,2021,48.375647,-119.763312,LLC,LLC - Loup Loup Creek Instream Array,2022-06-02 22:56:44,2022-06-02 22:57:06,1
3DD.003D93796A,Starr Boat Launch,9/2/2021,2021,47.983552,-119.887492,LMR,LMR - Lower Methow River at Pateros,2021-09-04 00:08:44,2021-09-04 00:08:53,1
3DD.003D93796A,Starr Boat Launch,9/2/2021,2021,47.983552,-119.887492,MRC,MRC - Methow River at Carlton,2021-09-07 22:07:15,2021-09-07 22:07:15,1
3DD.003D93796C,Starr Boat Launch,8/26/2021,2021,47.983552,-119.887492,OKL,OKL - Lower Okanogan Instream Array,2022-07-10 02:24:36,2022-07-10 02:24:40,1
3DD.003D93796D,Loup Loup Creek,9/9/2021,2021,48.375647,-119.763312,LLC,LLC - Loup Loup Creek Instream Array,2022-06-17 22:40:35,2022-06-17 22:40:45,1
3DD.003D93796E,Starr Boat Launch,8/26/2021,2021,47.983552,-119.887492,MRC,MRC - Methow River at Carlton,2021-09-02 20:34:19,2021-09-02 20:34:23,1
3DD.003D93796F,Loup Loup Creek,9/9/2021,2021,48.375647,-119.763312,LLC,LLC - Loup Loup Creek Instream Array,2022-05-28 23:50:03,2022-05-28 23:50:19,1
3DD.003D93796F,Loup Loup Creek,9/9/2021,2021,48.375647,-119.763312,OKL,OKL - Lower Okanogan Instream Array,2022-05-29 01:05:05,2022-05-29 01:05:05,1
3DD.003D937970,Starr Boat Launch,8/26/2021,2021,47.983552,-119.887492,MRC,MRC - Methow River at Carlton,2021-09-03 01:05:51,2021-09-03 01:05:51,1
3DD.003D937971,Starr Boat Launch,8/26/2021,2021,47.983552,-119.887492,CML,CML - Chewuch River Middle Lower,2022-07-10 21:55:27,2022-07-10 21:55:27,1
3DD.003D937971,Starr Boat Launch,8/26/2021,2021,47.983552,-119.887492,CRU,CRU - Upper Chewuch Instream Array,2022-07-17 01:01:11,2022-07-17 01:01:28,1
3DD.003D937971,Starr Boat Launch,8/26/2021,2021,47.983552,-119.887492,CRW,CRW - Chewuch River above Winthrop,2022-07-09 09:47:56,2022-07-09 21:02:13,1
3DD.003D937972,Starr Boat Launch,9/2/2021,2021,47.983552,-119.887492,MRC,MRC - Methow River at Carlton,2022-05-22 23:18:23,2022-05-22 23:18:23,1
3DD.003D937974,Starr Boat Launch,8/26/2021,2021,47.983552,-119.887492,LMR,LMR - Lower Methow River at Pateros,2021-09-10 23:59:20,2021-09-10 23:59:29,1
3DD.003D937974,Starr Boat Launch,8/26/2021,2021,47.983552,-119.887492,MRC,MRC - Methow River at Carlton,2021-09-14 03:10:57,2021-09-14 03:10:57,1
3DD.003D937974,Starr Boat Launch,8/26/2021,2021,47.983552,-119.887492,WEA,"WEA - Wells Dam, DCPUD Adult Ladders",2021-09-09 02:29:46,2021-09-09 02:39:43,1
3DD.003D937977,Starr Boat Launch,9/2/2021,2021,47.983552,-119.887492,LMR,LMR - Lower Methow River at Pateros,2022-03-23 22:48:52,2022-03-23 22:48:55,1
3DD.003D937977,Starr Boat Launch,9/2/2021,2021,47.983552,-119.887492,MRC,MRC - Methow River at Carlton,2022-05-05 01:39:19,2022-05-05 01:39:19,1
3DD.003D937978,Starr Boat Launch,9/2/2021,2021,47.983552,-119.887492,CML,CML - Chewuch River Middle Lower,2022-06-19 12:43:59,2022-06-19 12:44:03,1
3DD.003D937978,Starr Boat Launch,9/2/2021,2021,47.983552,-119.887492,CRW,CRW - Chewuch River above Winthrop,2021-09-11 21:43:30,2022-06-20 20:27:23,1
3DD.003D937978,Starr Boat Launch,9/2/2021,2021,47.983552,-119.887492,LMR,LMR - Lower Methow River at Pateros,2021-09-03 23:45:01,2022-07-06 04:16:33,1
3DD.003D937978,Starr Boat Launch,9/2/2021,2021,47.983552,-119.887492,MRC,MRC - Methow River at Carlton,2021-09-07 01:33:51,2021-09-07 01:33:51,1
3DD.003D937979,Starr Boat Launch,9/2/2021,2021,47.983552,-119.887492,LMR,LMR - Lower Methow River at Pateros,2021-09-04 01:05:29,2021-09-04 01:05:29,1
3DD.003D937979,Starr Boat Launch,9/2/2021,2021,47.983552,-119.887492,MRC,MRC - Methow River at Carlton,2021-09-08 02:28:34,2021-09-08 02:28:34,1
3DD.003D93797A,Starr Boat Launch,8/26/2021,2021,47.983552,-119.887492,WEA,"WEA - Wells Dam, DCPUD Adult Ladders",2021-09-12 09:51:16,2021-09-12 09:54:14,1
3DD.003D93797B,Loup Loup Creek,9/9/2021,2021,48.375647,-119.763312,LLC,LLC - Loup Loup Creek Instream Array,2022-06-02 04:09:34,2022-06-02 04:09:53,1
3DD.003D937980,Starr Boat Launch,9/2/2021,2021,47.983552,-119.887492,CML,CML - Chewuch River Middle Lower,2022-07-06 01:41:38,2022-07-06 01:41:38,1
3DD.003D937980,Starr Boat Launch,9/2/2021,2021,47.983552,-119.887492,CRU,CRU - Upper Chewuch Instream Array,2022-07-13 02:25:30,2023-05-26 20:19:37,1
3DD.003D937980,Starr Boat Launch,9/2/2021,2021,47.983552,-119.887492,MRC,MRC - Methow River at Carlton,2022-06-27 00:20:10,2022-06-27 00:20:10,1
3DD.003D937981,Loup Loup Creek,9/9/2021,2021,48.375647,-119.763312,LLC,LLC - Loup Loup Creek Instream Array,2022-06-19 21:58:46,2022-06-19 21:58:55,1
3DD.003D937A4D,Starr Boat Launch,9/3/2020,2020,47.983552,-119.887492,OMK,OMK - Omak Creek Instream Array,2021-05-03 01:41:25,2021-05-03 01:43:17,1
3DD.003D937A4E,Starr Boat Launch,8/27/2020,2020,47.983552,-119.887492,LMR,LMR - Lower Methow River at Pateros,2020-08-28 20:42:08,2020-08-28 20:42:13,1
3DD.003D937A4E,Starr Boat Launch,8/27/2020,2020,47.983552,-119.887492,MRC,MRC - Methow River at Carlton,2020-09-01 04:37:36,2020-09-01 04:37:36,1
3DD.003D937A51,Starr Boat Launch,9/10/2020,2020,47.983552,-119.887492,LMR,LMR - Lower Methow River at Pateros,2020-09-11 21:22:00,2020-09-11 21:22:00,1
3DD.003D937A51,Starr Boat Launch,9/10/2020,2020,47.983552,-119.887492,MRC,MRC - Methow River at Carlton,2020-09-16 19:36:43,2020-09-16 19:36:44,1
3DD.003D937A52,Starr Boat Launch,9/10/2020,2020,47.983552,-119.887492,LMR,LMR - Lower Methow River at Pateros,2020-09-11 19:32:57,2020-09-11 19:32:57,1
3DD.003D937A52,Starr Boat Launch,9/10/2020,2020,47.983552,-119.887492,MRC,MRC - Methow River at Carlton,2020-09-16 19:50:22,2021-06-11 23:28:41,1
3DD.003D937A54,Starr Boat Launch,9/10/2020,2020,47.983552,-119.887492,LMR,LMR - Lower Methow River at Pateros,2020-09-11 22:47:55,2020-09-11 22:47:55,1
3DD.003D937A55,Starr Boat Launch,8/27/2020,2020,47.983552,-119.887492,LMR,LMR - Lower Methow River at Pateros,2020-08-28 20:38:22,2020-08-28 20:38:28,1
3DD.003D937A56,Starr Boat Launch,9/10/2020,2020,47.983552,-119.887492,LMR,LMR - Lower Methow River at Pateros,2020-09-11 21:55:02,2020-09-11 21:55:13,1
3DD.003D937A56,Starr Boat Launch,9/10/2020,2020,47.983552,-119.887492,MRC,MRC - Methow River at Carlton,2020-09-16 19:39:13,2020-09-16 19:39:13,1
3DD.003D937A58,Omak Creek,9/3/2020,2020,48.353831,-119.288554,OBF,OBF - Omak Creek below Mission Falls,2021-06-25 22:26:54,2021-06-25 22:27:00,1
3DD.003D937A58,Omak Creek,9/3/2020,2020,48.353831,-119.288554,OMF,OMF - Omak Creek above Mission Falls,2021-06-23 01:33:18,2021-06-23 01:33:47,1
3DD.003D937A58,Omak Creek,9/3/2020,2020,48.353831,-119.288554,OMH,OMH - Omak Creek Haley Creek Road,2021-05-14 23:21:36,2021-06-20 01:16:14,1
3DD.003D937A58,Omak Creek,9/3/2020,2020,48.353831,-119.288554,OMK,OMK - Omak Creek Instream Array,2021-06-27 01:40:12,2021-06-27 01:40:23,1
3DD.003D937A5C,Starr Boat Launch,9/3/2020,2020,47.983552,-119.887492,LMR,LMR - Lower Methow River at Pateros,2021-06-26 16:42:05,2021-06-26 16:42:05,1
3DD.003D937A5E,Loup Loup Creek,9/10/2020,2020,48.375647,-119.763312,LLC,LLC - Loup Loup Creek Instream Array,2021-06-22 19:08:06,2021-06-22 19:08:27,1
3DD.003D937A62,Starr Boat Launch,9/10/2020,2020,47.983552,-119.887492,LMR,LMR - Lower Methow River at Pateros,2020-09-12 21:58:53,2020-09-12 21:58:53,1
3DD.003D937A63,Starr Boat Launch,9/10/2020,2020,47.983552,-119.887492,LMR,LMR - Lower Methow River at Pateros,2021-04-23 03:16:43,2021-07-30 08:58:34,1
3DD.003D937A64,Loup Loup Creek,9/10/2020,2020,48.375647,-119.763312,LLC,LLC - Loup Loup Creek Instream Array,2021-06-19 01:25:31,2021-06-19 01:25:58,1
3DD.003D937A65,Starr Boat Launch,9/10/2020,2020,47.983552,-119.887492,CML,CML - Chewuch River Middle Lower,2022-06-15 23:30:06,2022-06-15 23:30:06,1
3DD.003D937A65,Starr Boat Launch,9/10/2020,2020,47.983552,-119.887492,CRW,CRW - Chewuch River above Winthrop,2021-06-20 01:46:34,2022-06-18 07:31:08,1
3DD.003D937A65,Starr Boat Launch,9/10/2020,2020,47.983552,-119.887492,LMR,LMR - Lower Methow River at Pateros,2020-09-11 20:22:19,2020-09-11 20:22:24,1
3DD.003D937A65,Starr Boat Launch,9/10/2020,2020,47.983552,-119.887492,MRC,MRC - Methow River at Carlton,2020-09-16 19:57:03,2020-09-16 19:57:03,1
3DD.003D937A66,Starr Boat Launch,9/3/2020,2020,47.983552,-119.887492,LMR,LMR - Lower Methow River at Pateros,2020-09-05 21:15:00,2020-09-05 21:15:14,1
3DD.003D937A68,Starr Boat Launch,9/10/2020,2020,47.983552,-119.887492,LMR,LMR - Lower Methow River at Pateros,2020-09-11 19:27:12,2020-09-11 19:27:12,1
3DD.003D937A68,Starr Boat Launch,9/10/2020,2020,47.983552,-119.887492,MRC,MRC - Methow River at Carlton,2020-09-15 19:51:55,2020-09-15 19:51:55,1
3DD.003D937A6B,Starr Boat Launch,8/27/2020,2020,47.983552,-119.887492,OKL,OKL - Lower Okanogan Instream Array,2020-09-13 19:44:06,2020-09-13 19:44:06,1
3DD.003D937A6C,Loup Loup Creek,9/10/2020,2020,48.375647,-119.763312,LLC,LLC - Loup Loup Creek Instream Array,2021-06-19 20:18:18,2021-06-19 20:18:43,1
3DD.003D937A6D,Omak Creek,9/3/2020,2020,48.353831,-119.288554,OMH,OMH - Omak Creek Haley Creek Road,2021-04-18 21:55:12,2021-04-18 21:55:12,1
3DD.003D937A6F,Starr Boat Launch,9/10/2020,2020,47.983552,-119.887492,OKL,OKL - Lower Okanogan Instream Array,2021-05-01 13:14:26,2021-05-01 13:14:26,1
3DD.003D937A70,Starr Boat Launch,8/27/2020,2020,47.983552,-119.887492,LMR,LMR - Lower Methow River at Pateros,2020-08-28 23:49:30,2020-08-28 23:49:30,1
3DD.003D937A70,Starr Boat Launch,8/27/2020,2020,47.983552,-119.887492,MRC,MRC - Methow River at Carlton,2020-09-02 22:51:32,2020-09-02 22:51:32,1
3DD.003D937A73,Omak Creek,9/3/2020,2020,48.353831,-119.288554,OMH,OMH - Omak Creek Haley Creek Road,2021-05-19 00:13:24,2021-05-19 00:13:45,1
3DD.003D937A74,Starr Boat Launch,9/3/2020,2020,47.983552,-119.887492,MRC,MRC - Methow River at Carlton,2020-09-17 21:40:57,2020-09-17 21:40:57,1
3DD.003D937A75,Omak Creek,9/3/2020,2020,48.353831,-119.288554,OMH,OMH - Omak Creek Haley Creek Road,2021-06-04 04:03:57,2021-06-04 04:04:24,1
3DD.003D937A76,Starr Boat Launch,9/10/2020,2020,47.983552,-119.887492,WEA,"WEA - Wells Dam, DCPUD Adult Ladders",2020-09-23 00:06:49,2020-09-23 00:06:49,1
3DD.003D937A78,Starr Boat Launch,8/27/2020,2020,47.983552,-119.887492,LMR,LMR - Lower Methow River at Pateros,2020-08-28 23:46:55,2020-08-28 23:47:11,1
3DD.003D937A78,Starr Boat Launch,8/27/2020,2020,47.983552,-119.887492,MRC,MRC - Methow River at Carlton,2021-04-04 22:55:19,2021-04-04 22:55:19,1
3DD.003D937A79,Starr Boat Launch,9/10/2020,2020,47.983552,-119.887492,LMR,LMR - Lower Methow River at Pateros,2020-09-11 22:30:23,2020-09-11 22:30:32,1
3DD.003D937A79,Starr Boat Launch,9/10/2020,2020,47.983552,-119.887492,MRC,MRC - Methow River at Carlton,2020-09-16 01:40:53,2020-09-16 01:40:53,1
3DD.003D937A7C,Starr Boat Launch,9/3/2020,2020,47.983552,-119.887492,OKL,OKL - Lower Okanogan Instream Array,2021-05-26 12:00:06,2021-05-26 12:00:06,1
3DD.003D937A7D,Starr Boat Launch,8/27/2020,2020,47.983552,-119.887492,LMR,LMR - Lower Methow River at Pateros,2020-09-05 00:46:59,2020-09-05 00:46:59,1
3DD.003D937A80,Starr Boat Launch,9/10/2020,2020,47.983552,-119.887492,LMR,LMR - Lower Methow River at Pateros,2020-09-11 23:24:16,2020-09-11 23:24:20,1
3DD.003D937A80,Starr Boat Launch,9/10/2020,2020,47.983552,-119.887492,MRC,MRC - Methow River at Carlton,2020-09-16 21:04:37,2020-09-16 21:04:37,1
3DD.003D937A81,Omak Creek,9/3/2020,2020,48.353831,-119.288554,OMF,OMF - Omak Creek above Mission Falls,2021-04-18 23:08:23,2021-06-18 23:04:46,1
3DD.003D937A81,Omak Creek,9/3/2020,2020,48.353831,-119.288554,OMH,OMH - Omak Creek Haley Creek Road,2021-06-27 23:20:13,2022-05-29 21:30:30,1
3DD.003D937A84,Starr Boat Launch,9/10/2020,2020,47.983552,-119.887492,MRC,MRC - Methow River at Carlton,2020-09-15 01:56:14,2020-09-15 01:56:14,1
3DD.003D937A84,Starr Boat Launch,9/10/2020,2020,47.983552,-119.887492,TWR,TWR - Lwr Twisp Rvr near MSRF Ponds,2020-09-17 01:02:01,2020-09-17 01:02:31,1
3DD.003D937A85,Starr Boat Launch,9/10/2020,2020,47.983552,-119.887492,LMR,LMR - Lower Methow River at Pateros,2020-09-11 22:40:13,2020-09-11 22:40:22,1
3DD.003D937A85,Starr Boat Launch,9/10/2020,2020,47.983552,-119.887492,MRC,MRC - Methow River at Carlton,2020-09-16 20:06:41,2020-09-16 20:06:41,1
3DD.003D937A86,Starr Boat Launch,9/3/2020,2020,47.983552,-119.887492,LMR,LMR - Lower Methow River at Pateros,2021-07-03 01:11:21,2021-07-03 01:11:32,1
3DD.003D937A87,Starr Boat Launch,8/27/2020,2020,47.983552,-119.887492,LMR,LMR - Lower Methow River at Pateros,2020-08-28 20:26:24,2020-08-28 20:26:24,1
3DD.003D937A87,Starr Boat Launch,8/27/2020,2020,47.983552,-119.887492,MRC,MRC - Methow River at Carlton,2020-09-01 00:45:58,2020-09-01 00:45:58,1
3DD.003D937A88,Loup Loup Creek,9/10/2020,2020,48.375647,-119.763312,LLC,LLC - Loup Loup Creek Instream Array,2021-06-09 17:41:42,2021-06-09 17:41:54,1
3DD.003D937A8A,Starr Boat Launch,8/27/2020,2020,47.983552,-119.887492,OKL,OKL - Lower Okanogan Instream Array,2020-08-29 20:46:27,2020-08-29 20:46:27,1
3DD.003D937A8D,Starr Boat Launch,9/3/2020,2020,47.983552,-119.887492,ENL,ENL - Lower Entiat River,2021-06-08 01:48:56,2021-06-08 01:57:47,1
3DD.003D937A90,Starr Boat Launch,9/10/2020,2020,47.983552,-119.887492,CRW,CRW - Chewuch River above Winthrop,2021-05-14 23:18:43,2021-06-24 22:10:17,1
3DD.003D937A90,Starr Boat Launch,9/10/2020,2020,47.983552,-119.887492,MRC,MRC - Methow River at Carlton,2021-05-03 21:00:46,2021-05-03 21:00:46,1
3DD.003D937A92,Starr Boat Launch,9/10/2020,2020,47.983552,-119.887492,OKL,OKL - Lower Okanogan Instream Array,2021-05-28 21:02:06,2021-05-28 21:03:48,1
3DD.003D937A93,Starr Boat Launch,8/27/2020,2020,47.983552,-119.887492,LMR,LMR - Lower Methow River at Pateros,2020-08-28 19:59:23,2020-08-28 19:59:23,1
3DD.003D937A94,Omak Creek,9/3/2020,2020,48.353831,-119.288554,ENL,ENL - Lower Entiat River,2021-06-28 21:41:49,2021-06-29 20:17:23,1
3DD.003D937A94,Omak Creek,9/3/2020,2020,48.353831,-119.288554,OBF,OBF - Omak Creek below Mission Falls,2021-06-21 01:26:38,2021-06-21 01:26:38,1
3DD.003D937A94,Omak Creek,9/3/2020,2020,48.353831,-119.288554,OMF,OMF - Omak Creek above Mission Falls,2021-06-21 00:19:39,2021-06-21 00:19:39,1
3DD.003D937A94,Omak Creek,9/3/2020,2020,48.353831,-119.288554,OMH,OMH - Omak Creek Haley Creek Road,2021-06-17 03:51:49,2021-06-17 03:52:19,1
3DD.003D937A94,Omak Creek,9/3/2020,2020,48.353831,-119.288554,OMK,OMK - Omak Creek Instream Array,2021-06-24 01:16:54,2021-06-24 01:17:03,1
3DD.003D937A97,Loup Loup Creek,9/10/2020,2020,48.375647,-119.763312,LLC,LLC - Loup Loup Creek Instream Array,2021-06-15 22:29:39,2021-06-15 22:29:53,1
3DD.003D937A97,Loup Loup Creek,9/10/2020,2020,48.375647,-119.763312,OKL,OKL - Lower Okanogan Instream Array,2022-05-24 23:28:27,2022-05-24 23:40:55,1
3DD.003D937A98,Loup Loup Creek,9/10/2020,2020,48.375647,-119.763312,LLC,LLC - Loup Loup Creek Instream Array,2021-06-30 11:56:08,2021-06-30 11:56:41,1
3DD.003D937A9B,Starr Boat Launch,9/10/2020,2020,47.983552,-119.887492,LMR,LMR - Lower Methow River at Pateros,2020-09-12 20:42:35,2020-09-12 20:42:35,1
3DD.003D937A9B,Starr Boat Launch,9/10/2020,2020,47.983552,-119.887492,MRC,MRC - Methow River at Carlton,2020-09-17 01:10:42,2021-06-21 16:41:33,1
3DD.003D937A9C,Starr Boat Launch,8/27/2020,2020,47.983552,-119.887492,LMR,LMR - Lower Methow River at Pateros,2021-04-27 22:04:14,2021-07-08 16:07:09,1
3DD.003D937A9D,Starr Boat Launch,9/10/2020,2020,47.983552,-119.887492,LMR,LMR - Lower Methow River at Pateros,2020-09-18 00:48:56,2020-09-18 00:48:56,1
3DD.003D937A9D,Starr Boat Launch,9/10/2020,2020,47.983552,-119.887492,MRC,MRC - Methow River at Carlton,2021-06-03 17:54:15,2021-07-11 03:45:52,1
3DD.003D937A9F,Omak Creek,9/3/2020,2020,48.353831,-119.288554,OBF,OBF - Omak Creek below Mission Falls,2021-06-07 02:22:51,2021-06-07 02:22:59,1
3DD.003D937A9F,Omak Creek,9/3/2020,2020,48.353831,-119.288554,OMF,OMF - Omak Creek above Mission Falls,2021-06-07 01:40:47,2021-06-07 01:40:47,1
3DD.003D937A9F,Omak Creek,9/3/2020,2020,48.353831,-119.288554,OMH,OMH - Omak Creek Haley Creek Road,2021-04-17 22:04:59,2021-06-05 22:42:33,1
3DD.003D937A9F,Omak Creek,9/3/2020,2020,48.353831,-119.288554,OMK,OMK - Omak Creek Instream Array,2021-06-16 01:05:48,2021-06-16 01:05:54,1
3DD.003D937AA1,Loup Loup Creek,9/10/2020,2020,48.375647,-119.763312,LLC,LLC - Loup Loup Creek Instream Array,2023-04-29 02:16:22,2023-04-29 02:27:50,1
3DD.003D937AA3,Starr Boat Launch,9/3/2020,2020,47.983552,-119.887492,LMR,LMR - Lower Methow River at Pateros,2020-09-05 20:45:01,2020-09-05 20:45:10,1
3DD.003D937AA3,Starr Boat Launch,9/3/2020,2020,47.983552,-119.887492,MRC,MRC - Methow River at Carlton,2020-09-10 02:16:37,2020-09-10 02:16:37,1
3DD.003D937AA3,Starr Boat Launch,9/3/2020,2020,47.983552,-119.887492,TWR,TWR - Lwr Twisp Rvr near MSRF Ponds,2020-09-12 20:23:12,2021-06-10 23:43:02,1
3DD.003D937AA4,Starr Boat Launch,8/27/2020,2020,47.983552,-119.887492,OKL,OKL - Lower Okanogan Instream Array,2020-08-29 21:21:22,2020-08-29 21:21:22,1
3DD.003D937AA5,Starr Boat Launch,8/27/2020,2020,47.983552,-119.887492,LMR,LMR - Lower Methow River at Pateros,2020-08-28 20:56:36,2020-08-28 20:56:36,1
3DD.003D937AA5,Starr Boat Launch,8/27/2020,2020,47.983552,-119.887492,MRC,MRC - Methow River at Carlton,2020-09-05 21:29:24,2020-09-05 21:29:24,1
3DD.003D937AA6,Starr Boat Launch,8/27/2020,2020,47.983552,-119.887492,OKL,OKL - Lower Okanogan Instream Array,2020-08-29 03:58:03,2020-08-29 03:58:03,1
3DD.003D937AA7,Starr Boat Launch,9/3/2020,2020,47.983552,-119.887492,LMR,LMR - Lower Methow River at Pateros,2020-09-05 20:59:52,2020-09-05 20:59:55,1
3DD.003D937AA7,Starr Boat Launch,9/3/2020,2020,47.983552,-119.887492,MRC,MRC - Methow River at Carlton,2020-09-18 21:16:44,2021-07-07 23:53:58,1
3DD.003D937AA8,Starr Boat Launch,9/3/2020,2020,47.983552,-119.887492,LMR,LMR - Lower Methow River at Pateros,2020-09-04 23:06:26,2020-09-04 23:06:26,1
3DD.003D937AA8,Starr Boat Launch,9/3/2020,2020,47.983552,-119.887492,MRC,MRC - Methow River at Carlton,2021-05-11 21:27:23,2021-05-11 21:30:24,1
3DD.003D937AA9,Omak Creek,9/3/2020,2020,48.353831,-119.288554,OMF,OMF - Omak Creek above Mission Falls,2021-06-14 04:41:22,2021-06-14 04:41:22,1
3DD.003D937AA9,Omak Creek,9/3/2020,2020,48.353831,-119.288554,OMH,OMH - Omak Creek Haley Creek Road,2021-04-24 23:03:45,2021-06-05 12:35:48,1
3DD.003D937AAA,Starr Boat Launch,8/27/2020,2020,47.983552,-119.887492,MRC,MRC - Methow River at Carlton,2020-09-05 00:35:44,2021-07-04 23:08:04,1
3DD.003D937AAB,Loup Loup Creek,9/10/2020,2020,48.375647,-119.763312,LLC,LLC - Loup Loup Creek Instream Array,2021-06-16 23:07:53,2021-06-16 23:08:08,1
3DD.003D937AAD,Omak Creek,9/3/2020,2020,48.353831,-119.288554,OBF,OBF - Omak Creek below Mission Falls,2021-06-14 02:50:46,2021-06-14 02:50:46,1
3DD.003D937AAD,Omak Creek,9/3/2020,2020,48.353831,-119.288554,OMF,OMF - Omak Creek above Mission Falls,2021-06-14 02:22:10,2021-06-14 02:22:10,1
3DD.003D937AAD,Omak Creek,9/3/2020,2020,48.353831,-119.288554,OMH,OMH - Omak Creek Haley Creek Road,2021-04-17 02:50:07,2021-06-10 21:40:47,1
3DD.003D937AAD,Omak Creek,9/3/2020,2020,48.353831,-119.288554,OMK,OMK - Omak Creek Instream Array,2021-06-16 00:46:10,2021-06-16 00:46:20,1
3DD.003D937AAE,Starr Boat Launch,8/27/2020,2020,47.983552,-119.887492,LMR,LMR - Lower Methow River at Pateros,2020-08-28 19:59:30,2020-08-28 19:59:30,1
3DD.003D937C43,Starr Boat Launch,8/3/2023,2023,47.983552,-119.887492,CML,CML - Chewuch River Middle Lower,2023-08-16 01:04:36,2023-08-16 01:04:36,1
3DD.003D937C43,Starr Boat Launch,8/3/2023,2023,47.983552,-119.887492,CMU,CMU - Chewuch River Middle Upper,2023-08-16 01:36:27,2023-08-16 01:36:27,1
3DD.003D937C43,Starr Boat Launch,8/3/2023,2023,47.983552,-119.887492,CRU,CRU - Upper Chewuch Instream Array,2023-08-18 00:42:23,2023-08-18 00:42:28,1
3DD.003D937C43,Starr Boat Launch,8/3/2023,2023,47.983552,-119.887492,CRW,CRW - Chewuch River above Winthrop,2023-08-15 21:01:15,2023-08-15 21:02:50,1
3DD.003D937C43,Starr Boat Launch,8/3/2023,2023,47.983552,-119.887492,LMR,LMR - Lower Methow River at Pateros,2023-08-05 00:42:09,2023-08-05 00:42:09,1
3DD.003D937C44,Starr Boat Launch,8/10/2023,2023,47.983552,-119.887492,LMR,LMR - Lower Methow River at Pateros,2023-08-20 20:12:30,2023-08-20 20:12:30,1
3DD.003D937C44,Starr Boat Launch,8/10/2023,2023,47.983552,-119.887492,MRC,MRC - Methow River at Carlton,2024-05-21 03:25:40,2024-05-27 20:35:57,1
3DD.003D937C44,Starr Boat Launch,8/10/2023,2023,47.983552,-119.887492,WEA,"WEA - Wells Dam, DCPUD Adult Ladders",2023-08-16 00:20:29,2023-08-16 15:46:56,1
3DD.003D937C46,Starr Boat Launch,8/3/2023,2023,47.983552,-119.887492,LMR,LMR - Lower Methow River at Pateros,2023-08-04 22:11:39,2023-08-04 22:11:39,1
3DD.003D937C4E,Starr Boat Launch,8/10/2023,2023,47.983552,-119.887492,OKL,OKL - Lower Okanogan Instream Array,2023-08-15 21:21:23,2023-08-15 21:21:30,1
3DD.003D937C50,Starr Boat Launch,8/10/2023,2023,47.983552,-119.887492,OKL,OKL - Lower Okanogan Instream Array,2023-08-13 21:53:19,2023-08-13 21:53:30,1
3DD.003D937C56,Starr Boat Launch,8/10/2023,2023,47.983552,-119.887492,LMR,LMR - Lower Methow River at Pateros,2023-08-12 23:25:11,2023-08-12 23:25:11,1
3DD.003D937C56,Starr Boat Launch,8/10/2023,2023,47.983552,-119.887492,MRC,MRC - Methow River at Carlton,2023-08-17 20:51:37,2023-08-17 20:51:37,1
3DD.003D937C57,Starr Boat Launch,8/3/2023,2023,47.983552,-119.887492,CRW,CRW - Chewuch River above Winthrop,2024-04-25 00:24:42,2024-05-14 22:54:20,1
3DD.003D937C57,Starr Boat Launch,8/3/2023,2023,47.983552,-119.887492,LMR,LMR - Lower Methow River at Pateros,2023-08-05 23:09:26,2023-08-05 23:09:26,1
3DD.003D937C57,Starr Boat Launch,8/3/2023,2023,47.983552,-119.887492,MRW,MRW - Methow River at Winthrop,2023-08-14 00:57:47,2023-08-18 21:02:19,1
3DD.003D937C59,Starr Boat Launch,8/10/2023,2023,47.983552,-119.887492,LMR,LMR - Lower Methow River at Pateros,2024-06-10 12:48:38,2024-06-10 12:48:58,1
3DD.003D937C66,Starr Boat Launch,8/10/2023,2023,47.983552,-119.887492,MRC,MRC - Methow River at Carlton,2023-08-15 20:19:12,2023-08-15 20:19:12,1
3DD.003D937C6A,Starr Boat Launch,8/10/2023,2023,47.983552,-119.887492,LMR,LMR - Lower Methow River at Pateros,2023-08-13 21:52:36,2023-08-13 21:52:36,1
3DD.003D937C6A,Starr Boat Launch,8/10/2023,2023,47.983552,-119.887492,MRC,MRC - Methow River at Carlton,2023-08-17 20:19:44,2023-08-17 20:19:44,1
3DD.003D937C71,Starr Boat Launch,8/10/2023,2023,47.983552,-119.887492,CRW,CRW - Chewuch River above Winthrop,2024-06-05 20:25:20,2024-06-05 23:04:44,1
3DD.003D937C71,Starr Boat Launch,8/10/2023,2023,47.983552,-119.887492,LMR,LMR - Lower Methow River at Pateros,2023-08-11 22:16:12,2023-08-11 22:16:12,1
3DD.003D937C72,Starr Boat Launch,8/10/2023,2023,47.983552,-119.887492,OKL,OKL - Lower Okanogan Instream Array,2023-08-13 21:02:31,2023-08-13 21:02:31,1
3DD.003D937C74,Starr Boat Launch,8/10/2023,2023,47.983552,-119.887492,OKL,OKL - Lower Okanogan Instream Array,2023-08-14 21:18:30,2023-08-14 21:18:40,1
3DD.003D937C76,Starr Boat Launch,8/10/2023,2023,47.983552,-119.887492,LMR,LMR - Lower Methow River at Pateros,2023-08-12 01:48:08,2023-08-12 01:48:08,1
3DD.003D937C78,Starr Boat Launch,8/3/2023,2023,47.983552,-119.887492,MRC,MRC - Methow River at Carlton,2024-05-07 01:17:42,2024-06-08 23:28:22,1
3DD.003D937C80,Starr Boat Launch,8/3/2023,2023,47.983552,-119.887492,LMR,LMR - Lower Methow River at Pateros,2023-08-05 00:29:00,2023-08-05 00:29:00,1
3DD.003D937C82,Starr Boat Launch,8/10/2023,2023,47.983552,-119.887492,CML,CML - Chewuch River Middle Lower,2023-08-28 23:38:58,2024-05-28 00:32:53,1
3DD.003D937C82,Starr Boat Launch,8/10/2023,2023,47.983552,-119.887492,CMU,CMU - Chewuch River Middle Upper,2023-08-29 00:29:32,2024-05-27 22:15:29,1
3DD.003D937C82,Starr Boat Launch,8/10/2023,2023,47.983552,-119.887492,CRW,CRW - Chewuch River above Winthrop,2023-08-21 21:04:18,2023-08-21 21:10:07,1
3DD.003D937C82,Starr Boat Launch,8/10/2023,2023,47.983552,-119.887492,MRC,MRC - Methow River at Carlton,2023-08-16 02:09:25,2024-07-05 11:48:29,1
3DD.003D937C83,Starr Boat Launch,8/10/2023,2023,47.983552,-119.887492,LMR,LMR - Lower Methow River at Pateros,2024-05-23 22:18:20,2024-05-23 22:19:14,1
3DD.003D937C84,Starr Boat Launch,8/10/2023,2023,47.983552,-119.887492,CML,CML - Chewuch River Middle Lower,2023-08-19 02:01:00,2023-08-19 02:01:00,1
3DD.003D937C84,Starr Boat Launch,8/10/2023,2023,47.983552,-119.887492,CRW,CRW - Chewuch River above Winthrop,2023-08-18 21:32:52,2023-08-18 21:34:14,1
3DD.003D937C84,Starr Boat Launch,8/10/2023,2023,47.983552,-119.887492,LMR,LMR - Lower Methow River at Pateros,2023-08-11 21:35:18,2023-08-11 21:35:34,1
3DD.003D937C88,Starr Boat Launch,8/10/2023,2023,47.983552,-119.887492,LMR,LMR - Lower Methow River at Pateros,2023-08-12 22:13:24,2023-08-12 22:13:24,1
3DD.003D937C8C,Starr Boat Launch,8/10/2023,2023,47.983552,-119.887492,OKL,OKL - Lower Okanogan Instream Array,2023-08-13 21:35:41,2023-08-13 21:35:49,1
3DD.003D937C8D,Starr Boat Launch,8/10/2023,2023,47.983552,-119.887492,LMR,LMR - Lower Methow River at Pateros,2023-08-11 21:31:30,2023-08-11 21:31:30,1
3DD.003D937C8D,Starr Boat Launch,8/10/2023,2023,47.983552,-119.887492,MRC,MRC - Methow River at Carlton,2023-08-15 01:00:21,2023-08-15 01:00:21,1
3DD.003D937C91,Starr Boat Launch,8/10/2023,2023,47.983552,-119.887492,CML,CML - Chewuch River Middle Lower,2023-08-19 03:31:20,2023-08-19 03:31:20,1
3DD.003D937C91,Starr Boat Launch,8/10/2023,2023,47.983552,-119.887492,CRW,CRW - Chewuch River above Winthrop,2023-08-18 22:34:03,2023-08-18 22:35:39,1
3DD.003D937C91,Starr Boat Launch,8/10/2023,2023,47.983552,-119.887492,LMR,LMR - Lower Methow River at Pateros,2023-08-11 21:38:02,2023-08-11 21:38:15,1
3DD.003D937C91,Starr Boat Launch,8/10/2023,2023,47.983552,-119.887492,MRC,MRC - Methow River at Carlton,2023-08-15 02:27:10,2023-08-15 02:27:10,1
3DD.003D937C95,Starr Boat Launch,8/10/2023,2023,47.983552,-119.887492,OKL,OKL - Lower Okanogan Instream Array,2023-08-13 20:09:08,2023-08-13 20:09:08,1
3DD.003D937C9B,Starr Boat Launch,8/10/2023,2023,47.983552,-119.887492,CML,CML - Chewuch River Middle Lower,2023-08-18 22:08:57,2023-08-18 22:08:57,1
3DD.003D937C9B,Starr Boat Launch,8/10/2023,2023,47.983552,-119.887492,CMU,CMU - Chewuch River Middle Upper,2023-08-18 22:39:06,2023-08-18 22:39:06,1
3DD.003D937C9B,Starr Boat Launch,8/10/2023,2023,47.983552,-119.887492,CRU,CRU - Upper Chewuch Instream Array,2023-08-31 02:59:37,2024-05-09 20:59:12,1
3DD.003D937C9B,Starr Boat Launch,8/10/2023,2023,47.983552,-119.887492,CRW,CRW - Chewuch River above Winthrop,2023-08-18 01:56:26,2023-08-18 01:56:26,1
3DD.003D937C9C,Starr Boat Launch,8/10/2023,2023,47.983552,-119.887492,CML,CML - Chewuch River Middle Lower,2024-04-28 02:58:59,2024-04-28 02:58:59,1
3DD.003D937C9C,Starr Boat Launch,8/10/2023,2023,47.983552,-119.887492,CMU,CMU - Chewuch River Middle Upper,2024-04-28 22:58:04,2024-04-28 22:58:05,1
3DD.003D937C9C,Starr Boat Launch,8/10/2023,2023,47.983552,-119.887492,CRW,CRW - Chewuch River above Winthrop,2024-04-15 01:36:19,2024-04-15 01:39:15,1
3DD.003D937C9C,Starr Boat Launch,8/10/2023,2023,47.983552,-119.887492,MRC,MRC - Methow River at Carlton,2024-04-04 00:13:53,2024-04-04 00:13:53,1
3DD.003D937CA2,Starr Boat Launch,8/10/2023,2023,47.983552,-119.887492,CRW,CRW - Chewuch River above Winthrop,2024-05-31 02:15:41,2024-05-31 02:15:41,1
3DD.003D937CA2,Starr Boat Launch,8/10/2023,2023,47.983552,-119.887492,MRC,MRC - Methow River at Carlton,2023-08-15 20:27:36,2023-08-15 20:27:36,1
3DD.003D937CA5,Starr Boat Launch,8/5/2021,2021,47.983552,-119.887492,MRC,MRC - Methow River at Carlton,2021-08-11 00:43:06,2021-08-11 00:43:06,1
3DD.003D937CA8,Starr Boat Launch,8/5/2021,2021,47.983552,-119.887492,MRC,MRC - Methow River at Carlton,2021-08-12 20:48:08,2021-08-12 20:48:08,1
3DD.003D937CAA,Starr Boat Launch,8/5/2021,2021,47.983552,-119.887492,OKL,OKL - Lower Okanogan Instream Array,2021-08-08 22:59:02,2021-08-08 22:59:02,1
3DD.003D937CAB,Salmon Creek,8/12/2021,2021,48.446022,-119.666279,SA0,SA0 - Salmon Creek below OID Div.,2022-06-10 04:15:13,2022-06-10 04:15:49,1
3DD.003D937CAB,Salmon Creek,8/12/2021,2021,48.446022,-119.666279,SAD,SAD - Salmon Creek Above OID Div.,2022-06-10 01:56:40,2022-06-10 01:58:37,1
3DD.003D937CAD,Starr Boat Launch,8/5/2021,2021,47.983552,-119.887492,OKL,OKL - Lower Okanogan Instream Array,2022-03-28 02:52:51,2022-05-10 09:45:30,1
3DD.003D937CAE,Starr Boat Launch,8/5/2021,2021,47.983552,-119.887492,LMR,LMR - Lower Methow River at Pateros,2021-08-08 20:58:34,2021-08-08 20:58:42,1
3DD.003D937CB4,Starr Boat Launch,8/5/2021,2021,47.983552,-119.887492,LMR,LMR - Lower Methow River at Pateros,2021-08-06 23:23:24,2022-06-14 22:39:00,1
3DD.003D937CB4,Starr Boat Launch,8/5/2021,2021,47.983552,-119.887492,MRC,MRC - Methow River at Carlton,2021-08-10 22:57:07,2021-08-10 22:57:07,1
3DD.003D937CB6,Starr Boat Launch,8/5/2021,2021,47.983552,-119.887492,LMR,LMR - Lower Methow River at Pateros,2021-08-06 22:09:13,2021-08-06 22:09:13,1
3DD.003D937CB6,Starr Boat Launch,8/5/2021,2021,47.983552,-119.887492,MRC,MRC - Methow River at Carlton,2021-08-11 03:56:33,2021-08-11 03:56:33,1
3DD.003D937CB6,Starr Boat Launch,8/5/2021,2021,47.983552,-119.887492,MRW,MRW - Methow River at Winthrop,2021-09-19 20:11:08,2021-09-21 20:46:45,1
3DD.003D937CB7,Starr Boat Launch,8/5/2021,2021,47.983552,-119.887492,CML,CML - Chewuch River Middle Lower,2022-07-12 22:36:03,2022-07-12 22:36:03,1
3DD.003D937CB7,Starr Boat Launch,8/5/2021,2021,47.983552,-119.887492,CMU,CMU - Chewuch River Middle Upper,2022-07-08 23:31:06,2022-07-08 23:31:06,1
3DD.003D937CB7,Starr Boat Launch,8/5/2021,2021,47.983552,-119.887492,CRW,CRW - Chewuch River above Winthrop,2021-08-13 20:58:56,2022-07-16 04:30:58,1
3DD.003D937CB7,Starr Boat Launch,8/5/2021,2021,47.983552,-119.887492,LMR,LMR - Lower Methow River at Pateros,2021-08-06 21:34:17,2021-08-06 21:34:17,1
3DD.003D937CB7,Starr Boat Launch,8/5/2021,2021,47.983552,-119.887492,MRC,MRC - Methow River at Carlton,2021-08-10 03:08:11,2021-08-10 03:08:11,1
3DD.003D937CB8,Starr Boat Launch,8/5/2021,2021,47.983552,-119.887492,MRC,MRC - Methow River at Carlton,2021-08-10 02:26:26,2021-08-10 02:26:26,1
3DD.003D937CB9,Starr Boat Launch,8/5/2021,2021,47.983552,-119.887492,CML,CML - Chewuch River Middle Lower,2022-07-20 01:29:05,2022-07-20 01:29:05,1
3DD.003D937CB9,Starr Boat Launch,8/5/2021,2021,47.983552,-119.887492,CRW,CRW - Chewuch River above Winthrop,2022-07-19 01:48:00,2022-07-19 01:50:02,1
3DD.003D937CB9,Starr Boat Launch,8/5/2021,2021,47.983552,-119.887492,WEA,"WEA - Wells Dam, DCPUD Adult Ladders",2022-06-25 04:14:54,2022-06-25 05:27:47,1
3DD.003D937CBB,Starr Boat Launch,8/5/2021,2021,47.983552,-119.887492,LMR,LMR - Lower Methow River at Pateros,2021-08-06 22:18:09,2021-08-06 22:18:09,1
3DD.003D937CBD,Starr Boat Launch,8/5/2021,2021,47.983552,-119.887492,LMR,LMR - Lower Methow River at Pateros,2021-08-07 02:19:01,2021-08-07 02:19:01,1
3DD.003D937CBD,Starr Boat Launch,8/5/2021,2021,47.983552,-119.887492,MRC,MRC - Methow River at Carlton,2021-08-11 21:14:40,2021-08-11 21:14:40,1
3DD.003D937CBE,Starr Boat Launch,8/5/2021,2021,47.983552,-119.887492,CRU,CRU - Upper Chewuch Instream Array,2022-07-20 01:49:58,2022-07-20 01:50:04,1
3DD.003D937CBE,Starr Boat Launch,8/5/2021,2021,47.983552,-119.887492,CRW,CRW - Chewuch River above Winthrop,2021-08-14 20:40:52,2021-08-14 20:42:16,1
3DD.003D937CBE,Starr Boat Launch,8/5/2021,2021,47.983552,-119.887492,LMR,LMR - Lower Methow River at Pateros,2021-08-06 21:49:05,2021-08-06 21:49:05,1
3DD.003D937CBE,Starr Boat Launch,8/5/2021,2021,47.983552,-119.887492,MRC,MRC - Methow River at Carlton,2021-08-11 00:17:22,2021-08-11 00:17:22,1
3DD.003D937CBF,Starr Boat Launch,8/5/2021,2021,47.983552,-119.887492,LMR,LMR - Lower Methow River at Pateros,2021-08-06 21:48:04,2021-08-06 21:48:14,1
3DD.003D937CBF,Starr Boat Launch,8/5/2021,2021,47.983552,-119.887492,MRC,MRC - Methow River at Carlton,2021-08-11 20:42:00,2022-05-12 22:02:23,1
3DD.003D937CC1,Starr Boat Launch,8/5/2021,2021,47.983552,-119.887492,LMR,LMR - Lower Methow River at Pateros,2021-08-07 01:56:27,2021-08-07 01:56:27,1
3DD.003D937CC1,Starr Boat Launch,8/5/2021,2021,47.983552,-119.887492,MRC,MRC - Methow River at Carlton,2021-08-15 00:44:33,2021-08-15 00:44:33,1
3DD.003D937CC2,Starr Boat Launch,8/5/2021,2021,47.983552,-119.887492,CRW,CRW - Chewuch River above Winthrop,2021-08-13 22:01:09,2021-08-13 22:02:42,1
3DD.003D937CC2,Starr Boat Launch,8/5/2021,2021,47.983552,-119.887492,LMR,LMR - Lower Methow River at Pateros,2021-08-06 03:20:23,2021-08-06 03:20:38,1
3DD.003D937CC2,Starr Boat Launch,8/5/2021,2021,47.983552,-119.887492,MRC,MRC - Methow River at Carlton,2021-08-10 03:35:06,2021-08-10 03:35:06,1
3DD.003D937CC4,Starr Boat Launch,8/5/2021,2021,47.983552,-119.887492,LMR,LMR - Lower Methow River at Pateros,2021-08-06 23:42:58,2021-08-06 23:43:03,1
3DD.003D937CC6,Starr Boat Launch,8/5/2021,2021,47.983552,-119.887492,MRC,MRC - Methow River at Carlton,2021-08-10 20:29:16,2021-08-10 20:29:16,1
3DD.003D937CC9,Starr Boat Launch,8/5/2021,2021,47.983552,-119.887492,MRC,MRC - Methow River at Carlton,2021-08-11 02:04:46,2021-08-11 02:04:46,1
3DD.003D937CCA,Starr Boat Launch,8/5/2021,2021,47.983552,-119.887492,LMR,LMR - Lower Methow River at Pateros,2022-06-13 19:11:14,2022-06-13 19:11:14,1
3DD.003D937CCD,Starr Boat Launch,8/5/2021,2021,47.983552,-119.887492,LMR,LMR - Lower Methow River at Pateros,2022-04-22 00:27:23,2022-04-22 00:27:39,1
3DD.003D937CCE,Starr Boat Launch,8/5/2021,2021,47.983552,-119.887492,LMR,LMR - Lower Methow River at Pateros,2021-08-06 21:42:16,2021-08-06 21:42:16,1
3DD.003D937CCE,Starr Boat Launch,8/5/2021,2021,47.983552,-119.887492,MRC,MRC - Methow River at Carlton,2021-08-14 01:26:42,2021-08-14 01:26:42,1
3DD.003D937CCF,Starr Boat Launch,8/5/2021,2021,47.983552,-119.887492,CML,CML - Chewuch River Middle Lower,2022-06-23 22:22:26,2022-06-23 22:22:26,1
3DD.003D937CCF,Starr Boat Launch,8/5/2021,2021,47.983552,-119.887492,CRW,CRW - Chewuch River above Winthrop,2021-08-13 20:58:16,2021-08-13 20:59:45,1
3DD.003D937CCF,Starr Boat Launch,8/5/2021,2021,47.983552,-119.887492,MRC,MRC - Methow River at Carlton,2021-08-10 02:23:48,2021-08-10 02:23:48,1
3DD.003D937CD0,Starr Boat Launch,8/5/2021,2021,47.983552,-119.887492,MRC,MRC - Methow River at Carlton,2021-08-10 03:11:16,2021-08-10 03:11:16,1
3DD.003D937CD2,Starr Boat Launch,8/5/2021,2021,47.983552,-119.887492,LMR,LMR - Lower Methow River at Pateros,2021-08-06 20:42:56,2021-08-06 20:42:56,1
3DD.003D937CD2,Starr Boat Launch,8/5/2021,2021,47.983552,-119.887492,MRC,MRC - Methow River at Carlton,2021-08-11 00:24:35,2021-08-11 00:24:35,1
3DD.003D937CD4,Starr Boat Launch,8/5/2021,2021,47.983552,-119.887492,MRC,MRC - Methow River at Carlton,2021-08-11 21:53:36,2021-08-11 21:53:36,1
3DD.003D937CD5,Starr Boat Launch,8/5/2021,2021,47.983552,-119.887492,LMR,LMR - Lower Methow River at Pateros,2021-08-06 22:00:59,2021-08-06 22:00:59,1
3DD.003D937CD5,Starr Boat Launch,8/5/2021,2021,47.983552,-119.887492,MRC,MRC - Methow River at Carlton,2021-08-11 20:30:00,2021-08-11 20:30:00,1
3DD.003D937CD5,Starr Boat Launch,8/5/2021,2021,47.983552,-119.887492,MRW,MRW - Methow River at Winthrop,2021-08-16 22:07:35,2022-05-22 02:11:11,1
3DD.003D937CD6,Starr Boat Launch,8/5/2021,2021,47.983552,-119.887492,CRW,CRW - Chewuch River above Winthrop,2021-08-16 21:10:41,2022-06-27 01:49:11,1
3DD.003D937CD6,Starr Boat Launch,8/5/2021,2021,47.983552,-119.887492,LMR,LMR - Lower Methow River at Pateros,2021-08-06 21:35:20,2021-08-06 21:35:20,1
3DD.003D937CD6,Starr Boat Launch,8/5/2021,2021,47.983552,-119.887492,MRC,MRC - Methow River at Carlton,2021-08-11 21:12:41,2021-08-11 21:12:41,1
3DD.003D937CD8,Starr Boat Launch,8/5/2021,2021,47.983552,-119.887492,LMR,LMR - Lower Methow River at Pateros,2021-08-06 22:41:30,2021-08-06 22:41:30,1
3DD.003D937CD9,Starr Boat Launch,8/5/2021,2021,47.983552,-119.887492,LMR,LMR - Lower Methow River at Pateros,2021-08-06 23:20:39,2021-08-06 23:20:39,1
3DD.003D937CD9,Starr Boat Launch,8/5/2021,2021,47.983552,-119.887492,MRC,MRC - Methow River at Carlton,2021-08-11 01:59:04,2021-08-11 01:59:04,1
3DD.003D937CDA,Starr Boat Launch,8/5/2021,2021,47.983552,-119.887492,LMR,LMR - Lower Methow River at Pateros,2021-08-07 01:05:29,2021-08-07 01:05:29,1
3DD.003D937CDA,Starr Boat Launch,8/5/2021,2021,47.983552,-119.887492,MRC,MRC - Methow River at Carlton,2021-08-12 20:38:51,2022-05-31 01:34:25,1
3DD.003D937CDC,Starr Boat Launch,8/5/2021,2021,47.983552,-119.887492,MRC,MRC - Methow River at Carlton,2022-03-26 21:00:32,2022-03-26 21:01:34,1
3DD.003D937CDD,Starr Boat Launch,8/5/2021,2021,47.983552,-119.887492,OKL,OKL - Lower Okanogan Instream Array,2022-05-28 15:27:57,2022-05-28 15:28:25,1
3DD.003D937CDE,Salmon Creek,8/12/2021,2021,48.446022,-119.666279,SAD,SAD - Salmon Creek Above OID Div.,2022-07-12 08:47:58,2022-07-12 08:47:58,1
3DD.003D937CDF,Starr Boat Launch,8/5/2021,2021,47.983552,-119.887492,LMR,LMR - Lower Methow River at Pateros,2021-08-06 23:47:18,2021-08-06 23:47:18,1
3DD.003D937CE1,Starr Boat Launch,8/5/2021,2021,47.983552,-119.887492,OKL,OKL - Lower Okanogan Instream Array,2022-07-08 01:29:37,2022-07-08 01:29:37,1
3DD.003D937CE3,Starr Boat Launch,8/5/2021,2021,47.983552,-119.887492,LMR,LMR - Lower Methow River at Pateros,2021-08-07 00:16:22,2021-08-07 00:16:22,1
3DD.003D937CE3,Starr Boat Launch,8/5/2021,2021,47.983552,-119.887492,MRC,MRC - Methow River at Carlton,2021-08-11 23:46:07,2021-08-11 23:46:07,1
3DD.003D937CE4,Starr Boat Launch,8/5/2021,2021,47.983552,-119.887492,OKL,OKL - Lower Okanogan Instream Array,2021-11-23 00:29:12,2021-11-23 01:06:22,1
3DD.003D937CE5,Starr Boat Launch,8/5/2021,2021,47.983552,-119.887492,LMR,LMR - Lower Methow River at Pateros,2021-08-06 03:35:20,2021-08-06 03:35:36,1
3DD.003D937CE5,Starr Boat Launch,8/5/2021,2021,47.983552,-119.887492,MRC,MRC - Methow River at Carlton,2021-08-09 23:35:15,2021-08-09 23:35:15,1
3DD.003D937CE6,Starr Boat Launch,8/5/2021,2021,47.983552,-119.887492,MRC,MRC - Methow River at Carlton,2021-08-11 03:10:51,2021-08-11 03:10:51,1
3DD.003D937CE8,Starr Boat Launch,8/5/2021,2021,47.983552,-119.887492,MRC,MRC - Methow River at Carlton,2021-08-11 21:40:37,2021-08-11 21:40:38,1
3DD.003D937CEB,Starr Boat Launch,8/5/2021,2021,47.983552,-119.887492,LMR,LMR - Lower Methow River at Pateros,2021-08-06 22:00:36,2021-08-06 22:00:36,1
3DD.003D937CEC,Starr Boat Launch,8/5/2021,2021,47.983552,-119.887492,LMR,LMR - Lower Methow River at Pateros,2021-08-06 22:38:30,2021-08-06 22:38:30,1
3DD.003D937CED,Starr Boat Launch,8/5/2021,2021,47.983552,-119.887492,CRW,CRW - Chewuch River above Winthrop,2021-08-15 20:08:52,2021-08-15 20:10:29,1
3DD.003D937CED,Starr Boat Launch,8/5/2021,2021,47.983552,-119.887492,MRC,MRC - Methow River at Carlton,2021-08-11 02:45:28,2021-08-11 02:45:28,1
3DD.003D937CEF,Starr Boat Launch,8/5/2021,2021,47.983552,-119.887492,CMU,CMU - Chewuch River Middle Upper,2022-06-10 23:28:41,2022-06-28 10:06:39,1
3DD.003D937CEF,Starr Boat Launch,8/5/2021,2021,47.983552,-119.887492,CRW,CRW - Chewuch River above Winthrop,2021-08-14 22:05:33,2022-07-03 09:23:53,1
3DD.003D937CEF,Starr Boat Launch,8/5/2021,2021,47.983552,-119.887492,LMR,LMR - Lower Methow River at Pateros,2021-08-06 22:55:53,2021-08-06 22:55:53,1
3DD.003D937CEF,Starr Boat Launch,8/5/2021,2021,47.983552,-119.887492,MRC,MRC - Methow River at Carlton,2021-08-11 02:58:51,2021-08-11 02:58:51,1
3DD.003D937CF1,Salmon Creek,8/12/2021,2021,48.446022,-119.666279,SAD,SAD - Salmon Creek Above OID Div.,2022-07-07 00:36:57,2022-07-07 00:36:57,1
3DD.003D937CF2,Starr Boat Launch,8/5/2021,2021,47.983552,-119.887492,LMR,LMR - Lower Methow River at Pateros,2021-08-11 00:45:20,2021-08-11 00:45:20,1
3DD.003D937CF2,Starr Boat Launch,8/5/2021,2021,47.983552,-119.887492,MRC,MRC - Methow River at Carlton,2021-08-16 00:12:34,2021-08-16 00:12:34,1
3DD.003D937CF3,Starr Boat Launch,8/5/2021,2021,47.983552,-119.887492,LMR,LMR - Lower Methow River at Pateros,2021-08-06 22:38:17,2021-08-06 22:38:17,1
3DD.003D937CF3,Starr Boat Launch,8/5/2021,2021,47.983552,-119.887492,MRC,MRC - Methow River at Carlton,2021-08-10 23:09:50,2021-08-10 23:09:50,1
3DD.003D937CF4,Starr Boat Launch,8/5/2021,2021,47.983552,-119.887492,MRC,MRC - Methow River at Carlton,2021-08-10 22:03:20,2021-08-10 22:03:20,1
3DD.003D937CFA,Starr Boat Launch,8/5/2021,2021,47.983552,-119.887492,LMR,LMR - Lower Methow River at Pateros,2021-08-06 23:30:29,2021-08-06 23:30:29,1
3DD.003D937CFA,Starr Boat Launch,8/5/2021,2021,47.983552,-119.887492,MRC,MRC - Methow River at Carlton,2021-08-12 21:10:14,2022-07-14 18:53:43,1
3DD.003D937CFC,Starr Boat Launch,8/5/2021,2021,47.983552,-119.887492,CRW,CRW - Chewuch River above Winthrop,2021-08-15 20:46:20,2021-08-15 20:48:00,1
3DD.003D937CFC,Starr Boat Launch,8/5/2021,2021,47.983552,-119.887492,LMR,LMR - Lower Methow River at Pateros,2021-08-06 22:06:15,2021-08-06 22:06:23,1
3DD.003D937CFC,Starr Boat Launch,8/5/2021,2021,47.983552,-119.887492,MRC,MRC - Methow River at Carlton,2021-08-11 03:22:59,2021-08-11 03:22:59,1
3DD.003D937CFD,Starr Boat Launch,8/5/2021,2021,47.983552,-119.887492,ENA,ENA - Upper Entiat River at rkm 17.1,2021-08-11 23:34:47,2021-08-11 23:35:00,1
3DD.003D937CFD,Starr Boat Launch,8/5/2021,2021,47.983552,-119.887492,ENL,ENL - Lower Entiat River,2021-08-09 00:59:39,2021-08-09 01:00:10,1
3DD.003D937CFE,Starr Boat Launch,8/5/2021,2021,47.983552,-119.887492,MRC,MRC - Methow River at Carlton,2021-08-11 02:35:41,2021-08-11 02:35:41,1
3DD.003D937CFF,Starr Boat Launch,8/5/2021,2021,47.983552,-119.887492,RRF,RRF - Rocky Reach Fishway,2021-09-02 00:57:05,2021-09-02 00:59:55,1
3DD.003D937CFF,Starr Boat Launch,8/5/2021,2021,47.983552,-119.887492,WEH,WEH - Wells Dam Hatchery,2022-06-08 01:16:06,2022-07-12 23:06:25,1
3DD.003D937D02,Salmon Creek,8/12/2021,2021,48.446022,-119.666279,SA0,SA0 - Salmon Creek below OID Div.,2022-07-15 06:11:26,2022-07-15 06:12:32,1
3DD.003D937D03,Starr Boat Launch,8/5/2021,2021,47.983552,-119.887492,LMR,LMR - Lower Methow River at Pateros,2021-08-06 22:05:51,2023-05-02 11:15:23,1
3DD.003D937D03,Starr Boat Launch,8/5/2021,2021,47.983552,-119.887492,MRC,MRC - Methow River at Carlton,2021-08-11 03:06:43,2021-08-11 03:06:43,1
3DD.003D937D04,Starr Boat Launch,8/5/2021,2021,47.983552,-119.887492,OKL,OKL - Lower Okanogan Instream Array,2022-07-13 19:36:57,2022-07-13 19:36:57,1
3DD.003D937D05,Starr Boat Launch,8/5/2021,2021,47.983552,-119.887492,OKL,OKL - Lower Okanogan Instream Array,2021-08-08 01:55:36,2021-08-08 01:55:36,1
3DD.003D980E5A,Starr Boat Launch,7/22/2021,2021,47.983552,-119.887492,LMR,LMR - Lower Methow River at Pateros,2021-07-24 00:52:20,2021-07-24 00:52:20,1
3DD.003D980E5A,Starr Boat Launch,7/22/2021,2021,47.983552,-119.887492,MRC,MRC - Methow River at Carlton,2021-07-29 22:04:16,2021-07-29 22:04:16,1
3DD.003D980E5B,Starr Boat Launch,7/22/2021,2021,47.983552,-119.887492,MRC,MRC - Methow River at Carlton,2021-07-31 22:49:28,2022-07-19 16:37:05,1
3DD.003D980E5C,Starr Boat Launch,7/22/2021,2021,47.983552,-119.887492,MRC,MRC - Methow River at Carlton,2021-08-13 22:23:53,2022-04-23 23:08:46,1
3DD.003D980E5D,Starr Boat Launch,7/22/2021,2021,47.983552,-119.887492,CRU,CRU - Upper Chewuch Instream Array,2022-05-01 22:08:34,2022-05-01 22:08:45,1
3DD.003D980E5D,Starr Boat Launch,7/22/2021,2021,47.983552,-119.887492,CRW,CRW - Chewuch River above Winthrop,2021-08-11 21:18:13,2021-08-11 21:19:56,1
3DD.003D980E5D,Starr Boat Launch,7/22/2021,2021,47.983552,-119.887492,LMR,LMR - Lower Methow River at Pateros,2021-07-28 23:11:16,2021-07-28 23:11:16,1
3DD.003D980E5D,Starr Boat Launch,7/22/2021,2021,47.983552,-119.887492,MRC,MRC - Methow River at Carlton,2021-08-03 00:38:54,2021-08-03 00:38:54,1
3DD.003D980E63,Starr Boat Launch,7/22/2021,2021,47.983552,-119.887492,CML,CML - Chewuch River Middle Lower,2022-06-30 16:04:15,2022-06-30 16:04:15,1
3DD.003D980E63,Starr Boat Launch,7/22/2021,2021,47.983552,-119.887492,CRU,CRU - Upper Chewuch Instream Array,2022-06-19 21:37:05,2022-06-19 21:37:05,1
3DD.003D980E63,Starr Boat Launch,7/22/2021,2021,47.983552,-119.887492,CRW,CRW - Chewuch River above Winthrop,2021-08-03 00:21:59,2022-06-30 20:38:48,1
3DD.003D980E63,Starr Boat Launch,7/22/2021,2021,47.983552,-119.887492,MRC,MRC - Methow River at Carlton,2021-07-30 20:23:55,2021-07-30 20:23:55,1
3DD.003D980E6A,Starr Boat Launch,7/22/2021,2021,47.983552,-119.887492,CML,CML - Chewuch River Middle Lower,2022-07-16 18:13:51,2022-07-16 18:13:51,1
3DD.003D980E6A,Starr Boat Launch,7/22/2021,2021,47.983552,-119.887492,CMU,CMU - Chewuch River Middle Upper,2022-07-16 13:37:32,2022-07-16 13:37:32,1
3DD.003D980E6A,Starr Boat Launch,7/22/2021,2021,47.983552,-119.887492,CRU,CRU - Upper Chewuch Instream Array,2022-06-30 13:46:57,2022-07-05 19:01:08,1
3DD.003D980E6A,Starr Boat Launch,7/22/2021,2021,47.983552,-119.887492,CRW,CRW - Chewuch River above Winthrop,2021-08-05 02:07:30,2021-08-05 02:08:46,1
3DD.003D980E6A,Starr Boat Launch,7/22/2021,2021,47.983552,-119.887492,LMR,LMR - Lower Methow River at Pateros,2021-07-27 21:02:57,2021-07-27 21:02:57,1
3DD.003D980E6A,Starr Boat Launch,7/22/2021,2021,47.983552,-119.887492,MRC,MRC - Methow River at Carlton,2021-08-01 22:23:45,2021-08-01 22:23:45,1
3DD.003D980E6F,Starr Boat Launch,7/22/2021,2021,47.983552,-119.887492,CML,CML - Chewuch River Middle Lower,2022-07-05 13:52:14,2022-07-05 13:52:14,1
3DD.003D980E6F,Starr Boat Launch,7/22/2021,2021,47.983552,-119.887492,CMU,CMU - Chewuch River Middle Upper,2022-07-01 22:21:39,2022-07-01 22:21:39,1
3DD.003D980E6F,Starr Boat Launch,7/22/2021,2021,47.983552,-119.887492,CRW,CRW - Chewuch River above Winthrop,2021-08-04 21:19:41,2022-07-08 23:18:49,1
3DD.003D980E6F,Starr Boat Launch,7/22/2021,2021,47.983552,-119.887492,LMR,LMR - Lower Methow River at Pateros,2022-07-12 08:57:34,2022-07-12 08:57:34,1
3DD.003D980E6F,Starr Boat Launch,7/22/2021,2021,47.983552,-119.887492,MRC,MRC - Methow River at Carlton,2021-07-31 22:47:49,2022-07-10 06:53:09,1
3DD.003D980E76,Starr Boat Launch,7/22/2021,2021,47.983552,-119.887492,LMR,LMR - Lower Methow River at Pateros,2021-07-23 22:55:51,2021-07-23 22:55:51,1
3DD.003D980E78,Starr Boat Launch,7/22/2021,2021,47.983552,-119.887492,WEA,"WEA - Wells Dam, DCPUD Adult Ladders",2021-11-25 04:05:58,2021-11-27 01:07:36,1
3DD.003D980E7D,Starr Boat Launch,7/22/2021,2021,47.983552,-119.887492,LMR,LMR - Lower Methow River at Pateros,2021-07-23 22:55:14,2021-07-23 22:55:22,1
3DD.003D980E7D,Starr Boat Launch,7/22/2021,2021,47.983552,-119.887492,MRC,MRC - Methow River at Carlton,2021-08-02 23:00:31,2021-08-02 23:00:31,1
3DD.003D980E80,Starr Boat Launch,7/22/2021,2021,47.983552,-119.887492,MRC,MRC - Methow River at Carlton,2021-08-04 01:43:22,2021-08-04 01:43:22,1
3DD.003D980E86,Starr Boat Launch,7/22/2021,2021,47.983552,-119.887492,LMR,LMR - Lower Methow River at Pateros,2021-07-23 22:34:55,2021-07-23 22:34:55,1
3DD.003D980E86,Starr Boat Launch,7/22/2021,2021,47.983552,-119.887492,MRC,MRC - Methow River at Carlton,2021-07-29 22:22:25,2022-07-15 14:53:15,1
3DD.003D980E8D,Starr Boat Launch,7/22/2021,2021,47.983552,-119.887492,LMR,LMR - Lower Methow River at Pateros,2021-07-26 22:21:14,2021-07-26 22:21:14,1
3DD.003D980E91,Starr Boat Launch,7/22/2021,2021,47.983552,-119.887492,LMR,LMR - Lower Methow River at Pateros,2021-07-24 01:44:25,2021-07-24 01:44:25,1
3DD.003D980E91,Starr Boat Launch,7/22/2021,2021,47.983552,-119.887492,MRC,MRC - Methow River at Carlton,2021-08-01 21:03:40,2021-08-01 21:03:40,1
3DD.003D980E99,Starr Boat Launch,7/22/2021,2021,47.983552,-119.887492,MRC,MRC - Methow River at Carlton,2021-08-10 22:11:33,2021-08-10 22:11:33,1
3DD.003D980E9A,Starr Boat Launch,7/22/2021,2021,47.983552,-119.887492,LMR,LMR - Lower Methow River at Pateros,2021-07-24 20:56:50,2021-07-24 20:56:50,1
3DD.003D980E9A,Starr Boat Launch,7/22/2021,2021,47.983552,-119.887492,MRC,MRC - Methow River at Carlton,2021-07-31 23:57:30,2021-07-31 23:57:30,1
3DD.003D980E9B,Starr Boat Launch,7/22/2021,2021,47.983552,-119.887492,LMR,LMR - Lower Methow River at Pateros,2021-07-28 00:28:08,2021-07-28 00:28:08,1
3DD.003D980E9B,Starr Boat Launch,7/22/2021,2021,47.983552,-119.887492,MRC,MRC - Methow River at Carlton,2021-08-01 23:49:13,2021-08-01 23:49:13,1
3DD.003D980E9C,Starr Boat Launch,7/22/2021,2021,47.983552,-119.887492,LMR,LMR - Lower Methow River at Pateros,2021-07-24 00:49:14,2021-07-24 00:49:14,1
3DD.003D980E9C,Starr Boat Launch,7/22/2021,2021,47.983552,-119.887492,MRC,MRC - Methow River at Carlton,2021-08-01 00:33:32,2021-08-01 00:33:32,1
3DD.003D980E9D,Starr Boat Launch,7/22/2021,2021,47.983552,-119.887492,LMR,LMR - Lower Methow River at Pateros,2021-08-04 22:16:36,2021-08-04 22:16:36,1
3DD.003D980E9D,Starr Boat Launch,7/22/2021,2021,47.983552,-119.887492,MRC,MRC - Methow River at Carlton,2021-08-08 02:14:21,2022-07-18 02:39:52,1
3DD.003D980E9D,Starr Boat Launch,7/22/2021,2021,47.983552,-119.887492,TWR,TWR - Lwr Twisp Rvr near MSRF Ponds,2021-08-10 02:12:45,2021-08-10 02:13:20,1
3DD.003D980EA3,Starr Boat Launch,7/22/2021,2021,47.983552,-119.887492,CRW,CRW - Chewuch River above Winthrop,2021-08-02 01:14:19,2021-08-02 01:16:44,1
3DD.003D980EA3,Starr Boat Launch,7/22/2021,2021,47.983552,-119.887492,LMR,LMR - Lower Methow River at Pateros,2021-07-23 23:57:38,2021-07-23 23:57:51,1
3DD.003D980EA3,Starr Boat Launch,7/22/2021,2021,47.983552,-119.887492,MRC,MRC - Methow River at Carlton,2021-07-29 22:34:18,2021-07-29 22:34:18,1
3DD.003D980EA8,Starr Boat Launch,7/22/2021,2021,47.983552,-119.887492,RRJ,RRJ - Rocky Reach Dam Juvenile,2022-07-18 21:08:57,2022-07-18 21:08:57,1
3DD.003D980EA8,Starr Boat Launch,7/22/2021,2021,47.983552,-119.887492,WEJ,WEJ - Wells Dam Bypass Bay Sample,2021-07-22 22:49:53,2021-07-22 22:49:53,1
3DD.003D980EA9,Starr Boat Launch,7/22/2021,2021,47.983552,-119.887492,LMR,LMR - Lower Methow River at Pateros,2021-08-01 01:34:05,2021-08-01 01:34:05,1
3DD.003D980EB1,Starr Boat Launch,7/22/2021,2021,47.983552,-119.887492,OKL,OKL - Lower Okanogan Instream Array,2022-06-30 07:50:37,2022-06-30 07:50:45,1
3DD.003D980EBD,Omak Creek,7/29/2021,2021,48.353831,-119.288554,OMH,OMH - Omak Creek Haley Creek Road,2021-07-29 20:11:38,2021-07-29 20:11:38,1
3DD.003D980EBE,Starr Boat Launch,7/29/2021,2021,47.983552,-119.887492,CML,CML - Chewuch River Middle Lower,2022-07-14 09:01:37,2022-07-14 09:01:37,1
3DD.003D980EBE,Starr Boat Launch,7/29/2021,2021,47.983552,-119.887492,CMU,CMU - Chewuch River Middle Upper,2022-07-05 15:37:53,2022-07-07 16:29:47,1
3DD.003D980EBE,Starr Boat Launch,7/29/2021,2021,47.983552,-119.887492,CRW,CRW - Chewuch River above Winthrop,2021-08-06 23:28:47,2022-07-20 00:21:54,1
3DD.003D980EBE,Starr Boat Launch,7/29/2021,2021,47.983552,-119.887492,LMR,LMR - Lower Methow River at Pateros,2021-07-30 21:35:24,2021-07-30 21:35:28,1
3DD.003D980EBE,Starr Boat Launch,7/29/2021,2021,47.983552,-119.887492,MRC,MRC - Methow River at Carlton,2021-08-02 23:51:19,2021-08-02 23:51:19,1
3DD.003D980EBF,Omak Creek,7/29/2021,2021,48.353831,-119.288554,OMH,OMH - Omak Creek Haley Creek Road,2021-07-29 20:13:21,2021-07-29 20:13:21,1
3DD.003D980EC0,Starr Boat Launch,7/29/2021,2021,47.983552,-119.887492,OKL,OKL - Lower Okanogan Instream Array,2021-11-26 18:36:49,2021-11-26 18:36:49,1
3DD.003D980EC1,Starr Boat Launch,7/29/2021,2021,47.983552,-119.887492,LMR,LMR - Lower Methow River at Pateros,2021-07-31 00:39:28,2021-07-31 00:39:28,1
3DD.003D980EC1,Starr Boat Launch,7/29/2021,2021,47.983552,-119.887492,MRC,MRC - Methow River at Carlton,2021-08-04 23:12:54,2021-08-04 23:12:54,1
3DD.003D980EC2,Starr Boat Launch,8/5/2021,2021,47.983552,-119.887492,LMR,LMR - Lower Methow River at Pateros,2021-08-06 23:31:40,2021-08-06 23:31:40,1
3DD.003D980EC2,Starr Boat Launch,8/5/2021,2021,47.983552,-119.887492,MRC,MRC - Methow River at Carlton,2021-08-11 23:41:48,2021-08-11 23:41:48,1
3DD.003D980EC3,Omak Creek,7/29/2021,2021,48.353831,-119.288554,OMH,OMH - Omak Creek Haley Creek Road,2021-07-29 20:59:35,2021-07-29 20:59:35,1
3DD.003D980EC4,Starr Boat Launch,8/5/2021,2021,47.983552,-119.887492,LMR,LMR - Lower Methow River at Pateros,2021-08-06 22:10:07,2021-08-06 22:10:07,1
3DD.003D980EC4,Starr Boat Launch,8/5/2021,2021,47.983552,-119.887492,MRC,MRC - Methow River at Carlton,2021-08-11 23:31:38,2021-08-11 23:31:38,1
3DD.003D980EC6,Starr Boat Launch,7/22/2021,2021,47.983552,-119.887492,OKL,OKL - Lower Okanogan Instream Array,2022-06-25 20:15:33,2022-06-25 20:15:33,1
3DD.003D980EC6,Starr Boat Launch,7/22/2021,2021,47.983552,-119.887492,OMK,OMK - Omak Creek Instream Array,2022-06-18 22:12:49,2022-06-22 03:23:25,1
3DD.003D980EC7,Omak Creek,7/29/2021,2021,48.353831,-119.288554,OBF,OBF - Omak Creek below Mission Falls,2022-05-30 20:02:28,2022-05-30 20:02:33,1
3DD.003D980EC7,Omak Creek,7/29/2021,2021,48.353831,-119.288554,OMF,OMF - Omak Creek above Mission Falls,2022-05-29 23:03:41,2022-05-29 23:03:41,1
3DD.003D980EC7,Omak Creek,7/29/2021,2021,48.353831,-119.288554,OMH,OMH - Omak Creek Haley Creek Road,2021-07-29 20:22:22,2021-07-29 20:22:22,1
3DD.003D980EC8,Omak Creek,7/29/2021,2021,48.353831,-119.288554,OBF,OBF - Omak Creek below Mission Falls,2022-06-22 22:33:45,2022-06-22 22:33:50,1
3DD.003D980EC8,Omak Creek,7/29/2021,2021,48.353831,-119.288554,OMF,OMF - Omak Creek above Mission Falls,2022-06-22 20:58:20,2022-06-22 20:58:20,1
3DD.003D980EC8,Omak Creek,7/29/2021,2021,48.353831,-119.288554,OMH,OMH - Omak Creek Haley Creek Road,2021-07-29 20:09:58,2021-07-29 20:11:03,1
3DD.003D980EC8,Omak Creek,7/29/2021,2021,48.353831,-119.288554,OMK,OMK - Omak Creek Instream Array,2022-06-30 20:09:29,2022-06-30 20:09:38,1
3DD.003D980EC9,Starr Boat Launch,7/29/2021,2021,47.983552,-119.887492,WEA,"WEA - Wells Dam, DCPUD Adult Ladders",2021-12-12 14:31:44,2021-12-13 00:12:38,1
3DD.003D980ECA,Omak Creek,7/29/2021,2021,48.353831,-119.288554,OBF,OBF - Omak Creek below Mission Falls,2022-06-10 21:30:00,2022-06-10 21:30:04,1
3DD.003D980ECA,Omak Creek,7/29/2021,2021,48.353831,-119.288554,OMF,OMF - Omak Creek above Mission Falls,2022-06-10 21:04:04,2022-06-10 21:04:04,1
3DD.003D980ECA,Omak Creek,7/29/2021,2021,48.353831,-119.288554,OMH,OMH - Omak Creek Haley Creek Road,2021-07-29 20:45:06,2022-06-04 22:50:43,1
3DD.003D980ECA,Omak Creek,7/29/2021,2021,48.353831,-119.288554,OMK,OMK - Omak Creek Instream Array,2022-06-13 02:45:35,2022-06-13 02:45:40,1
3DD.003D980ECC,Starr Boat Launch,7/29/2021,2021,47.983552,-119.887492,LMR,LMR - Lower Methow River at Pateros,2021-07-30 22:04:36,2021-07-30 22:04:36,1
3DD.003D980ECC,Starr Boat Launch,7/29/2021,2021,47.983552,-119.887492,MRC,MRC - Methow River at Carlton,2021-08-05 21:25:41,2021-08-05 21:25:41,1
3DD.003D980ECE,Starr Boat Launch,7/22/2021,2021,47.983552,-119.887492,LMR,LMR - Lower Methow River at Pateros,2021-07-24 21:05:29,2021-07-24 21:05:29,1
3DD.003D980ECE,Starr Boat Launch,7/22/2021,2021,47.983552,-119.887492,MRC,MRC - Methow River at Carlton,2021-07-31 23:43:36,2021-07-31 23:43:36,1
3DD.003D980ECF,Starr Boat Launch,8/5/2021,2021,47.983552,-119.887492,LMR,LMR - Lower Methow River at Pateros,2021-08-06 22:29:14,2021-08-06 22:29:14,1
3DD.003D980ECF,Starr Boat Launch,8/5/2021,2021,47.983552,-119.887492,MRC,MRC - Methow River at Carlton,2021-08-11 03:08:25,2021-08-11 03:08:25,1
3DD.003D980ED0,Starr Boat Launch,8/5/2021,2021,47.983552,-119.887492,CRW,CRW - Chewuch River above Winthrop,2021-08-15 22:46:42,2021-08-15 22:48:59,1
3DD.003D980ED0,Starr Boat Launch,8/5/2021,2021,47.983552,-119.887492,MRC,MRC - Methow River at Carlton,2021-08-10 21:11:53,2021-08-10 21:11:53,1
3DD.003D980ED1,Omak Creek,7/29/2021,2021,48.353831,-119.288554,OMH,OMH - Omak Creek Haley Creek Road,2021-07-29 20:30:53,2021-07-29 23:12:05,1
3DD.003D980ED2,Starr Boat Launch,8/5/2021,2021,47.983552,-119.887492,CRW,CRW - Chewuch River above Winthrop,2021-08-14 22:31:13,2021-08-14 22:32:45,1
3DD.003D980ED2,Starr Boat Launch,8/5/2021,2021,47.983552,-119.887492,LMR,LMR - Lower Methow River at Pateros,2021-08-06 22:25:56,2021-08-06 22:25:56,1
3DD.003D980ED2,Starr Boat Launch,8/5/2021,2021,47.983552,-119.887492,MRC,MRC - Methow River at Carlton,2021-08-11 03:21:51,2021-08-11 03:21:51,1
3DD.003D980ED3,Starr Boat Launch,7/22/2021,2021,47.983552,-119.887492,OKL,OKL - Lower Okanogan Instream Array,2021-07-24 03:33:56,2021-07-24 03:33:56,1
3DD.003D980ED4,Omak Creek,7/29/2021,2021,48.353831,-119.288554,OBF,OBF - Omak Creek below Mission Falls,2022-07-03 03:32:11,2022-07-03 03:32:16,1
3DD.003D980ED4,Omak Creek,7/29/2021,2021,48.353831,-119.288554,OMF,OMF - Omak Creek above Mission Falls,2022-07-03 02:57:24,2022-07-03 02:57:24,1
3DD.003D980ED4,Omak Creek,7/29/2021,2021,48.353831,-119.288554,OMH,OMH - Omak Creek Haley Creek Road,2021-07-29 19:57:59,2022-06-19 23:33:40,1
3DD.003D980ED4,Omak Creek,7/29/2021,2021,48.353831,-119.288554,OMK,OMK - Omak Creek Instream Array,2022-07-08 08:09:06,2022-07-08 08:09:25,1
3DD.003D980ED9,Omak Creek,7/29/2021,2021,48.353831,-119.288554,OBF,OBF - Omak Creek below Mission Falls,2022-06-30 02:01:46,2022-06-30 02:01:50,1
3DD.003D980ED9,Omak Creek,7/29/2021,2021,48.353831,-119.288554,OMF,OMF - Omak Creek above Mission Falls,2022-06-29 04:48:52,2022-06-29 04:48:52,1
3DD.003D980ED9,Omak Creek,7/29/2021,2021,48.353831,-119.288554,OMH,OMH - Omak Creek Haley Creek Road,2021-07-29 20:56:16,2022-06-26 02:11:11,1
3DD.003D980ED9,Omak Creek,7/29/2021,2021,48.353831,-119.288554,OMK,OMK - Omak Creek Instream Array,2022-06-30 12:28:31,2022-06-30 12:28:38,1
3DD.003D980EDB,Starr Boat Launch,8/5/2021,2021,47.983552,-119.887492,MRC,MRC - Methow River at Carlton,2021-08-13 00:05:09,2021-08-13 00:05:09,1
3DD.003D980EDC,Starr Boat Launch,7/29/2021,2021,47.983552,-119.887492,LMR,LMR - Lower Methow River at Pateros,2021-07-31 01:18:58,2021-07-31 01:18:58,1
3DD.003D980EDC,Starr Boat Launch,7/29/2021,2021,47.983552,-119.887492,MRC,MRC - Methow River at Carlton,2021-08-04 02:46:24,2021-08-04 02:46:24,1
3DD.003D980EDD,Starr Boat Launch,7/22/2021,2021,47.983552,-119.887492,OKL,OKL - Lower Okanogan Instream Array,2022-06-16 00:27:41,2022-06-16 00:29:21,1
3DD.003D980EE0,Starr Boat Launch,7/29/2021,2021,47.983552,-119.887492,CRU,CRU - Upper Chewuch Instream Array,2022-06-22 00:11:37,2022-06-22 00:11:37,1
3DD.003D980EE0,Starr Boat Launch,7/29/2021,2021,47.983552,-119.887492,CRW,CRW - Chewuch River above Winthrop,2021-08-05 23:47:12,2021-08-05 23:48:38,1
3DD.003D980EE0,Starr Boat Launch,7/29/2021,2021,47.983552,-119.887492,MRC,MRC - Methow River at Carlton,2021-08-02 23:26:14,2021-08-02 23:26:14,1
3DD.003D980EE1,Starr Boat Launch,7/29/2021,2021,47.983552,-119.887492,LMR,LMR - Lower Methow River at Pateros,2021-07-30 23:36:27,2021-07-30 23:36:36,1
3DD.003D980EE1,Starr Boat Launch,7/29/2021,2021,47.983552,-119.887492,MRC,MRC - Methow River at Carlton,2021-08-13 23:42:23,2021-08-13 23:42:23,1
3DD.003D980EE2,Starr Boat Launch,7/29/2021,2021,47.983552,-119.887492,LMR,LMR - Lower Methow River at Pateros,2021-07-31 00:07:55,2021-07-31 00:08:37,1
3DD.003D980EE2,Starr Boat Launch,7/29/2021,2021,47.983552,-119.887492,MRC,MRC - Methow River at Carlton,2021-08-05 00:48:20,2022-07-03 04:21:10,1
3DD.003D980EE4,Starr Boat Launch,7/29/2021,2021,47.983552,-119.887492,MRC,MRC - Methow River at Carlton,2021-08-04 02:49:51,2021-08-04 02:49:51,1
3DD.003D980EE6,Starr Boat Launch,7/29/2021,2021,47.983552,-119.887492,LMR,LMR - Lower Methow River at Pateros,2021-07-30 23:22:16,2021-07-30 23:22:16,1
3DD.003D980EE6,Starr Boat Launch,7/29/2021,2021,47.983552,-119.887492,MRC,MRC - Methow River at Carlton,2021-08-04 23:22:03,2021-08-04 23:22:03,1
3DD.003D980EE7,Starr Boat Launch,7/29/2021,2021,47.983552,-119.887492,OKL,OKL - Lower Okanogan Instream Array,2022-05-07 15:40:53,2022-05-07 15:41:14,1
3DD.003D980EE8,Omak Creek,7/29/2021,2021,48.353831,-119.288554,OBF,OBF - Omak Creek below Mission Falls,2022-07-11 14:58:38,2022-07-11 14:58:43,1
3DD.003D980EE8,Omak Creek,7/29/2021,2021,48.353831,-119.288554,OMF,OMF - Omak Creek above Mission Falls,2022-07-06 19:33:13,2022-07-06 19:33:13,1
3DD.003D980EE8,Omak Creek,7/29/2021,2021,48.353831,-119.288554,OMH,OMH - Omak Creek Haley Creek Road,2022-07-05 03:12:51,2022-07-05 03:12:51,1
3DD.003D980EEA,Starr Boat Launch,7/22/2021,2021,47.983552,-119.887492,LMR,LMR - Lower Methow River at Pateros,2021-08-06 01:20:38,2021-08-06 01:20:38,1
3DD.003D980EEB,Omak Creek,7/29/2021,2021,48.353831,-119.288554,OMH,OMH - Omak Creek Haley Creek Road,2022-07-02 07:04:35,2022-07-02 07:04:35,1
3DD.003D980EEC,Starr Boat Launch,7/29/2021,2021,47.983552,-119.887492,LMR,LMR - Lower Methow River at Pateros,2021-07-30 23:37:52,2021-07-30 23:37:52,1
3DD.003D980EEC,Starr Boat Launch,7/29/2021,2021,47.983552,-119.887492,MRC,MRC - Methow River at Carlton,2021-08-03 23:14:38,2021-08-03 23:14:38,1
3DD.003D980EEE,Omak Creek,7/29/2021,2021,48.353831,-119.288554,OBF,OBF - Omak Creek below Mission Falls,2022-06-04 00:17:12,2022-06-04 00:17:17,1
3DD.003D980EEE,Omak Creek,7/29/2021,2021,48.353831,-119.288554,OMF,OMF - Omak Creek above Mission Falls,2022-06-03 23:00:00,2022-06-03 23:00:00,1
3DD.003D980EEE,Omak Creek,7/29/2021,2021,48.353831,-119.288554,OMH,OMH - Omak Creek Haley Creek Road,2021-07-29 20:54:16,2021-07-29 20:54:16,1
3DD.003D980EEF,Starr Boat Launch,7/22/2021,2021,47.983552,-119.887492,CRW,CRW - Chewuch River above Winthrop,2021-08-01 22:54:34,2021-08-01 22:54:34,1
3DD.003D980EEF,Starr Boat Launch,7/22/2021,2021,47.983552,-119.887492,LMR,LMR - Lower Methow River at Pateros,2021-07-24 00:50:41,2021-07-24 00:50:41,1
3DD.003D980EEF,Starr Boat Launch,7/22/2021,2021,47.983552,-119.887492,MRC,MRC - Methow River at Carlton,2021-07-29 01:11:14,2021-07-29 01:11:14,1
3DD.003D980EF0,Starr Boat Launch,7/29/2021,2021,47.983552,-119.887492,LMR,LMR - Lower Methow River at Pateros,2021-07-30 23:13:53,2021-07-30 23:13:57,1
3DD.003D980EF1,Omak Creek,7/29/2021,2021,48.353831,-119.288554,OMH,OMH - Omak Creek Haley Creek Road,2022-06-12 18:56:18,2022-06-12 18:56:18,1
3DD.003D980EF2,Starr Boat Launch,7/22/2021,2021,47.983552,-119.887492,CRW,CRW - Chewuch River above Winthrop,2021-08-10 22:09:49,2022-05-20 02:06:19,1
3DD.003D980EF2,Starr Boat Launch,7/22/2021,2021,47.983552,-119.887492,LMR,LMR - Lower Methow River at Pateros,2021-07-31 22:10:04,2021-07-31 22:10:04,1
3DD.003D980EF2,Starr Boat Launch,7/22/2021,2021,47.983552,-119.887492,MRC,MRC - Methow River at Carlton,2021-08-04 22:25:33,2021-08-04 22:25:33,1
3DD.003D980EF3,Starr Boat Launch,8/5/2021,2021,47.983552,-119.887492,LMR,LMR - Lower Methow River at Pateros,2021-08-06 22:44:03,2021-08-06 22:44:03,1
3DD.003D980EF3,Starr Boat Launch,8/5/2021,2021,47.983552,-119.887492,MRC,MRC - Methow River at Carlton,2021-08-13 20:22:07,2021-08-13 20:22:07,1
3DD.003D980EF4,Starr Boat Launch,7/29/2021,2021,47.983552,-119.887492,LMR,LMR - Lower Methow River at Pateros,2021-07-31 00:00:08,2021-07-31 00:00:08,1
3DD.003D980EF4,Starr Boat Launch,7/29/2021,2021,47.983552,-119.887492,MRC,MRC - Methow River at Carlton,2021-08-04 01:04:19,2021-08-04 01:04:19,1
3DD.003D980EF6,Starr Boat Launch,7/22/2021,2021,47.983552,-119.887492,CRW,CRW - Chewuch River above Winthrop,2021-08-06 00:21:07,2021-08-06 00:22:27,1
3DD.003D980EF6,Starr Boat Launch,7/22/2021,2021,47.983552,-119.887492,LMR,LMR - Lower Methow River at Pateros,2021-07-23 22:41:50,2021-07-23 22:41:54,1
3DD.003D980EF6,Starr Boat Launch,7/22/2021,2021,47.983552,-119.887492,MRC,MRC - Methow River at Carlton,2021-08-02 22:35:05,2021-08-02 22:35:05,1
3DD.003D980EF7,Omak Creek,7/29/2021,2021,48.353831,-119.288554,OBF,OBF - Omak Creek below Mission Falls,2022-06-16 20:20:03,2022-06-16 20:20:07,1
3DD.003D980EF7,Omak Creek,7/29/2021,2021,48.353831,-119.288554,OMF,OMF - Omak Creek above Mission Falls,2022-06-16 16:23:31,2022-06-16 16:23:31,1
3DD.003D980EF7,Omak Creek,7/29/2021,2021,48.353831,-119.288554,OMH,OMH - Omak Creek Haley Creek Road,2021-07-29 20:55:50,2021-07-29 20:57:03,1
3DD.003D980EF7,Omak Creek,7/29/2021,2021,48.353831,-119.288554,OMK,OMK - Omak Creek Instream Array,2022-06-17 11:10:25,2022-06-17 11:10:30,1
3DD.003D980EF9,Omak Creek,7/29/2021,2021,48.353831,-119.288554,OMH,OMH - Omak Creek Haley Creek Road,2022-06-23 01:13:02,2022-06-23 01:13:02,1
3DD.003D980EFB,Starr Boat Launch,7/22/2021,2021,47.983552,-119.887492,CML,CML - Chewuch River Middle Lower,2022-07-01 23:44:54,2022-07-01 23:44:54,1
3DD.003D980EFB,Starr Boat Launch,7/22/2021,2021,47.983552,-119.887492,CMU,CMU - Chewuch River Middle Upper,2022-07-01 11:37:30,2022-07-01 11:37:30,1
3DD.003D980EFB,Starr Boat Launch,7/22/2021,2021,47.983552,-119.887492,CRW,CRW - Chewuch River above Winthrop,2021-08-03 00:03:10,2022-07-02 02:27:17,1
3DD.003D980EFB,Starr Boat Launch,7/22/2021,2021,47.983552,-119.887492,MRC,MRC - Methow River at Carlton,2021-07-30 00:51:04,2021-07-30 00:51:04,1
3DD.003D980EFC,Omak Creek,7/29/2021,2021,48.353831,-119.288554,OMH,OMH - Omak Creek Haley Creek Road,2021-07-29 20:32:36,2021-07-29 20:32:36,1
3DD.003D980EFD,Starr Boat Launch,8/5/2021,2021,47.983552,-119.887492,CML,CML - Chewuch River Middle Lower,2022-07-17 15:29:35,2022-07-17 15:29:35,1
3DD.003D980EFD,Starr Boat Launch,8/5/2021,2021,47.983552,-119.887492,CRU,CRU - Upper Chewuch Instream Array,2022-07-02 23:10:42,2022-07-02 23:12:04,1
3DD.003D980EFD,Starr Boat Launch,8/5/2021,2021,47.983552,-119.887492,CRW,CRW - Chewuch River above Winthrop,2021-08-13 20:19:19,2022-07-19 12:29:32,1
3DD.003D980EFD,Starr Boat Launch,8/5/2021,2021,47.983552,-119.887492,LMR,LMR - Lower Methow River at Pateros,2021-08-06 20:22:10,2021-08-06 20:22:10,1
3DD.003D980EFD,Starr Boat Launch,8/5/2021,2021,47.983552,-119.887492,MRC,MRC - Methow River at Carlton,2021-08-10 03:32:19,2021-08-10 03:32:19,1
3DD.003D980EFE,Starr Boat Launch,8/5/2021,2021,47.983552,-119.887492,LMR,LMR - Lower Methow River at Pateros,2021-08-06 23:40:55,2021-08-06 23:40:55,1
3DD.003D980EFE,Starr Boat Launch,8/5/2021,2021,47.983552,-119.887492,MRC,MRC - Methow River at Carlton,2021-08-11 22:02:50,2021-08-11 22:02:50,1
3DD.003D980F00,Omak Creek,7/29/2021,2021,48.353831,-119.288554,OBF,OBF - Omak Creek below Mission Falls,2023-07-06 02:06:15,2023-07-06 03:06:19,1
3DD.003D980F00,Omak Creek,7/29/2021,2021,48.353831,-119.288554,OMF,OMF - Omak Creek above Mission Falls,2023-07-06 01:07:02,2023-07-06 01:07:02,1
3DD.003D980F00,Omak Creek,7/29/2021,2021,48.353831,-119.288554,OMH,OMH - Omak Creek Haley Creek Road,2021-07-29 20:44:13,2023-06-23 01:14:34,1
3DD.003D980F02,Starr Boat Launch,7/29/2021,2021,47.983552,-119.887492,MRC,MRC - Methow River at Carlton,2021-08-04 02:27:04,2021-08-04 02:27:04,1
3DD.003D980F03,Starr Boat Launch,7/29/2021,2021,47.983552,-119.887492,LMR,LMR - Lower Methow River at Pateros,2022-04-30 21:37:39,2022-04-30 21:37:56,1
3DD.003D980F04,Starr Boat Launch,7/29/2021,2021,47.983552,-119.887492,MRC,MRC - Methow River at Carlton,2021-08-04 02:41:38,2021-08-04 02:41:38,1
3DD.003D980F06,Omak Creek,7/29/2021,2021,48.353831,-119.288554,OMH,OMH - Omak Creek Haley Creek Road,2021-07-29 20:38:04,2021-07-29 20:38:04,1
3DD.003D980F07,Starr Boat Launch,7/29/2021,2021,47.983552,-119.887492,CML,CML - Chewuch River Middle Lower,2022-06-09 21:36:41,2022-06-09 21:36:58,1
3DD.003D980F07,Starr Boat Launch,7/29/2021,2021,47.983552,-119.887492,CRW,CRW - Chewuch River above Winthrop,2021-08-10 20:51:13,2022-06-27 23:22:46,1
3DD.003D980F07,Starr Boat Launch,7/29/2021,2021,47.983552,-119.887492,LMR,LMR - Lower Methow River at Pateros,2021-07-31 21:29:17,2021-07-31 21:29:17,1
3DD.003D980F07,Starr Boat Launch,7/29/2021,2021,47.983552,-119.887492,MRC,MRC - Methow River at Carlton,2021-08-06 00:50:13,2021-08-06 00:50:13,1
3DD.003D980F08,Omak Creek,7/29/2021,2021,48.353831,-119.288554,OBF,OBF - Omak Creek below Mission Falls,2022-06-22 19:55:55,2022-06-22 19:55:59,1
3DD.003D980F08,Omak Creek,7/29/2021,2021,48.353831,-119.288554,OMH,OMH - Omak Creek Haley Creek Road,2021-07-29 20:49:41,2021-07-29 20:50:34,1
3DD.003D980F08,Omak Creek,7/29/2021,2021,48.353831,-119.288554,OMK,OMK - Omak Creek Instream Array,2022-07-04 18:39:15,2022-07-04 18:39:22,1
3DD.003D980F0A,Starr Boat Launch,7/29/2021,2021,47.983552,-119.887492,LMR,LMR - Lower Methow River at Pateros,2021-07-31 01:37:35,2021-07-31 01:37:35,1
3DD.003D980F0A,Starr Boat Launch,7/29/2021,2021,47.983552,-119.887492,MRC,MRC - Methow River at Carlton,2021-08-07 00:24:15,2021-08-07 00:24:15,1
3DD.003D980F0C,Starr Boat Launch,7/29/2021,2021,47.983552,-119.887492,LMR,LMR - Lower Methow River at Pateros,2021-07-31 00:20:56,2022-07-19 18:59:23,1
3DD.003D980F0E,Omak Creek,7/29/2021,2021,48.353831,-119.288554,OBF,OBF - Omak Creek below Mission Falls,2022-06-04 11:58:21,2022-06-04 11:58:25,1
3DD.003D980F0E,Omak Creek,7/29/2021,2021,48.353831,-119.288554,OMF,OMF - Omak Creek above Mission Falls,2022-06-04 00:58:42,2022-06-04 00:58:42,1
3DD.003D980F0E,Omak Creek,7/29/2021,2021,48.353831,-119.288554,OMH,OMH - Omak Creek Haley Creek Road,2021-07-29 21:30:55,2021-07-29 21:30:55,1
3DD.003D980F10,Omak Creek,7/29/2021,2021,48.353831,-119.288554,OBF,OBF - Omak Creek below Mission Falls,2022-06-06 22:02:04,2022-06-06 22:02:09,1
3DD.003D980F10,Omak Creek,7/29/2021,2021,48.353831,-119.288554,OMF,OMF - Omak Creek above Mission Falls,2022-06-06 21:35:29,2022-06-06 21:35:29,1
3DD.003D980F10,Omak Creek,7/29/2021,2021,48.353831,-119.288554,OMH,OMH - Omak Creek Haley Creek Road,2022-06-03 22:16:39,2022-06-03 22:17:32,1
3DD.003D980F11,Omak Creek,7/29/2021,2021,48.353831,-119.288554,OBF,OBF - Omak Creek below Mission Falls,2022-07-09 21:47:27,2022-07-09 21:47:30,1
3DD.003D980F11,Omak Creek,7/29/2021,2021,48.353831,-119.288554,OMF,OMF - Omak Creek above Mission Falls,2022-07-09 00:26:09,2022-07-09 00:26:09,1
3DD.003D980F11,Omak Creek,7/29/2021,2021,48.353831,-119.288554,OMH,OMH - Omak Creek Haley Creek Road,2021-07-29 20:37:39,2021-07-29 20:37:39,1
3DD.003D980F13,Starr Boat Launch,7/29/2021,2021,47.983552,-119.887492,LMR,LMR - Lower Methow River at Pateros,2021-07-30 22:47:30,2021-07-30 22:47:30,1
3DD.003D980F13,Starr Boat Launch,7/29/2021,2021,47.983552,-119.887492,MRC,MRC - Methow River at Carlton,2021-08-04 20:43:22,2021-08-04 20:43:22,1
3DD.003D980F14,Starr Boat Launch,8/5/2021,2021,47.983552,-119.887492,LMR,LMR - Lower Methow River at Pateros,2021-08-07 01:35:19,2021-08-07 01:35:19,1
3DD.003D980F14,Starr Boat Launch,8/5/2021,2021,47.983552,-119.887492,MRC,MRC - Methow River at Carlton,2021-08-11 02:53:03,2021-08-11 02:53:03,1
3DD.003D980F16,Starr Boat Launch,7/29/2021,2021,47.983552,-119.887492,MRC,MRC - Methow River at Carlton,2021-08-03 22:55:08,2021-08-03 22:55:09,1
3DD.003D980F18,Starr Boat Launch,7/22/2021,2021,47.983552,-119.887492,CML,CML - Chewuch River Middle Lower,2022-07-17 02:00:12,2022-07-17 02:00:12,1
3DD.003D980F18,Starr Boat Launch,7/22/2021,2021,47.983552,-119.887492,CMU,CMU - Chewuch River Middle Upper,2022-07-09 21:39:54,2022-07-09 21:39:54,1
3DD.003D980F18,Starr Boat Launch,7/22/2021,2021,47.983552,-119.887492,CRW,CRW - Chewuch River above Winthrop,2021-08-04 21:28:22,2022-07-24 00:34:00,1
3DD.003D980F18,Starr Boat Launch,7/22/2021,2021,47.983552,-119.887492,LMR,LMR - Lower Methow River at Pateros,2021-07-24 22:11:54,2021-07-24 22:11:54,1
3DD.003D980F18,Starr Boat Launch,7/22/2021,2021,47.983552,-119.887492,MRC,MRC - Methow River at Carlton,2021-07-31 01:00:18,2021-07-31 01:00:18,1
3DD.003D980F1A,Starr Boat Launch,7/29/2021,2021,47.983552,-119.887492,MRC,MRC - Methow River at Carlton,2022-06-28 22:02:12,2022-06-28 22:02:12,1
3DD.003D980F1B,Starr Boat Launch,7/22/2021,2021,47.983552,-119.887492,CRW,CRW - Chewuch River above Winthrop,2021-08-05 00:18:24,2021-08-05 00:20:02,1
3DD.003D980F1B,Starr Boat Launch,7/22/2021,2021,47.983552,-119.887492,LMR,LMR - Lower Methow River at Pateros,2021-07-23 22:45:52,2021-07-23 22:45:52,1
3DD.003D980F1B,Starr Boat Launch,7/22/2021,2021,47.983552,-119.887492,MRC,MRC - Methow River at Carlton,2021-08-01 02:50:53,2021-08-01 02:50:53,1
3DD.003D980F1E,Starr Boat Launch,8/5/2021,2021,47.983552,-119.887492,MRC,MRC - Methow River at Carlton,2021-08-11 23:19:43,2021-08-11 23:19:43,1
3DD.003D981050,Salmon Creek,8/12/2021,2021,48.446022,-119.666279,SA0,SA0 - Salmon Creek below OID Div.,2022-07-11 23:32:13,2022-07-12 01:32:43,1
3DD.003D981050,Salmon Creek,8/12/2021,2021,48.446022,-119.666279,SAD,SAD - Salmon Creek Above OID Div.,2022-07-11 21:13:56,2022-07-11 21:13:56,1
3DD.003D981051,Starr Boat Launch,8/12/2021,2021,47.983552,-119.887492,LMR,LMR - Lower Methow River at Pateros,2022-03-22 21:58:00,2022-03-22 21:58:22,1
3DD.003D981054,Salmon Creek,8/12/2021,2021,48.446022,-119.666279,SA0,SA0 - Salmon Creek below OID Div.,2022-06-08 22:44:49,2022-06-08 22:45:34,1
3DD.003D981054,Salmon Creek,8/12/2021,2021,48.446022,-119.666279,SA1,SA1 - Salmon Creek Instream Array,2022-06-10 20:50:02,2022-06-10 20:50:12,1
3DD.003D981054,Salmon Creek,8/12/2021,2021,48.446022,-119.666279,SAD,SAD - Salmon Creek Above OID Div.,2022-06-08 19:48:46,2022-06-08 19:52:21,1
3DD.003D981055,Starr Boat Launch,8/12/2021,2021,47.983552,-119.887492,LMR,LMR - Lower Methow River at Pateros,2022-03-26 20:38:54,2022-03-26 20:38:54,1
3DD.003D981055,Starr Boat Launch,8/12/2021,2021,47.983552,-119.887492,MRC,MRC - Methow River at Carlton,2022-05-03 00:13:47,2022-05-03 00:13:47,1
3DD.003D981056,Starr Boat Launch,8/12/2021,2021,47.983552,-119.887492,LMR,LMR - Lower Methow River at Pateros,2021-08-14 00:02:23,2021-08-14 00:02:29,1
3DD.003D981058,Starr Boat Launch,8/12/2021,2021,47.983552,-119.887492,CML,CML - Chewuch River Middle Lower,2022-07-03 00:08:17,2022-07-03 00:08:17,1
3DD.003D981058,Starr Boat Launch,8/12/2021,2021,47.983552,-119.887492,CRU,CRU - Upper Chewuch Instream Array,2022-07-23 22:01:17,2022-07-23 22:01:32,1
3DD.003D981058,Starr Boat Launch,8/12/2021,2021,47.983552,-119.887492,CRW,CRW - Chewuch River above Winthrop,2022-06-29 21:41:42,2022-06-29 21:41:42,1
3DD.003D981058,Starr Boat Launch,8/12/2021,2021,47.983552,-119.887492,LMR,LMR - Lower Methow River at Pateros,2021-08-14 00:16:55,2021-08-14 00:16:55,1
3DD.003D981058,Starr Boat Launch,8/12/2021,2021,47.983552,-119.887492,MRC,MRC - Methow River at Carlton,2021-08-19 01:17:58,2021-08-19 01:17:58,1
3DD.003D981059,Salmon Creek,8/12/2021,2021,48.446022,-119.666279,SAD,SAD - Salmon Creek Above OID Div.,2022-06-23 20:17:34,2022-06-23 20:19:54,1
3DD.003D98105A,Starr Boat Launch,8/12/2021,2021,47.983552,-119.887492,LMR,LMR - Lower Methow River at Pateros,2021-08-13 21:18:56,2021-08-13 21:18:56,1
3DD.003D98105B,Salmon Creek,8/12/2021,2021,48.446022,-119.666279,OKL,OKL - Lower Okanogan Instream Array,2021-09-06 19:40:45,2021-09-06 19:40:47,1
3DD.003D98105B,Salmon Creek,8/12/2021,2021,48.446022,-119.666279,SA0,SA0 - Salmon Creek below OID Div.,2021-08-21 23:41:35,2021-08-21 23:42:07,1
3DD.003D98105B,Salmon Creek,8/12/2021,2021,48.446022,-119.666279,SA1,SA1 - Salmon Creek Instream Array,2021-09-02 23:21:45,2021-09-02 23:22:26,1
3DD.003D98105C,Salmon Creek,8/12/2021,2021,48.446022,-119.666279,SA0,SA0 - Salmon Creek below OID Div.,2022-06-23 01:36:28,2022-06-23 01:37:06,1
3DD.003D98105C,Salmon Creek,8/12/2021,2021,48.446022,-119.666279,SA1,SA1 - Salmon Creek Instream Array,2022-06-24 22:41:31,2022-06-24 22:41:50,1
3DD.003D98105C,Salmon Creek,8/12/2021,2021,48.446022,-119.666279,SAD,SAD - Salmon Creek Above OID Div.,2022-06-22 23:32:21,2022-06-22 23:32:21,1
3DD.003D98105D,Starr Boat Launch,8/12/2021,2021,47.983552,-119.887492,ENL,ENL - Lower Entiat River,2022-07-14 00:15:49,2022-07-14 00:18:10,1
3DD.003D98105E,Starr Boat Launch,8/12/2021,2021,47.983552,-119.887492,LMR,LMR - Lower Methow River at Pateros,2021-08-13 22:44:30,2021-08-13 22:44:40,1
3DD.003D98105E,Starr Boat Launch,8/12/2021,2021,47.983552,-119.887492,MRC,MRC - Methow River at Carlton,2021-08-18 00:45:53,2021-08-18 00:45:53,1
3DD.003D981061,Starr Boat Launch,8/12/2021,2021,47.983552,-119.887492,LMR,LMR - Lower Methow River at Pateros,2021-08-13 20:14:50,2021-08-13 20:15:06,1
3DD.003D981061,Starr Boat Launch,8/12/2021,2021,47.983552,-119.887492,MRC,MRC - Methow River at Carlton,2021-08-18 01:40:45,2021-08-18 01:40:45,1
3DD.003D981064,Starr Boat Launch,8/12/2021,2021,47.983552,-119.887492,LMR,LMR - Lower Methow River at Pateros,2021-08-13 20:40:03,2021-08-13 20:40:11,1
3DD.003D981065,Salmon Creek,8/12/2021,2021,48.446022,-119.666279,SA0,SA0 - Salmon Creek below OID Div.,2022-06-23 13:50:49,2022-06-23 13:51:25,1
3DD.003D981065,Salmon Creek,8/12/2021,2021,48.446022,-119.666279,SA1,SA1 - Salmon Creek Instream Array,2022-06-24 03:27:27,2022-06-24 03:27:27,1
3DD.003D981065,Salmon Creek,8/12/2021,2021,48.446022,-119.666279,SAD,SAD - Salmon Creek Above OID Div.,2022-06-23 03:09:33,2022-06-23 03:09:33,1
3DD.003D981066,Starr Boat Launch,8/12/2021,2021,47.983552,-119.887492,LMR,LMR - Lower Methow River at Pateros,2021-08-13 03:27:18,2021-08-13 03:27:23,1
3DD.003D981066,Starr Boat Launch,8/12/2021,2021,47.983552,-119.887492,MRC,MRC - Methow River at Carlton,2021-08-17 21:06:23,2021-08-17 21:06:23,1
3DD.003D981067,Salmon Creek,8/12/2021,2021,48.446022,-119.666279,ENL,ENL - Lower Entiat River,2022-07-18 22:51:51,2022-07-18 22:52:22,1
3DD.003D981067,Salmon Creek,8/12/2021,2021,48.446022,-119.666279,SA0,SA0 - Salmon Creek below OID Div.,2021-08-13 23:47:47,2021-08-13 23:48:18,1
3DD.003D981067,Salmon Creek,8/12/2021,2021,48.446022,-119.666279,SA1,SA1 - Salmon Creek Instream Array,2022-05-20 20:26:46,2022-05-20 20:26:56,1
3DD.003D98106A,Starr Boat Launch,8/12/2021,2021,47.983552,-119.887492,LMR,LMR - Lower Methow River at Pateros,2021-08-13 23:40:09,2021-08-13 23:40:09,1
3DD.003D98106D,Salmon Creek,8/12/2021,2021,48.446022,-119.666279,SA0,SA0 - Salmon Creek below OID Div.,2021-08-13 22:11:07,2021-08-13 22:11:41,1
3DD.003D98106D,Salmon Creek,8/12/2021,2021,48.446022,-119.666279,SA1,SA1 - Salmon Creek Instream Array,2022-05-21 22:17:41,2022-05-21 22:18:16,1
3DD.003D98106F,Starr Boat Launch,8/12/2021,2021,47.983552,-119.887492,LMR,LMR - Lower Methow River at Pateros,2021-08-13 03:53:53,2021-08-13 03:53:53,1
3DD.003D98106F,Starr Boat Launch,8/12/2021,2021,47.983552,-119.887492,MRC,MRC - Methow River at Carlton,2021-08-16 20:22:47,2021-08-16 20:22:47,1
3DD.003D981072,Salmon Creek,8/12/2021,2021,48.446022,-119.666279,SA0,SA0 - Salmon Creek below OID Div.,2021-08-14 22:41:49,2021-08-14 22:42:13,1
3DD.003D981073,Starr Boat Launch,8/12/2021,2021,47.983552,-119.887492,LMR,LMR - Lower Methow River at Pateros,2021-08-13 23:41:16,2021-08-13 23:41:26,1
3DD.003D981073,Starr Boat Launch,8/12/2021,2021,47.983552,-119.887492,MRC,MRC - Methow River at Carlton,2021-08-18 02:06:06,2021-08-18 02:06:06,1
3DD.003D981075,Starr Boat Launch,8/12/2021,2021,47.983552,-119.887492,LMR,LMR - Lower Methow River at Pateros,2021-08-13 20:45:18,2021-08-13 20:45:26,1
3DD.003D981075,Starr Boat Launch,8/12/2021,2021,47.983552,-119.887492,MRC,MRC - Methow River at Carlton,2021-08-16 22:41:30,2021-08-16 22:41:30,1
3DD.003D981076,Salmon Creek,8/12/2021,2021,48.446022,-119.666279,SA0,SA0 - Salmon Creek below OID Div.,2022-06-30 03:24:03,2022-06-30 03:24:56,1
3DD.003D981076,Salmon Creek,8/12/2021,2021,48.446022,-119.666279,SA1,SA1 - Salmon Creek Instream Array,2022-07-05 18:28:24,2022-07-05 18:28:34,1
3DD.003D981076,Salmon Creek,8/12/2021,2021,48.446022,-119.666279,SAD,SAD - Salmon Creek Above OID Div.,2022-06-27 02:42:20,2022-06-27 02:44:49,1
3DD.003D981078,Similkameen River,8/19/2021,2021,48.98607,-119.613005,OKL,OKL - Lower Okanogan Instream Array,2022-07-09 13:51:59,2022-07-09 13:51:59,1
3DD.003D98107A,Salmon Creek,8/12/2021,2021,48.446022,-119.666279,SA0,SA0 - Salmon Creek below OID Div.,2022-06-27 21:31:28,2022-06-27 21:32:13,1
3DD.003D98107A,Salmon Creek,8/12/2021,2021,48.446022,-119.666279,SA1,SA1 - Salmon Creek Instream Array,2022-06-28 01:51:28,2022-06-28 01:51:47,1
3DD.003D98107A,Salmon Creek,8/12/2021,2021,48.446022,-119.666279,SAD,SAD - Salmon Creek Above OID Div.,2022-06-07 02:00:26,2022-06-07 02:02:19,1
3DD.003D98107B,Starr Boat Launch,8/12/2021,2021,47.983552,-119.887492,LMR,LMR - Lower Methow River at Pateros,2021-08-13 20:33:12,2021-08-13 20:33:17,1
3DD.003D98107B,Starr Boat Launch,8/12/2021,2021,47.983552,-119.887492,MRC,MRC - Methow River at Carlton,2021-08-17 21:53:30,2021-08-17 21:53:30,1
3DD.003D98107F,Salmon Creek,8/12/2021,2021,48.446022,-119.666279,SA0,SA0 - Salmon Creek below OID Div.,2022-07-15 06:11:21,2022-07-15 06:11:21,1
3DD.003D981083,Starr Boat Launch,8/12/2021,2021,47.983552,-119.887492,LMR,LMR - Lower Methow River at Pateros,2021-08-13 03:20:32,2021-08-13 03:20:32,1
3DD.003D981083,Starr Boat Launch,8/12/2021,2021,47.983552,-119.887492,MRC,MRC - Methow River at Carlton,2021-08-17 00:04:28,2022-07-26 15:36:25,1
3DD.003D981085,Starr Boat Launch,8/12/2021,2021,47.983552,-119.887492,CML,CML - Chewuch River Middle Lower,2022-05-28 07:16:01,2022-05-28 07:16:01,1
3DD.003D981085,Starr Boat Launch,8/12/2021,2021,47.983552,-119.887492,CRW,CRW - Chewuch River above Winthrop,2021-08-20 22:14:48,2021-08-20 22:16:40,1
3DD.003D981085,Starr Boat Launch,8/12/2021,2021,47.983552,-119.887492,LMR,LMR - Lower Methow River at Pateros,2021-08-13 21:50:19,2021-08-13 21:50:31,1
3DD.003D981085,Starr Boat Launch,8/12/2021,2021,47.983552,-119.887492,MRC,MRC - Methow River at Carlton,2021-08-17 04:09:24,2021-08-17 04:09:24,1
3DD.003D981086,Starr Boat Launch,8/12/2021,2021,47.983552,-119.887492,OKL,OKL - Lower Okanogan Instream Array,2022-03-29 21:02:48,2022-03-29 21:02:59,1
3DD.003D98108A,Starr Boat Launch,8/12/2021,2021,47.983552,-119.887492,LMR,LMR - Lower Methow River at Pateros,2021-08-13 20:32:58,2021-08-13 20:32:58,1
3DD.003D98108A,Starr Boat Launch,8/12/2021,2021,47.983552,-119.887492,MRC,MRC - Methow River at Carlton,2021-08-17 01:55:54,2022-07-07 16:27:45,1
3DD.003D98108F,Starr Boat Launch,8/12/2021,2021,47.983552,-119.887492,LMR,LMR - Lower Methow River at Pateros,2021-08-13 21:54:24,2021-08-13 21:54:24,1
3DD.003D98108F,Starr Boat Launch,8/12/2021,2021,47.983552,-119.887492,MRC,MRC - Methow River at Carlton,2021-08-17 22:48:26,2021-08-17 22:48:26,1
3DD.003D98108F,Starr Boat Launch,8/12/2021,2021,47.983552,-119.887492,TWR,TWR - Lwr Twisp Rvr near MSRF Ponds,2021-08-20 21:12:22,2021-08-20 21:14:02,1
3DD.003D981090,Starr Boat Launch,8/12/2021,2021,47.983552,-119.887492,LMR,LMR - Lower Methow River at Pateros,2021-08-13 21:46:53,2021-08-13 21:47:03,1
3DD.003D981093,Starr Boat Launch,8/12/2021,2021,47.983552,-119.887492,LMR,LMR - Lower Methow River at Pateros,2021-08-13 23:49:39,2021-08-13 23:49:39,1
3DD.003D981093,Starr Boat Launch,8/12/2021,2021,47.983552,-119.887492,MRC,MRC - Methow River at Carlton,2022-03-27 19:54:53,2022-03-27 19:54:53,1
3DD.003D981094,Salmon Creek,8/12/2021,2021,48.446022,-119.666279,SA0,SA0 - Salmon Creek below OID Div.,2022-07-13 16:44:43,2022-07-13 16:45:27,1
3DD.003D981094,Salmon Creek,8/12/2021,2021,48.446022,-119.666279,SAD,SAD - Salmon Creek Above OID Div.,2022-07-13 13:22:25,2022-07-13 13:25:29,1
3DD.003D981095,Salmon Creek,8/12/2021,2021,48.446022,-119.666279,SA0,SA0 - Salmon Creek below OID Div.,2021-08-13 20:55:27,2021-08-13 20:55:50,1
3DD.003D981095,Salmon Creek,8/12/2021,2021,48.446022,-119.666279,SA1,SA1 - Salmon Creek Instream Array,2022-02-02 21:32:48,2022-02-02 22:25:27,1
3DD.003D981097,Starr Boat Launch,8/12/2021,2021,47.983552,-119.887492,RIA,RIA - Rock Island Adult,2022-07-20 05:05:37,2022-07-20 05:05:43,1
3DD.003D981097,Starr Boat Launch,8/12/2021,2021,47.983552,-119.887492,RRJ,RRJ - Rocky Reach Dam Juvenile,2022-07-19 06:53:15,2022-07-19 06:53:15,1
3DD.003D981098,Salmon Creek,8/12/2021,2021,48.446022,-119.666279,JDJ,JDJ - John Day Dam Juvenile,2022-06-19 05:30:48,2022-06-19 05:30:54,1
3DD.003D981098,Salmon Creek,8/12/2021,2021,48.446022,-119.666279,SA0,SA0 - Salmon Creek below OID Div.,2022-06-01 20:21:12,2022-06-01 20:25:47,1
3DD.003D981098,Salmon Creek,8/12/2021,2021,48.446022,-119.666279,SA1,SA1 - Salmon Creek Instream Array,2022-06-13 03:08:05,2022-06-13 03:08:19,1
3DD.003D981098,Salmon Creek,8/12/2021,2021,48.446022,-119.666279,SAD,SAD - Salmon Creek Above OID Div.,2022-06-01 01:39:43,2022-06-01 01:39:43,1
3DD.003D981099,Salmon Creek,8/12/2021,2021,48.446022,-119.666279,SA0,SA0 - Salmon Creek below OID Div.,2022-06-06 20:47:51,2022-06-06 20:48:28,1
3DD.003D981099,Salmon Creek,8/12/2021,2021,48.446022,-119.666279,SAD,SAD - Salmon Creek Above OID Div.,2022-06-01 01:34:39,2022-06-01 01:34:39,1
3DD.003D98109B,Salmon Creek,8/12/2021,2021,48.446022,-119.666279,SA0,SA0 - Salmon Creek below OID Div.,2022-06-15 01:08:06,2022-06-15 12:22:29,1
3DD.003D98109B,Salmon Creek,8/12/2021,2021,48.446022,-119.666279,SAD,SAD - Salmon Creek Above OID Div.,2022-06-13 19:44:52,2022-06-13 19:46:55,1
3DD.003D98109C,Salmon Creek,8/12/2021,2021,48.446022,-119.666279,SA0,SA0 - Salmon Creek below OID Div.,2021-08-15 01:10:48,2022-05-02 20:33:14,1
3DD.003D98109D,Starr Boat Launch,8/12/2021,2021,47.983552,-119.887492,LMR,LMR - Lower Methow River at Pateros,2021-08-13 19:55:35,2021-08-13 19:55:44,1
3DD.003D98109D,Starr Boat Launch,8/12/2021,2021,47.983552,-119.887492,MRC,MRC - Methow River at Carlton,2021-08-17 00:13:04,2021-08-17 00:13:04,1
3DD.003D9810A4,Starr Boat Launch,8/12/2021,2021,47.983552,-119.887492,LMR,LMR - Lower Methow River at Pateros,2021-08-13 23:00:26,2021-08-13 23:00:35,1
3DD.003D9810A4,Starr Boat Launch,8/12/2021,2021,47.983552,-119.887492,MRC,MRC - Methow River at Carlton,2021-08-18 19:54:59,2021-08-18 19:54:59,1
3DD.003D9810A6,Starr Boat Launch,8/12/2021,2021,47.983552,-119.887492,LMR,LMR - Lower Methow River at Pateros,2021-08-13 21:28:59,2021-08-13 21:29:07,1
3DD.003D9810A6,Starr Boat Launch,8/12/2021,2021,47.983552,-119.887492,MRC,MRC - Methow River at Carlton,2021-08-17 23:22:59,2021-08-17 23:22:59,1
3DD.003D9810A7,Starr Boat Launch,8/12/2021,2021,47.983552,-119.887492,OMK,OMK - Omak Creek Instream Array,2022-03-28 02:10:33,2022-06-01 23:02:59,1
3DD.003D9810AA,Starr Boat Launch,8/12/2021,2021,47.983552,-119.887492,LMR,LMR - Lower Methow River at Pateros,2022-04-07 20:01:25,2022-04-07 20:01:33,1
3DD.003D9810AB,Salmon Creek,8/12/2021,2021,48.446022,-119.666279,SA0,SA0 - Salmon Creek below OID Div.,2021-08-13 21:54:35,2021-08-13 21:55:19,1
3DD.003D9810AB,Salmon Creek,8/12/2021,2021,48.446022,-119.666279,SA1,SA1 - Salmon Creek Instream Array,2022-05-20 21:14:28,2022-05-20 21:27:34,1
3DD.003D9810AC,Starr Boat Launch,8/12/2021,2021,47.983552,-119.887492,LMR,LMR - Lower Methow River at Pateros,2021-08-14 00:03:31,2021-08-14 00:03:31,1
3DD.003D9810AD,Starr Boat Launch,8/12/2021,2021,47.983552,-119.887492,CRW,CRW - Chewuch River above Winthrop,2021-08-21 01:15:38,2022-06-08 02:14:26,1
3DD.003D9810AD,Starr Boat Launch,8/12/2021,2021,47.983552,-119.887492,LMR,LMR - Lower Methow River at Pateros,2021-08-13 20:34:33,2021-08-13 20:34:33,1
3DD.003D9810AD,Starr Boat Launch,8/12/2021,2021,47.983552,-119.887492,MRC,MRC - Methow River at Carlton,2021-08-17 01:28:16,2021-08-17 01:28:16,1
3DD.003E215B52,Starr Boat Launch,8/15/2024,2024,47.983552,-119.887492,CRW,CRW - Chewuch River above Winthrop,2024-09-07 22:17:35,2024-09-07 22:19:07,1
3DD.003E215B52,Starr Boat Launch,8/15/2024,2024,47.983552,-119.887492,LMR,LMR - Lower Methow River at Pateros,2024-08-31 20:17:17,2024-08-31 20:17:17,1
3DD.003E215B52,Starr Boat Launch,8/15/2024,2024,47.983552,-119.887492,MRC,MRC - Methow River at Carlton,2024-09-04 00:14:15,2024-09-04 00:14:15,1
3DD.003E215B52,Starr Boat Launch,8/15/2024,2024,47.983552,-119.887492,WEA,"WEA - Wells Dam, DCPUD Adult Ladders",2024-08-26 23:26:47,2024-08-27 04:33:10,1
3DD.003E215B53,Starr Boat Launch,8/15/2024,2024,47.983552,-119.887492,LMR,LMR - Lower Methow River at Pateros,2025-05-13 23:41:21,2025-05-13 23:41:21,1
3DD.003E215B55,Starr Boat Launch,8/15/2024,2024,47.983552,-119.887492,LMR,LMR - Lower Methow River at Pateros,2024-08-17 20:51:22,2025-07-11 00:47:29,1
3DD.003E215B58,Starr Boat Launch,8/12/2024,2024,47.983552,-119.887492,LMR,LMR - Lower Methow River at Pateros,2024-08-21 21:25:10,2024-08-21 21:25:19,1
3DD.003E215B58,Starr Boat Launch,8/12/2024,2024,47.983552,-119.887492,MRC,MRC - Methow River at Carlton,2024-08-30 21:21:35,2024-08-30 21:21:35,1
3DD.003E215B58,Starr Boat Launch,8/12/2024,2024,47.983552,-119.887492,WEA,"WEA - Wells Dam, DCPUD Adult Ladders",2024-08-18 05:04:37,2024-08-18 05:13:22,1
3DD.003E215B5D,Starr Boat Launch,8/15/2024,2024,47.983552,-119.887492,CML,CML - Chewuch River Middle Lower,2025-06-15 02:43:13,2025-06-20 01:30:00,1
3DD.003E215B5D,Starr Boat Launch,8/15/2024,2024,47.983552,-119.887492,CRW,CRW - Chewuch River above Winthrop,2025-05-02 03:17:36,2025-06-22 15:39:51,1
3DD.003E215B5D,Starr Boat Launch,8/15/2024,2024,47.983552,-119.887492,LMR,LMR - Lower Methow River at Pateros,2024-08-18 01:49:44,2024-08-18 01:49:53,1
3DD.003E215B5D,Starr Boat Launch,8/15/2024,2024,47.983552,-119.887492,MRC,MRC - Methow River at Carlton,2025-04-19 01:30:05,2025-06-26 01:42:09,1
3DD.003E215B5E,Starr Boat Launch,8/15/2024,2024,47.983552,-119.887492,CML,CML - Chewuch River Middle Lower,2024-08-31 23:01:22,2024-08-31 23:01:22,1
3DD.003E215B5E,Starr Boat Launch,8/15/2024,2024,47.983552,-119.887492,CRU,CRU - Upper Chewuch Instream Array,2024-09-03 00:23:52,2024-09-03 00:23:59,1
3DD.003E215B5E,Starr Boat Launch,8/15/2024,2024,47.983552,-119.887492,LMR,LMR - Lower Methow River at Pateros,2024-08-17 00:11:23,2024-08-17 00:12:20,1
3DD.003E215B62,Starr Boat Launch,8/12/2024,2024,47.983552,-119.887492,OKL,OKL - Lower Okanogan Instream Array,2024-08-27 04:16:28,2024-08-27 04:16:28,1
3DD.003E215B62,Starr Boat Launch,8/12/2024,2024,47.983552,-119.887492,WEA,"WEA - Wells Dam, DCPUD Adult Ladders",2024-08-22 12:24:10,2024-08-22 21:36:46,1
3DD.003E215B6C,Starr Boat Launch,8/12/2024,2024,47.983552,-119.887492,WEH,WEH - Wells Dam Hatchery,2024-08-12 22:53:29,2024-08-27 01:52:30,1
3DD.003E215B6D,Starr Boat Launch,8/12/2024,2024,47.983552,-119.887492,WEH,WEH - Wells Dam Hatchery,2024-08-13 02:17:35,2024-08-19 03:12:34,1
3DD.003E215B75,Starr Boat Launch,8/8/2024,2024,47.983552,-119.887492,LMR,LMR - Lower Methow River at Pateros,2024-09-03 23:33:18,2024-09-03 23:33:18,1
3DD.003E215B75,Starr Boat Launch,8/8/2024,2024,47.983552,-119.887492,MRC,MRC - Methow River at Carlton,2024-09-07 01:23:39,2024-09-07 01:23:39,1
3DD.003E215B75,Starr Boat Launch,8/8/2024,2024,47.983552,-119.887492,WEA,"WEA - Wells Dam, DCPUD Adult Ladders",2024-09-01 05:27:39,2024-09-02 02:26:14,1
3DD.003E215B80,Starr Boat Launch,8/15/2024,2024,47.983552,-119.887492,LMR,LMR - Lower Methow River at Pateros,2024-08-16 20:29:09,2024-08-16 20:29:15,1
3DD.003E215B82,Starr Boat Launch,8/15/2024,2024,47.983552,-119.887492,WEH,WEH - Wells Dam Hatchery,2024-09-04 05:23:05,2024-09-04 05:25:30,1
3DD.003E215B83,Starr Boat Launch,8/12/2024,2024,47.983552,-119.887492,ENL,ENL - Lower Entiat River,2025-06-04 23:20:46,2025-06-09 22:51:50,1
3DD.003E215B83,Starr Boat Launch,8/12/2024,2024,47.983552,-119.887492,WEA,"WEA - Wells Dam, DCPUD Adult Ladders",2024-08-13 03:34:47,2024-08-13 03:44:46,1
3DD.003E215B83,Starr Boat Launch,8/12/2024,2024,47.983552,-119.887492,WEH,WEH - Wells Dam Hatchery,2024-08-13 23:59:59,2024-08-14 03:56:34,1
3DD.003E215B84,Starr Boat Launch,8/15/2024,2024,47.983552,-119.887492,LMR,LMR - Lower Methow River at Pateros,2025-04-04 20:08:54,2025-04-04 20:11:02,1
3DD.003E215B85,Starr Boat Launch,8/8/2024,2024,47.983552,-119.887492,LMR,LMR - Lower Methow River at Pateros,2024-08-13 03:27:08,2024-08-13 03:27:16,1
3DD.003E215B85,Starr Boat Launch,8/8/2024,2024,47.983552,-119.887492,WEA,"WEA - Wells Dam, DCPUD Adult Ladders",2024-08-09 03:55:50,2024-08-09 04:02:41,1
3DD.003E215B87,Starr Boat Launch,8/13/2024,2024,47.983552,-119.887492,WEA,"WEA - Wells Dam, DCPUD Adult Ladders",2024-08-23 00:37:29,2024-08-23 03:59:09,1
3DD.003E215B9F,Starr Boat Launch,8/15/2024,2024,47.983552,-119.887492,OKL,OKL - Lower Okanogan Instream Array,2024-08-19 04:03:49,2024-08-19 04:03:57,1
3DD.003E215BA4,Starr Boat Launch,8/15/2024,2024,47.983552,-119.887492,LMR,LMR - Lower Methow River at Pateros,2024-08-16 22:04:21,2024-08-16 22:04:21,1
3DD.003E215BA5,Starr Boat Launch,8/12/2024,2024,47.983552,-119.887492,LMR,LMR - Lower Methow River at Pateros,2024-08-31 20:18:23,2024-08-31 20:18:32,1
3DD.003E215BA5,Starr Boat Launch,8/12/2024,2024,47.983552,-119.887492,WEA,"WEA - Wells Dam, DCPUD Adult Ladders",2024-08-27 23:07:13,2024-08-28 03:34:43,1
3DD.003E215BA7,Starr Boat Launch,8/12/2024,2024,47.983552,-119.887492,WEA,"WEA - Wells Dam, DCPUD Adult Ladders",2024-08-27 12:10:32,2024-08-27 20:27:11,1
3DD.003E215BA8,Starr Boat Launch,8/8/2024,2024,47.983552,-119.887492,ENL,ENL - Lower Entiat River,2025-06-22 21:45:03,2025-06-22 21:45:47,1
3DD.003E215BAC,Starr Boat Launch,8/15/2024,2024,47.983552,-119.887492,LMR,LMR - Lower Methow River at Pateros,2024-08-17 00:27:49,2024-08-17 00:28:00,1
3DD.003E215BB3,Starr Boat Launch,8/15/2024,2024,47.983552,-119.887492,OKL,OKL - Lower Okanogan Instream Array,2025-04-29 13:40:14,2025-04-29 13:40:26,1
3DD.003E215C1B,Rocky Reach Forebay,8/5/2022,2022,47.542169,-120.293332,LMR,LMR - Lower Methow River at Pateros,2022-08-31 01:45:10,2022-08-31 01:45:15,1
3DD.003E215C1B,Rocky Reach Forebay,8/5/2022,2022,47.542169,-120.293332,MRC,MRC - Methow River at Carlton,2022-09-04 21:20:14,2022-09-04 21:20:16,1
3DD.003E215C1B,Rocky Reach Forebay,8/5/2022,2022,47.542169,-120.293332,WEA,"WEA - Wells Dam, DCPUD Adult Ladders",2022-08-28 23:01:40,2022-08-28 23:02:53,1
3DD.003E215C1E,Rocky Reach Forebay,8/12/2022,2022,47.542169,-120.293332,WEA,"WEA - Wells Dam, DCPUD Adult Ladders",2022-09-05 20:40:27,2022-09-06 01:23:59,1
3DD.003E215C1F,Rocky Reach Forebay,8/5/2022,2022,47.542169,-120.293332,ENL,ENL - Lower Entiat River,2023-06-11 02:05:42,2023-06-28 22:33:08,1
3DD.003E215C25,Rocky Reach Forebay,8/5/2022,2022,47.542169,-120.293332,CMU,CMU - Chewuch River Middle Upper,2022-09-15 04:03:54,2023-06-07 14:45:48,1
3DD.003E215C25,Rocky Reach Forebay,8/5/2022,2022,47.542169,-120.293332,CRW,CRW - Chewuch River above Winthrop,2022-09-14 17:09:47,2022-09-14 17:13:12,1
3DD.003E215C25,Rocky Reach Forebay,8/5/2022,2022,47.542169,-120.293332,LMR,LMR - Lower Methow River at Pateros,2022-08-24 00:19:57,2022-08-24 00:19:57,1
3DD.003E215C25,Rocky Reach Forebay,8/5/2022,2022,47.542169,-120.293332,MRC,MRC - Methow River at Carlton,2022-08-26 21:12:31,2022-08-26 21:12:31,1
3DD.003E215C25,Rocky Reach Forebay,8/5/2022,2022,47.542169,-120.293332,WEA,"WEA - Wells Dam, DCPUD Adult Ladders",2022-08-13 03:16:51,2022-08-13 09:05:27,1
3DD.003E215C2A,Rocky Reach Forebay,8/12/2022,2022,47.542169,-120.293332,LMR,LMR - Lower Methow River at Pateros,2022-08-27 23:35:28,2022-08-27 23:35:40,1
3DD.003E215C2A,Rocky Reach Forebay,8/12/2022,2022,47.542169,-120.293332,MRC,MRC - Methow River at Carlton,2022-09-02 01:40:08,2022-09-02 01:40:08,1
3DD.003E215C2A,Rocky Reach Forebay,8/12/2022,2022,47.542169,-120.293332,WEA,"WEA - Wells Dam, DCPUD Adult Ladders",2022-08-26 10:19:41,2022-08-26 10:22:44,1
3DD.003E215C2D,Rocky Reach Forebay,8/12/2022,2022,47.542169,-120.293332,WEA,"WEA - Wells Dam, DCPUD Adult Ladders",2022-09-07 00:53:40,2022-09-07 00:56:34,1
3DD.003E215C2E,Rocky Reach Forebay,8/5/2022,2022,47.542169,-120.293332,WEA,"WEA - Wells Dam, DCPUD Adult Ladders",2022-09-09 22:11:16,2022-09-10 21:42:15,1
3DD.003E215C2F,Daroga State Park,8/12/2022,2022,47.711251,-120.208455,OKL,OKL - Lower Okanogan Instream Array,2022-09-08 19:52:10,2022-09-08 19:52:18,1
3DD.003E215C2F,Daroga State Park,8/12/2022,2022,47.711251,-120.208455,WEA,"WEA - Wells Dam, DCPUD Adult Ladders",2022-09-05 01:19:06,2022-09-05 06:14:33,1
3DD.003E215C37,Daroga State Park,8/5/2022,2022,47.711251,-120.208455,WEH,WEH - Wells Dam Hatchery,2022-08-21 04:23:27,2022-10-19 21:55:28,1
3DD.003E215C3B,Rocky Reach Forebay,8/12/2022,2022,47.542169,-120.293332,CML,CML - Chewuch River Middle Lower,2022-09-18 19:54:11,2022-09-18 19:54:11,1
3DD.003E215C3B,Rocky Reach Forebay,8/12/2022,2022,47.542169,-120.293332,CMU,CMU - Chewuch River Middle Upper,2022-09-18 20:38:53,2022-09-18 20:38:53,1
3DD.003E215C3B,Rocky Reach Forebay,8/12/2022,2022,47.542169,-120.293332,CRU,CRU - Upper Chewuch Instream Array,2023-06-08 02:55:48,2023-06-08 02:56:21,1
3DD.003E215C3B,Rocky Reach Forebay,8/12/2022,2022,47.542169,-120.293332,CRW,CRW - Chewuch River above Winthrop,2022-09-16 22:06:29,2022-09-16 22:06:29,1
3DD.003E215C3B,Rocky Reach Forebay,8/12/2022,2022,47.542169,-120.293332,LMR,LMR - Lower Methow River at Pateros,2022-09-08 02:53:07,2022-09-08 02:53:18,1
3DD.003E215C3B,Rocky Reach Forebay,8/12/2022,2022,47.542169,-120.293332,WEA,"WEA - Wells Dam, DCPUD Adult Ladders",2022-09-04 07:54:49,2022-09-04 12:14:00,1
3DD.003E215C3D,Rocky Reach Forebay,8/5/2022,2022,47.542169,-120.293332,LMR,LMR - Lower Methow River at Pateros,2022-08-31 23:10:54,2022-08-31 23:11:00,1
3DD.003E215C3D,Rocky Reach Forebay,8/5/2022,2022,47.542169,-120.293332,WEA,"WEA - Wells Dam, DCPUD Adult Ladders",2022-08-21 11:22:17,2022-08-30 01:56:15,1
3DD.003E215C44,Daroga State Park,8/12/2022,2022,47.711251,-120.208455,LMR,LMR - Lower Methow River at Pateros,2022-08-25 08:35:54,2022-08-25 08:35:54,1
3DD.003E215C44,Daroga State Park,8/12/2022,2022,47.711251,-120.208455,WEA,"WEA - Wells Dam, DCPUD Adult Ladders",2022-08-24 01:06:03,2022-08-24 04:49:33,1
3DD.003E215C4A,Rocky Reach Forebay,8/5/2022,2022,47.542169,-120.293332,CML,CML - Chewuch River Middle Lower,2022-09-16 19:42:43,2022-09-16 19:42:43,1
3DD.003E215C4A,Rocky Reach Forebay,8/5/2022,2022,47.542169,-120.293332,CMU,CMU - Chewuch River Middle Upper,2022-09-16 20:21:17,2022-09-16 20:21:17,1
3DD.003E215C4A,Rocky Reach Forebay,8/5/2022,2022,47.542169,-120.293332,CRW,CRW - Chewuch River above Winthrop,2022-09-16 00:40:00,2022-09-16 00:42:07,1
3DD.003E215C4A,Rocky Reach Forebay,8/5/2022,2022,47.542169,-120.293332,LMR,LMR - Lower Methow River at Pateros,2022-09-04 02:21:51,2022-09-04 02:21:51,1
3DD.003E215C4A,Rocky Reach Forebay,8/5/2022,2022,47.542169,-120.293332,MRC,MRC - Methow River at Carlton,2022-09-08 00:00:32,2022-09-08 00:00:32,1
3DD.003E215C4A,Rocky Reach Forebay,8/5/2022,2022,47.542169,-120.293332,WEA,"WEA - Wells Dam, DCPUD Adult Ladders",2022-09-02 00:30:06,2022-09-02 04:16:28,1
3DD.003E215C4D,Rocky Reach Forebay,8/5/2022,2022,47.542169,-120.293332,ENL,ENL - Lower Entiat River,2023-05-14 03:43:56,2023-05-14 03:59:33,1
3DD.003E215C4F,Rocky Reach Forebay,8/5/2022,2022,47.542169,-120.293332,RIA,RIA - Rock Island Adult,2022-08-23 03:24:59,2022-08-23 05:33:11,1
3DD.003E215C4F,Rocky Reach Forebay,8/5/2022,2022,47.542169,-120.293332,RRF,RRF - Rocky Reach Fishway,2022-08-25 05:25:01,2022-09-02 06:45:38,1
3DD.003E215C4F,Rocky Reach Forebay,8/5/2022,2022,47.542169,-120.293332,WEA,"WEA - Wells Dam, DCPUD Adult Ladders",2022-08-14 02:12:03,2022-08-14 07:11:32,1
3DD.003E215C58,Rocky Reach Forebay,8/5/2022,2022,47.542169,-120.293332,ENL,ENL - Lower Entiat River,2023-06-25 23:47:06,2023-06-30 10:06:03,1
3DD.003E215C59,Daroga State Park,8/12/2022,2022,47.711251,-120.208455,ENL,ENL - Lower Entiat River,2023-06-19 18:50:49,2023-06-20 14:13:41,1
3DD.003E215C5C,Rocky Reach Forebay,8/5/2022,2022,47.542169,-120.293332,WEA,"WEA - Wells Dam, DCPUD Adult Ladders",2022-08-22 22:41:11,2022-08-23 01:54:32,1
3DD.003E215C5F,Rocky Reach Forebay,8/5/2022,2022,47.542169,-120.293332,ENL,ENL - Lower Entiat River,2023-06-06 02:06:48,2023-06-24 13:18:07,1
3DD.003E215C60,Rocky Reach Forebay,8/5/2022,2022,47.542169,-120.293332,CML,CML - Chewuch River Middle Lower,2022-09-04 20:17:46,2022-09-04 20:17:46,1
3DD.003E215C60,Rocky Reach Forebay,8/5/2022,2022,47.542169,-120.293332,CMU,CMU - Chewuch River Middle Upper,2022-09-04 21:00:25,2022-09-04 21:00:25,1
3DD.003E215C60,Rocky Reach Forebay,8/5/2022,2022,47.542169,-120.293332,CRW,CRW - Chewuch River above Winthrop,2022-09-03 22:05:51,2022-09-03 22:07:26,1
3DD.003E215C60,Rocky Reach Forebay,8/5/2022,2022,47.542169,-120.293332,MRC,MRC - Methow River at Carlton,2022-08-30 01:39:45,2022-08-30 01:39:45,1
3DD.003E215C60,Rocky Reach Forebay,8/5/2022,2022,47.542169,-120.293332,WEA,"WEA - Wells Dam, DCPUD Adult Ladders",2022-08-23 23:20:12,2022-08-24 03:27:22,1
3DD.003E215C62,Rocky Reach Forebay,8/5/2022,2022,47.542169,-120.293332,WEA,"WEA - Wells Dam, DCPUD Adult Ladders",2022-08-20 21:38:21,2022-08-21 01:46:22,1
3DD.003E215C66,Daroga State Park,8/5/2022,2022,47.711251,-120.208455,CML,CML - Chewuch River Middle Lower,2022-08-27 03:09:24,2022-08-27 03:09:24,1
3DD.003E215C66,Daroga State Park,8/5/2022,2022,47.711251,-120.208455,CMU,CMU - Chewuch River Middle Upper,2022-08-27 03:42:11,2022-08-27 03:42:11,1
3DD.003E215C66,Daroga State Park,8/5/2022,2022,47.711251,-120.208455,CRU,CRU - Upper Chewuch Instream Array,2022-08-30 00:27:33,2022-08-30 00:27:37,1
3DD.003E215C66,Daroga State Park,8/5/2022,2022,47.711251,-120.208455,CRW,CRW - Chewuch River above Winthrop,2022-08-26 22:44:03,2022-08-26 22:45:24,1
3DD.003E215C66,Daroga State Park,8/5/2022,2022,47.711251,-120.208455,LMR,LMR - Lower Methow River at Pateros,2022-08-20 03:16:17,2022-08-20 03:16:17,1
3DD.003E215C66,Daroga State Park,8/5/2022,2022,47.711251,-120.208455,MRC,MRC - Methow River at Carlton,2022-08-24 03:57:56,2022-08-24 03:57:56,1
3DD.003E215C66,Daroga State Park,8/5/2022,2022,47.711251,-120.208455,WEA,"WEA - Wells Dam, DCPUD Adult Ladders",2022-08-18 21:16:48,2022-08-19 00:39:24,1
3DD.003E215C68,Daroga State Park,8/12/2022,2022,47.711251,-120.208455,WEA,"WEA - Wells Dam, DCPUD Adult Ladders",2022-09-18 01:01:32,2022-09-19 05:01:44,1
3DD.003E215C6A,Rocky Reach Forebay,8/12/2022,2022,47.542169,-120.293332,WEA,"WEA - Wells Dam, DCPUD Adult Ladders",2022-08-22 21:47:19,2022-08-23 01:11:08,1
3DD.003E215C6B,Rocky Reach Forebay,8/5/2022,2022,47.542169,-120.293332,WEA,"WEA - Wells Dam, DCPUD Adult Ladders",2022-08-08 05:13:31,2022-08-11 21:11:40,1
3DD.003E215C6C,Rocky Reach Forebay,8/5/2022,2022,47.542169,-120.293332,WEA,"WEA - Wells Dam, DCPUD Adult Ladders",2022-08-18 03:20:42,2022-08-18 08:22:25,1
3DD.003E215C6D,Rocky Reach Forebay,8/5/2022,2022,47.542169,-120.293332,MRC,MRC - Methow River at Carlton,2022-09-23 21:38:24,2022-09-23 21:38:24,1
3DD.003E215C6D,Rocky Reach Forebay,8/5/2022,2022,47.542169,-120.293332,WEA,"WEA - Wells Dam, DCPUD Adult Ladders",2022-09-03 23:41:10,2022-09-04 06:33:54,1
3DD.003E215C72,Rocky Reach Forebay,8/12/2022,2022,47.542169,-120.293332,WEA,"WEA - Wells Dam, DCPUD Adult Ladders",2022-08-31 16:27:07,2022-08-31 21:34:16,1
3DD.003E215C76,Rocky Reach Forebay,8/5/2022,2022,47.542169,-120.293332,CML,CML - Chewuch River Middle Lower,2022-09-16 00:52:32,2022-09-16 00:52:32,1
3DD.003E215C76,Rocky Reach Forebay,8/5/2022,2022,47.542169,-120.293332,CMU,CMU - Chewuch River Middle Upper,2022-09-16 01:41:28,2022-09-16 01:41:28,1
3DD.003E215C76,Rocky Reach Forebay,8/5/2022,2022,47.542169,-120.293332,CRW,CRW - Chewuch River above Winthrop,2022-09-15 17:46:20,2022-09-15 17:48:24,1
3DD.003E215C76,Rocky Reach Forebay,8/5/2022,2022,47.542169,-120.293332,LMR,LMR - Lower Methow River at Pateros,2022-09-02 21:16:52,2022-09-02 21:17:02,1
3DD.003E215C76,Rocky Reach Forebay,8/5/2022,2022,47.542169,-120.293332,MRC,MRC - Methow River at Carlton,2022-09-06 21:33:27,2022-09-06 21:33:27,1
3DD.003E215C76,Rocky Reach Forebay,8/5/2022,2022,47.542169,-120.293332,WEA,"WEA - Wells Dam, DCPUD Adult Ladders",2022-09-01 00:49:22,2022-09-01 05:35:21,1
3DD.003E215C7D,Rocky Reach Forebay,8/5/2022,2022,47.542169,-120.293332,WEA,"WEA - Wells Dam, DCPUD Adult Ladders",2022-08-26 02:31:54,2022-08-26 06:07:28,1
3DD.003E215D46,Daroga State Park,8/5/2022,2022,47.711251,-120.208455,CML,CML - Chewuch River Middle Lower,2022-08-22 22:29:54,2023-06-07 17:32:04,1
3DD.003E215D46,Daroga State Park,8/5/2022,2022,47.711251,-120.208455,CMU,CMU - Chewuch River Middle Upper,2022-08-22 23:04:22,2022-08-22 23:04:22,1
3DD.003E215D46,Daroga State Park,8/5/2022,2022,47.711251,-120.208455,CRU,CRU - Upper Chewuch Instream Array,2022-08-25 02:48:13,2023-04-28 18:49:37,1
3DD.003E215D46,Daroga State Park,8/5/2022,2022,47.711251,-120.208455,CRW,CRW - Chewuch River above Winthrop,2022-08-22 02:08:00,2022-08-22 02:09:24,1
3DD.003E215D46,Daroga State Park,8/5/2022,2022,47.711251,-120.208455,MRC,MRC - Methow River at Carlton,2022-08-18 21:05:59,2022-08-18 21:05:59,1
3DD.003E215D46,Daroga State Park,8/5/2022,2022,47.711251,-120.208455,WEA,"WEA - Wells Dam, DCPUD Adult Ladders",2022-08-08 23:09:27,2022-08-09 18:18:35,1
3DD.003E215D4C,Daroga State Park,8/5/2022,2022,47.711251,-120.208455,LMR,LMR - Lower Methow River at Pateros,2022-08-22 02:28:17,2022-08-22 02:28:17,1
3DD.003E215D4C,Daroga State Park,8/5/2022,2022,47.711251,-120.208455,MRC,MRC - Methow River at Carlton,2022-08-27 23:08:40,2022-08-27 23:08:40,1
3DD.003E215D4C,Daroga State Park,8/5/2022,2022,47.711251,-120.208455,WEA,"WEA - Wells Dam, DCPUD Adult Ladders",2022-08-18 21:52:51,2022-08-19 02:01:01,1
3DD.003E215D4F,Rocky Reach Forebay,8/5/2022,2022,47.542169,-120.293332,MRC,MRC - Methow River at Carlton,2022-08-21 20:55:22,2022-08-21 20:55:22,1
3DD.003E215D4F,Rocky Reach Forebay,8/5/2022,2022,47.542169,-120.293332,WEA,"WEA - Wells Dam, DCPUD Adult Ladders",2022-08-11 03:01:12,2022-08-11 06:24:55,1
3DD.003E215D50,Daroga State Park,8/5/2022,2022,47.711251,-120.208455,WEH,WEH - Wells Dam Hatchery,2022-08-08 00:49:25,2022-08-12 21:14:30,1
3DD.003E215D51,Daroga State Park,8/5/2022,2022,47.711251,-120.208455,CMU,CMU - Chewuch River Middle Upper,2022-09-03 02:38:29,2022-09-03 02:38:29,1
3DD.003E215D51,Daroga State Park,8/5/2022,2022,47.711251,-120.208455,CRU,CRU - Upper Chewuch Instream Array,2022-09-05 03:31:59,2023-06-16 13:05:42,1
3DD.003E215D51,Daroga State Park,8/5/2022,2022,47.711251,-120.208455,CRW,CRW - Chewuch River above Winthrop,2022-09-02 22:02:39,2022-09-02 22:04:09,1
3DD.003E215D51,Daroga State Park,8/5/2022,2022,47.711251,-120.208455,LMR,LMR - Lower Methow River at Pateros,2022-08-27 22:41:03,2022-08-27 22:41:03,1
3DD.003E215D51,Daroga State Park,8/5/2022,2022,47.711251,-120.208455,MRC,MRC - Methow River at Carlton,2022-08-30 23:21:29,2022-08-30 23:21:29,1
3DD.003E215D51,Daroga State Park,8/5/2022,2022,47.711251,-120.208455,WEA,"WEA - Wells Dam, DCPUD Adult Ladders",2022-08-26 04:45:59,2022-08-26 08:21:31,1
3DD.003E215D53,Daroga State Park,8/5/2022,2022,47.711251,-120.208455,LMR,LMR - Lower Methow River at Pateros,2022-08-15 22:08:36,2022-08-15 22:08:36,1
3DD.003E215D53,Daroga State Park,8/5/2022,2022,47.711251,-120.208455,WEA,"WEA - Wells Dam, DCPUD Adult Ladders",2022-08-10 23:58:07,2022-08-11 07:43:22,1
3DD.003E215D54,Rocky Reach Forebay,8/5/2022,2022,47.542169,-120.293332,MRC,MRC - Methow River at Carlton,2022-08-22 21:46:39,2022-08-22 21:46:39,1
3DD.003E215D54,Rocky Reach Forebay,8/5/2022,2022,47.542169,-120.293332,WEA,"WEA - Wells Dam, DCPUD Adult Ladders",2022-08-15 04:51:47,2022-08-15 04:54:13,1
3DD.003E215D56,Daroga State Park,8/5/2022,2022,47.711251,-120.208455,LMR,LMR - Lower Methow River at Pateros,2022-08-26 01:49:25,2022-08-26 01:49:34,1
3DD.003E215D56,Daroga State Park,8/5/2022,2022,47.711251,-120.208455,MRC,MRC - Methow River at Carlton,2022-08-30 03:31:22,2022-08-30 03:31:22,1
3DD.003E215D56,Daroga State Park,8/5/2022,2022,47.711251,-120.208455,WEA,"WEA - Wells Dam, DCPUD Adult Ladders",2022-08-09 09:04:12,2022-08-09 09:50:42,1
3DD.003E215D58,Rocky Reach Forebay,8/5/2022,2022,47.542169,-120.293332,CML,CML - Chewuch River Middle Lower,2022-08-20 20:11:38,2022-08-20 20:11:38,1
3DD.003E215D58,Rocky Reach Forebay,8/5/2022,2022,47.542169,-120.293332,CMU,CMU - Chewuch River Middle Upper,2022-08-20 20:45:32,2022-08-20 20:45:32,1
3DD.003E215D58,Rocky Reach Forebay,8/5/2022,2022,47.542169,-120.293332,CRU,CRU - Upper Chewuch Instream Array,2022-08-22 21:19:12,2022-08-22 21:19:18,1
3DD.003E215D58,Rocky Reach Forebay,8/5/2022,2022,47.542169,-120.293332,CRW,CRW - Chewuch River above Winthrop,2022-08-20 01:05:28,2022-08-20 01:06:42,1
3DD.003E215D58,Rocky Reach Forebay,8/5/2022,2022,47.542169,-120.293332,MRC,MRC - Methow River at Carlton,2022-08-17 02:54:07,2022-08-17 02:54:07,1
3DD.003E215D58,Rocky Reach Forebay,8/5/2022,2022,47.542169,-120.293332,WEA,"WEA - Wells Dam, DCPUD Adult Ladders",2022-08-10 22:16:54,2022-08-11 04:51:37,1
3DD.003E215D59,Daroga State Park,8/5/2022,2022,47.711251,-120.208455,WEA,"WEA - Wells Dam, DCPUD Adult Ladders",2022-08-15 03:09:12,2022-08-15 06:49:05,1
3DD.003E215D5A,Rocky Reach Forebay,8/5/2022,2022,47.542169,-120.293332,WEA,"WEA - Wells Dam, DCPUD Adult Ladders",2022-08-17 22:33:10,2022-08-18 01:54:00,1
3DD.003E215D5C,Rocky Reach Forebay,8/5/2022,2022,47.542169,-120.293332,ENL,ENL - Lower Entiat River,2023-06-23 13:29:56,2023-06-23 20:48:12,1
3DD.003E215D5F,Daroga State Park,8/5/2022,2022,47.711251,-120.208455,WEA,"WEA - Wells Dam, DCPUD Adult Ladders",2022-08-08 19:55:40,2022-08-08 20:00:16,1
3DD.003E215D60,Daroga State Park,8/5/2022,2022,47.711251,-120.208455,CML,CML - Chewuch River Middle Lower,2022-09-04 04:00:54,2022-09-04 04:00:54,1
3DD.003E215D60,Daroga State Park,8/5/2022,2022,47.711251,-120.208455,CMU,CMU - Chewuch River Middle Upper,2022-09-04 20:13:28,2023-05-26 23:33:14,1
3DD.003E215D60,Daroga State Park,8/5/2022,2022,47.711251,-120.208455,CRW,CRW - Chewuch River above Winthrop,2022-09-03 20:08:38,2022-09-03 20:10:44,1
3DD.003E215D60,Daroga State Park,8/5/2022,2022,47.711251,-120.208455,LMR,LMR - Lower Methow River at Pateros,2022-08-21 22:32:32,2022-08-21 22:32:32,1
3DD.003E215D60,Daroga State Park,8/5/2022,2022,47.711251,-120.208455,MRC,MRC - Methow River at Carlton,2022-08-25 01:57:36,2022-08-25 01:57:36,1
3DD.003E215D60,Daroga State Park,8/5/2022,2022,47.711251,-120.208455,WEA,"WEA - Wells Dam, DCPUD Adult Ladders",2022-08-19 22:08:32,2022-08-20 05:16:31,1
3DD.003E215D65,Daroga State Park,8/5/2022,2022,47.711251,-120.208455,LMR,LMR - Lower Methow River at Pateros,2022-08-18 23:36:40,2022-08-18 23:36:40,1
3DD.003E215D65,Daroga State Park,8/5/2022,2022,47.711251,-120.208455,MRC,MRC - Methow River at Carlton,2022-08-22 21:19:22,2022-08-22 21:19:22,1
3DD.003E215D65,Daroga State Park,8/5/2022,2022,47.711251,-120.208455,WEA,"WEA - Wells Dam, DCPUD Adult Ladders",2022-08-16 05:15:01,2022-08-16 05:17:18,1
3DD.003E215D68,Rocky Reach Forebay,8/5/2022,2022,47.542169,-120.293332,WEA,"WEA - Wells Dam, DCPUD Adult Ladders",2022-08-07 21:59:20,2022-08-08 02:23:38,1
3DD.003E215D6A,Daroga State Park,8/5/2022,2022,47.711251,-120.208455,OKL,OKL - Lower Okanogan Instream Array,2022-08-25 21:51:44,2022-08-25 21:51:44,1
3DD.003E215D6A,Daroga State Park,8/5/2022,2022,47.711251,-120.208455,WEA,"WEA - Wells Dam, DCPUD Adult Ladders",2022-08-22 20:05:08,2022-08-23 02:29:14,1
3DD.003E215D6B,Rocky Reach Forebay,8/5/2022,2022,47.542169,-120.293332,ENL,ENL - Lower Entiat River,2023-06-14 01:39:06,2023-06-14 01:39:06,1
3DD.003E215D6B,Rocky Reach Forebay,8/5/2022,2022,47.542169,-120.293332,WEH,WEH - Wells Dam Hatchery,2022-08-30 03:08:09,2022-08-31 21:03:16,1
3DD.003E215D6D,Rocky Reach Forebay,8/5/2022,2022,47.542169,-120.293332,ENL,ENL - Lower Entiat River,2022-08-06 21:00:41,2022-08-06 21:01:11,1
3DD.003E215D6F,Rocky Reach Forebay,8/5/2022,2022,47.542169,-120.293332,WEA,"WEA - Wells Dam, DCPUD Adult Ladders",2022-08-14 20:31:03,2022-08-15 03:29:30,1
3DD.003E215D71,Rocky Reach Forebay,8/5/2022,2022,47.542169,-120.293332,WEA,"WEA - Wells Dam, DCPUD Adult Ladders",2022-08-26 05:04:25,2022-08-26 12:35:25,1
3DD.003E215D72,Rocky Reach Forebay,8/5/2022,2022,47.542169,-120.293332,ENL,ENL - Lower Entiat River,2022-08-07 23:57:00,2023-06-24 15:49:41,1
3DD.003E215D73,Rocky Reach Forebay,8/5/2022,2022,47.542169,-120.293332,WEH,WEH - Wells Dam Hatchery,2022-08-30 02:56:59,2022-09-15 00:36:12,1
3DD.003E215D75,Rocky Reach Forebay,8/5/2022,2022,47.542169,-120.293332,CML,CML - Chewuch River Middle Lower,2022-09-09 22:15:47,2022-09-09 22:15:47,1
3DD.003E215D75,Rocky Reach Forebay,8/5/2022,2022,47.542169,-120.293332,CMU,CMU - Chewuch River Middle Upper,2022-09-09 23:03:05,2022-09-09 23:03:05,1
3DD.003E215D75,Rocky Reach Forebay,8/5/2022,2022,47.542169,-120.293332,CRW,CRW - Chewuch River above Winthrop,2022-09-08 21:25:42,2022-09-08 21:27:15,1
3DD.003E215D75,Rocky Reach Forebay,8/5/2022,2022,47.542169,-120.293332,LMR,LMR - Lower Methow River at Pateros,2022-09-01 23:49:01,2022-09-01 23:49:01,1
3DD.003E215D75,Rocky Reach Forebay,8/5/2022,2022,47.542169,-120.293332,MRC,MRC - Methow River at Carlton,2022-09-05 20:31:49,2022-09-05 20:31:49,1
3DD.003E215D75,Rocky Reach Forebay,8/5/2022,2022,47.542169,-120.293332,WEA,"WEA - Wells Dam, DCPUD Adult Ladders",2022-08-29 08:01:58,2022-08-29 08:03:41,1
3DD.003E215D79,Daroga State Park,8/5/2022,2022,47.711251,-120.208455,WEA,"WEA - Wells Dam, DCPUD Adult Ladders",2022-08-28 21:08:15,2022-08-28 21:09:15,1
3DD.003E215D7C,Rocky Reach Forebay,8/5/2022,2022,47.542169,-120.293332,ENL,ENL - Lower Entiat River,2022-08-06 21:18:33,2022-08-06 21:19:01,1
3DD.003E215D89,Daroga State Park,8/5/2022,2022,47.711251,-120.208455,RRJ,RRJ - Rocky Reach Dam Juvenile,2023-07-08 15:12:14,2023-07-08 15:12:14,1
3DD.003E215D89,Daroga State Park,8/5/2022,2022,47.711251,-120.208455,WEH,WEH - Wells Dam Hatchery,2022-08-23 00:47:59,2022-08-23 01:53:14,1
3DD.003E215D8A,Daroga State Park,8/5/2022,2022,47.711251,-120.208455,WEA,"WEA - Wells Dam, DCPUD Adult Ladders",2022-08-07 23:18:53,2022-08-08 22:12:28,1
3DD.003E215D8B,Daroga State Park,8/5/2022,2022,47.711251,-120.208455,CML,CML - Chewuch River Middle Lower,2022-09-06 20:56:27,2022-09-06 20:56:27,1
3DD.003E215D8B,Daroga State Park,8/5/2022,2022,47.711251,-120.208455,CMU,CMU - Chewuch River Middle Upper,2022-09-06 21:44:27,2022-09-06 21:44:27,1
3DD.003E215D8B,Daroga State Park,8/5/2022,2022,47.711251,-120.208455,CRW,CRW - Chewuch River above Winthrop,2022-09-05 23:15:31,2022-09-05 23:17:02,1
3DD.003E215D8B,Daroga State Park,8/5/2022,2022,47.711251,-120.208455,MRC,MRC - Methow River at Carlton,2022-09-01 22:13:52,2022-09-01 22:13:52,1
3DD.003E215D8B,Daroga State Park,8/5/2022,2022,47.711251,-120.208455,WEA,"WEA - Wells Dam, DCPUD Adult Ladders",2022-08-27 02:57:10,2022-08-27 06:05:39,1
3DD.003E215D8C,Daroga State Park,8/5/2022,2022,47.711251,-120.208455,LMR,LMR - Lower Methow River at Pateros,2022-08-10 23:43:09,2022-08-10 23:43:09,1
3DD.003E215D8C,Daroga State Park,8/5/2022,2022,47.711251,-120.208455,WEA,"WEA - Wells Dam, DCPUD Adult Ladders",2022-08-08 21:54:12,2022-08-09 03:38:26,1
3DD.003E215D8D,Daroga State Park,8/5/2022,2022,47.711251,-120.208455,ENL,ENL - Lower Entiat River,2023-06-12 23:42:11,2023-06-16 21:23:04,1
3DD.003E215D91,Rocky Reach Forebay,8/5/2022,2022,47.542169,-120.293332,CML,CML - Chewuch River Middle Lower,2022-08-23 01:53:00,2023-06-05 22:15:19,1
3DD.003E215D91,Rocky Reach Forebay,8/5/2022,2022,47.542169,-120.293332,CMU,CMU - Chewuch River Middle Upper,2022-08-23 02:26:41,2022-08-23 02:26:41,1
3DD.003E215D91,Rocky Reach Forebay,8/5/2022,2022,47.542169,-120.293332,CRW,CRW - Chewuch River above Winthrop,2022-08-22 21:11:22,2023-06-06 22:43:04,1
3DD.003E215D91,Rocky Reach Forebay,8/5/2022,2022,47.542169,-120.293332,LMR,LMR - Lower Methow River at Pateros,2022-08-11 00:27:02,2022-08-11 00:27:02,1
3DD.003E215D91,Rocky Reach Forebay,8/5/2022,2022,47.542169,-120.293332,MRC,MRC - Methow River at Carlton,2022-08-17 02:54:52,2022-08-17 02:54:52,1
3DD.003E215D91,Rocky Reach Forebay,8/5/2022,2022,47.542169,-120.293332,WEA,"WEA - Wells Dam, DCPUD Adult Ladders",2022-08-09 02:04:53,2022-08-09 07:32:33,1
3DD.003E215D94,Rocky Reach Forebay,8/5/2022,2022,47.542169,-120.293332,CML,CML - Chewuch River Middle Lower,2022-08-26 22:32:25,2022-08-26 22:32:25,1
3DD.003E215D94,Rocky Reach Forebay,8/5/2022,2022,47.542169,-120.293332,CMU,CMU - Chewuch River Middle Upper,2022-08-26 23:05:26,2022-08-26 23:05:26,1
3DD.003E215D94,Rocky Reach Forebay,8/5/2022,2022,47.542169,-120.293332,CRU,CRU - Upper Chewuch Instream Array,2022-08-29 00:46:35,2022-08-29 00:46:41,1
3DD.003E215D94,Rocky Reach Forebay,8/5/2022,2022,47.542169,-120.293332,CRW,CRW - Chewuch River above Winthrop,2022-08-26 02:26:24,2022-08-26 02:27:46,1
3DD.003E215D94,Rocky Reach Forebay,8/5/2022,2022,47.542169,-120.293332,LMR,LMR - Lower Methow River at Pateros,2022-08-20 20:11:23,2022-08-20 20:11:23,1
3DD.003E215D94,Rocky Reach Forebay,8/5/2022,2022,47.542169,-120.293332,MRC,MRC - Methow River at Carlton,2022-08-23 20:44:25,2022-08-23 20:44:25,1
3DD.003E215D94,Rocky Reach Forebay,8/5/2022,2022,47.542169,-120.293332,WEA,"WEA - Wells Dam, DCPUD Adult Ladders",2022-08-19 03:28:52,2022-08-19 03:31:36,1
3DD.003E215D96,Rocky Reach Forebay,8/5/2022,2022,47.542169,-120.293332,CML,CML - Chewuch River Middle Lower,2022-08-21 21:40:54,2022-08-21 21:40:54,1
3DD.003E215D96,Rocky Reach Forebay,8/5/2022,2022,47.542169,-120.293332,CMU,CMU - Chewuch River Middle Upper,2022-08-21 22:15:36,2022-08-21 22:15:36,1
3DD.003E215D96,Rocky Reach Forebay,8/5/2022,2022,47.542169,-120.293332,CRU,CRU - Upper Chewuch Instream Array,2022-08-25 02:38:03,2023-05-29 16:06:23,1
3DD.003E215D96,Rocky Reach Forebay,8/5/2022,2022,47.542169,-120.293332,CRW,CRW - Chewuch River above Winthrop,2022-08-21 00:28:50,2022-08-21 00:30:22,1
3DD.003E215D96,Rocky Reach Forebay,8/5/2022,2022,47.542169,-120.293332,LMR,LMR - Lower Methow River at Pateros,2022-08-11 01:02:31,2022-08-11 01:02:31,1
3DD.003E215D96,Rocky Reach Forebay,8/5/2022,2022,47.542169,-120.293332,WEA,"WEA - Wells Dam, DCPUD Adult Ladders",2022-08-09 02:49:56,2022-08-09 10:23:40,1
3DD.003E215D97,Rocky Reach Forebay,8/5/2022,2022,47.542169,-120.293332,ENL,ENL - Lower Entiat River,2023-06-06 10:08:33,2023-06-06 10:08:33,1
3DD.003E215D9C,Rocky Reach Forebay,8/5/2022,2022,47.542169,-120.293332,CML,CML - Chewuch River Middle Lower,2022-08-28 02:13:13,2023-06-10 08:22:38,1
3DD.003E215D9C,Rocky Reach Forebay,8/5/2022,2022,47.542169,-120.293332,CMU,CMU - Chewuch River Middle Upper,2022-08-28 02:48:00,2022-08-28 02:48:07,1
3DD.003E215D9C,Rocky Reach Forebay,8/5/2022,2022,47.542169,-120.293332,CRU,CRU - Upper Chewuch Instream Array,2022-08-30 21:13:04,2023-06-04 22:40:29,1
3DD.003E215D9C,Rocky Reach Forebay,8/5/2022,2022,47.542169,-120.293332,CRW,CRW - Chewuch River above Winthrop,2022-08-27 21:35:25,2023-06-10 16:24:51,1
3DD.003E215D9C,Rocky Reach Forebay,8/5/2022,2022,47.542169,-120.293332,MRC,MRC - Methow River at Carlton,2022-08-24 22:42:03,2022-08-24 22:42:03,1
3DD.003E215D9C,Rocky Reach Forebay,8/5/2022,2022,47.542169,-120.293332,WEA,"WEA - Wells Dam, DCPUD Adult Ladders",2022-08-20 00:01:49,2022-08-20 03:32:04,1
3DD.003E215DA2,Rocky Reach Forebay,8/5/2022,2022,47.542169,-120.293332,LMR,LMR - Lower Methow River at Pateros,2022-08-24 14:00:06,2022-08-24 14:00:06,1
3DD.003E215DA2,Rocky Reach Forebay,8/5/2022,2022,47.542169,-120.293332,WEA,"WEA - Wells Dam, DCPUD Adult Ladders",2022-08-22 10:51:43,2022-08-22 17:39:03,1
3DD.003E215DA5,Rocky Reach Forebay,8/5/2022,2022,47.542169,-120.293332,RRJ,RRJ - Rocky Reach Dam Juvenile,2023-06-26 10:24:15,2023-06-26 10:24:15,1
3DD.003E215DA6,Daroga State Park,8/5/2022,2022,47.711251,-120.208455,ENL,ENL - Lower Entiat River,2023-06-03 10:20:26,2023-06-11 20:36:34,1
3DD.003E215DA7,Daroga State Park,8/5/2022,2022,47.711251,-120.208455,CML,CML - Chewuch River Middle Lower,2022-08-20 02:12:01,2022-08-20 02:12:01,1
3DD.003E215DA7,Daroga State Park,8/5/2022,2022,47.711251,-120.208455,CMU,CMU - Chewuch River Middle Upper,2022-08-20 02:40:56,2022-08-20 02:40:56,1
3DD.003E215DA7,Daroga State Park,8/5/2022,2022,47.711251,-120.208455,CRU,CRU - Upper Chewuch Instream Array,2022-08-23 00:02:34,2023-05-28 21:33:51,1
3DD.003E215DA7,Daroga State Park,8/5/2022,2022,47.711251,-120.208455,CRW,CRW - Chewuch River above Winthrop,2022-08-19 22:00:10,2022-08-19 22:01:29,1
3DD.003E215DA7,Daroga State Park,8/5/2022,2022,47.711251,-120.208455,WEA,"WEA - Wells Dam, DCPUD Adult Ladders",2022-08-07 03:14:28,2022-08-07 08:35:22,1
3DD.003E215DAB,Rocky Reach Forebay,8/19/2022,2022,47.542169,-120.293332,CML,CML - Chewuch River Middle Lower,2022-09-15 19:06:08,2022-09-15 19:06:08,1
3DD.003E215DAB,Rocky Reach Forebay,8/19/2022,2022,47.542169,-120.293332,CMU,CMU - Chewuch River Middle Upper,2022-09-15 19:57:07,2022-09-15 19:57:07,1
3DD.003E215DAB,Rocky Reach Forebay,8/19/2022,2022,47.542169,-120.293332,CRW,CRW - Chewuch River above Winthrop,2022-09-14 22:15:19,2022-09-14 22:17:33,1
3DD.003E215DAB,Rocky Reach Forebay,8/19/2022,2022,47.542169,-120.293332,LMR,LMR - Lower Methow River at Pateros,2022-09-03 01:24:51,2022-09-03 01:25:01,1
3DD.003E215DAB,Rocky Reach Forebay,8/19/2022,2022,47.542169,-120.293332,MRC,MRC - Methow River at Carlton,2022-09-06 04:10:56,2022-09-06 04:10:56,1
3DD.003E215DAB,Rocky Reach Forebay,8/19/2022,2022,47.542169,-120.293332,WEA,"WEA - Wells Dam, DCPUD Adult Ladders",2022-08-31 04:19:00,2022-08-31 11:36:06,1
3DD.003E215DAC,Rocky Reach Forebay,8/19/2022,2022,47.542169,-120.293332,LMR,LMR - Lower Methow River at Pateros,2022-09-06 01:14:41,2022-09-06 01:14:41,1
3DD.003E215DAC,Rocky Reach Forebay,8/19/2022,2022,47.542169,-120.293332,WEA,"WEA - Wells Dam, DCPUD Adult Ladders",2022-09-04 01:00:09,2022-09-04 07:08:58,1
3DD.003E215DAE,Rocky Reach Forebay,8/19/2022,2022,47.542169,-120.293332,SA1,SA1 - Salmon Creek Instream Array,2023-05-25 23:16:49,2023-06-02 20:28:21,1
3DD.003E215DAE,Rocky Reach Forebay,8/19/2022,2022,47.542169,-120.293332,WEA,"WEA - Wells Dam, DCPUD Adult Ladders",2022-09-05 08:59:35,2022-09-05 09:48:20,1
3DD.003E215DB0,Rocky Reach Forebay,8/19/2022,2022,47.542169,-120.293332,ENL,ENL - Lower Entiat River,2023-06-18 03:06:22,2023-06-18 03:06:55,1
3DD.003E215DB1,Rocky Reach Forebay,8/19/2022,2022,47.542169,-120.293332,WEA,"WEA - Wells Dam, DCPUD Adult Ladders",2023-05-18 07:47:47,2023-05-19 01:53:06,1
3DD.003E215DB6,Rocky Reach Forebay,8/19/2022,2022,47.542169,-120.293332,LMR,LMR - Lower Methow River at Pateros,2022-08-23 00:22:01,2022-08-23 00:22:01,1
3DD.003E215DB6,Rocky Reach Forebay,8/19/2022,2022,47.542169,-120.293332,WEA,"WEA - Wells Dam, DCPUD Adult Ladders",2022-08-21 00:38:04,2022-08-21 04:19:00,1
3DD.003E215DBE,Rocky Reach Forebay,8/19/2022,2022,47.542169,-120.293332,OKL,OKL - Lower Okanogan Instream Array,2022-08-25 23:36:24,2022-08-25 23:36:24,1
3DD.003E215DBE,Rocky Reach Forebay,8/19/2022,2022,47.542169,-120.293332,WEA,"WEA - Wells Dam, DCPUD Adult Ladders",2022-08-23 04:04:15,2022-08-23 08:25:53,1
3DD.003E215DBF,Rocky Reach Forebay,8/19/2022,2022,47.542169,-120.293332,LMR,LMR - Lower Methow River at Pateros,2022-09-15 01:53:13,2022-09-15 01:53:22,1
3DD.003E215DBF,Rocky Reach Forebay,8/19/2022,2022,47.542169,-120.293332,MRC,MRC - Methow River at Carlton,2022-09-19 22:45:54,2022-09-19 22:45:54,1
3DD.003E215DBF,Rocky Reach Forebay,8/19/2022,2022,47.542169,-120.293332,WEA,"WEA - Wells Dam, DCPUD Adult Ladders",2022-09-12 22:25:30,2022-09-13 03:23:17,1
3DD.003E215DC1,Rocky Reach Forebay,8/19/2022,2022,47.542169,-120.293332,WEH,WEH - Wells Dam Hatchery,2022-08-30 02:42:00,2022-09-01 23:23:13,1
3DD.003E215DC5,Rocky Reach Forebay,8/19/2022,2022,47.542169,-120.293332,ENA,ENA - Upper Entiat River at rkm 17.1,2022-08-23 02:21:41,2022-08-23 02:21:45,1
3DD.003E215DC5,Rocky Reach Forebay,8/19/2022,2022,47.542169,-120.293332,ENL,ENL - Lower Entiat River,2022-08-20 02:44:39,2022-08-20 02:45:02,1
3DD.003E215DC9,Rocky Reach Forebay,8/19/2022,2022,47.542169,-120.293332,SA0,SA0 - Salmon Creek below OID Div.,2023-06-03 23:36:59,2023-06-03 23:39:02,1
3DD.003E215DC9,Rocky Reach Forebay,8/19/2022,2022,47.542169,-120.293332,SA1,SA1 - Salmon Creek Instream Array,2023-05-20 20:57:19,2023-05-20 21:16:23,1
3DD.003E215DC9,Rocky Reach Forebay,8/19/2022,2022,47.542169,-120.293332,WEA,"WEA - Wells Dam, DCPUD Adult Ladders",2022-08-26 00:24:57,2022-08-26 06:30:24,1
3DD.003E215DCC,Rocky Reach Forebay,8/19/2022,2022,47.542169,-120.293332,LMR,LMR - Lower Methow River at Pateros,2022-08-24 00:46:56,2022-08-24 00:46:56,1
3DD.003E215DCC,Rocky Reach Forebay,8/19/2022,2022,47.542169,-120.293332,MRC,MRC - Methow River at Carlton,2022-08-28 02:24:38,2022-08-28 02:24:38,1
3DD.003E215DCC,Rocky Reach Forebay,8/19/2022,2022,47.542169,-120.293332,WEA,"WEA - Wells Dam, DCPUD Adult Ladders",2022-08-22 04:18:50,2022-08-22 07:35:51,1
3DD.003E215DCE,Rocky Reach Forebay,8/19/2022,2022,47.542169,-120.293332,WEA,"WEA - Wells Dam, DCPUD Adult Ladders",2022-08-21 23:27:06,2022-08-22 04:59:40,1
3DD.003E215DD0,Rocky Reach Forebay,8/19/2022,2022,47.542169,-120.293332,ENL,ENL - Lower Entiat River,2023-05-07 00:55:30,2023-06-19 11:53:10,1
3DD.003E215DD3,Rocky Reach Forebay,8/19/2022,2022,47.542169,-120.293332,LMR,LMR - Lower Methow River at Pateros,2022-08-24 15:14:38,2022-08-24 15:14:38,1
3DD.003E215DD3,Rocky Reach Forebay,8/19/2022,2022,47.542169,-120.293332,MRC,MRC - Methow River at Carlton,2022-08-28 21:42:38,2022-08-28 21:42:38,1
3DD.003E215DD3,Rocky Reach Forebay,8/19/2022,2022,47.542169,-120.293332,WEA,"WEA - Wells Dam, DCPUD Adult Ladders",2022-08-23 02:34:33,2022-08-23 07:43:36,1
3DD.003E215DD8,Rocky Reach Forebay,8/19/2022,2022,47.542169,-120.293332,ENL,ENL - Lower Entiat River,2023-05-21 00:29:50,2023-06-25 14:23:10,1
3DD.003E215DDA,Rocky Reach Forebay,8/19/2022,2022,47.542169,-120.293332,LMR,LMR - Lower Methow River at Pateros,2022-08-26 23:58:59,2022-08-26 23:58:59,1
3DD.003E215DDA,Rocky Reach Forebay,8/19/2022,2022,47.542169,-120.293332,MRC,MRC - Methow River at Carlton,2022-08-30 22:21:14,2022-08-30 22:21:14,1
3DD.003E215DDA,Rocky Reach Forebay,8/19/2022,2022,47.542169,-120.293332,WEA,"WEA - Wells Dam, DCPUD Adult Ladders",2022-08-25 01:52:12,2022-08-25 10:04:10,1
3DD.003E215DDC,Rocky Reach Forebay,8/19/2022,2022,47.542169,-120.293332,CML,CML - Chewuch River Middle Lower,2022-09-07 02:14:40,2022-09-07 02:14:40,1
3DD.003E215DDC,Rocky Reach Forebay,8/19/2022,2022,47.542169,-120.293332,CRW,CRW - Chewuch River above Winthrop,2022-09-06 21:25:47,2022-09-06 21:27:24,1
3DD.003E215DDC,Rocky Reach Forebay,8/19/2022,2022,47.542169,-120.293332,LMR,LMR - Lower Methow River at Pateros,2022-08-30 22:05:34,2022-08-30 22:05:34,1
3DD.003E215DDC,Rocky Reach Forebay,8/19/2022,2022,47.542169,-120.293332,MRC,MRC - Methow River at Carlton,2022-09-02 23:11:51,2022-09-02 23:11:51,1
3DD.003E215DDC,Rocky Reach Forebay,8/19/2022,2022,47.542169,-120.293332,WEA,"WEA - Wells Dam, DCPUD Adult Ladders",2022-08-29 18:34:23,2022-08-29 18:51:49,1
3DD.003E215DDD,Rocky Reach Forebay,8/19/2022,2022,47.542169,-120.293332,LMR,LMR - Lower Methow River at Pateros,2022-09-01 22:55:13,2022-09-01 22:55:13,1
3DD.003E215DDD,Rocky Reach Forebay,8/19/2022,2022,47.542169,-120.293332,MRC,MRC - Methow River at Carlton,2022-09-05 00:04:56,2022-09-05 00:04:56,1
3DD.003E215DDD,Rocky Reach Forebay,8/19/2022,2022,47.542169,-120.293332,WEA,"WEA - Wells Dam, DCPUD Adult Ladders",2022-08-31 02:52:04,2022-08-31 21:03:00,1
3DD.003E215DE0,Rocky Reach Forebay,8/19/2022,2022,47.542169,-120.293332,LMR,LMR - Lower Methow River at Pateros,2022-08-27 21:57:04,2022-08-27 21:57:16,1
3DD.003E215DE0,Rocky Reach Forebay,8/19/2022,2022,47.542169,-120.293332,MRC,MRC - Methow River at Carlton,2022-08-31 04:09:26,2022-08-31 04:09:26,1
3DD.003E215DE0,Rocky Reach Forebay,8/19/2022,2022,47.542169,-120.293332,WEA,"WEA - Wells Dam, DCPUD Adult Ladders",2022-08-22 07:18:37,2022-08-26 03:43:09,1
3DD.003E215DE2,Rocky Reach Forebay,8/19/2022,2022,47.542169,-120.293332,ENL,ENL - Lower Entiat River,2023-06-08 20:50:44,2023-06-23 15:14:15,1
3DD.003E215DE5,Rocky Reach Forebay,8/19/2022,2022,47.542169,-120.293332,WEA,"WEA - Wells Dam, DCPUD Adult Ladders",2022-08-30 23:37:48,2022-08-31 03:34:44,1
3DD.003E215DE9,Rocky Reach Forebay,8/19/2022,2022,47.542169,-120.293332,WEA,"WEA - Wells Dam, DCPUD Adult Ladders",2023-06-27 07:26:50,2023-06-27 07:28:31,1
3DD.003E215DEB,Rocky Reach Forebay,8/19/2022,2022,47.542169,-120.293332,WEA,"WEA - Wells Dam, DCPUD Adult Ladders",2022-09-04 22:28:59,2022-09-05 04:23:51,1
3DD.003E215DED,Rocky Reach Forebay,8/19/2022,2022,47.542169,-120.293332,ENA,ENA - Upper Entiat River at rkm 17.1,2022-08-23 00:23:41,2022-08-23 00:24:33,1
3DD.003E215DED,Rocky Reach Forebay,8/19/2022,2022,47.542169,-120.293332,ENL,ENL - Lower Entiat River,2022-08-19 22:53:40,2022-08-19 22:54:03,1
3DD.003E215DF0,Rocky Reach Forebay,8/19/2022,2022,47.542169,-120.293332,CML,CML - Chewuch River Middle Lower,2023-06-24 23:44:34,2023-06-24 23:44:34,1
3DD.003E215DF0,Rocky Reach Forebay,8/19/2022,2022,47.542169,-120.293332,CRU,CRU - Upper Chewuch Instream Array,2023-06-29 03:11:46,2023-06-29 03:11:57,1
3DD.003E215DF0,Rocky Reach Forebay,8/19/2022,2022,47.542169,-120.293332,WEA,"WEA - Wells Dam, DCPUD Adult Ladders",2023-05-20 15:43:43,2023-05-20 15:47:18,1
3DD.003E215DF3,Rocky Reach Forebay,8/19/2022,2022,47.542169,-120.293332,WEH,WEH - Wells Dam Hatchery,2022-09-18 05:00:30,2023-01-10 03:43:31,1
3DD.003E215DF5,Rocky Reach Forebay,8/19/2022,2022,47.542169,-120.293332,WEA,"WEA - Wells Dam, DCPUD Adult Ladders",2022-09-01 03:27:47,2022-09-01 07:31:50,1
3DD.003E215DF7,Rocky Reach Forebay,8/19/2022,2022,47.542169,-120.293332,ENL,ENL - Lower Entiat River,2023-06-18 12:06:21,2023-06-25 14:24:05,1
3DD.003E215DFA,Rocky Reach Forebay,8/19/2022,2022,47.542169,-120.293332,MRC,MRC - Methow River at Carlton,2022-08-31 21:35:51,2022-08-31 21:35:51,1
3DD.003E215DFA,Rocky Reach Forebay,8/19/2022,2022,47.542169,-120.293332,WEA,"WEA - Wells Dam, DCPUD Adult Ladders",2022-08-25 21:13:09,2022-08-26 03:21:48,1
3DD.003E215DFF,Rocky Reach Forebay,8/19/2022,2022,47.542169,-120.293332,LMR,LMR - Lower Methow River at Pateros,2022-09-03 21:28:37,2022-09-03 21:28:37,1
3DD.003E215DFF,Rocky Reach Forebay,8/19/2022,2022,47.542169,-120.293332,WEA,"WEA - Wells Dam, DCPUD Adult Ladders",2022-09-02 00:27:03,2022-09-02 03:44:23,1
3DD.003E215E00,Rocky Reach Forebay,8/19/2022,2022,47.542169,-120.293332,CML,CML - Chewuch River Middle Lower,2023-04-27 01:37:55,2023-04-27 01:37:55,1
3DD.003E215E00,Rocky Reach Forebay,8/19/2022,2022,47.542169,-120.293332,CMU,CMU - Chewuch River Middle Upper,2023-04-27 03:41:23,2023-04-27 03:41:23,1
3DD.003E215E00,Rocky Reach Forebay,8/19/2022,2022,47.542169,-120.293332,CRW,CRW - Chewuch River above Winthrop,2023-04-25 20:35:17,2023-04-25 20:39:29,1
3DD.003E215E00,Rocky Reach Forebay,8/19/2022,2022,47.542169,-120.293332,LMR,LMR - Lower Methow River at Pateros,2022-08-25 03:15:32,2022-08-25 03:15:32,1
3DD.003E215E00,Rocky Reach Forebay,8/19/2022,2022,47.542169,-120.293332,WEA,"WEA - Wells Dam, DCPUD Adult Ladders",2022-08-23 04:29:37,2022-08-23 07:26:18,1
3DD.003E215E01,Rocky Reach Forebay,8/19/2022,2022,47.542169,-120.293332,RRJ,RRJ - Rocky Reach Dam Juvenile,2023-06-20 22:07:11,2023-06-20 22:07:11,1
3DD.003E215E03,Rocky Reach Forebay,8/19/2022,2022,47.542169,-120.293332,CML,CML - Chewuch River Middle Lower,2022-09-04 02:11:09,2023-06-06 20:32:22,1
3DD.003E215E03,Rocky Reach Forebay,8/19/2022,2022,47.542169,-120.293332,CMU,CMU - Chewuch River Middle Upper,2022-09-04 02:47:37,2022-09-04 02:47:37,1
3DD.003E215E03,Rocky Reach Forebay,8/19/2022,2022,47.542169,-120.293332,CRW,CRW - Chewuch River above Winthrop,2022-09-03 20:34:25,2022-09-03 20:35:57,1
3DD.003E215E03,Rocky Reach Forebay,8/19/2022,2022,47.542169,-120.293332,LMR,LMR - Lower Methow River at Pateros,2022-08-27 21:35:28,2022-08-27 21:35:39,1
3DD.003E215E03,Rocky Reach Forebay,8/19/2022,2022,47.542169,-120.293332,MRC,MRC - Methow River at Carlton,2022-08-31 02:14:35,2022-08-31 02:14:35,1
3DD.003E215E03,Rocky Reach Forebay,8/19/2022,2022,47.542169,-120.293332,WEA,"WEA - Wells Dam, DCPUD Adult Ladders",2022-08-26 00:46:12,2022-08-26 06:22:50,1
3DD.003E215E09,Rocky Reach Forebay,8/19/2022,2022,47.542169,-120.293332,WEA,"WEA - Wells Dam, DCPUD Adult Ladders",2023-05-17 13:51:54,2023-05-17 13:51:54,1
3DD.003E215E0A,Rocky Reach Forebay,8/19/2022,2022,47.542169,-120.293332,CML,CML - Chewuch River Middle Lower,2022-09-04 02:41:13,2022-09-04 02:41:13,1
3DD.003E215E0A,Rocky Reach Forebay,8/19/2022,2022,47.542169,-120.293332,CMU,CMU - Chewuch River Middle Upper,2022-09-04 03:15:47,2022-09-04 03:15:47,1
3DD.003E215E0A,Rocky Reach Forebay,8/19/2022,2022,47.542169,-120.293332,CRU,CRU - Upper Chewuch Instream Array,2022-09-06 22:57:13,2023-06-22 16:18:59,1
3DD.003E215E0A,Rocky Reach Forebay,8/19/2022,2022,47.542169,-120.293332,CRW,CRW - Chewuch River above Winthrop,2022-09-03 21:52:56,2022-09-03 21:54:30,1
3DD.003E215E0A,Rocky Reach Forebay,8/19/2022,2022,47.542169,-120.293332,LMR,LMR - Lower Methow River at Pateros,2022-08-28 23:12:57,2022-08-28 23:12:57,1
3DD.003E215E0A,Rocky Reach Forebay,8/19/2022,2022,47.542169,-120.293332,MRC,MRC - Methow River at Carlton,2022-08-31 23:08:16,2022-08-31 23:08:16,1
3DD.003E215E0A,Rocky Reach Forebay,8/19/2022,2022,47.542169,-120.293332,WEA,"WEA - Wells Dam, DCPUD Adult Ladders",2022-08-25 23:04:07,2022-08-26 03:44:15,1
3DD.003E215E0B,Rocky Reach Forebay,8/19/2022,2022,47.542169,-120.293332,WEA,"WEA - Wells Dam, DCPUD Adult Ladders",2022-08-27 23:32:50,2022-08-28 22:03:57,1
3DD.003E215E73,Daroga State Park,8/12/2022,2022,47.711251,-120.208455,LMR,LMR - Lower Methow River at Pateros,2022-08-27 23:32:23,2022-08-27 23:32:35,1
3DD.003E215E73,Daroga State Park,8/12/2022,2022,47.711251,-120.208455,MRC,MRC - Methow River at Carlton,2022-08-31 23:58:10,2022-08-31 23:58:10,1
3DD.003E215E73,Daroga State Park,8/12/2022,2022,47.711251,-120.208455,WEA,"WEA - Wells Dam, DCPUD Adult Ladders",2022-08-26 03:46:12,2022-08-26 08:08:32,1
3DD.003E215E74,Rocky Reach Forebay,8/19/2022,2022,47.542169,-120.293332,WEA,"WEA - Wells Dam, DCPUD Adult Ladders",2022-08-31 23:18:13,2022-09-01 03:52:53,1
3DD.003E215E75,Daroga State Park,8/12/2022,2022,47.711251,-120.208455,OBF,OBF - Omak Creek below Mission Falls,2023-05-20 19:36:55,2023-05-21 20:35:22,1
3DD.003E215E75,Daroga State Park,8/12/2022,2022,47.711251,-120.208455,OMK,OMK - Omak Creek Instream Array,2023-05-12 23:57:35,2023-05-12 23:58:34,1
3DD.003E215E75,Daroga State Park,8/12/2022,2022,47.711251,-120.208455,WEA,"WEA - Wells Dam, DCPUD Adult Ladders",2022-09-07 06:27:19,2022-09-07 06:28:55,1
3DD.003E215E76,Rocky Reach Forebay,8/12/2022,2022,47.542169,-120.293332,CML,CML - Chewuch River Middle Lower,2022-08-29 02:14:23,2022-08-29 02:14:23,1
3DD.003E215E76,Rocky Reach Forebay,8/12/2022,2022,47.542169,-120.293332,CMU,CMU - Chewuch River Middle Upper,2022-08-29 02:55:16,2022-08-29 02:55:16,1
3DD.003E215E76,Rocky Reach Forebay,8/12/2022,2022,47.542169,-120.293332,CRW,CRW - Chewuch River above Winthrop,2022-08-28 21:18:31,2022-08-28 21:20:10,1
3DD.003E215E76,Rocky Reach Forebay,8/12/2022,2022,47.542169,-120.293332,LMR,LMR - Lower Methow River at Pateros,2022-08-22 22:50:02,2022-08-22 22:50:02,1
3DD.003E215E76,Rocky Reach Forebay,8/12/2022,2022,47.542169,-120.293332,MRC,MRC - Methow River at Carlton,2022-08-24 23:49:34,2022-08-24 23:49:34,1
3DD.003E215E76,Rocky Reach Forebay,8/12/2022,2022,47.542169,-120.293332,WEA,"WEA - Wells Dam, DCPUD Adult Ladders",2022-08-21 03:13:12,2022-08-21 07:06:55,1
3DD.003E215E79,Daroga State Park,8/12/2022,2022,47.711251,-120.208455,WEA,"WEA - Wells Dam, DCPUD Adult Ladders",2022-08-31 00:07:14,2022-08-31 04:45:55,1
3DD.003E215E7B,Rocky Reach Forebay,8/12/2022,2022,47.542169,-120.293332,WEA,"WEA - Wells Dam, DCPUD Adult Ladders",2022-09-19 23:02:56,2022-09-19 23:02:56,1
3DD.003E215E7C,Rocky Reach Forebay,8/19/2022,2022,47.542169,-120.293332,CML,CML - Chewuch River Middle Lower,2022-08-30 04:08:21,2022-08-30 04:08:21,1
3DD.003E215E7C,Rocky Reach Forebay,8/19/2022,2022,47.542169,-120.293332,CMU,CMU - Chewuch River Middle Upper,2022-08-30 20:16:58,2022-08-30 20:16:58,1
3DD.003E215E7C,Rocky Reach Forebay,8/19/2022,2022,47.542169,-120.293332,CRU,CRU - Upper Chewuch Instream Array,2022-09-01 22:35:07,2022-09-01 22:35:13,1
3DD.003E215E7C,Rocky Reach Forebay,8/19/2022,2022,47.542169,-120.293332,CRW,CRW - Chewuch River above Winthrop,2022-08-29 23:49:54,2022-08-29 23:51:34,1
3DD.003E215E7C,Rocky Reach Forebay,8/19/2022,2022,47.542169,-120.293332,LMR,LMR - Lower Methow River at Pateros,2022-08-24 11:01:17,2022-08-24 11:01:26,1
3DD.003E215E7C,Rocky Reach Forebay,8/19/2022,2022,47.542169,-120.293332,MRC,MRC - Methow River at Carlton,2022-08-26 21:19:38,2022-08-26 21:19:38,1
3DD.003E215E7C,Rocky Reach Forebay,8/19/2022,2022,47.542169,-120.293332,WEA,"WEA - Wells Dam, DCPUD Adult Ladders",2022-08-22 21:56:35,2022-08-23 01:36:29,1
3DD.003E215E7D,Daroga State Park,8/12/2022,2022,47.711251,-120.208455,CML,CML - Chewuch River Middle Lower,2022-09-02 21:07:42,2022-09-02 21:07:42,1
3DD.003E215E7D,Daroga State Park,8/12/2022,2022,47.711251,-120.208455,CMU,CMU - Chewuch River Middle Upper,2022-09-02 21:42:14,2023-06-04 09:45:32,1
3DD.003E215E7D,Daroga State Park,8/12/2022,2022,47.711251,-120.208455,CRW,CRW - Chewuch River above Winthrop,2022-09-02 01:18:03,2022-09-02 01:19:36,1
3DD.003E215E7D,Daroga State Park,8/12/2022,2022,47.711251,-120.208455,MRC,MRC - Methow River at Carlton,2022-08-29 23:44:39,2022-08-29 23:44:39,1
3DD.003E215E7D,Daroga State Park,8/12/2022,2022,47.711251,-120.208455,WEA,"WEA - Wells Dam, DCPUD Adult Ladders",2022-08-25 03:11:35,2022-08-25 07:56:28,1
3DD.003E215E7F,Rocky Reach Forebay,8/12/2022,2022,47.542169,-120.293332,LMR,LMR - Lower Methow River at Pateros,2022-09-13 00:02:28,2022-09-13 00:02:28,1
3DD.003E215E7F,Rocky Reach Forebay,8/12/2022,2022,47.542169,-120.293332,MRC,MRC - Methow River at Carlton,2022-09-27 00:44:28,2022-09-27 00:44:28,1
3DD.003E215E7F,Rocky Reach Forebay,8/12/2022,2022,47.542169,-120.293332,WEA,"WEA - Wells Dam, DCPUD Adult Ladders",2022-09-08 06:42:24,2022-09-08 12:45:22,1
3DD.003E215E81,Rocky Reach Forebay,8/12/2022,2022,47.542169,-120.293332,WEA,"WEA - Wells Dam, DCPUD Adult Ladders",2022-08-31 23:39:57,2022-09-02 01:17:33,1
3DD.003E215E84,Rocky Reach Forebay,8/12/2022,2022,47.542169,-120.293332,WEH,WEH - Wells Dam Hatchery,2022-08-26 01:53:24,2022-08-26 03:56:14,1
3DD.003E215E86,Rocky Reach Forebay,8/12/2022,2022,47.542169,-120.293332,LMR,LMR - Lower Methow River at Pateros,2022-09-03 22:57:55,2022-09-03 22:57:55,1
3DD.003E215E86,Rocky Reach Forebay,8/12/2022,2022,47.542169,-120.293332,MRC,MRC - Methow River at Carlton,2022-09-06 19:45:28,2022-09-06 19:45:28,1
3DD.003E215E86,Rocky Reach Forebay,8/12/2022,2022,47.542169,-120.293332,WEA,"WEA - Wells Dam, DCPUD Adult Ladders",2022-09-02 02:25:54,2022-09-02 08:30:04,1
3DD.003E215E87,Rocky Reach Forebay,8/19/2022,2022,47.542169,-120.293332,ENL,ENL - Lower Entiat River,2022-08-19 22:19:36,2022-08-19 22:19:57,1
3DD.003E215E88,Rocky Reach Forebay,8/12/2022,2022,47.542169,-120.293332,LMR,LMR - Lower Methow River at Pateros,2022-08-25 02:13:17,2022-08-25 02:13:17,1
3DD.003E215E88,Rocky Reach Forebay,8/12/2022,2022,47.542169,-120.293332,MRC,MRC - Methow River at Carlton,2023-05-29 21:49:18,2023-05-29 21:49:18,1
3DD.003E215E88,Rocky Reach Forebay,8/12/2022,2022,47.542169,-120.293332,WEA,"WEA - Wells Dam, DCPUD Adult Ladders",2022-08-22 04:33:05,2022-08-22 10:03:34,1
3DD.003E215E8A,Rocky Reach Forebay,8/12/2022,2022,47.542169,-120.293332,WEA,"WEA - Wells Dam, DCPUD Adult Ladders",2022-09-02 22:12:43,2022-09-02 22:12:58,1
3DD.003E215E8B,Daroga State Park,8/12/2022,2022,47.711251,-120.208455,CRW,CRW - Chewuch River above Winthrop,2022-08-28 21:10:23,2022-08-28 21:11:50,1
3DD.003E215E8B,Daroga State Park,8/12/2022,2022,47.711251,-120.208455,MRC,MRC - Methow River at Carlton,2022-08-25 00:33:20,2022-08-25 00:33:20,1
3DD.003E215E8B,Daroga State Park,8/12/2022,2022,47.711251,-120.208455,WEA,"WEA - Wells Dam, DCPUD Adult Ladders",2022-08-21 16:03:03,2022-08-21 16:06:24,1
3DD.003E215E8D,Daroga State Park,8/12/2022,2022,47.711251,-120.208455,CML,CML - Chewuch River Middle Lower,2022-08-28 23:07:16,2022-08-28 23:07:16,1
3DD.003E215E8D,Daroga State Park,8/12/2022,2022,47.711251,-120.208455,CMU,CMU - Chewuch River Middle Upper,2022-08-28 23:50:12,2022-08-28 23:50:12,1
3DD.003E215E8D,Daroga State Park,8/12/2022,2022,47.711251,-120.208455,CRW,CRW - Chewuch River above Winthrop,2022-08-28 00:10:18,2022-08-28 00:10:18,1
3DD.003E215E8D,Daroga State Park,8/12/2022,2022,47.711251,-120.208455,MRC,MRC - Methow River at Carlton,2022-08-24 21:21:41,2022-08-24 21:21:41,1
3DD.003E215E8D,Daroga State Park,8/12/2022,2022,47.711251,-120.208455,WEA,"WEA - Wells Dam, DCPUD Adult Ladders",2022-08-17 22:46:02,2022-08-18 04:00:04,1
3DD.003E215E8E,Rocky Reach Forebay,8/19/2022,2022,47.542169,-120.293332,LMR,LMR - Lower Methow River at Pateros,2022-08-28 00:54:04,2022-08-28 00:54:21,1
3DD.003E215E8E,Rocky Reach Forebay,8/19/2022,2022,47.542169,-120.293332,WEA,"WEA - Wells Dam, DCPUD Adult Ladders",2022-08-26 04:31:17,2022-08-26 20:12:27,1
3DD.003E215E92,Rocky Reach Forebay,8/12/2022,2022,47.542169,-120.293332,CML,CML - Chewuch River Middle Lower,2022-08-29 20:53:32,2022-08-29 20:53:32,1
3DD.003E215E92,Rocky Reach Forebay,8/12/2022,2022,47.542169,-120.293332,CMU,CMU - Chewuch River Middle Upper,2022-08-29 21:33:55,2022-08-29 21:33:55,1
3DD.003E215E92,Rocky Reach Forebay,8/12/2022,2022,47.542169,-120.293332,CRU,CRU - Upper Chewuch Instream Array,2023-06-05 23:33:47,2023-06-05 23:33:47,1
3DD.003E215E92,Rocky Reach Forebay,8/12/2022,2022,47.542169,-120.293332,CRW,CRW - Chewuch River above Winthrop,2022-08-29 00:03:21,2022-08-29 00:05:22,1
3DD.003E215E92,Rocky Reach Forebay,8/12/2022,2022,47.542169,-120.293332,LMR,LMR - Lower Methow River at Pateros,2022-08-22 21:35:44,2022-08-22 21:35:44,1
3DD.003E215E92,Rocky Reach Forebay,8/12/2022,2022,47.542169,-120.293332,MRC,MRC - Methow River at Carlton,2022-08-25 03:02:59,2022-08-25 03:02:59,1
3DD.003E215E92,Rocky Reach Forebay,8/12/2022,2022,47.542169,-120.293332,WEA,"WEA - Wells Dam, DCPUD Adult Ladders",2022-08-20 22:41:28,2022-08-21 05:34:07,1
3DD.003E215E93,Rocky Reach Forebay,8/19/2022,2022,47.542169,-120.293332,LMR,LMR - Lower Methow River at Pateros,2022-09-09 02:15:51,2022-09-09 02:15:51,1
3DD.003E215E93,Rocky Reach Forebay,8/19/2022,2022,47.542169,-120.293332,MRC,MRC - Methow River at Carlton,2022-09-18 00:02:12,2022-09-18 00:02:12,1
3DD.003E215E93,Rocky Reach Forebay,8/19/2022,2022,47.542169,-120.293332,WEA,"WEA - Wells Dam, DCPUD Adult Ladders",2022-09-07 21:04:49,2022-09-08 01:07:24,1
3DD.003E215E94,Rocky Reach Forebay,8/12/2022,2022,47.542169,-120.293332,ENL,ENL - Lower Entiat River,2023-06-12 11:09:39,2023-06-15 01:17:53,1
3DD.003E215E96,Rocky Reach Forebay,8/12/2022,2022,47.542169,-120.293332,LMR,LMR - Lower Methow River at Pateros,2022-08-30 23:54:02,2022-08-30 23:54:02,1
3DD.003E215E96,Rocky Reach Forebay,8/12/2022,2022,47.542169,-120.293332,WEA,"WEA - Wells Dam, DCPUD Adult Ladders",2022-08-28 02:45:01,2022-08-28 20:18:49,1
3DD.003E215E98,Daroga State Park,8/12/2022,2022,47.711251,-120.208455,OKL,OKL - Lower Okanogan Instream Array,2023-05-06 13:53:43,2023-05-06 13:53:54,1
3DD.003E215E98,Daroga State Park,8/12/2022,2022,47.711251,-120.208455,WEA,"WEA - Wells Dam, DCPUD Adult Ladders",2022-08-23 01:32:32,2022-08-23 05:08:08,1
3DD.003E215E9D,Daroga State Park,8/12/2022,2022,47.711251,-120.208455,WEA,"WEA - Wells Dam, DCPUD Adult Ladders",2022-08-26 23:22:09,2022-08-27 01:50:23,1
3DD.003E215E9E,Daroga State Park,8/12/2022,2022,47.711251,-120.208455,LMR,LMR - Lower Methow River at Pateros,2022-08-28 01:17:33,2022-08-28 01:17:42,1
3DD.003E215E9E,Daroga State Park,8/12/2022,2022,47.711251,-120.208455,MRC,MRC - Methow River at Carlton,2022-08-31 03:13:37,2022-08-31 03:13:37,1
3DD.003E215E9E,Daroga State Park,8/12/2022,2022,47.711251,-120.208455,WEA,"WEA - Wells Dam, DCPUD Adult Ladders",2022-08-26 00:42:05,2022-08-26 04:48:06,1
3DD.003E215EA3,Daroga State Park,8/12/2022,2022,47.711251,-120.208455,WEA,"WEA - Wells Dam, DCPUD Adult Ladders",2022-08-15 00:53:15,2022-08-15 04:55:34,1
3DD.003E215EA4,Rocky Reach Forebay,8/12/2022,2022,47.542169,-120.293332,WEA,"WEA - Wells Dam, DCPUD Adult Ladders",2022-09-02 01:26:36,2022-09-02 04:38:24,1
3DD.003E215EAC,Daroga State Park,8/12/2022,2022,47.711251,-120.208455,WEA,"WEA - Wells Dam, DCPUD Adult Ladders",2022-08-18 03:02:44,2022-08-18 06:23:29,1
3DD.003E215EAE,Rocky Reach Forebay,8/12/2022,2022,47.542169,-120.293332,WEA,"WEA - Wells Dam, DCPUD Adult Ladders",2023-08-03 00:02:07,2023-08-03 01:03:54,1
3DD.003E215EAF,Rocky Reach Forebay,8/12/2022,2022,47.542169,-120.293332,CML,CML - Chewuch River Middle Lower,2022-08-31 00:02:55,2022-08-31 00:02:55,1
3DD.003E215EAF,Rocky Reach Forebay,8/12/2022,2022,47.542169,-120.293332,CMU,CMU - Chewuch River Middle Upper,2022-08-31 00:38:25,2022-08-31 00:38:25,1
3DD.003E215EAF,Rocky Reach Forebay,8/12/2022,2022,47.542169,-120.293332,CRU,CRU - Upper Chewuch Instream Array,2022-09-02 02:45:39,2022-09-02 02:45:46,1
3DD.003E215EAF,Rocky Reach Forebay,8/12/2022,2022,47.542169,-120.293332,CRW,CRW - Chewuch River above Winthrop,2022-08-30 03:22:06,2022-08-30 03:23:23,1
3DD.003E215EAF,Rocky Reach Forebay,8/12/2022,2022,47.542169,-120.293332,LMR,LMR - Lower Methow River at Pateros,2022-08-24 13:48:00,2022-08-24 13:48:00,1
3DD.003E215EAF,Rocky Reach Forebay,8/12/2022,2022,47.542169,-120.293332,MRC,MRC - Methow River at Carlton,2022-08-27 03:40:33,2022-08-27 03:40:33,1
3DD.003E215EAF,Rocky Reach Forebay,8/12/2022,2022,47.542169,-120.293332,WEA,"WEA - Wells Dam, DCPUD Adult Ladders",2022-08-23 08:40:44,2022-08-23 19:15:33,1
3DD.003E215EB0,Rocky Reach Forebay,8/12/2022,2022,47.542169,-120.293332,LMR,LMR - Lower Methow River at Pateros,2022-09-03 03:08:24,2022-09-03 03:08:40,1
3DD.003E215EB0,Rocky Reach Forebay,8/12/2022,2022,47.542169,-120.293332,MRC,MRC - Methow River at Carlton,2022-09-06 22:31:40,2022-09-06 22:31:40,1
3DD.003E215EB0,Rocky Reach Forebay,8/12/2022,2022,47.542169,-120.293332,WEA,"WEA - Wells Dam, DCPUD Adult Ladders",2022-09-01 07:20:10,2022-09-01 21:26:40,1
3DD.003E215EB2,Rocky Reach Forebay,8/12/2022,2022,47.542169,-120.293332,MRC,MRC - Methow River at Carlton,2022-08-28 01:36:31,2022-08-28 01:36:31,1
3DD.003E215EB2,Rocky Reach Forebay,8/12/2022,2022,47.542169,-120.293332,MRW,MRW - Methow River at Winthrop,2022-08-31 23:21:35,2022-08-31 23:21:35,1
3DD.003E215EB2,Rocky Reach Forebay,8/12/2022,2022,47.542169,-120.293332,WEA,"WEA - Wells Dam, DCPUD Adult Ladders",2022-08-23 23:35:03,2022-08-23 23:37:28,1
3DD.003E215EB5,Rocky Reach Forebay,8/12/2022,2022,47.542169,-120.293332,WEA,"WEA - Wells Dam, DCPUD Adult Ladders",2022-08-28 22:52:48,2022-08-28 22:56:40,1
3DD.003E215EB6,Daroga State Park,8/12/2022,2022,47.711251,-120.208455,CML,CML - Chewuch River Middle Lower,2023-04-28 02:27:05,2023-05-02 16:23:12,1
3DD.003E215EB6,Daroga State Park,8/12/2022,2022,47.711251,-120.208455,CMU,CMU - Chewuch River Middle Upper,2023-05-03 17:28:33,2023-05-03 17:28:36,1
3DD.003E215EB6,Daroga State Park,8/12/2022,2022,47.711251,-120.208455,CRW,CRW - Chewuch River above Winthrop,2023-04-26 21:50:28,2023-04-26 21:53:15,1
3DD.003E215EB6,Daroga State Park,8/12/2022,2022,47.711251,-120.208455,WEA,"WEA - Wells Dam, DCPUD Adult Ladders",2022-08-24 02:35:43,2022-08-24 06:41:05,1
3DD.003E215EB9,Rocky Reach Forebay,8/12/2022,2022,47.542169,-120.293332,OKL,OKL - Lower Okanogan Instream Array,2022-09-06 02:56:51,2022-09-06 02:57:02,1
3DD.003E215EB9,Rocky Reach Forebay,8/12/2022,2022,47.542169,-120.293332,WEA,"WEA - Wells Dam, DCPUD Adult Ladders",2022-09-01 21:50:18,2022-09-02 04:36:37,1
3DD.003E215EBA,Daroga State Park,8/12/2022,2022,47.711251,-120.208455,WEA,"WEA - Wells Dam, DCPUD Adult Ladders",2022-08-13 23:01:56,2022-08-14 02:37:57,1
3DD.003E215EBF,Daroga State Park,8/12/2022,2022,47.711251,-120.208455,LMR,LMR - Lower Methow River at Pateros,2022-08-25 06:32:42,2022-08-25 06:32:42,1
3DD.003E215EBF,Daroga State Park,8/12/2022,2022,47.711251,-120.208455,WEA,"WEA - Wells Dam, DCPUD Adult Ladders",2022-08-23 21:24:55,2022-08-24 02:37:24,1
3DD.003E215EC1,Rocky Reach Forebay,8/19/2022,2022,47.542169,-120.293332,ENL,ENL - Lower Entiat River,2023-06-15 22:13:39,2023-06-22 03:44:46,1
3DD.003E215EC3,Daroga State Park,8/12/2022,2022,47.711251,-120.208455,CML,CML - Chewuch River Middle Lower,2022-08-28 01:20:26,2023-06-13 16:07:34,1
3DD.003E215EC3,Daroga State Park,8/12/2022,2022,47.711251,-120.208455,CMU,CMU - Chewuch River Middle Upper,2022-08-28 01:55:57,2022-08-28 01:55:57,1
3DD.003E215EC3,Daroga State Park,8/12/2022,2022,47.711251,-120.208455,CRW,CRW - Chewuch River above Winthrop,2022-08-27 20:41:31,2023-06-15 01:35:30,1
3DD.003E215EC3,Daroga State Park,8/12/2022,2022,47.711251,-120.208455,MRC,MRC - Methow River at Carlton,2022-08-24 21:09:35,2022-08-24 21:09:35,1
3DD.003E215EC3,Daroga State Park,8/12/2022,2022,47.711251,-120.208455,WEA,"WEA - Wells Dam, DCPUD Adult Ladders",2022-08-18 07:17:14,2022-08-18 07:19:30,1
3DD.003E215EC7,Rocky Reach Forebay,8/12/2022,2022,47.542169,-120.293332,ENL,ENL - Lower Entiat River,2023-06-13 01:58:08,2023-06-26 22:34:26,1
3DD.003E215EC8,Rocky Reach Forebay,8/12/2022,2022,47.542169,-120.293332,MRC,MRC - Methow River at Carlton,2022-08-31 00:06:07,2022-08-31 00:06:07,1
3DD.003E215EC8,Rocky Reach Forebay,8/12/2022,2022,47.542169,-120.293332,WEA,"WEA - Wells Dam, DCPUD Adult Ladders",2022-08-24 03:14:46,2022-08-24 08:42:18,1
3DD.003E215ECA,Daroga State Park,8/12/2022,2022,47.711251,-120.208455,CRW,CRW - Chewuch River above Winthrop,2022-08-30 23:16:18,2022-08-30 23:17:59,1
3DD.003E215ECA,Daroga State Park,8/12/2022,2022,47.711251,-120.208455,LMR,LMR - Lower Methow River at Pateros,2022-08-24 03:22:02,2022-08-24 03:22:02,1
3DD.003E215ECA,Daroga State Park,8/12/2022,2022,47.711251,-120.208455,MRC,MRC - Methow River at Carlton,2022-08-26 23:36:41,2022-08-26 23:36:41,1
3DD.003E215ECA,Daroga State Park,8/12/2022,2022,47.711251,-120.208455,WEA,"WEA - Wells Dam, DCPUD Adult Ladders",2022-08-16 03:45:35,2022-08-17 01:42:39,1
3DD.003E215ECD,Rocky Reach Forebay,8/12/2022,2022,47.542169,-120.293332,WEA,"WEA - Wells Dam, DCPUD Adult Ladders",2022-08-25 02:15:53,2022-08-25 05:36:47,1
3DD.003E215ECE,Rocky Reach Forebay,8/12/2022,2022,47.542169,-120.293332,LMR,LMR - Lower Methow River at Pateros,2022-08-26 22:30:27,2022-08-26 22:30:27,1
3DD.003E215ECE,Rocky Reach Forebay,8/12/2022,2022,47.542169,-120.293332,WEA,"WEA - Wells Dam, DCPUD Adult Ladders",2022-08-25 01:58:07,2022-08-25 05:31:37,1
3DD.003E215ED0,Daroga State Park,8/12/2022,2022,47.711251,-120.208455,LMR,LMR - Lower Methow River at Pateros,2022-09-02 21:55:16,2022-09-02 21:55:16,1
3DD.003E215ED0,Daroga State Park,8/12/2022,2022,47.711251,-120.208455,MRC,MRC - Methow River at Carlton,2022-09-06 22:19:49,2022-09-06 22:19:49,1
3DD.003E215ED0,Daroga State Park,8/12/2022,2022,47.711251,-120.208455,WEA,"WEA - Wells Dam, DCPUD Adult Ladders",2022-09-01 02:31:33,2022-09-01 06:09:10,1
3DD.003E215ED3,Daroga State Park,8/12/2022,2022,47.711251,-120.208455,OBF,OBF - Omak Creek below Mission Falls,2023-05-18 19:43:41,2023-05-20 20:07:55,1
3DD.003E215ED3,Daroga State Park,8/12/2022,2022,47.711251,-120.208455,OMK,OMK - Omak Creek Instream Array,2023-05-06 10:32:31,2023-05-06 10:41:19,1
3DD.003E215ED3,Daroga State Park,8/12/2022,2022,47.711251,-120.208455,WEA,"WEA - Wells Dam, DCPUD Adult Ladders",2022-11-03 08:08:45,2022-11-03 08:09:17,1
3DD.003E215ED4,Rocky Reach Forebay,8/12/2022,2022,47.542169,-120.293332,CML,CML - Chewuch River Middle Lower,2022-09-02 03:04:38,2022-09-02 03:04:38,1
3DD.003E215ED4,Rocky Reach Forebay,8/12/2022,2022,47.542169,-120.293332,CMU,CMU - Chewuch River Middle Upper,2022-09-02 03:42:44,2022-09-02 03:42:44,1
3DD.003E215ED4,Rocky Reach Forebay,8/12/2022,2022,47.542169,-120.293332,CRW,CRW - Chewuch River above Winthrop,2022-09-01 21:51:30,2022-09-01 21:52:58,1
3DD.003E215ED4,Rocky Reach Forebay,8/12/2022,2022,47.542169,-120.293332,LMR,LMR - Lower Methow River at Pateros,2022-08-22 23:04:30,2022-08-22 23:04:30,1
3DD.003E215ED4,Rocky Reach Forebay,8/12/2022,2022,47.542169,-120.293332,MRC,MRC - Methow River at Carlton,2022-08-25 03:18:53,2022-08-25 03:18:53,1
3DD.003E215ED4,Rocky Reach Forebay,8/12/2022,2022,47.542169,-120.293332,WEA,"WEA - Wells Dam, DCPUD Adult Ladders",2022-08-20 23:56:59,2022-08-21 04:38:01,1
3DD.003E215F9F,Daroga State Park,8/12/2022,2022,47.711251,-120.208455,WEA,"WEA - Wells Dam, DCPUD Adult Ladders",2022-08-23 03:58:22,2022-08-23 04:02:16,1
3DD.003E215FA5,Rocky Reach Forebay,8/5/2022,2022,47.542169,-120.293332,LMR,LMR - Lower Methow River at Pateros,2022-08-22 23:19:37,2022-08-22 23:19:37,1
3DD.003E215FA5,Rocky Reach Forebay,8/5/2022,2022,47.542169,-120.293332,WEA,"WEA - Wells Dam, DCPUD Adult Ladders",2022-08-21 03:17:58,2022-08-21 08:02:34,1
3DD.003E215FA7,Rocky Reach Forebay,8/5/2022,2022,47.542169,-120.293332,LMR,LMR - Lower Methow River at Pateros,2022-08-24 03:42:38,2022-08-24 03:42:38,1
3DD.003E215FA7,Rocky Reach Forebay,8/5/2022,2022,47.542169,-120.293332,WEA,"WEA - Wells Dam, DCPUD Adult Ladders",2022-08-23 01:47:00,2022-08-23 01:48:26,1
3DD.003E215FA8,Rocky Reach Forebay,8/5/2022,2022,47.542169,-120.293332,CML,CML - Chewuch River Middle Lower,2022-08-21 00:49:57,2022-08-21 00:49:57,1
3DD.003E215FA8,Rocky Reach Forebay,8/5/2022,2022,47.542169,-120.293332,CMU,CMU - Chewuch River Middle Upper,2022-08-21 01:18:37,2022-08-21 01:18:37,1
3DD.003E215FA8,Rocky Reach Forebay,8/5/2022,2022,47.542169,-120.293332,CRU,CRU - Upper Chewuch Instream Array,2022-08-23 01:43:40,2022-08-23 01:43:47,1
3DD.003E215FA8,Rocky Reach Forebay,8/5/2022,2022,47.542169,-120.293332,CRW,CRW - Chewuch River above Winthrop,2022-08-20 21:07:22,2022-08-20 21:08:54,1
3DD.003E215FA8,Rocky Reach Forebay,8/5/2022,2022,47.542169,-120.293332,LMR,LMR - Lower Methow River at Pateros,2022-08-13 02:48:54,2022-08-13 02:49:00,1
3DD.003E215FA8,Rocky Reach Forebay,8/5/2022,2022,47.542169,-120.293332,MRC,MRC - Methow River at Carlton,2022-08-17 00:17:19,2022-08-17 00:17:19,1
3DD.003E215FA8,Rocky Reach Forebay,8/5/2022,2022,47.542169,-120.293332,WEA,"WEA - Wells Dam, DCPUD Adult Ladders",2022-08-10 22:30:48,2022-08-11 03:17:11,1
3DD.003E215FAA,Rocky Reach Forebay,8/12/2022,2022,47.542169,-120.293332,ENL,ENL - Lower Entiat River,2023-05-01 19:43:12,2023-06-25 23:20:22,1
3DD.003E215FAB,Rocky Reach Forebay,8/12/2022,2022,47.542169,-120.293332,RRF,RRF - Rocky Reach Fishway,2022-08-27 05:42:32,2022-08-27 05:50:24,1
3DD.003E215FAB,Rocky Reach Forebay,8/12/2022,2022,47.542169,-120.293332,WEA,"WEA - Wells Dam, DCPUD Adult Ladders",2022-09-02 02:59:42,2022-09-02 08:29:15,1
3DD.003E215FB0,Daroga State Park,8/12/2022,2022,47.711251,-120.208455,MRC,MRC - Methow River at Carlton,2022-09-06 20:26:36,2022-09-06 20:26:36,1
3DD.003E215FB0,Daroga State Park,8/12/2022,2022,47.711251,-120.208455,WEA,"WEA - Wells Dam, DCPUD Adult Ladders",2022-08-25 09:24:35,2022-08-30 03:59:38,1
3DD.003E215FB2,Rocky Reach Forebay,8/5/2022,2022,47.542169,-120.293332,LMR,LMR - Lower Methow River at Pateros,2022-08-20 23:29:56,2022-08-20 23:30:06,1
3DD.003E215FB2,Rocky Reach Forebay,8/5/2022,2022,47.542169,-120.293332,MRC,MRC - Methow River at Carlton,2022-08-24 19:44:38,2022-08-24 19:44:38,1
3DD.003E215FB2,Rocky Reach Forebay,8/5/2022,2022,47.542169,-120.293332,WEA,"WEA - Wells Dam, DCPUD Adult Ladders",2022-08-18 21:34:51,2022-08-19 02:44:21,1
3DD.003E215FB6,Rocky Reach Forebay,8/5/2022,2022,47.542169,-120.293332,WEH,WEH - Wells Dam Hatchery,2022-08-29 00:08:38,2022-09-06 22:33:22,1
3DD.003E215FB7,Daroga State Park,8/12/2022,2022,47.711251,-120.208455,MRC,MRC - Methow River at Carlton,2022-08-21 22:24:20,2022-08-21 22:24:20,1
3DD.003E215FB7,Daroga State Park,8/12/2022,2022,47.711251,-120.208455,WEA,"WEA - Wells Dam, DCPUD Adult Ladders",2022-08-15 01:00:58,2022-08-15 05:39:34,1
3DD.003E215FBE,Daroga State Park,8/12/2022,2022,47.711251,-120.208455,MRW,MRW - Methow River at Winthrop,2022-08-26 02:13:08,2022-08-26 02:13:36,1
3DD.003E215FBE,Daroga State Park,8/12/2022,2022,47.711251,-120.208455,WEA,"WEA - Wells Dam, DCPUD Adult Ladders",2022-08-17 22:25:42,2022-08-18 02:18:22,1
3DD.003E215FC0,Daroga State Park,8/12/2022,2022,47.711251,-120.208455,LMR,LMR - Lower Methow River at Pateros,2022-09-20 03:08:09,2022-09-20 03:08:09,1
3DD.003E215FC0,Daroga State Park,8/12/2022,2022,47.711251,-120.208455,WEA,"WEA - Wells Dam, DCPUD Adult Ladders",2022-09-18 09:12:03,2022-09-18 09:44:08,1
3DD.003E215FC1,Rocky Reach Forebay,8/12/2022,2022,47.542169,-120.293332,WEA,"WEA - Wells Dam, DCPUD Adult Ladders",2022-08-15 08:53:03,2022-08-15 09:07:19,1
3DD.003E215FC7,Rocky Reach Forebay,8/12/2022,2022,47.542169,-120.293332,ENL,ENL - Lower Entiat River,2023-06-27 14:04:55,2023-06-30 12:55:50,1
3DD.003E215FC8,Daroga State Park,8/12/2022,2022,47.711251,-120.208455,WEH,WEH - Wells Dam Hatchery,2022-08-30 00:48:27,2022-08-31 02:31:03,1
3DD.003E215FCA,Daroga State Park,8/12/2022,2022,47.711251,-120.208455,LWE,LWE - Lower Wenatchee River,2022-08-21 01:45:05,2023-06-30 21:59:31,1
3DD.003E215FCA,Daroga State Park,8/12/2022,2022,47.711251,-120.208455,RIA,RIA - Rock Island Adult,2023-07-02 05:11:45,2023-07-02 07:14:24,1
3DD.003E215FCD,Rocky Reach Forebay,8/5/2022,2022,47.542169,-120.293332,LMR,LMR - Lower Methow River at Pateros,2022-08-28 21:36:56,2022-08-28 21:37:04,1
3DD.003E215FCD,Rocky Reach Forebay,8/5/2022,2022,47.542169,-120.293332,WEA,"WEA - Wells Dam, DCPUD Adult Ladders",2022-08-27 03:34:36,2022-08-27 03:38:14,1
3DD.003E215FD0,Daroga State Park,8/12/2022,2022,47.711251,-120.208455,LMR,LMR - Lower Methow River at Pateros,2022-08-25 09:47:42,2022-08-25 09:47:42,1
3DD.003E215FD0,Daroga State Park,8/12/2022,2022,47.711251,-120.208455,MRC,MRC - Methow River at Carlton,2022-08-29 01:13:25,2022-08-29 01:13:25,1
3DD.003E215FD0,Daroga State Park,8/12/2022,2022,47.711251,-120.208455,WEA,"WEA - Wells Dam, DCPUD Adult Ladders",2022-08-23 00:50:43,2022-08-23 04:49:44,1
3DD.003E215FD2,Daroga State Park,8/12/2022,2022,47.711251,-120.208455,LMR,LMR - Lower Methow River at Pateros,2022-08-24 11:07:01,2022-08-24 11:07:13,1
3DD.003E215FD2,Daroga State Park,8/12/2022,2022,47.711251,-120.208455,WEA,"WEA - Wells Dam, DCPUD Adult Ladders",2022-08-23 03:42:16,2022-08-23 03:43:13,1
3DD.003E215FD5,Daroga State Park,8/12/2022,2022,47.711251,-120.208455,WEH,WEH - Wells Dam Hatchery,2022-08-24 23:11:48,2022-08-25 03:11:06,1
3DD.003E215FD9,Daroga State Park,8/12/2022,2022,47.711251,-120.208455,LMR,LMR - Lower Methow River at Pateros,2023-05-04 20:58:24,2023-05-04 20:58:24,1
3DD.003E215FD9,Daroga State Park,8/12/2022,2022,47.711251,-120.208455,WEA,"WEA - Wells Dam, DCPUD Adult Ladders",2022-08-26 00:54:47,2022-08-26 06:22:59,1
3DD.003E215FDC,Daroga State Park,8/12/2022,2022,47.711251,-120.208455,LMR,LMR - Lower Methow River at Pateros,2022-08-18 23:53:08,2022-08-18 23:53:08,1
3DD.003E215FDC,Daroga State Park,8/12/2022,2022,47.711251,-120.208455,WEA,"WEA - Wells Dam, DCPUD Adult Ladders",2022-08-15 23:52:05,2022-08-16 03:44:07,1
3DD.003E215FDD,Daroga State Park,8/12/2022,2022,47.711251,-120.208455,LMR,LMR - Lower Methow River at Pateros,2022-08-18 00:25:25,2022-08-18 00:25:25,1
3DD.003E215FDD,Daroga State Park,8/12/2022,2022,47.711251,-120.208455,MRC,MRC - Methow River at Carlton,2022-08-22 01:02:35,2022-08-22 01:02:35,1
3DD.003E215FDD,Daroga State Park,8/12/2022,2022,47.711251,-120.208455,WEA,"WEA - Wells Dam, DCPUD Adult Ladders",2022-08-16 01:44:12,2022-08-16 02:00:11,1
3DD.003E215FE0,Daroga State Park,8/12/2022,2022,47.711251,-120.208455,WEA,"WEA - Wells Dam, DCPUD Adult Ladders",2022-08-26 08:46:32,2022-08-26 08:55:30,1
3DD.003E215FE2,Daroga State Park,8/12/2022,2022,47.711251,-120.208455,CML,CML - Chewuch River Middle Lower,2022-08-26 00:22:35,2022-08-26 00:22:35,1
3DD.003E215FE2,Daroga State Park,8/12/2022,2022,47.711251,-120.208455,CMU,CMU - Chewuch River Middle Upper,2022-08-26 01:03:20,2022-08-26 01:03:20,1
3DD.003E215FE2,Daroga State Park,8/12/2022,2022,47.711251,-120.208455,CRU,CRU - Upper Chewuch Instream Array,2022-08-29 21:23:56,2022-08-29 21:24:02,1
3DD.003E215FE2,Daroga State Park,8/12/2022,2022,47.711251,-120.208455,CRW,CRW - Chewuch River above Winthrop,2022-08-25 19:42:02,2022-08-25 19:44:11,1
3DD.003E215FE2,Daroga State Park,8/12/2022,2022,47.711251,-120.208455,MRC,MRC - Methow River at Carlton,2022-08-22 00:40:16,2022-08-22 00:40:16,1
3DD.003E215FE2,Daroga State Park,8/12/2022,2022,47.711251,-120.208455,WEA,"WEA - Wells Dam, DCPUD Adult Ladders",2022-08-15 06:57:17,2022-08-15 06:59:42,1
3DD.003E215FE5,Rocky Reach Forebay,8/12/2022,2022,47.542169,-120.293332,CRW,CRW - Chewuch River above Winthrop,2022-09-03 21:29:18,2022-09-03 21:31:19,1
3DD.003E215FE5,Rocky Reach Forebay,8/12/2022,2022,47.542169,-120.293332,MRC,MRC - Methow River at Carlton,2022-08-31 03:47:48,2022-08-31 03:47:48,1
3DD.003E215FE5,Rocky Reach Forebay,8/12/2022,2022,47.542169,-120.293332,WEA,"WEA - Wells Dam, DCPUD Adult Ladders",2022-08-24 08:35:38,2022-08-24 08:38:37,1
3DD.003E215FE8,Rocky Reach Forebay,8/12/2022,2022,47.542169,-120.293332,ENA,ENA - Upper Entiat River at rkm 17.1,2023-06-04 02:20:12,2023-06-04 02:20:20,1
3DD.003E215FE8,Rocky Reach Forebay,8/12/2022,2022,47.542169,-120.293332,ENL,ENL - Lower Entiat River,2023-05-22 04:10:44,2023-05-22 04:22:58,1
3DD.003E215FEB,Rocky Reach Forebay,8/5/2022,2022,47.542169,-120.293332,LMR,LMR - Lower Methow River at Pateros,2022-08-17 23:49:13,2022-08-17 23:49:13,1
3DD.003E215FEB,Rocky Reach Forebay,8/5/2022,2022,47.542169,-120.293332,MRC,MRC - Methow River at Carlton,2022-08-25 20:39:53,2023-05-09 21:27:37,1
3DD.003E215FEB,Rocky Reach Forebay,8/5/2022,2022,47.542169,-120.293332,WEA,"WEA - Wells Dam, DCPUD Adult Ladders",2022-08-15 04:11:38,2022-08-15 07:52:50,1
3DD.003E215FEC,Rocky Reach Forebay,8/12/2022,2022,47.542169,-120.293332,LMR,LMR - Lower Methow River at Pateros,2022-08-21 23:07:42,2022-08-21 23:07:42,1
3DD.003E215FEC,Rocky Reach Forebay,8/12/2022,2022,47.542169,-120.293332,MRC,MRC - Methow River at Carlton,2022-08-24 20:03:15,2022-08-24 20:03:15,1
3DD.003E215FEC,Rocky Reach Forebay,8/12/2022,2022,47.542169,-120.293332,WEA,"WEA - Wells Dam, DCPUD Adult Ladders",2022-08-17 03:43:05,2022-08-17 03:45:42,1
3DD.003E215FED,Rocky Reach Forebay,8/5/2022,2022,47.542169,-120.293332,WEH,WEH - Wells Dam Hatchery,2023-06-28 21:22:11,2023-07-07 22:51:12,1
3DD.003E215FF0,Rocky Reach Forebay,8/5/2022,2022,47.542169,-120.293332,CML,CML - Chewuch River Middle Lower,2022-08-26 03:35:18,2023-05-29 23:03:26,1
3DD.003E215FF0,Rocky Reach Forebay,8/5/2022,2022,47.542169,-120.293332,CMU,CMU - Chewuch River Middle Upper,2022-08-26 04:14:00,2022-08-26 04:14:00,1
3DD.003E215FF0,Rocky Reach Forebay,8/5/2022,2022,47.542169,-120.293332,CRW,CRW - Chewuch River above Winthrop,2022-08-25 22:56:53,2023-06-09 21:20:17,1
3DD.003E215FF0,Rocky Reach Forebay,8/5/2022,2022,47.542169,-120.293332,MRC,MRC - Methow River at Carlton,2022-08-23 02:22:56,2022-08-23 02:22:56,1
3DD.003E215FF0,Rocky Reach Forebay,8/5/2022,2022,47.542169,-120.293332,WEA,"WEA - Wells Dam, DCPUD Adult Ladders",2022-08-17 02:16:37,2022-08-17 07:41:24,1
3DD.003E215FF1,Daroga State Park,8/12/2022,2022,47.711251,-120.208455,ENL,ENL - Lower Entiat River,2023-06-17 20:06:11,2023-06-18 22:06:37,1
3DD.003E215FF5,Rocky Reach Forebay,8/12/2022,2022,47.542169,-120.293332,CML,CML - Chewuch River Middle Lower,2022-09-16 21:37:19,2022-09-16 21:37:19,1
3DD.003E215FF5,Rocky Reach Forebay,8/12/2022,2022,47.542169,-120.293332,CMU,CMU - Chewuch River Middle Upper,2022-09-16 22:23:43,2022-09-16 22:23:43,1
3DD.003E215FF5,Rocky Reach Forebay,8/12/2022,2022,47.542169,-120.293332,CRW,CRW - Chewuch River above Winthrop,2022-09-16 00:39:07,2022-09-16 00:39:07,1
3DD.003E215FF5,Rocky Reach Forebay,8/12/2022,2022,47.542169,-120.293332,MRC,MRC - Methow River at Carlton,2022-09-04 21:36:58,2022-09-04 21:36:58,1
3DD.003E215FF5,Rocky Reach Forebay,8/12/2022,2022,47.542169,-120.293332,WEA,"WEA - Wells Dam, DCPUD Adult Ladders",2022-08-30 08:17:54,2022-08-31 00:00:46,1
3DD.003E215FF9,Rocky Reach Forebay,8/5/2022,2022,47.542169,-120.293332,MRC,MRC - Methow River at Carlton,2022-08-16 01:06:00,2022-08-16 01:06:00,1
3DD.003E215FF9,Rocky Reach Forebay,8/5/2022,2022,47.542169,-120.293332,WEA,"WEA - Wells Dam, DCPUD Adult Ladders",2022-08-09 23:46:48,2022-08-10 07:44:36,1
3DD.003E215FFD,Rocky Reach Forebay,8/12/2022,2022,47.542169,-120.293332,ENL,ENL - Lower Entiat River,2023-05-13 22:02:16,2023-05-13 22:03:57,1
3DD.003E215FFE,Daroga State Park,8/12/2022,2022,47.711251,-120.208455,CRW,CRW - Chewuch River above Winthrop,2023-06-03 22:23:49,2023-06-19 02:38:34,1
3DD.003E215FFE,Daroga State Park,8/12/2022,2022,47.711251,-120.208455,LMR,LMR - Lower Methow River at Pateros,2022-08-24 03:32:50,2022-08-24 03:32:50,1
3DD.003E215FFE,Daroga State Park,8/12/2022,2022,47.711251,-120.208455,WEA,"WEA - Wells Dam, DCPUD Adult Ladders",2022-08-22 23:09:37,2022-08-23 02:02:50,1
3DD.003E216000,Daroga State Park,8/12/2022,2022,47.711251,-120.208455,WEH,WEH - Wells Dam Hatchery,2022-09-14 14:28:54,2022-09-14 14:32:06,1
3DD.003E21612E,Daroga State Park,8/19/2022,2022,47.711251,-120.208455,WEA,"WEA - Wells Dam, DCPUD Adult Ladders",2022-09-07 23:21:50,2022-09-08 04:25:52,1
3DD.003E216130,Rocky Reach Forebay,8/19/2022,2022,47.542169,-120.293332,WEA,"WEA - Wells Dam, DCPUD Adult Ladders",2022-08-25 03:15:22,2022-08-25 08:24:39,1
3DD.003E216133,Rocky Reach Forebay,8/19/2022,2022,47.542169,-120.293332,LMR,LMR - Lower Methow River at Pateros,2022-08-31 22:50:06,2022-08-31 22:50:06,1
3DD.003E216133,Rocky Reach Forebay,8/19/2022,2022,47.542169,-120.293332,MRC,MRC - Methow River at Carlton,2022-09-04 20:08:31,2022-09-04 20:08:31,1
3DD.003E216133,Rocky Reach Forebay,8/19/2022,2022,47.542169,-120.293332,WEA,"WEA - Wells Dam, DCPUD Adult Ladders",2022-08-29 23:43:12,2022-08-30 03:19:22,1
3DD.003E216134,Rocky Reach Forebay,8/19/2022,2022,47.542169,-120.293332,MRC,MRC - Methow River at Carlton,2022-08-29 00:40:49,2022-08-29 00:40:49,1
3DD.003E216134,Rocky Reach Forebay,8/19/2022,2022,47.542169,-120.293332,WEA,"WEA - Wells Dam, DCPUD Adult Ladders",2022-08-24 18:52:19,2022-08-24 20:01:14,1
3DD.003E216136,Daroga State Park,8/19/2022,2022,47.711251,-120.208455,RRJ,RRJ - Rocky Reach Dam Juvenile,2023-06-22 00:58:07,2023-06-22 00:58:07,1
3DD.003E216136,Daroga State Park,8/19/2022,2022,47.711251,-120.208455,WEA,"WEA - Wells Dam, DCPUD Adult Ladders",2023-05-16 19:57:40,2023-05-16 19:59:56,1
3DD.003E216138,Daroga State Park,8/19/2022,2022,47.711251,-120.208455,ENL,ENL - Lower Entiat River,2023-05-26 21:41:24,2023-05-26 21:41:24,1
3DD.003E21613B,Daroga State Park,8/19/2022,2022,47.711251,-120.208455,OKL,OKL - Lower Okanogan Instream Array,2022-09-25 04:47:21,2022-09-25 04:47:29,1
3DD.003E21613B,Daroga State Park,8/19/2022,2022,47.711251,-120.208455,WEA,"WEA - Wells Dam, DCPUD Adult Ladders",2022-09-20 00:27:59,2022-09-20 03:54:12,1
3DD.003E21613D,Daroga State Park,8/19/2022,2022,47.711251,-120.208455,WEA,"WEA - Wells Dam, DCPUD Adult Ladders",2022-08-25 21:20:46,2022-08-26 03:08:04,1
3DD.003E21613E,Daroga State Park,8/19/2022,2022,47.711251,-120.208455,CML,CML - Chewuch River Middle Lower,2022-09-20 23:55:50,2022-09-20 23:55:50,1
3DD.003E21613E,Daroga State Park,8/19/2022,2022,47.711251,-120.208455,CRW,CRW - Chewuch River above Winthrop,2022-09-17 02:09:46,2023-05-30 18:02:17,1
3DD.003E21613E,Daroga State Park,8/19/2022,2022,47.711251,-120.208455,WEA,"WEA - Wells Dam, DCPUD Adult Ladders",2022-09-03 00:13:02,2022-09-03 00:14:46,1
3DD.003E216143,Rocky Reach Forebay,8/19/2022,2022,47.542169,-120.293332,CML,CML - Chewuch River Middle Lower,2022-09-05 02:06:33,2022-09-05 02:06:33,1
3DD.003E216143,Rocky Reach Forebay,8/19/2022,2022,47.542169,-120.293332,CMU,CMU - Chewuch River Middle Upper,2022-09-05 02:41:56,2022-09-05 02:41:56,1
3DD.003E216143,Rocky Reach Forebay,8/19/2022,2022,47.542169,-120.293332,CRW,CRW - Chewuch River above Winthrop,2022-09-04 21:14:46,2022-09-04 21:16:39,1
3DD.003E216143,Rocky Reach Forebay,8/19/2022,2022,47.542169,-120.293332,LMR,LMR - Lower Methow River at Pateros,2022-08-29 00:25:01,2022-08-29 00:25:06,1
3DD.003E216143,Rocky Reach Forebay,8/19/2022,2022,47.542169,-120.293332,MRC,MRC - Methow River at Carlton,2022-09-01 03:06:34,2022-09-01 03:06:34,1
3DD.003E216143,Rocky Reach Forebay,8/19/2022,2022,47.542169,-120.293332,WEA,"WEA - Wells Dam, DCPUD Adult Ladders",2022-08-27 04:10:22,2022-08-27 07:18:54,1
3DD.003E216145,Rocky Reach Forebay,8/19/2022,2022,47.542169,-120.293332,LMR,LMR - Lower Methow River at Pateros,2022-08-24 04:14:29,2022-08-24 04:14:29,1
3DD.003E216145,Rocky Reach Forebay,8/19/2022,2022,47.542169,-120.293332,MRC,MRC - Methow River at Carlton,2022-08-27 20:47:02,2022-08-27 20:47:02,1
3DD.003E216145,Rocky Reach Forebay,8/19/2022,2022,47.542169,-120.293332,WEA,"WEA - Wells Dam, DCPUD Adult Ladders",2022-08-23 00:01:20,2022-08-23 00:07:37,1
3DD.003E216147,Rocky Reach Forebay,8/19/2022,2022,47.542169,-120.293332,WEA,"WEA - Wells Dam, DCPUD Adult Ladders",2022-08-23 03:08:12,2022-08-23 07:52:39,1
3DD.003E21614A,Rocky Reach Forebay,8/19/2022,2022,47.542169,-120.293332,WEA,"WEA - Wells Dam, DCPUD Adult Ladders",2022-08-24 01:49:18,2022-08-24 01:53:18,1
3DD.003E216152,Daroga State Park,8/19/2022,2022,47.711251,-120.208455,OKL,OKL - Lower Okanogan Instream Array,2023-06-02 15:37:11,2023-06-02 15:37:19,1
3DD.003E216152,Daroga State Park,8/19/2022,2022,47.711251,-120.208455,WEA,"WEA - Wells Dam, DCPUD Adult Ladders",2022-08-31 02:40:51,2022-08-31 08:15:33,1
3DD.003E216153,Rocky Reach Forebay,8/19/2022,2022,47.542169,-120.293332,ENA,ENA - Upper Entiat River at rkm 17.1,2022-08-22 22:11:10,2022-08-22 22:11:13,1
3DD.003E216153,Rocky Reach Forebay,8/19/2022,2022,47.542169,-120.293332,ENL,ENL - Lower Entiat River,2022-08-20 03:09:14,2022-08-20 03:09:37,1
3DD.003E216155,Rocky Reach Forebay,8/19/2022,2022,47.542169,-120.293332,RRF,RRF - Rocky Reach Fishway,2022-08-20 05:49:30,2022-08-20 06:07:35,1
3DD.003E216156,Rocky Reach Forebay,8/19/2022,2022,47.542169,-120.293332,CML,CML - Chewuch River Middle Lower,2022-09-14 23:50:10,2022-09-14 23:50:10,1
3DD.003E216156,Rocky Reach Forebay,8/19/2022,2022,47.542169,-120.293332,CMU,CMU - Chewuch River Middle Upper,2022-09-15 00:42:49,2022-09-15 00:42:49,1
3DD.003E216156,Rocky Reach Forebay,8/19/2022,2022,47.542169,-120.293332,CRW,CRW - Chewuch River above Winthrop,2022-09-14 14:18:17,2022-09-14 14:38:03,1
3DD.003E216156,Rocky Reach Forebay,8/19/2022,2022,47.542169,-120.293332,LMR,LMR - Lower Methow River at Pateros,2022-08-31 22:10:11,2022-08-31 22:10:11,1
3DD.003E216156,Rocky Reach Forebay,8/19/2022,2022,47.542169,-120.293332,MRC,MRC - Methow River at Carlton,2022-09-04 00:15:56,2022-09-04 00:15:56,1
3DD.003E216156,Rocky Reach Forebay,8/19/2022,2022,47.542169,-120.293332,WEA,"WEA - Wells Dam, DCPUD Adult Ladders",2022-08-28 23:15:32,2022-08-28 23:19:37,1
3DD.003E216157,Rocky Reach Forebay,8/19/2022,2022,47.542169,-120.293332,WEH,WEH - Wells Dam Hatchery,2022-09-05 01:48:20,2023-05-30 21:46:44,1
3DD.003E216159,Rocky Reach Forebay,8/19/2022,2022,47.542169,-120.293332,CML,CML - Chewuch River Middle Lower,2022-09-18 22:59:56,2022-09-18 22:59:56,1
3DD.003E216159,Rocky Reach Forebay,8/19/2022,2022,47.542169,-120.293332,CMU,CMU - Chewuch River Middle Upper,2022-09-18 23:45:46,2022-09-18 23:45:46,1
3DD.003E216159,Rocky Reach Forebay,8/19/2022,2022,47.542169,-120.293332,CRW,CRW - Chewuch River above Winthrop,2022-09-18 02:02:48,2022-09-18 02:02:48,1
3DD.003E216159,Rocky Reach Forebay,8/19/2022,2022,47.542169,-120.293332,LMR,LMR - Lower Methow River at Pateros,2022-09-03 20:10:23,2022-09-03 20:10:33,1
3DD.003E216159,Rocky Reach Forebay,8/19/2022,2022,47.542169,-120.293332,MRC,MRC - Methow River at Carlton,2022-09-07 21:42:04,2022-09-07 21:42:04,1
3DD.003E216159,Rocky Reach Forebay,8/19/2022,2022,47.542169,-120.293332,WEA,"WEA - Wells Dam, DCPUD Adult Ladders",2022-08-31 22:00:45,2022-09-01 02:17:51,1
3DD.003E21615A,Rocky Reach Forebay,8/19/2022,2022,47.542169,-120.293332,CML,CML - Chewuch River Middle Lower,2022-09-15 02:29:39,2022-09-15 02:29:39,1
3DD.003E21615A,Rocky Reach Forebay,8/19/2022,2022,47.542169,-120.293332,CMU,CMU - Chewuch River Middle Upper,2022-09-15 03:23:51,2022-09-15 03:23:51,1
3DD.003E21615A,Rocky Reach Forebay,8/19/2022,2022,47.542169,-120.293332,CRU,CRU - Upper Chewuch Instream Array,2023-06-01 15:08:00,2023-06-01 15:08:00,1
3DD.003E21615A,Rocky Reach Forebay,8/19/2022,2022,47.542169,-120.293332,CRW,CRW - Chewuch River above Winthrop,2022-09-14 18:53:46,2022-09-14 18:55:52,1
3DD.003E21615A,Rocky Reach Forebay,8/19/2022,2022,47.542169,-120.293332,MRC,MRC - Methow River at Carlton,2022-09-03 04:18:41,2022-09-03 04:18:41,1
3DD.003E21615A,Rocky Reach Forebay,8/19/2022,2022,47.542169,-120.293332,WEA,"WEA - Wells Dam, DCPUD Adult Ladders",2022-08-29 22:46:12,2022-08-30 03:50:07,1
3DD.003E21615C,Rocky Reach Forebay,8/19/2022,2022,47.542169,-120.293332,WEA,"WEA - Wells Dam, DCPUD Adult Ladders",2022-09-19 03:20:56,2022-09-19 23:51:37,1
3DD.003E21615E,Daroga State Park,8/19/2022,2022,47.711251,-120.208455,WEA,"WEA - Wells Dam, DCPUD Adult Ladders",2022-09-05 02:08:12,2022-09-05 06:47:23,1
3DD.003E216162,Rocky Reach Forebay,8/19/2022,2022,47.542169,-120.293332,OKL,OKL - Lower Okanogan Instream Array,2022-09-06 02:59:34,2022-09-06 02:59:34,1
3DD.003E216162,Rocky Reach Forebay,8/19/2022,2022,47.542169,-120.293332,WEA,"WEA - Wells Dam, DCPUD Adult Ladders",2022-09-01 21:48:56,2022-09-02 02:30:17,1
3DD.003E21616A,Rocky Reach Forebay,8/19/2022,2022,47.542169,-120.293332,OKL,OKL - Lower Okanogan Instream Array,2023-06-08 11:54:50,2023-06-08 11:54:50,1
3DD.003E21616A,Rocky Reach Forebay,8/19/2022,2022,47.542169,-120.293332,WEA,"WEA - Wells Dam, DCPUD Adult Ladders",2022-09-05 23:44:32,2022-09-06 04:13:53,1
3DD.003E216170,Rocky Reach Forebay,8/19/2022,2022,47.542169,-120.293332,WEA,"WEA - Wells Dam, DCPUD Adult Ladders",2022-08-23 03:27:48,2022-08-23 22:28:45,1
3DD.003E216171,Daroga State Park,8/19/2022,2022,47.711251,-120.208455,SA1,SA1 - Salmon Creek Instream Array,2023-05-18 06:49:14,2023-05-18 07:01:49,1
3DD.003E216171,Daroga State Park,8/19/2022,2022,47.711251,-120.208455,WEA,"WEA - Wells Dam, DCPUD Adult Ladders",2022-08-26 05:14:52,2022-08-26 05:17:22,1
3DD.003E216173,Rocky Reach Forebay,8/19/2022,2022,47.542169,-120.293332,WEA,"WEA - Wells Dam, DCPUD Adult Ladders",2022-08-24 03:00:04,2022-08-24 10:42:46,1
3DD.003E216175,Rocky Reach Forebay,8/19/2022,2022,47.542169,-120.293332,LMR,LMR - Lower Methow River at Pateros,2022-08-27 21:04:27,2022-08-27 21:04:36,1
3DD.003E216175,Rocky Reach Forebay,8/19/2022,2022,47.542169,-120.293332,MRC,MRC - Methow River at Carlton,2022-08-31 01:39:02,2022-08-31 01:39:02,1
3DD.003E216175,Rocky Reach Forebay,8/19/2022,2022,47.542169,-120.293332,WEA,"WEA - Wells Dam, DCPUD Adult Ladders",2022-08-26 01:03:01,2022-08-26 08:40:03,1
3DD.003E216178,Daroga State Park,8/19/2022,2022,47.711251,-120.208455,WEA,"WEA - Wells Dam, DCPUD Adult Ladders",2022-08-26 22:13:28,2022-08-27 01:29:26,1
3DD.003E216180,Daroga State Park,8/19/2022,2022,47.711251,-120.208455,OKL,OKL - Lower Okanogan Instream Array,2023-06-09 04:07:27,2023-06-09 04:07:44,1
3DD.003E216180,Daroga State Park,8/19/2022,2022,47.711251,-120.208455,WEA,"WEA - Wells Dam, DCPUD Adult Ladders",2022-08-26 04:24:49,2022-08-26 08:09:23,1
3DD.003E216183,Rocky Reach Forebay,8/19/2022,2022,47.542169,-120.293332,LMR,LMR - Lower Methow River at Pateros,2022-08-25 08:52:44,2022-08-25 08:52:44,1
3DD.003E216183,Rocky Reach Forebay,8/19/2022,2022,47.542169,-120.293332,WEA,"WEA - Wells Dam, DCPUD Adult Ladders",2022-08-23 01:51:33,2022-08-23 06:54:08,1
3DD.003E216189,Rocky Reach Forebay,8/19/2022,2022,47.542169,-120.293332,OKL,OKL - Lower Okanogan Instream Array,2023-05-30 16:13:11,2023-05-30 16:13:11,1
3DD.003E216189,Rocky Reach Forebay,8/19/2022,2022,47.542169,-120.293332,WEA,"WEA - Wells Dam, DCPUD Adult Ladders",2022-08-24 00:06:39,2022-08-24 05:49:30,1
3DD.003E21618F,Rocky Reach Forebay,8/19/2022,2022,47.542169,-120.293332,ENA,ENA - Upper Entiat River at rkm 17.1,2022-08-23 02:03:05,2022-08-23 02:03:08,1
3DD.003E21618F,Rocky Reach Forebay,8/19/2022,2022,47.542169,-120.293332,ENL,ENL - Lower Entiat River,2022-08-20 02:06:47,2022-08-20 02:07:06,1
3DD.003E45CD2D,Starr Boat Launch,8/3/2023,2023,47.983552,-119.887492,LMR,LMR - Lower Methow River at Pateros,2023-08-05 01:26:50,2023-08-05 01:26:56,1
3DD.003E45CD2F,Starr Boat Launch,8/3/2023,2023,47.983552,-119.887492,CRW,CRW - Chewuch River above Winthrop,2023-08-16 20:46:38,2023-08-16 20:49:04,1
3DD.003E45CD31,Starr Boat Launch,8/3/2023,2023,47.983552,-119.887492,LMR,LMR - Lower Methow River at Pateros,2023-08-04 23:43:55,2023-08-04 23:43:55,1
3DD.003E45CD31,Starr Boat Launch,8/3/2023,2023,47.983552,-119.887492,MRC,MRC - Methow River at Carlton,2024-06-20 02:16:45,2024-06-20 02:16:45,1
3DD.003E45CD33,Starr Boat Launch,8/3/2023,2023,47.983552,-119.887492,OKL,OKL - Lower Okanogan Instream Array,2023-08-05 22:24:07,2023-08-05 22:24:07,1
3DD.003E45CD34,Starr Boat Launch,8/3/2023,2023,47.983552,-119.887492,OKL,OKL - Lower Okanogan Instream Array,2024-06-08 15:37:17,2024-06-15 11:44:29,1
3DD.003E45CD35,Starr Boat Launch,8/3/2023,2023,47.983552,-119.887492,OKL,OKL - Lower Okanogan Instream Array,2023-08-05 21:23:43,2023-08-05 21:23:49,1
3DD.003E45CD36,Starr Boat Launch,8/3/2023,2023,47.983552,-119.887492,CML,CML - Chewuch River Middle Lower,2023-08-13 00:16:16,2023-08-13 00:16:16,1
3DD.003E45CD36,Starr Boat Launch,8/3/2023,2023,47.983552,-119.887492,CRU,CRU - Upper Chewuch Instream Array,2023-08-15 22:55:27,2024-06-10 23:26:43,1
3DD.003E45CD36,Starr Boat Launch,8/3/2023,2023,47.983552,-119.887492,CRW,CRW - Chewuch River above Winthrop,2023-08-12 20:33:35,2023-08-12 20:34:59,1
3DD.003E45CD36,Starr Boat Launch,8/3/2023,2023,47.983552,-119.887492,LMR,LMR - Lower Methow River at Pateros,2023-08-04 21:51:30,2023-08-04 21:51:30,1
3DD.003E45CD38,Starr Boat Launch,8/3/2023,2023,47.983552,-119.887492,LMR,LMR - Lower Methow River at Pateros,2023-08-06 20:49:57,2023-08-06 20:49:57,1
3DD.003E45CD39,Starr Boat Launch,8/3/2023,2023,47.983552,-119.887492,OKL,OKL - Lower Okanogan Instream Array,2023-08-06 04:21:39,2023-08-06 04:21:39,1
3DD.003E45CD3B,Starr Boat Launch,8/3/2023,2023,47.983552,-119.887492,CML,CML - Chewuch River Middle Lower,2023-08-13 04:02:13,2023-08-13 04:02:42,1
3DD.003E45CD3B,Starr Boat Launch,8/3/2023,2023,47.983552,-119.887492,CMU,CMU - Chewuch River Middle Upper,2023-08-13 21:02:27,2023-08-13 21:02:27,1
3DD.003E45CD3B,Starr Boat Launch,8/3/2023,2023,47.983552,-119.887492,CRU,CRU - Upper Chewuch Instream Array,2023-08-17 22:50:58,2023-08-17 22:51:03,1
3DD.003E45CD3B,Starr Boat Launch,8/3/2023,2023,47.983552,-119.887492,CRW,CRW - Chewuch River above Winthrop,2023-08-12 23:47:15,2023-08-12 23:48:22,1
3DD.003E45CD3B,Starr Boat Launch,8/3/2023,2023,47.983552,-119.887492,LMR,LMR - Lower Methow River at Pateros,2023-08-04 21:47:09,2023-08-04 21:47:09,1
3DD.003E45CD3C,Starr Boat Launch,8/3/2023,2023,47.983552,-119.887492,CRW,CRW - Chewuch River above Winthrop,2023-08-19 01:03:07,2024-05-28 21:36:32,1
3DD.003E45CD3C,Starr Boat Launch,8/3/2023,2023,47.983552,-119.887492,LMR,LMR - Lower Methow River at Pateros,2023-08-04 22:34:35,2023-08-04 22:34:35,1
3DD.003E45CD3C,Starr Boat Launch,8/3/2023,2023,47.983552,-119.887492,MRC,MRC - Methow River at Carlton,2024-07-08 19:19:45,2024-07-08 19:19:45,1
3DD.003E45CD41,Starr Boat Launch,8/3/2023,2023,47.983552,-119.887492,OKL,OKL - Lower Okanogan Instream Array,2023-08-05 22:55:21,2023-08-05 22:55:21,1
3DD.003E45CD43,Starr Boat Launch,8/3/2023,2023,47.983552,-119.887492,LMR,LMR - Lower Methow River at Pateros,2023-08-16 02:38:25,2024-06-26 23:53:47,1
3DD.003E45CD44,Starr Boat Launch,8/3/2023,2023,47.983552,-119.887492,OKL,OKL - Lower Okanogan Instream Array,2023-08-06 03:23:50,2023-08-06 03:23:50,1
3DD.003E45CD45,Starr Boat Launch,8/3/2023,2023,47.983552,-119.887492,OKL,OKL - Lower Okanogan Instream Array,2023-08-05 22:02:30,2023-08-05 22:02:30,1
3DD.003E45CD46,Starr Boat Launch,8/3/2023,2023,47.983552,-119.887492,LMR,LMR - Lower Methow River at Pateros,2023-08-05 01:15:19,2023-08-05 01:15:19,1
3DD.003E45CD47,Starr Boat Launch,8/3/2023,2023,47.983552,-119.887492,CML,CML - Chewuch River Middle Lower,2023-08-17 23:53:03,2023-08-17 23:53:03,1
3DD.003E45CD47,Starr Boat Launch,8/3/2023,2023,47.983552,-119.887492,CRW,CRW - Chewuch River above Winthrop,2023-08-17 00:56:31,2023-08-19 00:00:59,1
3DD.003E45CD47,Starr Boat Launch,8/3/2023,2023,47.983552,-119.887492,LMR,LMR - Lower Methow River at Pateros,2023-08-05 00:50:54,2023-08-05 00:50:54,1
3DD.003E45CD4C,Starr Boat Launch,8/3/2023,2023,47.983552,-119.887492,MRC,MRC - Methow River at Carlton,2024-06-08 23:21:13,2024-06-08 23:44:41,1
3DD.003E45CD4F,Starr Boat Launch,8/3/2023,2023,47.983552,-119.887492,CML,CML - Chewuch River Middle Lower,2023-08-13 00:36:32,2023-08-13 00:36:32,1
3DD.003E45CD4F,Starr Boat Launch,8/3/2023,2023,47.983552,-119.887492,CMU,CMU - Chewuch River Middle Upper,2023-08-13 01:10:40,2023-08-13 01:10:40,1
3DD.003E45CD4F,Starr Boat Launch,8/3/2023,2023,47.983552,-119.887492,CRU,CRU - Upper Chewuch Instream Array,2023-08-15 00:28:56,2024-06-30 22:08:50,1
3DD.003E45CD4F,Starr Boat Launch,8/3/2023,2023,47.983552,-119.887492,CRW,CRW - Chewuch River above Winthrop,2023-08-12 03:16:36,2023-08-12 03:39:40,1
3DD.003E45CD4F,Starr Boat Launch,8/3/2023,2023,47.983552,-119.887492,LMR,LMR - Lower Methow River at Pateros,2023-08-05 03:14:03,2023-08-05 03:14:03,1
3DD.003E45CD57,Starr Boat Launch,8/3/2023,2023,47.983552,-119.887492,LMR,LMR - Lower Methow River at Pateros,2023-08-05 22:56:21,2023-08-05 22:56:21,1
3DD.003E45CD59,Starr Boat Launch,8/3/2023,2023,47.983552,-119.887492,OKL,OKL - Lower Okanogan Instream Array,2024-06-12 21:48:02,2024-06-12 21:48:02,1
3DD.003E45CD5E,Starr Boat Launch,8/3/2023,2023,47.983552,-119.887492,OKL,OKL - Lower Okanogan Instream Array,2024-06-09 22:47:58,2024-06-09 22:47:58,1
3DD.003E45CD5F,Starr Boat Launch,8/3/2023,2023,47.983552,-119.887492,LMR,LMR - Lower Methow River at Pateros,2024-06-20 00:42:16,2024-06-20 00:42:16,1
3DD.003E45CD6D,Starr Boat Launch,8/3/2023,2023,47.983552,-119.887492,LMR,LMR - Lower Methow River at Pateros,2023-08-04 20:47:40,2023-08-04 20:47:40,1
3DD.003E45CD6E,Starr Boat Launch,8/3/2023,2023,47.983552,-119.887492,CML,CML - Chewuch River Middle Lower,2023-08-15 02:47:39,2023-08-15 02:47:39,1
3DD.003E45CD6E,Starr Boat Launch,8/3/2023,2023,47.983552,-119.887492,CMU,CMU - Chewuch River Middle Upper,2023-08-15 03:15:43,2023-08-15 03:15:43,1
3DD.003E45CD6E,Starr Boat Launch,8/3/2023,2023,47.983552,-119.887492,CRU,CRU - Upper Chewuch Instream Array,2023-08-17 01:40:44,2024-06-30 00:02:03,1
3DD.003E45CD6E,Starr Boat Launch,8/3/2023,2023,47.983552,-119.887492,CRW,CRW - Chewuch River above Winthrop,2023-08-14 23:00:23,2023-08-14 23:02:15,1
3DD.003E45CD70,Starr Boat Launch,8/3/2023,2023,47.983552,-119.887492,OKL,OKL - Lower Okanogan Instream Array,2023-08-06 01:01:50,2023-08-06 01:01:58,1
3DD.003E45CD74,Starr Boat Launch,8/3/2023,2023,47.983552,-119.887492,OKL,OKL - Lower Okanogan Instream Array,2024-06-29 04:36:12,2024-06-29 04:36:20,1
3DD.003E45CD76,Starr Boat Launch,8/3/2023,2023,47.983552,-119.887492,OKL,OKL - Lower Okanogan Instream Array,2024-06-13 12:06:32,2024-06-13 12:06:50,1
3DD.003E45CD77,Starr Boat Launch,8/3/2023,2023,47.983552,-119.887492,CML,CML - Chewuch River Middle Lower,2023-08-15 20:42:23,2023-08-15 20:42:23,1
3DD.003E45CD77,Starr Boat Launch,8/3/2023,2023,47.983552,-119.887492,CRU,CRU - Upper Chewuch Instream Array,2023-08-17 23:03:59,2024-06-01 02:13:28,1
3DD.003E45CD77,Starr Boat Launch,8/3/2023,2023,47.983552,-119.887492,CRW,CRW - Chewuch River above Winthrop,2023-08-15 00:17:20,2023-08-15 00:18:36,1
3DD.003E45CD78,Starr Boat Launch,8/3/2023,2023,47.983552,-119.887492,LMR,LMR - Lower Methow River at Pateros,2023-08-04 20:52:19,2023-08-04 20:52:19,1
3DD.003E45CD79,Starr Boat Launch,8/3/2023,2023,47.983552,-119.887492,LMR,LMR - Lower Methow River at Pateros,2023-08-04 21:28:58,2023-08-04 21:28:58,1
3DD.003E45CD7A,Starr Boat Launch,8/3/2023,2023,47.983552,-119.887492,LMR,LMR - Lower Methow River at Pateros,2023-08-05 01:08:16,2023-08-05 01:08:16,1
3DD.003E45CD7B,Starr Boat Launch,8/3/2023,2023,47.983552,-119.887492,OKL,OKL - Lower Okanogan Instream Array,2023-08-05 21:13:06,2023-08-05 21:13:06,1
3DD.003E45CD7D,Starr Boat Launch,8/3/2023,2023,47.983552,-119.887492,OKL,OKL - Lower Okanogan Instream Array,2024-06-20 19:08:57,2024-06-20 19:09:32,1
3DD.003E45CD7E,Starr Boat Launch,8/3/2023,2023,47.983552,-119.887492,CML,CML - Chewuch River Middle Lower,2023-08-15 20:59:50,2023-08-15 20:59:50,1
3DD.003E45CD7E,Starr Boat Launch,8/3/2023,2023,47.983552,-119.887492,CMU,CMU - Chewuch River Middle Upper,2023-08-15 21:37:57,2023-08-15 21:37:57,1
3DD.003E45CD7E,Starr Boat Launch,8/3/2023,2023,47.983552,-119.887492,CRU,CRU - Upper Chewuch Instream Array,2023-08-18 21:37:27,2024-06-08 22:16:41,1
3DD.003E45CD7E,Starr Boat Launch,8/3/2023,2023,47.983552,-119.887492,CRW,CRW - Chewuch River above Winthrop,2023-08-14 23:24:36,2023-08-14 23:26:16,1
3DD.003E45CD7E,Starr Boat Launch,8/3/2023,2023,47.983552,-119.887492,LMR,LMR - Lower Methow River at Pateros,2023-08-05 00:40:37,2023-08-05 00:40:37,1
3DD.003E45CD7F,Starr Boat Launch,8/3/2023,2023,47.983552,-119.887492,LMR,LMR - Lower Methow River at Pateros,2023-08-05 00:24:12,2023-08-05 00:24:12,1
3DD.003E45CD80,Starr Boat Launch,8/3/2023,2023,47.983552,-119.887492,CML,CML - Chewuch River Middle Lower,2023-08-16 01:49:52,2023-08-16 01:49:52,1
3DD.003E45CD80,Starr Boat Launch,8/3/2023,2023,47.983552,-119.887492,CRW,CRW - Chewuch River above Winthrop,2023-08-15 02:43:51,2024-05-28 02:43:08,1
3DD.003E45CD80,Starr Boat Launch,8/3/2023,2023,47.983552,-119.887492,LMR,LMR - Lower Methow River at Pateros,2023-08-05 20:51:44,2023-08-05 20:51:44,1
3DD.003E45CD84,Starr Boat Launch,8/3/2023,2023,47.983552,-119.887492,OKL,OKL - Lower Okanogan Instream Array,2023-08-05 21:05:53,2023-08-05 21:05:53,1
3DD.003E45CD85,Starr Boat Launch,8/3/2023,2023,47.983552,-119.887492,OKL,OKL - Lower Okanogan Instream Array,2023-08-05 21:28:41,2023-08-05 21:28:41,1
3DD.003E45CD88,Starr Boat Launch,8/3/2023,2023,47.983552,-119.887492,LMR,LMR - Lower Methow River at Pateros,2023-08-05 01:29:31,2023-08-05 01:29:31,1
3DD.003E45CD88,Starr Boat Launch,8/3/2023,2023,47.983552,-119.887492,MRC,MRC - Methow River at Carlton,2023-08-17 01:23:46,2023-08-17 01:23:46,1
3DD.003E45CD89,Starr Boat Launch,8/3/2023,2023,47.983552,-119.887492,LMR,LMR - Lower Methow River at Pateros,2023-08-04 21:17:17,2023-08-04 21:17:17,1
3DD.003E45CD89,Starr Boat Launch,8/3/2023,2023,47.983552,-119.887492,MRC,MRC - Methow River at Carlton,2023-08-14 21:02:04,2023-08-14 21:02:04,1
3DD.003E45CD8A,Starr Boat Launch,8/3/2023,2023,47.983552,-119.887492,CML,CML - Chewuch River Middle Lower,2023-08-13 23:09:15,2023-08-13 23:09:15,1
3DD.003E45CD8A,Starr Boat Launch,8/3/2023,2023,47.983552,-119.887492,CRU,CRU - Upper Chewuch Instream Array,2023-08-15 23:18:31,2023-08-15 23:18:39,1
3DD.003E45CD8A,Starr Boat Launch,8/3/2023,2023,47.983552,-119.887492,CRW,CRW - Chewuch River above Winthrop,2023-08-13 02:23:24,2023-08-13 02:24:38,1
3DD.003E45CD8A,Starr Boat Launch,8/3/2023,2023,47.983552,-119.887492,LMR,LMR - Lower Methow River at Pateros,2023-08-05 02:48:35,2023-08-05 02:48:35,1
3DD.003E45CD8E,Starr Boat Launch,8/3/2023,2023,47.983552,-119.887492,OKL,OKL - Lower Okanogan Instream Array,2023-08-05 22:27:14,2023-08-05 22:27:14,1
3DD.003E45CD8F,Starr Boat Launch,8/3/2023,2023,47.983552,-119.887492,LMR,LMR - Lower Methow River at Pateros,2023-08-04 23:48:42,2024-05-20 15:25:22,1
3DD.003E45CD91,Omak Creek,8/1/2024,2024,48.353831,-119.288554,OMH,OMH - Omak Creek Haley Creek Road,2024-08-01 20:56:52,2024-08-01 20:57:19,1
3DD.003E45CD92,Omak Creek,8/1/2024,2024,48.353831,-119.288554,OBF,OBF - Omak Creek below Mission Falls,2025-04-15 21:26:06,2025-04-15 21:26:06,1
3DD.003E45CD92,Omak Creek,8/1/2024,2024,48.353831,-119.288554,OMK,OMK - Omak Creek Instream Array,2025-04-21 20:09:09,2025-04-21 20:09:10,1
3DD.003E45CD94,Starr Boat Launch,7/25/2024,2024,47.983552,-119.887492,LMR,LMR - Lower Methow River at Pateros,2024-07-28 00:31:07,2024-07-28 00:32:26,1
3DD.003E45CD95,Starr Boat Launch,7/25/2024,2024,47.983552,-119.887492,LMR,LMR - Lower Methow River at Pateros,2024-07-26 23:38:40,2024-07-26 23:38:40,1
3DD.003E45CD95,Starr Boat Launch,7/25/2024,2024,47.983552,-119.887492,MRC,MRC - Methow River at Carlton,2024-07-31 00:38:50,2024-07-31 00:38:50,1
3DD.003E45CD97,Starr Boat Launch,7/25/2024,2024,47.983552,-119.887492,CML,CML - Chewuch River Middle Lower,2024-08-05 00:12:17,2024-08-05 00:12:17,1
3DD.003E45CD97,Starr Boat Launch,7/25/2024,2024,47.983552,-119.887492,CRU,CRU - Upper Chewuch Instream Array,2024-08-07 21:45:29,2025-05-27 22:31:10,1
3DD.003E45CD97,Starr Boat Launch,7/25/2024,2024,47.983552,-119.887492,CRW,CRW - Chewuch River above Winthrop,2024-08-04 03:25:36,2024-08-04 03:28:19,1
3DD.003E45CD97,Starr Boat Launch,7/25/2024,2024,47.983552,-119.887492,LMR,LMR - Lower Methow River at Pateros,2024-07-28 00:56:09,2024-07-28 00:56:09,1
3DD.003E45CD97,Starr Boat Launch,7/25/2024,2024,47.983552,-119.887492,MRC,MRC - Methow River at Carlton,2024-08-01 01:51:35,2024-08-01 01:51:35,1
3DD.003E45CD9C,Starr Boat Launch,8/17/2023,2023,47.983552,-119.887492,MRC,MRC - Methow River at Carlton,2024-04-03 23:08:12,2024-04-03 23:08:12,1
3DD.003E45CD9D,Omak Creek,8/1/2024,2024,48.353831,-119.288554,OMH,OMH - Omak Creek Haley Creek Road,2025-05-10 20:41:00,2025-06-07 03:03:18,1
3DD.003E45CD9E,Similkameen River,8/1/2024,2024,48.98607,-119.613005,LMR,LMR - Lower Methow River at Pateros,2025-07-26 21:12:54,2025-07-28 21:29:45,1
3DD.003E45CD9E,Similkameen River,8/1/2024,2024,48.98607,-119.613005,OKL,OKL - Lower Okanogan Instream Array,2024-08-04 02:53:45,2024-08-04 02:53:45,1
3DD.003E45CD9F,Starr Boat Launch,7/25/2024,2024,47.983552,-119.887492,LMR,LMR - Lower Methow River at Pateros,2024-07-27 01:47:00,2024-07-27 01:47:13,1
3DD.003E45CD9F,Starr Boat Launch,7/25/2024,2024,47.983552,-119.887492,MRC,MRC - Methow River at Carlton,2024-08-02 23:51:37,2025-05-20 01:27:41,1
3DD.003E45CDA0,Starr Boat Launch,7/25/2024,2024,47.983552,-119.887492,CRW,CRW - Chewuch River above Winthrop,2025-05-24 00:01:26,2025-05-25 13:17:31,1
3DD.003E45CDA0,Starr Boat Launch,7/25/2024,2024,47.983552,-119.887492,LMR,LMR - Lower Methow River at Pateros,2024-07-27 01:01:33,2024-07-27 01:01:33,1
3DD.003E45CDA1,Omak Creek,8/1/2024,2024,48.353831,-119.288554,OMH,OMH - Omak Creek Haley Creek Road,2024-08-01 20:59:28,2024-08-01 20:59:28,1
3DD.003E45CDA2,Starr Boat Launch,7/25/2024,2024,47.983552,-119.887492,CRW,CRW - Chewuch River above Winthrop,2024-08-04 22:22:46,2024-08-04 22:24:12,1
3DD.003E45CDA2,Starr Boat Launch,7/25/2024,2024,47.983552,-119.887492,LMR,LMR - Lower Methow River at Pateros,2024-07-27 00:28:31,2024-07-27 00:28:31,1
3DD.003E45CDA4,Starr Boat Launch,7/25/2024,2024,47.983552,-119.887492,RRF,RRF - Rocky Reach Fishway,2024-08-10 04:38:16,2024-08-10 04:43:03,1
3DD.003E45CDA5,Starr Boat Launch,7/25/2024,2024,47.983552,-119.887492,CML,CML - Chewuch River Middle Lower,2024-08-04 22:18:39,2024-08-04 22:18:39,1
3DD.003E45CDA5,Starr Boat Launch,7/25/2024,2024,47.983552,-119.887492,CRU,CRU - Upper Chewuch Instream Array,2024-08-06 22:56:07,2024-08-06 22:56:14,1
3DD.003E45CDA5,Starr Boat Launch,7/25/2024,2024,47.983552,-119.887492,CRW,CRW - Chewuch River above Winthrop,2024-08-04 02:19:52,2024-08-04 02:21:04,1
3DD.003E45CDA5,Starr Boat Launch,7/25/2024,2024,47.983552,-119.887492,LMR,LMR - Lower Methow River at Pateros,2024-07-26 22:38:51,2024-07-26 22:38:51,1
3DD.003E45CDA6,Starr Boat Launch,7/25/2024,2024,47.983552,-119.887492,CML,CML - Chewuch River Middle Lower,2024-08-04 22:40:00,2024-08-04 22:40:00,1
3DD.003E45CDA6,Starr Boat Launch,7/25/2024,2024,47.983552,-119.887492,CRU,CRU - Upper Chewuch Instream Array,2024-08-06 23:32:27,2025-06-14 23:10:35,1
3DD.003E45CDA6,Starr Boat Launch,7/25/2024,2024,47.983552,-119.887492,CRW,CRW - Chewuch River above Winthrop,2024-08-04 02:01:00,2025-06-18 13:02:43,1
3DD.003E45CDA6,Starr Boat Launch,7/25/2024,2024,47.983552,-119.887492,LMR,LMR - Lower Methow River at Pateros,2024-07-27 00:23:03,2024-07-27 00:23:12,1
3DD.003E45CDA7,Omak Creek,8/1/2024,2024,48.353831,-119.288554,OBF,OBF - Omak Creek below Mission Falls,2025-05-29 21:31:09,2025-05-29 21:31:11,1
3DD.003E45CDA7,Omak Creek,8/1/2024,2024,48.353831,-119.288554,OMF,OMF - Omak Creek above Mission Falls,2025-05-25 21:29:39,2025-05-25 21:29:39,1
3DD.003E45CDA8,Omak Creek,8/1/2024,2024,48.353831,-119.288554,OBF,OBF - Omak Creek below Mission Falls,2025-06-29 21:34:02,2025-06-29 21:34:03,1
3DD.003E45CDA8,Omak Creek,8/1/2024,2024,48.353831,-119.288554,OMF,OMF - Omak Creek above Mission Falls,2025-06-28 13:20:14,2025-06-28 13:20:14,1
3DD.003E45CDA8,Omak Creek,8/1/2024,2024,48.353831,-119.288554,OMH,OMH - Omak Creek Haley Creek Road,2024-08-01 21:02:19,2025-06-27 02:27:02,1
3DD.003E45CDA9,Starr Boat Launch,7/25/2024,2024,47.983552,-119.887492,OKL,OKL - Lower Okanogan Instream Array,2025-06-10 00:00:49,2025-06-10 00:01:34,1
3DD.003E45CDAB,Starr Boat Launch,7/25/2024,2024,47.983552,-119.887492,LMR,LMR - Lower Methow River at Pateros,2024-07-27 22:48:08,2024-07-27 22:48:16,1
3DD.003E45CDAB,Starr Boat Launch,7/25/2024,2024,47.983552,-119.887492,MRC,MRC - Methow River at Carlton,2025-05-19 00:08:41,2025-05-21 23:24:52,1
3DD.003E45CDAC,Starr Boat Launch,8/17/2023,2023,47.983552,-119.887492,OKL,OKL - Lower Okanogan Instream Array,2023-08-19 04:19:35,2023-08-19 04:19:35,1
3DD.003E45CDAD,Omak Creek,8/1/2024,2024,48.353831,-119.288554,OBF,OBF - Omak Creek below Mission Falls,2025-06-08 12:44:18,2025-06-08 12:44:19,1
3DD.003E45CDAD,Omak Creek,8/1/2024,2024,48.353831,-119.288554,OMH,OMH - Omak Creek Haley Creek Road,2024-08-01 20:58:00,2025-06-08 00:13:23,1
3DD.003E45CDAD,Omak Creek,8/1/2024,2024,48.353831,-119.288554,OMK,OMK - Omak Creek Instream Array,2025-06-17 01:50:01,2025-06-17 01:50:01,1
3DD.003E45CDAE,Omak Creek,8/1/2024,2024,48.353831,-119.288554,ENL,ENL - Lower Entiat River,2025-06-20 01:22:06,2025-06-20 20:37:39,1
3DD.003E45CDAE,Omak Creek,8/1/2024,2024,48.353831,-119.288554,OBF,OBF - Omak Creek below Mission Falls,2025-06-08 15:55:35,2025-06-08 15:55:37,1
3DD.003E45CDAE,Omak Creek,8/1/2024,2024,48.353831,-119.288554,OMH,OMH - Omak Creek Haley Creek Road,2024-08-01 20:55:57,2025-06-08 10:43:46,1
3DD.003E45CDAE,Omak Creek,8/1/2024,2024,48.353831,-119.288554,OMK,OMK - Omak Creek Instream Array,2025-06-10 04:29:11,2025-06-10 04:29:11,1
3DD.003E45CDAF,Starr Boat Launch,7/25/2024,2024,47.983552,-119.887492,CML,CML - Chewuch River Middle Lower,2024-08-07 01:36:53,2024-08-07 01:36:53,1
3DD.003E45CDAF,Starr Boat Launch,7/25/2024,2024,47.983552,-119.887492,CRW,CRW - Chewuch River above Winthrop,2024-08-06 21:14:05,2024-08-06 21:15:32,1
3DD.003E45CDAF,Starr Boat Launch,7/25/2024,2024,47.983552,-119.887492,LMR,LMR - Lower Methow River at Pateros,2024-07-27 01:39:10,2024-07-27 01:39:18,1
3DD.003E45CDAF,Starr Boat Launch,7/25/2024,2024,47.983552,-119.887492,MRC,MRC - Methow River at Carlton,2024-08-02 02:07:07,2024-08-02 02:07:07,1
3DD.003E45CDB1,Omak Creek,8/1/2024,2024,48.353831,-119.288554,OBF,OBF - Omak Creek below Mission Falls,2025-06-12 03:51:31,2025-06-12 03:51:32,1
3DD.003E45CDB1,Omak Creek,8/1/2024,2024,48.353831,-119.288554,OMF,OMF - Omak Creek above Mission Falls,2025-06-12 03:32:35,2025-06-12 03:32:35,1
3DD.003E45CDB1,Omak Creek,8/1/2024,2024,48.353831,-119.288554,OMH,OMH - Omak Creek Haley Creek Road,2025-04-29 19:15:58,2025-06-11 21:15:51,1
3DD.003E45CDB1,Omak Creek,8/1/2024,2024,48.353831,-119.288554,OMK,OMK - Omak Creek Instream Array,2025-06-12 19:32:51,2025-06-12 19:32:51,1
3DD.003E45CDB2,Starr Boat Launch,8/17/2023,2023,47.983552,-119.887492,CML,CML - Chewuch River Middle Lower,2023-08-28 00:29:34,2023-08-28 00:29:34,1
3DD.003E45CDB2,Starr Boat Launch,8/17/2023,2023,47.983552,-119.887492,CMU,CMU - Chewuch River Middle Upper,2023-08-28 01:01:08,2023-08-28 01:01:08,1
3DD.003E45CDB2,Starr Boat Launch,8/17/2023,2023,47.983552,-119.887492,CRU,CRU - Upper Chewuch Instream Array,2023-09-04 00:11:59,2023-09-04 00:12:08,1
3DD.003E45CDB2,Starr Boat Launch,8/17/2023,2023,47.983552,-119.887492,CRW,CRW - Chewuch River above Winthrop,2023-08-27 20:02:33,2023-08-27 20:03:52,1
3DD.003E45CDB2,Starr Boat Launch,8/17/2023,2023,47.983552,-119.887492,MRC,MRC - Methow River at Carlton,2023-08-23 22:35:30,2023-08-23 22:35:30,1
3DD.003E45CDB3,Starr Boat Launch,8/17/2023,2023,47.983552,-119.887492,LMR,LMR - Lower Methow River at Pateros,2023-08-18 22:09:00,2023-08-18 22:09:00,1
3DD.003E45CDB3,Starr Boat Launch,8/17/2023,2023,47.983552,-119.887492,MRC,MRC - Methow River at Carlton,2023-09-09 00:02:05,2023-09-09 00:02:05,1
3DD.003E45CDB4,Omak Creek,8/1/2024,2024,48.353831,-119.288554,OMH,OMH - Omak Creek Haley Creek Road,2024-08-01 20:58:19,2024-08-01 20:58:19,1
3DD.003E45CDB5,Omak Creek,8/1/2024,2024,48.353831,-119.288554,OBF,OBF - Omak Creek below Mission Falls,2025-06-09 21:48:44,2025-06-09 21:48:45,1
3DD.003E45CDB5,Omak Creek,8/1/2024,2024,48.353831,-119.288554,OMF,OMF - Omak Creek above Mission Falls,2025-06-09 20:07:58,2025-06-09 20:07:58,1
3DD.003E45CDB5,Omak Creek,8/1/2024,2024,48.353831,-119.288554,OMH,OMH - Omak Creek Haley Creek Road,2024-08-01 21:19:35,2025-06-07 23:57:05,1
3DD.003E45CDB9,Omak Creek,8/1/2024,2024,48.353831,-119.288554,OBF,OBF - Omak Creek below Mission Falls,2025-07-01 06:32:42,2025-07-01 06:32:43,1
3DD.003E45CDB9,Omak Creek,8/1/2024,2024,48.353831,-119.288554,OMF,OMF - Omak Creek above Mission Falls,2025-07-01 05:56:33,2025-07-01 05:56:33,1
3DD.003E45CDB9,Omak Creek,8/1/2024,2024,48.353831,-119.288554,OMH,OMH - Omak Creek Haley Creek Road,2024-08-03 00:24:37,2025-06-30 03:34:03,1
3DD.003E45CDBB,Omak Creek,8/1/2024,2024,48.353831,-119.288554,OMH,OMH - Omak Creek Haley Creek Road,2024-08-01 20:54:39,2024-08-01 20:55:10,1
3DD.003E45CDBC,Omak Creek,8/1/2024,2024,48.353831,-119.288554,OMH,OMH - Omak Creek Haley Creek Road,2024-08-01 21:02:23,2024-08-01 21:02:50,1
3DD.003E45CDC2,Omak Creek,8/1/2024,2024,48.353831,-119.288554,OMH,OMH - Omak Creek Haley Creek Road,2024-08-01 20:52:55,2024-08-01 20:53:21,1
3DD.003E45CDC3,Omak Creek,8/1/2024,2024,48.353831,-119.288554,OMH,OMH - Omak Creek Haley Creek Road,2024-08-01 21:15:10,2024-08-01 21:15:31,1
3DD.003E45CDC4,Starr Boat Launch,8/17/2023,2023,47.983552,-119.887492,MRC,MRC - Methow River at Carlton,2023-08-24 03:08:34,2023-08-24 03:08:34,1
3DD.003E45CDC5,Omak Creek,8/1/2024,2024,48.353831,-119.288554,OMH,OMH - Omak Creek Haley Creek Road,2024-08-01 21:20:10,2024-08-01 21:20:10,1
3DD.003E45CDC6,Starr Boat Launch,8/17/2023,2023,47.983552,-119.887492,OKL,OKL - Lower Okanogan Instream Array,2024-05-02 02:14:30,2024-05-02 02:14:48,1
3DD.003E45CDC7,Starr Boat Launch,8/17/2023,2023,47.983552,-119.887492,MRC,MRC - Methow River at Carlton,2024-05-09 20:18:08,2024-05-09 20:18:08,1
3DD.003E45CDC8,Starr Boat Launch,7/25/2024,2024,47.983552,-119.887492,LMR,LMR - Lower Methow River at Pateros,2024-07-26 20:59:01,2024-07-26 20:59:01,1
3DD.003E45CDC9,Starr Boat Launch,7/25/2024,2024,47.983552,-119.887492,LMR,LMR - Lower Methow River at Pateros,2024-07-27 22:59:56,2024-07-27 23:00:07,1
3DD.003E45CDCA,Starr Boat Launch,8/17/2023,2023,47.983552,-119.887492,OKL,OKL - Lower Okanogan Instream Array,2023-08-19 23:39:55,2023-08-19 23:39:55,1
3DD.003E45CDCB,Omak Creek,8/1/2024,2024,48.353831,-119.288554,OBF,OBF - Omak Creek below Mission Falls,2025-06-08 12:42:04,2025-06-08 12:42:06,1
3DD.003E45CDCB,Omak Creek,8/1/2024,2024,48.353831,-119.288554,OMH,OMH - Omak Creek Haley Creek Road,2025-05-24 20:00:42,2025-05-30 22:29:34,1
3DD.003E45CDCB,Omak Creek,8/1/2024,2024,48.353831,-119.288554,OMK,OMK - Omak Creek Instream Array,2025-06-13 23:42:28,2025-06-13 23:42:28,1
3DD.003E45CDCC,Starr Boat Launch,7/25/2024,2024,47.983552,-119.887492,LMR,LMR - Lower Methow River at Pateros,2024-07-26 23:52:08,2024-07-26 23:52:16,1
3DD.003E45CDCC,Starr Boat Launch,7/25/2024,2024,47.983552,-119.887492,MRC,MRC - Methow River at Carlton,2024-08-01 02:12:33,2024-08-01 02:12:33,1
3DD.003E45CDCF,Starr Boat Launch,8/17/2023,2023,47.983552,-119.887492,LMR,LMR - Lower Methow River at Pateros,2023-08-18 20:31:08,2023-08-18 20:31:08,1
3DD.003E45CDCF,Starr Boat Launch,8/17/2023,2023,47.983552,-119.887492,MRC,MRC - Methow River at Carlton,2023-08-22 03:07:12,2023-08-22 03:07:12,1
3DD.003E45CDD0,Omak Creek,8/1/2024,2024,48.353831,-119.288554,OMH,OMH - Omak Creek Haley Creek Road,2024-08-05 02:12:32,2024-08-05 02:12:32,1
3DD.003E45CDD1,Starr Boat Launch,7/25/2024,2024,47.983552,-119.887492,LMR,LMR - Lower Methow River at Pateros,2024-07-28 20:54:51,2024-07-28 20:54:51,1
3DD.003E45CDD4,Starr Boat Launch,7/25/2024,2024,47.983552,-119.887492,LMR,LMR - Lower Methow River at Pateros,2024-07-27 00:48:17,2024-07-27 00:48:24,1
3DD.003E45CDD4,Starr Boat Launch,7/25/2024,2024,47.983552,-119.887492,MRC,MRC - Methow River at Carlton,2024-08-07 21:29:17,2024-08-07 21:29:17,1
3DD.003E45CDD6,Omak Creek,8/1/2024,2024,48.353831,-119.288554,OBF,OBF - Omak Creek below Mission Falls,2025-06-12 01:09:07,2025-06-12 01:09:08,1
3DD.003E45CDD6,Omak Creek,8/1/2024,2024,48.353831,-119.288554,OMF,OMF - Omak Creek above Mission Falls,2025-06-11 02:53:39,2025-06-11 02:53:39,1
3DD.003E45CDD6,Omak Creek,8/1/2024,2024,48.353831,-119.288554,OMH,OMH - Omak Creek Haley Creek Road,2024-08-01 21:09:02,2025-06-10 04:10:26,1
3DD.003E45CDD8,Starr Boat Launch,8/17/2023,2023,47.983552,-119.887492,LMR,LMR - Lower Methow River at Pateros,2023-08-18 21:50:06,2023-08-18 21:50:06,1
3DD.003E45CDD8,Starr Boat Launch,8/17/2023,2023,47.983552,-119.887492,MRC,MRC - Methow River at Carlton,2024-05-31 23:32:06,2024-05-31 23:32:07,1
3DD.003E45CDD9,Starr Boat Launch,7/25/2024,2024,47.983552,-119.887492,MRC,MRC - Methow River at Carlton,2025-06-07 12:31:39,2025-06-07 12:31:39,1
3DD.003E45CDDD,Starr Boat Launch,8/17/2023,2023,47.983552,-119.887492,MRC,MRC - Methow River at Carlton,2023-08-23 22:41:04,2023-08-23 22:41:04,1
3DD.003E45CDDE,Similkameen River,8/1/2024,2024,48.98607,-119.613005,OKL,OKL - Lower Okanogan Instream Array,2025-06-02 02:11:15,2025-06-02 02:11:15,1
3DD.003E45CDDF,Omak Creek,8/1/2024,2024,48.353831,-119.288554,OBF,OBF - Omak Creek below Mission Falls,2025-05-31 19:23:35,2025-05-31 19:23:37,1
3DD.003E45CDDF,Omak Creek,8/1/2024,2024,48.353831,-119.288554,OMF,OMF - Omak Creek above Mission Falls,2025-05-31 15:30:34,2025-05-31 15:30:34,1
3DD.003E45CDDF,Omak Creek,8/1/2024,2024,48.353831,-119.288554,OMH,OMH - Omak Creek Haley Creek Road,2024-08-01 21:16:23,2025-05-29 02:17:34,1
3DD.003E45CDE1,Starr Boat Launch,8/17/2023,2023,47.983552,-119.887492,LMR,LMR - Lower Methow River at Pateros,2024-07-06 16:04:20,2024-07-06 16:04:27,1
3DD.003E45CDE2,Omak Creek,8/1/2024,2024,48.353831,-119.288554,OBF,OBF - Omak Creek below Mission Falls,2025-03-25 21:05:07,2025-05-14 20:35:10,1
3DD.003E45CDE3,Omak Creek,8/1/2024,2024,48.353831,-119.288554,OMH,OMH - Omak Creek Haley Creek Road,2024-08-01 21:09:29,2024-08-01 21:09:29,1
3DD.003E45CDE4,Omak Creek,8/1/2024,2024,48.353831,-119.288554,OBF,OBF - Omak Creek below Mission Falls,2025-06-12 04:40:22,2025-06-12 04:40:22,1
3DD.003E45CDE4,Omak Creek,8/1/2024,2024,48.353831,-119.288554,OMF,OMF - Omak Creek above Mission Falls,2025-06-12 04:06:28,2025-06-12 04:06:28,1
3DD.003E45CDE4,Omak Creek,8/1/2024,2024,48.353831,-119.288554,OMH,OMH - Omak Creek Haley Creek Road,2024-08-01 20:39:10,2025-06-09 02:36:38,1
3DD.003E45CDE6,Starr Boat Launch,8/17/2023,2023,47.983552,-119.887492,LMR,LMR - Lower Methow River at Pateros,2024-06-06 01:34:07,2024-06-06 01:35:27,1
3DD.003E45CDE7,Starr Boat Launch,7/25/2024,2024,47.983552,-119.887492,CML,CML - Chewuch River Middle Lower,2024-08-05 02:21:59,2025-05-27 22:28:35,1
3DD.003E45CDE7,Starr Boat Launch,7/25/2024,2024,47.983552,-119.887492,CRW,CRW - Chewuch River above Winthrop,2024-08-04 22:02:30,2025-05-28 15:41:51,1
3DD.003E45CDE7,Starr Boat Launch,7/25/2024,2024,47.983552,-119.887492,LMR,LMR - Lower Methow River at Pateros,2024-07-26 23:27:27,2024-07-26 23:27:58,1
3DD.003E45CDEA,Starr Boat Launch,7/25/2024,2024,47.983552,-119.887492,OKL,OKL - Lower Okanogan Instream Array,2024-07-28 00:20:40,2024-07-28 00:20:46,1
3DD.003E45CDEB,Omak Creek,8/1/2024,2024,48.353831,-119.288554,OBF,OBF - Omak Creek below Mission Falls,2025-06-12 01:30:10,2025-06-12 01:30:10,1
3DD.003E45CDEB,Omak Creek,8/1/2024,2024,48.353831,-119.288554,OMF,OMF - Omak Creek above Mission Falls,2025-06-11 22:21:16,2025-06-11 22:21:16,1
3DD.003E45CDEB,Omak Creek,8/1/2024,2024,48.353831,-119.288554,OMH,OMH - Omak Creek Haley Creek Road,2024-08-01 21:10:22,2025-06-07 23:17:29,1
3DD.003E45CDED,Starr Boat Launch,7/25/2024,2024,47.983552,-119.887492,OKL,OKL - Lower Okanogan Instream Array,2024-07-30 00:30:57,2024-07-30 00:30:57,1
3DD.003E45CDF5,Starr Boat Launch,7/25/2024,2024,47.983552,-119.887492,LMR,LMR - Lower Methow River at Pateros,2024-07-27 00:26:37,2024-07-27 00:26:37,1
3DD.003E45CDF6,Starr Boat Launch,7/25/2024,2024,47.983552,-119.887492,OKL,OKL - Lower Okanogan Instream Array,2024-07-28 00:36:56,2024-07-28 00:37:02,1
3DD.003E45CDF9,Salmon Creek,7/18/2024,2024,48.446022,-119.666279,SA1,SA1 - Salmon Creek Instream Array,2025-06-13 21:44:58,2025-06-13 21:45:08,1
3DD.003E45CDF9,Salmon Creek,7/18/2024,2024,48.446022,-119.666279,SAD,SAD - Salmon Creek Above OID Div.,2025-06-12 22:43:47,2025-06-12 22:43:47,1
3DD.003E45CDFB,Starr Boat Launch,7/25/2024,2024,47.983552,-119.887492,OKL,OKL - Lower Okanogan Instream Array,2025-04-01 07:29:27,2025-04-01 07:29:27,1
3DD.003E45CDFC,Starr Boat Launch,7/25/2024,2024,47.983552,-119.887492,CML,CML - Chewuch River Middle Lower,2024-08-05 23:12:51,2025-05-31 23:20:36,1
3DD.003E45CDFC,Starr Boat Launch,7/25/2024,2024,47.983552,-119.887492,CRW,CRW - Chewuch River above Winthrop,2024-08-05 01:54:50,2025-06-01 23:03:56,1
3DD.003E45CDFC,Starr Boat Launch,7/25/2024,2024,47.983552,-119.887492,LMR,LMR - Lower Methow River at Pateros,2024-07-27 01:00:17,2024-07-27 01:00:26,1
3DD.003E45CDFC,Starr Boat Launch,7/25/2024,2024,47.983552,-119.887492,MRC,MRC - Methow River at Carlton,2024-08-01 20:40:31,2024-08-01 20:40:31,1
3DD.003E45CDFD,Starr Boat Launch,7/25/2024,2024,47.983552,-119.887492,CRW,CRW - Chewuch River above Winthrop,2025-06-08 23:15:09,2025-06-09 17:16:48,1
3DD.003E45CDFD,Starr Boat Launch,7/25/2024,2024,47.983552,-119.887492,LMR,LMR - Lower Methow River at Pateros,2024-07-27 01:33:53,2024-07-27 01:34:02,1
3DD.003E45CDFD,Starr Boat Launch,7/25/2024,2024,47.983552,-119.887492,MRW,MRW - Methow River at Winthrop,2024-08-05 21:24:48,2025-06-08 00:19:24,1
3DD.003E45CDFE,Starr Boat Launch,7/25/2024,2024,47.983552,-119.887492,LMR,LMR - Lower Methow River at Pateros,2024-07-27 23:11:51,2024-07-27 23:11:58,1
3DD.003E45CDFF,Starr Boat Launch,7/25/2024,2024,47.983552,-119.887492,LMR,LMR - Lower Methow River at Pateros,2024-07-28 01:22:17,2024-07-28 01:22:17,1
3DD.003E45CE00,Starr Boat Launch,7/25/2024,2024,47.983552,-119.887492,CML,CML - Chewuch River Middle Lower,2024-08-09 01:27:00,2024-08-10 01:11:21,1
3DD.003E45CE00,Starr Boat Launch,7/25/2024,2024,47.983552,-119.887492,CRW,CRW - Chewuch River above Winthrop,2024-08-05 04:03:35,2024-08-08 21:34:40,1
3DD.003E45CE00,Starr Boat Launch,7/25/2024,2024,47.983552,-119.887492,LMR,LMR - Lower Methow River at Pateros,2024-07-28 22:46:15,2024-07-28 22:47:31,1
3DD.003E45CE00,Starr Boat Launch,7/25/2024,2024,47.983552,-119.887492,MRC,MRC - Methow River at Carlton,2024-08-02 02:41:31,2024-08-02 02:41:31,1
3DD.003E45CE02,Starr Boat Launch,7/25/2024,2024,47.983552,-119.887492,CRW,CRW - Chewuch River above Winthrop,2024-08-06 20:45:53,2024-08-06 20:47:33,1
3DD.003E45CE02,Starr Boat Launch,7/25/2024,2024,47.983552,-119.887492,LMR,LMR - Lower Methow River at Pateros,2024-07-27 21:35:19,2024-07-27 21:35:19,1
3DD.003E45CE02,Starr Boat Launch,7/25/2024,2024,47.983552,-119.887492,MRC,MRC - Methow River at Carlton,2024-08-02 01:08:50,2024-08-02 01:08:50,1
3DD.003E45CE03,Starr Boat Launch,7/25/2024,2024,47.983552,-119.887492,LMR,LMR - Lower Methow River at Pateros,2024-07-27 00:15:34,2024-07-27 00:15:44,1
3DD.003E45CE05,Starr Boat Launch,7/25/2024,2024,47.983552,-119.887492,OKL,OKL - Lower Okanogan Instream Array,2024-07-28 00:45:24,2024-07-28 00:45:35,1
3DD.003E45CE06,Starr Boat Launch,7/25/2024,2024,47.983552,-119.887492,LMR,LMR - Lower Methow River at Pateros,2024-07-27 02:21:56,2024-07-27 02:22:05,1
3DD.003E45CE06,Starr Boat Launch,7/25/2024,2024,47.983552,-119.887492,MRC,MRC - Methow River at Carlton,2024-08-01 00:50:23,2024-08-01 00:50:23,1
3DD.003E45CE07,Starr Boat Launch,7/25/2024,2024,47.983552,-119.887492,ENL,ENL - Lower Entiat River,2025-06-19 21:26:59,2025-06-25 01:45:26,1
3DD.003E45CE08,Starr Boat Launch,7/25/2024,2024,47.983552,-119.887492,OKL,OKL - Lower Okanogan Instream Array,2025-06-27 10:04:27,2025-06-27 10:05:16,1
3DD.003E45CE0C,Starr Boat Launch,7/25/2024,2024,47.983552,-119.887492,CML,CML - Chewuch River Middle Lower,2024-08-06 00:37:26,2024-08-06 00:37:26,1
3DD.003E45CE0C,Starr Boat Launch,7/25/2024,2024,47.983552,-119.887492,CRU,CRU - Upper Chewuch Instream Array,2024-08-08 23:35:25,2024-08-08 23:35:31,1
3DD.003E45CE0C,Starr Boat Launch,7/25/2024,2024,47.983552,-119.887492,CRW,CRW - Chewuch River above Winthrop,2024-08-05 02:34:24,2024-08-05 02:35:52,1
3DD.003E45CE0C,Starr Boat Launch,7/25/2024,2024,47.983552,-119.887492,LMR,LMR - Lower Methow River at Pateros,2024-07-27 22:32:10,2024-07-27 22:32:20,1
3DD.003E45CE0D,Starr Boat Launch,7/25/2024,2024,47.983552,-119.887492,WEH,WEH - Wells Dam Hatchery,2024-09-12 03:46:15,2024-09-12 22:15:12,1
3DD.003E45CE0E,Starr Boat Launch,7/25/2024,2024,47.983552,-119.887492,MRC,MRC - Methow River at Carlton,2025-05-18 01:51:53,2025-06-28 12:07:01,1
3DD.003E45CE0F,Starr Boat Launch,7/25/2024,2024,47.983552,-119.887492,CML,CML - Chewuch River Middle Lower,2024-08-08 01:57:06,2024-08-08 01:57:06,1
3DD.003E45CE0F,Starr Boat Launch,7/25/2024,2024,47.983552,-119.887492,CRW,CRW - Chewuch River above Winthrop,2024-08-07 22:01:06,2024-08-07 22:02:21,1
3DD.003E45CE0F,Starr Boat Launch,7/25/2024,2024,47.983552,-119.887492,LMR,LMR - Lower Methow River at Pateros,2024-07-31 00:43:20,2024-07-31 00:43:20,1
3DD.003E45CE0F,Starr Boat Launch,7/25/2024,2024,47.983552,-119.887492,MEM,MEM - Eightmile Acclimation Pond,2025-06-03 22:21:06,2025-06-04 00:09:39,1
3DD.003E45CE11,Starr Boat Launch,7/25/2024,2024,47.983552,-119.887492,CML,CML - Chewuch River Middle Lower,2024-08-10 02:53:11,2025-06-06 12:54:26,1
3DD.003E45CE11,Starr Boat Launch,7/25/2024,2024,47.983552,-119.887492,CRW,CRW - Chewuch River above Winthrop,2024-08-09 22:07:52,2025-06-08 01:17:20,1
3DD.003E45CE11,Starr Boat Launch,7/25/2024,2024,47.983552,-119.887492,LMR,LMR - Lower Methow River at Pateros,2024-07-27 22:46:33,2024-07-27 22:46:41,1
3DD.003E45CE12,Starr Boat Launch,7/25/2024,2024,47.983552,-119.887492,LMR,LMR - Lower Methow River at Pateros,2024-07-29 00:23:21,2024-07-29 00:23:36,1
3DD.003E45CE13,Starr Boat Launch,7/25/2024,2024,47.983552,-119.887492,OKL,OKL - Lower Okanogan Instream Array,2024-07-29 01:12:25,2024-07-29 01:12:33,1
3DD.003E45CE14,Starr Boat Launch,7/25/2024,2024,47.983552,-119.887492,CML,CML - Chewuch River Middle Lower,2024-08-18 21:03:17,2024-08-18 21:03:17,1
3DD.003E45CE14,Starr Boat Launch,7/25/2024,2024,47.983552,-119.887492,CRU,CRU - Upper Chewuch Instream Array,2024-08-29 02:01:13,2025-05-23 13:18:33,1
3DD.003E45CE14,Starr Boat Launch,7/25/2024,2024,47.983552,-119.887492,CRW,CRW - Chewuch River above Winthrop,2024-08-17 23:33:04,2024-08-17 23:34:31,1
3DD.003E45CE14,Starr Boat Launch,7/25/2024,2024,47.983552,-119.887492,LMR,LMR - Lower Methow River at Pateros,2024-07-28 21:52:58,2024-07-28 21:53:07,1
3DD.003E45CE15,Starr Boat Launch,7/25/2024,2024,47.983552,-119.887492,CML,CML - Chewuch River Middle Lower,2024-08-04 03:06:51,2024-08-04 03:06:51,1
3DD.003E45CE15,Starr Boat Launch,7/25/2024,2024,47.983552,-119.887492,CRU,CRU - Upper Chewuch Instream Array,2024-08-07 00:40:57,2025-03-22 23:26:54,1
3DD.003E45CE15,Starr Boat Launch,7/25/2024,2024,47.983552,-119.887492,CRW,CRW - Chewuch River above Winthrop,2024-08-03 23:09:09,2025-05-30 21:53:05,1
3DD.003E45CE15,Starr Boat Launch,7/25/2024,2024,47.983552,-119.887492,LMR,LMR - Lower Methow River at Pateros,2024-07-27 00:06:54,2024-07-27 00:07:02,1
3DD.003E45CE15,Starr Boat Launch,7/25/2024,2024,47.983552,-119.887492,MRC,MRC - Methow River at Carlton,2025-06-17 15:16:50,2025-06-17 15:16:50,1
3DD.003E45CE16,Starr Boat Launch,7/25/2024,2024,47.983552,-119.887492,LMR,LMR - Lower Methow River at Pateros,2024-08-19 20:16:09,2025-06-15 07:37:57,1
3DD.003E45CE16,Starr Boat Launch,7/25/2024,2024,47.983552,-119.887492,WEA,"WEA - Wells Dam, DCPUD Adult Ladders",2024-08-15 06:16:42,2024-08-15 06:19:10,1
3DD.003E45CE18,Starr Boat Launch,7/25/2024,2024,47.983552,-119.887492,CML,CML - Chewuch River Middle Lower,2024-08-15 23:25:27,2025-06-04 22:31:28,1
3DD.003E45CE18,Starr Boat Launch,7/25/2024,2024,47.983552,-119.887492,CRW,CRW - Chewuch River above Winthrop,2024-08-13 23:46:03,2025-06-05 17:48:45,1
3DD.003E45CE18,Starr Boat Launch,7/25/2024,2024,47.983552,-119.887492,LMR,LMR - Lower Methow River at Pateros,2024-07-27 00:03:02,2024-07-27 00:03:02,1
3DD.003E45CE18,Starr Boat Launch,7/25/2024,2024,47.983552,-119.887492,MRC,MRC - Methow River at Carlton,2024-08-02 00:44:51,2024-08-02 00:44:51,1
3DD.003E45CE1A,Starr Boat Launch,7/25/2024,2024,47.983552,-119.887492,CML,CML - Chewuch River Middle Lower,2024-08-08 21:31:36,2025-06-12 06:51:37,1
3DD.003E45CE1A,Starr Boat Launch,7/25/2024,2024,47.983552,-119.887492,CRU,CRU - Upper Chewuch Instream Array,2025-06-11 16:39:14,2025-06-11 18:40:51,1
3DD.003E45CE1A,Starr Boat Launch,7/25/2024,2024,47.983552,-119.887492,CRW,CRW - Chewuch River above Winthrop,2024-08-08 00:59:59,2024-08-08 01:01:27,1
3DD.003E45CE1A,Starr Boat Launch,7/25/2024,2024,47.983552,-119.887492,LMR,LMR - Lower Methow River at Pateros,2024-07-29 22:55:52,2024-07-29 22:56:49,1
3DD.003E45CE1A,Starr Boat Launch,7/25/2024,2024,47.983552,-119.887492,MRC,MRC - Methow River at Carlton,2025-06-18 04:31:55,2025-06-18 04:31:55,1
3DD.003E45CE1B,Starr Boat Launch,7/25/2024,2024,47.983552,-119.887492,CML,CML - Chewuch River Middle Lower,2024-08-17 01:46:00,2024-08-17 21:17:31,1
3DD.003E45CE1B,Starr Boat Launch,7/25/2024,2024,47.983552,-119.887492,CRW,CRW - Chewuch River above Winthrop,2024-08-05 00:20:48,2024-08-05 00:22:05,1
3DD.003E45CE1B,Starr Boat Launch,7/25/2024,2024,47.983552,-119.887492,LMR,LMR - Lower Methow River at Pateros,2024-07-27 01:24:40,2024-07-27 01:25:25,1
3DD.003E45CE1D,Starr Boat Launch,7/25/2024,2024,47.983552,-119.887492,LMR,LMR - Lower Methow River at Pateros,2024-07-27 22:12:59,2024-07-27 22:12:59,1
3DD.003E45CE1D,Starr Boat Launch,7/25/2024,2024,47.983552,-119.887492,MRW,MRW - Methow River at Winthrop,2024-08-05 00:32:27,2024-08-05 00:32:56,1
3DD.003E45CE1E,Starr Boat Launch,7/25/2024,2024,47.983552,-119.887492,OKL,OKL - Lower Okanogan Instream Array,2025-04-21 01:50:58,2025-04-21 01:50:58,1
3DD.003E45CE20,Starr Boat Launch,7/25/2024,2024,47.983552,-119.887492,CML,CML - Chewuch River Middle Lower,2024-08-09 02:37:24,2024-08-09 02:37:24,1
3DD.003E45CE20,Starr Boat Launch,7/25/2024,2024,47.983552,-119.887492,CRU,CRU - Upper Chewuch Instream Array,2024-08-13 00:39:35,2024-08-13 00:39:45,1
3DD.003E45CE20,Starr Boat Launch,7/25/2024,2024,47.983552,-119.887492,CRW,CRW - Chewuch River above Winthrop,2024-08-08 21:24:01,2024-08-08 21:25:27,1
3DD.003E45CE20,Starr Boat Launch,7/25/2024,2024,47.983552,-119.887492,LMR,LMR - Lower Methow River at Pateros,2024-07-27 21:52:20,2024-07-27 21:52:26,1
3DD.003E45CE22,Starr Boat Launch,7/25/2024,2024,47.983552,-119.887492,LMR,LMR - Lower Methow River at Pateros,2024-07-27 02:09:01,2024-07-27 02:09:12,1
3DD.003E45CE23,Starr Boat Launch,7/25/2024,2024,47.983552,-119.887492,OKL,OKL - Lower Okanogan Instream Array,2025-06-18 07:57:48,2025-06-18 07:59:34,1
3DD.003E45CE25,Starr Boat Launch,7/25/2024,2024,47.983552,-119.887492,LMR,LMR - Lower Methow River at Pateros,2024-07-27 22:41:01,2024-07-27 22:41:13,1
3DD.003E45CE25,Starr Boat Launch,7/25/2024,2024,47.983552,-119.887492,MRC,MRC - Methow River at Carlton,2025-05-28 15:42:45,2025-05-28 15:42:45,1
3DD.003E45CE26,Starr Boat Launch,7/25/2024,2024,47.983552,-119.887492,OKL,OKL - Lower Okanogan Instream Array,2024-07-28 23:18:44,2024-07-28 23:18:57,1
3DD.003E45CE27,Starr Boat Launch,7/25/2024,2024,47.983552,-119.887492,LMR,LMR - Lower Methow River at Pateros,2024-07-27 01:27:36,2024-07-27 01:27:36,1
3DD.003E45CE28,Starr Boat Launch,7/25/2024,2024,47.983552,-119.887492,CML,CML - Chewuch River Middle Lower,2024-08-05 20:24:30,2024-08-05 20:24:30,1
3DD.003E45CE28,Starr Boat Launch,7/25/2024,2024,47.983552,-119.887492,CRU,CRU - Upper Chewuch Instream Array,2024-08-08 23:55:48,2024-08-08 23:55:56,1
3DD.003E45CE28,Starr Boat Launch,7/25/2024,2024,47.983552,-119.887492,CRW,CRW - Chewuch River above Winthrop,2024-08-04 23:04:37,2024-08-04 23:06:04,1
3DD.003E45CE28,Starr Boat Launch,7/25/2024,2024,47.983552,-119.887492,LMR,LMR - Lower Methow River at Pateros,2024-07-26 22:18:47,2024-07-26 22:18:55,1
3DD.003E45CE28,Starr Boat Launch,7/25/2024,2024,47.983552,-119.887492,MRC,MRC - Methow River at Carlton,2024-08-01 00:33:25,2024-08-01 00:33:25,1
3DD.003E45CE29,Starr Boat Launch,7/25/2024,2024,47.983552,-119.887492,LMR,LMR - Lower Methow River at Pateros,2024-07-26 22:44:41,2024-07-26 22:44:50,1
3DD.003E45CE2C,Starr Boat Launch,7/25/2024,2024,47.983552,-119.887492,CML,CML - Chewuch River Middle Lower,2024-08-04 00:31:55,2025-06-16 02:41:17,1
3DD.003E45CE2C,Starr Boat Launch,7/25/2024,2024,47.983552,-119.887492,CRU,CRU - Upper Chewuch Instream Array,2024-08-06 01:45:53,2025-06-07 13:58:01,1
3DD.003E45CE2C,Starr Boat Launch,7/25/2024,2024,47.983552,-119.887492,CRW,CRW - Chewuch River above Winthrop,2024-08-03 20:37:25,2025-06-11 23:14:12,1
3DD.003E45CE2C,Starr Boat Launch,7/25/2024,2024,47.983552,-119.887492,LMR,LMR - Lower Methow River at Pateros,2024-07-26 23:33:29,2024-07-26 23:33:40,1
3DD.003E45CE2F,Starr Boat Launch,7/25/2024,2024,47.983552,-119.887492,CML,CML - Chewuch River Middle Lower,2024-08-04 03:31:39,2024-08-04 03:31:39,1
3DD.003E45CE2F,Starr Boat Launch,7/25/2024,2024,47.983552,-119.887492,CRU,CRU - Upper Chewuch Instream Array,2024-08-06 22:01:17,2025-06-11 02:43:13,1
3DD.003E45CE2F,Starr Boat Launch,7/25/2024,2024,47.983552,-119.887492,CRW,CRW - Chewuch River above Winthrop,2024-08-04 00:14:49,2024-08-04 00:15:56,1
3DD.003E45CE2F,Starr Boat Launch,7/25/2024,2024,47.983552,-119.887492,LMR,LMR - Lower Methow River at Pateros,2024-07-28 02:34:47,2024-07-28 02:34:47,1
3DD.003E45CE30,Starr Boat Launch,7/25/2024,2024,47.983552,-119.887492,CML,CML - Chewuch River Middle Lower,2024-08-09 02:53:08,2024-08-09 02:53:08,1
3DD.003E45CE30,Starr Boat Launch,7/25/2024,2024,47.983552,-119.887492,CRW,CRW - Chewuch River above Winthrop,2024-08-08 21:16:24,2025-06-03 12:27:50,1
3DD.003E45CE30,Starr Boat Launch,7/25/2024,2024,47.983552,-119.887492,LMR,LMR - Lower Methow River at Pateros,2024-07-29 22:24:58,2024-07-29 22:25:12,1
3DD.003E45CE30,Starr Boat Launch,7/25/2024,2024,47.983552,-119.887492,MRC,MRC - Methow River at Carlton,2025-06-17 10:16:13,2025-06-17 10:16:13,1
3DD.003E45CE32,Starr Boat Launch,7/25/2024,2024,47.983552,-119.887492,LMR,LMR - Lower Methow River at Pateros,2025-05-19 22:38:52,2025-05-19 22:50:15,1
3DD.003E45CE33,Starr Boat Launch,7/25/2024,2024,47.983552,-119.887492,LMR,LMR - Lower Methow River at Pateros,2025-06-24 18:48:44,2025-06-24 18:48:44,1
3DD.003E45CE35,Starr Boat Launch,7/25/2024,2024,47.983552,-119.887492,LMR,LMR - Lower Methow River at Pateros,2024-07-27 01:17:35,2025-07-06 22:42:51,1
3DD.003E45CE38,Starr Boat Launch,7/25/2024,2024,47.983552,-119.887492,LMR,LMR - Lower Methow River at Pateros,2024-07-27 20:49:09,2024-07-27 20:49:19,1
3DD.003E45CE38,Starr Boat Launch,7/25/2024,2024,47.983552,-119.887492,MRC,MRC - Methow River at Carlton,2024-08-02 02:50:04,2024-08-02 02:50:04,1
3DD.003E45CE3B,Starr Boat Launch,7/25/2024,2024,47.983552,-119.887492,OKL,OKL - Lower Okanogan Instream Array,2024-07-28 00:47:55,2024-07-28 00:47:55,1
3DD.003E45CE3C,Starr Boat Launch,7/25/2024,2024,47.983552,-119.887492,LMR,LMR - Lower Methow River at Pateros,2024-07-27 00:26:11,2024-07-27 00:26:11,1
3DD.003E45CE3C,Starr Boat Launch,7/25/2024,2024,47.983552,-119.887492,MRC,MRC - Methow River at Carlton,2025-05-21 23:51:09,2025-05-21 23:52:09,1
3DD.003E45CE3D,Starr Boat Launch,7/25/2024,2024,47.983552,-119.887492,CML,CML - Chewuch River Middle Lower,2025-06-27 00:59:51,2025-06-27 00:59:51,1
3DD.003E45CE3D,Starr Boat Launch,7/25/2024,2024,47.983552,-119.887492,CRU,CRU - Upper Chewuch Instream Array,2025-07-01 22:02:03,2026-06-17 22:28:03,1
3DD.003E45CE3D,Starr Boat Launch,7/25/2024,2024,47.983552,-119.887492,CRW,CRW - Chewuch River above Winthrop,2025-06-26 00:24:54,2025-06-26 00:24:54,1
3DD.003E45CE3D,Starr Boat Launch,7/25/2024,2024,47.983552,-119.887492,MRC,MRC - Methow River at Carlton,2025-06-17 21:28:31,2025-06-17 21:28:31,1
3DD.003E45CE3E,Starr Boat Launch,7/25/2024,2024,47.983552,-119.887492,OKL,OKL - Lower Okanogan Instream Array,2024-07-28 02:59:48,2024-07-28 02:59:48,1
3DD.003E45CE3F,Starr Boat Launch,7/25/2024,2024,47.983552,-119.887492,CML,CML - Chewuch River Middle Lower,2024-08-04 22:06:49,2024-08-04 22:06:49,1
3DD.003E45CE3F,Starr Boat Launch,7/25/2024,2024,47.983552,-119.887492,CRU,CRU - Upper Chewuch Instream Array,2024-08-07 00:50:04,2025-06-08 01:29:03,1
3DD.003E45CE3F,Starr Boat Launch,7/25/2024,2024,47.983552,-119.887492,CRW,CRW - Chewuch River above Winthrop,2024-08-04 00:58:04,2024-08-04 00:59:20,1
3DD.003E45CE3F,Starr Boat Launch,7/25/2024,2024,47.983552,-119.887492,LMR,LMR - Lower Methow River at Pateros,2024-07-26 23:34:54,2024-07-26 23:34:54,1
3DD.003E45CE3F,Starr Boat Launch,7/25/2024,2024,47.983552,-119.887492,MRC,MRC - Methow River at Carlton,2024-07-31 20:44:36,2024-07-31 20:44:36,1
3DD.003E45CE40,Starr Boat Launch,7/25/2024,2024,47.983552,-119.887492,LMR,LMR - Lower Methow River at Pateros,2024-07-27 02:58:51,2024-07-27 02:58:51,1
3DD.003E45CE43,Starr Boat Launch,7/25/2024,2024,47.983552,-119.887492,CML,CML - Chewuch River Middle Lower,2024-08-05 23:02:33,2024-08-05 23:02:33,1
3DD.003E45CE43,Starr Boat Launch,7/25/2024,2024,47.983552,-119.887492,CRW,CRW - Chewuch River above Winthrop,2024-08-05 01:29:33,2024-08-05 01:31:10,1
3DD.003E45CE43,Starr Boat Launch,7/25/2024,2024,47.983552,-119.887492,LMR,LMR - Lower Methow River at Pateros,2024-07-27 01:18:15,2024-07-27 01:18:26,1
3DD.003E45CE45,Starr Boat Launch,7/25/2024,2024,47.983552,-119.887492,OKL,OKL - Lower Okanogan Instream Array,2024-07-27 22:48:01,2024-07-27 22:48:01,1
3DD.003E45CE47,Starr Boat Launch,7/25/2024,2024,47.983552,-119.887492,LMR,LMR - Lower Methow River at Pateros,2024-07-27 22:49:32,2024-07-27 22:49:42,1
3DD.003E45CE47,Starr Boat Launch,7/25/2024,2024,47.983552,-119.887492,MRC,MRC - Methow River at Carlton,2024-08-24 00:39:44,2024-08-24 00:39:44,1
3DD.003E45CE48,Starr Boat Launch,7/25/2024,2024,47.983552,-119.887492,LMR,LMR - Lower Methow River at Pateros,2024-07-28 01:44:54,2024-07-28 01:44:54,1
3DD.003E45CE48,Starr Boat Launch,7/25/2024,2024,47.983552,-119.887492,MRC,MRC - Methow River at Carlton,2025-05-07 21:16:13,2025-05-07 21:16:13,1
3DD.003E45CE4B,Starr Boat Launch,7/25/2024,2024,47.983552,-119.887492,CML,CML - Chewuch River Middle Lower,2024-08-06 01:03:46,2024-08-06 01:03:46,1
3DD.003E45CE4B,Starr Boat Launch,7/25/2024,2024,47.983552,-119.887492,CRU,CRU - Upper Chewuch Instream Array,2024-08-08 02:36:54,2025-06-26 01:23:59,1
3DD.003E45CE4B,Starr Boat Launch,7/25/2024,2024,47.983552,-119.887492,CRW,CRW - Chewuch River above Winthrop,2024-08-05 21:00:26,2024-08-05 21:00:26,1
3DD.003E45CE4B,Starr Boat Launch,7/25/2024,2024,47.983552,-119.887492,LMR,LMR - Lower Methow River at Pateros,2024-07-27 22:31:53,2024-07-27 22:32:02,1
3DD.003E45CE4B,Starr Boat Launch,7/25/2024,2024,47.983552,-119.887492,MRC,MRC - Methow River at Carlton,2024-08-01 23:17:00,2024-08-01 23:17:00,1
3DD.003E45CE4C,Starr Boat Launch,7/25/2024,2024,47.983552,-119.887492,CRW,CRW - Chewuch River above Winthrop,2025-05-25 04:32:46,2025-05-26 13:48:06,1
3DD.003E45CE4C,Starr Boat Launch,7/25/2024,2024,47.983552,-119.887492,LMR,LMR - Lower Methow River at Pateros,2024-08-06 02:01:01,2024-08-06 02:01:12,1
3DD.003E45CE4C,Starr Boat Launch,7/25/2024,2024,47.983552,-119.887492,MRC,MRC - Methow River at Carlton,2024-08-10 00:53:41,2024-08-10 00:53:41,1
3DD.003E45CE4C,Starr Boat Launch,7/25/2024,2024,47.983552,-119.887492,MRW,MRW - Methow River at Winthrop,2024-08-14 00:16:57,2025-05-16 21:27:28,1
3DD.003E45CE4C,Starr Boat Launch,7/25/2024,2024,47.983552,-119.887492,WEA,"WEA - Wells Dam, DCPUD Adult Ladders",2024-08-02 22:50:40,2024-08-03 04:01:22,1
3DD.003E45CE4E,Starr Boat Launch,7/25/2024,2024,47.983552,-119.887492,LMR,LMR - Lower Methow River at Pateros,2024-07-27 00:41:14,2024-07-27 00:41:25,1
3DD.003E45CE4E,Starr Boat Launch,7/25/2024,2024,47.983552,-119.887492,MRC,MRC - Methow River at Carlton,2025-05-27 20:48:09,2025-05-27 20:48:09,1
3DD.003E45CE4F,Starr Boat Launch,7/25/2024,2024,47.983552,-119.887492,CML,CML - Chewuch River Middle Lower,2024-08-06 01:00:34,2025-05-28 21:17:15,1
3DD.003E45CE4F,Starr Boat Launch,7/25/2024,2024,47.983552,-119.887492,CRW,CRW - Chewuch River above Winthrop,2024-08-05 02:07:01,2025-05-29 22:55:10,1
3DD.003E45CE4F,Starr Boat Launch,7/25/2024,2024,47.983552,-119.887492,LMR,LMR - Lower Methow River at Pateros,2024-07-27 01:17:59,2024-07-27 01:18:06,1
3DD.003E45CE51,Starr Boat Launch,7/25/2024,2024,47.983552,-119.887492,LMR,LMR - Lower Methow River at Pateros,2024-07-26 23:59:42,2025-06-20 10:28:13,1
3DD.003E45CE51,Starr Boat Launch,7/25/2024,2024,47.983552,-119.887492,MRC,MRC - Methow River at Carlton,2025-06-10 12:16:00,2025-06-10 12:16:00,1
3DD.003E45CE53,Starr Boat Launch,7/25/2024,2024,47.983552,-119.887492,LMR,LMR - Lower Methow River at Pateros,2024-07-27 00:15:45,2024-07-27 00:15:57,1
3DD.003E45CE54,Starr Boat Launch,7/25/2024,2024,47.983552,-119.887492,LMR,LMR - Lower Methow River at Pateros,2024-07-27 00:23:15,2024-07-27 00:23:25,1
3DD.003E45CE57,Starr Boat Launch,7/25/2024,2024,47.983552,-119.887492,OKL,OKL - Lower Okanogan Instream Array,2024-07-28 03:22:12,2024-07-28 03:22:12,1
3DD.003E45CE58,Starr Boat Launch,7/25/2024,2024,47.983552,-119.887492,WEH,WEH - Wells Dam Hatchery,2024-09-08 02:44:01,2024-09-14 22:57:58,1
3DD.003E45CEBE,Salmon Creek,7/18/2024,2024,48.446022,-119.666279,SA1,SA1 - Salmon Creek Instream Array,2025-07-02 12:23:58,2025-07-02 12:24:21,1
3DD.003E45CEBE,Salmon Creek,7/18/2024,2024,48.446022,-119.666279,SAD,SAD - Salmon Creek Above OID Div.,2025-07-01 00:35:26,2025-07-01 00:35:26,1
3DD.003E45CEC0,Loup Loup Creek,7/18/2024,2024,48.375647,-119.763312,LLF,LLF - Loup Loup Falls,2025-06-15 22:29:37,2025-06-15 22:58:47,1
3DD.003E45CEC3,Salmon Creek,7/18/2024,2024,48.446022,-119.666279,SAD,SAD - Salmon Creek Above OID Div.,2024-07-18 23:48:27,2024-07-18 23:48:27,1
3DD.003E45CEC5,Salmon Creek,7/18/2024,2024,48.446022,-119.666279,SAD,SAD - Salmon Creek Above OID Div.,2024-07-19 21:40:11,2024-07-19 21:40:11,1
3DD.003E45CEC8,Salmon Creek,7/18/2024,2024,48.446022,-119.666279,SA1,SA1 - Salmon Creek Instream Array,2024-07-24 23:18:55,2024-07-24 23:19:10,1
3DD.003E45CEC8,Salmon Creek,7/18/2024,2024,48.446022,-119.666279,SAD,SAD - Salmon Creek Above OID Div.,2024-07-19 00:26:38,2024-07-19 00:27:00,1
3DD.003E45CEC9,Loup Loup Creek,7/18/2024,2024,48.375647,-119.763312,LLC,LLC - Loup Loup Creek Instream Array,2025-03-27 23:05:56,2025-03-27 23:06:09,1
3DD.003E45CEC9,Loup Loup Creek,7/18/2024,2024,48.375647,-119.763312,LLF,LLF - Loup Loup Falls,2024-08-04 22:00:30,2024-08-04 22:00:30,1
3DD.003E45CECA,Salmon Creek,7/18/2024,2024,48.446022,-119.666279,SA1,SA1 - Salmon Creek Instream Array,2024-07-19 23:08:48,2024-07-19 23:09:05,1
3DD.003E45CECA,Salmon Creek,7/18/2024,2024,48.446022,-119.666279,SAD,SAD - Salmon Creek Above OID Div.,2024-07-18 22:43:52,2024-07-18 22:44:15,1
3DD.003E45CECC,Loup Loup Creek,7/18/2024,2024,48.375647,-119.763312,LLC,LLC - Loup Loup Creek Instream Array,2025-06-12 00:10:03,2025-06-12 00:10:19,1
3DD.003E45CECC,Loup Loup Creek,7/18/2024,2024,48.375647,-119.763312,LLF,LLF - Loup Loup Falls,2025-06-11 01:11:23,2025-06-11 01:11:23,1
3DD.003E45CECC,Loup Loup Creek,7/18/2024,2024,48.375647,-119.763312,OKL,OKL - Lower Okanogan Instream Array,2025-06-12 00:20:42,2025-06-12 00:20:42,1
3DD.003E45CECD,Loup Loup Creek,7/18/2024,2024,48.375647,-119.763312,LLC,LLC - Loup Loup Creek Instream Array,2025-06-22 20:48:50,2025-06-22 20:50:26,1
3DD.003E45CECD,Loup Loup Creek,7/18/2024,2024,48.375647,-119.763312,LLF,LLF - Loup Loup Falls,2025-06-22 01:35:12,2025-06-22 01:35:12,1
3DD.003E45CED1,Salmon Creek,7/18/2024,2024,48.446022,-119.666279,SA1,SA1 - Salmon Creek Instream Array,2025-06-02 22:39:13,2025-06-02 22:39:13,1
3DD.003E45CED1,Salmon Creek,7/18/2024,2024,48.446022,-119.666279,SAD,SAD - Salmon Creek Above OID Div.,2025-06-02 01:20:36,2025-06-02 01:20:36,1
3DD.003E45CED4,Loup Loup Creek,7/18/2024,2024,48.375647,-119.763312,LLC,LLC - Loup Loup Creek Instream Array,2025-05-14 23:56:50,2025-05-14 23:56:50,1
3DD.003E45CED4,Loup Loup Creek,7/18/2024,2024,48.375647,-119.763312,OKL,OKL - Lower Okanogan Instream Array,2025-05-21 07:37:00,2025-05-21 07:37:06,1
3DD.003E45CED9,Loup Loup Creek,7/18/2024,2024,48.375647,-119.763312,LLC,LLC - Loup Loup Creek Instream Array,2025-03-26 05:18:56,2025-03-26 05:19:27,1
3DD.003E45CED9,Loup Loup Creek,7/18/2024,2024,48.375647,-119.763312,LLF,LLF - Loup Loup Falls,2024-07-31 21:26:59,2024-07-31 21:26:59,1
3DD.003E45CEDD,Loup Loup Creek,7/18/2024,2024,48.375647,-119.763312,LLF,LLF - Loup Loup Falls,2025-06-10 19:00:02,2025-06-15 23:11:32,1
3DD.003E45CEE4,Loup Loup Creek,7/18/2024,2024,48.375647,-119.763312,LLC,LLC - Loup Loup Creek Instream Array,2025-05-22 15:35:01,2025-05-22 15:35:12,1
3DD.003E45CEE4,Loup Loup Creek,7/18/2024,2024,48.375647,-119.763312,LLF,LLF - Loup Loup Falls,2025-05-20 12:21:25,2025-05-20 12:21:25,1
3DD.003E45CEE8,Salmon Creek,7/18/2024,2024,48.446022,-119.666279,SA1,SA1 - Salmon Creek Instream Array,2025-05-25 21:15:53,2025-05-25 21:15:53,1
3DD.003E45CEE8,Salmon Creek,7/18/2024,2024,48.446022,-119.666279,SAD,SAD - Salmon Creek Above OID Div.,2024-07-19 00:00:45,2024-07-19 00:01:08,1
3DD.003E45CEE9,Salmon Creek,7/18/2024,2024,48.446022,-119.666279,SAD,SAD - Salmon Creek Above OID Div.,2024-07-18 23:04:20,2024-09-25 21:21:11,1
3DD.003E45CEEA,Loup Loup Creek,7/18/2024,2024,48.375647,-119.763312,LLC,LLC - Loup Loup Creek Instream Array,2025-06-20 06:18:10,2025-06-20 06:18:55,1
3DD.003E45CEEA,Loup Loup Creek,7/18/2024,2024,48.375647,-119.763312,LLF,LLF - Loup Loup Falls,2024-07-28 21:33:27,2024-07-28 21:33:27,1
3DD.003E45CEEE,Salmon Creek,7/18/2024,2024,48.446022,-119.666279,SA1,SA1 - Salmon Creek Instream Array,2024-07-20 22:20:26,2025-05-01 00:03:12,1
3DD.003E45CEEE,Salmon Creek,7/18/2024,2024,48.446022,-119.666279,SAD,SAD - Salmon Creek Above OID Div.,2024-07-18 23:24:42,2024-07-18 23:24:42,1
3DD.003E45CEF0,Loup Loup Creek,7/18/2024,2024,48.375647,-119.763312,LLC,LLC - Loup Loup Creek Instream Array,2025-06-09 22:00:01,2025-06-09 22:00:41,1
3DD.003E45CEF2,Loup Loup Creek,7/18/2024,2024,48.375647,-119.763312,LLC,LLC - Loup Loup Creek Instream Array,2025-05-31 01:01:46,2025-05-31 01:01:46,1
3DD.003E45CEF2,Loup Loup Creek,7/18/2024,2024,48.375647,-119.763312,LLF,LLF - Loup Loup Falls,2025-05-30 02:25:41,2025-05-30 02:25:41,1
3DD.003E45CEF2,Loup Loup Creek,7/18/2024,2024,48.375647,-119.763312,OKL,OKL - Lower Okanogan Instream Array,2025-06-07 06:23:11,2025-06-07 06:23:11,1
3DD.003E45CEF3,Salmon Creek,7/18/2024,2024,48.446022,-119.666279,SA1,SA1 - Salmon Creek Instream Array,2025-07-04 23:29:54,2025-07-04 23:30:02,1
3DD.003E45CEF3,Salmon Creek,7/18/2024,2024,48.446022,-119.666279,SAD,SAD - Salmon Creek Above OID Div.,2025-06-26 04:44:02,2025-06-26 04:44:02,1
3DD.003E45CEF4,Loup Loup Creek,7/18/2024,2024,48.375647,-119.763312,LLC,LLC - Loup Loup Creek Instream Array,2025-06-13 23:07:20,2025-06-15 12:55:23,1
3DD.003E45CEF4,Loup Loup Creek,7/18/2024,2024,48.375647,-119.763312,LLF,LLF - Loup Loup Falls,2024-08-03 23:37:52,2024-08-03 23:37:52,1
3DD.003E45CEF4,Loup Loup Creek,7/18/2024,2024,48.375647,-119.763312,OKL,OKL - Lower Okanogan Instream Array,2025-06-17 05:23:51,2025-06-17 05:24:06,1
3DD.003E45CEF5,Loup Loup Creek,7/18/2024,2024,48.375647,-119.763312,LLC,LLC - Loup Loup Creek Instream Array,2025-06-16 01:15:39,2025-06-16 02:08:05,1
3DD.003E45CEF5,Loup Loup Creek,7/18/2024,2024,48.375647,-119.763312,LLF,LLF - Loup Loup Falls,2025-06-03 20:58:36,2025-06-03 22:31:52,1
3DD.003E45CEF6,Salmon Creek,7/18/2024,2024,48.446022,-119.666279,SA1,SA1 - Salmon Creek Instream Array,2025-07-02 00:03:40,2025-07-02 00:03:46,1
3DD.003E45CEF6,Salmon Creek,7/18/2024,2024,48.446022,-119.666279,SAD,SAD - Salmon Creek Above OID Div.,2025-06-30 01:23:55,2025-06-30 01:23:55,1
3DD.003E45CEF8,Loup Loup Creek,7/18/2024,2024,48.375647,-119.763312,LLC,LLC - Loup Loup Creek Instream Array,2025-05-22 23:34:19,2025-05-22 23:34:32,1
3DD.003E45CEF8,Loup Loup Creek,7/18/2024,2024,48.375647,-119.763312,LLF,LLF - Loup Loup Falls,2024-11-03 19:13:50,2024-11-03 19:13:50,1
3DD.003E45CEFA,Salmon Creek,7/18/2024,2024,48.446022,-119.666279,SAD,SAD - Salmon Creek Above OID Div.,2024-07-18 23:37:34,2024-07-18 23:37:56,1
3DD.003E45CEFB,Loup Loup Creek,7/18/2024,2024,48.375647,-119.763312,LLC,LLC - Loup Loup Creek Instream Array,2025-05-28 15:17:36,2025-05-28 15:17:40,1
3DD.003E45CEFB,Loup Loup Creek,7/18/2024,2024,48.375647,-119.763312,LLF,LLF - Loup Loup Falls,2025-05-27 20:17:34,2025-05-27 20:17:34,1
3DD.003E45CEFC,Loup Loup Creek,7/18/2024,2024,48.375647,-119.763312,LLC,LLC - Loup Loup Creek Instream Array,2025-06-05 09:20:01,2025-06-05 09:20:09,1
3DD.003E45CEFC,Loup Loup Creek,7/18/2024,2024,48.375647,-119.763312,LLF,LLF - Loup Loup Falls,2025-06-05 06:36:19,2025-06-05 06:36:19,1
3DD.003E45CF01,Loup Loup Creek,7/18/2024,2024,48.375647,-119.763312,LLC,LLC - Loup Loup Creek Instream Array,2025-06-12 17:06:13,2025-06-12 17:06:44,1
3DD.003E45CF01,Loup Loup Creek,7/18/2024,2024,48.375647,-119.763312,LLF,LLF - Loup Loup Falls,2025-06-02 02:49:37,2025-06-02 20:56:02,1
3DD.003E45CF02,Loup Loup Creek,7/18/2024,2024,48.375647,-119.763312,LLF,LLF - Loup Loup Falls,2025-06-04 22:03:09,2025-06-05 02:21:24,1
3DD.003E45CF05,Salmon Creek,7/18/2024,2024,48.446022,-119.666279,SA1,SA1 - Salmon Creek Instream Array,2024-08-24 21:42:17,2024-08-24 21:43:05,1
3DD.003E45CF17,Loup Loup Creek,7/18/2024,2024,48.375647,-119.763312,LLC,LLC - Loup Loup Creek Instream Array,2024-08-01 23:11:28,2024-08-01 23:11:50,1
3DD.003E45CF17,Loup Loup Creek,7/18/2024,2024,48.375647,-119.763312,LLF,LLF - Loup Loup Falls,2024-07-23 01:37:27,2024-07-23 01:37:27,1
3DD.003E45CF17,Loup Loup Creek,7/18/2024,2024,48.375647,-119.763312,OKL,OKL - Lower Okanogan Instream Array,2024-08-01 23:59:46,2025-03-27 03:47:58,1
3DD.003E45CF18,Loup Loup Creek,7/18/2024,2024,48.375647,-119.763312,LLC,LLC - Loup Loup Creek Instream Array,2025-03-26 00:03:06,2025-03-26 00:03:16,1
3DD.003E45CF18,Loup Loup Creek,7/18/2024,2024,48.375647,-119.763312,OKL,OKL - Lower Okanogan Instream Array,2025-04-25 21:54:11,2025-04-25 21:54:28,1
3DD.003E45CFEA,Starr Boat Launch,8/10/2023,2023,47.983552,-119.887492,MRC,MRC - Methow River at Carlton,2023-08-17 00:49:28,2023-08-17 00:49:28,1
3DD.003E45CFEB,Starr Boat Launch,8/10/2023,2023,47.983552,-119.887492,CML,CML - Chewuch River Middle Lower,2023-09-02 00:38:56,2023-09-02 00:38:56,1
3DD.003E45CFEB,Starr Boat Launch,8/10/2023,2023,47.983552,-119.887492,CMU,CMU - Chewuch River Middle Upper,2023-09-02 01:34:02,2023-09-02 01:34:02,1
3DD.003E45CFEB,Starr Boat Launch,8/10/2023,2023,47.983552,-119.887492,CRW,CRW - Chewuch River above Winthrop,2023-08-28 00:36:14,2023-08-28 00:39:24,1
3DD.003E45CFEB,Starr Boat Launch,8/10/2023,2023,47.983552,-119.887492,MRC,MRC - Methow River at Carlton,2023-08-15 23:52:43,2023-08-15 23:52:43,1
3DD.003E45CFEC,Starr Boat Launch,8/10/2023,2023,47.983552,-119.887492,CML,CML - Chewuch River Middle Lower,2023-08-17 03:46:04,2023-08-17 03:46:04,1
3DD.003E45CFEC,Starr Boat Launch,8/10/2023,2023,47.983552,-119.887492,CRU,CRU - Upper Chewuch Instream Array,2023-08-19 02:04:53,2023-08-19 02:05:01,1
3DD.003E45CFEC,Starr Boat Launch,8/10/2023,2023,47.983552,-119.887492,CRW,CRW - Chewuch River above Winthrop,2023-08-17 00:00:41,2023-08-17 00:00:41,1
3DD.003E45CFEE,Starr Boat Launch,8/10/2023,2023,47.983552,-119.887492,OKL,OKL - Lower Okanogan Instream Array,2024-05-02 01:10:34,2024-05-02 01:10:43,1
3DD.003E45CFEF,Starr Boat Launch,8/10/2023,2023,47.983552,-119.887492,LMR,LMR - Lower Methow River at Pateros,2023-08-13 03:34:19,2023-08-13 03:34:41,1
3DD.003E45CFF0,Starr Boat Launch,8/10/2023,2023,47.983552,-119.887492,LMR,LMR - Lower Methow River at Pateros,2023-08-11 23:50:52,2023-08-11 23:50:52,1
3DD.003E45CFF0,Starr Boat Launch,8/10/2023,2023,47.983552,-119.887492,TWR,TWR - Lwr Twisp Rvr near MSRF Ponds,2023-09-06 21:55:10,2024-06-02 21:52:17,1
3DD.003E45CFF1,Starr Boat Launch,8/10/2023,2023,47.983552,-119.887492,MRW,MRW - Methow River at Winthrop,2023-08-22 21:37:16,2024-06-23 00:37:04,1
3DD.003E45CFF5,Starr Boat Launch,8/10/2023,2023,47.983552,-119.887492,CML,CML - Chewuch River Middle Lower,2023-08-17 02:51:03,2023-08-17 02:51:03,1
3DD.003E45CFF5,Starr Boat Launch,8/10/2023,2023,47.983552,-119.887492,CRU,CRU - Upper Chewuch Instream Array,2023-08-18 23:43:22,2023-08-18 23:43:26,1
3DD.003E45CFF5,Starr Boat Launch,8/10/2023,2023,47.983552,-119.887492,CRW,CRW - Chewuch River above Winthrop,2023-08-16 23:38:31,2023-08-16 23:38:31,1
3DD.003E45CFF6,Starr Boat Launch,8/10/2023,2023,47.983552,-119.887492,OKL,OKL - Lower Okanogan Instream Array,2024-05-01 12:51:37,2024-05-01 12:51:46,1
3DD.003E45CFF9,Starr Boat Launch,8/10/2023,2023,47.983552,-119.887492,CML,CML - Chewuch River Middle Lower,2024-03-16 01:54:46,2024-03-16 01:54:46,1
3DD.003E45CFF9,Starr Boat Launch,8/10/2023,2023,47.983552,-119.887492,CMU,CMU - Chewuch River Middle Upper,2024-03-16 04:03:29,2024-03-16 04:03:29,1
3DD.003E45CFF9,Starr Boat Launch,8/10/2023,2023,47.983552,-119.887492,CRW,CRW - Chewuch River above Winthrop,2024-06-12 15:58:33,2024-06-12 15:58:33,1
3DD.003E45CFFA,Starr Boat Launch,8/10/2023,2023,47.983552,-119.887492,CRW,CRW - Chewuch River above Winthrop,2024-07-14 23:26:54,2024-07-14 23:31:21,1
3DD.003E45CFFE,Starr Boat Launch,8/10/2023,2023,47.983552,-119.887492,CML,CML - Chewuch River Middle Lower,2023-08-19 01:25:45,2024-06-18 12:49:19,1
3DD.003E45CFFE,Starr Boat Launch,8/10/2023,2023,47.983552,-119.887492,CMU,CMU - Chewuch River Middle Upper,2023-08-19 01:56:04,2023-08-19 01:56:04,1
3DD.003E45CFFE,Starr Boat Launch,8/10/2023,2023,47.983552,-119.887492,CRU,CRU - Upper Chewuch Instream Array,2023-08-28 22:05:35,2024-06-07 15:32:47,1
3DD.003E45CFFE,Starr Boat Launch,8/10/2023,2023,47.983552,-119.887492,CRW,CRW - Chewuch River above Winthrop,2023-08-18 21:25:23,2023-08-18 21:26:49,1
3DD.003E45CFFE,Starr Boat Launch,8/10/2023,2023,47.983552,-119.887492,LMR,LMR - Lower Methow River at Pateros,2023-08-11 21:42:04,2023-08-11 21:42:04,1
3DD.003E45CFFF,Starr Boat Launch,8/10/2023,2023,47.983552,-119.887492,CML,CML - Chewuch River Middle Lower,2024-05-04 03:59:19,2024-05-04 03:59:43,1
3DD.003E45CFFF,Starr Boat Launch,8/10/2023,2023,47.983552,-119.887492,CMU,CMU - Chewuch River Middle Upper,2024-05-05 02:02:08,2024-06-19 21:10:06,1
3DD.003E45CFFF,Starr Boat Launch,8/10/2023,2023,47.983552,-119.887492,CRW,CRW - Chewuch River above Winthrop,2024-04-16 22:45:44,2024-04-16 23:18:21,1
3DD.003E45D001,Starr Boat Launch,8/10/2023,2023,47.983552,-119.887492,LMR,LMR - Lower Methow River at Pateros,2023-08-12 23:14:03,2023-08-12 23:14:03,1
3DD.003E45D006,Starr Boat Launch,8/10/2023,2023,47.983552,-119.887492,OKL,OKL - Lower Okanogan Instream Array,2023-08-13 04:14:32,2023-08-13 04:14:47,1
3DD.003E45D007,Starr Boat Launch,8/10/2023,2023,47.983552,-119.887492,LMR,LMR - Lower Methow River at Pateros,2023-08-13 02:51:28,2023-08-13 02:51:28,1
3DD.003E45D009,Starr Boat Launch,8/10/2023,2023,47.983552,-119.887492,MRC,MRC - Methow River at Carlton,2023-08-14 20:47:40,2023-08-14 20:47:40,1
3DD.003E45D00B,Starr Boat Launch,8/10/2023,2023,47.983552,-119.887492,OKL,OKL - Lower Okanogan Instream Array,2023-08-13 21:22:28,2023-08-13 21:22:28,1
3DD.003E45D010,Starr Boat Launch,8/10/2023,2023,47.983552,-119.887492,OMK,OMK - Omak Creek Instream Array,2024-06-02 07:42:45,2024-06-02 07:43:44,1
3DD.003E45D011,Starr Boat Launch,8/10/2023,2023,47.983552,-119.887492,MRC,MRC - Methow River at Carlton,2023-08-16 02:37:10,2023-08-16 02:37:10,1
3DD.003E45D011,Starr Boat Launch,8/10/2023,2023,47.983552,-119.887492,MRW,MRW - Methow River at Winthrop,2023-08-27 02:40:19,2023-08-27 02:40:57,1
3DD.003E45D012,Starr Boat Launch,8/10/2023,2023,47.983552,-119.887492,CML,CML - Chewuch River Middle Lower,2024-05-11 19:54:30,2024-07-06 11:40:58,1
3DD.003E45D012,Starr Boat Launch,8/10/2023,2023,47.983552,-119.887492,CRW,CRW - Chewuch River above Winthrop,2024-04-15 03:51:48,2024-07-07 13:43:41,1
3DD.003E45D012,Starr Boat Launch,8/10/2023,2023,47.983552,-119.887492,MRC,MRC - Methow River at Carlton,2023-08-18 01:06:02,2023-08-18 01:06:02,1
3DD.003E45D013,Starr Boat Launch,8/10/2023,2023,47.983552,-119.887492,OKL,OKL - Lower Okanogan Instream Array,2023-08-14 21:44:53,2023-08-14 21:44:53,1
3DD.003E45D016,Starr Boat Launch,8/10/2023,2023,47.983552,-119.887492,CML,CML - Chewuch River Middle Lower,2023-08-22 23:37:37,2023-08-22 23:37:37,1
3DD.003E45D016,Starr Boat Launch,8/10/2023,2023,47.983552,-119.887492,CRW,CRW - Chewuch River above Winthrop,2023-08-20 00:21:40,2023-08-20 00:25:03,1
3DD.003E45D016,Starr Boat Launch,8/10/2023,2023,47.983552,-119.887492,LMR,LMR - Lower Methow River at Pateros,2023-08-11 23:25:19,2023-08-11 23:25:19,1
3DD.003E45D016,Starr Boat Launch,8/10/2023,2023,47.983552,-119.887492,MRC,MRC - Methow River at Carlton,2023-08-16 01:51:12,2023-08-16 01:51:12,1
3DD.003E45D017,Starr Boat Launch,8/10/2023,2023,47.983552,-119.887492,MRC,MRC - Methow River at Carlton,2023-08-14 23:26:59,2023-08-14 23:26:59,1
3DD.003E45D018,Starr Boat Launch,8/10/2023,2023,47.983552,-119.887492,CML,CML - Chewuch River Middle Lower,2024-07-12 23:08:01,2024-07-12 23:08:01,1
3DD.003E45D018,Starr Boat Launch,8/10/2023,2023,47.983552,-119.887492,CRU,CRU - Upper Chewuch Instream Array,2024-07-16 00:45:03,2024-07-27 22:48:00,1
3DD.003E45D018,Starr Boat Launch,8/10/2023,2023,47.983552,-119.887492,MRC,MRC - Methow River at Carlton,2024-07-05 23:44:24,2024-07-05 23:44:25,1
3DD.003E45D01B,Starr Boat Launch,8/10/2023,2023,47.983552,-119.887492,CML,CML - Chewuch River Middle Lower,2023-10-08 01:56:08,2023-10-08 01:56:08,1
3DD.003E45D01B,Starr Boat Launch,8/10/2023,2023,47.983552,-119.887492,CMU,CMU - Chewuch River Middle Upper,2023-10-08 19:32:29,2023-10-08 19:32:29,1
3DD.003E45D01B,Starr Boat Launch,8/10/2023,2023,47.983552,-119.887492,CRW,CRW - Chewuch River above Winthrop,2023-08-20 01:45:41,2023-08-20 02:34:27,1
3DD.003E45D01B,Starr Boat Launch,8/10/2023,2023,47.983552,-119.887492,LMR,LMR - Lower Methow River at Pateros,2023-08-11 22:18:26,2023-08-11 22:18:26,1
3DD.003E45D01B,Starr Boat Launch,8/10/2023,2023,47.983552,-119.887492,MRC,MRC - Methow River at Carlton,2023-08-16 00:13:22,2023-08-16 00:13:22,1
3DD.003E45D01C,Starr Boat Launch,8/10/2023,2023,47.983552,-119.887492,OKL,OKL - Lower Okanogan Instream Array,2023-08-12 04:10:54,2023-08-12 04:10:54,1
3DD.003E45D01E,Starr Boat Launch,8/10/2023,2023,47.983552,-119.887492,OKL,OKL - Lower Okanogan Instream Array,2023-08-12 22:30:31,2023-08-12 22:30:31,1
3DD.003E45D020,Starr Boat Launch,8/10/2023,2023,47.983552,-119.887492,CML,CML - Chewuch River Middle Lower,2023-08-28 21:50:22,2023-08-28 21:50:22,1
3DD.003E45D020,Starr Boat Launch,8/10/2023,2023,47.983552,-119.887492,CMU,CMU - Chewuch River Middle Upper,2023-08-28 22:30:48,2024-06-05 21:29:18,1
3DD.003E45D020,Starr Boat Launch,8/10/2023,2023,47.983552,-119.887492,CRW,CRW - Chewuch River above Winthrop,2023-08-28 00:48:07,2023-08-28 00:49:44,1
3DD.003E45D020,Starr Boat Launch,8/10/2023,2023,47.983552,-119.887492,LMR,LMR - Lower Methow River at Pateros,2023-08-13 02:55:41,2023-08-13 02:55:41,1
3DD.003E45D020,Starr Boat Launch,8/10/2023,2023,47.983552,-119.887492,MRC,MRC - Methow River at Carlton,2023-08-17 01:00:07,2023-08-17 01:00:07,1
3DD.003E45D021,Starr Boat Launch,8/10/2023,2023,47.983552,-119.887492,LMR,LMR - Lower Methow River at Pateros,2023-08-15 00:40:10,2023-08-15 00:40:10,1
3DD.003E45D021,Starr Boat Launch,8/10/2023,2023,47.983552,-119.887492,MRC,MRC - Methow River at Carlton,2024-03-19 19:02:07,2024-03-19 19:02:07,1
3DD.003E45D023,Starr Boat Launch,8/10/2023,2023,47.983552,-119.887492,LMR,LMR - Lower Methow River at Pateros,2023-08-13 21:02:19,2023-08-13 21:02:19,1
3DD.003E45D025,Starr Boat Launch,8/10/2023,2023,47.983552,-119.887492,CRW,CRW - Chewuch River above Winthrop,2024-06-22 11:07:38,2024-06-23 20:56:00,1
3DD.003E45D025,Starr Boat Launch,8/10/2023,2023,47.983552,-119.887492,LMR,LMR - Lower Methow River at Pateros,2023-08-11 23:05:31,2023-08-11 23:05:31,1
3DD.003E45D027,Starr Boat Launch,8/10/2023,2023,47.983552,-119.887492,OKL,OKL - Lower Okanogan Instream Array,2023-08-12 22:34:50,2023-08-12 22:34:58,1
3DD.003E45D028,Starr Boat Launch,8/10/2023,2023,47.983552,-119.887492,CML,CML - Chewuch River Middle Lower,2024-05-11 03:50:36,2024-05-11 03:50:36,1
3DD.003E45D028,Starr Boat Launch,8/10/2023,2023,47.983552,-119.887492,CRW,CRW - Chewuch River above Winthrop,2024-04-16 02:43:47,2024-07-07 22:17:40,1
3DD.003E45D029,Starr Boat Launch,8/10/2023,2023,47.983552,-119.887492,OKL,OKL - Lower Okanogan Instream Array,2023-08-13 00:18:37,2023-08-13 00:18:37,1
3DD.003E45D02A,Starr Boat Launch,8/10/2023,2023,47.983552,-119.887492,CML,CML - Chewuch River Middle Lower,2024-07-20 22:08:06,2024-07-20 22:08:06,1
3DD.003E45D02A,Starr Boat Launch,8/10/2023,2023,47.983552,-119.887492,CRW,CRW - Chewuch River above Winthrop,2024-07-19 22:02:05,2024-07-19 22:03:49,1
3DD.003E45D02A,Starr Boat Launch,8/10/2023,2023,47.983552,-119.887492,LMR,LMR - Lower Methow River at Pateros,2024-06-04 00:25:59,2024-06-04 00:26:21,1
3DD.003E45D02A,Starr Boat Launch,8/10/2023,2023,47.983552,-119.887492,MRC,MRC - Methow River at Carlton,2024-07-11 01:52:10,2024-07-11 01:52:10,1
3DD.003E45D02B,Starr Boat Launch,8/10/2023,2023,47.983552,-119.887492,CML,CML - Chewuch River Middle Lower,2023-08-20 03:02:51,2023-08-20 03:02:51,1
3DD.003E45D02B,Starr Boat Launch,8/10/2023,2023,47.983552,-119.887492,CMU,CMU - Chewuch River Middle Upper,2023-08-20 03:37:17,2023-08-20 03:37:17,1
3DD.003E45D02B,Starr Boat Launch,8/10/2023,2023,47.983552,-119.887492,CRU,CRU - Upper Chewuch Instream Array,2024-04-15 22:36:37,2024-06-23 12:41:12,1
3DD.003E45D02B,Starr Boat Launch,8/10/2023,2023,47.983552,-119.887492,CRW,CRW - Chewuch River above Winthrop,2023-08-19 21:30:52,2023-08-19 21:32:26,1
3DD.003E45D02B,Starr Boat Launch,8/10/2023,2023,47.983552,-119.887492,MRC,MRC - Methow River at Carlton,2023-08-15 21:40:58,2023-08-15 21:40:58,1
3DD.003E45D02C,Starr Boat Launch,8/10/2023,2023,47.983552,-119.887492,LMR,LMR - Lower Methow River at Pateros,2023-08-13 20:58:05,2023-08-13 20:58:05,1
3DD.003E45D02D,Starr Boat Launch,8/10/2023,2023,47.983552,-119.887492,LMR,LMR - Lower Methow River at Pateros,2023-08-11 23:44:51,2023-08-11 23:44:51,1
3DD.003E45D02F,Starr Boat Launch,8/10/2023,2023,47.983552,-119.887492,MRC,MRC - Methow River at Carlton,2023-08-19 03:13:22,2023-08-19 03:13:22,1
3DD.003E45D031,Starr Boat Launch,8/10/2023,2023,47.983552,-119.887492,TWR,TWR - Lwr Twisp Rvr near MSRF Ponds,2023-08-16 23:28:12,2024-06-12 02:19:00,1
3DD.003E45D03C,Starr Boat Launch,8/10/2023,2023,47.983552,-119.887492,CML,CML - Chewuch River Middle Lower,2023-08-19 01:36:17,2023-08-19 01:36:17,1
3DD.003E45D03C,Starr Boat Launch,8/10/2023,2023,47.983552,-119.887492,CRU,CRU - Upper Chewuch Instream Array,2023-08-24 02:21:18,2024-06-15 16:41:00,1
3DD.003E45D03C,Starr Boat Launch,8/10/2023,2023,47.983552,-119.887492,CRW,CRW - Chewuch River above Winthrop,2023-08-18 21:17:10,2023-08-18 21:18:26,1
3DD.003E45D03C,Starr Boat Launch,8/10/2023,2023,47.983552,-119.887492,MRC,MRC - Methow River at Carlton,2023-08-15 01:04:50,2023-08-15 01:04:50,1
3DD.003E45D03D,Starr Boat Launch,8/10/2023,2023,47.983552,-119.887492,OKL,OKL - Lower Okanogan Instream Array,2024-06-08 15:58:22,2024-06-08 15:58:22,1
3DD.003E45D03E,Starr Boat Launch,8/10/2023,2023,47.983552,-119.887492,LMR,LMR - Lower Methow River at Pateros,2023-08-13 02:38:42,2023-08-13 02:38:53,1
3DD.003E45D03E,Starr Boat Launch,8/10/2023,2023,47.983552,-119.887492,MRC,MRC - Methow River at Carlton,2023-08-17 01:07:50,2023-08-17 01:07:50,1
3DD.003E45D03F,Starr Boat Launch,8/10/2023,2023,47.983552,-119.887492,CML,CML - Chewuch River Middle Lower,2024-06-23 23:38:58,2024-06-23 23:38:58,1
3DD.003E45D03F,Starr Boat Launch,8/10/2023,2023,47.983552,-119.887492,CRU,CRU - Upper Chewuch Instream Array,2024-07-08 23:23:37,2025-06-06 15:36:57,1
3DD.003E45D03F,Starr Boat Launch,8/10/2023,2023,47.983552,-119.887492,CRW,CRW - Chewuch River above Winthrop,2024-06-22 00:21:10,2024-06-22 00:21:10,1
3DD.003E45D040,Starr Boat Launch,8/10/2023,2023,47.983552,-119.887492,MRC,MRC - Methow River at Carlton,2023-08-16 02:50:10,2023-08-16 02:51:09,1
3DD.003E45D041,Starr Boat Launch,8/10/2023,2023,47.983552,-119.887492,OKL,OKL - Lower Okanogan Instream Array,2023-08-12 03:56:18,2023-08-12 03:56:18,1
3DD.003E45D043,Starr Boat Launch,8/10/2023,2023,47.983552,-119.887492,LMR,LMR - Lower Methow River at Pateros,2023-08-11 22:29:07,2023-08-11 22:29:07,1
3DD.003E45D044,Starr Boat Launch,8/10/2023,2023,47.983552,-119.887492,OKL,OKL - Lower Okanogan Instream Array,2023-08-12 04:11:15,2023-08-12 04:11:27,1
3DD.003E45D04A,Starr Boat Launch,8/10/2023,2023,47.983552,-119.887492,OKL,OKL - Lower Okanogan Instream Array,2024-06-01 04:17:18,2024-06-01 04:17:39,1
3DD.003E45D04E,Starr Boat Launch,8/17/2023,2023,47.983552,-119.887492,CML,CML - Chewuch River Middle Lower,2024-07-13 22:30:11,2024-07-13 22:30:11,1
3DD.003E45D04E,Starr Boat Launch,8/17/2023,2023,47.983552,-119.887492,CRU,CRU - Upper Chewuch Instream Array,2024-07-16 23:42:32,2024-07-16 23:42:37,1
3DD.003E45D04E,Starr Boat Launch,8/17/2023,2023,47.983552,-119.887492,CRW,CRW - Chewuch River above Winthrop,2024-07-12 23:55:39,2024-07-12 23:57:22,1
3DD.003E45D04E,Starr Boat Launch,8/17/2023,2023,47.983552,-119.887492,LMR,LMR - Lower Methow River at Pateros,2024-06-06 01:24:05,2024-06-06 01:24:05,1
3DD.003E45D051,Starr Boat Launch,8/17/2023,2023,47.983552,-119.887492,CML,CML - Chewuch River Middle Lower,2023-08-26 01:39:37,2023-08-26 01:39:37,1
3DD.003E45D051,Starr Boat Launch,8/17/2023,2023,47.983552,-119.887492,CMU,CMU - Chewuch River Middle Upper,2023-08-26 02:14:14,2024-06-24 23:40:37,1
3DD.003E45D051,Starr Boat Launch,8/17/2023,2023,47.983552,-119.887492,CRU,CRU - Upper Chewuch Instream Array,2023-08-28 22:27:01,2024-06-13 22:46:36,1
3DD.003E45D051,Starr Boat Launch,8/17/2023,2023,47.983552,-119.887492,CRW,CRW - Chewuch River above Winthrop,2023-08-25 21:00:31,2023-08-25 21:01:54,1
3DD.003E45D051,Starr Boat Launch,8/17/2023,2023,47.983552,-119.887492,LMR,LMR - Lower Methow River at Pateros,2023-08-18 21:16:23,2023-08-18 21:16:23,1
3DD.003E45D051,Starr Boat Launch,8/17/2023,2023,47.983552,-119.887492,MRC,MRC - Methow River at Carlton,2023-08-22 03:44:12,2023-08-22 03:44:12,1
3DD.003E45D052,Starr Boat Launch,8/17/2023,2023,47.983552,-119.887492,MRC,MRC - Methow River at Carlton,2024-06-04 22:36:39,2024-06-04 23:08:43,1
3DD.003E45D053,Starr Boat Launch,8/17/2023,2023,47.983552,-119.887492,OKL,OKL - Lower Okanogan Instream Array,2024-05-19 15:10:41,2024-05-19 15:10:52,1
3DD.003E45D054,Starr Boat Launch,8/17/2023,2023,47.983552,-119.887492,LMR,LMR - Lower Methow River at Pateros,2023-08-18 20:08:25,2023-08-18 20:08:25,1
3DD.003E45D054,Starr Boat Launch,8/17/2023,2023,47.983552,-119.887492,MRC,MRC - Methow River at Carlton,2023-08-23 20:08:35,2023-08-23 20:08:35,1
3DD.003E45D056,Starr Boat Launch,8/17/2023,2023,47.983552,-119.887492,LMR,LMR - Lower Methow River at Pateros,2023-08-18 04:01:56,2024-06-21 21:47:41,1
3DD.003E45D056,Starr Boat Launch,8/17/2023,2023,47.983552,-119.887492,MRC,MRC - Methow River at Carlton,2023-08-22 03:44:09,2024-06-15 22:14:32,1
3DD.003E45D05A,Starr Boat Launch,8/17/2023,2023,47.983552,-119.887492,OKL,OKL - Lower Okanogan Instream Array,2024-03-30 22:09:14,2024-03-30 22:09:27,1
3DD.003E45D05B,Starr Boat Launch,8/17/2023,2023,47.983552,-119.887492,MRC,MRC - Methow River at Carlton,2024-04-15 19:49:55,2024-04-15 19:49:55,1
3DD.003E45D05C,Starr Boat Launch,8/17/2023,2023,47.983552,-119.887492,CRW,CRW - Chewuch River above Winthrop,2023-08-26 00:25:39,2024-06-01 14:01:15,1
3DD.003E45D062,Starr Boat Launch,8/17/2023,2023,47.983552,-119.887492,CML,CML - Chewuch River Middle Lower,2024-04-03 20:27:50,2024-04-03 20:27:50,1
3DD.003E45D062,Starr Boat Launch,8/17/2023,2023,47.983552,-119.887492,CMU,CMU - Chewuch River Middle Upper,2024-04-03 22:08:25,2024-04-03 22:08:25,1
3DD.003E45D062,Starr Boat Launch,8/17/2023,2023,47.983552,-119.887492,CRW,CRW - Chewuch River above Winthrop,2024-03-20 21:26:25,2024-03-20 21:38:04,1
3DD.003E45D062,Starr Boat Launch,8/17/2023,2023,47.983552,-119.887492,LMR,LMR - Lower Methow River at Pateros,2023-08-18 20:23:11,2023-08-18 20:23:11,1
3DD.003E45D065,Starr Boat Launch,8/17/2023,2023,47.983552,-119.887492,OKL,OKL - Lower Okanogan Instream Array,2023-08-19 23:53:21,2023-08-19 23:53:21,1
3DD.003E45D068,Starr Boat Launch,8/17/2023,2023,47.983552,-119.887492,LMR,LMR - Lower Methow River at Pateros,2024-07-16 05:46:47,2024-07-16 05:46:47,1
3DD.003E45D06A,Starr Boat Launch,8/17/2023,2023,47.983552,-119.887492,LMR,LMR - Lower Methow River at Pateros,2023-08-18 20:28:18,2023-08-18 20:28:18,1
3DD.003E45D06A,Starr Boat Launch,8/17/2023,2023,47.983552,-119.887492,MRC,MRC - Methow River at Carlton,2024-06-05 14:32:33,2024-06-05 14:32:33,1
3DD.003E45D06C,Starr Boat Launch,8/17/2023,2023,47.983552,-119.887492,LMR,LMR - Lower Methow River at Pateros,2024-07-01 21:59:30,2024-07-01 21:59:30,1
3DD.003E45D06D,Starr Boat Launch,8/17/2023,2023,47.983552,-119.887492,OKL,OKL - Lower Okanogan Instream Array,2024-06-20 19:30:01,2024-06-26 08:34:30,1
3DD.003E45D06F,Starr Boat Launch,8/17/2023,2023,47.983552,-119.887492,CML,CML - Chewuch River Middle Lower,2024-05-28 23:40:45,2024-05-28 23:40:45,1
3DD.003E45D071,Starr Boat Launch,8/17/2023,2023,47.983552,-119.887492,OKL,OKL - Lower Okanogan Instream Array,2024-07-02 21:07:39,2024-07-02 21:07:53,1
3DD.003E45D075,Starr Boat Launch,8/17/2023,2023,47.983552,-119.887492,CML,CML - Chewuch River Middle Lower,2023-08-26 22:50:51,2024-07-04 00:37:26,1
3DD.003E45D075,Starr Boat Launch,8/17/2023,2023,47.983552,-119.887492,CMU,CMU - Chewuch River Middle Upper,2023-08-26 23:23:00,2023-08-26 23:23:00,1
3DD.003E45D075,Starr Boat Launch,8/17/2023,2023,47.983552,-119.887492,CRU,CRU - Upper Chewuch Instream Array,2023-08-28 22:51:40,2024-06-29 21:46:28,1
3DD.003E45D075,Starr Boat Launch,8/17/2023,2023,47.983552,-119.887492,CRW,CRW - Chewuch River above Winthrop,2023-08-26 01:24:59,2023-08-26 01:24:59,1
3DD.003E45D077,Starr Boat Launch,8/17/2023,2023,47.983552,-119.887492,OKL,OKL - Lower Okanogan Instream Array,2024-05-27 19:54:42,2024-05-27 19:54:42,1
3DD.003E45D07A,Starr Boat Launch,8/17/2023,2023,47.983552,-119.887492,OKL,OKL - Lower Okanogan Instream Array,2023-08-19 03:29:55,2023-08-19 03:30:00,1
3DD.003E45D07C,Starr Boat Launch,8/17/2023,2023,47.983552,-119.887492,LMR,LMR - Lower Methow River at Pateros,2023-08-19 00:26:33,2023-08-19 00:26:33,1
3DD.003E45D07C,Starr Boat Launch,8/17/2023,2023,47.983552,-119.887492,MRC,MRC - Methow River at Carlton,2023-08-24 20:45:08,2023-08-24 20:45:08,1
3DD.003E45D07D,Starr Boat Launch,8/17/2023,2023,47.983552,-119.887492,LMR,LMR - Lower Methow River at Pateros,2023-08-18 21:06:42,2023-08-18 21:06:42,1
3DD.003E45D080,Starr Boat Launch,8/17/2023,2023,47.983552,-119.887492,OKL,OKL - Lower Okanogan Instream Array,2023-08-20 01:01:06,2023-08-20 01:01:14,1
3DD.003E45D083,Starr Boat Launch,8/17/2023,2023,47.983552,-119.887492,CML,CML - Chewuch River Middle Lower,2023-08-26 22:25:40,2024-07-04 17:12:15,1
3DD.003E45D083,Starr Boat Launch,8/17/2023,2023,47.983552,-119.887492,CRU,CRU - Upper Chewuch Instream Array,2023-09-01 21:43:22,2024-06-22 15:53:51,1
3DD.003E45D083,Starr Boat Launch,8/17/2023,2023,47.983552,-119.887492,CRW,CRW - Chewuch River above Winthrop,2023-08-26 01:17:58,2024-07-06 21:47:49,1
3DD.003E45D083,Starr Boat Launch,8/17/2023,2023,47.983552,-119.887492,LMR,LMR - Lower Methow River at Pateros,2023-08-18 21:12:26,2023-08-18 21:12:39,1
3DD.003E45D085,Starr Boat Launch,8/17/2023,2023,47.983552,-119.887492,LMR,LMR - Lower Methow River at Pateros,2024-07-07 08:58:00,2024-07-07 08:58:07,1
3DD.003E45D087,Starr Boat Launch,8/17/2023,2023,47.983552,-119.887492,MRC,MRC - Methow River at Carlton,2023-08-23 21:18:59,2023-08-23 21:18:59,1
3DD.003E45D089,Starr Boat Launch,8/17/2023,2023,47.983552,-119.887492,MRC,MRC - Methow River at Carlton,2023-08-21 23:31:52,2024-07-03 16:37:48,1
3DD.003E45D08F,Starr Boat Launch,8/17/2023,2023,47.983552,-119.887492,OKL,OKL - Lower Okanogan Instream Array,2023-08-21 23:56:08,2023-08-21 23:56:08,1
3DD.003E45D090,Starr Boat Launch,8/17/2023,2023,47.983552,-119.887492,OKL,OKL - Lower Okanogan Instream Array,2024-05-08 01:36:15,2024-05-08 01:36:29,1
3DD.003E45D091,Starr Boat Launch,8/17/2023,2023,47.983552,-119.887492,LMR,LMR - Lower Methow River at Pateros,2023-08-18 04:19:34,2023-08-18 04:19:34,1
3DD.003E45D091,Starr Boat Launch,8/17/2023,2023,47.983552,-119.887492,MRC,MRC - Methow River at Carlton,2023-08-22 20:52:55,2023-08-22 20:52:55,1
3DD.003E45D092,Starr Boat Launch,8/17/2023,2023,47.983552,-119.887492,OKL,OKL - Lower Okanogan Instream Array,2023-08-19 23:42:30,2023-08-19 23:42:38,1
3DD.003E45D094,Starr Boat Launch,8/17/2023,2023,47.983552,-119.887492,MRC,MRC - Methow River at Carlton,2024-04-01 23:12:38,2024-04-01 23:12:38,1
3DD.003E45D095,Starr Boat Launch,8/17/2023,2023,47.983552,-119.887492,LMR,LMR - Lower Methow River at Pateros,2023-08-18 22:36:29,2023-08-18 22:36:29,1
3DD.003E45D097,Starr Boat Launch,8/17/2023,2023,47.983552,-119.887492,CML,CML - Chewuch River Middle Lower,2023-08-28 21:11:29,2023-08-28 21:11:29,1
3DD.003E45D097,Starr Boat Launch,8/17/2023,2023,47.983552,-119.887492,CMU,CMU - Chewuch River Middle Upper,2023-08-28 22:25:32,2023-08-28 22:25:32,1
3DD.003E45D097,Starr Boat Launch,8/17/2023,2023,47.983552,-119.887492,CRW,CRW - Chewuch River above Winthrop,2023-08-27 22:54:14,2023-08-27 22:56:30,1
3DD.003E45D097,Starr Boat Launch,8/17/2023,2023,47.983552,-119.887492,LMR,LMR - Lower Methow River at Pateros,2023-08-18 21:01:10,2023-08-18 21:01:10,1
3DD.003E45D098,Starr Boat Launch,8/17/2023,2023,47.983552,-119.887492,CML,CML - Chewuch River Middle Lower,2023-08-27 22:16:26,2023-08-27 22:16:26,1
3DD.003E45D098,Starr Boat Launch,8/17/2023,2023,47.983552,-119.887492,CMU,CMU - Chewuch River Middle Upper,2023-08-27 22:50:28,2023-08-27 22:50:28,1
3DD.003E45D098,Starr Boat Launch,8/17/2023,2023,47.983552,-119.887492,CRU,CRU - Upper Chewuch Instream Array,2023-08-30 00:40:49,2024-06-11 00:21:25,1
3DD.003E45D098,Starr Boat Launch,8/17/2023,2023,47.983552,-119.887492,CRW,CRW - Chewuch River above Winthrop,2023-08-27 01:22:19,2023-08-27 01:23:58,1
3DD.003E45D099,Starr Boat Launch,8/17/2023,2023,47.983552,-119.887492,LLC,LLC - Loup Loup Creek Instream Array,2024-03-31 21:19:03,2024-05-16 01:03:29,1
3DD.003E45D09A,Starr Boat Launch,8/17/2023,2023,47.983552,-119.887492,LMR,LMR - Lower Methow River at Pateros,2023-08-18 21:41:22,2023-08-18 21:41:22,1
3DD.003E45D09E,Starr Boat Launch,8/17/2023,2023,47.983552,-119.887492,LMR,LMR - Lower Methow River at Pateros,2023-08-19 00:13:16,2023-08-19 00:13:16,1
3DD.003E45D09F,Starr Boat Launch,8/17/2023,2023,47.983552,-119.887492,OKL,OKL - Lower Okanogan Instream Array,2023-08-19 20:44:34,2023-08-19 20:44:41,1
3DD.003E45D0A2,Starr Boat Launch,8/17/2023,2023,47.983552,-119.887492,OKL,OKL - Lower Okanogan Instream Array,2023-08-19 19:48:42,2023-08-19 19:48:42,1
3DD.003E45D0A3,Starr Boat Launch,8/17/2023,2023,47.983552,-119.887492,MRC,MRC - Methow River at Carlton,2023-08-22 21:48:23,2023-08-22 21:48:23,1
3DD.003E45D0A4,Starr Boat Launch,8/17/2023,2023,47.983552,-119.887492,CRW,CRW - Chewuch River above Winthrop,2024-06-24 17:53:37,2024-06-24 18:29:47,1
3DD.003E45D0A4,Starr Boat Launch,8/17/2023,2023,47.983552,-119.887492,LMR,LMR - Lower Methow River at Pateros,2024-03-21 01:58:54,2024-03-21 02:00:44,1
3DD.003E45D0A4,Starr Boat Launch,8/17/2023,2023,47.983552,-119.887492,MRC,MRC - Methow River at Carlton,2024-04-16 01:18:32,2024-04-16 01:18:32,1
3DD.003E45D0A5,Starr Boat Launch,8/17/2023,2023,47.983552,-119.887492,OKL,OKL - Lower Okanogan Instream Array,2024-06-21 10:12:57,2024-06-21 10:12:57,1
3DD.003E45D0A8,Starr Boat Launch,8/17/2023,2023,47.983552,-119.887492,CML,CML - Chewuch River Middle Lower,2024-05-10 19:52:47,2024-05-10 19:52:47,1
3DD.003E45D0A8,Starr Boat Launch,8/17/2023,2023,47.983552,-119.887492,CRW,CRW - Chewuch River above Winthrop,2024-04-14 23:18:52,2024-04-14 23:18:52,1
3DD.003E45D0A8,Starr Boat Launch,8/17/2023,2023,47.983552,-119.887492,MRC,MRC - Methow River at Carlton,2023-08-24 21:05:06,2023-08-24 21:05:06,1
3DD.003E45D0A9,Starr Boat Launch,8/17/2023,2023,47.983552,-119.887492,MRC,MRC - Methow River at Carlton,2023-08-23 20:33:15,2023-08-23 20:33:15,1
3DD.003E45D0AA,Starr Boat Launch,8/17/2023,2023,47.983552,-119.887492,LMR,LMR - Lower Methow River at Pateros,2023-08-18 21:56:37,2023-08-18 21:56:37,1
3DD.003E45D0AA,Starr Boat Launch,8/17/2023,2023,47.983552,-119.887492,MRC,MRC - Methow River at Carlton,2023-08-24 20:41:02,2023-08-24 20:41:02,1
3DD.003E45D0AB,Starr Boat Launch,8/17/2023,2023,47.983552,-119.887492,LMR,LMR - Lower Methow River at Pateros,2023-08-18 21:32:08,2023-08-18 21:32:19,1
3DD.003E45D0AB,Starr Boat Launch,8/17/2023,2023,47.983552,-119.887492,MRC,MRC - Methow River at Carlton,2023-08-21 23:18:45,2023-08-21 23:18:45,1
3DD.003E45D0AD,Starr Boat Launch,8/17/2023,2023,47.983552,-119.887492,OKL,OKL - Lower Okanogan Instream Array,2024-05-02 03:40:08,2024-05-02 03:40:20,1
3DD.003E45D0AE,Starr Boat Launch,8/17/2023,2023,47.983552,-119.887492,LMR,LMR - Lower Methow River at Pateros,2024-05-09 21:54:22,2024-06-29 01:14:16,1
3DD.003E45D0AF,Starr Boat Launch,8/17/2023,2023,47.983552,-119.887492,ENL,ENL - Lower Entiat River,2024-06-19 19:07:53,2024-06-21 16:13:51,1
3DD.003E45D0B0,Starr Boat Launch,8/17/2023,2023,47.983552,-119.887492,CRW,CRW - Chewuch River above Winthrop,2023-09-01 02:25:41,2024-06-04 20:56:34,1
3DD.003E45D17A,Starr Boat Launch,8/3/2023,2023,47.983552,-119.887492,LMR,LMR - Lower Methow River at Pateros,2023-08-05 01:04:52,2024-06-19 13:35:31,1
3DD.003E45D17B,Starr Boat Launch,8/3/2023,2023,47.983552,-119.887492,OKL,OKL - Lower Okanogan Instream Array,2023-08-05 22:34:02,2023-08-05 22:34:08,1
3DD.003E45D17F,Starr Boat Launch,8/3/2023,2023,47.983552,-119.887492,LMR,LMR - Lower Methow River at Pateros,2023-08-05 00:03:58,2023-08-05 00:03:58,1
3DD.003E45D180,Starr Boat Launch,8/3/2023,2023,47.983552,-119.887492,LMR,LMR - Lower Methow River at Pateros,2023-08-04 23:35:21,2023-08-04 23:35:21,1
3DD.003E45D182,Starr Boat Launch,8/3/2023,2023,47.983552,-119.887492,LMR,LMR - Lower Methow River at Pateros,2023-08-04 22:08:40,2023-08-04 22:08:51,1
3DD.003E45D183,Starr Boat Launch,8/3/2023,2023,47.983552,-119.887492,MRC,MRC - Methow River at Carlton,2024-06-07 22:44:30,2024-06-07 22:44:30,1
3DD.003E45D185,Starr Boat Launch,8/3/2023,2023,47.983552,-119.887492,CML,CML - Chewuch River Middle Lower,2024-06-26 03:50:31,2024-06-26 03:50:31,1
3DD.003E45D185,Starr Boat Launch,8/3/2023,2023,47.983552,-119.887492,CRW,CRW - Chewuch River above Winthrop,2024-06-24 03:01:58,2024-06-24 03:01:58,1
3DD.003E45D185,Starr Boat Launch,8/3/2023,2023,47.983552,-119.887492,MRC,MRC - Methow River at Carlton,2024-05-01 21:23:00,2024-05-01 21:23:00,1
3DD.003E45D188,Starr Boat Launch,8/3/2023,2023,47.983552,-119.887492,MRC,MRC - Methow River at Carlton,2023-08-13 23:43:20,2023-08-13 23:43:20,1
3DD.003E45D18C,Starr Boat Launch,8/3/2023,2023,47.983552,-119.887492,OKL,OKL - Lower Okanogan Instream Array,2023-08-05 22:00:21,2023-08-05 22:00:21,1
3DD.003E45D18E,Starr Boat Launch,8/3/2023,2023,47.983552,-119.887492,CML,CML - Chewuch River Middle Lower,2023-08-15 01:18:05,2023-08-15 01:18:05,1
3DD.003E45D18E,Starr Boat Launch,8/3/2023,2023,47.983552,-119.887492,CMU,CMU - Chewuch River Middle Upper,2023-08-15 01:54:44,2023-08-15 01:54:44,1
3DD.003E45D18E,Starr Boat Launch,8/3/2023,2023,47.983552,-119.887492,CRU,CRU - Upper Chewuch Instream Array,2023-08-17 02:00:34,2024-06-18 14:40:41,1
3DD.003E45D18E,Starr Boat Launch,8/3/2023,2023,47.983552,-119.887492,CRW,CRW - Chewuch River above Winthrop,2023-08-14 20:51:59,2023-08-14 20:51:59,1
3DD.003E45D18E,Starr Boat Launch,8/3/2023,2023,47.983552,-119.887492,LMR,LMR - Lower Methow River at Pateros,2023-08-07 03:24:29,2023-08-07 03:24:29,1
3DD.003E45D190,Starr Boat Launch,8/3/2023,2023,47.983552,-119.887492,LMR,LMR - Lower Methow River at Pateros,2023-08-05 01:23:55,2023-08-05 01:23:55,1
3DD.003E45D192,Starr Boat Launch,8/3/2023,2023,47.983552,-119.887492,CML,CML - Chewuch River Middle Lower,2023-08-12 02:52:25,2023-08-12 02:52:25,1
3DD.003E45D192,Starr Boat Launch,8/3/2023,2023,47.983552,-119.887492,CRU,CRU - Upper Chewuch Instream Array,2023-08-14 03:05:53,2023-08-14 03:05:57,1
3DD.003E45D192,Starr Boat Launch,8/3/2023,2023,47.983552,-119.887492,CRW,CRW - Chewuch River above Winthrop,2023-08-11 22:46:51,2023-08-11 22:46:51,1
3DD.003E45D193,Starr Boat Launch,8/3/2023,2023,47.983552,-119.887492,OKL,OKL - Lower Okanogan Instream Array,2024-04-30 19:59:32,2024-04-30 19:59:43,1
3DD.003E45D195,Starr Boat Launch,8/3/2023,2023,47.983552,-119.887492,OKL,OKL - Lower Okanogan Instream Array,2023-08-05 22:24:16,2023-08-05 22:24:31,1
3DD.003E45D196,Starr Boat Launch,8/3/2023,2023,47.983552,-119.887492,CML,CML - Chewuch River Middle Lower,2023-08-16 02:54:41,2023-08-16 02:54:41,1
3DD.003E45D196,Starr Boat Launch,8/3/2023,2023,47.983552,-119.887492,CMU,CMU - Chewuch River Middle Upper,2023-08-16 19:52:29,2023-08-16 19:52:29,1
3DD.003E45D196,Starr Boat Launch,8/3/2023,2023,47.983552,-119.887492,CRW,CRW - Chewuch River above Winthrop,2023-08-15 22:22:13,2023-08-15 22:23:57,1
3DD.003E45D199,Starr Boat Launch,8/3/2023,2023,47.983552,-119.887492,CML,CML - Chewuch River Middle Lower,2023-08-15 21:11:09,2023-08-15 21:11:09,1
3DD.003E45D199,Starr Boat Launch,8/3/2023,2023,47.983552,-119.887492,CMU,CMU - Chewuch River Middle Upper,2023-08-15 21:46:18,2023-08-15 21:46:18,1
3DD.003E45D199,Starr Boat Launch,8/3/2023,2023,47.983552,-119.887492,CRU,CRU - Upper Chewuch Instream Array,2023-08-18 22:31:49,2024-06-10 21:37:00,1
3DD.003E45D199,Starr Boat Launch,8/3/2023,2023,47.983552,-119.887492,CRW,CRW - Chewuch River above Winthrop,2023-08-14 00:32:10,2023-08-14 00:33:38,1
3DD.003E45D199,Starr Boat Launch,8/3/2023,2023,47.983552,-119.887492,LMR,LMR - Lower Methow River at Pateros,2023-08-06 01:36:44,2023-08-06 01:36:44,1
3DD.003E45D19A,Starr Boat Launch,8/3/2023,2023,47.983552,-119.887492,OKL,OKL - Lower Okanogan Instream Array,2023-08-06 23:59:14,2023-08-06 23:59:14,1
3DD.003E45D19C,Starr Boat Launch,8/3/2023,2023,47.983552,-119.887492,OKL,OKL - Lower Okanogan Instream Array,2023-08-05 20:48:24,2023-08-05 20:48:24,1
3DD.003E45D19D,Starr Boat Launch,8/3/2023,2023,47.983552,-119.887492,OKL,OKL - Lower Okanogan Instream Array,2023-08-05 22:07:25,2023-08-05 22:07:31,1
3DD.003E45D19E,Starr Boat Launch,8/3/2023,2023,47.983552,-119.887492,LMR,LMR - Lower Methow River at Pateros,2023-08-09 01:14:38,2023-08-09 01:14:38,1
3DD.003E45D1A1,Starr Boat Launch,8/3/2023,2023,47.983552,-119.887492,OKL,OKL - Lower Okanogan Instream Array,2023-08-07 01:56:13,2023-08-07 01:56:20,1
3DD.003E45D1A2,Starr Boat Launch,8/3/2023,2023,47.983552,-119.887492,OKL,OKL - Lower Okanogan Instream Array,2023-08-05 22:24:39,2023-08-05 22:24:39,1
3DD.003E45D1A3,Starr Boat Launch,8/3/2023,2023,47.983552,-119.887492,MRC,MRC - Methow River at Carlton,2023-08-12 01:57:08,2023-08-12 01:57:08,1
3DD.003E45D1A4,Starr Boat Launch,7/27/2023,2023,47.983552,-119.887492,CML,CML - Chewuch River Middle Lower,2024-04-16 01:33:16,2024-04-16 01:33:16,1
3DD.003E45D1A4,Starr Boat Launch,7/27/2023,2023,47.983552,-119.887492,CMU,CMU - Chewuch River Middle Upper,2024-05-05 01:01:39,2024-05-05 01:01:39,1
3DD.003E45D1A4,Starr Boat Launch,7/27/2023,2023,47.983552,-119.887492,CRW,CRW - Chewuch River above Winthrop,2024-04-14 00:50:21,2024-04-14 00:53:03,1
3DD.003E45D1A4,Starr Boat Launch,7/27/2023,2023,47.983552,-119.887492,LMR,LMR - Lower Methow River at Pateros,2023-07-30 03:09:53,2023-07-30 03:09:53,1
3DD.003E45D1A4,Starr Boat Launch,7/27/2023,2023,47.983552,-119.887492,MRC,MRC - Methow River at Carlton,2024-03-21 04:36:07,2024-03-21 04:36:07,1
3DD.003E45D1A5,Starr Boat Launch,8/3/2023,2023,47.983552,-119.887492,LMR,LMR - Lower Methow River at Pateros,2023-08-04 23:25:54,2023-08-04 23:25:54,1
3DD.003E45D1A6,Starr Boat Launch,8/3/2023,2023,47.983552,-119.887492,CML,CML - Chewuch River Middle Lower,2023-08-16 03:15:44,2023-08-16 03:15:44,1
3DD.003E45D1A6,Starr Boat Launch,8/3/2023,2023,47.983552,-119.887492,CMU,CMU - Chewuch River Middle Upper,2023-08-16 03:49:44,2023-08-16 03:49:44,1
3DD.003E45D1A6,Starr Boat Launch,8/3/2023,2023,47.983552,-119.887492,CRW,CRW - Chewuch River above Winthrop,2023-08-15 23:25:14,2024-06-06 01:41:27,1
3DD.003E45D1A6,Starr Boat Launch,8/3/2023,2023,47.983552,-119.887492,LMR,LMR - Lower Methow River at Pateros,2023-08-05 00:27:12,2023-08-05 00:27:12,1
3DD.003E45D1A7,Starr Boat Launch,8/3/2023,2023,47.983552,-119.887492,OKL,OKL - Lower Okanogan Instream Array,2023-08-05 20:43:09,2023-08-05 20:43:09,1
3DD.003E45D1AA,Starr Boat Launch,8/3/2023,2023,47.983552,-119.887492,OKL,OKL - Lower Okanogan Instream Array,2023-08-05 21:44:05,2023-08-05 21:44:05,1
3DD.003E45D1AB,Starr Boat Launch,8/3/2023,2023,47.983552,-119.887492,CRW,CRW - Chewuch River above Winthrop,2023-08-12 02:01:35,2023-08-12 02:03:25,1
3DD.003E45D1AC,Starr Boat Launch,8/3/2023,2023,47.983552,-119.887492,CML,CML - Chewuch River Middle Lower,2023-08-14 02:21:51,2023-08-14 02:21:51,1
3DD.003E45D1AC,Starr Boat Launch,8/3/2023,2023,47.983552,-119.887492,CMU,CMU - Chewuch River Middle Upper,2023-08-14 02:51:01,2023-08-14 02:51:01,1
3DD.003E45D1AC,Starr Boat Launch,8/3/2023,2023,47.983552,-119.887492,CRW,CRW - Chewuch River above Winthrop,2023-08-13 22:36:54,2023-08-13 22:38:15,1
3DD.003E45D1AF,Starr Boat Launch,8/3/2023,2023,47.983552,-119.887492,LMR,LMR - Lower Methow River at Pateros,2024-07-26 02:34:06,2024-07-26 02:34:06,1
3DD.003E45D1B2,Starr Boat Launch,8/3/2023,2023,47.983552,-119.887492,OKL,OKL - Lower Okanogan Instream Array,2024-06-14 08:19:22,2024-06-14 08:20:29,1
3DD.003E45D1B5,Starr Boat Launch,8/3/2023,2023,47.983552,-119.887492,ENL,ENL - Lower Entiat River,2024-05-16 22:27:43,2024-07-09 12:10:27,1
3DD.003E45D1B8,Starr Boat Launch,7/27/2023,2023,47.983552,-119.887492,OKL,OKL - Lower Okanogan Instream Array,2023-07-29 20:58:19,2023-07-29 20:58:25,1
3DD.003E45D1B9,Starr Boat Launch,8/3/2023,2023,47.983552,-119.887492,OKL,OKL - Lower Okanogan Instream Array,2023-08-05 22:07:07,2023-08-05 22:07:07,1
3DD.003E45D1BA,Starr Boat Launch,8/3/2023,2023,47.983552,-119.887492,OKL,OKL - Lower Okanogan Instream Array,2023-08-05 22:46:31,2023-08-05 22:46:31,1
3DD.003E45D1BB,Starr Boat Launch,8/3/2023,2023,47.983552,-119.887492,OKL,OKL - Lower Okanogan Instream Array,2023-08-05 21:21:23,2023-08-05 21:21:29,1
3DD.003E45D1BC,Starr Boat Launch,8/3/2023,2023,47.983552,-119.887492,LMR,LMR - Lower Methow River at Pateros,2023-08-06 01:25:14,2023-08-06 01:25:14,1
3DD.003E45D1BC,Starr Boat Launch,8/3/2023,2023,47.983552,-119.887492,MRC,MRC - Methow River at Carlton,2024-06-11 08:39:38,2024-06-11 08:39:38,1
3DD.003E45D1BD,Starr Boat Launch,8/3/2023,2023,47.983552,-119.887492,LMR,LMR - Lower Methow River at Pateros,2023-08-05 00:55:21,2023-08-05 00:55:21,1
3DD.003E45D1BE,Starr Boat Launch,7/27/2023,2023,47.983552,-119.887492,CML,CML - Chewuch River Middle Lower,2023-08-13 01:02:01,2023-08-13 01:02:01,1
3DD.003E45D1BE,Starr Boat Launch,7/27/2023,2023,47.983552,-119.887492,CRU,CRU - Upper Chewuch Instream Array,2023-08-15 03:16:55,2024-06-23 23:25:53,1
3DD.003E45D1BE,Starr Boat Launch,7/27/2023,2023,47.983552,-119.887492,CRW,CRW - Chewuch River above Winthrop,2023-08-12 20:57:39,2023-08-12 20:57:39,1
3DD.003E45D1C1,Starr Boat Launch,7/27/2023,2023,47.983552,-119.887492,OKL,OKL - Lower Okanogan Instream Array,2024-04-13 23:17:37,2025-05-08 14:11:29,1
3DD.003E45D1C4,Starr Boat Launch,8/3/2023,2023,47.983552,-119.887492,CML,CML - Chewuch River Middle Lower,2023-08-14 01:40:50,2023-08-14 01:40:50,1
3DD.003E45D1C4,Starr Boat Launch,8/3/2023,2023,47.983552,-119.887492,CMU,CMU - Chewuch River Middle Upper,2023-08-14 02:07:46,2023-08-14 02:07:46,1
3DD.003E45D1C4,Starr Boat Launch,8/3/2023,2023,47.983552,-119.887492,CRU,CRU - Upper Chewuch Instream Array,2023-08-16 01:25:34,2024-06-21 13:33:59,1
3DD.003E45D1C4,Starr Boat Launch,8/3/2023,2023,47.983552,-119.887492,CRW,CRW - Chewuch River above Winthrop,2023-08-13 21:52:40,2023-08-13 21:53:50,1
3DD.003E45D1C7,Starr Boat Launch,8/3/2023,2023,47.983552,-119.887492,OKL,OKL - Lower Okanogan Instream Array,2023-08-05 22:05:15,2023-08-05 22:05:15,1
3DD.003E45D1C9,Starr Boat Launch,8/3/2023,2023,47.983552,-119.887492,CML,CML - Chewuch River Middle Lower,2023-08-15 20:22:35,2023-08-15 20:22:35,1
3DD.003E45D1C9,Starr Boat Launch,8/3/2023,2023,47.983552,-119.887492,CMU,CMU - Chewuch River Middle Upper,2023-08-15 20:57:28,2023-08-15 20:57:28,1
3DD.003E45D1C9,Starr Boat Launch,8/3/2023,2023,47.983552,-119.887492,CRU,CRU - Upper Chewuch Instream Array,2023-08-17 21:52:18,2024-06-12 16:52:38,1
3DD.003E45D1C9,Starr Boat Launch,8/3/2023,2023,47.983552,-119.887492,CRW,CRW - Chewuch River above Winthrop,2023-08-15 00:01:14,2023-08-15 00:02:46,1
3DD.003E45D1CA,Starr Boat Launch,8/3/2023,2023,47.983552,-119.887492,CML,CML - Chewuch River Middle Lower,2023-08-13 21:00:59,2023-08-13 21:00:59,1
3DD.003E45D1CA,Starr Boat Launch,8/3/2023,2023,47.983552,-119.887492,CMU,CMU - Chewuch River Middle Upper,2023-08-13 21:32:15,2023-08-13 21:32:15,1
3DD.003E45D1CA,Starr Boat Launch,8/3/2023,2023,47.983552,-119.887492,CRU,CRU - Upper Chewuch Instream Array,2023-08-15 23:14:07,2024-06-05 15:01:46,1
3DD.003E45D1CA,Starr Boat Launch,8/3/2023,2023,47.983552,-119.887492,CRW,CRW - Chewuch River above Winthrop,2023-08-13 00:28:04,2023-08-13 00:39:28,1
3DD.003E45D1CE,Starr Boat Launch,8/3/2023,2023,47.983552,-119.887492,OKL,OKL - Lower Okanogan Instream Array,2024-04-17 21:12:35,2024-04-17 21:12:47,1
3DD.003E45D1D4,Starr Boat Launch,8/3/2023,2023,47.983552,-119.887492,LMR,LMR - Lower Methow River at Pateros,2023-08-05 01:58:33,2023-08-05 01:58:33,1
3DD.003E45D1D6,Starr Boat Launch,8/3/2023,2023,47.983552,-119.887492,MRC,MRC - Methow River at Carlton,2024-06-07 01:39:18,2024-06-10 22:23:57,1
3DD.003E45D1D7,Starr Boat Launch,8/3/2023,2023,47.983552,-119.887492,CML,CML - Chewuch River Middle Lower,2023-08-15 01:24:24,2023-08-15 01:24:24,1
3DD.003E45D1D7,Starr Boat Launch,8/3/2023,2023,47.983552,-119.887492,CMU,CMU - Chewuch River Middle Upper,2023-08-15 01:56:01,2023-08-15 01:56:01,1
3DD.003E45D1D7,Starr Boat Launch,8/3/2023,2023,47.983552,-119.887492,CRU,CRU - Upper Chewuch Instream Array,2023-08-17 04:17:39,2024-06-13 13:31:21,1
3DD.003E45D1D7,Starr Boat Launch,8/3/2023,2023,47.983552,-119.887492,CRW,CRW - Chewuch River above Winthrop,2023-08-14 21:15:30,2023-08-14 21:16:39,1
3DD.003E45D1D8,Starr Boat Launch,8/3/2023,2023,47.983552,-119.887492,OKL,OKL - Lower Okanogan Instream Array,2023-08-06 01:09:10,2023-08-06 01:09:10,1
3DD.003E45D1D9,Starr Boat Launch,8/3/2023,2023,47.983552,-119.887492,LMR,LMR - Lower Methow River at Pateros,2023-08-05 02:20:25,2023-08-05 02:20:25,1
3DD.003E45D1DE,Starr Boat Launch,8/10/2023,2023,47.983552,-119.887492,LMR,LMR - Lower Methow River at Pateros,2024-05-31 22:18:09,2024-05-31 22:18:23,1
3DD.003E45D1DF,Starr Boat Launch,8/17/2023,2023,47.983552,-119.887492,CRW,CRW - Chewuch River above Winthrop,2024-04-05 00:22:25,2024-06-01 14:10:15,1
3DD.003E45D1DF,Starr Boat Launch,8/17/2023,2023,47.983552,-119.887492,LMR,LMR - Lower Methow River at Pateros,2023-08-18 21:20:56,2023-08-18 21:20:56,1
3DD.003E45D1DF,Starr Boat Launch,8/17/2023,2023,47.983552,-119.887492,MRC,MRC - Methow River at Carlton,2024-06-12 16:16:29,2024-06-12 16:16:29,1
3DD.003E45D1E0,Starr Boat Launch,8/17/2023,2023,47.983552,-119.887492,CML,CML - Chewuch River Middle Lower,2024-07-12 22:04:08,2024-08-16 22:44:33,1
3DD.003E45D1E0,Starr Boat Launch,8/17/2023,2023,47.983552,-119.887492,LMR,LMR - Lower Methow River at Pateros,2023-08-18 20:35:53,2023-08-18 20:35:53,1
3DD.003E45D1E0,Starr Boat Launch,8/17/2023,2023,47.983552,-119.887492,MRC,MRC - Methow River at Carlton,2024-06-29 00:12:50,2024-06-29 00:12:50,1
3DD.003E45D1E3,Starr Boat Launch,8/10/2023,2023,47.983552,-119.887492,OKL,OKL - Lower Okanogan Instream Array,2024-05-10 02:25:35,2024-05-10 02:25:51,1
3DD.003E45D1E4,Starr Boat Launch,8/17/2023,2023,47.983552,-119.887492,LMR,LMR - Lower Methow River at Pateros,2023-08-18 23:28:16,2023-08-18 23:28:16,1
3DD.003E45D1E5,Starr Boat Launch,8/10/2023,2023,47.983552,-119.887492,OKL,OKL - Lower Okanogan Instream Array,2023-08-13 03:22:26,2023-08-13 03:22:26,1
3DD.003E45D1E6,Starr Boat Launch,8/17/2023,2023,47.983552,-119.887492,MRC,MRC - Methow River at Carlton,2024-07-12 10:40:40,2024-07-12 10:40:40,1
3DD.003E45D1E7,Starr Boat Launch,8/17/2023,2023,47.983552,-119.887492,MRC,MRC - Methow River at Carlton,2023-08-24 22:12:09,2023-08-24 22:12:09,1
3DD.003E45D1E9,Starr Boat Launch,8/17/2023,2023,47.983552,-119.887492,OKL,OKL - Lower Okanogan Instream Array,2023-08-19 23:29:42,2023-08-19 23:29:47,1
3DD.003E45D1EA,Starr Boat Launch,8/17/2023,2023,47.983552,-119.887492,LMR,LMR - Lower Methow River at Pateros,2024-06-12 13:19:45,2024-06-12 13:19:45,1
3DD.003E45D1ED,Starr Boat Launch,8/17/2023,2023,47.983552,-119.887492,MRC,MRC - Methow River at Carlton,2023-08-22 02:32:01,2023-08-22 02:32:01,1
3DD.003E45D1EE,Starr Boat Launch,8/10/2023,2023,47.983552,-119.887492,OKL,OKL - Lower Okanogan Instream Array,2024-05-01 23:36:52,2024-05-01 23:37:07,1
3DD.003E45D1F0,Starr Boat Launch,8/17/2023,2023,47.983552,-119.887492,LMR,LMR - Lower Methow River at Pateros,2023-08-18 23:54:21,2023-08-18 23:54:21,1
3DD.003E45D1F1,Starr Boat Launch,8/17/2023,2023,47.983552,-119.887492,OKL,OKL - Lower Okanogan Instream Array,2023-08-20 00:28:02,2023-08-20 00:28:02,1
3DD.003E45D1F2,Starr Boat Launch,8/17/2023,2023,47.983552,-119.887492,CML,CML - Chewuch River Middle Lower,2023-09-21 21:16:35,2023-09-21 21:16:35,1
3DD.003E45D1F2,Starr Boat Launch,8/17/2023,2023,47.983552,-119.887492,CMU,CMU - Chewuch River Middle Upper,2023-09-21 22:07:55,2024-06-15 01:29:33,1
3DD.003E45D1F2,Starr Boat Launch,8/17/2023,2023,47.983552,-119.887492,CRW,CRW - Chewuch River above Winthrop,2024-06-23 21:07:39,2024-06-23 21:07:39,1
3DD.003E45D1F2,Starr Boat Launch,8/17/2023,2023,47.983552,-119.887492,MRC,MRC - Methow River at Carlton,2023-08-23 02:33:55,2023-08-23 02:33:55,1
3DD.003E45D1F4,Starr Boat Launch,8/17/2023,2023,47.983552,-119.887492,LMR,LMR - Lower Methow River at Pateros,2023-08-18 21:31:40,2023-08-18 21:31:40,1
3DD.003E45D1F5,Starr Boat Launch,8/10/2023,2023,47.983552,-119.887492,CRW,CRW - Chewuch River above Winthrop,2023-08-19 00:35:10,2024-06-24 17:51:44,1
3DD.003E45D1F5,Starr Boat Launch,8/10/2023,2023,47.983552,-119.887492,MRC,MRC - Methow River at Carlton,2023-08-15 21:09:45,2023-08-15 21:09:45,1
3DD.003E45D1F7,Starr Boat Launch,8/17/2023,2023,47.983552,-119.887492,MRC,MRC - Methow River at Carlton,2024-05-25 21:03:31,2024-05-25 21:03:31,1
3DD.003E45D1F9,Starr Boat Launch,8/17/2023,2023,47.983552,-119.887492,CRW,CRW - Chewuch River above Winthrop,2024-05-16 02:52:19,2024-06-22 00:10:56,1
3DD.003E45D1F9,Starr Boat Launch,8/17/2023,2023,47.983552,-119.887492,MRC,MRC - Methow River at Carlton,2023-08-22 21:34:56,2023-08-22 21:34:56,1
3DD.003E45D1FD,Starr Boat Launch,8/17/2023,2023,47.983552,-119.887492,OKL,OKL - Lower Okanogan Instream Array,2023-08-19 20:28:52,2023-08-19 20:29:00,1
3DD.003E45D1FE,Starr Boat Launch,8/10/2023,2023,47.983552,-119.887492,MRC,MRC - Methow River at Carlton,2024-06-06 02:41:18,2024-06-06 02:41:45,1
3DD.003E45D201,Starr Boat Launch,8/17/2023,2023,47.983552,-119.887492,MRC,MRC - Methow River at Carlton,2024-04-02 22:06:45,2024-06-20 11:51:25,1
3DD.003E45D202,Starr Boat Launch,8/10/2023,2023,47.983552,-119.887492,LMR,LMR - Lower Methow River at Pateros,2023-08-12 22:21:08,2023-08-12 22:21:08,1
3DD.003E45D205,Starr Boat Launch,8/17/2023,2023,47.983552,-119.887492,MRC,MRC - Methow River at Carlton,2023-08-24 03:26:54,2024-07-03 01:05:04,1
3DD.003E45D206,Starr Boat Launch,8/17/2023,2023,47.983552,-119.887492,OKL,OKL - Lower Okanogan Instream Array,2024-05-17 14:21:53,2024-05-17 14:22:57,1
3DD.003E45D207,Starr Boat Launch,8/17/2023,2023,47.983552,-119.887492,CRW,CRW - Chewuch River above Winthrop,2024-05-10 04:21:05,2024-06-12 00:44:28,1
3DD.003E45D207,Starr Boat Launch,8/17/2023,2023,47.983552,-119.887492,LMR,LMR - Lower Methow River at Pateros,2023-08-18 21:48:32,2023-08-18 21:48:32,1
3DD.003E45D209,Starr Boat Launch,8/17/2023,2023,47.983552,-119.887492,LMR,LMR - Lower Methow River at Pateros,2023-08-18 22:26:35,2023-08-18 22:26:35,1
3DD.003E45D209,Starr Boat Launch,8/17/2023,2023,47.983552,-119.887492,MRC,MRC - Methow River at Carlton,2024-04-14 01:46:55,2024-04-14 01:46:55,1
3DD.003E45D20A,Starr Boat Launch,8/17/2023,2023,47.983552,-119.887492,LMR,LMR - Lower Methow River at Pateros,2023-08-19 00:11:38,2023-08-19 00:11:38,1
3DD.003E45D20A,Starr Boat Launch,8/17/2023,2023,47.983552,-119.887492,MRC,MRC - Methow River at Carlton,2023-08-26 23:33:44,2023-08-26 23:33:44,1
3DD.003E45D20D,Starr Boat Launch,8/17/2023,2023,47.983552,-119.887492,OKL,OKL - Lower Okanogan Instream Array,2024-06-03 20:34:23,2024-06-03 20:34:51,1
3DD.003E45D20E,Starr Boat Launch,8/17/2023,2023,47.983552,-119.887492,MRC,MRC - Methow River at Carlton,2023-08-24 03:03:31,2023-08-24 03:03:31,1
3DD.003E45D20F,Starr Boat Launch,8/10/2023,2023,47.983552,-119.887492,CML,CML - Chewuch River Middle Lower,2024-07-12 03:35:40,2024-07-12 03:35:40,1
3DD.003E45D20F,Starr Boat Launch,8/10/2023,2023,47.983552,-119.887492,CRW,CRW - Chewuch River above Winthrop,2024-04-06 21:07:58,2024-07-02 09:33:40,1
3DD.003E45D20F,Starr Boat Launch,8/10/2023,2023,47.983552,-119.887492,LMR,LMR - Lower Methow River at Pateros,2023-08-11 21:13:57,2023-08-11 21:13:57,1
3DD.003E45D210,Starr Boat Launch,8/10/2023,2023,47.983552,-119.887492,OKL,OKL - Lower Okanogan Instream Array,2023-08-13 22:46:28,2023-08-13 22:46:33,1
3DD.003E45D211,Starr Boat Launch,8/17/2023,2023,47.983552,-119.887492,LMR,LMR - Lower Methow River at Pateros,2023-08-19 00:28:31,2023-08-19 00:28:31,1
3DD.003E45D212,Starr Boat Launch,8/17/2023,2023,47.983552,-119.887492,LMR,LMR - Lower Methow River at Pateros,2023-08-18 02:44:55,2023-08-18 02:44:55,1
3DD.003E45D212,Starr Boat Launch,8/17/2023,2023,47.983552,-119.887492,MRC,MRC - Methow River at Carlton,2023-08-22 21:11:05,2023-08-22 21:11:05,1
3DD.003E45D213,Starr Boat Launch,8/17/2023,2023,47.983552,-119.887492,OKL,OKL - Lower Okanogan Instream Array,2023-08-19 23:20:43,2023-08-19 23:20:43,1
3DD.003E45D215,Starr Boat Launch,8/17/2023,2023,47.983552,-119.887492,MRC,MRC - Methow River at Carlton,2023-08-23 02:12:18,2023-08-23 02:12:18,1
3DD.003E45D216,Starr Boat Launch,8/17/2023,2023,47.983552,-119.887492,LMR,LMR - Lower Methow River at Pateros,2023-08-18 21:38:51,2023-08-18 21:38:51,1
3DD.003E45D218,Starr Boat Launch,8/17/2023,2023,47.983552,-119.887492,LMR,LMR - Lower Methow River at Pateros,2024-05-09 23:39:38,2024-05-09 23:39:38,1
3DD.003E45D218,Starr Boat Launch,8/17/2023,2023,47.983552,-119.887492,MRC,MRC - Methow River at Carlton,2024-06-19 00:38:07,2024-06-19 00:38:07,1
3DD.003E45D21E,Starr Boat Launch,8/10/2023,2023,47.983552,-119.887492,CMU,CMU - Chewuch River Middle Upper,2024-06-05 19:58:50,2024-06-06 17:30:27,1
3DD.003E45D21E,Starr Boat Launch,8/10/2023,2023,47.983552,-119.887492,CRW,CRW - Chewuch River above Winthrop,2023-08-19 02:36:43,2023-08-19 02:38:36,1
3DD.003E45D21E,Starr Boat Launch,8/10/2023,2023,47.983552,-119.887492,LMR,LMR - Lower Methow River at Pateros,2023-08-11 23:46:56,2023-08-11 23:46:56,1
3DD.003E45D21F,Starr Boat Launch,8/17/2023,2023,47.983552,-119.887492,CML,CML - Chewuch River Middle Lower,2023-08-27 01:59:38,2023-08-27 01:59:38,1
3DD.003E45D21F,Starr Boat Launch,8/17/2023,2023,47.983552,-119.887492,CMU,CMU - Chewuch River Middle Upper,2023-08-27 02:33:26,2023-08-27 02:33:26,1
3DD.003E45D21F,Starr Boat Launch,8/17/2023,2023,47.983552,-119.887492,CRW,CRW - Chewuch River above Winthrop,2023-08-26 21:41:25,2023-08-26 21:41:25,1
3DD.003E45D223,Starr Boat Launch,8/10/2023,2023,47.983552,-119.887492,MRC,MRC - Methow River at Carlton,2023-08-15 03:30:29,2023-08-15 03:30:29,1
3DD.003E45D226,Starr Boat Launch,8/17/2023,2023,47.983552,-119.887492,OKL,OKL - Lower Okanogan Instream Array,2024-05-18 14:58:15,2024-06-30 23:29:12,1
3DD.003E45D228,Starr Boat Launch,8/17/2023,2023,47.983552,-119.887492,MRC,MRC - Methow River at Carlton,2023-08-23 22:15:34,2023-08-23 22:15:34,1
3DD.003E45D229,Starr Boat Launch,8/17/2023,2023,47.983552,-119.887492,MRC,MRC - Methow River at Carlton,2023-08-24 20:52:58,2023-08-24 20:52:58,1
3DD.003E45D22A,Starr Boat Launch,8/17/2023,2023,47.983552,-119.887492,MRC,MRC - Methow River at Carlton,2023-08-22 20:05:58,2023-08-22 20:05:58,1
3DD.003E45D22B,Starr Boat Launch,8/17/2023,2023,47.983552,-119.887492,LMR,LMR - Lower Methow River at Pateros,2023-08-18 21:23:58,2023-08-18 21:23:58,1
3DD.003E45D22D,Starr Boat Launch,8/17/2023,2023,47.983552,-119.887492,OKL,OKL - Lower Okanogan Instream Array,2023-08-19 20:49:57,2023-08-19 20:49:57,1
3DD.003E45D22E,Starr Boat Launch,8/17/2023,2023,47.983552,-119.887492,OKL,OKL - Lower Okanogan Instream Array,2023-08-19 22:25:45,2023-08-19 22:25:51,1
3DD.003E45D230,Starr Boat Launch,8/17/2023,2023,47.983552,-119.887492,OKL,OKL - Lower Okanogan Instream Array,2023-08-19 21:00:43,2023-08-19 21:00:43,1
3DD.003E45D231,Starr Boat Launch,8/17/2023,2023,47.983552,-119.887492,LMR,LMR - Lower Methow River at Pateros,2023-08-18 23:21:44,2023-08-18 23:21:44,1
3DD.003E45D231,Starr Boat Launch,8/17/2023,2023,47.983552,-119.887492,MRC,MRC - Methow River at Carlton,2023-09-10 21:56:45,2023-09-10 21:56:45,1
3DD.003E45D233,Starr Boat Launch,8/17/2023,2023,47.983552,-119.887492,LMR,LMR - Lower Methow River at Pateros,2023-08-18 22:02:57,2023-08-18 22:02:57,1
3DD.003E45D234,Starr Boat Launch,8/17/2023,2023,47.983552,-119.887492,LMR,LMR - Lower Methow River at Pateros,2023-08-18 20:58:29,2024-06-24 13:39:08,1
3DD.003E45D235,Starr Boat Launch,8/17/2023,2023,47.983552,-119.887492,CML,CML - Chewuch River Middle Lower,2023-08-26 20:54:20,2023-08-26 20:54:20,1
3DD.003E45D235,Starr Boat Launch,8/17/2023,2023,47.983552,-119.887492,CMU,CMU - Chewuch River Middle Upper,2023-08-26 21:27:16,2023-08-26 21:27:16,1
3DD.003E45D235,Starr Boat Launch,8/17/2023,2023,47.983552,-119.887492,CRU,CRU - Upper Chewuch Instream Array,2023-08-30 04:09:50,2023-08-30 04:09:55,1
3DD.003E45D235,Starr Boat Launch,8/17/2023,2023,47.983552,-119.887492,CRW,CRW - Chewuch River above Winthrop,2023-08-26 00:45:35,2023-08-26 00:47:15,1
3DD.003E45D235,Starr Boat Launch,8/17/2023,2023,47.983552,-119.887492,MRC,MRC - Methow River at Carlton,2023-08-22 22:19:54,2023-08-22 22:19:54,1
3DD.003E45D236,Starr Boat Launch,8/17/2023,2023,47.983552,-119.887492,LMR,LMR - Lower Methow River at Pateros,2023-08-18 21:10:16,2023-08-18 21:10:16,1
3DD.003E45D236,Starr Boat Launch,8/17/2023,2023,47.983552,-119.887492,MRC,MRC - Methow River at Carlton,2023-08-23 02:17:28,2023-08-23 02:17:28,1
3DD.003E45D238,Starr Boat Launch,8/10/2023,2023,47.983552,-119.887492,OKL,OKL - Lower Okanogan Instream Array,2023-08-12 23:27:43,2023-08-12 23:27:43,1
3DD.003E45D239,Starr Boat Launch,8/17/2023,2023,47.983552,-119.887492,LMR,LMR - Lower Methow River at Pateros,2023-08-18 21:45:15,2023-08-18 21:45:15,1
3DD.003E45D239,Starr Boat Launch,8/17/2023,2023,47.983552,-119.887492,MRC,MRC - Methow River at Carlton,2023-08-23 01:37:13,2023-08-23 01:37:13,1
3DD.003E45D23A,Starr Boat Launch,8/17/2023,2023,47.983552,-119.887492,LMR,LMR - Lower Methow River at Pateros,2023-08-18 20:19:53,2024-06-17 02:16:45,1
3DD.003E45D23D,Starr Boat Launch,8/17/2023,2023,47.983552,-119.887492,OKL,OKL - Lower Okanogan Instream Array,2024-06-06 06:17:32,2024-06-06 06:17:38,1
3DD.003E45D23E,Starr Boat Launch,8/17/2023,2023,47.983552,-119.887492,LMR,LMR - Lower Methow River at Pateros,2023-08-18 21:49:51,2023-08-18 21:49:51,1
3DD.003E45D23F,Starr Boat Launch,8/17/2023,2023,47.983552,-119.887492,OKL,OKL - Lower Okanogan Instream Array,2024-05-01 23:45:55,2024-05-01 23:46:07,1
3DD.003E45D240,Starr Boat Launch,8/17/2023,2023,47.983552,-119.887492,LMR,LMR - Lower Methow River at Pateros,2024-07-11 20:47:31,2024-07-11 20:47:31,1
3DD.003E45D36E,Starr Boat Launch,7/27/2023,2023,47.983552,-119.887492,OKL,OKL - Lower Okanogan Instream Array,2024-05-27 20:02:14,2024-05-27 20:03:24,1
3DD.003E45D36F,Starr Boat Launch,7/27/2023,2023,47.983552,-119.887492,CML,CML - Chewuch River Middle Lower,2023-08-08 02:39:54,2023-08-08 02:39:54,1
3DD.003E45D36F,Starr Boat Launch,7/27/2023,2023,47.983552,-119.887492,CRW,CRW - Chewuch River above Winthrop,2023-08-07 21:30:46,2023-08-07 21:34:27,1
3DD.003E45D370,Starr Boat Launch,7/27/2023,2023,47.983552,-119.887492,CML,CML - Chewuch River Middle Lower,2023-08-09 01:58:06,2023-08-09 01:58:06,1
3DD.003E45D370,Starr Boat Launch,7/27/2023,2023,47.983552,-119.887492,CMU,CMU - Chewuch River Middle Upper,2023-08-09 02:29:06,2023-08-09 02:29:06,1
3DD.003E45D370,Starr Boat Launch,7/27/2023,2023,47.983552,-119.887492,CRU,CRU - Upper Chewuch Instream Array,2023-08-11 21:44:42,2023-08-11 21:44:50,1
3DD.003E45D370,Starr Boat Launch,7/27/2023,2023,47.983552,-119.887492,CRW,CRW - Chewuch River above Winthrop,2023-08-08 21:14:56,2023-08-08 21:27:20,1
3DD.003E45D370,Starr Boat Launch,7/27/2023,2023,47.983552,-119.887492,LMR,LMR - Lower Methow River at Pateros,2023-07-28 22:08:42,2023-07-28 22:08:42,1
3DD.003E45D371,Starr Boat Launch,7/27/2023,2023,47.983552,-119.887492,MRC,MRC - Methow River at Carlton,2024-04-02 19:47:31,2024-04-02 19:47:31,1
3DD.003E45D372,Starr Boat Launch,7/27/2023,2023,47.983552,-119.887492,LMR,LMR - Lower Methow River at Pateros,2024-06-19 13:03:07,2024-06-19 13:03:18,1
3DD.003E45D373,Starr Boat Launch,7/27/2023,2023,47.983552,-119.887492,LMR,LMR - Lower Methow River at Pateros,2023-07-29 22:52:03,2023-07-29 22:52:03,1
3DD.003E45D374,Starr Boat Launch,7/27/2023,2023,47.983552,-119.887492,CML,CML - Chewuch River Middle Lower,2023-08-11 00:58:03,2023-08-11 00:58:03,1
3DD.003E45D374,Starr Boat Launch,7/27/2023,2023,47.983552,-119.887492,CRW,CRW - Chewuch River above Winthrop,2023-08-10 20:19:35,2023-08-10 20:19:35,1
3DD.003E45D376,Starr Boat Launch,7/27/2023,2023,47.983552,-119.887492,OKL,OKL - Lower Okanogan Instream Array,2024-06-14 01:27:59,2024-06-14 01:29:38,1
3DD.003E45D379,Starr Boat Launch,7/27/2023,2023,47.983552,-119.887492,CML,CML - Chewuch River Middle Lower,2023-08-12 02:53:31,2023-08-12 02:53:31,1
3DD.003E45D379,Starr Boat Launch,7/27/2023,2023,47.983552,-119.887492,CMU,CMU - Chewuch River Middle Upper,2023-08-12 03:29:46,2023-08-12 03:29:46,1
3DD.003E45D379,Starr Boat Launch,7/27/2023,2023,47.983552,-119.887492,CRU,CRU - Upper Chewuch Instream Array,2023-08-14 03:17:36,2023-08-14 03:17:42,1
3DD.003E45D379,Starr Boat Launch,7/27/2023,2023,47.983552,-119.887492,CRW,CRW - Chewuch River above Winthrop,2023-08-11 22:14:44,2023-08-11 22:16:31,1
3DD.003E45D37B,Starr Boat Launch,7/27/2023,2023,47.983552,-119.887492,OKL,OKL - Lower Okanogan Instream Array,2023-07-29 21:16:53,2023-07-29 21:16:59,1
3DD.003E45D37C,Starr Boat Launch,7/27/2023,2023,47.983552,-119.887492,LMR,LMR - Lower Methow River at Pateros,2023-07-28 23:22:51,2023-07-28 23:22:51,1
3DD.003E45D37C,Starr Boat Launch,7/27/2023,2023,47.983552,-119.887492,MRC,MRC - Methow River at Carlton,2023-09-13 23:09:54,2023-09-13 23:09:54,1
3DD.003E45D37E,Starr Boat Launch,7/27/2023,2023,47.983552,-119.887492,MRC,MRC - Methow River at Carlton,2023-08-16 03:02:37,2023-08-16 03:02:37,1
3DD.003E45D380,Starr Boat Launch,7/20/2023,2023,47.983552,-119.887492,OKL,OKL - Lower Okanogan Instream Array,2023-07-30 21:45:59,2023-07-30 21:45:59,1
3DD.003E45D381,Starr Boat Launch,7/27/2023,2023,47.983552,-119.887492,CML,CML - Chewuch River Middle Lower,2023-08-09 00:46:05,2023-08-09 00:46:05,1
3DD.003E45D381,Starr Boat Launch,7/27/2023,2023,47.983552,-119.887492,CMU,CMU - Chewuch River Middle Upper,2023-08-09 01:18:11,2023-08-09 01:18:11,1
3DD.003E45D381,Starr Boat Launch,7/27/2023,2023,47.983552,-119.887492,CRU,CRU - Upper Chewuch Instream Array,2023-08-11 23:31:43,2024-06-06 23:40:23,1
3DD.003E45D381,Starr Boat Launch,7/27/2023,2023,47.983552,-119.887492,CRW,CRW - Chewuch River above Winthrop,2023-08-08 20:26:00,2023-08-08 20:28:11,1
3DD.003E45D381,Starr Boat Launch,7/27/2023,2023,47.983552,-119.887492,LMR,LMR - Lower Methow River at Pateros,2023-07-28 23:40:32,2023-07-28 23:40:44,1
3DD.003E45D382,Starr Boat Launch,7/27/2023,2023,47.983552,-119.887492,LMR,LMR - Lower Methow River at Pateros,2023-07-28 03:05:38,2023-07-28 03:05:38,1
3DD.003E45D383,Starr Boat Launch,7/27/2023,2023,47.983552,-119.887492,LMR,LMR - Lower Methow River at Pateros,2023-07-28 22:33:34,2023-07-28 22:33:34,1
3DD.003E45D384,Starr Boat Launch,7/27/2023,2023,47.983552,-119.887492,OKL,OKL - Lower Okanogan Instream Array,2023-07-30 20:57:25,2023-07-30 20:57:25,1
3DD.003E45D387,Starr Boat Launch,7/27/2023,2023,47.983552,-119.887492,LMR,LMR - Lower Methow River at Pateros,2023-07-28 23:02:38,2023-07-28 23:02:38,1
3DD.003E45D388,Starr Boat Launch,7/27/2023,2023,47.983552,-119.887492,MRC,MRC - Methow River at Carlton,2024-04-08 02:09:32,2024-06-20 17:50:19,1
3DD.003E45D389,Starr Boat Launch,7/27/2023,2023,47.983552,-119.887492,CML,CML - Chewuch River Middle Lower,2023-08-19 02:06:56,2023-08-25 00:45:24,1
3DD.003E45D389,Starr Boat Launch,7/27/2023,2023,47.983552,-119.887492,CMU,CMU - Chewuch River Middle Upper,2023-08-19 02:48:23,2023-08-25 00:07:26,1
3DD.003E45D389,Starr Boat Launch,7/27/2023,2023,47.983552,-119.887492,CRW,CRW - Chewuch River above Winthrop,2023-08-17 22:55:34,2024-06-04 18:46:15,1
3DD.003E45D389,Starr Boat Launch,7/27/2023,2023,47.983552,-119.887492,LMR,LMR - Lower Methow River at Pateros,2023-07-30 00:49:11,2023-07-30 00:49:11,1
3DD.003E45D38B,Starr Boat Launch,7/27/2023,2023,47.983552,-119.887492,OKL,OKL - Lower Okanogan Instream Array,2024-06-25 01:09:40,2024-06-25 01:10:14,1
3DD.003E45D38D,Starr Boat Launch,7/27/2023,2023,47.983552,-119.887492,OKL,OKL - Lower Okanogan Instream Array,2023-07-30 02:16:00,2023-07-30 02:16:00,1
3DD.003E45D38E,Starr Boat Launch,7/27/2023,2023,47.983552,-119.887492,LMR,LMR - Lower Methow River at Pateros,2023-07-29 02:58:30,2023-07-29 02:58:30,1
3DD.003E45D38F,Starr Boat Launch,7/27/2023,2023,47.983552,-119.887492,CRU,CRU - Upper Chewuch Instream Array,2023-08-12 23:30:49,2024-06-07 21:03:08,1
3DD.003E45D38F,Starr Boat Launch,7/27/2023,2023,47.983552,-119.887492,CRW,CRW - Chewuch River above Winthrop,2023-08-10 00:05:34,2023-08-10 00:06:59,1
3DD.003E45D390,Starr Boat Launch,7/27/2023,2023,47.983552,-119.887492,CML,CML - Chewuch River Middle Lower,2023-08-14 01:58:22,2023-08-14 01:58:22,1
3DD.003E45D390,Starr Boat Launch,7/27/2023,2023,47.983552,-119.887492,CMU,CMU - Chewuch River Middle Upper,2023-08-14 02:27:36,2023-08-14 02:27:36,1
3DD.003E45D390,Starr Boat Launch,7/27/2023,2023,47.983552,-119.887492,CRU,CRU - Upper Chewuch Instream Array,2023-08-24 02:19:29,2024-06-10 20:44:56,1
3DD.003E45D390,Starr Boat Launch,7/27/2023,2023,47.983552,-119.887492,CRW,CRW - Chewuch River above Winthrop,2023-08-13 21:40:45,2023-08-13 21:42:20,1
3DD.003E45D391,Starr Boat Launch,7/27/2023,2023,47.983552,-119.887492,CRW,CRW - Chewuch River above Winthrop,2023-08-05 21:53:16,2023-08-05 21:53:16,1
3DD.003E45D392,Starr Boat Launch,7/27/2023,2023,47.983552,-119.887492,LMR,LMR - Lower Methow River at Pateros,2024-06-13 01:47:36,2024-06-16 01:32:10,1
3DD.003E45D393,Starr Boat Launch,7/27/2023,2023,47.983552,-119.887492,OKL,OKL - Lower Okanogan Instream Array,2023-07-29 21:42:21,2023-07-29 21:42:21,1
3DD.003E45D394,Starr Boat Launch,7/27/2023,2023,47.983552,-119.887492,CML,CML - Chewuch River Middle Lower,2023-08-15 22:13:05,2024-06-03 15:48:17,1
3DD.003E45D394,Starr Boat Launch,7/27/2023,2023,47.983552,-119.887492,CMU,CMU - Chewuch River Middle Upper,2023-08-15 22:52:24,2024-06-03 14:32:48,1
3DD.003E45D394,Starr Boat Launch,7/27/2023,2023,47.983552,-119.887492,CRW,CRW - Chewuch River above Winthrop,2023-08-13 23:18:32,2024-06-05 15:29:36,1
3DD.003E45D395,Starr Boat Launch,7/27/2023,2023,47.983552,-119.887492,LMR,LMR - Lower Methow River at Pateros,2023-07-30 00:12:37,2023-07-30 00:12:54,1
3DD.003E45D396,Starr Boat Launch,7/27/2023,2023,47.983552,-119.887492,CML,CML - Chewuch River Middle Lower,2024-05-11 01:15:26,2024-05-11 01:15:26,1
3DD.003E45D396,Starr Boat Launch,7/27/2023,2023,47.983552,-119.887492,CRW,CRW - Chewuch River above Winthrop,2024-04-27 01:30:17,2024-04-27 01:36:52,1
3DD.003E45D396,Starr Boat Launch,7/27/2023,2023,47.983552,-119.887492,MRC,MRC - Methow River at Carlton,2024-04-02 23:01:27,2024-04-02 23:01:27,1
3DD.003E45D398,Starr Boat Launch,7/27/2023,2023,47.983552,-119.887492,LMR,LMR - Lower Methow River at Pateros,2023-07-28 21:48:09,2023-07-28 21:48:09,1
3DD.003E45D39B,Starr Boat Launch,7/27/2023,2023,47.983552,-119.887492,LMR,LMR - Lower Methow River at Pateros,2024-04-30 01:50:55,2024-04-30 01:50:55,1
3DD.003E45D39D,Starr Boat Launch,7/27/2023,2023,47.983552,-119.887492,CML,CML - Chewuch River Middle Lower,2023-08-06 02:20:52,2023-08-06 02:20:52,1
3DD.003E45D39D,Starr Boat Launch,7/27/2023,2023,47.983552,-119.887492,CMU,CMU - Chewuch River Middle Upper,2023-08-06 02:52:00,2023-08-06 02:52:00,1
3DD.003E45D39D,Starr Boat Launch,7/27/2023,2023,47.983552,-119.887492,CRU,CRU - Upper Chewuch Instream Array,2023-08-09 00:08:19,2024-06-08 11:16:39,1
3DD.003E45D39D,Starr Boat Launch,7/27/2023,2023,47.983552,-119.887492,CRW,CRW - Chewuch River above Winthrop,2023-08-05 21:54:07,2024-07-08 01:37:05,1
3DD.003E45D3A0,Starr Boat Launch,7/27/2023,2023,47.983552,-119.887492,OBF,OBF - Omak Creek below Mission Falls,2024-05-12 19:51:42,2024-05-15 00:35:11,1
3DD.003E45D3A0,Starr Boat Launch,7/27/2023,2023,47.983552,-119.887492,OMK,OMK - Omak Creek Instream Array,2024-04-05 23:10:11,2024-04-05 23:18:08,1
3DD.003E45D3A6,Starr Boat Launch,7/27/2023,2023,47.983552,-119.887492,LMR,LMR - Lower Methow River at Pateros,2023-07-28 22:28:15,2023-07-28 22:28:15,1
3DD.003E45D3A7,Starr Boat Launch,7/27/2023,2023,47.983552,-119.887492,OKL,OKL - Lower Okanogan Instream Array,2023-07-30 21:40:42,2023-07-30 21:40:49,1
3DD.003E45D3A9,Starr Boat Launch,7/27/2023,2023,47.983552,-119.887492,OKL,OKL - Lower Okanogan Instream Array,2024-05-04 01:40:32,2024-05-04 01:40:50,1
3DD.003E45D3AA,Starr Boat Launch,7/27/2023,2023,47.983552,-119.887492,LMR,LMR - Lower Methow River at Pateros,2023-07-28 21:50:05,2023-07-28 21:50:05,1
3DD.003E45D3AA,Starr Boat Launch,7/27/2023,2023,47.983552,-119.887492,MRC,MRC - Methow River at Carlton,2023-08-14 22:23:17,2024-06-03 21:09:43,1
3DD.003E45D3AB,Starr Boat Launch,7/27/2023,2023,47.983552,-119.887492,CML,CML - Chewuch River Middle Lower,2023-08-07 01:58:11,2023-08-07 01:58:11,1
3DD.003E45D3AB,Starr Boat Launch,7/27/2023,2023,47.983552,-119.887492,CMU,CMU - Chewuch River Middle Upper,2023-08-07 02:34:27,2023-08-07 02:34:27,1
3DD.003E45D3AB,Starr Boat Launch,7/27/2023,2023,47.983552,-119.887492,CRU,CRU - Upper Chewuch Instream Array,2023-08-10 01:11:25,2023-08-10 01:11:31,1
3DD.003E45D3AB,Starr Boat Launch,7/27/2023,2023,47.983552,-119.887492,CRW,CRW - Chewuch River above Winthrop,2023-08-06 21:13:47,2023-08-06 21:21:10,1
3DD.003E45D3AB,Starr Boat Launch,7/27/2023,2023,47.983552,-119.887492,LMR,LMR - Lower Methow River at Pateros,2023-07-29 21:18:30,2023-07-29 21:18:30,1
3DD.003E45D3AD,Starr Boat Launch,7/20/2023,2023,47.983552,-119.887492,OKL,OKL - Lower Okanogan Instream Array,2024-04-30 19:31:23,2024-04-30 19:31:31,1
3DD.003E45D3AF,Starr Boat Launch,7/27/2023,2023,47.983552,-119.887492,OKL,OKL - Lower Okanogan Instream Array,2023-07-29 21:03:36,2023-07-29 21:03:41,1
3DD.003E45D3AF,Starr Boat Launch,7/27/2023,2023,47.983552,-119.887492,ZSL,ZSL - Zosel Dam Combined,2023-08-03 02:51:32,2023-08-03 03:01:23,1
3DD.003E45D3B0,Starr Boat Launch,7/27/2023,2023,47.983552,-119.887492,MRC,MRC - Methow River at Carlton,2023-08-15 21:20:40,2023-08-15 21:20:40,1
3DD.003E45D3B3,Starr Boat Launch,7/27/2023,2023,47.983552,-119.887492,CRW,CRW - Chewuch River above Winthrop,2024-06-04 01:26:34,2024-06-04 01:26:34,1
3DD.003E45D3B3,Starr Boat Launch,7/27/2023,2023,47.983552,-119.887492,MRW,MRW - Methow River at Winthrop,2023-08-12 01:14:51,2023-08-13 23:30:40,1
3DD.003E45D3B7,Starr Boat Launch,7/27/2023,2023,47.983552,-119.887492,OKL,OKL - Lower Okanogan Instream Array,2023-07-29 22:27:05,2023-07-29 22:27:05,1
3DD.003E45D3B8,Starr Boat Launch,7/27/2023,2023,47.983552,-119.887492,CML,CML - Chewuch River Middle Lower,2023-08-09 23:33:29,2023-08-09 23:33:29,1
3DD.003E45D3B8,Starr Boat Launch,7/27/2023,2023,47.983552,-119.887492,CRW,CRW - Chewuch River above Winthrop,2023-08-07 01:33:04,2023-08-07 01:34:45,1
3DD.003E45D3B8,Starr Boat Launch,7/27/2023,2023,47.983552,-119.887492,LMR,LMR - Lower Methow River at Pateros,2023-07-28 21:36:41,2023-07-28 21:36:41,1
3DD.003E45D3BF,Starr Boat Launch,7/20/2023,2023,47.983552,-119.887492,CML,CML - Chewuch River Middle Lower,2023-08-18 03:09:31,2023-08-18 03:09:31,1
3DD.003E45D3BF,Starr Boat Launch,7/20/2023,2023,47.983552,-119.887492,CRU,CRU - Upper Chewuch Instream Array,2023-08-24 23:45:22,2023-08-24 23:45:28,1
3DD.003E45D3BF,Starr Boat Launch,7/20/2023,2023,47.983552,-119.887492,CRW,CRW - Chewuch River above Winthrop,2023-08-17 22:26:43,2023-08-17 22:28:10,1
3DD.003E45D3C0,Starr Boat Launch,7/27/2023,2023,47.983552,-119.887492,LMR,LMR - Lower Methow River at Pateros,2023-07-28 22:30:22,2023-07-28 22:30:22,1
3DD.003E45D3C4,Starr Boat Launch,7/27/2023,2023,47.983552,-119.887492,LMR,LMR - Lower Methow River at Pateros,2023-07-30 00:14:53,2023-07-30 00:14:53,1
3DD.003E45D3C5,Starr Boat Launch,7/27/2023,2023,47.983552,-119.887492,LMR,LMR - Lower Methow River at Pateros,2023-07-29 02:54:51,2023-07-29 02:54:55,1
3DD.003E45D3C6,Starr Boat Launch,7/27/2023,2023,47.983552,-119.887492,LMR,LMR - Lower Methow River at Pateros,2023-07-28 22:47:53,2023-07-28 22:47:53,1
3DD.003E45D3C8,Starr Boat Launch,7/27/2023,2023,47.983552,-119.887492,MRC,MRC - Methow River at Carlton,2023-08-11 21:54:02,2023-08-11 21:54:02,1
3DD.003E45D3C9,Starr Boat Launch,7/27/2023,2023,47.983552,-119.887492,LMR,LMR - Lower Methow River at Pateros,2023-07-29 00:49:38,2023-07-29 00:49:38,1
3DD.003E45D3CA,Starr Boat Launch,7/27/2023,2023,47.983552,-119.887492,LMR,LMR - Lower Methow River at Pateros,2023-07-30 02:05:28,2024-05-24 21:01:48,1
3DD.003E45D3CB,Starr Boat Launch,7/27/2023,2023,47.983552,-119.887492,OKL,OKL - Lower Okanogan Instream Array,2023-07-30 02:00:27,2023-07-30 02:00:27,1
3DD.003E45D3CC,Starr Boat Launch,7/27/2023,2023,47.983552,-119.887492,CML,CML - Chewuch River Middle Lower,2023-08-13 00:03:24,2023-08-13 00:03:24,1
3DD.003E45D3CC,Starr Boat Launch,7/27/2023,2023,47.983552,-119.887492,CMU,CMU - Chewuch River Middle Upper,2023-08-13 00:40:05,2023-08-13 00:40:05,1
3DD.003E45D3CC,Starr Boat Launch,7/27/2023,2023,47.983552,-119.887492,CRW,CRW - Chewuch River above Winthrop,2023-08-12 01:06:43,2023-08-12 01:08:29,1
3DD.003E45D3CC,Starr Boat Launch,7/27/2023,2023,47.983552,-119.887492,LMR,LMR - Lower Methow River at Pateros,2023-07-29 01:37:31,2023-07-29 01:37:36,1
3DD.003E45D3CD,Starr Boat Launch,7/27/2023,2023,47.983552,-119.887492,LMR,LMR - Lower Methow River at Pateros,2024-03-21 00:50:50,2024-03-21 00:51:02,1
3DD.003E45D3CF,Starr Boat Launch,7/27/2023,2023,47.983552,-119.887492,LMR,LMR - Lower Methow River at Pateros,2023-07-28 22:52:19,2023-07-28 22:52:19,1
3DD.003E45D3D1,Starr Boat Launch,7/27/2023,2023,47.983552,-119.887492,LMR,LMR - Lower Methow River at Pateros,2023-07-28 22:21:01,2023-07-28 22:21:01,1
3DD.003E45D3D3,Starr Boat Launch,7/27/2023,2023,47.983552,-119.887492,MRC,MRC - Methow River at Carlton,2023-08-18 00:37:46,2023-08-18 00:37:46,1
3DD.003E45D3D4,Starr Boat Launch,7/27/2023,2023,47.983552,-119.887492,LMR,LMR - Lower Methow River at Pateros,2023-07-28 22:15:02,2024-06-29 14:22:57,1
3DD.003E45D3D5,Starr Boat Launch,7/27/2023,2023,47.983552,-119.887492,LMR,LMR - Lower Methow River at Pateros,2023-07-29 00:46:39,2023-07-29 00:46:39,1
3DD.003E45D3D6,Starr Boat Launch,7/27/2023,2023,47.983552,-119.887492,LMR,LMR - Lower Methow River at Pateros,2023-07-28 23:28:18,2024-05-24 03:13:46,1
3DD.003E45D3D7,Starr Boat Launch,7/27/2023,2023,47.983552,-119.887492,CML,CML - Chewuch River Middle Lower,2023-08-04 23:42:29,2023-08-04 23:42:29,1
3DD.003E45D3D7,Starr Boat Launch,7/27/2023,2023,47.983552,-119.887492,CMU,CMU - Chewuch River Middle Upper,2023-08-05 00:09:50,2023-08-05 00:09:50,1
3DD.003E45D3D7,Starr Boat Launch,7/27/2023,2023,47.983552,-119.887492,CRU,CRU - Upper Chewuch Instream Array,2023-08-06 21:50:35,2023-08-06 21:50:41,1
3DD.003E45D3D7,Starr Boat Launch,7/27/2023,2023,47.983552,-119.887492,CRW,CRW - Chewuch River above Winthrop,2023-08-04 03:53:19,2023-08-04 03:54:30,1
3DD.003E45D3D7,Starr Boat Launch,7/27/2023,2023,47.983552,-119.887492,LMR,LMR - Lower Methow River at Pateros,2023-07-28 23:31:10,2023-07-28 23:31:10,1
3DD.003E45D3DB,Starr Boat Launch,7/27/2023,2023,47.983552,-119.887492,CML,CML - Chewuch River Middle Lower,2023-08-12 01:28:43,2023-08-12 01:28:43,1
3DD.003E45D3DB,Starr Boat Launch,7/27/2023,2023,47.983552,-119.887492,CRU,CRU - Upper Chewuch Instream Array,2023-08-14 23:23:36,2024-07-06 03:26:09,1
3DD.003E45D3DB,Starr Boat Launch,7/27/2023,2023,47.983552,-119.887492,CRW,CRW - Chewuch River above Winthrop,2023-08-11 20:54:53,2023-08-11 20:56:17,1
3DD.003E45D3DB,Starr Boat Launch,7/27/2023,2023,47.983552,-119.887492,LMR,LMR - Lower Methow River at Pateros,2023-07-28 23:25:03,2023-07-28 23:25:03,1
3DD.003E45D3DC,Starr Boat Launch,7/27/2023,2023,47.983552,-119.887492,LMR,LMR - Lower Methow River at Pateros,2023-07-28 23:45:41,2023-07-28 23:45:41,1
3DD.003E45D3DE,Starr Boat Launch,7/27/2023,2023,47.983552,-119.887492,LMR,LMR - Lower Methow River at Pateros,2023-07-28 22:27:01,2024-06-16 14:37:36,1
3DD.003E45D3DF,Starr Boat Launch,7/27/2023,2023,47.983552,-119.887492,MRC,MRC - Methow River at Carlton,2024-06-01 02:27:30,2024-06-01 21:36:22,1
3DD.003E45D3E1,Starr Boat Launch,7/27/2023,2023,47.983552,-119.887492,LMR,LMR - Lower Methow River at Pateros,2023-07-28 22:10:40,2023-07-28 22:10:40,1
3DD.003E45D3E2,Starr Boat Launch,7/27/2023,2023,47.983552,-119.887492,OKL,OKL - Lower Okanogan Instream Array,2023-07-30 22:48:26,2023-07-30 22:48:31,1
3DD.003E45D3E5,Starr Boat Launch,7/27/2023,2023,47.983552,-119.887492,OKL,OKL - Lower Okanogan Instream Array,2024-06-22 22:13:57,2024-06-22 22:13:57,1
3DD.003E45D3E6,Starr Boat Launch,7/27/2023,2023,47.983552,-119.887492,CML,CML - Chewuch River Middle Lower,2023-08-06 22:30:37,2023-08-06 22:30:37,1
3DD.003E45D3E6,Starr Boat Launch,7/27/2023,2023,47.983552,-119.887492,CMU,CMU - Chewuch River Middle Upper,2023-08-06 23:08:11,2023-08-06 23:08:11,1
3DD.003E45D3E6,Starr Boat Launch,7/27/2023,2023,47.983552,-119.887492,CRU,CRU - Upper Chewuch Instream Array,2023-08-12 21:55:57,2023-08-12 21:56:05,1
3DD.003E45D3E6,Starr Boat Launch,7/27/2023,2023,47.983552,-119.887492,CRW,CRW - Chewuch River above Winthrop,2023-08-06 00:59:46,2023-08-06 01:01:30,1
3DD.003E45D3E8,Starr Boat Launch,7/27/2023,2023,47.983552,-119.887492,LMR,LMR - Lower Methow River at Pateros,2023-07-28 23:18:35,2023-07-28 23:18:35,1
3DD.003E45D3E9,Starr Boat Launch,7/27/2023,2023,47.983552,-119.887492,OKL,OKL - Lower Okanogan Instream Array,2024-06-21 05:06:34,2024-06-28 04:25:03,1
3DD.003E45D3EA,Starr Boat Launch,7/27/2023,2023,47.983552,-119.887492,LMR,LMR - Lower Methow River at Pateros,2023-07-29 01:53:04,2023-07-29 01:53:09,1
3DD.003E45D3EB,Starr Boat Launch,7/27/2023,2023,47.983552,-119.887492,CML,CML - Chewuch River Middle Lower,2023-08-11 01:59:57,2023-08-11 01:59:57,1
3DD.003E45D3EB,Starr Boat Launch,7/27/2023,2023,47.983552,-119.887492,CMU,CMU - Chewuch River Middle Upper,2023-08-11 02:36:08,2023-08-11 02:36:08,1
3DD.003E45D3EB,Starr Boat Launch,7/27/2023,2023,47.983552,-119.887492,CRW,CRW - Chewuch River above Winthrop,2023-08-10 21:11:59,2023-08-10 21:13:18,1
3DD.003E45D3EC,Starr Boat Launch,7/27/2023,2023,47.983552,-119.887492,LMR,LMR - Lower Methow River at Pateros,2023-07-28 22:42:39,2023-07-28 22:42:39,1
3DD.003E45D3EC,Starr Boat Launch,7/27/2023,2023,47.983552,-119.887492,MRC,MRC - Methow River at Carlton,2024-04-13 23:00:51,2024-04-13 23:00:51,1
3DD.003E45D3ED,Starr Boat Launch,7/27/2023,2023,47.983552,-119.887492,OKL,OKL - Lower Okanogan Instream Array,2023-07-30 00:29:01,2023-07-30 00:29:08,1
3DD.003E45D3EE,Starr Boat Launch,7/27/2023,2023,47.983552,-119.887492,OKL,OKL - Lower Okanogan Instream Array,2023-07-29 23:34:45,2023-07-29 23:34:50,1
3DD.003E45D3EF,Starr Boat Launch,7/27/2023,2023,47.983552,-119.887492,OKL,OKL - Lower Okanogan Instream Array,2024-06-17 12:51:58,2024-06-17 12:52:13,1
3DD.003E45D3F1,Starr Boat Launch,7/27/2023,2023,47.983552,-119.887492,LMR,LMR - Lower Methow River at Pateros,2023-07-29 01:17:32,2023-07-29 01:17:32,1
3DD.003E45D3F2,Starr Boat Launch,7/27/2023,2023,47.983552,-119.887492,CML,CML - Chewuch River Middle Lower,2023-08-08 01:57:53,2023-08-08 01:57:53,1
3DD.003E45D3F2,Starr Boat Launch,7/27/2023,2023,47.983552,-119.887492,CMU,CMU - Chewuch River Middle Upper,2023-08-08 02:34:01,2023-08-08 02:34:01,1
3DD.003E45D3F2,Starr Boat Launch,7/27/2023,2023,47.983552,-119.887492,CRU,CRU - Upper Chewuch Instream Array,2023-08-10 23:39:54,2024-06-03 17:33:19,1
3DD.003E45D3F2,Starr Boat Launch,7/27/2023,2023,47.983552,-119.887492,CRW,CRW - Chewuch River above Winthrop,2023-08-07 21:11:34,2023-08-07 21:14:44,1
3DD.003E45D3F2,Starr Boat Launch,7/27/2023,2023,47.983552,-119.887492,LMR,LMR - Lower Methow River at Pateros,2023-07-28 22:58:54,2023-07-28 22:58:54,1
3DD.003E45D3F3,Starr Boat Launch,7/27/2023,2023,47.983552,-119.887492,OKL,OKL - Lower Okanogan Instream Array,2023-07-29 23:10:22,2023-07-29 23:10:22,1
3DD.003E45D3F7,Starr Boat Launch,7/27/2023,2023,47.983552,-119.887492,OKL,OKL - Lower Okanogan Instream Array,2023-07-29 21:29:20,2023-07-29 21:29:28,1
3DD.003E45D3F8,Starr Boat Launch,7/27/2023,2023,47.983552,-119.887492,OKL,OKL - Lower Okanogan Instream Array,2024-06-10 13:12:37,2024-06-10 13:12:45,1
3DD.003E45D3FA,Starr Boat Launch,7/27/2023,2023,47.983552,-119.887492,CML,CML - Chewuch River Middle Lower,2023-08-07 01:39:20,2024-06-02 22:57:02,1
3DD.003E45D3FA,Starr Boat Launch,7/27/2023,2023,47.983552,-119.887492,CMU,CMU - Chewuch River Middle Upper,2023-08-07 02:23:04,2024-05-25 21:21:36,1
3DD.003E45D3FA,Starr Boat Launch,7/27/2023,2023,47.983552,-119.887492,CRW,CRW - Chewuch River above Winthrop,2023-08-06 20:32:50,2024-06-08 12:15:44,1
3DD.003E45D3FB,Starr Boat Launch,7/27/2023,2023,47.983552,-119.887492,LMR,LMR - Lower Methow River at Pateros,2023-07-28 22:35:23,2023-07-28 22:35:23,1
3DD.003E45D3FC,Starr Boat Launch,7/27/2023,2023,47.983552,-119.887492,OKL,OKL - Lower Okanogan Instream Array,2024-06-21 17:26:04,2024-06-21 17:27:12,1
3DD.003E45D3FE,Starr Boat Launch,7/27/2023,2023,47.983552,-119.887492,OKL,OKL - Lower Okanogan Instream Array,2023-07-29 22:56:37,2023-07-29 22:56:37,1
3DD.003E45D400,Starr Boat Launch,7/27/2023,2023,47.983552,-119.887492,OKL,OKL - Lower Okanogan Instream Array,2024-04-29 21:35:30,2024-04-29 21:35:41,1
3DD.003E45D401,Starr Boat Launch,7/27/2023,2023,47.983552,-119.887492,CML,CML - Chewuch River Middle Lower,2024-06-21 20:39:21,2024-06-21 20:39:21,1
3DD.003E45D401,Starr Boat Launch,7/27/2023,2023,47.983552,-119.887492,CRW,CRW - Chewuch River above Winthrop,2024-06-14 02:15:09,2024-06-14 02:24:07,1
3DD.003E45D405,Starr Boat Launch,7/27/2023,2023,47.983552,-119.887492,LMR,LMR - Lower Methow River at Pateros,2023-07-29 01:21:11,2023-07-29 01:21:11,1
3DD.003E45D406,Starr Boat Launch,7/27/2023,2023,47.983552,-119.887492,LMR,LMR - Lower Methow River at Pateros,2023-07-29 00:17:32,2023-07-29 00:17:32,1
3DD.003E45D407,Starr Boat Launch,7/27/2023,2023,47.983552,-119.887492,CML,CML - Chewuch River Middle Lower,2023-08-10 01:50:49,2023-08-10 01:50:49,1
3DD.003E45D407,Starr Boat Launch,7/27/2023,2023,47.983552,-119.887492,CRW,CRW - Chewuch River above Winthrop,2023-08-09 20:34:56,2024-06-04 14:23:26,1
3DD.003E45D407,Starr Boat Launch,7/27/2023,2023,47.983552,-119.887492,LMR,LMR - Lower Methow River at Pateros,2023-07-29 00:27:37,2023-07-29 00:27:37,1
3DD.003E45D408,Starr Boat Launch,7/27/2023,2023,47.983552,-119.887492,OKL,OKL - Lower Okanogan Instream Array,2023-07-30 23:31:46,2023-07-30 23:31:54,1
3DD.003E45D409,Starr Boat Launch,7/27/2023,2023,47.983552,-119.887492,LMR,LMR - Lower Methow River at Pateros,2023-07-28 22:30:06,2023-07-28 22:30:06,1
3DD.003E45D40B,Starr Boat Launch,7/27/2023,2023,47.983552,-119.887492,OKL,OKL - Lower Okanogan Instream Array,2023-07-29 22:56:38,2023-07-29 22:56:38,1
3DD.003E45D40C,Starr Boat Launch,7/27/2023,2023,47.983552,-119.887492,CML,CML - Chewuch River Middle Lower,2023-08-10 21:29:08,2023-08-10 21:29:08,1
3DD.003E45D40C,Starr Boat Launch,7/27/2023,2023,47.983552,-119.887492,CRU,CRU - Upper Chewuch Instream Array,2023-08-13 01:34:03,2023-08-13 01:34:08,1
3DD.003E45D40C,Starr Boat Launch,7/27/2023,2023,47.983552,-119.887492,CRW,CRW - Chewuch River above Winthrop,2023-08-07 23:31:11,2023-08-07 23:33:02,1
3DD.003E45D410,Starr Boat Launch,7/27/2023,2023,47.983552,-119.887492,LMR,LMR - Lower Methow River at Pateros,2023-07-28 21:42:33,2023-07-28 21:42:33,1
3DD.003E45D412,Starr Boat Launch,7/27/2023,2023,47.983552,-119.887492,OKL,OKL - Lower Okanogan Instream Array,2023-07-30 03:02:43,2023-07-30 03:02:51,1
3DD.003E45D414,Starr Boat Launch,7/27/2023,2023,47.983552,-119.887492,OKL,OKL - Lower Okanogan Instream Array,2023-07-29 03:38:35,2023-07-29 03:38:35,1
3DD.003E45D416,Starr Boat Launch,7/27/2023,2023,47.983552,-119.887492,CML,CML - Chewuch River Middle Lower,2023-08-08 03:49:04,2023-08-08 03:49:04,1
3DD.003E45D416,Starr Boat Launch,7/27/2023,2023,47.983552,-119.887492,CMU,CMU - Chewuch River Middle Upper,2023-08-08 20:34:34,2023-08-08 20:34:34,1
3DD.003E45D416,Starr Boat Launch,7/27/2023,2023,47.983552,-119.887492,CRW,CRW - Chewuch River above Winthrop,2023-08-07 23:07:41,2023-08-07 23:09:14,1
3DD.003E45D416,Starr Boat Launch,7/27/2023,2023,47.983552,-119.887492,LMR,LMR - Lower Methow River at Pateros,2023-07-29 00:00:54,2023-07-29 00:00:54,1
3DD.003E45D417,Starr Boat Launch,7/27/2023,2023,47.983552,-119.887492,MRC,MRC - Methow River at Carlton,2023-09-21 21:55:55,2023-09-21 21:55:55,1
3DD.003E45D418,Starr Boat Launch,7/27/2023,2023,47.983552,-119.887492,CML,CML - Chewuch River Middle Lower,2023-08-13 23:29:24,2023-08-13 23:29:24,1
3DD.003E45D418,Starr Boat Launch,7/27/2023,2023,47.983552,-119.887492,CMU,CMU - Chewuch River Middle Upper,2023-08-14 00:11:22,2023-08-14 00:11:22,1
3DD.003E45D418,Starr Boat Launch,7/27/2023,2023,47.983552,-119.887492,CRU,CRU - Upper Chewuch Instream Array,2023-08-16 22:19:44,2024-06-07 20:09:43,1
3DD.003E45D418,Starr Boat Launch,7/27/2023,2023,47.983552,-119.887492,CRW,CRW - Chewuch River above Winthrop,2023-08-13 01:07:44,2023-08-13 01:07:44,1
3DD.003E45D418,Starr Boat Launch,7/27/2023,2023,47.983552,-119.887492,LMR,LMR - Lower Methow River at Pateros,2023-07-29 00:34:41,2023-07-29 00:34:41,1
3DD.003E45D419,Starr Boat Launch,7/27/2023,2023,47.983552,-119.887492,LMR,LMR - Lower Methow River at Pateros,2023-07-28 22:40:23,2023-07-28 22:40:23,1
3DD.003E45D41A,Starr Boat Launch,7/27/2023,2023,47.983552,-119.887492,LMR,LMR - Lower Methow River at Pateros,2023-07-29 00:03:32,2023-07-29 00:03:32,1
3DD.003E45D41B,Starr Boat Launch,7/27/2023,2023,47.983552,-119.887492,LMR,LMR - Lower Methow River at Pateros,2023-08-05 23:03:29,2023-08-05 23:03:29,1
3DD.003E45D41B,Starr Boat Launch,7/27/2023,2023,47.983552,-119.887492,MRC,MRC - Methow River at Carlton,2024-04-13 21:10:03,2024-04-13 21:10:03,1
3DD.003E45D41E,Starr Boat Launch,7/27/2023,2023,47.983552,-119.887492,OKL,OKL - Lower Okanogan Instream Array,2024-05-10 23:43:48,2024-05-10 23:44:06,1
3DD.003E45D41F,Starr Boat Launch,7/27/2023,2023,47.983552,-119.887492,LMR,LMR - Lower Methow River at Pateros,2023-07-28 20:57:30,2023-07-28 20:57:30,1
3DD.003E45D421,Starr Boat Launch,7/27/2023,2023,47.983552,-119.887492,LMR,LMR - Lower Methow River at Pateros,2024-06-07 21:16:45,2024-06-07 21:30:42,1
3DD.003E45D422,Starr Boat Launch,7/27/2023,2023,47.983552,-119.887492,CML,CML - Chewuch River Middle Lower,2023-08-14 02:04:46,2023-08-14 02:04:46,1
3DD.003E45D422,Starr Boat Launch,7/27/2023,2023,47.983552,-119.887492,CMU,CMU - Chewuch River Middle Upper,2023-08-14 02:38:31,2023-08-14 02:38:31,1
3DD.003E45D422,Starr Boat Launch,7/27/2023,2023,47.983552,-119.887492,CRU,CRU - Upper Chewuch Instream Array,2023-08-16 04:09:16,2023-08-16 04:09:23,1
3DD.003E45D422,Starr Boat Launch,7/27/2023,2023,47.983552,-119.887492,CRW,CRW - Chewuch River above Winthrop,2023-08-13 21:18:01,2023-08-13 21:19:31,1
3DD.003E45D422,Starr Boat Launch,7/27/2023,2023,47.983552,-119.887492,LMR,LMR - Lower Methow River at Pateros,2023-07-29 00:33:04,2023-07-29 00:33:04,1
3DD.003E45D423,Starr Boat Launch,7/27/2023,2023,47.983552,-119.887492,OKL,OKL - Lower Okanogan Instream Array,2023-07-30 21:46:27,2023-07-30 21:46:27,1
3DD.003E45D424,Starr Boat Launch,7/27/2023,2023,47.983552,-119.887492,CML,CML - Chewuch River Middle Lower,2023-08-14 03:21:11,2023-08-14 03:21:11,1
3DD.003E45D424,Starr Boat Launch,7/27/2023,2023,47.983552,-119.887492,CMU,CMU - Chewuch River Middle Upper,2023-08-14 21:50:23,2023-08-14 21:50:23,1
3DD.003E45D424,Starr Boat Launch,7/27/2023,2023,47.983552,-119.887492,CRW,CRW - Chewuch River above Winthrop,2023-08-13 22:16:00,2023-08-13 22:17:18,1
3DD.003E45D429,Starr Boat Launch,7/27/2023,2023,47.983552,-119.887492,LMR,LMR - Lower Methow River at Pateros,2024-07-09 13:30:11,2024-07-09 13:30:11,1
3DD.003E45D429,Starr Boat Launch,7/27/2023,2023,47.983552,-119.887492,MRC,MRC - Methow River at Carlton,2024-05-30 23:23:35,2024-05-30 23:23:35,1
3DD.003E45D42A,Starr Boat Launch,7/27/2023,2023,47.983552,-119.887492,OKL,OKL - Lower Okanogan Instream Array,2023-07-30 00:53:33,2023-07-30 00:53:33,1
3DD.003E45D42D,Starr Boat Launch,7/27/2023,2023,47.983552,-119.887492,LMR,LMR - Lower Methow River at Pateros,2023-07-28 21:47:34,2023-07-28 21:47:34,1
3DD.003E45D42E,Starr Boat Launch,7/27/2023,2023,47.983552,-119.887492,OKL,OKL - Lower Okanogan Instream Array,2024-04-10 01:32:58,2024-04-10 01:33:20,1
3DD.003E45D42F,Starr Boat Launch,7/27/2023,2023,47.983552,-119.887492,LMR,LMR - Lower Methow River at Pateros,2023-07-29 00:41:38,2023-07-29 00:41:38,1
3DD.003E45D431,Starr Boat Launch,7/27/2023,2023,47.983552,-119.887492,OKL,OKL - Lower Okanogan Instream Array,2023-07-29 18:17:19,2023-07-29 18:17:31,1
3DD.003E45D432,Starr Boat Launch,7/27/2023,2023,47.983552,-119.887492,CRW,CRW - Chewuch River above Winthrop,2024-04-13 23:01:21,2024-07-02 09:08:45,1
3DD.003E45D435,Starr Boat Launch,7/20/2023,2023,47.983552,-119.887492,MRC,MRC - Methow River at Carlton,2024-07-01 02:51:42,2024-07-01 02:51:52,1
3DD.003E45D437,Starr Boat Launch,7/20/2023,2023,47.983552,-119.887492,CML,CML - Chewuch River Middle Lower,2023-08-01 00:29:59,2023-08-01 00:29:59,1
3DD.003E45D437,Starr Boat Launch,7/20/2023,2023,47.983552,-119.887492,CMU,CMU - Chewuch River Middle Upper,2023-08-01 01:06:17,2023-08-01 01:06:17,1
3DD.003E45D437,Starr Boat Launch,7/20/2023,2023,47.983552,-119.887492,CRU,CRU - Upper Chewuch Instream Array,2023-08-04 23:35:58,2024-06-19 14:45:03,1
3DD.003E45D437,Starr Boat Launch,7/20/2023,2023,47.983552,-119.887492,CRW,CRW - Chewuch River above Winthrop,2023-07-31 01:35:22,2023-07-31 01:36:41,1
3DD.003E45D439,Starr Boat Launch,7/20/2023,2023,47.983552,-119.887492,MRC,MRC - Methow River at Carlton,2024-06-01 01:54:34,2024-06-01 15:44:22,1
3DD.003E45D43A,Starr Boat Launch,7/20/2023,2023,47.983552,-119.887492,CML,CML - Chewuch River Middle Lower,2023-08-08 03:30:18,2023-08-08 03:30:18,1
3DD.003E45D43A,Starr Boat Launch,7/20/2023,2023,47.983552,-119.887492,CMU,CMU - Chewuch River Middle Upper,2023-08-08 04:24:01,2023-08-08 04:24:01,1
3DD.003E45D43A,Starr Boat Launch,7/20/2023,2023,47.983552,-119.887492,CRU,CRU - Upper Chewuch Instream Array,2023-08-11 02:14:04,2024-06-09 21:07:12,1
3DD.003E45D43A,Starr Boat Launch,7/20/2023,2023,47.983552,-119.887492,CRW,CRW - Chewuch River above Winthrop,2023-08-07 21:20:32,2024-06-13 01:04:54,1
3DD.003E45D43D,Starr Boat Launch,7/20/2023,2023,47.983552,-119.887492,LMR,LMR - Lower Methow River at Pateros,2024-06-23 14:48:07,2024-06-23 14:48:07,1
3DD.003E45D444,Starr Boat Launch,7/20/2023,2023,47.983552,-119.887492,LMR,LMR - Lower Methow River at Pateros,2024-07-07 00:36:28,2024-07-07 00:36:31,1
3DD.003E45D445,Starr Boat Launch,7/20/2023,2023,47.983552,-119.887492,LMR,LMR - Lower Methow River at Pateros,2023-07-22 21:07:03,2023-07-22 21:07:03,1
3DD.003E45D445,Starr Boat Launch,7/20/2023,2023,47.983552,-119.887492,MRC,MRC - Methow River at Carlton,2024-04-03 00:31:13,2024-04-03 00:31:13,1
3DD.003E45D447,Starr Boat Launch,7/20/2023,2023,47.983552,-119.887492,MRC,MRC - Methow River at Carlton,2024-06-28 00:37:10,2024-06-28 00:37:10,1
3DD.003E45D44A,Starr Boat Launch,7/20/2023,2023,47.983552,-119.887492,LMR,LMR - Lower Methow River at Pateros,2024-06-15 20:54:09,2024-06-15 20:54:09,1
3DD.003E45D44A,Starr Boat Launch,7/20/2023,2023,47.983552,-119.887492,MRC,MRC - Methow River at Carlton,2024-06-08 21:53:47,2024-06-08 22:56:44,1
3DD.003E45D44C,Starr Boat Launch,7/20/2023,2023,47.983552,-119.887492,LMR,LMR - Lower Methow River at Pateros,2024-05-23 23:41:21,2024-06-27 01:51:31,1
3DD.003E45D451,Starr Boat Launch,7/20/2023,2023,47.983552,-119.887492,CML,CML - Chewuch River Middle Lower,2023-08-05 22:56:00,2023-08-05 22:56:00,1
3DD.003E45D451,Starr Boat Launch,7/20/2023,2023,47.983552,-119.887492,CMU,CMU - Chewuch River Middle Upper,2023-08-05 23:41:48,2023-08-05 23:41:48,1
3DD.003E45D451,Starr Boat Launch,7/20/2023,2023,47.983552,-119.887492,CRU,CRU - Upper Chewuch Instream Array,2023-08-08 23:22:44,2023-08-08 23:22:50,1
3DD.003E45D451,Starr Boat Launch,7/20/2023,2023,47.983552,-119.887492,CRW,CRW - Chewuch River above Winthrop,2023-08-01 23:47:00,2023-08-01 23:48:22,1
3DD.003E45D452,Starr Boat Launch,7/20/2023,2023,47.983552,-119.887492,CML,CML - Chewuch River Middle Lower,2023-08-13 01:34:32,2023-08-13 01:34:32,1
3DD.003E45D452,Starr Boat Launch,7/20/2023,2023,47.983552,-119.887492,CRW,CRW - Chewuch River above Winthrop,2023-08-12 20:49:54,2023-08-12 20:51:38,1
3DD.003E45D453,Starr Boat Launch,7/20/2023,2023,47.983552,-119.887492,MRC,MRC - Methow River at Carlton,2024-04-13 23:20:00,2024-06-09 05:13:44,1
3DD.003E45D455,Starr Boat Launch,7/20/2023,2023,47.983552,-119.887492,ENL,ENL - Lower Entiat River,2024-05-17 01:52:57,2024-06-15 21:40:41,1
3DD.003E45D455,Starr Boat Launch,7/20/2023,2023,47.983552,-119.887492,MRC,MRC - Methow River at Carlton,2024-05-11 22:23:35,2024-05-11 22:23:35,1
3DD.003E45D458,Starr Boat Launch,7/20/2023,2023,47.983552,-119.887492,LMR,LMR - Lower Methow River at Pateros,2024-04-26 04:09:29,2024-04-26 04:09:29,1
3DD.003E45D458,Starr Boat Launch,7/20/2023,2023,47.983552,-119.887492,MRC,MRC - Methow River at Carlton,2024-05-11 21:31:38,2024-05-11 21:31:39,1
3DD.003E45D459,Starr Boat Launch,7/20/2023,2023,47.983552,-119.887492,LMR,LMR - Lower Methow River at Pateros,2024-06-27 04:28:43,2024-06-27 04:28:43,1
3DD.003E45D45C,Starr Boat Launch,7/20/2023,2023,47.983552,-119.887492,MRC,MRC - Methow River at Carlton,2024-04-11 01:03:50,2024-04-11 01:03:50,1
3DD.003E45D45E,Starr Boat Launch,7/20/2023,2023,47.983552,-119.887492,CML,CML - Chewuch River Middle Lower,2023-08-03 01:41:24,2023-08-03 21:22:22,1
3DD.003E45D45E,Starr Boat Launch,7/20/2023,2023,47.983552,-119.887492,CMU,CMU - Chewuch River Middle Upper,2023-08-03 02:19:22,2023-08-03 20:39:53,1
3DD.003E45D45E,Starr Boat Launch,7/20/2023,2023,47.983552,-119.887492,CRW,CRW - Chewuch River above Winthrop,2023-08-02 01:36:06,2023-10-08 00:25:46,1
3DD.003E45D45E,Starr Boat Launch,7/20/2023,2023,47.983552,-119.887492,MRC,MRC - Methow River at Carlton,2024-07-04 04:38:42,2024-07-04 04:38:42,1
3DD.003E45D461,Starr Boat Launch,7/20/2023,2023,47.983552,-119.887492,MRC,MRC - Methow River at Carlton,2024-06-16 03:40:17,2024-06-16 03:40:17,1
3DD.003E45D462,Starr Boat Launch,7/20/2023,2023,47.983552,-119.887492,MRC,MRC - Methow River at Carlton,2024-05-04 22:48:56,2024-05-05 01:29:01,1
3DD.003E45D463,Starr Boat Launch,7/20/2023,2023,47.983552,-119.887492,LMR,LMR - Lower Methow River at Pateros,2023-07-22 20:51:20,2023-07-22 20:51:20,1
3DD.003E45D467,Starr Boat Launch,7/20/2023,2023,47.983552,-119.887492,OKL,OKL - Lower Okanogan Instream Array,2024-06-10 21:34:25,2024-06-14 21:20:59,1
3DD.003E45D469,Starr Boat Launch,7/20/2023,2023,47.983552,-119.887492,CRW,CRW - Chewuch River above Winthrop,2023-08-18 22:49:38,2024-06-03 00:35:59,1
3DD.003E45D46C,Starr Boat Launch,7/20/2023,2023,47.983552,-119.887492,LMR,LMR - Lower Methow River at Pateros,2023-07-23 00:45:03,2023-07-23 00:45:03,1
3DD.003E45D46D,Starr Boat Launch,7/20/2023,2023,47.983552,-119.887492,LMR,LMR - Lower Methow River at Pateros,2023-07-22 23:28:27,2023-07-22 23:28:27,1
3DD.003E45D46D,Starr Boat Launch,7/20/2023,2023,47.983552,-119.887492,MRC,MRC - Methow River at Carlton,2024-04-14 22:54:34,2024-04-14 22:54:34,1
3DD.003E45D46E,Starr Boat Launch,7/20/2023,2023,47.983552,-119.887492,MRC,MRC - Methow River at Carlton,2024-06-08 00:56:09,2024-06-10 02:45:42,1
3DD.003E45D46F,Starr Boat Launch,7/20/2023,2023,47.983552,-119.887492,MRC,MRC - Methow River at Carlton,2024-06-03 21:00:36,2024-06-03 21:23:05,1
3DD.003E45D472,Starr Boat Launch,7/20/2023,2023,47.983552,-119.887492,OKL,OKL - Lower Okanogan Instream Array,2023-07-22 21:28:43,2023-07-22 21:28:49,1
3DD.003E45D473,Starr Boat Launch,7/20/2023,2023,47.983552,-119.887492,CML,CML - Chewuch River Middle Lower,2023-08-11 23:52:28,2023-08-11 23:52:28,1
3DD.003E45D473,Starr Boat Launch,7/20/2023,2023,47.983552,-119.887492,CMU,CMU - Chewuch River Middle Upper,2023-08-12 00:34:08,2023-08-12 00:34:08,1
3DD.003E45D473,Starr Boat Launch,7/20/2023,2023,47.983552,-119.887492,CRU,CRU - Upper Chewuch Instream Array,2024-06-09 06:06:36,2024-06-23 02:11:12,1
3DD.003E45D473,Starr Boat Launch,7/20/2023,2023,47.983552,-119.887492,CRW,CRW - Chewuch River above Winthrop,2023-08-11 00:05:21,2023-08-11 00:06:57,1
3DD.003E45D475,Starr Boat Launch,7/20/2023,2023,47.983552,-119.887492,CML,CML - Chewuch River Middle Lower,2023-08-19 01:55:31,2024-05-27 21:43:47,1
3DD.003E45D475,Starr Boat Launch,7/20/2023,2023,47.983552,-119.887492,CRU,CRU - Upper Chewuch Instream Array,2023-08-21 23:55:26,2024-04-14 22:20:59,1
3DD.003E45D475,Starr Boat Launch,7/20/2023,2023,47.983552,-119.887492,CRW,CRW - Chewuch River above Winthrop,2023-08-18 21:32:36,2024-05-29 00:49:21,1
3DD.003E45D476,Starr Boat Launch,7/20/2023,2023,47.983552,-119.887492,CML,CML - Chewuch River Middle Lower,2023-07-31 00:20:59,2023-07-31 00:20:59,1
3DD.003E45D476,Starr Boat Launch,7/20/2023,2023,47.983552,-119.887492,CMU,CMU - Chewuch River Middle Upper,2023-07-31 00:58:02,2023-07-31 00:58:02,1
3DD.003E45D476,Starr Boat Launch,7/20/2023,2023,47.983552,-119.887492,CRU,CRU - Upper Chewuch Instream Array,2023-08-09 01:34:07,2024-04-18 23:51:57,1
3DD.003E45D476,Starr Boat Launch,7/20/2023,2023,47.983552,-119.887492,CRW,CRW - Chewuch River above Winthrop,2023-07-30 02:56:46,2023-07-30 02:58:24,1
3DD.003E45D478,Starr Boat Launch,7/20/2023,2023,47.983552,-119.887492,OKL,OKL - Lower Okanogan Instream Array,2024-06-20 16:49:56,2024-06-20 16:50:20,1
3DD.003E45D47A,Starr Boat Launch,7/20/2023,2023,47.983552,-119.887492,CML,CML - Chewuch River Middle Lower,2023-07-30 01:40:27,2023-07-30 01:40:27,1
3DD.003E45D47A,Starr Boat Launch,7/20/2023,2023,47.983552,-119.887492,CMU,CMU - Chewuch River Middle Upper,2023-07-30 02:10:24,2023-07-30 02:10:24,1
3DD.003E45D47A,Starr Boat Launch,7/20/2023,2023,47.983552,-119.887492,CRW,CRW - Chewuch River above Winthrop,2023-07-29 21:42:58,2023-07-29 21:44:18,1
3DD.003E45D47C,Starr Boat Launch,7/20/2023,2023,47.983552,-119.887492,OKL,OKL - Lower Okanogan Instream Array,2023-07-23 21:39:19,2023-07-23 21:39:19,1
3DD.003E45D482,Starr Boat Launch,7/20/2023,2023,47.983552,-119.887492,LMR,LMR - Lower Methow River at Pateros,2024-06-17 17:22:32,2024-06-17 17:33:42,1
3DD.003E45D482,Starr Boat Launch,7/20/2023,2023,47.983552,-119.887492,MRC,MRC - Methow River at Carlton,2024-06-08 21:34:29,2024-06-08 22:55:52,1
3DD.003E45D484,Starr Boat Launch,7/20/2023,2023,47.983552,-119.887492,CML,CML - Chewuch River Middle Lower,2023-07-31 00:36:21,2024-05-28 00:38:42,1
3DD.003E45D484,Starr Boat Launch,7/20/2023,2023,47.983552,-119.887492,CMU,CMU - Chewuch River Middle Upper,2024-05-27 23:53:59,2024-05-27 23:53:59,1
3DD.003E45D484,Starr Boat Launch,7/20/2023,2023,47.983552,-119.887492,CRW,CRW - Chewuch River above Winthrop,2023-07-30 02:14:43,2023-07-30 02:15:57,1
3DD.003E45D489,Starr Boat Launch,7/20/2023,2023,47.983552,-119.887492,LBC,"LBC - Libby Creek, Methow River",2023-07-26 04:50:55,2023-07-26 04:50:59,1
3DD.003E45D48A,Starr Boat Launch,7/20/2023,2023,47.983552,-119.887492,CML,CML - Chewuch River Middle Lower,2023-08-02 01:58:50,2024-01-31 00:37:35,1
3DD.003E45D48A,Starr Boat Launch,7/20/2023,2023,47.983552,-119.887492,CMU,CMU - Chewuch River Middle Upper,2023-08-02 02:39:21,2024-01-30 23:45:10,1
3DD.003E45D48A,Starr Boat Launch,7/20/2023,2023,47.983552,-119.887492,CRW,CRW - Chewuch River above Winthrop,2023-08-01 02:06:53,2024-06-02 02:12:19,1
3DD.003E45D48C,Starr Boat Launch,7/20/2023,2023,47.983552,-119.887492,LMR,LMR - Lower Methow River at Pateros,2023-07-23 22:01:10,2023-07-23 22:01:10,1
3DD.003E45D490,Starr Boat Launch,7/20/2023,2023,47.983552,-119.887492,LMR,LMR - Lower Methow River at Pateros,2024-06-21 21:43:35,2024-06-21 21:43:35,1
3DD.003E45D494,Starr Boat Launch,7/20/2023,2023,47.983552,-119.887492,CML,CML - Chewuch River Middle Lower,2024-04-12 03:05:19,2024-04-12 03:05:19,1
3DD.003E45D494,Starr Boat Launch,7/20/2023,2023,47.983552,-119.887492,CMU,CMU - Chewuch River Middle Upper,2024-04-12 20:19:35,2024-04-12 20:19:35,1
3DD.003E45D494,Starr Boat Launch,7/20/2023,2023,47.983552,-119.887492,CRW,CRW - Chewuch River above Winthrop,2024-04-02 23:31:33,2024-04-02 23:35:45,1
3DD.003E45D496,Starr Boat Launch,7/20/2023,2023,47.983552,-119.887492,OKL,OKL - Lower Okanogan Instream Array,2023-07-23 03:43:46,2023-07-23 03:43:59,1
3DD.003E45D497,Starr Boat Launch,7/20/2023,2023,47.983552,-119.887492,OKL,OKL - Lower Okanogan Instream Array,2023-07-24 21:37:24,2023-07-24 21:37:30,1
3DD.003E45D498,Starr Boat Launch,7/20/2023,2023,47.983552,-119.887492,OKL,OKL - Lower Okanogan Instream Array,2024-05-04 02:06:16,2024-05-04 02:06:34,1
3DD.003E45D49B,Starr Boat Launch,7/13/2023,2023,47.983552,-119.887492,CML,CML - Chewuch River Middle Lower,2023-08-04 23:36:18,2023-08-04 23:36:18,1
3DD.003E45D49B,Starr Boat Launch,7/13/2023,2023,47.983552,-119.887492,CMU,CMU - Chewuch River Middle Upper,2023-08-05 00:14:08,2023-08-05 00:14:08,1
3DD.003E45D49B,Starr Boat Launch,7/13/2023,2023,47.983552,-119.887492,CRW,CRW - Chewuch River above Winthrop,2023-08-02 23:52:24,2024-06-21 21:49:38,1
3DD.003E45D49B,Starr Boat Launch,7/13/2023,2023,47.983552,-119.887492,LMR,LMR - Lower Methow River at Pateros,2023-07-24 00:56:12,2023-07-24 00:56:54,1
3DD.003E45D49B,Starr Boat Launch,7/13/2023,2023,47.983552,-119.887492,WEA,"WEA - Wells Dam, DCPUD Adult Ladders",2023-07-21 23:11:35,2023-07-22 03:08:17,1
3DD.003E45D49E,Starr Boat Launch,7/13/2023,2023,47.983552,-119.887492,CML,CML - Chewuch River Middle Lower,2023-07-25 01:36:24,2023-07-25 01:36:24,1
3DD.003E45D49E,Starr Boat Launch,7/13/2023,2023,47.983552,-119.887492,CMU,CMU - Chewuch River Middle Upper,2023-07-25 02:11:01,2023-07-25 02:11:01,1
3DD.003E45D49E,Starr Boat Launch,7/13/2023,2023,47.983552,-119.887492,CRW,CRW - Chewuch River above Winthrop,2023-07-24 20:53:30,2023-07-24 20:54:37,1
3DD.003E45D49F,Starr Boat Launch,7/13/2023,2023,47.983552,-119.887492,CML,CML - Chewuch River Middle Lower,2023-07-30 01:40:46,2023-07-30 01:40:46,1
3DD.003E45D49F,Starr Boat Launch,7/13/2023,2023,47.983552,-119.887492,CMU,CMU - Chewuch River Middle Upper,2023-07-30 02:12:22,2023-07-30 02:12:22,1
3DD.003E45D49F,Starr Boat Launch,7/13/2023,2023,47.983552,-119.887492,CRU,CRU - Upper Chewuch Instream Array,2023-08-09 00:08:12,2024-06-23 22:38:05,1
3DD.003E45D49F,Starr Boat Launch,7/13/2023,2023,47.983552,-119.887492,CRW,CRW - Chewuch River above Winthrop,2023-07-29 21:05:52,2023-07-29 21:07:06,1
3DD.003E45D49F,Starr Boat Launch,7/13/2023,2023,47.983552,-119.887492,LMR,LMR - Lower Methow River at Pateros,2023-07-15 22:01:04,2023-07-15 22:01:04,1
3DD.003E45D4A1,Starr Boat Launch,7/13/2023,2023,47.983552,-119.887492,CML,CML - Chewuch River Middle Lower,2023-07-24 21:29:52,2023-07-24 21:29:52,1
3DD.003E45D4A1,Starr Boat Launch,7/13/2023,2023,47.983552,-119.887492,CRW,CRW - Chewuch River above Winthrop,2023-07-23 22:58:08,2023-07-23 22:58:08,1
3DD.003E45D4A1,Starr Boat Launch,7/13/2023,2023,47.983552,-119.887492,MRC,MRC - Methow River at Carlton,2023-07-19 22:51:24,2023-07-19 22:51:24,1
3DD.003E45D4A2,Starr Boat Launch,7/13/2023,2023,47.983552,-119.887492,OKL,OKL - Lower Okanogan Instream Array,2023-07-15 22:28:33,2023-07-15 22:28:33,1
3DD.003E45D4A3,Starr Boat Launch,7/13/2023,2023,47.983552,-119.887492,CML,CML - Chewuch River Middle Lower,2023-07-25 01:03:23,2023-07-25 01:03:23,1
3DD.003E45D4A3,Starr Boat Launch,7/13/2023,2023,47.983552,-119.887492,CRW,CRW - Chewuch River above Winthrop,2023-07-24 03:20:50,2023-07-24 03:22:40,1
3DD.003E45D4A5,Starr Boat Launch,7/13/2023,2023,47.983552,-119.887492,CML,CML - Chewuch River Middle Lower,2023-07-23 01:55:11,2023-07-23 01:55:11,1
3DD.003E45D4A5,Starr Boat Launch,7/13/2023,2023,47.983552,-119.887492,CRU,CRU - Upper Chewuch Instream Array,2023-07-25 22:17:32,2023-07-25 22:17:39,1
3DD.003E45D4A5,Starr Boat Launch,7/13/2023,2023,47.983552,-119.887492,CRW,CRW - Chewuch River above Winthrop,2023-07-22 21:56:56,2023-07-22 21:56:56,1
3DD.003E45D4A6,Starr Boat Launch,7/20/2023,2023,47.983552,-119.887492,CML,CML - Chewuch River Middle Lower,2023-07-31 03:25:26,2024-06-04 20:28:54,1
3DD.003E45D4A6,Starr Boat Launch,7/20/2023,2023,47.983552,-119.887492,CMU,CMU - Chewuch River Middle Upper,2023-07-31 20:53:45,2024-06-04 15:33:44,1
3DD.003E45D4A6,Starr Boat Launch,7/20/2023,2023,47.983552,-119.887492,CRW,CRW - Chewuch River above Winthrop,2023-07-30 22:11:41,2023-07-30 22:11:41,1
3DD.003E45D4A7,Starr Boat Launch,7/20/2023,2023,47.983552,-119.887492,CML,CML - Chewuch River Middle Lower,2023-08-21 20:52:10,2023-08-21 20:52:10,1
3DD.003E45D4A7,Starr Boat Launch,7/20/2023,2023,47.983552,-119.887492,CRW,CRW - Chewuch River above Winthrop,2023-08-20 21:59:43,2023-08-20 22:02:55,1
3DD.003E45D4A7,Starr Boat Launch,7/20/2023,2023,47.983552,-119.887492,MEM,MEM - Eightmile Acclimation Pond,2024-05-23 22:18:35,2024-05-23 22:18:35,1
3DD.003E45D4A8,Starr Boat Launch,7/13/2023,2023,47.983552,-119.887492,CML,CML - Chewuch River Middle Lower,2023-07-26 23:12:35,2023-07-26 23:12:35,1
3DD.003E45D4A8,Starr Boat Launch,7/13/2023,2023,47.983552,-119.887492,CRU,CRU - Upper Chewuch Instream Array,2023-07-29 02:59:51,2024-06-12 01:08:39,1
3DD.003E45D4A8,Starr Boat Launch,7/13/2023,2023,47.983552,-119.887492,CRW,CRW - Chewuch River above Winthrop,2023-07-26 00:41:40,2023-07-26 00:41:40,1
3DD.003E45D4A9,Starr Boat Launch,7/13/2023,2023,47.983552,-119.887492,CML,CML - Chewuch River Middle Lower,2023-07-25 01:56:47,2023-07-25 01:56:47,1
3DD.003E45D4A9,Starr Boat Launch,7/13/2023,2023,47.983552,-119.887492,CRW,CRW - Chewuch River above Winthrop,2023-07-24 20:38:15,2023-07-24 20:38:15,1
3DD.003E45D4AB,Starr Boat Launch,7/13/2023,2023,47.983552,-119.887492,CML,CML - Chewuch River Middle Lower,2023-07-24 21:30:44,2023-07-24 21:30:44,1
3DD.003E45D4AB,Starr Boat Launch,7/13/2023,2023,47.983552,-119.887492,CMU,CMU - Chewuch River Middle Upper,2023-07-24 22:07:30,2023-07-24 22:07:30,1
3DD.003E45D4AB,Starr Boat Launch,7/13/2023,2023,47.983552,-119.887492,CRU,CRU - Upper Chewuch Instream Array,2023-08-26 04:09:31,2023-08-26 04:09:54,1
3DD.003E45D4AB,Starr Boat Launch,7/13/2023,2023,47.983552,-119.887492,CRW,CRW - Chewuch River above Winthrop,2023-07-23 23:14:12,2023-07-23 23:15:30,1
3DD.003E45D4AE,Starr Boat Launch,7/13/2023,2023,47.983552,-119.887492,MRC,MRC - Methow River at Carlton,2023-07-21 00:07:56,2023-07-21 00:07:56,1
3DD.003E45D4B0,Starr Boat Launch,7/13/2023,2023,47.983552,-119.887492,OKL,OKL - Lower Okanogan Instream Array,2023-07-17 03:04:53,2023-07-17 03:04:53,1
3DD.003E45D4B1,Starr Boat Launch,7/13/2023,2023,47.983552,-119.887492,CML,CML - Chewuch River Middle Lower,2023-08-07 02:22:30,2023-08-07 02:22:30,1
3DD.003E45D4B1,Starr Boat Launch,7/13/2023,2023,47.983552,-119.887492,CMU,CMU - Chewuch River Middle Upper,2023-08-07 20:37:27,2023-08-07 20:37:27,1
3DD.003E45D4B1,Starr Boat Launch,7/13/2023,2023,47.983552,-119.887492,CRW,CRW - Chewuch River above Winthrop,2023-08-04 00:09:08,2023-08-04 00:10:55,1
3DD.003E45D4B2,Starr Boat Launch,7/13/2023,2023,47.983552,-119.887492,OKL,OKL - Lower Okanogan Instream Array,2023-07-15 21:35:49,2023-07-15 21:35:55,1
3DD.003E45D4B4,Starr Boat Launch,7/20/2023,2023,47.983552,-119.887492,CML,CML - Chewuch River Middle Lower,2023-08-01 21:46:35,2023-08-01 21:46:35,1
3DD.003E45D4B4,Starr Boat Launch,7/20/2023,2023,47.983552,-119.887492,CMU,CMU - Chewuch River Middle Upper,2023-08-01 22:22:19,2023-08-01 22:22:19,1
3DD.003E45D4B4,Starr Boat Launch,7/20/2023,2023,47.983552,-119.887492,CRW,CRW - Chewuch River above Winthrop,2023-08-01 00:30:51,2023-08-01 00:32:28,1
3DD.003E45D4B5,Starr Boat Launch,7/13/2023,2023,47.983552,-119.887492,OKL,OKL - Lower Okanogan Instream Array,2023-07-16 22:59:28,2023-07-16 22:59:35,1
3DD.003E45D4B6,Starr Boat Launch,7/20/2023,2023,47.983552,-119.887492,CML,CML - Chewuch River Middle Lower,2023-08-16 01:57:04,2023-08-16 01:57:04,1
3DD.003E45D4B6,Starr Boat Launch,7/20/2023,2023,47.983552,-119.887492,CMU,CMU - Chewuch River Middle Upper,2023-08-16 02:26:00,2023-08-16 02:26:00,1
3DD.003E45D4B6,Starr Boat Launch,7/20/2023,2023,47.983552,-119.887492,CRU,CRU - Upper Chewuch Instream Array,2023-08-17 23:49:23,2023-08-17 23:49:29,1
3DD.003E45D4B6,Starr Boat Launch,7/20/2023,2023,47.983552,-119.887492,CRW,CRW - Chewuch River above Winthrop,2023-08-15 22:05:56,2023-08-15 22:05:56,1
3DD.003E45D4B9,Starr Boat Launch,7/13/2023,2023,47.983552,-119.887492,CML,CML - Chewuch River Middle Lower,2023-07-23 21:17:55,2023-07-23 21:17:55,1
3DD.003E45D4B9,Starr Boat Launch,7/13/2023,2023,47.983552,-119.887492,CMU,CMU - Chewuch River Middle Upper,2023-07-23 21:52:17,2023-07-23 21:52:17,1
3DD.003E45D4B9,Starr Boat Launch,7/13/2023,2023,47.983552,-119.887492,CRW,CRW - Chewuch River above Winthrop,2023-07-23 00:06:26,2023-07-23 00:08:04,1
3DD.003E45D4BA,Starr Boat Launch,7/13/2023,2023,47.983552,-119.887492,LMR,LMR - Lower Methow River at Pateros,2023-07-15 00:43:38,2023-07-15 00:43:56,1
3DD.003E45D4BC,Starr Boat Launch,7/20/2023,2023,47.983552,-119.887492,LMR,LMR - Lower Methow River at Pateros,2024-04-16 15:50:25,2024-04-16 15:50:25,1
3DD.003E45D4BD,Starr Boat Launch,7/13/2023,2023,47.983552,-119.887492,CML,CML - Chewuch River Middle Lower,2023-07-24 21:24:44,2023-07-24 21:24:44,1
3DD.003E45D4BD,Starr Boat Launch,7/13/2023,2023,47.983552,-119.887492,CRW,CRW - Chewuch River above Winthrop,2023-07-23 23:07:23,2024-06-24 21:49:37,1
3DD.003E45D4BE,Starr Boat Launch,7/13/2023,2023,47.983552,-119.887492,MRC,MRC - Methow River at Carlton,2024-07-04 12:17:38,2024-07-04 12:17:38,1
3DD.003E45D4C2,Starr Boat Launch,7/13/2023,2023,47.983552,-119.887492,CML,CML - Chewuch River Middle Lower,2023-08-05 22:52:44,2024-05-31 01:27:33,1
3DD.003E45D4C2,Starr Boat Launch,7/13/2023,2023,47.983552,-119.887492,CMU,CMU - Chewuch River Middle Upper,2023-08-05 23:43:45,2023-08-05 23:43:45,1
3DD.003E45D4C2,Starr Boat Launch,7/13/2023,2023,47.983552,-119.887492,CRW,CRW - Chewuch River above Winthrop,2023-08-05 00:33:18,2024-06-03 23:41:04,1
3DD.003E45D4C3,Starr Boat Launch,7/13/2023,2023,47.983552,-119.887492,LMR,LMR - Lower Methow River at Pateros,2023-07-15 00:47:29,2023-07-15 00:47:41,1
3DD.003E45D4C4,Starr Boat Launch,7/13/2023,2023,47.983552,-119.887492,CML,CML - Chewuch River Middle Lower,2023-07-28 21:50:28,2023-07-28 21:50:28,1
3DD.003E45D4C4,Starr Boat Launch,7/13/2023,2023,47.983552,-119.887492,CRU,CRU - Upper Chewuch Instream Array,2023-08-04 01:34:57,2023-08-04 01:35:05,1
3DD.003E45D4C4,Starr Boat Launch,7/13/2023,2023,47.983552,-119.887492,CRW,CRW - Chewuch River above Winthrop,2023-07-23 23:18:14,2023-07-23 23:19:44,1
3DD.003E45D4C7,Starr Boat Launch,7/13/2023,2023,47.983552,-119.887492,OKL,OKL - Lower Okanogan Instream Array,2023-07-15 21:16:17,2023-07-15 21:16:23,1
3DD.003E45D4C8,Starr Boat Launch,7/13/2023,2023,47.983552,-119.887492,OKL,OKL - Lower Okanogan Instream Array,2023-07-17 21:20:08,2023-07-17 21:20:19,1
3DD.003E45D4C9,Starr Boat Launch,7/13/2023,2023,47.983552,-119.887492,LMR,LMR - Lower Methow River at Pateros,2023-07-14 23:50:50,2023-07-14 23:50:50,1
3DD.003E45D4CB,Starr Boat Launch,7/13/2023,2023,47.983552,-119.887492,OKL,OKL - Lower Okanogan Instream Array,2023-07-16 21:49:50,2023-07-16 21:49:50,1
3DD.003E45D4CC,Starr Boat Launch,7/20/2023,2023,47.983552,-119.887492,CRW,CRW - Chewuch River above Winthrop,2023-07-30 21:56:12,2023-07-30 21:57:48,1
3DD.003E45D4CE,Starr Boat Launch,7/13/2023,2023,47.983552,-119.887492,OKL,OKL - Lower Okanogan Instream Array,2023-07-16 03:51:15,2023-07-16 03:52:18,1
3DD.003E45D4D0,Starr Boat Launch,7/13/2023,2023,47.983552,-119.887492,CML,CML - Chewuch River Middle Lower,2023-08-13 23:56:43,2023-08-13 23:56:43,1
3DD.003E45D4D0,Starr Boat Launch,7/13/2023,2023,47.983552,-119.887492,CMU,CMU - Chewuch River Middle Upper,2023-08-14 00:30:04,2023-08-14 00:30:04,1
3DD.003E45D4D0,Starr Boat Launch,7/13/2023,2023,47.983552,-119.887492,CRW,CRW - Chewuch River above Winthrop,2023-08-13 02:47:21,2023-08-13 02:48:56,1
3DD.003E45D4D1,Starr Boat Launch,7/13/2023,2023,47.983552,-119.887492,LMR,LMR - Lower Methow River at Pateros,2023-07-16 00:11:55,2023-07-16 00:11:59,1
3DD.003E45D4D4,Starr Boat Launch,7/20/2023,2023,47.983552,-119.887492,CML,CML - Chewuch River Middle Lower,2023-08-11 23:23:29,2023-08-11 23:23:29,1
3DD.003E45D4D4,Starr Boat Launch,7/20/2023,2023,47.983552,-119.887492,CMU,CMU - Chewuch River Middle Upper,2023-08-12 00:00:55,2023-08-12 00:00:55,1
3DD.003E45D4D4,Starr Boat Launch,7/20/2023,2023,47.983552,-119.887492,CRU,CRU - Upper Chewuch Instream Array,2023-08-14 02:58:50,2024-05-31 22:00:55,1
3DD.003E45D4D4,Starr Boat Launch,7/20/2023,2023,47.983552,-119.887492,CRW,CRW - Chewuch River above Winthrop,2023-08-11 00:15:16,2023-08-11 00:20:13,1
3DD.003E45D4D6,Starr Boat Launch,7/20/2023,2023,47.983552,-119.887492,CML,CML - Chewuch River Middle Lower,2023-07-31 00:05:55,2023-07-31 00:05:55,1
3DD.003E45D4D6,Starr Boat Launch,7/20/2023,2023,47.983552,-119.887492,CRU,CRU - Upper Chewuch Instream Array,2023-08-03 01:36:06,2023-08-03 01:36:13,1
3DD.003E45D4D6,Starr Boat Launch,7/20/2023,2023,47.983552,-119.887492,CRW,CRW - Chewuch River above Winthrop,2023-07-30 02:23:45,2023-07-30 02:25:11,1
3DD.003E45D4DA,Starr Boat Launch,7/13/2023,2023,47.983552,-119.887492,CML,CML - Chewuch River Middle Lower,2023-07-25 02:25:42,2023-07-25 02:25:42,1
3DD.003E45D4DA,Starr Boat Launch,7/13/2023,2023,47.983552,-119.887492,CMU,CMU - Chewuch River Middle Upper,2023-07-25 03:09:47,2023-07-25 03:09:47,1
3DD.003E45D4DA,Starr Boat Launch,7/13/2023,2023,47.983552,-119.887492,CRU,CRU - Upper Chewuch Instream Array,2023-07-28 23:59:27,2024-06-01 21:35:11,1
3DD.003E45D4DA,Starr Boat Launch,7/13/2023,2023,47.983552,-119.887492,CRW,CRW - Chewuch River above Winthrop,2023-07-24 21:26:19,2023-07-24 21:27:50,1
3DD.003E45D4DB,Starr Boat Launch,7/13/2023,2023,47.983552,-119.887492,LMR,LMR - Lower Methow River at Pateros,2023-07-15 01:49:52,2023-07-15 01:49:52,1
3DD.003E45D4DC,Starr Boat Launch,7/13/2023,2023,47.983552,-119.887492,LMR,LMR - Lower Methow River at Pateros,2023-07-14 22:07:14,2023-07-14 22:07:20,1
3DD.003E45D4DC,Starr Boat Launch,7/13/2023,2023,47.983552,-119.887492,MRC,MRC - Methow River at Carlton,2024-07-04 03:44:05,2024-07-04 03:44:05,1
3DD.003E45D4DD,Starr Boat Launch,7/20/2023,2023,47.983552,-119.887492,OKL,OKL - Lower Okanogan Instream Array,2023-07-22 22:25:09,2023-07-22 22:25:09,1
3DD.003E45D4DE,Starr Boat Launch,7/13/2023,2023,47.983552,-119.887492,LMR,LMR - Lower Methow River at Pateros,2023-07-14 23:33:53,2023-07-14 23:33:53,1
3DD.003E45D4E3,Starr Boat Launch,7/20/2023,2023,47.983552,-119.887492,CML,CML - Chewuch River Middle Lower,2024-04-14 22:32:27,2024-04-14 22:32:27,1
3DD.003E45D4E3,Starr Boat Launch,7/20/2023,2023,47.983552,-119.887492,CMU,CMU - Chewuch River Middle Upper,2024-04-15 00:01:11,2024-04-15 00:01:11,1
3DD.003E45D4E3,Starr Boat Launch,7/20/2023,2023,47.983552,-119.887492,CRW,CRW - Chewuch River above Winthrop,2024-04-03 23:49:00,2024-04-03 23:49:07,1
3DD.003E45D4E4,Starr Boat Launch,7/20/2023,2023,47.983552,-119.887492,LMR,LMR - Lower Methow River at Pateros,2023-07-22 22:48:56,2023-07-22 22:48:56,1
3DD.003E45D4E6,Starr Boat Launch,7/20/2023,2023,47.983552,-119.887492,LMR,LMR - Lower Methow River at Pateros,2024-07-17 18:54:22,2024-07-17 18:54:22,1
3DD.003E45D4EE,Starr Boat Launch,7/13/2023,2023,47.983552,-119.887492,OKL,OKL - Lower Okanogan Instream Array,2023-07-15 22:16:41,2024-05-25 08:34:10,1
3DD.003E45D4F0,Starr Boat Launch,7/13/2023,2023,47.983552,-119.887492,OKL,OKL - Lower Okanogan Instream Array,2023-07-16 23:54:45,2023-07-16 23:54:55,1
3DD.003E45D4F1,Starr Boat Launch,7/13/2023,2023,47.983552,-119.887492,CML,CML - Chewuch River Middle Lower,2023-07-26 23:56:25,2023-07-26 23:56:25,1
3DD.003E45D4F1,Starr Boat Launch,7/13/2023,2023,47.983552,-119.887492,CRW,CRW - Chewuch River above Winthrop,2023-07-26 00:15:43,2023-07-26 00:17:39,1
3DD.003E45D4F1,Starr Boat Launch,7/13/2023,2023,47.983552,-119.887492,LMR,LMR - Lower Methow River at Pateros,2023-07-14 23:24:18,2023-07-14 23:24:18,1
3DD.003E45D4F2,Starr Boat Launch,7/13/2023,2023,47.983552,-119.887492,MRC,MRC - Methow River at Carlton,2024-06-17 16:09:25,2024-06-17 16:09:25,1
3DD.003E45D4F3,Starr Boat Launch,7/13/2023,2023,47.983552,-119.887492,LMR,LMR - Lower Methow River at Pateros,2024-06-10 07:20:08,2024-06-10 14:24:44,1
3DD.003E45D4F6,Starr Boat Launch,7/20/2023,2023,47.983552,-119.887492,MRC,MRC - Methow River at Carlton,2024-04-14 22:00:20,2024-04-14 22:00:20,1
3DD.003E45D4F7,Starr Boat Launch,7/13/2023,2023,47.983552,-119.887492,LMR,LMR - Lower Methow River at Pateros,2023-07-14 20:56:12,2023-07-14 20:56:12,1
3DD.003E45D4FA,Starr Boat Launch,7/20/2023,2023,47.983552,-119.887492,CML,CML - Chewuch River Middle Lower,2023-07-30 01:43:09,2024-06-03 13:08:03,1
3DD.003E45D4FA,Starr Boat Launch,7/20/2023,2023,47.983552,-119.887492,CMU,CMU - Chewuch River Middle Upper,2024-06-03 12:41:09,2024-06-03 12:41:09,1
3DD.003E45D4FA,Starr Boat Launch,7/20/2023,2023,47.983552,-119.887492,CRW,CRW - Chewuch River above Winthrop,2023-07-29 21:18:48,2024-06-04 13:59:44,1
3DD.0078E125EC,Omak Creek,8/7/2025,2025,48.353831,-119.288554,OMH,OMH - Omak Creek Haley Creek Road,2025-08-07 19:47:21,2025-08-10 20:23:24,1
3DD.0078E125EE,Omak Creek,8/7/2025,2025,48.353831,-119.288554,OBF,OBF - Omak Creek below Mission Falls,2026-05-24 01:24:45,2026-05-24 01:24:46,1
3DD.0078E125EE,Omak Creek,8/7/2025,2025,48.353831,-119.288554,OMH,OMH - Omak Creek Haley Creek Road,2025-08-07 19:22:02,2025-08-07 19:22:56,1
3DD.0078E125EF,Starr Boat Launch,7/31/2025,2025,47.983552,-119.887492,LMR,LMR - Lower Methow River at Pateros,2025-08-03 21:09:24,2025-08-03 21:09:24,1
3DD.0078E125F0,Omak Creek,8/7/2025,2025,48.353831,-119.288554,OMH,OMH - Omak Creek Haley Creek Road,2025-08-07 19:30:01,2026-05-05 21:05:20,1
3DD.0078E125F2,Starr Boat Launch,7/31/2025,2025,47.983552,-119.887492,LMR,LMR - Lower Methow River at Pateros,2025-08-01 23:11:06,2025-08-01 23:11:06,1
3DD.0078E125F2,Starr Boat Launch,7/31/2025,2025,47.983552,-119.887492,MRC,MRC - Methow River at Carlton,2025-08-06 01:56:37,2026-05-26 00:37:44,1
3DD.0078E125F3,Salmon Creek,8/7/2025,2025,48.446022,-119.666279,SA1,SA1 - Salmon Creek Instream Array,2026-06-15 01:12:37,2026-06-15 01:12:50,1
3DD.0078E125F4,Omak Creek,8/7/2025,2025,48.353831,-119.288554,OBF,OBF - Omak Creek below Mission Falls,2026-05-09 19:30:10,2026-05-09 19:30:11,1
3DD.0078E125F4,Omak Creek,8/7/2025,2025,48.353831,-119.288554,OMF,OMF - Omak Creek above Mission Falls,2026-05-09 18:00:11,2026-05-09 18:00:11,1
3DD.0078E125F4,Omak Creek,8/7/2025,2025,48.353831,-119.288554,OMH,OMH - Omak Creek Haley Creek Road,2025-08-07 18:56:02,2025-08-07 19:21:31,1
3DD.0078E125F7,Omak Creek,8/7/2025,2025,48.353831,-119.288554,OMH,OMH - Omak Creek Haley Creek Road,2025-08-07 19:30:40,2025-08-07 19:30:40,1
3DD.0078E125F8,Starr Boat Launch,7/31/2025,2025,47.983552,-119.887492,LMR,LMR - Lower Methow River at Pateros,2025-08-02 01:14:51,2025-08-02 01:15:09,1
3DD.0078E125FA,Twisp River,8/21/2025,2025,48.353884,-120.365091,TWR,TWR - Lwr Twisp Rvr near MSRF Ponds,2026-05-31 14:38:31,2026-05-31 16:02:47,1
3DD.0078E125FB,Omak Creek,8/7/2025,2025,48.353831,-119.288554,OBF,OBF - Omak Creek below Mission Falls,2026-06-13 00:25:00,2026-06-13 00:25:02,1
3DD.0078E125FB,Omak Creek,8/7/2025,2025,48.353831,-119.288554,OMH,OMH - Omak Creek Haley Creek Road,2025-08-07 19:26:14,2026-06-06 20:45:52,1
3DD.0078E125FC,Omak Creek,8/7/2025,2025,48.353831,-119.288554,OBF,OBF - Omak Creek below Mission Falls,2026-05-05 21:29:52,2026-05-05 21:29:52,1
3DD.0078E125FC,Omak Creek,8/7/2025,2025,48.353831,-119.288554,OMF,OMF - Omak Creek above Mission Falls,2026-05-05 20:31:09,2026-05-05 20:31:09,1
3DD.0078E125FC,Omak Creek,8/7/2025,2025,48.353831,-119.288554,OMH,OMH - Omak Creek Haley Creek Road,2025-08-07 19:21:12,2025-08-07 19:21:12,1
3DD.0078E125FC,Omak Creek,8/7/2025,2025,48.353831,-119.288554,OMK,OMK - Omak Creek Instream Array,2026-05-17 21:15:05,2026-05-17 21:15:13,1
3DD.0078E125FD,Starr Boat Launch,7/31/2025,2025,47.983552,-119.887492,CRW,CRW - Chewuch River above Winthrop,2025-08-10 01:40:47,2025-08-10 01:42:55,1
3DD.0078E125FD,Starr Boat Launch,7/31/2025,2025,47.983552,-119.887492,LMR,LMR - Lower Methow River at Pateros,2025-08-01 23:37:11,2025-08-01 23:37:18,1
3DD.0078E125FD,Starr Boat Launch,7/31/2025,2025,47.983552,-119.887492,MRC,MRC - Methow River at Carlton,2025-08-05 21:29:54,2025-08-05 21:29:54,1
3DD.0078E125FF,Omak Creek,8/7/2025,2025,48.353831,-119.288554,OMH,OMH - Omak Creek Haley Creek Road,2026-05-27 21:10:41,2026-05-27 21:11:25,1
3DD.0078E12600,Starr Boat Launch,7/31/2025,2025,47.983552,-119.887492,OKL,OKL - Lower Okanogan Instream Array,2026-03-12 00:22:32,2026-03-12 00:23:41,1
3DD.0078E12605,Omak Creek,8/7/2025,2025,48.353831,-119.288554,OMH,OMH - Omak Creek Haley Creek Road,2025-08-07 20:19:37,2026-05-27 00:45:01,1
3DD.0078E12606,Omak Creek,8/7/2025,2025,48.353831,-119.288554,OBF,OBF - Omak Creek below Mission Falls,2026-06-28 02:09:04,2026-06-28 02:09:07,1
3DD.0078E12606,Omak Creek,8/7/2025,2025,48.353831,-119.288554,OMH,OMH - Omak Creek Haley Creek Road,2025-08-07 19:13:15,2026-06-18 04:53:51,1
3DD.0078E12607,Twisp River,8/21/2025,2025,48.353884,-120.365091,TWR,TWR - Lwr Twisp Rvr near MSRF Ponds,2025-09-17 22:34:06,2025-09-17 22:34:32,1
3DD.0078E12609,Omak Creek,8/7/2025,2025,48.353831,-119.288554,OMH,OMH - Omak Creek Haley Creek Road,2025-08-07 19:58:44,2025-08-07 19:58:44,1
3DD.0078E1260A,Starr Boat Launch,7/31/2025,2025,47.983552,-119.887492,CRW,CRW - Chewuch River above Winthrop,2025-08-20 20:59:12,2026-05-23 23:18:40,1
3DD.0078E1260A,Starr Boat Launch,7/31/2025,2025,47.983552,-119.887492,LMR,LMR - Lower Methow River at Pateros,2025-08-01 23:22:56,2025-08-01 23:23:08,1
3DD.0078E1260A,Starr Boat Launch,7/31/2025,2025,47.983552,-119.887492,MRC,MRC - Methow River at Carlton,2025-08-06 22:06:57,2025-08-06 22:06:57,1
3DD.0078E1260B,Starr Boat Launch,7/31/2025,2025,47.983552,-119.887492,LMR,LMR - Lower Methow River at Pateros,2025-08-02 00:58:21,2025-08-02 00:58:21,1
3DD.0078E1260C,Starr Boat Launch,7/31/2025,2025,47.983552,-119.887492,OKL,OKL - Lower Okanogan Instream Array,2025-08-02 23:21:09,2025-08-02 23:21:09,1
3DD.0078E1260D,Omak Creek,8/7/2025,2025,48.353831,-119.288554,OMH,OMH - Omak Creek Haley Creek Road,2025-08-07 14:49:28,2026-04-07 23:39:35,1
3DD.0078E1260E,Twisp River,8/21/2025,2025,48.353884,-120.365091,TWR,TWR - Lwr Twisp Rvr near MSRF Ponds,2026-06-08 17:58:31,2026-06-08 17:58:41,1
3DD.0078E1260F,Twisp River,8/21/2025,2025,48.353884,-120.365091,TWR,TWR - Lwr Twisp Rvr near MSRF Ponds,2026-07-16 22:13:02,2026-07-16 22:13:10,1
3DD.0078E12610,Omak Creek,8/7/2025,2025,48.353831,-119.288554,OMH,OMH - Omak Creek Haley Creek Road,2025-08-07 19:53:20,2025-08-29 20:30:19,1
3DD.0078E12611,Omak Creek,8/7/2025,2025,48.353831,-119.288554,OMH,OMH - Omak Creek Haley Creek Road,2026-06-02 14:18:00,2026-06-02 14:18:45,1
3DD.0078E12613,Starr Boat Launch,7/31/2025,2025,47.983552,-119.887492,LMR,LMR - Lower Methow River at Pateros,2025-08-02 00:27:28,2025-08-02 00:27:35,1
3DD.0078E12613,Starr Boat Launch,7/31/2025,2025,47.983552,-119.887492,MRC,MRC - Methow River at Carlton,2025-08-08 22:45:34,2025-08-08 22:45:34,1
3DD.0078E12614,Starr Boat Launch,7/31/2025,2025,47.983552,-119.887492,MRC,MRC - Methow River at Carlton,2025-08-07 00:10:25,2025-08-07 00:10:25,1
3DD.0078E12616,Omak Creek,8/7/2025,2025,48.353831,-119.288554,OBF,OBF - Omak Creek below Mission Falls,2026-05-10 20:06:32,2026-05-10 20:06:34,1
3DD.0078E12616,Omak Creek,8/7/2025,2025,48.353831,-119.288554,OMF,OMF - Omak Creek above Mission Falls,2026-05-10 01:48:47,2026-05-10 01:48:47,1
3DD.0078E12616,Omak Creek,8/7/2025,2025,48.353831,-119.288554,OMH,OMH - Omak Creek Haley Creek Road,2025-08-07 20:38:30,2025-08-07 20:38:30,1
3DD.0078E12617,Twisp River,8/21/2025,2025,48.353884,-120.365091,TWR,TWR - Lwr Twisp Rvr near MSRF Ponds,2026-06-03 09:35:22,2026-06-03 10:58:12,1
3DD.0078E12618,Twisp River,8/21/2025,2025,48.353884,-120.365091,CRW,CRW - Chewuch River above Winthrop,2026-03-20 02:20:19,2026-03-20 02:30:03,1
3DD.0078E12618,Twisp River,8/21/2025,2025,48.353884,-120.365091,TWR,TWR - Lwr Twisp Rvr near MSRF Ponds,2025-08-24 01:00:04,2025-08-24 01:00:09,1
3DD.0078E12619,Omak Creek,8/7/2025,2025,48.353831,-119.288554,OBF,OBF - Omak Creek below Mission Falls,2026-05-11 23:35:08,2026-05-11 23:35:09,1
3DD.0078E12619,Omak Creek,8/7/2025,2025,48.353831,-119.288554,OMF,OMF - Omak Creek above Mission Falls,2026-05-10 20:45:27,2026-05-10 20:45:27,1
3DD.0078E12619,Omak Creek,8/7/2025,2025,48.353831,-119.288554,OMH,OMH - Omak Creek Haley Creek Road,2025-08-07 19:32:04,2025-08-07 19:33:00,1
3DD.0078E12619,Omak Creek,8/7/2025,2025,48.353831,-119.288554,OMK,OMK - Omak Creek Instream Array,2026-05-15 00:07:14,2026-05-15 00:07:20,1
3DD.0078E1261A,Omak Creek,8/7/2025,2025,48.353831,-119.288554,OMH,OMH - Omak Creek Haley Creek Road,2025-08-07 19:27:09,2026-05-16 21:44:29,1
3DD.0078E1261E,Twisp River,8/21/2025,2025,48.353884,-120.365091,TWR,TWR - Lwr Twisp Rvr near MSRF Ponds,2025-08-22 21:43:56,2025-08-22 21:44:04,1
3DD.0078E12621,Salmon Creek,8/7/2025,2025,48.446022,-119.666279,SAD,SAD - Salmon Creek Above OID Div.,2025-08-10 23:34:45,2025-08-10 23:34:45,1
3DD.0078E12622,Salmon Creek,8/7/2025,2025,48.446022,-119.666279,SAD,SAD - Salmon Creek Above OID Div.,2026-05-30 20:41:30,2026-05-30 20:41:30,1
3DD.0078E12623,Starr Boat Launch,7/31/2025,2025,47.983552,-119.887492,LMR,LMR - Lower Methow River at Pateros,2025-08-02 00:29:38,2025-08-02 00:29:38,1
3DD.0078E12623,Starr Boat Launch,7/31/2025,2025,47.983552,-119.887492,MRC,MRC - Methow River at Carlton,2025-08-06 22:57:36,2025-08-06 22:57:36,1
3DD.0078E12625,Omak Creek,8/7/2025,2025,48.353831,-119.288554,OBF,OBF - Omak Creek below Mission Falls,2026-06-15 02:41:00,2026-06-15 02:41:01,1
3DD.0078E12625,Omak Creek,8/7/2025,2025,48.353831,-119.288554,OMH,OMH - Omak Creek Haley Creek Road,2025-08-07 19:50:56,2026-05-29 03:12:16,1
3DD.0078E12626,Omak Creek,8/7/2025,2025,48.353831,-119.288554,OBF,OBF - Omak Creek below Mission Falls,2026-05-10 20:04:04,2026-05-10 20:04:04,1
3DD.0078E12626,Omak Creek,8/7/2025,2025,48.353831,-119.288554,OKL,OKL - Lower Okanogan Instream Array,2026-05-23 11:39:20,2026-05-23 11:39:20,1
3DD.0078E12626,Omak Creek,8/7/2025,2025,48.353831,-119.288554,OMF,OMF - Omak Creek above Mission Falls,2026-05-10 11:43:23,2026-05-10 11:43:23,1
3DD.0078E12626,Omak Creek,8/7/2025,2025,48.353831,-119.288554,OMH,OMH - Omak Creek Haley Creek Road,2025-08-07 19:28:20,2025-08-07 19:28:20,1
3DD.0078E12626,Omak Creek,8/7/2025,2025,48.353831,-119.288554,OMK,OMK - Omak Creek Instream Array,2026-05-17 20:37:19,2026-05-17 20:37:26,1
3DD.0078E12628,Starr Boat Launch,7/31/2025,2025,47.983552,-119.887492,LMR,LMR - Lower Methow River at Pateros,2025-08-01 22:40:30,2025-08-01 22:40:30,1
3DD.0078E12628,Starr Boat Launch,7/31/2025,2025,47.983552,-119.887492,MRC,MRC - Methow River at Carlton,2026-06-01 21:32:57,2026-06-01 21:32:57,1
3DD.0078E12629,Salmon Creek,8/7/2025,2025,48.446022,-119.666279,OKL,OKL - Lower Okanogan Instream Array,2026-07-04 15:19:21,2026-07-04 15:19:21,1
3DD.0078E12629,Salmon Creek,8/7/2025,2025,48.446022,-119.666279,SA1,SA1 - Salmon Creek Instream Array,2026-05-28 21:24:19,2026-05-28 21:24:19,1
3DD.0078E1262A,Starr Boat Launch,7/31/2025,2025,47.983552,-119.887492,LMR,LMR - Lower Methow River at Pateros,2025-08-02 01:43:23,2025-08-02 01:43:23,1
3DD.0078E1262A,Starr Boat Launch,7/31/2025,2025,47.983552,-119.887492,MRC,MRC - Methow River at Carlton,2025-08-09 23:30:16,2026-06-04 15:54:57,1
3DD.0078E1262C,Omak Creek,8/7/2025,2025,48.353831,-119.288554,OMH,OMH - Omak Creek Haley Creek Road,2025-08-07 19:50:13,2025-08-07 19:51:11,1
3DD.0078E1262F,Starr Boat Launch,7/31/2025,2025,47.983552,-119.887492,MRC,MRC - Methow River at Carlton,2025-09-15 22:40:04,2025-09-15 22:40:04,1
3DD.0078E12630,Salmon Creek,8/7/2025,2025,48.446022,-119.666279,SAD,SAD - Salmon Creek Above OID Div.,2025-08-10 22:10:46,2026-05-04 21:51:34,1
3DD.0078E12631,Salmon Creek,8/7/2025,2025,48.446022,-119.666279,SA1,SA1 - Salmon Creek Instream Array,2026-06-05 22:02:47,2026-06-05 22:03:07,1
3DD.0078E12631,Salmon Creek,8/7/2025,2025,48.446022,-119.666279,SAD,SAD - Salmon Creek Above OID Div.,2026-06-04 21:40:05,2026-06-04 21:40:05,1
3DD.0078E12634,Salmon Creek,8/7/2025,2025,48.446022,-119.666279,SAD,SAD - Salmon Creek Above OID Div.,2025-08-14 21:12:12,2025-08-14 21:12:12,1
3DD.0078E12635,Starr Boat Launch,7/31/2025,2025,47.983552,-119.887492,LMR,LMR - Lower Methow River at Pateros,2025-08-02 01:37:05,2025-08-02 01:37:05,1
3DD.0078E12635,Starr Boat Launch,7/31/2025,2025,47.983552,-119.887492,MRC,MRC - Methow River at Carlton,2025-08-06 03:23:48,2025-08-06 03:23:48,1
3DD.0078E12636,Omak Creek,8/7/2025,2025,48.353831,-119.288554,OBF,OBF - Omak Creek below Mission Falls,2026-06-07 23:15:06,2026-06-07 23:15:09,1
3DD.0078E12636,Omak Creek,8/7/2025,2025,48.353831,-119.288554,OMH,OMH - Omak Creek Haley Creek Road,2025-08-07 18:58:38,2025-08-07 19:17:16,1
3DD.0078E12638,Omak Creek,8/7/2025,2025,48.353831,-119.288554,OBF,OBF - Omak Creek below Mission Falls,2026-05-22 13:55:52,2026-05-22 13:55:53,1
3DD.0078E12638,Omak Creek,8/7/2025,2025,48.353831,-119.288554,OMH,OMH - Omak Creek Haley Creek Road,2025-08-07 19:25:59,2025-08-07 19:25:59,1
3DD.0078E1263A,Twisp River,8/21/2025,2025,48.353884,-120.365091,CRW,CRW - Chewuch River above Winthrop,2026-03-20 01:03:34,2026-03-20 01:11:45,1
3DD.0078E1263A,Twisp River,8/21/2025,2025,48.353884,-120.365091,TWR,TWR - Lwr Twisp Rvr near MSRF Ponds,2025-08-24 23:52:50,2025-08-24 23:53:11,1
3DD.0078E1263B,Starr Boat Launch,7/31/2025,2025,47.983552,-119.887492,LMR,LMR - Lower Methow River at Pateros,2025-08-02 22:44:21,2025-08-02 22:44:21,1
3DD.0078E1263C,Salmon Creek,8/7/2025,2025,48.446022,-119.666279,SAD,SAD - Salmon Creek Above OID Div.,2026-05-19 23:58:38,2026-05-19 23:58:38,1
3DD.0078E1263D,Salmon Creek,8/7/2025,2025,48.446022,-119.666279,SAD,SAD - Salmon Creek Above OID Div.,2025-08-08 19:59:33,2025-08-08 19:59:33,1
3DD.0078E1263E,Starr Boat Launch,7/31/2025,2025,47.983552,-119.887492,LMR,LMR - Lower Methow River at Pateros,2025-08-01 23:31:51,2025-08-01 23:31:51,1
3DD.0078E1263E,Starr Boat Launch,7/31/2025,2025,47.983552,-119.887492,MRC,MRC - Methow River at Carlton,2025-08-06 01:27:25,2025-08-06 01:27:25,1
3DD.0078E12641,Starr Boat Launch,7/31/2025,2025,47.983552,-119.887492,LMR,LMR - Lower Methow River at Pateros,2025-08-02 23:25:54,2025-08-02 23:25:54,1
3DD.0078E12641,Starr Boat Launch,7/31/2025,2025,47.983552,-119.887492,MRC,MRC - Methow River at Carlton,2025-08-06 22:01:54,2025-08-06 22:01:54,1
3DD.0078E12643,Omak Creek,8/7/2025,2025,48.353831,-119.288554,OBF,OBF - Omak Creek below Mission Falls,2026-05-26 21:41:42,2026-05-26 21:41:42,1
3DD.0078E12643,Omak Creek,8/7/2025,2025,48.353831,-119.288554,OMH,OMH - Omak Creek Haley Creek Road,2025-08-07 19:12:51,2025-08-07 19:12:51,1
3DD.0078E12644,Omak Creek,8/7/2025,2025,48.353831,-119.288554,OBF,OBF - Omak Creek below Mission Falls,2026-06-22 21:43:25,2026-06-22 21:43:28,1
3DD.0078E12644,Omak Creek,8/7/2025,2025,48.353831,-119.288554,OMH,OMH - Omak Creek Haley Creek Road,2025-08-07 20:07:32,2026-06-16 21:34:37,1
3DD.0078E12647,Starr Boat Launch,7/31/2025,2025,47.983552,-119.887492,MRC,MRC - Methow River at Carlton,2025-08-13 21:01:26,2025-08-13 21:01:26,1
3DD.0078E1264A,Omak Creek,8/7/2025,2025,48.353831,-119.288554,OBF,OBF - Omak Creek below Mission Falls,2026-05-28 01:24:56,2026-05-28 01:25:01,1
3DD.0078E1264A,Omak Creek,8/7/2025,2025,48.353831,-119.288554,OMH,OMH - Omak Creek Haley Creek Road,2025-08-07 19:48:26,2025-08-07 19:48:26,1
3DD.0078E1264A,Omak Creek,8/7/2025,2025,48.353831,-119.288554,OMK,OMK - Omak Creek Instream Array,2026-05-29 02:58:22,2026-05-29 02:58:39,1
3DD.0078E1264C,Omak Creek,8/7/2025,2025,48.353831,-119.288554,OMH,OMH - Omak Creek Haley Creek Road,2025-08-07 19:41:12,2025-08-13 23:16:27,1
3DD.0078E1264D,Omak Creek,8/7/2025,2025,48.353831,-119.288554,OMH,OMH - Omak Creek Haley Creek Road,2025-08-07 19:30:46,2025-08-07 19:30:46,1
3DD.0078E1264E,Starr Boat Launch,7/31/2025,2025,47.983552,-119.887492,LMR,LMR - Lower Methow River at Pateros,2025-08-02 00:20:21,2026-06-09 22:19:00,1
3DD.0078E1264E,Starr Boat Launch,7/31/2025,2025,47.983552,-119.887492,MRC,MRC - Methow River at Carlton,2025-08-06 00:40:18,2025-08-06 00:40:18,1
3DD.0078E1264F,Omak Creek,8/7/2025,2025,48.353831,-119.288554,OBF,OBF - Omak Creek below Mission Falls,2026-05-18 00:45:43,2026-05-18 00:45:44,1
3DD.0078E1264F,Omak Creek,8/7/2025,2025,48.353831,-119.288554,OMF,OMF - Omak Creek above Mission Falls,2026-05-17 23:36:28,2026-05-17 23:36:28,1
3DD.0078E1264F,Omak Creek,8/7/2025,2025,48.353831,-119.288554,OMH,OMH - Omak Creek Haley Creek Road,2025-08-07 19:21:24,2026-05-12 00:05:22,1
3DD.0078E1264F,Omak Creek,8/7/2025,2025,48.353831,-119.288554,OMK,OMK - Omak Creek Instream Array,2026-05-20 01:55:01,2026-05-20 01:55:08,1
3DD.0078E12718,Starr Boat Launch,7/17/2025,2025,47.983552,-119.887492,LMR,LMR - Lower Methow River at Pateros,2025-07-19 01:26:33,2026-07-12 03:50:56,1
3DD.0078E12719,Starr Boat Launch,7/17/2025,2025,47.983552,-119.887492,CML,CML - Chewuch River Middle Lower,2025-07-29 01:35:44,2025-07-29 01:35:44,1
3DD.0078E12719,Starr Boat Launch,7/17/2025,2025,47.983552,-119.887492,CRU,CRU - Upper Chewuch Instream Array,2025-07-31 21:29:40,2026-05-29 02:49:53,1
3DD.0078E12719,Starr Boat Launch,7/17/2025,2025,47.983552,-119.887492,CRW,CRW - Chewuch River above Winthrop,2025-07-28 21:22:59,2025-07-28 21:24:17,1
3DD.0078E12719,Starr Boat Launch,7/17/2025,2025,47.983552,-119.887492,LMR,LMR - Lower Methow River at Pateros,2025-07-19 01:45:09,2025-07-19 01:45:17,1
3DD.0078E12719,Starr Boat Launch,7/17/2025,2025,47.983552,-119.887492,MRC,MRC - Methow River at Carlton,2025-07-24 21:00:47,2025-07-24 21:00:47,1
3DD.0078E1271A,Starr Boat Launch,7/17/2025,2025,47.983552,-119.887492,LMR,LMR - Lower Methow River at Pateros,2025-07-18 23:50:53,2025-07-18 23:51:00,1
3DD.0078E1271A,Starr Boat Launch,7/17/2025,2025,47.983552,-119.887492,MRC,MRC - Methow River at Carlton,2025-07-25 02:49:27,2025-07-25 02:49:27,1
3DD.0078E1271B,Starr Boat Launch,7/17/2025,2025,47.983552,-119.887492,LMR,LMR - Lower Methow River at Pateros,2025-07-19 00:37:47,2025-07-19 00:37:57,1
3DD.0078E1271B,Starr Boat Launch,7/17/2025,2025,47.983552,-119.887492,MRC,MRC - Methow River at Carlton,2025-07-26 01:31:29,2025-07-26 01:31:29,1
3DD.0078E1271C,Starr Boat Launch,7/17/2025,2025,47.983552,-119.887492,LMR,LMR - Lower Methow River at Pateros,2025-07-18 23:57:28,2025-07-18 23:57:28,1
3DD.0078E1271C,Starr Boat Launch,7/17/2025,2025,47.983552,-119.887492,MRC,MRC - Methow River at Carlton,2025-07-24 01:01:12,2025-07-24 01:01:12,1
3DD.0078E1271D,Starr Boat Launch,7/17/2025,2025,47.983552,-119.887492,OKL,OKL - Lower Okanogan Instream Array,2025-07-19 23:58:39,2025-07-19 23:58:39,1
3DD.0078E1271F,Starr Boat Launch,7/17/2025,2025,47.983552,-119.887492,OKL,OKL - Lower Okanogan Instream Array,2025-07-20 23:49:44,2025-07-20 23:49:44,1
3DD.0078E12720,Starr Boat Launch,7/17/2025,2025,47.983552,-119.887492,LMR,LMR - Lower Methow River at Pateros,2025-07-19 01:29:12,2025-07-19 01:29:22,1
3DD.0078E12721,Starr Boat Launch,7/17/2025,2025,47.983552,-119.887492,OKL,OKL - Lower Okanogan Instream Array,2025-07-20 00:31:26,2025-07-20 00:31:34,1
3DD.0078E12722,Starr Boat Launch,7/17/2025,2025,47.983552,-119.887492,LMR,LMR - Lower Methow River at Pateros,2025-07-18 23:25:33,2025-07-18 23:25:33,1
3DD.0078E12722,Starr Boat Launch,7/17/2025,2025,47.983552,-119.887492,MRC,MRC - Methow River at Carlton,2025-07-23 02:57:00,2025-07-23 02:57:00,1
3DD.0078E12722,Starr Boat Launch,7/17/2025,2025,47.983552,-119.887492,MRW,MRW - Methow River at Winthrop,2025-07-28 00:12:54,2026-05-26 21:33:58,1
3DD.0078E12723,Starr Boat Launch,7/17/2025,2025,47.983552,-119.887492,LMR,LMR - Lower Methow River at Pateros,2026-03-07 21:36:25,2026-03-07 21:36:41,1
3DD.0078E12724,Starr Boat Launch,7/17/2025,2025,47.983552,-119.887492,LMR,LMR - Lower Methow River at Pateros,2025-07-19 01:20:15,2025-07-19 01:20:23,1
3DD.0078E12724,Starr Boat Launch,7/17/2025,2025,47.983552,-119.887492,MRC,MRC - Methow River at Carlton,2025-07-24 02:49:49,2025-07-24 02:49:49,1
3DD.0078E12725,Starr Boat Launch,7/17/2025,2025,47.983552,-119.887492,LMR,LMR - Lower Methow River at Pateros,2025-07-19 21:03:32,2025-07-19 21:03:32,1
3DD.0078E12725,Starr Boat Launch,7/17/2025,2025,47.983552,-119.887492,MRC,MRC - Methow River at Carlton,2025-07-26 01:55:47,2025-07-26 01:55:47,1
3DD.0078E12726,Starr Boat Launch,7/17/2025,2025,47.983552,-119.887492,LMR,LMR - Lower Methow River at Pateros,2025-07-19 00:49:57,2025-07-19 00:50:06,1
3DD.0078E12726,Starr Boat Launch,7/17/2025,2025,47.983552,-119.887492,MRC,MRC - Methow River at Carlton,2025-07-23 23:33:54,2025-07-23 23:33:54,1
3DD.0078E12727,Starr Boat Launch,7/17/2025,2025,47.983552,-119.887492,LMR,LMR - Lower Methow River at Pateros,2025-07-19 00:03:10,2025-07-19 00:03:19,1
3DD.0078E12727,Starr Boat Launch,7/17/2025,2025,47.983552,-119.887492,MRC,MRC - Methow River at Carlton,2025-07-24 01:54:34,2025-07-24 01:54:34,1
3DD.0078E12727,Starr Boat Launch,7/17/2025,2025,47.983552,-119.887492,TWR,TWR - Lwr Twisp Rvr near MSRF Ponds,2025-07-26 23:42:25,2026-05-24 20:14:42,1
3DD.0078E12728,Starr Boat Launch,7/17/2025,2025,47.983552,-119.887492,CRW,CRW - Chewuch River above Winthrop,2025-07-30 22:26:55,2025-07-30 22:28:17,1
3DD.0078E12728,Starr Boat Launch,7/17/2025,2025,47.983552,-119.887492,LMR,LMR - Lower Methow River at Pateros,2025-07-19 01:54:21,2025-07-19 01:54:21,1
3DD.0078E12728,Starr Boat Launch,7/17/2025,2025,47.983552,-119.887492,MRC,MRC - Methow River at Carlton,2025-07-25 01:16:28,2025-07-25 01:16:28,1
3DD.0078E12729,Starr Boat Launch,7/17/2025,2025,47.983552,-119.887492,CML,CML - Chewuch River Middle Lower,2025-07-28 21:49:50,2025-07-28 21:49:50,1
3DD.0078E12729,Starr Boat Launch,7/17/2025,2025,47.983552,-119.887492,CRU,CRU - Upper Chewuch Instream Array,2025-08-01 02:03:18,2025-08-01 02:03:23,1
3DD.0078E12729,Starr Boat Launch,7/17/2025,2025,47.983552,-119.887492,CRW,CRW - Chewuch River above Winthrop,2025-07-28 00:13:48,2025-07-28 00:15:05,1
3DD.0078E12729,Starr Boat Launch,7/17/2025,2025,47.983552,-119.887492,LMR,LMR - Lower Methow River at Pateros,2025-07-18 23:12:11,2025-07-18 23:12:11,1
3DD.0078E12729,Starr Boat Launch,7/17/2025,2025,47.983552,-119.887492,MRC,MRC - Methow River at Carlton,2025-07-23 22:05:53,2025-07-23 22:05:53,1
3DD.0078E1272A,Starr Boat Launch,7/17/2025,2025,47.983552,-119.887492,OKL,OKL - Lower Okanogan Instream Array,2025-08-18 03:03:18,2025-08-18 03:03:18,1
3DD.0078E1272B,Starr Boat Launch,7/17/2025,2025,47.983552,-119.887492,LMR,LMR - Lower Methow River at Pateros,2025-07-19 01:43:39,2025-07-19 01:43:39,1
3DD.0078E1272B,Starr Boat Launch,7/17/2025,2025,47.983552,-119.887492,MRC,MRC - Methow River at Carlton,2025-07-25 22:49:43,2026-06-06 01:47:23,1
3DD.0078E1272C,Starr Boat Launch,7/17/2025,2025,47.983552,-119.887492,CRW,CRW - Chewuch River above Winthrop,2025-07-27 00:35:55,2025-07-27 00:36:56,1
3DD.0078E1272C,Starr Boat Launch,7/17/2025,2025,47.983552,-119.887492,LMR,LMR - Lower Methow River at Pateros,2025-07-19 00:03:43,2025-07-19 00:03:43,1
3DD.0078E1272C,Starr Boat Launch,7/17/2025,2025,47.983552,-119.887492,MRC,MRC - Methow River at Carlton,2025-07-23 22:24:43,2025-07-23 22:24:43,1
3DD.0078E1272D,Starr Boat Launch,7/17/2025,2025,47.983552,-119.887492,LMR,LMR - Lower Methow River at Pateros,2025-07-19 23:17:58,2025-07-19 23:17:58,1
3DD.0078E1272D,Starr Boat Launch,7/17/2025,2025,47.983552,-119.887492,MRC,MRC - Methow River at Carlton,2025-07-25 01:34:21,2025-07-25 01:34:21,1
3DD.0078E1272E,Starr Boat Launch,7/17/2025,2025,47.983552,-119.887492,CRU,CRU - Upper Chewuch Instream Array,2025-08-21 02:36:30,2026-06-24 08:15:06,1
3DD.0078E1272E,Starr Boat Launch,7/17/2025,2025,47.983552,-119.887492,CRW,CRW - Chewuch River above Winthrop,2025-08-03 00:44:23,2025-08-03 00:46:02,1
3DD.0078E1272E,Starr Boat Launch,7/17/2025,2025,47.983552,-119.887492,LMR,LMR - Lower Methow River at Pateros,2025-07-19 00:20:34,2025-07-19 00:20:47,1
3DD.0078E1272E,Starr Boat Launch,7/17/2025,2025,47.983552,-119.887492,MRC,MRC - Methow River at Carlton,2025-07-23 23:40:05,2025-07-23 23:40:05,1
3DD.0078E1272F,Starr Boat Launch,7/17/2025,2025,47.983552,-119.887492,CRW,CRW - Chewuch River above Winthrop,2025-07-31 23:27:23,2026-05-27 22:41:10,1
3DD.0078E1272F,Starr Boat Launch,7/17/2025,2025,47.983552,-119.887492,LMR,LMR - Lower Methow River at Pateros,2025-07-19 02:00:25,2025-07-19 02:00:34,1
3DD.0078E1272F,Starr Boat Launch,7/17/2025,2025,47.983552,-119.887492,MRC,MRC - Methow River at Carlton,2025-07-25 01:34:49,2025-07-25 01:34:49,1
3DD.0078E12730,Starr Boat Launch,7/17/2025,2025,47.983552,-119.887492,LMR,LMR - Lower Methow River at Pateros,2025-07-19 00:36:01,2025-07-19 00:36:11,1
3DD.0078E12731,Starr Boat Launch,7/17/2025,2025,47.983552,-119.887492,LMR,LMR - Lower Methow River at Pateros,2025-07-19 22:53:13,2025-07-19 22:53:13,1
3DD.0078E12731,Starr Boat Launch,7/17/2025,2025,47.983552,-119.887492,MRC,MRC - Methow River at Carlton,2026-04-22 22:45:48,2026-04-22 22:50:30,1
3DD.0078E12732,Starr Boat Launch,7/17/2025,2025,47.983552,-119.887492,MRC,MRC - Methow River at Carlton,2025-07-23 03:10:44,2025-07-23 03:10:44,1
3DD.0078E12734,Starr Boat Launch,7/17/2025,2025,47.983552,-119.887492,LMR,LMR - Lower Methow River at Pateros,2025-07-19 01:34:20,2025-07-19 01:34:27,1
3DD.0078E12734,Starr Boat Launch,7/17/2025,2025,47.983552,-119.887492,MRC,MRC - Methow River at Carlton,2025-07-26 01:17:31,2025-07-26 01:17:31,1
3DD.0078E12734,Starr Boat Launch,7/17/2025,2025,47.983552,-119.887492,TWR,TWR - Lwr Twisp Rvr near MSRF Ponds,2025-08-01 23:37:50,2026-05-24 20:18:01,1
3DD.0078E12735,Starr Boat Launch,7/17/2025,2025,47.983552,-119.887492,LMR,LMR - Lower Methow River at Pateros,2025-07-18 23:56:42,2026-05-29 05:28:55,1
3DD.0078E12736,Starr Boat Launch,7/17/2025,2025,47.983552,-119.887492,LMR,LMR - Lower Methow River at Pateros,2025-07-24 22:26:26,2025-07-24 22:26:33,1
3DD.0078E12736,Starr Boat Launch,7/17/2025,2025,47.983552,-119.887492,MRC,MRC - Methow River at Carlton,2025-07-29 21:33:06,2025-07-29 21:33:06,1
3DD.0078E12737,Starr Boat Launch,7/17/2025,2025,47.983552,-119.887492,WEA,"WEA - Wells Dam, DCPUD Adult Ladders",2025-07-25 00:21:42,2025-07-25 05:53:39,1
3DD.0078E12739,Starr Boat Launch,7/17/2025,2025,47.983552,-119.887492,LMR,LMR - Lower Methow River at Pateros,2025-07-19 00:27:56,2025-07-19 00:28:08,1
3DD.0078E12739,Starr Boat Launch,7/17/2025,2025,47.983552,-119.887492,MRC,MRC - Methow River at Carlton,2025-07-23 23:27:49,2025-07-23 23:27:49,1
3DD.0078E1273A,Starr Boat Launch,7/17/2025,2025,47.983552,-119.887492,OKL,OKL - Lower Okanogan Instream Array,2025-07-20 21:49:34,2025-07-20 21:49:44,1
3DD.0078E1273B,Starr Boat Launch,7/17/2025,2025,47.983552,-119.887492,LMR,LMR - Lower Methow River at Pateros,2025-07-20 00:30:51,2025-07-20 00:30:51,1
3DD.0078E1273B,Starr Boat Launch,7/17/2025,2025,47.983552,-119.887492,MRC,MRC - Methow River at Carlton,2025-07-26 22:07:33,2025-07-26 22:07:33,1
3DD.0078E1273D,Starr Boat Launch,7/17/2025,2025,47.983552,-119.887492,LMR,LMR - Lower Methow River at Pateros,2025-07-19 00:27:40,2025-07-19 00:27:40,1
3DD.0078E1273D,Starr Boat Launch,7/17/2025,2025,47.983552,-119.887492,MRC,MRC - Methow River at Carlton,2025-07-24 22:45:10,2025-07-24 22:45:10,1
3DD.0078E1273F,Starr Boat Launch,7/17/2025,2025,47.983552,-119.887492,CRW,CRW - Chewuch River above Winthrop,2025-07-30 22:31:02,2025-07-30 22:32:27,1
3DD.0078E1273F,Starr Boat Launch,7/17/2025,2025,47.983552,-119.887492,LMR,LMR - Lower Methow River at Pateros,2025-07-19 02:32:56,2025-07-19 02:32:56,1
3DD.0078E1273F,Starr Boat Launch,7/17/2025,2025,47.983552,-119.887492,MRC,MRC - Methow River at Carlton,2025-07-24 23:57:41,2025-07-24 23:57:41,1
3DD.0078E12740,Starr Boat Launch,7/17/2025,2025,47.983552,-119.887492,LMR,LMR - Lower Methow River at Pateros,2025-07-19 00:42:57,2025-07-19 00:43:11,1
3DD.0078E12740,Starr Boat Launch,7/17/2025,2025,47.983552,-119.887492,MRC,MRC - Methow River at Carlton,2025-07-24 01:40:47,2025-07-24 01:40:47,1
3DD.0078E12742,Starr Boat Launch,7/17/2025,2025,47.983552,-119.887492,OKL,OKL - Lower Okanogan Instream Array,2025-07-20 00:26:38,2025-07-20 00:26:44,1
3DD.0078E12743,Starr Boat Launch,7/17/2025,2025,47.983552,-119.887492,LMR,LMR - Lower Methow River at Pateros,2025-07-18 23:04:58,2025-07-18 23:04:58,1
3DD.0078E12744,Starr Boat Launch,7/17/2025,2025,47.983552,-119.887492,LMR,LMR - Lower Methow River at Pateros,2025-07-18 22:33:07,2025-07-18 22:33:18,1
3DD.0078E12744,Starr Boat Launch,7/17/2025,2025,47.983552,-119.887492,MRC,MRC - Methow River at Carlton,2025-07-23 21:20:15,2025-07-23 21:20:15,1
3DD.0078E12745,Starr Boat Launch,7/17/2025,2025,47.983552,-119.887492,CML,CML - Chewuch River Middle Lower,2025-07-29 20:57:26,2025-07-29 20:57:26,1
3DD.0078E12745,Starr Boat Launch,7/17/2025,2025,47.983552,-119.887492,CRU,CRU - Upper Chewuch Instream Array,2025-08-01 00:45:36,2026-06-03 00:07:34,1
3DD.0078E12745,Starr Boat Launch,7/17/2025,2025,47.983552,-119.887492,CRW,CRW - Chewuch River above Winthrop,2025-07-28 23:50:15,2025-07-28 23:50:15,1
3DD.0078E12745,Starr Boat Launch,7/17/2025,2025,47.983552,-119.887492,LMR,LMR - Lower Methow River at Pateros,2025-07-19 00:30:24,2025-07-19 00:30:32,1
3DD.0078E12745,Starr Boat Launch,7/17/2025,2025,47.983552,-119.887492,MRC,MRC - Methow River at Carlton,2025-07-24 00:07:37,2025-07-24 00:07:37,1
3DD.0078E12747,Starr Boat Launch,7/17/2025,2025,47.983552,-119.887492,LMR,LMR - Lower Methow River at Pateros,2025-07-19 02:04:58,2025-07-19 02:05:09,1
3DD.0078E12748,Starr Boat Launch,7/17/2025,2025,47.983552,-119.887492,LMR,LMR - Lower Methow River at Pateros,2025-07-19 01:37:31,2025-07-19 01:37:45,1
3DD.0078E12748,Starr Boat Launch,7/17/2025,2025,47.983552,-119.887492,MRC,MRC - Methow River at Carlton,2025-07-26 01:51:50,2025-07-26 01:51:50,1
3DD.0078E12749,Starr Boat Launch,7/17/2025,2025,47.983552,-119.887492,LMR,LMR - Lower Methow River at Pateros,2025-07-18 22:27:18,2025-07-18 22:27:30,1
3DD.0078E12749,Starr Boat Launch,7/17/2025,2025,47.983552,-119.887492,MRC,MRC - Methow River at Carlton,2025-07-23 22:44:26,2025-07-23 22:44:26,1
3DD.0078E12749,Starr Boat Launch,7/17/2025,2025,47.983552,-119.887492,MRW,MRW - Methow River at Winthrop,2025-07-28 23:06:29,2025-07-28 23:07:08,1
3DD.0078E1274A,Starr Boat Launch,7/17/2025,2025,47.983552,-119.887492,CML,CML - Chewuch River Middle Lower,2025-07-28 03:16:48,2025-07-28 03:16:48,1
3DD.0078E1274A,Starr Boat Launch,7/17/2025,2025,47.983552,-119.887492,CRW,CRW - Chewuch River above Winthrop,2025-07-27 23:01:02,2026-06-02 01:51:05,1
3DD.0078E1274A,Starr Boat Launch,7/17/2025,2025,47.983552,-119.887492,LMR,LMR - Lower Methow River at Pateros,2025-07-18 22:13:12,2025-07-18 22:13:12,1
3DD.0078E1274A,Starr Boat Launch,7/17/2025,2025,47.983552,-119.887492,MRC,MRC - Methow River at Carlton,2025-07-23 02:37:43,2025-07-23 02:37:43,1
3DD.0078E1274B,Starr Boat Launch,7/17/2025,2025,47.983552,-119.887492,OKL,OKL - Lower Okanogan Instream Array,2025-07-20 00:46:39,2025-07-20 00:46:47,1
3DD.0078E1274C,Starr Boat Launch,7/17/2025,2025,47.983552,-119.887492,MRC,MRC - Methow River at Carlton,2025-07-23 20:54:30,2025-07-23 20:54:30,1
3DD.0078E1274C,Starr Boat Launch,7/17/2025,2025,47.983552,-119.887492,TWR,TWR - Lwr Twisp Rvr near MSRF Ponds,2025-07-25 22:09:27,2026-06-17 04:15:25,1
3DD.0078E1274F,Starr Boat Launch,7/17/2025,2025,47.983552,-119.887492,OKL,OKL - Lower Okanogan Instream Array,2026-03-20 23:39:55,2026-03-20 23:40:08,1
3DD.0078E1274F,Starr Boat Launch,7/17/2025,2025,47.983552,-119.887492,WEA,"WEA - Wells Dam, DCPUD Adult Ladders",2025-07-21 01:38:11,2025-07-21 21:21:34,1
3DD.0078E12750,Starr Boat Launch,7/17/2025,2025,47.983552,-119.887492,LMR,LMR - Lower Methow River at Pateros,2025-07-18 23:47:43,2025-07-18 23:47:43,1
3DD.0078E12750,Starr Boat Launch,7/17/2025,2025,47.983552,-119.887492,MRC,MRC - Methow River at Carlton,2025-07-24 02:11:05,2026-06-19 02:06:16,1
3DD.0078E12753,Starr Boat Launch,7/17/2025,2025,47.983552,-119.887492,LMR,LMR - Lower Methow River at Pateros,2025-07-19 00:05:51,2025-07-19 00:06:01,1
3DD.0078E12754,Starr Boat Launch,7/17/2025,2025,47.983552,-119.887492,LMR,LMR - Lower Methow River at Pateros,2025-07-20 21:39:31,2025-07-20 21:39:31,1
3DD.0078E12754,Starr Boat Launch,7/17/2025,2025,47.983552,-119.887492,MRC,MRC - Methow River at Carlton,2025-07-26 01:05:47,2025-07-26 01:05:47,1
3DD.0078E12754,Starr Boat Launch,7/17/2025,2025,47.983552,-119.887492,MRW,MRW - Methow River at Winthrop,2025-07-30 23:41:28,2026-05-28 00:48:34,1
3DD.0078E12755,Starr Boat Launch,7/17/2025,2025,47.983552,-119.887492,LMR,LMR - Lower Methow River at Pateros,2025-07-19 00:13:34,2025-07-19 00:13:44,1
3DD.0078E12755,Starr Boat Launch,7/17/2025,2025,47.983552,-119.887492,MRC,MRC - Methow River at Carlton,2025-07-25 02:53:15,2025-07-25 02:53:15,1
3DD.0078E12756,Starr Boat Launch,7/17/2025,2025,47.983552,-119.887492,LMR,LMR - Lower Methow River at Pateros,2025-07-19 00:51:25,2025-07-19 00:51:25,1
3DD.0078E12756,Starr Boat Launch,7/17/2025,2025,47.983552,-119.887492,MRC,MRC - Methow River at Carlton,2025-07-24 21:33:20,2025-07-24 21:33:20,1
3DD.0078E12757,Starr Boat Launch,7/17/2025,2025,47.983552,-119.887492,LMR,LMR - Lower Methow River at Pateros,2025-07-19 01:52:34,2026-06-10 23:27:53,1
3DD.0078E1275A,Starr Boat Launch,7/17/2025,2025,47.983552,-119.887492,CRW,CRW - Chewuch River above Winthrop,2026-04-23 02:31:15,2026-05-09 22:35:24,1
3DD.0078E1275A,Starr Boat Launch,7/17/2025,2025,47.983552,-119.887492,LMR,LMR - Lower Methow River at Pateros,2025-07-19 00:43:19,2025-07-19 00:43:19,1
3DD.0078E1275A,Starr Boat Launch,7/17/2025,2025,47.983552,-119.887492,MRC,MRC - Methow River at Carlton,2025-07-24 00:14:21,2025-07-24 00:14:21,1
3DD.0078E1275B,Starr Boat Launch,7/17/2025,2025,47.983552,-119.887492,MRC,MRC - Methow River at Carlton,2025-07-24 22:12:28,2025-07-24 22:12:28,1
3DD.0078E1275C,Starr Boat Launch,7/17/2025,2025,47.983552,-119.887492,LMR,LMR - Lower Methow River at Pateros,2025-07-19 23:42:19,2025-07-19 23:42:19,1
3DD.0078E1275D,Starr Boat Launch,7/17/2025,2025,47.983552,-119.887492,LMR,LMR - Lower Methow River at Pateros,2025-07-18 23:41:18,2025-07-18 23:41:18,1
3DD.0078E1275D,Starr Boat Launch,7/17/2025,2025,47.983552,-119.887492,MRC,MRC - Methow River at Carlton,2025-07-25 02:27:14,2025-07-25 02:27:14,1
3DD.0078E1275F,Starr Boat Launch,7/17/2025,2025,47.983552,-119.887492,OKL,OKL - Lower Okanogan Instream Array,2026-06-11 06:51:59,2026-06-11 06:51:59,1
3DD.0078E12760,Starr Boat Launch,7/17/2025,2025,47.983552,-119.887492,LMR,LMR - Lower Methow River at Pateros,2025-07-19 01:11:00,2025-07-19 01:11:32,1
3DD.0078E12760,Starr Boat Launch,7/17/2025,2025,47.983552,-119.887492,MRC,MRC - Methow River at Carlton,2025-07-25 21:05:13,2025-07-25 21:05:13,1
3DD.0078E12761,Starr Boat Launch,7/17/2025,2025,47.983552,-119.887492,LMR,LMR - Lower Methow River at Pateros,2025-07-18 22:47:05,2025-07-18 22:47:15,1
3DD.0078E12761,Starr Boat Launch,7/17/2025,2025,47.983552,-119.887492,MRC,MRC - Methow River at Carlton,2025-07-26 00:32:57,2026-05-27 02:38:58,1
3DD.0078E12762,Starr Boat Launch,7/17/2025,2025,47.983552,-119.887492,CRW,CRW - Chewuch River above Winthrop,2025-08-04 20:52:48,2026-05-27 03:14:11,1
3DD.0078E12762,Starr Boat Launch,7/17/2025,2025,47.983552,-119.887492,LMR,LMR - Lower Methow River at Pateros,2025-07-20 00:46:35,2025-07-20 00:46:35,1
3DD.0078E12763,Starr Boat Launch,7/17/2025,2025,47.983552,-119.887492,LMR,LMR - Lower Methow River at Pateros,2025-07-19 00:22:13,2025-07-19 00:22:18,1
3DD.0078E12764,Starr Boat Launch,7/17/2025,2025,47.983552,-119.887492,LMR,LMR - Lower Methow River at Pateros,2025-07-19 01:26:10,2025-07-19 01:26:10,1
3DD.0078E12765,Starr Boat Launch,7/17/2025,2025,47.983552,-119.887492,LMR,LMR - Lower Methow River at Pateros,2025-07-19 00:39:25,2025-07-19 00:39:25,1
3DD.0078E12765,Starr Boat Launch,7/17/2025,2025,47.983552,-119.887492,MRC,MRC - Methow River at Carlton,2025-07-23 23:37:57,2025-07-23 23:37:57,1
3DD.0078E12765,Starr Boat Launch,7/17/2025,2025,47.983552,-119.887492,TWR,TWR - Lwr Twisp Rvr near MSRF Ponds,2025-07-26 01:24:21,2026-05-28 18:01:32,1
3DD.0078E12766,Starr Boat Launch,7/17/2025,2025,47.983552,-119.887492,LMR,LMR - Lower Methow River at Pateros,2025-07-19 00:54:00,2025-07-19 00:54:00,1
3DD.0078E12766,Starr Boat Launch,7/17/2025,2025,47.983552,-119.887492,MRC,MRC - Methow River at Carlton,2025-07-24 02:29:43,2025-07-24 02:29:43,1
3DD.0078E12767,Starr Boat Launch,7/17/2025,2025,47.983552,-119.887492,CRW,CRW - Chewuch River above Winthrop,2026-03-20 02:52:10,2026-06-26 21:27:03,1
3DD.0078E12767,Starr Boat Launch,7/17/2025,2025,47.983552,-119.887492,LMR,LMR - Lower Methow River at Pateros,2025-07-19 00:32:32,2025-07-19 00:32:41,1
3DD.0078E12767,Starr Boat Launch,7/17/2025,2025,47.983552,-119.887492,MRC,MRC - Methow River at Carlton,2025-07-24 02:53:39,2025-07-24 02:53:39,1
3DD.0078E12768,Starr Boat Launch,7/17/2025,2025,47.983552,-119.887492,CRW,CRW - Chewuch River above Winthrop,2025-07-31 00:49:26,2025-07-31 00:51:05,1
3DD.0078E12768,Starr Boat Launch,7/17/2025,2025,47.983552,-119.887492,LMR,LMR - Lower Methow River at Pateros,2025-07-19 23:18:03,2025-07-19 23:18:12,1
3DD.0078E12768,Starr Boat Launch,7/17/2025,2025,47.983552,-119.887492,MRC,MRC - Methow River at Carlton,2025-07-26 01:43:48,2025-07-26 01:43:48,1
3DD.0078E12769,Starr Boat Launch,7/17/2025,2025,47.983552,-119.887492,OKL,OKL - Lower Okanogan Instream Array,2025-07-19 21:53:13,2025-07-19 21:53:13,1
3DD.0078E1276B,Starr Boat Launch,7/17/2025,2025,47.983552,-119.887492,LMR,LMR - Lower Methow River at Pateros,2025-07-19 02:36:06,2025-07-19 02:36:14,1
3DD.0078E1276B,Starr Boat Launch,7/17/2025,2025,47.983552,-119.887492,MRC,MRC - Methow River at Carlton,2025-07-24 22:41:00,2025-07-24 22:41:00,1
3DD.0078E1276D,Starr Boat Launch,7/17/2025,2025,47.983552,-119.887492,MRC,MRC - Methow River at Carlton,2025-07-24 22:38:49,2026-06-16 11:36:05,1
3DD.0078E1276D,Starr Boat Launch,7/17/2025,2025,47.983552,-119.887492,TWR,TWR - Lwr Twisp Rvr near MSRF Ponds,2025-07-28 00:55:14,2025-07-28 22:35:54,1
3DD.0078E1276E,Starr Boat Launch,7/17/2025,2025,47.983552,-119.887492,LMR,LMR - Lower Methow River at Pateros,2025-07-18 23:20:47,2025-07-18 23:20:54,1
3DD.0078E1276E,Starr Boat Launch,7/17/2025,2025,47.983552,-119.887492,MRC,MRC - Methow River at Carlton,2025-07-23 20:56:02,2026-06-02 15:15:13,1
3DD.0078E12770,Starr Boat Launch,7/17/2025,2025,47.983552,-119.887492,CML,CML - Chewuch River Middle Lower,2025-07-30 02:40:57,2025-07-30 02:40:57,1
3DD.0078E12770,Starr Boat Launch,7/17/2025,2025,47.983552,-119.887492,CRW,CRW - Chewuch River above Winthrop,2025-07-29 21:19:56,2025-07-29 21:21:53,1
3DD.0078E12770,Starr Boat Launch,7/17/2025,2025,47.983552,-119.887492,LMR,LMR - Lower Methow River at Pateros,2025-07-19 01:26:46,2025-07-19 01:26:59,1
3DD.0078E12770,Starr Boat Launch,7/17/2025,2025,47.983552,-119.887492,MRC,MRC - Methow River at Carlton,2025-07-24 22:19:07,2025-07-24 22:19:07,1
3DD.0078E12771,Starr Boat Launch,7/17/2025,2025,47.983552,-119.887492,OKL,OKL - Lower Okanogan Instream Array,2025-07-20 22:55:39,2025-07-20 22:55:39,1
3DD.0078E12773,Starr Boat Launch,7/17/2025,2025,47.983552,-119.887492,LMR,LMR - Lower Methow River at Pateros,2025-07-20 01:24:19,2025-07-20 01:24:31,1
3DD.0078E12775,Starr Boat Launch,7/17/2025,2025,47.983552,-119.887492,LMR,LMR - Lower Methow River at Pateros,2025-07-19 01:51:28,2025-07-19 01:51:28,1
3DD.0078E12776,Starr Boat Launch,7/17/2025,2025,47.983552,-119.887492,LMR,LMR - Lower Methow River at Pateros,2025-07-19 02:18:40,2025-07-19 02:18:47,1
3DD.0078E12776,Starr Boat Launch,7/17/2025,2025,47.983552,-119.887492,MRC,MRC - Methow River at Carlton,2025-07-24 21:45:37,2025-07-24 21:45:37,1
3DD.0078E12777,Starr Boat Launch,7/17/2025,2025,47.983552,-119.887492,CML,CML - Chewuch River Middle Lower,2025-07-29 02:14:52,2025-07-29 02:14:52,1
3DD.0078E12777,Starr Boat Launch,7/17/2025,2025,47.983552,-119.887492,CRW,CRW - Chewuch River above Winthrop,2025-07-28 22:15:36,2025-07-28 22:15:36,1
3DD.0078E12777,Starr Boat Launch,7/17/2025,2025,47.983552,-119.887492,LMR,LMR - Lower Methow River at Pateros,2025-07-19 01:42:33,2025-07-19 01:42:33,1
3DD.0078E12777,Starr Boat Launch,7/17/2025,2025,47.983552,-119.887492,MRC,MRC - Methow River at Carlton,2025-07-24 00:40:06,2025-07-24 00:40:06,1
3DD.0078E12778,Starr Boat Launch,7/17/2025,2025,47.983552,-119.887492,LMR,LMR - Lower Methow River at Pateros,2025-07-21 01:25:47,2025-07-21 01:25:47,1
3DD.0078E12778,Starr Boat Launch,7/17/2025,2025,47.983552,-119.887492,MRC,MRC - Methow River at Carlton,2025-07-26 23:48:49,2026-06-15 12:07:47,1
3DD.0078E12779,Starr Boat Launch,7/17/2025,2025,47.983552,-119.887492,CRW,CRW - Chewuch River above Winthrop,2026-07-27 23:42:35,2026-07-27 23:54:30,1
3DD.0078E12779,Starr Boat Launch,7/17/2025,2025,47.983552,-119.887492,MRC,MRC - Methow River at Carlton,2026-07-10 00:48:39,2026-07-10 00:48:39,1
3DD.0078E1277A,Starr Boat Launch,7/17/2025,2025,47.983552,-119.887492,OKL,OKL - Lower Okanogan Instream Array,2025-07-20 03:30:42,2025-07-20 03:30:48,1
3DD.0078E129D5,Starr Boat Launch,9/4/2025,2025,47.983552,-119.887492,OKL,OKL - Lower Okanogan Instream Array,2025-09-08 03:51:21,2025-09-08 03:51:30,1
3DD.0078E129D8,Starr Boat Launch,9/4/2025,2025,47.983552,-119.887492,LMR,LMR - Lower Methow River at Pateros,2025-09-05 21:58:58,2025-09-05 21:59:11,1
3DD.0078E129D8,Starr Boat Launch,9/4/2025,2025,47.983552,-119.887492,MRC,MRC - Methow River at Carlton,2025-09-13 00:30:39,2025-09-13 00:30:39,1
3DD.0078E129DB,Starr Boat Launch,9/4/2025,2025,47.983552,-119.887492,LMR,LMR - Lower Methow River at Pateros,2025-09-05 03:30:42,2025-09-05 03:30:49,1
3DD.0078E129DB,Starr Boat Launch,9/4/2025,2025,47.983552,-119.887492,MRC,MRC - Methow River at Carlton,2025-09-10 21:40:39,2025-09-10 21:40:39,1
3DD.0078E129DC,Starr Boat Launch,9/4/2025,2025,47.983552,-119.887492,CRW,CRW - Chewuch River above Winthrop,2026-06-05 04:07:30,2026-06-09 22:32:35,1
3DD.0078E129DC,Starr Boat Launch,9/4/2025,2025,47.983552,-119.887492,LMR,LMR - Lower Methow River at Pateros,2025-09-05 03:32:50,2025-09-05 03:32:50,1
3DD.0078E129DC,Starr Boat Launch,9/4/2025,2025,47.983552,-119.887492,MRC,MRC - Methow River at Carlton,2025-09-09 00:20:17,2025-09-09 00:20:17,1
3DD.0078E129DE,Starr Boat Launch,9/4/2025,2025,47.983552,-119.887492,LMR,LMR - Lower Methow River at Pateros,2025-09-07 23:18:58,2025-09-07 23:19:08,1
3DD.0078E129DE,Starr Boat Launch,9/4/2025,2025,47.983552,-119.887492,MRC,MRC - Methow River at Carlton,2026-03-19 02:39:11,2026-07-07 00:35:55,1
3DD.0078E129DF,Starr Boat Launch,9/4/2025,2025,47.983552,-119.887492,LMR,LMR - Lower Methow River at Pateros,2025-09-06 23:35:48,2025-09-06 23:35:55,1
3DD.0078E129E0,Starr Boat Launch,9/4/2025,2025,47.983552,-119.887492,OKL,OKL - Lower Okanogan Instream Array,2026-03-25 18:23:08,2026-03-25 18:23:21,1
3DD.0078E129E1,Starr Boat Launch,9/4/2025,2025,47.983552,-119.887492,LMR,LMR - Lower Methow River at Pateros,2025-09-05 21:50:26,2026-06-20 13:00:55,1
3DD.0078E129E1,Starr Boat Launch,9/4/2025,2025,47.983552,-119.887492,MRC,MRC - Methow River at Carlton,2025-09-10 22:10:56,2025-09-10 22:10:56,1
3DD.0078E129E8,Starr Boat Launch,9/4/2025,2025,47.983552,-119.887492,OKL,OKL - Lower Okanogan Instream Array,2025-12-21 04:31:20,2025-12-21 15:01:13,1
3DD.0078E129E9,Starr Boat Launch,8/28/2025,2025,47.983552,-119.887492,LMR,LMR - Lower Methow River at Pateros,2025-08-29 20:42:39,2025-08-29 20:42:49,1
3DD.0078E129E9,Starr Boat Launch,8/28/2025,2025,47.983552,-119.887492,MRC,MRC - Methow River at Carlton,2025-09-03 00:34:14,2025-09-03 00:34:14,1
3DD.0078E129EB,Starr Boat Launch,9/4/2025,2025,47.983552,-119.887492,OKL,OKL - Lower Okanogan Instream Array,2025-12-17 03:11:44,2025-12-17 03:16:42,1
3DD.0078E129EF,Starr Boat Launch,9/4/2025,2025,47.983552,-119.887492,LMR,LMR - Lower Methow River at Pateros,2025-09-13 00:37:05,2025-09-13 00:37:14,1
3DD.0078E129EF,Starr Boat Launch,9/4/2025,2025,47.983552,-119.887492,MRC,MRC - Methow River at Carlton,2026-04-22 22:26:49,2026-04-22 22:26:49,1
3DD.0078E129F3,Beaver Creek,8/21/2025,2025,48.435095,-120.022301,BVC,"BVC - Beaver Creek, Methow River",2026-06-17 20:36:50,2026-06-17 20:36:54,1
3DD.0078E129F8,Starr Boat Launch,9/4/2025,2025,47.983552,-119.887492,OKL,OKL - Lower Okanogan Instream Array,2026-03-24 19:29:29,2026-03-24 19:29:56,1
3DD.0078E129FD,Starr Boat Launch,9/4/2025,2025,47.983552,-119.887492,MRC,MRC - Methow River at Carlton,2026-04-20 21:22:43,2026-04-20 21:22:43,1
3DD.0078E129FF,Starr Boat Launch,9/4/2025,2025,47.983552,-119.887492,LMR,LMR - Lower Methow River at Pateros,2025-09-05 19:41:36,2025-09-05 19:41:44,1
3DD.0078E12A01,Beaver Creek,8/21/2025,2025,48.435095,-120.022301,BVC,"BVC - Beaver Creek, Methow River",2026-04-06 20:04:17,2026-04-06 20:04:23,1
3DD.0078E12A01,Beaver Creek,8/21/2025,2025,48.435095,-120.022301,CRW,CRW - Chewuch River above Winthrop,2026-06-25 16:12:16,2026-07-10 00:41:51,1
3DD.0078E12A01,Beaver Creek,8/21/2025,2025,48.435095,-120.022301,MRC,MRC - Methow River at Carlton,2026-07-20 07:04:47,2026-07-20 07:04:47,1
3DD.0078E12A02,Starr Boat Launch,9/4/2025,2025,47.983552,-119.887492,OKL,OKL - Lower Okanogan Instream Array,2025-09-29 21:54:03,2026-06-08 07:05:58,1
3DD.0078E12A03,Beaver Creek,8/21/2025,2025,48.435095,-120.022301,BVC,"BVC - Beaver Creek, Methow River",2025-08-24 20:18:29,2025-08-24 20:18:35,1
3DD.0078E12A07,Starr Boat Launch,9/4/2025,2025,47.983552,-119.887492,LMR,LMR - Lower Methow River at Pateros,2025-09-05 20:06:31,2025-09-05 20:06:39,1
3DD.0078E12A08,Twisp River,8/21/2025,2025,48.353884,-120.365091,CRW,CRW - Chewuch River above Winthrop,2026-06-21 22:10:11,2026-06-29 16:36:28,1
3DD.0078E12A0A,Beaver Creek,8/21/2025,2025,48.435095,-120.022301,BVC,"BVC - Beaver Creek, Methow River",2026-05-13 00:13:00,2026-05-13 00:13:07,1
3DD.0078E12A0B,Beaver Creek,8/21/2025,2025,48.435095,-120.022301,BVC,"BVC - Beaver Creek, Methow River",2026-05-12 03:10:43,2026-05-12 03:10:48,1
3DD.0078E12A0C,Beaver Creek,8/21/2025,2025,48.435095,-120.022301,BVC,"BVC - Beaver Creek, Methow River",2026-05-16 00:26:04,2026-05-16 00:26:11,1
3DD.0078E12A0D,Starr Boat Launch,9/4/2025,2025,47.983552,-119.887492,LMR,LMR - Lower Methow River at Pateros,2025-09-05 04:29:37,2025-09-05 04:29:46,1
3DD.0078E12A0F,Starr Boat Launch,9/4/2025,2025,47.983552,-119.887492,LMR,LMR - Lower Methow River at Pateros,2025-09-05 21:23:30,2026-06-02 22:14:48,1
3DD.0078E12A10,Starr Boat Launch,8/28/2025,2025,47.983552,-119.887492,LMR,LMR - Lower Methow River at Pateros,2025-08-29 22:24:50,2025-08-29 22:24:56,1
3DD.0078E12A10,Starr Boat Launch,8/28/2025,2025,47.983552,-119.887492,MRC,MRC - Methow River at Carlton,2026-04-08 02:42:37,2026-04-08 02:42:37,1
3DD.0078E12A11,Beaver Creek,8/21/2025,2025,48.435095,-120.022301,BVC,"BVC - Beaver Creek, Methow River",2025-08-27 20:12:21,2025-08-27 20:12:24,1
3DD.0078E12A12,Starr Boat Launch,9/4/2025,2025,47.983552,-119.887492,ENL,ENL - Lower Entiat River,2026-06-16 02:55:01,2026-06-20 01:08:45,1
3DD.0078E12A14,Starr Boat Launch,9/4/2025,2025,47.983552,-119.887492,ENL,ENL - Lower Entiat River,2026-06-07 23:11:46,2026-06-13 03:15:09,1
3DD.0078E12A15,Starr Boat Launch,8/28/2025,2025,47.983552,-119.887492,MRC,MRC - Methow River at Carlton,2026-04-23 20:17:11,2026-04-23 20:17:11,1
3DD.0078E12A16,Twisp River,8/21/2025,2025,48.353884,-120.365091,TWR,TWR - Lwr Twisp Rvr near MSRF Ponds,2026-06-18 13:34:05,2026-06-18 13:34:13,1
3DD.0078E12A19,Starr Boat Launch,9/4/2025,2025,47.983552,-119.887492,LMR,LMR - Lower Methow River at Pateros,2026-04-03 22:53:25,2026-04-03 22:55:00,1
3DD.0078E12A1A,Starr Boat Launch,8/28/2025,2025,47.983552,-119.887492,LMR,LMR - Lower Methow River at Pateros,2025-08-29 20:25:13,2025-08-29 20:25:22,1
3DD.0078E12A1A,Starr Boat Launch,8/28/2025,2025,47.983552,-119.887492,MRC,MRC - Methow River at Carlton,2025-09-02 00:02:20,2026-05-21 00:13:02,1
3DD.0078E12A1B,Starr Boat Launch,9/4/2025,2025,47.983552,-119.887492,LMR,LMR - Lower Methow River at Pateros,2025-09-05 03:34:12,2025-09-05 03:34:20,1
3DD.0078E12A1C,Starr Boat Launch,9/4/2025,2025,47.983552,-119.887492,LBC,"LBC - Libby Creek, Methow River",2026-06-23 07:29:42,2026-06-23 07:29:50,1
3DD.0078E12A1C,Starr Boat Launch,9/4/2025,2025,47.983552,-119.887492,LMR,LMR - Lower Methow River at Pateros,2026-04-08 00:30:57,2026-04-08 00:33:32,1
3DD.0078E12A1D,Beaver Creek,8/21/2025,2025,48.435095,-120.022301,BVC,"BVC - Beaver Creek, Methow River",2026-05-26 21:32:22,2026-05-26 21:32:25,1
3DD.0078E12A1E,Starr Boat Launch,8/28/2025,2025,47.983552,-119.887492,LMR,LMR - Lower Methow River at Pateros,2025-08-30 23:26:21,2025-08-30 23:26:29,1
3DD.0078E12A1E,Starr Boat Launch,8/28/2025,2025,47.983552,-119.887492,MRC,MRC - Methow River at Carlton,2025-09-03 21:51:32,2026-06-16 14:03:25,1
3DD.0078E12A1F,Beaver Creek,8/21/2025,2025,48.435095,-120.022301,BVC,"BVC - Beaver Creek, Methow River",2026-06-08 21:04:44,2026-06-08 21:04:47,1
3DD.0078E12A23,Starr Boat Launch,9/4/2025,2025,47.983552,-119.887492,LMR,LMR - Lower Methow River at Pateros,2025-09-07 20:46:48,2025-09-07 20:47:02,1
3DD.0078E12A23,Starr Boat Launch,9/4/2025,2025,47.983552,-119.887492,MRC,MRC - Methow River at Carlton,2025-09-18 00:34:30,2026-05-16 23:12:38,1
3DD.0078E12A24,Twisp River,8/21/2025,2025,48.353884,-120.365091,TWR,TWR - Lwr Twisp Rvr near MSRF Ponds,2026-07-15 20:11:53,2026-07-15 20:11:58,1
3DD.0078E12A25,Starr Boat Launch,9/4/2025,2025,47.983552,-119.887492,LMR,LMR - Lower Methow River at Pateros,2026-06-10 13:14:19,2026-06-10 13:14:19,1
3DD.0078E12A27,Beaver Creek,8/21/2025,2025,48.435095,-120.022301,BVC,"BVC - Beaver Creek, Methow River",2026-05-29 04:21:26,2026-05-29 04:21:31,1
3DD.0078E12A29,Starr Boat Launch,9/4/2025,2025,47.983552,-119.887492,LMR,LMR - Lower Methow River at Pateros,2025-09-05 23:31:34,2025-09-05 23:32:10,1
3DD.0078E12A29,Starr Boat Launch,9/4/2025,2025,47.983552,-119.887492,MRC,MRC - Methow River at Carlton,2025-09-15 20:20:42,2025-09-15 20:20:42,1
3DD.0078E12A2C,Beaver Creek,8/21/2025,2025,48.435095,-120.022301,BVC,"BVC - Beaver Creek, Methow River",2025-08-27 23:24:41,2025-08-27 23:24:43,1
3DD.0078E12A2C,Beaver Creek,8/21/2025,2025,48.435095,-120.022301,CRW,CRW - Chewuch River above Winthrop,2026-04-06 22:34:16,2026-04-06 22:40:00,1
3DD.0078E12A30,Beaver Creek,8/21/2025,2025,48.435095,-120.022301,BVC,"BVC - Beaver Creek, Methow River",2026-06-09 02:18:47,2026-06-09 02:18:52,1
3DD.0078E12A32,Starr Boat Launch,8/28/2025,2025,47.983552,-119.887492,LMR,LMR - Lower Methow River at Pateros,2025-08-31 00:06:27,2025-08-31 00:06:34,1
3DD.0078E12A32,Starr Boat Launch,8/28/2025,2025,47.983552,-119.887492,MRC,MRC - Methow River at Carlton,2025-09-04 03:25:50,2025-09-04 03:25:50,1
3DD.0078E12A33,Starr Boat Launch,9/4/2025,2025,47.983552,-119.887492,LMR,LMR - Lower Methow River at Pateros,2026-04-22 02:23:36,2026-05-28 20:15:19,1
3DD.0078E12A34,Starr Boat Launch,8/28/2025,2025,47.983552,-119.887492,OKL,OKL - Lower Okanogan Instream Array,2025-08-30 19:43:19,2025-08-30 19:43:30,1
3DD.0078E12A35,Starr Boat Launch,9/4/2025,2025,47.983552,-119.887492,LMR,LMR - Lower Methow River at Pateros,2025-09-05 22:50:32,2025-09-05 22:50:38,1
3DD.0078E12A35,Starr Boat Launch,9/4/2025,2025,47.983552,-119.887492,MRC,MRC - Methow River at Carlton,2026-03-20 02:07:46,2026-03-20 02:07:46,1
3DD.0078E12A36,Starr Boat Launch,9/4/2025,2025,47.983552,-119.887492,LMR,LMR - Lower Methow River at Pateros,2025-09-05 20:06:51,2026-06-10 20:55:43,1
3DD.0078E12A36,Starr Boat Launch,9/4/2025,2025,47.983552,-119.887492,MRC,MRC - Methow River at Carlton,2025-09-14 01:33:00,2026-06-02 22:25:44,1
3DD.0078E12A37,Starr Boat Launch,9/4/2025,2025,47.983552,-119.887492,LMR,LMR - Lower Methow River at Pateros,2026-03-20 03:34:59,2026-03-20 03:36:48,1
3DD.0078E13910,Starr Boat Launch,8/29/2024,2024,47.983552,-119.887492,OKL,OKL - Lower Okanogan Instream Array,2024-08-31 19:38:00,2024-08-31 19:38:00,1
3DD.0078E13911,Starr Boat Launch,8/29/2024,2024,47.983552,-119.887492,CML,CML - Chewuch River Middle Lower,2024-09-08 20:03:27,2024-09-08 20:03:27,1
3DD.0078E13911,Starr Boat Launch,8/29/2024,2024,47.983552,-119.887492,CRW,CRW - Chewuch River above Winthrop,2024-09-08 00:08:38,2024-09-08 00:08:38,1
3DD.0078E13911,Starr Boat Launch,8/29/2024,2024,47.983552,-119.887492,LMR,LMR - Lower Methow River at Pateros,2024-08-30 21:40:35,2024-08-30 21:40:43,1
3DD.0078E13911,Starr Boat Launch,8/29/2024,2024,47.983552,-119.887492,MRC,MRC - Methow River at Carlton,2024-09-04 01:51:22,2024-09-04 01:51:22,1
3DD.0078E13912,Starr Boat Launch,8/29/2024,2024,47.983552,-119.887492,CRW,CRW - Chewuch River above Winthrop,2025-04-25 20:49:27,2025-05-20 21:08:52,1
3DD.0078E13912,Starr Boat Launch,8/29/2024,2024,47.983552,-119.887492,LMR,LMR - Lower Methow River at Pateros,2024-08-30 21:05:16,2024-08-30 21:05:16,1
3DD.0078E13912,Starr Boat Launch,8/29/2024,2024,47.983552,-119.887492,MRC,MRC - Methow River at Carlton,2025-06-25 22:25:13,2025-06-25 22:25:13,1
3DD.0078E13914,Starr Boat Launch,8/29/2024,2024,47.983552,-119.887492,OMK,OMK - Omak Creek Instream Array,2025-05-03 03:25:29,2025-05-03 03:27:24,1
3DD.0078E13915,Starr Boat Launch,8/29/2024,2024,47.983552,-119.887492,LMR,LMR - Lower Methow River at Pateros,2024-08-31 00:25:19,2024-08-31 00:25:25,1
3DD.0078E13916,Starr Boat Launch,8/29/2024,2024,47.983552,-119.887492,LMR,LMR - Lower Methow River at Pateros,2024-09-01 22:12:52,2024-09-01 22:12:52,1
3DD.0078E13916,Starr Boat Launch,8/29/2024,2024,47.983552,-119.887492,MRC,MRC - Methow River at Carlton,2025-05-03 21:36:08,2025-05-03 21:36:08,1
3DD.0078E13917,Starr Boat Launch,9/5/2024,2024,47.983552,-119.887492,LMR,LMR - Lower Methow River at Pateros,2024-09-06 03:50:16,2024-09-06 03:50:16,1
3DD.0078E13918,Starr Boat Launch,8/29/2024,2024,47.983552,-119.887492,LMR,LMR - Lower Methow River at Pateros,2024-09-03 01:42:29,2025-07-05 08:20:34,1
3DD.0078E13918,Starr Boat Launch,8/29/2024,2024,47.983552,-119.887492,MRC,MRC - Methow River at Carlton,2024-09-11 22:00:35,2024-09-11 22:00:35,1
3DD.0078E13919,Starr Boat Launch,8/29/2024,2024,47.983552,-119.887492,OKL,OKL - Lower Okanogan Instream Array,2024-08-31 20:26:04,2024-08-31 20:26:04,1
3DD.0078E1391A,Starr Boat Launch,7/24/2025,2025,47.983552,-119.887492,LMR,LMR - Lower Methow River at Pateros,2025-07-26 00:13:47,2025-07-26 00:14:25,1
3DD.0078E1391B,Starr Boat Launch,9/5/2024,2024,47.983552,-119.887492,CML,CML - Chewuch River Middle Lower,2024-09-13 19:23:41,2024-09-13 19:23:41,1
3DD.0078E1391B,Starr Boat Launch,9/5/2024,2024,47.983552,-119.887492,CRU,CRU - Upper Chewuch Instream Array,2024-09-15 23:43:45,2025-05-27 17:58:35,1
3DD.0078E1391B,Starr Boat Launch,9/5/2024,2024,47.983552,-119.887492,CRW,CRW - Chewuch River above Winthrop,2024-09-12 23:34:28,2024-09-12 23:34:28,1
3DD.0078E1391B,Starr Boat Launch,9/5/2024,2024,47.983552,-119.887492,LMR,LMR - Lower Methow River at Pateros,2024-09-06 20:24:00,2024-09-06 20:24:00,1
3DD.0078E1391B,Starr Boat Launch,9/5/2024,2024,47.983552,-119.887492,MRC,MRC - Methow River at Carlton,2024-09-09 23:53:51,2024-09-09 23:53:51,1
3DD.0078E1391C,Starr Boat Launch,8/29/2024,2024,47.983552,-119.887492,OKL,OKL - Lower Okanogan Instream Array,2025-05-06 13:48:23,2025-05-06 13:48:39,1
3DD.0078E1391D,Starr Boat Launch,8/29/2024,2024,47.983552,-119.887492,CML,CML - Chewuch River Middle Lower,2025-04-27 00:00:49,2025-04-27 00:00:49,1
3DD.0078E1391D,Starr Boat Launch,8/29/2024,2024,47.983552,-119.887492,CRW,CRW - Chewuch River above Winthrop,2025-04-25 00:28:21,2025-04-25 00:33:48,1
3DD.0078E1391D,Starr Boat Launch,8/29/2024,2024,47.983552,-119.887492,LMR,LMR - Lower Methow River at Pateros,2024-08-31 02:56:03,2024-08-31 02:56:12,1
3DD.0078E1391E,Starr Boat Launch,8/29/2024,2024,47.983552,-119.887492,CML,CML - Chewuch River Middle Lower,2024-09-06 01:59:19,2024-09-06 01:59:19,1
3DD.0078E1391E,Starr Boat Launch,8/29/2024,2024,47.983552,-119.887492,CRU,CRU - Upper Chewuch Instream Array,2024-09-08 03:35:52,2025-07-02 20:49:29,1
3DD.0078E1391E,Starr Boat Launch,8/29/2024,2024,47.983552,-119.887492,CRW,CRW - Chewuch River above Winthrop,2024-09-05 21:50:13,2024-09-05 21:51:27,1
3DD.0078E1391E,Starr Boat Launch,8/29/2024,2024,47.983552,-119.887492,LMR,LMR - Lower Methow River at Pateros,2024-08-30 03:55:17,2024-08-30 03:55:29,1
3DD.0078E1391E,Starr Boat Launch,8/29/2024,2024,47.983552,-119.887492,MRC,MRC - Methow River at Carlton,2024-09-02 22:00:12,2024-09-02 22:00:12,1
3DD.0078E1391F,Starr Boat Launch,9/5/2024,2024,47.983552,-119.887492,CML,CML - Chewuch River Middle Lower,2024-09-23 01:12:16,2025-06-04 22:32:56,1
3DD.0078E1391F,Starr Boat Launch,9/5/2024,2024,47.983552,-119.887492,CRW,CRW - Chewuch River above Winthrop,2024-09-12 00:41:32,2025-06-05 15:24:52,1
3DD.0078E1391F,Starr Boat Launch,9/5/2024,2024,47.983552,-119.887492,LMR,LMR - Lower Methow River at Pateros,2024-09-06 04:08:28,2024-09-06 04:08:28,1
3DD.0078E1391F,Starr Boat Launch,9/5/2024,2024,47.983552,-119.887492,MRC,MRC - Methow River at Carlton,2024-09-09 03:57:20,2024-09-09 03:57:20,1
3DD.0078E13920,Starr Boat Launch,9/5/2024,2024,47.983552,-119.887492,LMR,LMR - Lower Methow River at Pateros,2024-09-06 19:34:25,2024-09-06 19:35:31,1
3DD.0078E13920,Starr Boat Launch,9/5/2024,2024,47.983552,-119.887492,MRC,MRC - Methow River at Carlton,2024-09-10 02:39:45,2024-09-10 02:39:45,1
3DD.0078E13921,Starr Boat Launch,8/29/2024,2024,47.983552,-119.887492,CML,CML - Chewuch River Middle Lower,2024-09-07 19:29:10,2024-09-07 19:29:10,1
3DD.0078E13921,Starr Boat Launch,8/29/2024,2024,47.983552,-119.887492,CRW,CRW - Chewuch River above Winthrop,2024-09-06 23:37:51,2024-09-06 23:39:07,1
3DD.0078E13921,Starr Boat Launch,8/29/2024,2024,47.983552,-119.887492,LMR,LMR - Lower Methow River at Pateros,2024-08-30 21:23:31,2024-08-30 21:23:31,1
3DD.0078E13923,Starr Boat Launch,7/24/2025,2025,47.983552,-119.887492,LMR,LMR - Lower Methow River at Pateros,2025-07-26 01:16:18,2025-07-26 01:16:25,1
3DD.0078E13923,Starr Boat Launch,7/24/2025,2025,47.983552,-119.887492,MRC,MRC - Methow River at Carlton,2025-07-31 00:23:10,2025-07-31 00:23:10,1
3DD.0078E13923,Starr Boat Launch,7/24/2025,2025,47.983552,-119.887492,TWR,TWR - Lwr Twisp Rvr near MSRF Ponds,2025-08-02 22:47:52,2026-06-27 03:35:59,1
3DD.0078E13924,Starr Boat Launch,7/24/2025,2025,47.983552,-119.887492,OKL,OKL - Lower Okanogan Instream Array,2025-07-29 23:05:48,2025-07-29 23:05:48,1
3DD.0078E13926,Starr Boat Launch,9/5/2024,2024,47.983552,-119.887492,LMR,LMR - Lower Methow River at Pateros,2024-09-06 20:11:22,2024-09-06 20:11:31,1
3DD.0078E13926,Starr Boat Launch,9/5/2024,2024,47.983552,-119.887492,MRC,MRC - Methow River at Carlton,2024-09-10 21:34:16,2024-09-10 21:34:16,1
3DD.0078E13927,Starr Boat Launch,8/29/2024,2024,47.983552,-119.887492,LMR,LMR - Lower Methow River at Pateros,2024-08-30 23:58:31,2024-08-30 23:58:38,1
3DD.0078E13928,Starr Boat Launch,8/29/2024,2024,47.983552,-119.887492,OKL,OKL - Lower Okanogan Instream Array,2024-08-31 22:27:54,2024-08-31 22:27:54,1
3DD.0078E1392B,Starr Boat Launch,8/29/2024,2024,47.983552,-119.887492,OKL,OKL - Lower Okanogan Instream Array,2025-05-16 01:28:40,2025-05-16 01:28:40,1
3DD.0078E1392E,Starr Boat Launch,9/5/2024,2024,47.983552,-119.887492,LMR,LMR - Lower Methow River at Pateros,2024-09-06 04:51:08,2025-06-10 21:27:11,1
3DD.0078E13930,Starr Boat Launch,8/29/2024,2024,47.983552,-119.887492,LMR,LMR - Lower Methow River at Pateros,2024-08-31 23:22:34,2024-08-31 23:22:42,1
3DD.0078E13930,Starr Boat Launch,8/29/2024,2024,47.983552,-119.887492,MRC,MRC - Methow River at Carlton,2024-09-05 20:14:50,2024-09-05 20:14:50,1
3DD.0078E13931,Starr Boat Launch,8/29/2024,2024,47.983552,-119.887492,OKL,OKL - Lower Okanogan Instream Array,2025-06-18 14:59:10,2025-06-18 14:59:10,1
3DD.0078E13933,Starr Boat Launch,8/29/2024,2024,47.983552,-119.887492,LMR,LMR - Lower Methow River at Pateros,2024-08-31 22:00:39,2024-08-31 22:00:39,1
3DD.0078E13937,Starr Boat Launch,8/29/2024,2024,47.983552,-119.887492,LMR,LMR - Lower Methow River at Pateros,2024-08-30 22:02:34,2024-08-30 22:02:47,1
3DD.0078E13937,Starr Boat Launch,8/29/2024,2024,47.983552,-119.887492,MRC,MRC - Methow River at Carlton,2024-09-03 23:23:12,2024-09-03 23:23:12,1
3DD.0078E1393A,Starr Boat Launch,8/29/2024,2024,47.983552,-119.887492,CML,CML - Chewuch River Middle Lower,2025-07-01 22:41:19,2025-07-01 22:41:19,1
3DD.0078E1393A,Starr Boat Launch,8/29/2024,2024,47.983552,-119.887492,CRU,CRU - Upper Chewuch Instream Array,2025-07-05 00:40:45,2025-07-05 00:40:50,1
3DD.0078E1393A,Starr Boat Launch,8/29/2024,2024,47.983552,-119.887492,CRW,CRW - Chewuch River above Winthrop,2025-06-30 22:49:48,2025-06-30 22:52:25,1
3DD.0078E1393A,Starr Boat Launch,8/29/2024,2024,47.983552,-119.887492,LMR,LMR - Lower Methow River at Pateros,2024-08-31 04:02:57,2024-08-31 04:03:03,1
3DD.0078E1393A,Starr Boat Launch,8/29/2024,2024,47.983552,-119.887492,MRC,MRC - Methow River at Carlton,2025-06-17 22:44:06,2025-06-17 22:44:06,1
3DD.0078E1393E,Starr Boat Launch,8/29/2024,2024,47.983552,-119.887492,LMR,LMR - Lower Methow River at Pateros,2024-09-01 00:49:23,2024-09-01 00:49:32,1
3DD.0078E1393E,Starr Boat Launch,8/29/2024,2024,47.983552,-119.887492,MRC,MRC - Methow River at Carlton,2025-04-18 20:36:16,2025-04-18 20:36:16,1
3DD.0078E1393F,Starr Boat Launch,8/29/2024,2024,47.983552,-119.887492,LMR,LMR - Lower Methow River at Pateros,2024-08-30 22:25:23,2024-08-30 22:25:35,1
3DD.0078E1393F,Starr Boat Launch,8/29/2024,2024,47.983552,-119.887492,MRC,MRC - Methow River at Carlton,2025-05-15 20:51:57,2025-05-15 20:57:42,1
3DD.0078E13940,Starr Boat Launch,8/29/2024,2024,47.983552,-119.887492,OKL,OKL - Lower Okanogan Instream Array,2025-06-09 13:18:04,2025-06-09 13:19:03,1
3DD.0078E13943,Starr Boat Launch,7/24/2025,2025,47.983552,-119.887492,LMR,LMR - Lower Methow River at Pateros,2025-07-26 01:06:50,2025-07-26 01:06:50,1
3DD.0078E13943,Starr Boat Launch,7/24/2025,2025,47.983552,-119.887492,MRC,MRC - Methow River at Carlton,2025-07-31 02:31:42,2025-07-31 02:31:42,1
3DD.0078E13945,Starr Boat Launch,8/29/2024,2024,47.983552,-119.887492,LMR,LMR - Lower Methow River at Pateros,2024-08-30 04:31:10,2024-08-30 04:31:19,1
3DD.0078E13947,Starr Boat Launch,8/29/2024,2024,47.983552,-119.887492,OKL,OKL - Lower Okanogan Instream Array,2025-04-18 01:23:04,2025-05-31 04:12:46,1
3DD.0078E13948,Starr Boat Launch,8/29/2024,2024,47.983552,-119.887492,OKL,OKL - Lower Okanogan Instream Array,2024-08-31 20:32:22,2024-08-31 20:32:33,1
3DD.0078E1394A,Starr Boat Launch,8/29/2024,2024,47.983552,-119.887492,LMR,LMR - Lower Methow River at Pateros,2024-08-30 21:33:16,2024-08-30 21:33:26,1
3DD.0078E1394B,Starr Boat Launch,8/29/2024,2024,47.983552,-119.887492,CML,CML - Chewuch River Middle Lower,2025-03-28 23:46:36,2025-06-10 14:54:53,1
3DD.0078E1394B,Starr Boat Launch,8/29/2024,2024,47.983552,-119.887492,CRW,CRW - Chewuch River above Winthrop,2024-10-27 19:54:31,2025-06-13 23:20:54,1
3DD.0078E1394B,Starr Boat Launch,8/29/2024,2024,47.983552,-119.887492,LMR,LMR - Lower Methow River at Pateros,2024-08-30 23:55:37,2024-08-30 23:55:47,1
3DD.0078E1394C,Starr Boat Launch,8/29/2024,2024,47.983552,-119.887492,OKL,OKL - Lower Okanogan Instream Array,2025-04-24 23:57:05,2025-04-24 23:57:15,1
3DD.0078E1394D,Starr Boat Launch,8/29/2024,2024,47.983552,-119.887492,LMR,LMR - Lower Methow River at Pateros,2024-08-31 22:23:56,2024-08-31 22:23:56,1
3DD.0078E1394E,Starr Boat Launch,9/5/2024,2024,47.983552,-119.887492,LMR,LMR - Lower Methow River at Pateros,2024-09-06 04:03:48,2024-09-06 04:03:48,1
3DD.0078E1394E,Starr Boat Launch,9/5/2024,2024,47.983552,-119.887492,MRC,MRC - Methow River at Carlton,2024-09-09 23:38:52,2024-09-09 23:38:52,1
3DD.0078E1394F,Starr Boat Launch,8/29/2024,2024,47.983552,-119.887492,LMR,LMR - Lower Methow River at Pateros,2024-09-01 20:05:06,2024-09-01 20:05:17,1
3DD.0078E13950,Starr Boat Launch,8/29/2024,2024,47.983552,-119.887492,LMR,LMR - Lower Methow River at Pateros,2024-08-30 23:35:29,2024-08-30 23:35:36,1
3DD.0078E13950,Starr Boat Launch,8/29/2024,2024,47.983552,-119.887492,MRC,MRC - Methow River at Carlton,2024-09-03 23:05:50,2024-09-03 23:05:50,1
3DD.0078E13951,Starr Boat Launch,8/29/2024,2024,47.983552,-119.887492,MRC,MRC - Methow River at Carlton,2025-05-07 23:43:26,2025-05-07 23:43:26,1
3DD.0078E13952,Starr Boat Launch,8/29/2024,2024,47.983552,-119.887492,LMR,LMR - Lower Methow River at Pateros,2024-09-01 00:29:25,2024-09-01 00:29:34,1
3DD.0078E13952,Starr Boat Launch,8/29/2024,2024,47.983552,-119.887492,MRC,MRC - Methow River at Carlton,2025-04-26 21:32:39,2025-04-26 21:32:39,1
3DD.0078E13955,Starr Boat Launch,8/29/2024,2024,47.983552,-119.887492,LMR,LMR - Lower Methow River at Pateros,2024-08-30 20:06:37,2024-08-30 20:06:49,1
3DD.0078E13956,Starr Boat Launch,8/29/2024,2024,47.983552,-119.887492,OKL,OKL - Lower Okanogan Instream Array,2025-05-07 12:43:33,2025-05-07 12:43:44,1
3DD.0078E1395B,Starr Boat Launch,8/29/2024,2024,47.983552,-119.887492,MRC,MRC - Methow River at Carlton,2025-06-18 23:07:22,2025-06-18 23:07:22,1
3DD.0078E1395C,Starr Boat Launch,8/29/2024,2024,47.983552,-119.887492,LMR,LMR - Lower Methow River at Pateros,2024-08-30 21:45:01,2024-08-30 21:45:12,1
3DD.0078E1395D,Starr Boat Launch,8/29/2024,2024,47.983552,-119.887492,CML,CML - Chewuch River Middle Lower,2025-05-09 22:55:53,2025-05-09 22:55:53,1
3DD.0078E1395D,Starr Boat Launch,8/29/2024,2024,47.983552,-119.887492,LMR,LMR - Lower Methow River at Pateros,2024-09-02 00:15:45,2024-09-02 00:15:45,1
3DD.0078E1395D,Starr Boat Launch,8/29/2024,2024,47.983552,-119.887492,MRC,MRC - Methow River at Carlton,2024-09-07 20:53:56,2024-09-07 20:53:56,1
3DD.0078E1395E,Starr Boat Launch,8/29/2024,2024,47.983552,-119.887492,OKL,OKL - Lower Okanogan Instream Array,2025-05-14 01:43:34,2025-05-14 01:43:45,1
3DD.0078E13960,Starr Boat Launch,8/29/2024,2024,47.983552,-119.887492,LMR,LMR - Lower Methow River at Pateros,2024-09-01 01:27:06,2024-09-01 01:27:06,1
3DD.0078E13961,Starr Boat Launch,8/29/2024,2024,47.983552,-119.887492,LMR,LMR - Lower Methow River at Pateros,2024-08-30 19:42:42,2024-08-30 19:42:53,1
3DD.0078E13965,Starr Boat Launch,8/29/2024,2024,47.983552,-119.887492,LMR,LMR - Lower Methow River at Pateros,2024-09-01 20:54:34,2024-09-01 20:54:45,1
3DD.0078E13966,Starr Boat Launch,8/29/2024,2024,47.983552,-119.887492,CML,CML - Chewuch River Middle Lower,2025-06-29 02:40:14,2025-06-29 02:40:14,1
3DD.0078E13966,Starr Boat Launch,8/29/2024,2024,47.983552,-119.887492,CRU,CRU - Upper Chewuch Instream Array,2025-07-02 22:11:26,2025-07-02 22:11:33,1
3DD.0078E13966,Starr Boat Launch,8/29/2024,2024,47.983552,-119.887492,CRW,CRW - Chewuch River above Winthrop,2025-06-28 21:24:20,2025-06-28 21:27:34,1
3DD.0078E13966,Starr Boat Launch,8/29/2024,2024,47.983552,-119.887492,MRC,MRC - Methow River at Carlton,2025-06-21 00:36:18,2025-06-21 00:36:18,1
3DD.0078E13967,Starr Boat Launch,8/29/2024,2024,47.983552,-119.887492,OKL,OKL - Lower Okanogan Instream Array,2024-09-01 02:57:39,2024-09-01 02:57:50,1
3DD.0078E13968,Starr Boat Launch,8/29/2024,2024,47.983552,-119.887492,LMR,LMR - Lower Methow River at Pateros,2025-04-26 22:00:29,2025-06-28 20:05:23,1
3DD.0078E1396A,Starr Boat Launch,8/29/2024,2024,47.983552,-119.887492,LMR,LMR - Lower Methow River at Pateros,2024-09-06 00:33:54,2024-09-06 00:34:05,1
3DD.0078E1396B,Starr Boat Launch,8/29/2024,2024,47.983552,-119.887492,LMR,LMR - Lower Methow River at Pateros,2024-08-31 23:49:52,2024-08-31 23:50:00,1
3DD.0078E1396F,Starr Boat Launch,8/29/2024,2024,47.983552,-119.887492,LMR,LMR - Lower Methow River at Pateros,2025-07-04 02:58:28,2025-07-04 02:58:28,1
3DD.0078E13971,Starr Boat Launch,8/29/2024,2024,47.983552,-119.887492,MRC,MRC - Methow River at Carlton,2025-05-25 22:25:05,2025-05-25 22:25:05,1
3DD.0078E13973,Starr Boat Launch,8/29/2024,2024,47.983552,-119.887492,OKL,OKL - Lower Okanogan Instream Array,2024-09-01 01:57:06,2024-09-01 01:57:06,1
3DD.0078E13974,Starr Boat Launch,8/22/2024,2024,47.983552,-119.887492,LMR,LMR - Lower Methow River at Pateros,2024-08-27 01:48:04,2024-08-27 01:48:11,1
3DD.0078E13977,Starr Boat Launch,8/22/2024,2024,47.983552,-119.887492,WEH,WEH - Wells Dam Hatchery,2024-08-26 20:04:31,2024-09-02 23:46:36,1
3DD.0078E1397C,Starr Boat Launch,8/22/2024,2024,47.983552,-119.887492,LMR,LMR - Lower Methow River at Pateros,2024-08-31 23:38:13,2025-06-13 16:49:48,1
3DD.0078E1397C,Starr Boat Launch,8/22/2024,2024,47.983552,-119.887492,WEA,"WEA - Wells Dam, DCPUD Adult Ladders",2024-08-30 01:33:27,2024-08-30 01:37:51,1
3DD.0078E1397D,Starr Boat Launch,8/22/2024,2024,47.983552,-119.887492,ENL,ENL - Lower Entiat River,2025-06-24 22:59:28,2025-07-12 15:11:36,1
3DD.0078E1397E,Starr Boat Launch,8/22/2024,2024,47.983552,-119.887492,OKL,OKL - Lower Okanogan Instream Array,2025-04-21 04:42:38,2025-04-21 04:44:00,1
3DD.0078E13980,Starr Boat Launch,8/22/2024,2024,47.983552,-119.887492,LMR,LMR - Lower Methow River at Pateros,2025-05-08 02:52:07,2025-05-08 02:54:09,1
3DD.0078E13981,Starr Boat Launch,8/22/2024,2024,47.983552,-119.887492,LMR,LMR - Lower Methow River at Pateros,2024-09-07 01:13:58,2024-09-07 01:14:06,1
3DD.0078E13982,Starr Boat Launch,8/22/2024,2024,47.983552,-119.887492,LMR,LMR - Lower Methow River at Pateros,2024-09-04 01:19:51,2024-09-04 01:19:59,1
3DD.0078E13983,Starr Boat Launch,8/22/2024,2024,47.983552,-119.887492,OKL,OKL - Lower Okanogan Instream Array,2025-05-03 00:33:13,2025-05-03 00:33:13,1
3DD.0078E13984,Starr Boat Launch,8/22/2024,2024,47.983552,-119.887492,MRC,MRC - Methow River at Carlton,2025-05-31 21:09:44,2025-06-30 21:41:30,1
3DD.0078E13985,Starr Boat Launch,8/22/2024,2024,47.983552,-119.887492,OKL,OKL - Lower Okanogan Instream Array,2024-08-24 04:10:07,2024-08-24 04:10:07,1
3DD.0078E13986,Starr Boat Launch,8/22/2024,2024,47.983552,-119.887492,MRC,MRC - Methow River at Carlton,2025-04-26 22:31:34,2025-04-26 22:31:34,1
3DD.0078E13988,Starr Boat Launch,8/22/2024,2024,47.983552,-119.887492,OKL,OKL - Lower Okanogan Instream Array,2025-04-30 21:30:18,2025-06-07 03:11:34,1
3DD.0078E13989,Starr Boat Launch,8/22/2024,2024,47.983552,-119.887492,CML,CML - Chewuch River Middle Lower,2024-09-04 03:18:31,2024-09-04 03:18:31,1
3DD.0078E13989,Starr Boat Launch,8/22/2024,2024,47.983552,-119.887492,LMR,LMR - Lower Methow River at Pateros,2024-08-26 02:10:42,2024-08-26 02:11:12,1
3DD.0078E13989,Starr Boat Launch,8/22/2024,2024,47.983552,-119.887492,MEM,MEM - Eightmile Acclimation Pond,2025-05-28 16:00:15,2025-05-28 16:28:51,1
3DD.0078E13989,Starr Boat Launch,8/22/2024,2024,47.983552,-119.887492,MRC,MRC - Methow River at Carlton,2024-08-31 00:10:03,2024-08-31 00:10:03,1
3DD.0078E1398A,Starr Boat Launch,8/22/2024,2024,47.983552,-119.887492,OKL,OKL - Lower Okanogan Instream Array,2025-04-23 02:12:49,2025-04-23 02:13:06,1
3DD.0078E1398B,Starr Boat Launch,8/22/2024,2024,47.983552,-119.887492,OKL,OKL - Lower Okanogan Instream Array,2025-04-22 12:42:39,2025-04-22 12:42:50,1
3DD.0078E1398D,Starr Boat Launch,8/22/2024,2024,47.983552,-119.887492,OKL,OKL - Lower Okanogan Instream Array,2024-08-29 01:03:03,2024-08-29 01:03:17,1
3DD.0078E13990,Starr Boat Launch,8/22/2024,2024,47.983552,-119.887492,OKL,OKL - Lower Okanogan Instream Array,2024-08-25 00:44:54,2024-08-25 00:44:54,1
3DD.0078E13993,Starr Boat Launch,8/22/2024,2024,47.983552,-119.887492,OKL,OKL - Lower Okanogan Instream Array,2024-08-25 00:50:50,2024-08-25 00:50:50,1
3DD.0078E13994,Starr Boat Launch,8/22/2024,2024,47.983552,-119.887492,LMR,LMR - Lower Methow River at Pateros,2025-04-08 00:33:38,2025-04-08 00:35:26,1
3DD.0078E13995,Starr Boat Launch,8/22/2024,2024,47.983552,-119.887492,CML,CML - Chewuch River Middle Lower,2025-06-26 22:54:45,2025-06-26 22:54:45,1
3DD.0078E13995,Starr Boat Launch,8/22/2024,2024,47.983552,-119.887492,CRU,CRU - Upper Chewuch Instream Array,2025-06-30 22:14:01,2025-06-30 22:14:09,1
3DD.0078E13995,Starr Boat Launch,8/22/2024,2024,47.983552,-119.887492,CRW,CRW - Chewuch River above Winthrop,2025-06-25 23:31:02,2025-06-25 23:31:02,1
3DD.0078E13995,Starr Boat Launch,8/22/2024,2024,47.983552,-119.887492,MRC,MRC - Methow River at Carlton,2025-06-14 22:04:26,2025-06-14 22:05:25,1
3DD.0078E13999,Starr Boat Launch,8/22/2024,2024,47.983552,-119.887492,LMR,LMR - Lower Methow River at Pateros,2025-05-02 20:23:51,2025-05-02 20:24:06,1
3DD.0078E1399C,Starr Boat Launch,8/22/2024,2024,47.983552,-119.887492,LMR,LMR - Lower Methow River at Pateros,2024-08-26 02:34:36,2024-08-26 02:34:48,1
3DD.0078E1399E,Starr Boat Launch,8/28/2024,2024,47.983552,-119.887492,WEH,WEH - Wells Dam Hatchery,2024-08-31 02:37:33,2024-08-31 02:40:35,1
3DD.0078E1399F,Starr Boat Launch,8/22/2024,2024,47.983552,-119.887492,CML,CML - Chewuch River Middle Lower,2024-09-01 22:27:41,2024-09-01 22:27:41,1
3DD.0078E1399F,Starr Boat Launch,8/22/2024,2024,47.983552,-119.887492,LMR,LMR - Lower Methow River at Pateros,2024-08-24 01:03:14,2024-08-24 01:03:24,1
3DD.0078E139A0,Starr Boat Launch,8/22/2024,2024,47.983552,-119.887492,LMR,LMR - Lower Methow River at Pateros,2024-08-26 23:05:17,2024-08-26 23:05:26,1
3DD.0078E139A0,Starr Boat Launch,8/22/2024,2024,47.983552,-119.887492,MRC,MRC - Methow River at Carlton,2024-08-31 21:01:50,2025-06-29 13:46:33,1
3DD.0078E139A6,Starr Boat Launch,8/22/2024,2024,47.983552,-119.887492,LMR,LMR - Lower Methow River at Pateros,2024-09-06 23:37:45,2024-09-06 23:37:53,1
3DD.0078E139A6,Starr Boat Launch,8/22/2024,2024,47.983552,-119.887492,MRC,MRC - Methow River at Carlton,2024-09-11 00:04:08,2024-09-11 00:04:08,1
3DD.0078E139A7,Starr Boat Launch,8/22/2024,2024,47.983552,-119.887492,LMR,LMR - Lower Methow River at Pateros,2024-08-27 22:03:50,2024-08-27 22:03:58,1
3DD.0078E139A8,Starr Boat Launch,8/22/2024,2024,47.983552,-119.887492,MRC,MRC - Methow River at Carlton,2025-04-21 01:39:49,2025-05-21 21:14:46,1
3DD.0078E139A9,Starr Boat Launch,8/27/2024,2024,47.983552,-119.887492,OKL,OKL - Lower Okanogan Instream Array,2024-09-06 22:42:08,2024-09-06 22:42:08,1
3DD.0078E139A9,Starr Boat Launch,8/27/2024,2024,47.983552,-119.887492,WEA,"WEA - Wells Dam, DCPUD Adult Ladders",2024-08-31 00:30:53,2024-09-03 13:51:52,1
3DD.0078E139AB,Starr Boat Launch,8/22/2024,2024,47.983552,-119.887492,LMR,LMR - Lower Methow River at Pateros,2024-09-05 02:09:57,2024-09-05 02:09:57,1
3DD.0078E139AB,Starr Boat Launch,8/22/2024,2024,47.983552,-119.887492,MRC,MRC - Methow River at Carlton,2024-09-10 00:03:30,2024-09-10 00:03:30,1
3DD.0078E139AD,Starr Boat Launch,8/27/2024,2024,47.983552,-119.887492,WEH,WEH - Wells Dam Hatchery,2024-08-29 23:28:27,2024-12-16 21:56:34,1
3DD.0078E139B0,Starr Boat Launch,8/22/2024,2024,47.983552,-119.887492,OKL,OKL - Lower Okanogan Instream Array,2025-04-19 02:00:26,2025-04-19 02:00:34,1
3DD.0078E139B1,Starr Boat Launch,8/22/2024,2024,47.983552,-119.887492,OKL,OKL - Lower Okanogan Instream Array,2024-08-25 01:19:23,2024-08-25 01:19:31,1
3DD.0078E139B2,Starr Boat Launch,8/22/2024,2024,47.983552,-119.887492,OKL,OKL - Lower Okanogan Instream Array,2025-05-06 19:32:00,2025-05-06 19:32:13,1
3DD.0078E139B3,Starr Boat Launch,8/22/2024,2024,47.983552,-119.887492,LMR,LMR - Lower Methow River at Pateros,2025-05-01 20:57:57,2025-05-01 20:57:57,1
3DD.0078E139B5,Starr Boat Launch,8/22/2024,2024,47.983552,-119.887492,LMR,LMR - Lower Methow River at Pateros,2025-04-20 03:28:35,2025-04-20 03:28:35,1
3DD.0078E139B6,Starr Boat Launch,8/22/2024,2024,47.983552,-119.887492,LMR,LMR - Lower Methow River at Pateros,2024-08-24 00:31:12,2024-08-24 00:31:25,1
3DD.0078E139BA,Starr Boat Launch,8/27/2024,2024,47.983552,-119.887492,ENL,ENL - Lower Entiat River,2025-06-22 18:59:07,2025-06-26 20:22:26,1
3DD.0078E139BC,Starr Boat Launch,8/27/2024,2024,47.983552,-119.887492,WEA,"WEA - Wells Dam, DCPUD Adult Ladders",2024-08-28 22:37:37,2024-08-28 22:55:35,1
3DD.0078E139BD,Starr Boat Launch,8/28/2024,2024,47.983552,-119.887492,RRJ,RRJ - Rocky Reach Dam Juvenile,2025-07-11 02:13:14,2025-07-11 02:13:14,1
3DD.0078E139BF,Starr Boat Launch,8/22/2024,2024,47.983552,-119.887492,CML,CML - Chewuch River Middle Lower,2024-09-06 20:41:08,2024-09-06 20:41:08,1
3DD.0078E139BF,Starr Boat Launch,8/22/2024,2024,47.983552,-119.887492,CRU,CRU - Upper Chewuch Instream Array,2024-09-08 22:33:35,2025-07-04 20:42:01,1
3DD.0078E139BF,Starr Boat Launch,8/22/2024,2024,47.983552,-119.887492,CRW,CRW - Chewuch River above Winthrop,2024-09-06 01:12:23,2024-09-06 01:14:13,1
3DD.0078E139BF,Starr Boat Launch,8/22/2024,2024,47.983552,-119.887492,LMR,LMR - Lower Methow River at Pateros,2024-08-28 20:24:57,2024-08-28 20:25:10,1
3DD.0078E139BF,Starr Boat Launch,8/22/2024,2024,47.983552,-119.887492,MRC,MRC - Methow River at Carlton,2024-09-01 02:38:07,2024-09-01 02:38:07,1
3DD.0078E139C2,Starr Boat Launch,8/22/2024,2024,47.983552,-119.887492,CML,CML - Chewuch River Middle Lower,2024-09-04 22:47:20,2024-09-04 22:47:20,1
3DD.0078E139C2,Starr Boat Launch,8/22/2024,2024,47.983552,-119.887492,CRU,CRU - Upper Chewuch Instream Array,2024-09-12 02:40:32,2025-05-27 22:05:19,1
3DD.0078E139C2,Starr Boat Launch,8/22/2024,2024,47.983552,-119.887492,LMR,LMR - Lower Methow River at Pateros,2024-08-25 20:37:08,2024-08-25 20:37:17,1
3DD.0078E139C2,Starr Boat Launch,8/22/2024,2024,47.983552,-119.887492,MRC,MRC - Methow River at Carlton,2024-08-30 22:39:23,2024-08-30 22:39:23,1
3DD.0078E139C5,Starr Boat Launch,8/22/2024,2024,47.983552,-119.887492,LMR,LMR - Lower Methow River at Pateros,2024-08-23 23:13:09,2025-06-09 16:07:36,1
3DD.0078E139C6,Starr Boat Launch,8/22/2024,2024,47.983552,-119.887492,OMK,OMK - Omak Creek Instream Array,2025-05-06 03:01:16,2025-06-01 12:35:42,1
3DD.0078E139C8,Starr Boat Launch,8/22/2024,2024,47.983552,-119.887492,OKL,OKL - Lower Okanogan Instream Array,2024-08-25 22:54:34,2024-08-25 22:54:34,1
3DD.0078E139C9,Starr Boat Launch,8/22/2024,2024,47.983552,-119.887492,LMR,LMR - Lower Methow River at Pateros,2024-08-24 01:09:21,2024-08-24 01:09:27,1
3DD.0078E139CA,Starr Boat Launch,8/22/2024,2024,47.983552,-119.887492,LMR,LMR - Lower Methow River at Pateros,2025-07-19 09:33:13,2025-07-19 09:33:13,1
3DD.0078E139CB,Starr Boat Launch,8/22/2024,2024,47.983552,-119.887492,OKL,OKL - Lower Okanogan Instream Array,2025-06-02 07:20:11,2025-06-02 07:20:11,1
3DD.0078E139CC,Starr Boat Launch,8/22/2024,2024,47.983552,-119.887492,LMR,LMR - Lower Methow River at Pateros,2024-08-26 21:50:55,2024-08-26 21:51:11,1
3DD.0078E139CF,Starr Boat Launch,8/22/2024,2024,47.983552,-119.887492,LMR,LMR - Lower Methow River at Pateros,2024-08-28 23:45:19,2024-08-28 23:45:30,1
3DD.0078E139CF,Starr Boat Launch,8/22/2024,2024,47.983552,-119.887492,MRC,MRC - Methow River at Carlton,2024-09-02 00:35:37,2025-06-06 23:56:57,1
3DD.0078E139D2,Starr Boat Launch,8/22/2024,2024,47.983552,-119.887492,LMR,LMR - Lower Methow River at Pateros,2024-08-24 02:23:36,2024-08-24 02:23:44,1
3DD.0078E139D3,Starr Boat Launch,8/22/2024,2024,47.983552,-119.887492,LMR,LMR - Lower Methow River at Pateros,2024-09-03 00:41:55,2024-09-03 00:42:06,1
3DD.0078E139D4,Starr Boat Launch,8/22/2024,2024,47.983552,-119.887492,WEA,"WEA - Wells Dam, DCPUD Adult Ladders",2024-08-25 23:18:30,2024-08-25 23:29:21,1
3DD.0078E139D4,Starr Boat Launch,8/22/2024,2024,47.983552,-119.887492,WEH,WEH - Wells Dam Hatchery,2024-09-05 21:40:36,2024-09-05 23:33:17,1
3DD.0078E139D7,Starr Boat Launch,8/22/2024,2024,47.983552,-119.887492,LMR,LMR - Lower Methow River at Pateros,2024-08-27 01:22:57,2024-08-27 01:23:07,1
3DD.0078E139D8,Starr Boat Launch,8/1/2024,2024,47.983552,-119.887492,OKL,OKL - Lower Okanogan Instream Array,2025-04-16 18:26:57,2025-05-28 16:54:30,1
3DD.0078E139DA,Starr Boat Launch,8/1/2024,2024,47.983552,-119.887492,CML,CML - Chewuch River Middle Lower,2024-08-12 21:33:22,2024-08-12 21:33:22,1
3DD.0078E139DA,Starr Boat Launch,8/1/2024,2024,47.983552,-119.887492,CRU,CRU - Upper Chewuch Instream Array,2024-08-15 00:50:22,2025-06-04 11:35:46,1
3DD.0078E139DA,Starr Boat Launch,8/1/2024,2024,47.983552,-119.887492,CRW,CRW - Chewuch River above Winthrop,2024-08-12 00:36:26,2024-08-12 00:37:58,1
3DD.0078E139DA,Starr Boat Launch,8/1/2024,2024,47.983552,-119.887492,LMR,LMR - Lower Methow River at Pateros,2024-08-03 04:00:25,2024-08-03 04:00:39,1
3DD.0078E139DA,Starr Boat Launch,8/1/2024,2024,47.983552,-119.887492,MRC,MRC - Methow River at Carlton,2024-08-08 02:37:32,2024-08-08 02:37:32,1
3DD.0078E139DC,Starr Boat Launch,8/1/2024,2024,47.983552,-119.887492,LMR,LMR - Lower Methow River at Pateros,2024-08-03 00:13:46,2024-08-03 00:13:46,1
3DD.0078E139DC,Starr Boat Launch,8/1/2024,2024,47.983552,-119.887492,MRC,MRC - Methow River at Carlton,2025-06-23 01:42:35,2025-06-23 12:32:24,1
3DD.0078E139DD,Omak Creek,8/1/2024,2024,48.353831,-119.288554,OMH,OMH - Omak Creek Haley Creek Road,2024-08-01 20:48:50,2024-08-02 22:48:20,1
3DD.0078E139DF,Starr Boat Launch,8/1/2024,2024,47.983552,-119.887492,LMR,LMR - Lower Methow River at Pateros,2024-08-02 22:10:26,2024-08-02 22:10:26,1
3DD.0078E139E0,Starr Boat Launch,8/1/2024,2024,47.983552,-119.887492,OKL,OKL - Lower Okanogan Instream Array,2024-08-03 23:43:55,2025-05-26 05:03:24,1
3DD.0078E139E1,Starr Boat Launch,8/1/2024,2024,47.983552,-119.887492,LBC,"LBC - Libby Creek, Methow River",2025-06-13 06:52:51,2025-06-13 06:52:55,1
3DD.0078E139E1,Starr Boat Launch,8/1/2024,2024,47.983552,-119.887492,LMR,LMR - Lower Methow River at Pateros,2024-08-03 01:11:30,2024-08-03 01:11:38,1
3DD.0078E139E1,Starr Boat Launch,8/1/2024,2024,47.983552,-119.887492,MRC,MRC - Methow River at Carlton,2024-08-07 22:34:17,2025-06-06 00:04:39,1
3DD.0078E139E2,Starr Boat Launch,8/1/2024,2024,47.983552,-119.887492,CML,CML - Chewuch River Middle Lower,2024-08-10 00:31:01,2024-08-10 00:31:01,1
3DD.0078E139E2,Starr Boat Launch,8/1/2024,2024,47.983552,-119.887492,CRW,CRW - Chewuch River above Winthrop,2024-08-09 20:40:22,2024-08-09 20:40:22,1
3DD.0078E139E2,Starr Boat Launch,8/1/2024,2024,47.983552,-119.887492,LMR,LMR - Lower Methow River at Pateros,2024-08-02 21:38:52,2024-08-02 21:38:52,1
3DD.0078E139E2,Starr Boat Launch,8/1/2024,2024,47.983552,-119.887492,MRC,MRC - Methow River at Carlton,2024-08-06 21:16:16,2024-08-06 21:16:16,1
3DD.0078E139E4,Starr Boat Launch,8/1/2024,2024,47.983552,-119.887492,CML,CML - Chewuch River Middle Lower,2024-08-09 01:32:02,2024-08-09 01:32:02,1
3DD.0078E139E4,Starr Boat Launch,8/1/2024,2024,47.983552,-119.887492,CRU,CRU - Upper Chewuch Instream Array,2024-08-11 20:27:03,2024-08-11 20:27:09,1
3DD.0078E139E4,Starr Boat Launch,8/1/2024,2024,47.983552,-119.887492,CRW,CRW - Chewuch River above Winthrop,2024-08-08 22:09:39,2024-08-08 22:09:39,1
3DD.0078E139E4,Starr Boat Launch,8/1/2024,2024,47.983552,-119.887492,LMR,LMR - Lower Methow River at Pateros,2024-08-02 20:58:14,2024-08-02 20:58:14,1
3DD.0078E139E5,Starr Boat Launch,8/1/2024,2024,47.983552,-119.887492,LMR,LMR - Lower Methow River at Pateros,2024-08-02 21:58:42,2024-08-02 21:58:50,1
3DD.0078E139E6,Starr Boat Launch,8/1/2024,2024,47.983552,-119.887492,CRW,CRW - Chewuch River above Winthrop,2025-05-02 15:58:29,2025-06-30 16:13:06,1
3DD.0078E139E6,Starr Boat Launch,8/1/2024,2024,47.983552,-119.887492,LMR,LMR - Lower Methow River at Pateros,2024-08-02 20:34:16,2024-08-02 20:34:16,1
3DD.0078E139E6,Starr Boat Launch,8/1/2024,2024,47.983552,-119.887492,MRC,MRC - Methow River at Carlton,2024-08-06 22:58:20,2024-08-06 22:58:20,1
3DD.0078E139E7,Starr Boat Launch,8/1/2024,2024,47.983552,-119.887492,OKL,OKL - Lower Okanogan Instream Array,2025-06-14 21:34:33,2025-06-18 16:37:37,1
3DD.0078E139E8,Starr Boat Launch,8/1/2024,2024,47.983552,-119.887492,LMR,LMR - Lower Methow River at Pateros,2024-08-02 23:12:24,2024-08-02 23:12:31,1
3DD.0078E139E8,Starr Boat Launch,8/1/2024,2024,47.983552,-119.887492,MRC,MRC - Methow River at Carlton,2025-05-22 21:41:16,2025-05-27 20:34:37,1
3DD.0078E139E9,Starr Boat Launch,8/1/2024,2024,47.983552,-119.887492,CML,CML - Chewuch River Middle Lower,2024-08-17 03:00:34,2024-08-17 03:00:34,1
3DD.0078E139E9,Starr Boat Launch,8/1/2024,2024,47.983552,-119.887492,CRU,CRU - Upper Chewuch Instream Array,2024-08-24 02:25:36,2024-08-24 02:25:44,1
3DD.0078E139E9,Starr Boat Launch,8/1/2024,2024,47.983552,-119.887492,CRW,CRW - Chewuch River above Winthrop,2024-08-16 22:22:14,2024-08-16 22:23:39,1
3DD.0078E139E9,Starr Boat Launch,8/1/2024,2024,47.983552,-119.887492,LMR,LMR - Lower Methow River at Pateros,2024-08-02 23:34:16,2024-08-02 23:34:27,1
3DD.0078E139E9,Starr Boat Launch,8/1/2024,2024,47.983552,-119.887492,MRC,MRC - Methow River at Carlton,2024-08-08 02:52:44,2024-08-08 02:52:44,1
3DD.0078E139EA,Starr Boat Launch,8/1/2024,2024,47.983552,-119.887492,CML,CML - Chewuch River Middle Lower,2024-08-11 03:06:11,2024-08-11 03:06:11,1
3DD.0078E139EA,Starr Boat Launch,8/1/2024,2024,47.983552,-119.887492,CRU,CRU - Upper Chewuch Instream Array,2024-08-13 21:09:41,2025-06-25 12:50:00,1
3DD.0078E139EA,Starr Boat Launch,8/1/2024,2024,47.983552,-119.887492,CRW,CRW - Chewuch River above Winthrop,2024-08-10 22:42:25,2024-08-10 22:43:43,1
3DD.0078E139EA,Starr Boat Launch,8/1/2024,2024,47.983552,-119.887492,LMR,LMR - Lower Methow River at Pateros,2024-08-02 22:57:20,2024-08-02 22:57:20,1
3DD.0078E139EB,Starr Boat Launch,8/1/2024,2024,47.983552,-119.887492,OKL,OKL - Lower Okanogan Instream Array,2024-08-03 23:36:42,2024-08-03 23:36:50,1
3DD.0078E139EC,Starr Boat Launch,8/1/2024,2024,47.983552,-119.887492,LMR,LMR - Lower Methow River at Pateros,2024-08-02 23:26:30,2024-08-02 23:26:39,1
3DD.0078E139EE,Starr Boat Launch,8/1/2024,2024,47.983552,-119.887492,LMR,LMR - Lower Methow River at Pateros,2024-08-02 21:56:14,2024-08-02 21:56:14,1
3DD.0078E139EF,Starr Boat Launch,8/1/2024,2024,47.983552,-119.887492,LMR,LMR - Lower Methow River at Pateros,2024-08-02 21:20:00,2024-08-02 21:20:07,1
3DD.0078E139EF,Starr Boat Launch,8/1/2024,2024,47.983552,-119.887492,MRC,MRC - Methow River at Carlton,2024-08-06 23:38:51,2024-08-06 23:38:51,1
3DD.0078E139F0,Starr Boat Launch,8/1/2024,2024,47.983552,-119.887492,CML,CML - Chewuch River Middle Lower,2024-08-12 01:15:50,2025-06-24 18:41:52,1
3DD.0078E139F0,Starr Boat Launch,8/1/2024,2024,47.983552,-119.887492,CRW,CRW - Chewuch River above Winthrop,2024-08-11 02:15:48,2025-06-25 23:22:17,1
3DD.0078E139F0,Starr Boat Launch,8/1/2024,2024,47.983552,-119.887492,LMR,LMR - Lower Methow River at Pateros,2024-08-02 23:34:46,2024-08-02 23:34:56,1
3DD.0078E139F0,Starr Boat Launch,8/1/2024,2024,47.983552,-119.887492,MRC,MRC - Methow River at Carlton,2024-08-07 22:02:03,2024-08-07 22:02:03,1
3DD.0078E139F2,Starr Boat Launch,8/1/2024,2024,47.983552,-119.887492,LMR,LMR - Lower Methow River at Pateros,2024-08-02 21:05:58,2024-08-02 21:06:08,1
3DD.0078E139F3,Starr Boat Launch,8/1/2024,2024,47.983552,-119.887492,CML,CML - Chewuch River Middle Lower,2024-08-12 00:41:08,2024-08-12 00:41:08,1
3DD.0078E139F3,Starr Boat Launch,8/1/2024,2024,47.983552,-119.887492,CRW,CRW - Chewuch River above Winthrop,2024-08-11 00:53:21,2025-06-07 23:31:52,1
3DD.0078E139F3,Starr Boat Launch,8/1/2024,2024,47.983552,-119.887492,LMR,LMR - Lower Methow River at Pateros,2024-08-02 22:56:21,2024-08-02 22:56:21,1
3DD.0078E139F3,Starr Boat Launch,8/1/2024,2024,47.983552,-119.887492,MRC,MRC - Methow River at Carlton,2024-08-06 22:33:20,2024-08-06 22:33:20,1
3DD.0078E139F4,Starr Boat Launch,8/1/2024,2024,47.983552,-119.887492,CML,CML - Chewuch River Middle Lower,2024-08-18 04:05:52,2025-06-07 12:23:23,1
3DD.0078E139F4,Starr Boat Launch,8/1/2024,2024,47.983552,-119.887492,CRW,CRW - Chewuch River above Winthrop,2024-08-17 22:09:06,2025-06-08 00:59:30,1
3DD.0078E139F4,Starr Boat Launch,8/1/2024,2024,47.983552,-119.887492,LMR,LMR - Lower Methow River at Pateros,2024-08-02 22:50:40,2024-08-02 22:50:51,1
3DD.0078E139F6,Starr Boat Launch,8/1/2024,2024,47.983552,-119.887492,OKL,OKL - Lower Okanogan Instream Array,2024-09-12 02:19:06,2024-09-12 02:19:14,1
3DD.0078E139F7,Starr Boat Launch,8/1/2024,2024,47.983552,-119.887492,LMR,LMR - Lower Methow River at Pateros,2024-08-02 22:28:17,2024-08-02 22:28:17,1
3DD.0078E139F8,Starr Boat Launch,8/1/2024,2024,47.983552,-119.887492,LMR,LMR - Lower Methow River at Pateros,2024-08-02 21:31:48,2024-08-02 21:31:56,1
3DD.0078E139F9,Starr Boat Launch,8/1/2024,2024,47.983552,-119.887492,LMR,LMR - Lower Methow River at Pateros,2024-08-02 22:18:53,2024-08-02 22:18:53,1
3DD.0078E139F9,Starr Boat Launch,8/1/2024,2024,47.983552,-119.887492,MRC,MRC - Methow River at Carlton,2024-08-06 23:57:02,2024-08-06 23:57:02,1
3DD.0078E139FA,Starr Boat Launch,8/1/2024,2024,47.983552,-119.887492,CML,CML - Chewuch River Middle Lower,2024-08-13 02:38:45,2024-08-13 02:38:45,1
3DD.0078E139FA,Starr Boat Launch,8/1/2024,2024,47.983552,-119.887492,CRU,CRU - Upper Chewuch Instream Array,2024-08-15 02:28:25,2024-08-15 02:28:30,1
3DD.0078E139FA,Starr Boat Launch,8/1/2024,2024,47.983552,-119.887492,CRW,CRW - Chewuch River above Winthrop,2024-08-12 22:32:40,2024-08-12 22:32:40,1
3DD.0078E139FA,Starr Boat Launch,8/1/2024,2024,47.983552,-119.887492,LMR,LMR - Lower Methow River at Pateros,2024-08-05 03:11:32,2024-08-05 03:11:41,1
3DD.0078E139FB,Starr Boat Launch,8/1/2024,2024,47.983552,-119.887492,LMR,LMR - Lower Methow River at Pateros,2024-08-02 22:03:26,2024-08-02 22:03:35,1
3DD.0078E139FB,Starr Boat Launch,8/1/2024,2024,47.983552,-119.887492,MRC,MRC - Methow River at Carlton,2024-08-06 23:56:18,2024-08-06 23:56:18,1
3DD.0078E139FC,Starr Boat Launch,8/1/2024,2024,47.983552,-119.887492,CML,CML - Chewuch River Middle Lower,2024-08-11 21:48:56,2025-06-10 23:10:05,1
3DD.0078E139FC,Starr Boat Launch,8/1/2024,2024,47.983552,-119.887492,CRU,CRU - Upper Chewuch Instream Array,2024-08-19 00:36:14,2025-06-04 16:11:00,1
3DD.0078E139FC,Starr Boat Launch,8/1/2024,2024,47.983552,-119.887492,CRW,CRW - Chewuch River above Winthrop,2024-08-11 00:58:43,2025-06-11 03:11:40,1
3DD.0078E139FC,Starr Boat Launch,8/1/2024,2024,47.983552,-119.887492,LMR,LMR - Lower Methow River at Pateros,2024-08-02 22:23:31,2024-08-02 22:23:31,1
3DD.0078E139FE,Starr Boat Launch,8/1/2024,2024,47.983552,-119.887492,LMR,LMR - Lower Methow River at Pateros,2024-08-02 21:54:24,2024-08-02 21:54:30,1
3DD.0078E139FE,Starr Boat Launch,8/1/2024,2024,47.983552,-119.887492,MRC,MRC - Methow River at Carlton,2024-08-06 03:16:28,2024-08-06 03:16:28,1
3DD.0078E13A01,Starr Boat Launch,8/1/2024,2024,47.983552,-119.887492,LMR,LMR - Lower Methow River at Pateros,2024-08-03 00:18:31,2024-08-03 00:18:43,1
3DD.0078E13A02,Starr Boat Launch,8/1/2024,2024,47.983552,-119.887492,LMR,LMR - Lower Methow River at Pateros,2024-08-03 00:03:37,2024-08-03 00:03:37,1
3DD.0078E13A03,Omak Creek,8/1/2024,2024,48.353831,-119.288554,OMH,OMH - Omak Creek Haley Creek Road,2024-08-01 20:36:57,2025-07-21 21:03:30,1
3DD.0078E13A05,Starr Boat Launch,8/1/2024,2024,47.983552,-119.887492,CML,CML - Chewuch River Middle Lower,2024-08-10 20:47:41,2024-08-10 20:47:41,1
3DD.0078E13A05,Starr Boat Launch,8/1/2024,2024,47.983552,-119.887492,CRU,CRU - Upper Chewuch Instream Array,2024-08-12 20:59:13,2024-08-12 20:59:19,1
3DD.0078E13A05,Starr Boat Launch,8/1/2024,2024,47.983552,-119.887492,CRW,CRW - Chewuch River above Winthrop,2024-08-10 00:34:31,2024-08-10 00:35:56,1
3DD.0078E13A05,Starr Boat Launch,8/1/2024,2024,47.983552,-119.887492,LMR,LMR - Lower Methow River at Pateros,2024-08-03 00:05:32,2024-08-03 00:05:32,1
3DD.0078E13A06,Starr Boat Launch,8/1/2024,2024,47.983552,-119.887492,LMR,LMR - Lower Methow River at Pateros,2024-08-02 21:47:12,2024-08-02 21:47:20,1
3DD.0078E13A06,Starr Boat Launch,8/1/2024,2024,47.983552,-119.887492,MRC,MRC - Methow River at Carlton,2024-08-06 21:54:28,2024-08-06 21:54:28,1
3DD.0078E13A07,Starr Boat Launch,8/1/2024,2024,47.983552,-119.887492,OKL,OKL - Lower Okanogan Instream Array,2024-08-05 21:14:14,2024-08-05 21:14:23,1
3DD.0078E13A08,Starr Boat Launch,8/1/2024,2024,47.983552,-119.887492,LMR,LMR - Lower Methow River at Pateros,2024-08-02 22:48:28,2024-08-02 22:48:28,1
3DD.0078E13A08,Starr Boat Launch,8/1/2024,2024,47.983552,-119.887492,MRC,MRC - Methow River at Carlton,2024-08-08 00:49:57,2024-08-08 00:49:57,1
3DD.0078E13A09,Starr Boat Launch,8/1/2024,2024,47.983552,-119.887492,OKL,OKL - Lower Okanogan Instream Array,2024-08-04 02:34:23,2024-08-04 02:34:33,1
3DD.0078E13A0D,Starr Boat Launch,8/1/2024,2024,47.983552,-119.887492,CML,CML - Chewuch River Middle Lower,2024-08-14 02:15:05,2025-05-30 20:28:16,1
3DD.0078E13A0D,Starr Boat Launch,8/1/2024,2024,47.983552,-119.887492,CRW,CRW - Chewuch River above Winthrop,2024-08-13 21:58:16,2025-06-01 00:53:20,1
3DD.0078E13A0D,Starr Boat Launch,8/1/2024,2024,47.983552,-119.887492,LMR,LMR - Lower Methow River at Pateros,2024-08-02 21:57:12,2024-08-02 21:57:24,1
3DD.0078E13A0D,Starr Boat Launch,8/1/2024,2024,47.983552,-119.887492,MRC,MRC - Methow River at Carlton,2024-08-07 01:31:25,2024-08-07 01:31:25,1
3DD.0078E13A0E,Starr Boat Launch,8/1/2024,2024,47.983552,-119.887492,LMR,LMR - Lower Methow River at Pateros,2024-08-02 22:11:46,2024-08-02 22:11:46,1
3DD.0078E13A0F,Starr Boat Launch,8/1/2024,2024,47.983552,-119.887492,LMR,LMR - Lower Methow River at Pateros,2024-08-02 23:19:33,2024-08-02 23:19:33,1
3DD.0078E13A0F,Starr Boat Launch,8/1/2024,2024,47.983552,-119.887492,MRC,MRC - Methow River at Carlton,2025-06-23 20:57:00,2025-06-23 20:57:00,1
3DD.0078E13A10,Starr Boat Launch,8/1/2024,2024,47.983552,-119.887492,LMR,LMR - Lower Methow River at Pateros,2024-08-03 00:27:57,2024-08-03 00:28:06,1
3DD.0078E13A10,Starr Boat Launch,8/1/2024,2024,47.983552,-119.887492,MRC,MRC - Methow River at Carlton,2024-08-09 01:33:25,2025-07-03 21:17:05,1
3DD.0078E13A11,Starr Boat Launch,8/1/2024,2024,47.983552,-119.887492,LMR,LMR - Lower Methow River at Pateros,2024-08-03 00:33:43,2024-08-03 00:33:53,1
3DD.0078E13A12,Starr Boat Launch,8/1/2024,2024,47.983552,-119.887492,LMR,LMR - Lower Methow River at Pateros,2024-08-02 23:26:15,2024-08-02 23:26:15,1
3DD.0078E13A13,Starr Boat Launch,8/1/2024,2024,47.983552,-119.887492,LMR,LMR - Lower Methow River at Pateros,2024-08-03 01:05:29,2025-06-08 01:47:47,1
3DD.0078E13A14,Starr Boat Launch,8/1/2024,2024,47.983552,-119.887492,OKL,OKL - Lower Okanogan Instream Array,2024-08-03 22:59:20,2024-08-03 22:59:27,1
3DD.0078E13A16,Starr Boat Launch,8/1/2024,2024,47.983552,-119.887492,OKL,OKL - Lower Okanogan Instream Array,2024-08-03 22:11:17,2024-08-03 22:11:25,1
3DD.0078E13A17,Omak Creek,8/1/2024,2024,48.353831,-119.288554,OMH,OMH - Omak Creek Haley Creek Road,2024-08-01 20:28:48,2024-08-01 22:10:15,1
3DD.0078E13A18,Starr Boat Launch,8/1/2024,2024,47.983552,-119.887492,LMR,LMR - Lower Methow River at Pateros,2024-08-02 22:28:11,2024-08-02 22:28:11,1
3DD.0078E13A19,Starr Boat Launch,8/1/2024,2024,47.983552,-119.887492,CML,CML - Chewuch River Middle Lower,2024-08-10 01:14:54,2024-08-10 01:14:54,1
3DD.0078E13A19,Starr Boat Launch,8/1/2024,2024,47.983552,-119.887492,CRU,CRU - Upper Chewuch Instream Array,2024-08-13 20:26:23,2025-06-23 21:34:27,1
3DD.0078E13A19,Starr Boat Launch,8/1/2024,2024,47.983552,-119.887492,CRW,CRW - Chewuch River above Winthrop,2024-08-09 21:14:01,2024-08-09 21:15:24,1
3DD.0078E13A19,Starr Boat Launch,8/1/2024,2024,47.983552,-119.887492,LMR,LMR - Lower Methow River at Pateros,2024-08-02 22:39:11,2024-08-02 22:39:11,1
3DD.0078E13A19,Starr Boat Launch,8/1/2024,2024,47.983552,-119.887492,MRC,MRC - Methow River at Carlton,2024-08-06 21:10:09,2024-08-06 21:10:09,1
3DD.0078E13A1A,Starr Boat Launch,8/1/2024,2024,47.983552,-119.887492,LMR,LMR - Lower Methow River at Pateros,2024-08-02 23:51:26,2024-08-02 23:51:34,1
3DD.0078E13A1A,Starr Boat Launch,8/1/2024,2024,47.983552,-119.887492,MRC,MRC - Methow River at Carlton,2025-06-07 04:39:28,2025-06-07 04:39:28,1
3DD.0078E13A1B,Starr Boat Launch,8/1/2024,2024,47.983552,-119.887492,CML,CML - Chewuch River Middle Lower,2024-08-12 01:26:30,2024-08-12 01:26:30,1
3DD.0078E13A1B,Starr Boat Launch,8/1/2024,2024,47.983552,-119.887492,CRW,CRW - Chewuch River above Winthrop,2024-08-11 20:43:13,2024-08-11 20:43:13,1
3DD.0078E13A1B,Starr Boat Launch,8/1/2024,2024,47.983552,-119.887492,LMR,LMR - Lower Methow River at Pateros,2024-08-02 23:44:42,2024-08-02 23:44:57,1
3DD.0078E13A1C,Starr Boat Launch,8/1/2024,2024,47.983552,-119.887492,MRC,MRC - Methow River at Carlton,2024-08-07 21:42:53,2024-08-07 21:42:53,1
3DD.0078E13A1F,Starr Boat Launch,8/1/2024,2024,47.983552,-119.887492,LMR,LMR - Lower Methow River at Pateros,2024-08-03 23:33:14,2024-08-03 23:33:22,1
3DD.0078E13A20,Starr Boat Launch,8/1/2024,2024,47.983552,-119.887492,OKL,OKL - Lower Okanogan Instream Array,2024-08-04 00:24:47,2024-08-04 00:24:55,1
3DD.0078E13A21,Starr Boat Launch,8/1/2024,2024,47.983552,-119.887492,WEH,WEH - Wells Dam Hatchery,2024-08-28 19:59:15,2024-09-07 23:20:57,1
3DD.0078E13A22,Starr Boat Launch,8/1/2024,2024,47.983552,-119.887492,LMR,LMR - Lower Methow River at Pateros,2025-06-20 01:56:27,2025-06-20 01:56:27,1
3DD.0078E13A23,Starr Boat Launch,8/1/2024,2024,47.983552,-119.887492,LMR,LMR - Lower Methow River at Pateros,2024-08-02 21:45:38,2024-08-02 21:45:48,1
3DD.0078E13A24,Starr Boat Launch,8/1/2024,2024,47.983552,-119.887492,CML,CML - Chewuch River Middle Lower,2024-08-11 02:16:09,2024-08-11 02:16:09,1
3DD.0078E13A24,Starr Boat Launch,8/1/2024,2024,47.983552,-119.887492,CRU,CRU - Upper Chewuch Instream Array,2024-08-19 21:11:24,2025-06-08 05:00:34,1
3DD.0078E13A24,Starr Boat Launch,8/1/2024,2024,47.983552,-119.887492,CRW,CRW - Chewuch River above Winthrop,2024-08-10 21:38:31,2024-08-10 21:38:31,1
3DD.0078E13A24,Starr Boat Launch,8/1/2024,2024,47.983552,-119.887492,LMR,LMR - Lower Methow River at Pateros,2024-08-02 23:19:37,2024-08-02 23:19:43,1
3DD.0078E13A24,Starr Boat Launch,8/1/2024,2024,47.983552,-119.887492,MRC,MRC - Methow River at Carlton,2024-08-07 01:33:18,2024-08-07 01:33:18,1
3DD.0078E13A27,Starr Boat Launch,8/1/2024,2024,47.983552,-119.887492,LMR,LMR - Lower Methow River at Pateros,2024-08-03 01:02:01,2024-08-03 01:02:07,1
3DD.0078E13A28,Starr Boat Launch,8/1/2024,2024,47.983552,-119.887492,OKL,OKL - Lower Okanogan Instream Array,2024-08-04 04:08:15,2024-08-04 04:08:26,1
3DD.0078E13A2B,Starr Boat Launch,8/1/2024,2024,47.983552,-119.887492,WEJ,WEJ - Wells Dam Bypass Bay Sample,2025-06-11 20:07:17,2025-06-11 20:07:17,1
3DD.0078E13A2D,Omak Creek,8/1/2024,2024,48.353831,-119.288554,OBF,OBF - Omak Creek below Mission Falls,2025-06-08 04:33:51,2025-06-08 04:33:52,1
3DD.0078E13A2D,Omak Creek,8/1/2024,2024,48.353831,-119.288554,OMF,OMF - Omak Creek above Mission Falls,2025-06-08 04:04:17,2025-06-08 04:04:17,1
3DD.0078E13A2D,Omak Creek,8/1/2024,2024,48.353831,-119.288554,OMH,OMH - Omak Creek Haley Creek Road,2025-04-28 01:20:53,2025-06-03 02:58:47,1
3DD.0078E13A2D,Omak Creek,8/1/2024,2024,48.353831,-119.288554,OMK,OMK - Omak Creek Instream Array,2025-06-11 06:05:41,2025-06-11 06:05:41,1
3DD.0078E13A2F,Starr Boat Launch,8/1/2024,2024,47.983552,-119.887492,CML,CML - Chewuch River Middle Lower,2024-08-11 21:06:52,2024-08-11 21:06:52,1
3DD.0078E13A2F,Starr Boat Launch,8/1/2024,2024,47.983552,-119.887492,CRU,CRU - Upper Chewuch Instream Array,2024-08-13 23:22:19,2025-05-28 20:42:33,1
3DD.0078E13A2F,Starr Boat Launch,8/1/2024,2024,47.983552,-119.887492,CRW,CRW - Chewuch River above Winthrop,2024-08-10 23:49:53,2024-08-10 23:51:14,1
3DD.0078E13A2F,Starr Boat Launch,8/1/2024,2024,47.983552,-119.887492,LMR,LMR - Lower Methow River at Pateros,2024-08-02 22:24:09,2024-08-02 22:24:17,1
3DD.0078E13A30,Starr Boat Launch,8/1/2024,2024,47.983552,-119.887492,OKL,OKL - Lower Okanogan Instream Array,2025-04-26 03:25:06,2025-04-26 03:25:15,1
3DD.0078E13A34,Starr Boat Launch,8/1/2024,2024,47.983552,-119.887492,CML,CML - Chewuch River Middle Lower,2024-08-12 01:44:48,2024-08-12 01:44:48,1
3DD.0078E13A34,Starr Boat Launch,8/1/2024,2024,47.983552,-119.887492,CRU,CRU - Upper Chewuch Instream Array,2024-08-15 01:08:22,2025-06-07 10:16:24,1
3DD.0078E13A34,Starr Boat Launch,8/1/2024,2024,47.983552,-119.887492,CRW,CRW - Chewuch River above Winthrop,2024-08-11 20:47:29,2024-08-11 20:47:29,1
3DD.0078E13A34,Starr Boat Launch,8/1/2024,2024,47.983552,-119.887492,LMR,LMR - Lower Methow River at Pateros,2024-08-03 00:49:44,2024-08-03 00:49:44,1
3DD.0078E13A35,Starr Boat Launch,8/1/2024,2024,47.983552,-119.887492,LMR,LMR - Lower Methow River at Pateros,2024-08-02 22:16:27,2024-08-02 22:16:38,1
3DD.0078E13A35,Starr Boat Launch,8/1/2024,2024,47.983552,-119.887492,TWR,TWR - Lwr Twisp Rvr near MSRF Ponds,2024-08-09 02:04:18,2024-08-09 02:04:27,1
3DD.0078E13A36,Starr Boat Launch,8/1/2024,2024,47.983552,-119.887492,CML,CML - Chewuch River Middle Lower,2024-08-12 21:24:19,2024-08-12 21:24:19,1
3DD.0078E13A36,Starr Boat Launch,8/1/2024,2024,47.983552,-119.887492,CRU,CRU - Upper Chewuch Instream Array,2024-08-14 23:30:09,2024-08-14 23:30:16,1
3DD.0078E13A36,Starr Boat Launch,8/1/2024,2024,47.983552,-119.887492,CRW,CRW - Chewuch River above Winthrop,2024-08-12 00:34:10,2024-08-12 00:35:47,1
3DD.0078E13A36,Starr Boat Launch,8/1/2024,2024,47.983552,-119.887492,LMR,LMR - Lower Methow River at Pateros,2024-08-03 00:28:41,2024-08-03 00:28:53,1
3DD.0078E13A38,Starr Boat Launch,8/1/2024,2024,47.983552,-119.887492,LMR,LMR - Lower Methow River at Pateros,2024-08-03 00:09:43,2024-08-03 00:09:51,1
3DD.0078E13A38,Starr Boat Launch,8/1/2024,2024,47.983552,-119.887492,MRC,MRC - Methow River at Carlton,2024-08-08 02:06:21,2024-08-08 02:06:21,1
3DD.0078E13A39,Starr Boat Launch,8/1/2024,2024,47.983552,-119.887492,LMR,LMR - Lower Methow River at Pateros,2024-08-02 22:13:57,2024-08-02 22:14:11,1
3DD.0078E13A39,Starr Boat Launch,8/1/2024,2024,47.983552,-119.887492,MRC,MRC - Methow River at Carlton,2024-08-06 20:53:05,2024-08-06 20:53:05,1
3DD.0078E13A39,Starr Boat Launch,8/1/2024,2024,47.983552,-119.887492,MRW,MRW - Methow River at Winthrop,2024-08-12 22:21:40,2024-08-12 22:22:31,1
3DD.0078E13A3B,Starr Boat Launch,8/1/2024,2024,47.983552,-119.887492,CML,CML - Chewuch River Middle Lower,2024-08-13 00:17:53,2024-08-13 00:17:53,1
3DD.0078E13A3B,Starr Boat Launch,8/1/2024,2024,47.983552,-119.887492,CRU,CRU - Upper Chewuch Instream Array,2024-08-18 22:51:49,2024-08-18 22:51:55,1
3DD.0078E13A3B,Starr Boat Launch,8/1/2024,2024,47.983552,-119.887492,CRW,CRW - Chewuch River above Winthrop,2024-08-12 03:12:09,2024-08-12 03:13:43,1
3DD.0078E13A3B,Starr Boat Launch,8/1/2024,2024,47.983552,-119.887492,LMR,LMR - Lower Methow River at Pateros,2024-08-03 23:13:33,2024-08-03 23:13:41,1
3DD.0078E13A3B,Starr Boat Launch,8/1/2024,2024,47.983552,-119.887492,MRC,MRC - Methow River at Carlton,2024-08-08 20:51:12,2024-08-08 20:51:12,1
3DD.0078E13B68,Starr Boat Launch,8/8/2024,2024,47.983552,-119.887492,LMR,LMR - Lower Methow River at Pateros,2024-08-09 20:54:24,2024-08-09 20:54:24,1
3DD.0078E13B69,Starr Boat Launch,8/14/2024,2024,47.983552,-119.887492,CML,CML - Chewuch River Middle Lower,2025-03-27 02:28:09,2025-06-07 12:44:53,1
3DD.0078E13B69,Starr Boat Launch,8/14/2024,2024,47.983552,-119.887492,CRW,CRW - Chewuch River above Winthrop,2024-09-10 02:15:24,2025-06-08 13:32:54,1
3DD.0078E13B69,Starr Boat Launch,8/14/2024,2024,47.983552,-119.887492,LMR,LMR - Lower Methow River at Pateros,2024-08-29 03:09:51,2024-08-29 03:10:46,1
3DD.0078E13B69,Starr Boat Launch,8/14/2024,2024,47.983552,-119.887492,MRC,MRC - Methow River at Carlton,2025-06-13 21:53:17,2025-06-13 21:53:17,1
3DD.0078E13B69,Starr Boat Launch,8/14/2024,2024,47.983552,-119.887492,WEA,"WEA - Wells Dam, DCPUD Adult Ladders",2024-08-27 04:19:02,2024-08-27 10:40:10,1
3DD.0078E13B6A,Starr Boat Launch,8/15/2024,2024,47.983552,-119.887492,LMR,LMR - Lower Methow River at Pateros,2024-08-16 21:50:30,2024-08-16 21:50:30,1
3DD.0078E13B6B,Starr Boat Launch,8/15/2024,2024,47.983552,-119.887492,OKL,OKL - Lower Okanogan Instream Array,2024-08-17 20:59:39,2024-08-17 20:59:48,1
3DD.0078E13B6D,Starr Boat Launch,8/15/2024,2024,47.983552,-119.887492,LMR,LMR - Lower Methow River at Pateros,2024-08-16 22:53:23,2024-08-16 22:53:23,1
3DD.0078E13B6F,Starr Boat Launch,8/15/2024,2024,47.983552,-119.887492,LMR,LMR - Lower Methow River at Pateros,2024-08-16 20:45:18,2024-08-16 20:45:18,1
3DD.0078E13B6F,Starr Boat Launch,8/15/2024,2024,47.983552,-119.887492,MRC,MRC - Methow River at Carlton,2024-08-30 02:23:46,2024-08-30 02:23:46,1
3DD.0078E13B70,Starr Boat Launch,8/15/2024,2024,47.983552,-119.887492,OKL,OKL - Lower Okanogan Instream Array,2024-08-18 23:33:57,2024-08-18 23:34:07,1
3DD.0078E13B71,Starr Boat Launch,8/8/2024,2024,47.983552,-119.887492,BVC,"BVC - Beaver Creek, Methow River",2025-06-18 14:50:20,2025-06-18 14:50:20,1
3DD.0078E13B71,Starr Boat Launch,8/8/2024,2024,47.983552,-119.887492,LMR,LMR - Lower Methow River at Pateros,2024-08-09 21:57:03,2024-08-09 21:57:08,1
3DD.0078E13B72,Starr Boat Launch,8/15/2024,2024,47.983552,-119.887492,LMR,LMR - Lower Methow River at Pateros,2024-08-28 00:46:25,2024-08-28 00:46:36,1
3DD.0078E13B72,Starr Boat Launch,8/15/2024,2024,47.983552,-119.887492,MRC,MRC - Methow River at Carlton,2024-09-02 02:43:43,2024-09-02 02:43:43,1
3DD.0078E13B73,Starr Boat Launch,8/15/2024,2024,47.983552,-119.887492,OKL,OKL - Lower Okanogan Instream Array,2024-08-17 04:09:02,2024-08-17 04:09:13,1
3DD.0078E13B75,Starr Boat Launch,8/15/2024,2024,47.983552,-119.887492,CML,CML - Chewuch River Middle Lower,2024-08-30 03:11:37,2024-08-30 03:11:37,1
3DD.0078E13B75,Starr Boat Launch,8/15/2024,2024,47.983552,-119.887492,LMR,LMR - Lower Methow River at Pateros,2024-08-16 20:43:55,2024-08-16 20:44:03,1
3DD.0078E13B76,Starr Boat Launch,8/15/2024,2024,47.983552,-119.887492,CML,CML - Chewuch River Middle Lower,2024-09-03 23:30:40,2024-09-03 23:30:40,1
3DD.0078E13B76,Starr Boat Launch,8/15/2024,2024,47.983552,-119.887492,CRU,CRU - Upper Chewuch Instream Array,2024-09-06 01:56:50,2024-09-06 01:56:55,1
3DD.0078E13B76,Starr Boat Launch,8/15/2024,2024,47.983552,-119.887492,LMR,LMR - Lower Methow River at Pateros,2024-08-16 22:22:49,2024-08-16 22:22:49,1
3DD.0078E13B77,Starr Boat Launch,8/15/2024,2024,47.983552,-119.887492,LMR,LMR - Lower Methow River at Pateros,2025-05-25 00:07:04,2025-07-11 22:25:32,1
3DD.0078E13B77,Starr Boat Launch,8/15/2024,2024,47.983552,-119.887492,MRC,MRC - Methow River at Carlton,2025-06-19 01:42:59,2025-07-08 11:07:45,1
3DD.0078E13B78,Starr Boat Launch,8/8/2024,2024,47.983552,-119.887492,LMR,LMR - Lower Methow River at Pateros,2024-08-10 03:41:30,2024-08-10 03:41:30,1
3DD.0078E13B78,Starr Boat Launch,8/8/2024,2024,47.983552,-119.887492,MRC,MRC - Methow River at Carlton,2024-08-14 22:07:31,2025-06-14 05:39:25,1
3DD.0078E13B78,Starr Boat Launch,8/8/2024,2024,47.983552,-119.887492,RRJ,RRJ - Rocky Reach Dam Juvenile,2025-07-11 22:32:07,2025-07-11 22:32:07,1
3DD.0078E13B79,Starr Boat Launch,8/8/2024,2024,47.983552,-119.887492,LMR,LMR - Lower Methow River at Pateros,2024-08-09 20:59:26,2024-08-09 20:59:37,1
3DD.0078E13B7A,Starr Boat Launch,8/15/2024,2024,47.983552,-119.887492,LMR,LMR - Lower Methow River at Pateros,2024-08-16 21:28:14,2024-08-16 21:28:21,1
3DD.0078E13B7A,Starr Boat Launch,8/15/2024,2024,47.983552,-119.887492,MRC,MRC - Methow River at Carlton,2025-05-16 20:42:34,2025-05-16 20:42:34,1
3DD.0078E13B7B,Starr Boat Launch,8/8/2024,2024,47.983552,-119.887492,LMR,LMR - Lower Methow River at Pateros,2024-08-31 20:09:57,2024-08-31 20:10:07,1
3DD.0078E13B7D,Starr Boat Launch,8/8/2024,2024,47.983552,-119.887492,LMR,LMR - Lower Methow River at Pateros,2024-08-09 21:24:30,2024-08-09 21:24:40,1
3DD.0078E13B7E,Starr Boat Launch,8/8/2024,2024,47.983552,-119.887492,LMR,LMR - Lower Methow River at Pateros,2024-08-09 22:15:22,2024-08-09 22:15:30,1
3DD.0078E13B7F,Starr Boat Launch,8/8/2024,2024,47.983552,-119.887492,LMR,LMR - Lower Methow River at Pateros,2024-08-10 23:24:00,2024-08-10 23:24:06,1
3DD.0078E13B80,Starr Boat Launch,8/8/2024,2024,47.983552,-119.887492,LMR,LMR - Lower Methow River at Pateros,2024-08-09 03:27:04,2024-08-09 03:27:12,1
3DD.0078E13B81,Starr Boat Launch,8/15/2024,2024,47.983552,-119.887492,CML,CML - Chewuch River Middle Lower,2024-08-27 21:06:01,2024-08-27 21:06:01,1
3DD.0078E13B81,Starr Boat Launch,8/15/2024,2024,47.983552,-119.887492,CRU,CRU - Upper Chewuch Instream Array,2024-08-30 19:53:21,2024-08-30 19:53:27,1
3DD.0078E13B81,Starr Boat Launch,8/15/2024,2024,47.983552,-119.887492,LMR,LMR - Lower Methow River at Pateros,2024-08-16 20:28:42,2024-08-16 20:28:49,1
3DD.0078E13B82,Starr Boat Launch,8/8/2024,2024,47.983552,-119.887492,CML,CML - Chewuch River Middle Lower,2024-08-15 23:09:54,2025-06-18 22:35:13,1
3DD.0078E13B82,Starr Boat Launch,8/8/2024,2024,47.983552,-119.887492,CRU,CRU - Upper Chewuch Instream Array,2024-08-18 02:25:19,2025-06-08 12:37:48,1
3DD.0078E13B82,Starr Boat Launch,8/8/2024,2024,47.983552,-119.887492,CRW,CRW - Chewuch River above Winthrop,2024-08-15 01:51:33,2025-06-20 02:44:15,1
3DD.0078E13B82,Starr Boat Launch,8/8/2024,2024,47.983552,-119.887492,LMR,LMR - Lower Methow River at Pateros,2024-08-09 20:39:43,2024-08-09 20:39:51,1
3DD.0078E13B82,Starr Boat Launch,8/8/2024,2024,47.983552,-119.887492,MRC,MRC - Methow River at Carlton,2024-08-12 22:11:25,2024-08-12 22:11:25,1
3DD.0078E13B83,Starr Boat Launch,8/8/2024,2024,47.983552,-119.887492,LMR,LMR - Lower Methow River at Pateros,2024-08-09 22:17:21,2024-08-09 22:17:33,1
3DD.0078E13B83,Starr Boat Launch,8/8/2024,2024,47.983552,-119.887492,MRC,MRC - Methow River at Carlton,2024-08-14 20:32:44,2024-08-14 20:32:44,1
3DD.0078E13B84,Starr Boat Launch,8/8/2024,2024,47.983552,-119.887492,CRW,CRW - Chewuch River above Winthrop,2025-08-02 13:30:22,2025-08-02 13:32:02,1
3DD.0078E13B84,Starr Boat Launch,8/8/2024,2024,47.983552,-119.887492,LMR,LMR - Lower Methow River at Pateros,2025-07-22 01:38:36,2025-07-22 01:39:13,1
3DD.0078E13B84,Starr Boat Launch,8/8/2024,2024,47.983552,-119.887492,MRC,MRC - Methow River at Carlton,2025-07-28 01:05:29,2025-07-28 01:05:29,1
3DD.0078E13B85,Starr Boat Launch,8/8/2024,2024,47.983552,-119.887492,LMR,LMR - Lower Methow River at Pateros,2024-08-09 21:49:20,2025-07-04 20:57:52,1
3DD.0078E13B86,Starr Boat Launch,8/8/2024,2024,47.983552,-119.887492,LMR,LMR - Lower Methow River at Pateros,2024-08-09 21:09:43,2024-08-09 21:09:53,1
3DD.0078E13B86,Starr Boat Launch,8/8/2024,2024,47.983552,-119.887492,MRC,MRC - Methow River at Carlton,2024-08-13 02:30:23,2024-08-13 02:30:23,1
3DD.0078E13B88,Starr Boat Launch,8/15/2024,2024,47.983552,-119.887492,LMR,LMR - Lower Methow River at Pateros,2024-08-16 22:11:30,2025-07-06 22:29:33,1
3DD.0078E13B88,Starr Boat Launch,8/15/2024,2024,47.983552,-119.887492,MRC,MRC - Methow River at Carlton,2025-05-21 22:03:27,2025-05-21 23:26:49,1
3DD.0078E13B8A,Starr Boat Launch,8/8/2024,2024,47.983552,-119.887492,LMR,LMR - Lower Methow River at Pateros,2024-08-10 02:09:52,2024-08-10 02:09:59,1
3DD.0078E13B8C,Starr Boat Launch,8/8/2024,2024,47.983552,-119.887492,LMR,LMR - Lower Methow River at Pateros,2024-08-13 01:17:33,2024-08-13 01:17:42,1
3DD.0078E13B8E,Starr Boat Launch,8/8/2024,2024,47.983552,-119.887492,LMR,LMR - Lower Methow River at Pateros,2024-08-09 23:24:50,2024-08-09 23:24:58,1
3DD.0078E13B8F,Starr Boat Launch,8/15/2024,2024,47.983552,-119.887492,OKL,OKL - Lower Okanogan Instream Array,2024-08-17 23:32:07,2024-08-17 23:32:07,1
3DD.0078E13B90,Starr Boat Launch,8/15/2024,2024,47.983552,-119.887492,LMR,LMR - Lower Methow River at Pateros,2024-08-16 04:05:56,2024-08-16 04:06:23,1
3DD.0078E13B93,Starr Boat Launch,8/15/2024,2024,47.983552,-119.887492,OKL,OKL - Lower Okanogan Instream Array,2024-08-17 02:55:24,2024-08-17 02:55:24,1
3DD.0078E13B94,Starr Boat Launch,8/8/2024,2024,47.983552,-119.887492,LMR,LMR - Lower Methow River at Pateros,2024-08-09 22:07:13,2024-08-09 22:07:13,1
3DD.0078E13B94,Starr Boat Launch,8/8/2024,2024,47.983552,-119.887492,MRC,MRC - Methow River at Carlton,2025-07-01 16:34:45,2025-07-01 16:34:45,1
3DD.0078E13B97,Starr Boat Launch,8/15/2024,2024,47.983552,-119.887492,LMR,LMR - Lower Methow River at Pateros,2024-08-16 23:01:28,2024-08-16 23:01:28,1
3DD.0078E13B9C,Starr Boat Launch,8/15/2024,2024,47.983552,-119.887492,OKL,OKL - Lower Okanogan Instream Array,2024-08-17 23:26:01,2024-08-17 23:26:01,1
3DD.0078E13B9F,Starr Boat Launch,8/15/2024,2024,47.983552,-119.887492,LMR,LMR - Lower Methow River at Pateros,2024-08-16 22:17:47,2024-08-16 22:17:47,1
3DD.0078E13BA0,Starr Boat Launch,8/15/2024,2024,47.983552,-119.887492,LMR,LMR - Lower Methow River at Pateros,2025-05-26 15:03:41,2025-05-26 15:03:41,1
3DD.0078E13BA1,Starr Boat Launch,8/8/2024,2024,47.983552,-119.887492,CML,CML - Chewuch River Middle Lower,2024-08-16 21:57:33,2025-06-13 00:05:29,1
3DD.0078E13BA1,Starr Boat Launch,8/8/2024,2024,47.983552,-119.887492,CRW,CRW - Chewuch River above Winthrop,2024-08-16 00:47:35,2024-08-16 00:47:35,1
3DD.0078E13BA1,Starr Boat Launch,8/8/2024,2024,47.983552,-119.887492,LMR,LMR - Lower Methow River at Pateros,2024-08-09 20:46:55,2024-08-09 20:46:55,1
3DD.0078E13BA1,Starr Boat Launch,8/8/2024,2024,47.983552,-119.887492,MRC,MRC - Methow River at Carlton,2024-08-13 03:29:44,2024-08-13 03:29:44,1
3DD.0078E13BA3,Starr Boat Launch,8/14/2024,2024,47.983552,-119.887492,ENL,ENL - Lower Entiat River,2025-06-20 02:21:59,2025-06-30 22:19:49,1
3DD.0078E13BA5,Starr Boat Launch,8/15/2024,2024,47.983552,-119.887492,OKL,OKL - Lower Okanogan Instream Array,2024-08-17 20:01:35,2024-08-17 20:01:45,1
3DD.0078E13BA6,Starr Boat Launch,8/15/2024,2024,47.983552,-119.887492,LMR,LMR - Lower Methow River at Pateros,2024-08-16 21:55:51,2024-08-16 21:56:00,1
3DD.0078E13BA8,Starr Boat Launch,8/15/2024,2024,47.983552,-119.887492,LMR,LMR - Lower Methow River at Pateros,2024-08-16 19:58:07,2024-08-16 19:58:07,1
3DD.0078E13BA8,Starr Boat Launch,8/15/2024,2024,47.983552,-119.887492,MRC,MRC - Methow River at Carlton,2024-08-29 01:20:17,2024-08-29 01:20:17,1
3DD.0078E13BA9,Starr Boat Launch,8/8/2024,2024,47.983552,-119.887492,LMR,LMR - Lower Methow River at Pateros,2024-08-09 22:42:09,2024-08-09 22:42:16,1
3DD.0078E13BAC,Starr Boat Launch,8/8/2024,2024,47.983552,-119.887492,CML,CML - Chewuch River Middle Lower,2024-08-18 01:35:15,2024-08-18 01:35:15,1
3DD.0078E13BAC,Starr Boat Launch,8/8/2024,2024,47.983552,-119.887492,CRU,CRU - Upper Chewuch Instream Array,2024-08-26 00:25:10,2025-06-15 02:34:04,1
3DD.0078E13BAC,Starr Boat Launch,8/8/2024,2024,47.983552,-119.887492,CRW,CRW - Chewuch River above Winthrop,2024-08-17 20:49:41,2024-08-17 20:51:12,1
3DD.0078E13BAC,Starr Boat Launch,8/8/2024,2024,47.983552,-119.887492,LMR,LMR - Lower Methow River at Pateros,2024-08-09 22:12:48,2024-08-09 22:12:58,1
3DD.0078E13BAD,Starr Boat Launch,8/15/2024,2024,47.983552,-119.887492,OKL,OKL - Lower Okanogan Instream Array,2024-08-17 19:51:22,2024-08-17 19:51:34,1
3DD.0078E13BAE,Starr Boat Launch,8/14/2024,2024,47.983552,-119.887492,LMR,LMR - Lower Methow River at Pateros,2024-08-31 23:23:22,2024-08-31 23:23:36,1
3DD.0078E13BAE,Starr Boat Launch,8/14/2024,2024,47.983552,-119.887492,WEA,"WEA - Wells Dam, DCPUD Adult Ladders",2024-08-27 05:16:03,2024-08-27 12:04:32,1
3DD.0078E13BB0,Starr Boat Launch,8/8/2024,2024,47.983552,-119.887492,LMR,LMR - Lower Methow River at Pateros,2024-08-10 01:07:04,2024-08-10 01:07:15,1
3DD.0078E13BB1,Starr Boat Launch,8/15/2024,2024,47.983552,-119.887492,LMR,LMR - Lower Methow River at Pateros,2024-08-17 01:36:06,2024-08-17 01:36:15,1
3DD.0078E13BB2,Starr Boat Launch,8/8/2024,2024,47.983552,-119.887492,ENL,ENL - Lower Entiat River,2025-06-21 22:28:39,2025-07-03 00:40:21,1
3DD.0078E13BB4,Starr Boat Launch,8/8/2024,2024,47.983552,-119.887492,LMR,LMR - Lower Methow River at Pateros,2024-08-09 20:42:32,2024-08-09 20:42:40,1
3DD.0078E13BB4,Starr Boat Launch,8/8/2024,2024,47.983552,-119.887492,MRW,MRW - Methow River at Winthrop,2024-08-17 03:04:07,2024-08-17 03:04:39,1
3DD.0078E13BB5,Starr Boat Launch,8/8/2024,2024,47.983552,-119.887492,LMR,LMR - Lower Methow River at Pateros,2024-08-09 22:25:26,2024-08-09 22:25:26,1
3DD.0078E13BB6,Starr Boat Launch,8/14/2024,2024,47.983552,-119.887492,WEA,"WEA - Wells Dam, DCPUD Adult Ladders",2024-08-27 05:27:02,2024-08-27 07:21:28,1
3DD.0078E13BB8,Starr Boat Launch,8/8/2024,2024,47.983552,-119.887492,CML,CML - Chewuch River Middle Lower,2024-08-18 03:03:37,2024-08-18 03:03:37,1
3DD.0078E13BB8,Starr Boat Launch,8/8/2024,2024,47.983552,-119.887492,CRU,CRU - Upper Chewuch Instream Array,2024-08-24 00:21:07,2024-08-24 00:21:13,1
3DD.0078E13BB8,Starr Boat Launch,8/8/2024,2024,47.983552,-119.887492,CRW,CRW - Chewuch River above Winthrop,2024-08-17 22:48:49,2024-08-17 22:50:02,1
3DD.0078E13BB8,Starr Boat Launch,8/8/2024,2024,47.983552,-119.887492,LMR,LMR - Lower Methow River at Pateros,2024-08-10 02:09:40,2024-08-10 02:09:50,1
3DD.0078E13BBA,Starr Boat Launch,8/15/2024,2024,47.983552,-119.887492,OKL,OKL - Lower Okanogan Instream Array,2025-05-30 19:55:44,2025-05-30 19:55:58,1
3DD.0078E13BBB,Starr Boat Launch,8/15/2024,2024,47.983552,-119.887492,OKL,OKL - Lower Okanogan Instream Array,2025-04-23 02:25:29,2025-04-23 02:25:41,1
3DD.0078E13BBE,Starr Boat Launch,8/14/2024,2024,47.983552,-119.887492,OKL,OKL - Lower Okanogan Instream Array,2025-06-07 04:47:19,2025-06-07 04:47:19,1
3DD.0078E13BBE,Starr Boat Launch,8/14/2024,2024,47.983552,-119.887492,WEA,"WEA - Wells Dam, DCPUD Adult Ladders",2024-08-22 01:27:35,2024-08-22 19:40:07,1
3DD.0078E13BBF,Starr Boat Launch,8/8/2024,2024,47.983552,-119.887492,OKL,OKL - Lower Okanogan Instream Array,2025-06-07 04:45:16,2025-06-07 04:46:22,1
3DD.0078E13BC1,Starr Boat Launch,8/8/2024,2024,47.983552,-119.887492,OKL,OKL - Lower Okanogan Instream Array,2024-08-12 03:51:57,2024-08-12 03:51:57,1
3DD.0078E13BC3,Starr Boat Launch,8/8/2024,2024,47.983552,-119.887492,OKL,OKL - Lower Okanogan Instream Array,2025-07-10 02:28:14,2025-07-10 02:28:14,1
3DD.0078E13BC4,Starr Boat Launch,8/8/2024,2024,47.983552,-119.887492,LMR,LMR - Lower Methow River at Pateros,2024-08-09 04:10:36,2024-08-09 04:10:36,1
3DD.0078E13BC4,Starr Boat Launch,8/8/2024,2024,47.983552,-119.887492,MRC,MRC - Methow River at Carlton,2025-06-18 00:07:47,2025-06-18 00:07:47,1
3DD.0078E13BC5,Starr Boat Launch,8/8/2024,2024,47.983552,-119.887492,OKL,OKL - Lower Okanogan Instream Array,2025-06-07 04:02:57,2025-06-07 04:03:35,1
3DD.0078E13BC6,Starr Boat Launch,8/14/2024,2024,47.983552,-119.887492,WEH,WEH - Wells Dam Hatchery,2024-08-14 22:11:20,2024-09-16 00:25:52,1
3DD.0078E13BC7,Starr Boat Launch,8/8/2024,2024,47.983552,-119.887492,LMR,LMR - Lower Methow River at Pateros,2024-08-10 00:30:08,2024-08-10 00:30:08,1
3DD.0078E13BC8,Starr Boat Launch,8/8/2024,2024,47.983552,-119.887492,OKL,OKL - Lower Okanogan Instream Array,2024-08-12 01:56:46,2024-08-12 01:56:46,1
3DD.0078E13BCA,Starr Boat Launch,8/14/2024,2024,47.983552,-119.887492,OKL,OKL - Lower Okanogan Instream Array,2025-06-08 05:41:49,2025-06-08 05:42:08,1
3DD.0078E13BCA,Starr Boat Launch,8/14/2024,2024,47.983552,-119.887492,WEA,"WEA - Wells Dam, DCPUD Adult Ladders",2024-08-28 03:27:16,2024-08-28 03:29:14,1
3DD.0078E13BCB,Starr Boat Launch,8/8/2024,2024,47.983552,-119.887492,CML,CML - Chewuch River Middle Lower,2024-08-18 02:53:55,2024-08-18 02:53:55,1
3DD.0078E13BCB,Starr Boat Launch,8/8/2024,2024,47.983552,-119.887492,CRU,CRU - Upper Chewuch Instream Array,2024-08-29 20:18:19,2025-06-09 21:05:19,1
3DD.0078E13BCB,Starr Boat Launch,8/8/2024,2024,47.983552,-119.887492,CRW,CRW - Chewuch River above Winthrop,2024-08-17 21:54:01,2024-08-17 21:55:17,1
3DD.0078E13BCB,Starr Boat Launch,8/8/2024,2024,47.983552,-119.887492,LMR,LMR - Lower Methow River at Pateros,2024-08-09 21:53:06,2024-08-09 21:53:13,1
3DD.0078E13BCC,Starr Boat Launch,8/8/2024,2024,47.983552,-119.887492,LMR,LMR - Lower Methow River at Pateros,2025-04-17 23:52:40,2025-04-17 23:52:40,1
3DD.0078E13BCF,Starr Boat Launch,8/8/2024,2024,47.983552,-119.887492,OKL,OKL - Lower Okanogan Instream Array,2025-05-01 20:49:45,2025-06-19 05:18:54,1
3DD.0078E13BD2,Starr Boat Launch,8/8/2024,2024,47.983552,-119.887492,LMR,LMR - Lower Methow River at Pateros,2024-08-10 01:56:14,2024-08-10 01:56:20,1
3DD.0078E13BD2,Starr Boat Launch,8/8/2024,2024,47.983552,-119.887492,MRC,MRC - Methow River at Carlton,2024-08-14 01:59:44,2024-08-14 01:59:44,1
3DD.0078E13BD3,Starr Boat Launch,8/8/2024,2024,47.983552,-119.887492,BVC,"BVC - Beaver Creek, Methow River",2025-06-02 05:08:00,2025-06-02 05:08:03,1
3DD.0078E13BD3,Starr Boat Launch,8/8/2024,2024,47.983552,-119.887492,LMR,LMR - Lower Methow River at Pateros,2024-08-09 22:38:42,2024-08-09 22:38:50,1
3DD.0078E13BD4,Starr Boat Launch,8/8/2024,2024,47.983552,-119.887492,LMR,LMR - Lower Methow River at Pateros,2025-05-04 20:30:29,2025-07-16 08:16:28,1
3DD.0078E13BD6,Starr Boat Launch,8/8/2024,2024,47.983552,-119.887492,CML,CML - Chewuch River Middle Lower,2024-08-18 23:11:29,2024-08-18 23:11:29,1
3DD.0078E13BD6,Starr Boat Launch,8/8/2024,2024,47.983552,-119.887492,CRU,CRU - Upper Chewuch Instream Array,2024-08-27 03:18:42,2025-07-07 22:18:07,1
3DD.0078E13BD6,Starr Boat Launch,8/8/2024,2024,47.983552,-119.887492,CRW,CRW - Chewuch River above Winthrop,2024-08-18 01:28:47,2024-08-18 01:29:52,1
3DD.0078E13BD6,Starr Boat Launch,8/8/2024,2024,47.983552,-119.887492,LMR,LMR - Lower Methow River at Pateros,2024-08-10 01:31:52,2024-08-10 01:31:52,1
3DD.0078E13BD7,Starr Boat Launch,8/8/2024,2024,47.983552,-119.887492,LMR,LMR - Lower Methow River at Pateros,2024-08-10 00:23:48,2024-08-10 00:23:48,1
3DD.0078E13BD7,Starr Boat Launch,8/8/2024,2024,47.983552,-119.887492,MRC,MRC - Methow River at Carlton,2024-08-14 21:46:43,2025-06-07 16:47:58,1
3DD.0078E13BD8,Starr Boat Launch,8/8/2024,2024,47.983552,-119.887492,LMR,LMR - Lower Methow River at Pateros,2024-08-09 22:29:28,2024-08-09 22:29:33,1
3DD.0078E13BD8,Starr Boat Launch,8/8/2024,2024,47.983552,-119.887492,MRC,MRC - Methow River at Carlton,2024-08-14 20:37:19,2024-08-14 20:37:19,1
3DD.0078E13BDB,Starr Boat Launch,8/8/2024,2024,47.983552,-119.887492,CML,CML - Chewuch River Middle Lower,2024-08-18 02:14:23,2024-08-18 02:14:23,1
3DD.0078E13BDB,Starr Boat Launch,8/8/2024,2024,47.983552,-119.887492,CRW,CRW - Chewuch River above Winthrop,2024-08-17 21:02:11,2024-08-17 21:03:47,1
3DD.0078E13BDB,Starr Boat Launch,8/8/2024,2024,47.983552,-119.887492,LMR,LMR - Lower Methow River at Pateros,2024-08-09 22:21:39,2024-08-09 22:21:47,1
3DD.0078E13BDC,Starr Boat Launch,8/8/2024,2024,47.983552,-119.887492,OKL,OKL - Lower Okanogan Instream Array,2025-05-31 03:21:40,2025-07-03 06:53:11,1
3DD.0078E13BDD,Starr Boat Launch,8/8/2024,2024,47.983552,-119.887492,LMR,LMR - Lower Methow River at Pateros,2024-08-10 00:05:10,2024-08-10 00:05:10,1
3DD.0078E13BDF,Starr Boat Launch,8/8/2024,2024,47.983552,-119.887492,CML,CML - Chewuch River Middle Lower,2025-06-19 00:41:06,2025-06-19 00:41:06,1
3DD.0078E13BDF,Starr Boat Launch,8/8/2024,2024,47.983552,-119.887492,CRU,CRU - Upper Chewuch Instream Array,2025-06-25 01:09:19,2025-06-25 01:09:27,1
3DD.0078E13BDF,Starr Boat Launch,8/8/2024,2024,47.983552,-119.887492,CRW,CRW - Chewuch River above Winthrop,2025-06-18 00:56:02,2025-06-18 00:59:59,1
3DD.0078E13BDF,Starr Boat Launch,8/8/2024,2024,47.983552,-119.887492,MRC,MRC - Methow River at Carlton,2025-05-30 23:30:42,2025-05-30 23:30:42,1
3DD.0078E13BE0,Starr Boat Launch,8/8/2024,2024,47.983552,-119.887492,OKL,OKL - Lower Okanogan Instream Array,2025-06-03 22:45:43,2025-06-03 22:45:43,1
3DD.0078E13BE1,Starr Boat Launch,8/1/2024,2024,47.983552,-119.887492,LMR,LMR - Lower Methow River at Pateros,2025-06-19 23:19:16,2025-06-19 23:19:16,1
3DD.0078E13BE3,Starr Boat Launch,8/8/2024,2024,47.983552,-119.887492,LMR,LMR - Lower Methow River at Pateros,2024-08-09 22:09:25,2024-08-09 22:09:25,1
3DD.0078E13BE3,Starr Boat Launch,8/8/2024,2024,47.983552,-119.887492,MRC,MRC - Methow River at Carlton,2024-08-15 01:20:55,2024-08-15 01:20:55,1
3DD.0078E13BE5,Starr Boat Launch,8/8/2024,2024,47.983552,-119.887492,CML,CML - Chewuch River Middle Lower,2024-08-19 01:35:24,2024-08-19 01:35:24,1
3DD.0078E13BE5,Starr Boat Launch,8/8/2024,2024,47.983552,-119.887492,CRW,CRW - Chewuch River above Winthrop,2024-08-17 23:21:49,2024-08-17 23:23:16,1
3DD.0078E13BE5,Starr Boat Launch,8/8/2024,2024,47.983552,-119.887492,LMR,LMR - Lower Methow River at Pateros,2024-08-09 22:17:12,2024-08-09 22:17:19,1
3DD.0078E13BE6,Starr Boat Launch,8/1/2024,2024,47.983552,-119.887492,LMR,LMR - Lower Methow River at Pateros,2024-08-02 21:57:23,2024-08-02 21:57:30,1
3DD.0078E13BE7,Starr Boat Launch,8/8/2024,2024,47.983552,-119.887492,CRW,CRW - Chewuch River above Winthrop,2024-08-17 02:55:11,2024-08-17 02:56:29,1
3DD.0078E13BE7,Starr Boat Launch,8/8/2024,2024,47.983552,-119.887492,LMR,LMR - Lower Methow River at Pateros,2024-08-09 20:59:11,2024-08-09 20:59:19,1
3DD.0078E13BE7,Starr Boat Launch,8/8/2024,2024,47.983552,-119.887492,MRC,MRC - Methow River at Carlton,2024-08-13 19:46:54,2024-08-13 19:46:54,1
3DD.0078E13BE8,Starr Boat Launch,8/1/2024,2024,47.983552,-119.887492,LMR,LMR - Lower Methow River at Pateros,2024-08-02 22:12:55,2024-08-02 22:13:05,1
3DD.0078E13BEA,Starr Boat Launch,8/8/2024,2024,47.983552,-119.887492,LMR,LMR - Lower Methow River at Pateros,2025-04-30 04:19:13,2025-04-30 04:19:25,1
3DD.0078E13BEA,Starr Boat Launch,8/8/2024,2024,47.983552,-119.887492,MRC,MRC - Methow River at Carlton,2025-05-20 21:41:39,2025-05-20 21:41:39,1
3DD.0078E13BED,Starr Boat Launch,8/1/2024,2024,47.983552,-119.887492,LMR,LMR - Lower Methow River at Pateros,2024-08-02 21:54:05,2024-08-02 21:54:12,1
3DD.0078E13BED,Starr Boat Launch,8/1/2024,2024,47.983552,-119.887492,MRC,MRC - Methow River at Carlton,2024-08-06 21:19:59,2024-08-06 21:19:59,1
3DD.0078E13BEE,Starr Boat Launch,8/8/2024,2024,47.983552,-119.887492,CML,CML - Chewuch River Middle Lower,2024-08-18 03:22:04,2024-08-18 03:22:04,1
3DD.0078E13BEE,Starr Boat Launch,8/8/2024,2024,47.983552,-119.887492,CRW,CRW - Chewuch River above Winthrop,2024-08-17 22:10:15,2025-06-24 22:20:12,1
3DD.0078E13BEE,Starr Boat Launch,8/8/2024,2024,47.983552,-119.887492,LMR,LMR - Lower Methow River at Pateros,2024-08-09 22:33:00,2024-08-09 22:33:12,1
3DD.0078E13BEE,Starr Boat Launch,8/8/2024,2024,47.983552,-119.887492,MRC,MRC - Methow River at Carlton,2024-08-14 02:29:07,2024-08-14 02:29:07,1
3DD.0078E13BEF,Starr Boat Launch,8/8/2024,2024,47.983552,-119.887492,MRC,MRC - Methow River at Carlton,2025-06-16 03:39:20,2025-06-17 02:23:15,1
3DD.0078E13BF0,Starr Boat Launch,8/8/2024,2024,47.983552,-119.887492,CML,CML - Chewuch River Middle Lower,2024-08-18 03:01:55,2024-08-18 03:01:55,1
3DD.0078E13BF0,Starr Boat Launch,8/8/2024,2024,47.983552,-119.887492,CRU,CRU - Upper Chewuch Instream Array,2024-08-28 23:59:25,2025-05-24 22:18:16,1
3DD.0078E13BF0,Starr Boat Launch,8/8/2024,2024,47.983552,-119.887492,CRW,CRW - Chewuch River above Winthrop,2024-08-17 22:23:08,2024-08-17 22:23:08,1
3DD.0078E13BF0,Starr Boat Launch,8/8/2024,2024,47.983552,-119.887492,LMR,LMR - Lower Methow River at Pateros,2024-08-09 22:55:10,2024-08-09 22:55:18,1
3DD.0078E13BF1,Starr Boat Launch,8/8/2024,2024,47.983552,-119.887492,LMR,LMR - Lower Methow River at Pateros,2024-08-09 23:17:43,2024-08-09 23:17:52,1
3DD.0078E13BF2,Starr Boat Launch,8/8/2024,2024,47.983552,-119.887492,LMR,LMR - Lower Methow River at Pateros,2024-08-09 23:42:24,2024-08-09 23:42:24,1
3DD.0078E13BF2,Starr Boat Launch,8/8/2024,2024,47.983552,-119.887492,MRC,MRC - Methow River at Carlton,2024-08-14 22:08:30,2024-08-14 22:08:30,1
3DD.0078E13BF4,Starr Boat Launch,8/8/2024,2024,47.983552,-119.887492,OKL,OKL - Lower Okanogan Instream Array,2025-05-08 04:22:28,2025-05-08 04:23:50,1
3DD.0078E13BF7,Starr Boat Launch,8/1/2024,2024,47.983552,-119.887492,LMR,LMR - Lower Methow River at Pateros,2024-08-02 22:47:29,2024-08-02 22:47:40,1
3DD.0078E13BF7,Starr Boat Launch,8/1/2024,2024,47.983552,-119.887492,MRC,MRC - Methow River at Carlton,2024-08-07 01:27:10,2024-08-07 01:27:10,1
3DD.0078E13BF8,Starr Boat Launch,8/8/2024,2024,47.983552,-119.887492,LMR,LMR - Lower Methow River at Pateros,2024-08-10 00:36:41,2024-08-10 00:36:49,1
3DD.0078E13BFA,Starr Boat Launch,8/8/2024,2024,47.983552,-119.887492,LMR,LMR - Lower Methow River at Pateros,2024-08-13 02:10:29,2024-08-13 02:10:36,1
3DD.0078E13BFB,Starr Boat Launch,8/8/2024,2024,47.983552,-119.887492,OKL,OKL - Lower Okanogan Instream Array,2025-04-19 23:14:47,2025-04-19 23:14:53,1
3DD.0078E13BFC,Starr Boat Launch,8/8/2024,2024,47.983552,-119.887492,WEA,"WEA - Wells Dam, DCPUD Adult Ladders",2024-08-29 23:21:07,2024-08-30 04:18:28,1
3DD.0078E13BFF,Starr Boat Launch,8/8/2024,2024,47.983552,-119.887492,LMR,LMR - Lower Methow River at Pateros,2024-08-09 22:46:03,2024-08-09 22:46:09,1
3DD.0078E13BFF,Starr Boat Launch,8/8/2024,2024,47.983552,-119.887492,MRC,MRC - Methow River at Carlton,2025-05-29 21:43:30,2025-05-29 21:43:30,1
3DD.0078E13C01,Starr Boat Launch,8/8/2024,2024,47.983552,-119.887492,LMR,LMR - Lower Methow River at Pateros,2024-08-10 00:08:38,2025-06-25 19:09:47,1
3DD.0078E13C01,Starr Boat Launch,8/8/2024,2024,47.983552,-119.887492,MRC,MRC - Methow River at Carlton,2024-08-14 02:29:46,2024-08-14 02:29:46,1
3DD.0078E13C02,Starr Boat Launch,8/8/2024,2024,47.983552,-119.887492,CML,CML - Chewuch River Middle Lower,2025-06-30 00:51:50,2025-06-30 00:51:50,1
3DD.0078E13C02,Starr Boat Launch,8/8/2024,2024,47.983552,-119.887492,CRU,CRU - Upper Chewuch Instream Array,2025-07-04 23:22:31,2026-05-23 01:11:17,1
3DD.0078E13C02,Starr Boat Launch,8/8/2024,2024,47.983552,-119.887492,CRW,CRW - Chewuch River above Winthrop,2025-06-29 00:53:34,2025-06-29 00:57:26,1
3DD.0078E13C02,Starr Boat Launch,8/8/2024,2024,47.983552,-119.887492,MRC,MRC - Methow River at Carlton,2025-06-18 23:21:05,2025-06-18 23:21:05,1
3DD.0078E13C03,Starr Boat Launch,8/1/2024,2024,47.983552,-119.887492,ENL,ENL - Lower Entiat River,2024-08-03 03:22:32,2024-08-03 03:22:47,1
3DD.0078E13C04,Starr Boat Launch,8/8/2024,2024,47.983552,-119.887492,OKL,OKL - Lower Okanogan Instream Array,2025-05-21 01:12:55,2025-05-21 01:13:10,1
3DD.0078E13C06,Starr Boat Launch,8/8/2024,2024,47.983552,-119.887492,CML,CML - Chewuch River Middle Lower,2024-08-18 01:55:48,2024-08-18 01:55:48,1
3DD.0078E13C06,Starr Boat Launch,8/8/2024,2024,47.983552,-119.887492,CRW,CRW - Chewuch River above Winthrop,2024-08-17 20:47:34,2024-08-17 20:48:55,1
3DD.0078E13C06,Starr Boat Launch,8/8/2024,2024,47.983552,-119.887492,LMR,LMR - Lower Methow River at Pateros,2024-08-09 21:15:27,2024-08-09 21:15:42,1
3DD.0078E13C06,Starr Boat Launch,8/8/2024,2024,47.983552,-119.887492,MRC,MRC - Methow River at Carlton,2024-08-13 23:55:31,2024-08-13 23:55:31,1
3DD.0078E13C08,Starr Boat Launch,8/8/2024,2024,47.983552,-119.887492,LMR,LMR - Lower Methow River at Pateros,2024-08-10 02:06:48,2024-08-10 02:06:56,1
3DD.0078E13C0A,Starr Boat Launch,8/8/2024,2024,47.983552,-119.887492,CML,CML - Chewuch River Middle Lower,2024-08-19 03:40:23,2024-08-19 03:40:23,1
3DD.0078E13C0A,Starr Boat Launch,8/8/2024,2024,47.983552,-119.887492,CRU,CRU - Upper Chewuch Instream Array,2024-08-27 21:47:49,2024-08-27 21:47:56,1
3DD.0078E13C0A,Starr Boat Launch,8/8/2024,2024,47.983552,-119.887492,CRW,CRW - Chewuch River above Winthrop,2024-08-18 22:55:27,2024-08-18 22:58:25,1
3DD.0078E13C0A,Starr Boat Launch,8/8/2024,2024,47.983552,-119.887492,LMR,LMR - Lower Methow River at Pateros,2024-08-10 00:09:20,2024-08-10 00:09:30,1
3DD.0078E13C0D,Starr Boat Launch,8/1/2024,2024,47.983552,-119.887492,LMR,LMR - Lower Methow River at Pateros,2024-08-02 21:02:55,2024-08-02 21:03:03,1
3DD.0078E13C0D,Starr Boat Launch,8/1/2024,2024,47.983552,-119.887492,MRC,MRC - Methow River at Carlton,2024-08-06 00:36:11,2024-08-06 00:36:11,1
3DD.0078E13C0E,Starr Boat Launch,8/8/2024,2024,47.983552,-119.887492,CML,CML - Chewuch River Middle Lower,2024-08-17 21:51:05,2024-08-17 21:51:05,1
3DD.0078E13C0E,Starr Boat Launch,8/8/2024,2024,47.983552,-119.887492,CRU,CRU - Upper Chewuch Instream Array,2024-08-24 00:19:10,2025-06-08 02:42:15,1
3DD.0078E13C0E,Starr Boat Launch,8/8/2024,2024,47.983552,-119.887492,CRW,CRW - Chewuch River above Winthrop,2024-08-17 01:18:19,2024-08-17 01:19:49,1
3DD.0078E13C0E,Starr Boat Launch,8/8/2024,2024,47.983552,-119.887492,LMR,LMR - Lower Methow River at Pateros,2024-08-09 22:05:37,2024-08-09 22:05:49,1
3DD.0078E13C0E,Starr Boat Launch,8/8/2024,2024,47.983552,-119.887492,MRC,MRC - Methow River at Carlton,2024-08-13 22:11:19,2024-08-13 22:11:19,1
3DD.0078E13C10,Starr Boat Launch,8/8/2024,2024,47.983552,-119.887492,LMR,LMR - Lower Methow River at Pateros,2025-06-24 21:43:38,2025-06-28 21:54:14,1
3DD.0078E13C11,Starr Boat Launch,8/8/2024,2024,47.983552,-119.887492,LMR,LMR - Lower Methow River at Pateros,2025-07-24 00:15:37,2025-07-24 00:15:37,1
3DD.0078E13C12,Starr Boat Launch,8/8/2024,2024,47.983552,-119.887492,LMR,LMR - Lower Methow River at Pateros,2024-08-10 00:54:50,2024-08-10 00:54:58,1
3DD.0078E13C13,Starr Boat Launch,8/8/2024,2024,47.983552,-119.887492,LMR,LMR - Lower Methow River at Pateros,2024-08-09 22:35:36,2024-08-09 22:35:42,1
3DD.0078E13C13,Starr Boat Launch,8/8/2024,2024,47.983552,-119.887492,MRW,MRW - Methow River at Winthrop,2024-08-17 21:44:48,2024-08-30 22:23:24,1
3DD.0078E13C14,Starr Boat Launch,8/8/2024,2024,47.983552,-119.887492,LMR,LMR - Lower Methow River at Pateros,2025-06-13 08:30:35,2025-06-13 08:30:35,1
3DD.0078E13C15,Starr Boat Launch,8/1/2024,2024,47.983552,-119.887492,CML,CML - Chewuch River Middle Lower,2024-08-12 02:44:46,2024-08-12 02:44:46,1
3DD.0078E13C15,Starr Boat Launch,8/1/2024,2024,47.983552,-119.887492,CRU,CRU - Upper Chewuch Instream Array,2024-08-15 01:31:46,2024-08-15 01:31:53,1
3DD.0078E13C15,Starr Boat Launch,8/1/2024,2024,47.983552,-119.887492,CRW,CRW - Chewuch River above Winthrop,2024-08-11 22:13:25,2024-08-11 22:15:34,1
3DD.0078E13C15,Starr Boat Launch,8/1/2024,2024,47.983552,-119.887492,LMR,LMR - Lower Methow River at Pateros,2024-08-03 03:49:00,2024-08-03 03:49:00,1
3DD.0078E13C16,Starr Boat Launch,8/8/2024,2024,47.983552,-119.887492,LMR,LMR - Lower Methow River at Pateros,2024-08-09 22:17:26,2024-08-09 22:17:34,1
3DD.0078E13C17,Starr Boat Launch,8/8/2024,2024,47.983552,-119.887492,LMR,LMR - Lower Methow River at Pateros,2024-08-09 23:15:33,2024-08-09 23:15:48,1
3DD.0078E13C17,Starr Boat Launch,8/8/2024,2024,47.983552,-119.887492,MRC,MRC - Methow River at Carlton,2024-08-15 01:54:30,2025-05-28 22:23:56,1
3DD.0078E13C1B,Starr Boat Launch,8/8/2024,2024,47.983552,-119.887492,OKL,OKL - Lower Okanogan Instream Array,2025-05-31 00:39:10,2025-05-31 00:39:21,1
3DD.0078E13C1C,Starr Boat Launch,8/8/2024,2024,47.983552,-119.887492,LMR,LMR - Lower Methow River at Pateros,2024-08-09 21:56:59,2024-08-09 21:56:59,1
3DD.0078E13C1E,Starr Boat Launch,8/8/2024,2024,47.983552,-119.887492,WEA,"WEA - Wells Dam, DCPUD Adult Ladders",2024-09-14 06:58:28,2024-09-14 07:28:57,1
3DD.0078E13C1F,Starr Boat Launch,8/8/2024,2024,47.983552,-119.887492,LMR,LMR - Lower Methow River at Pateros,2024-08-09 21:53:20,2024-08-09 21:53:27,1
3DD.0078E13C21,Starr Boat Launch,8/8/2024,2024,47.983552,-119.887492,LMR,LMR - Lower Methow River at Pateros,2024-08-09 21:26:20,2024-08-09 21:26:33,1
3DD.0078E13C22,Starr Boat Launch,8/1/2024,2024,47.983552,-119.887492,LMR,LMR - Lower Methow River at Pateros,2024-08-03 03:07:08,2024-08-03 03:07:08,1
3DD.0078E13C23,Starr Boat Launch,8/8/2024,2024,47.983552,-119.887492,LMR,LMR - Lower Methow River at Pateros,2024-08-09 21:54:47,2024-08-09 21:54:53,1
3DD.0078E13C24,Starr Boat Launch,8/1/2024,2024,47.983552,-119.887492,LMR,LMR - Lower Methow River at Pateros,2024-08-03 02:21:15,2024-08-03 02:21:22,1
3DD.0078E13C25,Starr Boat Launch,8/8/2024,2024,47.983552,-119.887492,LMR,LMR - Lower Methow River at Pateros,2024-08-09 04:07:06,2024-08-09 04:07:17,1
3DD.0078E13C28,Starr Boat Launch,8/8/2024,2024,47.983552,-119.887492,OKL,OKL - Lower Okanogan Instream Array,2025-03-28 05:06:33,2025-03-28 05:06:45,1
3DD.0078E13C2A,Starr Boat Launch,8/1/2024,2024,47.983552,-119.887492,OKL,OKL - Lower Okanogan Instream Array,2024-08-09 01:40:37,2024-08-09 01:40:37,1
3DD.0078E13C2C,Starr Boat Launch,8/8/2024,2024,47.983552,-119.887492,LMR,LMR - Lower Methow River at Pateros,2024-08-09 21:56:48,2024-08-09 21:56:55,1
3DD.0078E13C2C,Starr Boat Launch,8/8/2024,2024,47.983552,-119.887492,MRC,MRC - Methow River at Carlton,2024-08-14 22:08:06,2024-08-14 22:08:06,1
3DD.0078E13C2D,Starr Boat Launch,8/8/2024,2024,47.983552,-119.887492,LMR,LMR - Lower Methow River at Pateros,2024-08-09 22:06:30,2024-08-09 22:06:43,1
3DD.0078E13C2D,Starr Boat Launch,8/8/2024,2024,47.983552,-119.887492,MRC,MRC - Methow River at Carlton,2025-06-08 03:43:04,2025-06-08 03:43:04,1
3DD.0078E13C2E,Starr Boat Launch,8/1/2024,2024,47.983552,-119.887492,LMR,LMR - Lower Methow River at Pateros,2024-08-02 21:27:07,2025-06-25 00:50:56,1
3DD.0078E13C2F,Starr Boat Launch,8/8/2024,2024,47.983552,-119.887492,LMR,LMR - Lower Methow River at Pateros,2024-08-09 22:13:47,2024-08-09 22:13:47,1
3DD.0078E13C2F,Starr Boat Launch,8/8/2024,2024,47.983552,-119.887492,MRC,MRC - Methow River at Carlton,2024-08-14 20:40:49,2024-08-14 20:40:49,1
3DD.0078E13C31,Starr Boat Launch,7/24/2025,2025,47.983552,-119.887492,MRC,MRC - Methow River at Carlton,2025-07-30 01:28:45,2025-07-30 01:28:45,1
3DD.0078E13C32,Starr Boat Launch,9/5/2024,2024,47.983552,-119.887492,LMR,LMR - Lower Methow River at Pateros,2024-09-07 23:45:27,2025-06-27 23:19:00,1
3DD.0078E13C34,Starr Boat Launch,9/5/2024,2024,47.983552,-119.887492,LMR,LMR - Lower Methow River at Pateros,2024-09-06 04:00:46,2024-09-06 04:00:56,1
3DD.0078E13C34,Starr Boat Launch,9/5/2024,2024,47.983552,-119.887492,MRC,MRC - Methow River at Carlton,2024-09-10 04:18:11,2024-09-10 04:18:11,1
3DD.0078E13C35,Starr Boat Launch,9/5/2024,2024,47.983552,-119.887492,LMR,LMR - Lower Methow River at Pateros,2024-09-06 23:55:04,2024-09-06 23:55:32,1
3DD.0078E13C36,Starr Boat Launch,9/5/2024,2024,47.983552,-119.887492,LMR,LMR - Lower Methow River at Pateros,2024-09-06 20:04:21,2024-09-06 20:04:32,1
3DD.0078E13C36,Starr Boat Launch,9/5/2024,2024,47.983552,-119.887492,MRC,MRC - Methow River at Carlton,2024-09-10 21:15:02,2024-09-10 21:15:02,1
3DD.0078E13C37,Starr Boat Launch,9/5/2024,2024,47.983552,-119.887492,LMR,LMR - Lower Methow River at Pateros,2024-09-08 01:57:14,2024-09-08 01:57:14,1
3DD.0078E13C37,Starr Boat Launch,9/5/2024,2024,47.983552,-119.887492,MRC,MRC - Methow River at Carlton,2024-09-11 23:06:51,2024-09-11 23:06:51,1
3DD.0078E13C38,Starr Boat Launch,7/24/2025,2025,47.983552,-119.887492,OKL,OKL - Lower Okanogan Instream Array,2025-12-21 17:44:59,2025-12-21 17:45:13,1
3DD.0078E13C3B,Starr Boat Launch,9/5/2024,2024,47.983552,-119.887492,OKL,OKL - Lower Okanogan Instream Array,2024-09-07 20:23:49,2024-09-07 20:23:49,1
3DD.0078E13C3C,Starr Boat Launch,7/24/2025,2025,47.983552,-119.887492,LMR,LMR - Lower Methow River at Pateros,2025-07-26 21:54:03,2025-07-26 21:54:17,1
3DD.0078E13C3D,Starr Boat Launch,9/5/2024,2024,47.983552,-119.887492,OKL,OKL - Lower Okanogan Instream Array,2025-06-17 14:47:29,2025-06-17 14:47:43,1
3DD.0078E13C40,Starr Boat Launch,9/5/2024,2024,47.983552,-119.887492,LMR,LMR - Lower Methow River at Pateros,2024-09-06 19:21:50,2024-09-06 19:21:57,1
3DD.0078E13C40,Starr Boat Launch,9/5/2024,2024,47.983552,-119.887492,MRC,MRC - Methow River at Carlton,2024-09-10 19:36:42,2024-09-10 19:36:42,1
3DD.0078E13C41,Starr Boat Launch,7/24/2025,2025,47.983552,-119.887492,CRW,CRW - Chewuch River above Winthrop,2025-08-18 22:13:06,2026-05-28 20:42:50,1
3DD.0078E13C41,Starr Boat Launch,7/24/2025,2025,47.983552,-119.887492,LMR,LMR - Lower Methow River at Pateros,2025-07-26 23:15:41,2025-07-26 23:15:48,1
3DD.0078E13C41,Starr Boat Launch,7/24/2025,2025,47.983552,-119.887492,MRC,MRC - Methow River at Carlton,2025-07-31 22:49:37,2025-07-31 22:49:37,1
3DD.0078E13C43,Starr Boat Launch,7/24/2025,2025,47.983552,-119.887492,OKL,OKL - Lower Okanogan Instream Array,2025-07-27 00:31:35,2025-07-27 00:31:43,1
3DD.0078E13C44,Starr Boat Launch,7/24/2025,2025,47.983552,-119.887492,CRU,CRU - Upper Chewuch Instream Array,2025-08-06 01:37:59,2026-06-02 18:22:06,1
3DD.0078E13C44,Starr Boat Launch,7/24/2025,2025,47.983552,-119.887492,CRW,CRW - Chewuch River above Winthrop,2025-08-02 22:33:31,2025-08-02 22:35:03,1
3DD.0078E13C44,Starr Boat Launch,7/24/2025,2025,47.983552,-119.887492,LMR,LMR - Lower Methow River at Pateros,2025-07-25 22:30:20,2025-07-25 22:30:20,1
3DD.0078E13C44,Starr Boat Launch,7/24/2025,2025,47.983552,-119.887492,MRC,MRC - Methow River at Carlton,2025-07-30 01:23:42,2025-07-30 01:23:42,1
3DD.0078E13C46,Starr Boat Launch,9/5/2024,2024,47.983552,-119.887492,CML,CML - Chewuch River Middle Lower,2024-09-14 02:51:41,2024-09-14 02:51:41,1
3DD.0078E13C46,Starr Boat Launch,9/5/2024,2024,47.983552,-119.887492,CRW,CRW - Chewuch River above Winthrop,2024-09-13 20:55:42,2024-09-13 20:57:32,1
3DD.0078E13C46,Starr Boat Launch,9/5/2024,2024,47.983552,-119.887492,LMR,LMR - Lower Methow River at Pateros,2024-09-06 19:52:22,2024-09-06 19:53:01,1
3DD.0078E13C46,Starr Boat Launch,9/5/2024,2024,47.983552,-119.887492,MRC,MRC - Methow River at Carlton,2024-09-10 20:21:14,2024-09-10 20:21:14,1
3DD.0078E13C49,Starr Boat Launch,9/5/2024,2024,47.983552,-119.887492,OKL,OKL - Lower Okanogan Instream Array,2024-09-07 20:36:24,2024-09-07 20:36:29,1
3DD.0078E13C4A,Starr Boat Launch,7/24/2025,2025,47.983552,-119.887492,LMR,LMR - Lower Methow River at Pateros,2025-07-26 00:41:53,2025-07-26 00:41:53,1
3DD.0078E13C4B,Starr Boat Launch,9/5/2024,2024,47.983552,-119.887492,OKL,OKL - Lower Okanogan Instream Array,2025-06-12 02:30:13,2025-06-12 02:30:13,1
3DD.0078E13C4C,Starr Boat Launch,7/24/2025,2025,47.983552,-119.887492,OKL,OKL - Lower Okanogan Instream Array,2025-07-28 00:51:14,2025-07-28 00:51:22,1
3DD.0078E13C4D,Starr Boat Launch,9/5/2024,2024,47.983552,-119.887492,OKL,OKL - Lower Okanogan Instream Array,2024-09-08 04:41:11,2024-09-08 04:41:19,1
3DD.0078E13C4E,Starr Boat Launch,7/24/2025,2025,47.983552,-119.887492,LMR,LMR - Lower Methow River at Pateros,2025-07-26 00:40:16,2025-07-26 00:40:27,1
3DD.0078E13C4E,Starr Boat Launch,7/24/2025,2025,47.983552,-119.887492,MRC,MRC - Methow River at Carlton,2025-07-31 02:06:46,2026-06-06 02:51:01,1
3DD.0078E13C4F,Starr Boat Launch,9/5/2024,2024,47.983552,-119.887492,CML,CML - Chewuch River Middle Lower,2025-07-04 22:30:13,2025-07-04 22:30:13,1
3DD.0078E13C4F,Starr Boat Launch,9/5/2024,2024,47.983552,-119.887492,CRU,CRU - Upper Chewuch Instream Array,2025-07-08 01:59:16,2025-07-08 01:59:22,1
3DD.0078E13C4F,Starr Boat Launch,9/5/2024,2024,47.983552,-119.887492,CRW,CRW - Chewuch River above Winthrop,2025-07-03 23:34:14,2025-07-03 23:36:42,1
3DD.0078E13C4F,Starr Boat Launch,9/5/2024,2024,47.983552,-119.887492,LMR,LMR - Lower Methow River at Pateros,2025-06-07 21:58:23,2025-06-07 21:58:23,1
3DD.0078E13C4F,Starr Boat Launch,9/5/2024,2024,47.983552,-119.887492,MRC,MRC - Methow River at Carlton,2025-06-26 23:51:49,2025-06-26 23:51:49,1
3DD.0078E13C50,Starr Boat Launch,7/24/2025,2025,47.983552,-119.887492,CRW,CRW - Chewuch River above Winthrop,2026-05-24 09:05:45,2026-05-24 11:49:00,1
3DD.0078E13C50,Starr Boat Launch,7/24/2025,2025,47.983552,-119.887492,LMR,LMR - Lower Methow River at Pateros,2025-07-25 23:05:45,2025-07-25 23:05:45,1
3DD.0078E13C50,Starr Boat Launch,7/24/2025,2025,47.983552,-119.887492,MRC,MRC - Methow River at Carlton,2025-07-30 20:48:15,2025-07-30 20:48:15,1
3DD.0078E13C51,Starr Boat Launch,9/5/2024,2024,47.983552,-119.887492,LMR,LMR - Lower Methow River at Pateros,2024-09-06 20:08:37,2024-09-06 20:08:37,1
3DD.0078E13C52,Starr Boat Launch,7/24/2025,2025,47.983552,-119.887492,LMR,LMR - Lower Methow River at Pateros,2025-07-25 22:44:35,2025-07-25 22:44:44,1
3DD.0078E13C52,Starr Boat Launch,7/24/2025,2025,47.983552,-119.887492,MRC,MRC - Methow River at Carlton,2025-07-29 22:12:33,2025-07-29 22:12:33,1
3DD.0078E13C53,Starr Boat Launch,7/24/2025,2025,47.983552,-119.887492,CRW,CRW - Chewuch River above Winthrop,2026-05-05 00:03:18,2026-06-16 15:51:43,1
3DD.0078E13C53,Starr Boat Launch,7/24/2025,2025,47.983552,-119.887492,LMR,LMR - Lower Methow River at Pateros,2025-07-27 21:42:12,2025-07-27 21:42:12,1
3DD.0078E13C53,Starr Boat Launch,7/24/2025,2025,47.983552,-119.887492,MRC,MRC - Methow River at Carlton,2025-08-03 21:31:44,2025-08-03 21:31:44,1
3DD.0078E13C55,Starr Boat Launch,9/5/2024,2024,47.983552,-119.887492,LMR,LMR - Lower Methow River at Pateros,2024-09-06 22:08:31,2024-09-06 22:08:39,1
3DD.0078E13C56,Starr Boat Launch,7/24/2025,2025,47.983552,-119.887492,LMR,LMR - Lower Methow River at Pateros,2025-07-26 00:22:23,2025-07-26 00:22:23,1
3DD.0078E13C56,Starr Boat Launch,7/24/2025,2025,47.983552,-119.887492,MRC,MRC - Methow River at Carlton,2025-07-29 23:20:31,2026-06-22 02:59:08,1
3DD.0078E13C58,Starr Boat Launch,9/5/2024,2024,47.983552,-119.887492,LMR,LMR - Lower Methow River at Pateros,2024-09-06 04:25:25,2024-09-06 04:25:31,1
3DD.0078E13C58,Starr Boat Launch,9/5/2024,2024,47.983552,-119.887492,MRC,MRC - Methow River at Carlton,2024-09-10 01:28:30,2024-09-10 01:28:30,1
3DD.0078E13C59,Starr Boat Launch,9/5/2024,2024,47.983552,-119.887492,LMR,LMR - Lower Methow River at Pateros,2024-09-06 03:58:42,2024-09-06 03:58:51,1
3DD.0078E13C5B,Starr Boat Launch,7/24/2025,2025,47.983552,-119.887492,CRU,CRU - Upper Chewuch Instream Array,2025-08-10 23:17:43,2026-05-20 22:45:19,1
3DD.0078E13C5B,Starr Boat Launch,7/24/2025,2025,47.983552,-119.887492,CRW,CRW - Chewuch River above Winthrop,2025-08-04 22:13:17,2025-08-04 22:14:40,1
3DD.0078E13C5B,Starr Boat Launch,7/24/2025,2025,47.983552,-119.887492,LMR,LMR - Lower Methow River at Pateros,2025-07-25 23:52:56,2025-07-25 23:52:56,1
3DD.0078E13C5B,Starr Boat Launch,7/24/2025,2025,47.983552,-119.887492,MRC,MRC - Methow River at Carlton,2025-07-30 03:10:54,2025-07-30 03:10:54,1
3DD.0078E13C5C,Starr Boat Launch,7/24/2025,2025,47.983552,-119.887492,CRW,CRW - Chewuch River above Winthrop,2025-08-02 22:39:26,2025-08-02 22:40:44,1
3DD.0078E13C5C,Starr Boat Launch,7/24/2025,2025,47.983552,-119.887492,LMR,LMR - Lower Methow River at Pateros,2025-07-25 22:41:19,2025-07-25 22:41:19,1
3DD.0078E13C5C,Starr Boat Launch,7/24/2025,2025,47.983552,-119.887492,MRC,MRC - Methow River at Carlton,2025-07-30 01:01:29,2025-07-30 01:01:29,1
3DD.0078E13C5D,Starr Boat Launch,7/24/2025,2025,47.983552,-119.887492,CRW,CRW - Chewuch River above Winthrop,2025-08-06 02:01:32,2026-06-16 22:36:38,1
3DD.0078E13C5D,Starr Boat Launch,7/24/2025,2025,47.983552,-119.887492,LMR,LMR - Lower Methow River at Pateros,2025-07-26 03:29:02,2025-07-26 03:29:02,1
3DD.0078E13C5D,Starr Boat Launch,7/24/2025,2025,47.983552,-119.887492,MRC,MRC - Methow River at Carlton,2025-07-31 02:27:17,2025-07-31 02:27:17,1
3DD.0078E13C5E,Starr Boat Launch,7/24/2025,2025,47.983552,-119.887492,OKL,OKL - Lower Okanogan Instream Array,2025-07-27 00:26:57,2025-07-27 00:27:05,1
3DD.0078E13C5F,Starr Boat Launch,9/5/2024,2024,47.983552,-119.887492,LMR,LMR - Lower Methow River at Pateros,2024-09-07 21:15:53,2024-09-07 21:15:53,1
3DD.0078E13C5F,Starr Boat Launch,9/5/2024,2024,47.983552,-119.887492,MRC,MRC - Methow River at Carlton,2025-04-20 22:34:51,2025-04-20 22:34:51,1
3DD.0078E13C60,Starr Boat Launch,9/5/2024,2024,47.983552,-119.887492,OKL,OKL - Lower Okanogan Instream Array,2025-05-07 19:37:27,2025-05-07 19:37:39,1
3DD.0078E13C61,Starr Boat Launch,7/24/2025,2025,47.983552,-119.887492,CRU,CRU - Upper Chewuch Instream Array,2025-08-06 22:28:47,2026-06-03 20:03:32,1
3DD.0078E13C61,Starr Boat Launch,7/24/2025,2025,47.983552,-119.887492,CRW,CRW - Chewuch River above Winthrop,2025-08-03 02:01:12,2025-08-03 02:02:36,1
3DD.0078E13C61,Starr Boat Launch,7/24/2025,2025,47.983552,-119.887492,LMR,LMR - Lower Methow River at Pateros,2025-07-26 00:41:01,2025-07-26 00:41:12,1
3DD.0078E13C61,Starr Boat Launch,7/24/2025,2025,47.983552,-119.887492,MRC,MRC - Methow River at Carlton,2025-07-30 02:48:59,2025-07-30 02:48:59,1
3DD.0078E13C62,Starr Boat Launch,9/5/2024,2024,47.983552,-119.887492,LMR,LMR - Lower Methow River at Pateros,2024-09-06 23:44:26,2024-09-06 23:44:33,1
3DD.0078E13C64,Starr Boat Launch,9/5/2024,2024,47.983552,-119.887492,LMR,LMR - Lower Methow River at Pateros,2025-04-12 01:20:42,2025-04-12 01:20:55,1
3DD.0078E13C67,Starr Boat Launch,7/24/2025,2025,47.983552,-119.887492,CRU,CRU - Upper Chewuch Instream Array,2025-08-04 20:40:33,2026-06-23 14:27:21,1
3DD.0078E13C67,Starr Boat Launch,7/24/2025,2025,47.983552,-119.887492,CRW,CRW - Chewuch River above Winthrop,2025-08-02 01:39:16,2025-08-02 01:40:32,1
3DD.0078E13C67,Starr Boat Launch,7/24/2025,2025,47.983552,-119.887492,LMR,LMR - Lower Methow River at Pateros,2025-07-26 00:33:13,2025-07-26 00:33:20,1
3DD.0078E13C67,Starr Boat Launch,7/24/2025,2025,47.983552,-119.887492,MRC,MRC - Methow River at Carlton,2025-07-29 23:15:16,2025-07-29 23:15:16,1
3DD.0078E13C69,Starr Boat Launch,7/24/2025,2025,47.983552,-119.887492,OKL,OKL - Lower Okanogan Instream Array,2026-06-02 20:38:13,2026-06-02 20:39:10,1
3DD.0078E13C6B,Starr Boat Launch,9/5/2024,2024,47.983552,-119.887492,OKL,OKL - Lower Okanogan Instream Array,2024-09-07 20:28:35,2024-09-07 20:28:35,1
3DD.0078E13C6E,Starr Boat Launch,7/24/2025,2025,47.983552,-119.887492,CRW,CRW - Chewuch River above Winthrop,2026-05-29 09:19:04,2026-07-04 20:41:24,1
3DD.0078E13C6E,Starr Boat Launch,7/24/2025,2025,47.983552,-119.887492,MRC,MRC - Methow River at Carlton,2025-07-30 21:27:58,2025-07-30 21:27:58,1
3DD.0078E13C70,Starr Boat Launch,7/24/2025,2025,47.983552,-119.887492,LMR,LMR - Lower Methow River at Pateros,2025-07-26 01:07:24,2025-07-26 01:07:24,1
3DD.0078E13C70,Starr Boat Launch,7/24/2025,2025,47.983552,-119.887492,MRC,MRC - Methow River at Carlton,2025-07-31 22:51:40,2025-07-31 22:51:40,1
3DD.0078E13C71,Starr Boat Launch,9/5/2024,2024,47.983552,-119.887492,LMR,LMR - Lower Methow River at Pateros,2025-04-19 23:32:31,2025-05-24 20:17:17,1
3DD.0078E13C72,Starr Boat Launch,7/24/2025,2025,47.983552,-119.887492,OKL,OKL - Lower Okanogan Instream Array,2025-12-18 13:07:52,2025-12-18 13:08:19,1
3DD.0078E13C73,Starr Boat Launch,7/24/2025,2025,47.983552,-119.887492,CRU,CRU - Upper Chewuch Instream Array,2025-08-07 04:05:29,2025-08-07 04:05:52,1
3DD.0078E13C73,Starr Boat Launch,7/24/2025,2025,47.983552,-119.887492,CRW,CRW - Chewuch River above Winthrop,2025-08-03 21:06:49,2025-08-03 21:06:49,1
3DD.0078E13C73,Starr Boat Launch,7/24/2025,2025,47.983552,-119.887492,LMR,LMR - Lower Methow River at Pateros,2025-07-26 01:09:42,2025-07-26 01:09:50,1
3DD.0078E13C73,Starr Boat Launch,7/24/2025,2025,47.983552,-119.887492,MRC,MRC - Methow River at Carlton,2025-07-31 00:17:06,2025-07-31 00:17:06,1
3DD.0078E13C74,Starr Boat Launch,9/5/2024,2024,47.983552,-119.887492,LMR,LMR - Lower Methow River at Pateros,2024-09-07 00:02:53,2024-09-07 00:03:03,1
3DD.0078E13C74,Starr Boat Launch,9/5/2024,2024,47.983552,-119.887492,MRC,MRC - Methow River at Carlton,2024-09-10 20:04:16,2024-09-10 20:04:16,1
3DD.0078E13C75,Starr Boat Launch,9/5/2024,2024,47.983552,-119.887492,OKL,OKL - Lower Okanogan Instream Array,2025-03-30 16:20:57,2025-03-30 16:21:13,1
3DD.0078E13C76,Starr Boat Launch,7/24/2025,2025,47.983552,-119.887492,OKL,OKL - Lower Okanogan Instream Array,2025-12-16 17:40:04,2025-12-16 17:40:29,1
3DD.0078E13C78,Starr Boat Launch,7/24/2025,2025,47.983552,-119.887492,CRW,CRW - Chewuch River above Winthrop,2025-08-02 23:21:09,2025-08-02 23:22:41,1
3DD.0078E13C78,Starr Boat Launch,7/24/2025,2025,47.983552,-119.887492,LMR,LMR - Lower Methow River at Pateros,2025-07-26 01:45:48,2025-07-26 01:45:59,1
3DD.0078E13C78,Starr Boat Launch,7/24/2025,2025,47.983552,-119.887492,MRC,MRC - Methow River at Carlton,2025-07-30 21:03:42,2025-07-30 21:03:42,1
3DD.0078E13C7A,Starr Boat Launch,7/24/2025,2025,47.983552,-119.887492,CRW,CRW - Chewuch River above Winthrop,2025-08-03 03:09:40,2026-06-04 23:11:56,1
3DD.0078E13C7A,Starr Boat Launch,7/24/2025,2025,47.983552,-119.887492,LMR,LMR - Lower Methow River at Pateros,2025-07-26 00:46:44,2025-07-26 00:46:44,1
3DD.0078E13C7A,Starr Boat Launch,7/24/2025,2025,47.983552,-119.887492,MRC,MRC - Methow River at Carlton,2025-07-31 00:24:28,2025-07-31 00:24:28,1
3DD.0078E13C7B,Starr Boat Launch,9/5/2024,2024,47.983552,-119.887492,OKL,OKL - Lower Okanogan Instream Array,2024-09-10 01:40:35,2024-09-10 01:40:35,1
3DD.0078E13C7C,Starr Boat Launch,9/5/2024,2024,47.983552,-119.887492,LMR,LMR - Lower Methow River at Pateros,2024-09-06 02:53:40,2024-09-06 02:53:49,1
3DD.0078E13C7C,Starr Boat Launch,9/5/2024,2024,47.983552,-119.887492,MRC,MRC - Methow River at Carlton,2024-09-10 00:45:57,2024-09-10 00:45:57,1
3DD.0078E13C7D,Starr Boat Launch,9/5/2024,2024,47.983552,-119.887492,CRW,CRW - Chewuch River above Winthrop,2024-09-12 19:23:24,2025-05-25 21:12:28,1
3DD.0078E13C7D,Starr Boat Launch,9/5/2024,2024,47.983552,-119.887492,LMR,LMR - Lower Methow River at Pateros,2024-09-06 02:38:40,2024-09-06 02:38:47,1
3DD.0078E13C7D,Starr Boat Launch,9/5/2024,2024,47.983552,-119.887492,MRC,MRC - Methow River at Carlton,2024-09-09 03:34:43,2024-09-09 03:34:43,1
3DD.0078E13C7E,Starr Boat Launch,9/5/2024,2024,47.983552,-119.887492,LMR,LMR - Lower Methow River at Pateros,2024-09-06 03:04:44,2024-09-06 03:04:52,1
3DD.0078E13C7E,Starr Boat Launch,9/5/2024,2024,47.983552,-119.887492,MRC,MRC - Methow River at Carlton,2024-09-09 23:53:14,2025-05-29 17:55:28,1
3DD.0078E13C7F,Starr Boat Launch,7/24/2025,2025,47.983552,-119.887492,CRW,CRW - Chewuch River above Winthrop,2026-06-12 00:14:41,2026-06-15 13:10:24,1
3DD.0078E13C7F,Starr Boat Launch,7/24/2025,2025,47.983552,-119.887492,LMR,LMR - Lower Methow River at Pateros,2025-07-27 21:54:34,2025-07-27 21:54:34,1
3DD.0078E13C7F,Starr Boat Launch,7/24/2025,2025,47.983552,-119.887492,MRC,MRC - Methow River at Carlton,2025-07-31 20:41:10,2025-07-31 20:41:10,1
3DD.0078E13C7F,Starr Boat Launch,7/24/2025,2025,47.983552,-119.887492,MRW,MRW - Methow River at Winthrop,2025-08-03 02:45:32,2025-08-03 02:46:02,1
3DD.0078E13C81,Starr Boat Launch,7/24/2025,2025,47.983552,-119.887492,OKL,OKL - Lower Okanogan Instream Array,2025-07-28 02:46:31,2025-07-28 02:46:41,1
3DD.0078E13C82,Starr Boat Launch,9/5/2024,2024,47.983552,-119.887492,LMR,LMR - Lower Methow River at Pateros,2024-09-06 21:02:01,2024-09-06 21:02:09,1
3DD.0078E13C84,Starr Boat Launch,7/24/2025,2025,47.983552,-119.887492,LMR,LMR - Lower Methow River at Pateros,2025-07-26 01:55:41,2025-07-26 01:55:48,1
3DD.0078E13C84,Starr Boat Launch,7/24/2025,2025,47.983552,-119.887492,MRC,MRC - Methow River at Carlton,2025-07-30 21:01:27,2025-07-30 21:01:27,1
3DD.0078E13C84,Starr Boat Launch,7/24/2025,2025,47.983552,-119.887492,TWR,TWR - Lwr Twisp Rvr near MSRF Ponds,2025-08-01 22:42:46,2025-08-01 22:42:57,1
3DD.0078E13C85,Starr Boat Launch,7/24/2025,2025,47.983552,-119.887492,LMR,LMR - Lower Methow River at Pateros,2025-07-25 23:18:24,2025-07-25 23:18:32,1
3DD.0078E13C85,Starr Boat Launch,7/24/2025,2025,47.983552,-119.887492,MRC,MRC - Methow River at Carlton,2025-07-29 22:37:48,2025-07-29 22:37:48,1
3DD.0078E13C86,Starr Boat Launch,9/5/2024,2024,47.983552,-119.887492,LMR,LMR - Lower Methow River at Pateros,2024-09-10 00:59:58,2024-09-10 01:00:08,1
3DD.0078E13C86,Starr Boat Launch,9/5/2024,2024,47.983552,-119.887492,MRC,MRC - Methow River at Carlton,2024-09-14 00:58:41,2024-09-14 00:58:41,1
3DD.0078E13C87,Starr Boat Launch,7/24/2025,2025,47.983552,-119.887492,WEA,"WEA - Wells Dam, DCPUD Adult Ladders",2025-07-25 09:45:51,2025-07-25 09:48:33,1
3DD.0078E13C88,Starr Boat Launch,7/24/2025,2025,47.983552,-119.887492,OKL,OKL - Lower Okanogan Instream Array,2025-07-27 01:18:31,2026-06-03 08:43:44,1
3DD.0078E13C89,Starr Boat Launch,7/24/2025,2025,47.983552,-119.887492,CRW,CRW - Chewuch River above Winthrop,2025-08-03 21:00:00,2025-08-03 21:01:36,1
3DD.0078E13C89,Starr Boat Launch,7/24/2025,2025,47.983552,-119.887492,LMR,LMR - Lower Methow River at Pateros,2025-07-26 00:11:50,2025-07-26 00:11:57,1
3DD.0078E13C89,Starr Boat Launch,7/24/2025,2025,47.983552,-119.887492,MRC,MRC - Methow River at Carlton,2025-07-30 22:46:05,2025-07-30 22:46:05,1
3DD.0078E13C8A,Starr Boat Launch,7/24/2025,2025,47.983552,-119.887492,LMR,LMR - Lower Methow River at Pateros,2025-07-26 00:07:59,2025-07-26 00:08:08,1
3DD.0078E13C8A,Starr Boat Launch,7/24/2025,2025,47.983552,-119.887492,MRC,MRC - Methow River at Carlton,2025-07-30 22:46:54,2026-06-21 16:07:26,1
3DD.0078E13C8B,Starr Boat Launch,9/5/2024,2024,47.983552,-119.887492,LMR,LMR - Lower Methow River at Pateros,2025-05-14 01:52:46,2025-05-14 01:53:28,1
3DD.0078E13C8C,Starr Boat Launch,7/24/2025,2025,47.983552,-119.887492,OKL,OKL - Lower Okanogan Instream Array,2025-07-27 23:53:40,2025-07-27 23:53:40,1
3DD.0078E13C8E,Starr Boat Launch,7/24/2025,2025,47.983552,-119.887492,LMR,LMR - Lower Methow River at Pateros,2025-07-29 01:39:04,2025-07-29 01:39:04,1
3DD.0078E13C8E,Starr Boat Launch,7/24/2025,2025,47.983552,-119.887492,MRC,MRC - Methow River at Carlton,2025-08-03 00:48:35,2025-08-03 00:48:35,1
3DD.0078E13C8F,Starr Boat Launch,7/24/2025,2025,47.983552,-119.887492,CRU,CRU - Upper Chewuch Instream Array,2025-08-08 00:55:46,2026-06-15 10:16:04,1
3DD.0078E13C8F,Starr Boat Launch,7/24/2025,2025,47.983552,-119.887492,CRW,CRW - Chewuch River above Winthrop,2025-08-03 03:22:15,2026-06-20 21:04:02,1
3DD.0078E13C8F,Starr Boat Launch,7/24/2025,2025,47.983552,-119.887492,LMR,LMR - Lower Methow River at Pateros,2025-07-25 23:50:01,2025-07-25 23:50:07,1
3DD.0078E13C8F,Starr Boat Launch,7/24/2025,2025,47.983552,-119.887492,MRC,MRC - Methow River at Carlton,2025-07-30 22:33:30,2025-07-30 22:33:30,1
3DD.0078E13C90,Starr Boat Launch,7/24/2025,2025,47.983552,-119.887492,OKL,OKL - Lower Okanogan Instream Array,2026-03-24 06:55:20,2026-03-24 06:58:27,1
3DD.0078E13C91,Starr Boat Launch,7/24/2025,2025,47.983552,-119.887492,OKL,OKL - Lower Okanogan Instream Array,2026-04-18 05:22:50,2026-06-18 04:55:53,1
3DD.0078E13C92,Starr Boat Launch,7/24/2025,2025,47.983552,-119.887492,CRW,CRW - Chewuch River above Winthrop,2025-08-03 22:19:49,2025-08-03 22:21:43,1
3DD.0078E13C92,Starr Boat Launch,7/24/2025,2025,47.983552,-119.887492,LMR,LMR - Lower Methow River at Pateros,2025-07-25 22:10:35,2025-07-25 22:10:35,1
3DD.0078E13C92,Starr Boat Launch,7/24/2025,2025,47.983552,-119.887492,MRC,MRC - Methow River at Carlton,2025-07-29 02:18:57,2025-07-29 02:18:57,1
3DD.0078E13C93,Starr Boat Launch,7/24/2025,2025,47.983552,-119.887492,CRW,CRW - Chewuch River above Winthrop,2025-08-06 01:19:55,2026-06-01 23:27:17,1
3DD.0078E13C93,Starr Boat Launch,7/24/2025,2025,47.983552,-119.887492,LMR,LMR - Lower Methow River at Pateros,2025-07-26 03:18:59,2025-07-26 03:19:05,1
3DD.0078E13C93,Starr Boat Launch,7/24/2025,2025,47.983552,-119.887492,MRC,MRC - Methow River at Carlton,2025-07-31 22:59:38,2025-07-31 22:59:38,1
3DD.0078E13C95,Starr Boat Launch,7/24/2025,2025,47.983552,-119.887492,LMR,LMR - Lower Methow River at Pateros,2025-07-26 01:57:22,2025-07-26 01:57:22,1
3DD.0078E13C96,Starr Boat Launch,7/24/2025,2025,47.983552,-119.887492,CRW,CRW - Chewuch River above Winthrop,2025-08-03 01:31:49,2025-08-03 01:33:27,1
3DD.0078E13C96,Starr Boat Launch,7/24/2025,2025,47.983552,-119.887492,LMR,LMR - Lower Methow River at Pateros,2025-07-25 23:31:35,2025-07-25 23:31:46,1
3DD.0078E13C96,Starr Boat Launch,7/24/2025,2025,47.983552,-119.887492,MRC,MRC - Methow River at Carlton,2025-07-30 22:37:14,2025-07-30 22:37:14,1
3DD.0078E13C97,Starr Boat Launch,7/24/2025,2025,47.983552,-119.887492,OKL,OKL - Lower Okanogan Instream Array,2025-07-26 21:22:45,2025-07-26 21:22:53,1
3DD.0078E13C98,Starr Boat Launch,7/24/2025,2025,47.983552,-119.887492,MRC,MRC - Methow River at Carlton,2025-07-30 21:38:18,2025-07-30 21:38:18,1
3DD.0078E13C99,Starr Boat Launch,7/24/2025,2025,47.983552,-119.887492,LMR,LMR - Lower Methow River at Pateros,2025-07-26 00:32:10,2025-07-26 00:32:18,1
3DD.0078E13C99,Starr Boat Launch,7/24/2025,2025,47.983552,-119.887492,MRC,MRC - Methow River at Carlton,2025-08-04 01:41:16,2025-08-04 01:41:16,1
3DD.0078E13C9A,Starr Boat Launch,7/17/2025,2025,47.983552,-119.887492,LMR,LMR - Lower Methow River at Pateros,2025-07-18 23:43:07,2025-07-18 23:43:22,1
3DD.0078E13C9B,Starr Boat Launch,7/24/2025,2025,47.983552,-119.887492,CRU,CRU - Upper Chewuch Instream Array,2025-08-09 02:58:42,2026-06-06 22:43:33,1
3DD.0078E13C9B,Starr Boat Launch,7/24/2025,2025,47.983552,-119.887492,CRW,CRW - Chewuch River above Winthrop,2025-08-03 01:44:02,2025-08-03 01:45:27,1
3DD.0078E13C9B,Starr Boat Launch,7/24/2025,2025,47.983552,-119.887492,LMR,LMR - Lower Methow River at Pateros,2025-07-26 01:50:43,2025-07-26 01:50:43,1
3DD.0078E13C9B,Starr Boat Launch,7/24/2025,2025,47.983552,-119.887492,MRC,MRC - Methow River at Carlton,2025-07-30 21:06:19,2025-07-30 21:06:19,1
3DD.0078E13C9E,Starr Boat Launch,7/24/2025,2025,47.983552,-119.887492,OKL,OKL - Lower Okanogan Instream Array,2025-07-27 02:01:43,2025-07-27 02:01:54,1
3DD.0078E13C9F,Starr Boat Launch,7/24/2025,2025,47.983552,-119.887492,OKL,OKL - Lower Okanogan Instream Array,2025-07-28 01:51:01,2025-07-28 01:51:01,1
3DD.0078E13CA0,Starr Boat Launch,7/24/2025,2025,47.983552,-119.887492,CRW,CRW - Chewuch River above Winthrop,2025-08-03 03:10:45,2025-08-03 03:10:51,1
3DD.0078E13CA0,Starr Boat Launch,7/24/2025,2025,47.983552,-119.887492,LMR,LMR - Lower Methow River at Pateros,2025-07-26 01:40:38,2025-07-26 01:40:47,1
3DD.0078E13CA0,Starr Boat Launch,7/24/2025,2025,47.983552,-119.887492,MRC,MRC - Methow River at Carlton,2025-07-31 01:24:38,2025-07-31 01:24:38,1
3DD.0078E13CA1,Starr Boat Launch,7/24/2025,2025,47.983552,-119.887492,CRW,CRW - Chewuch River above Winthrop,2025-08-03 20:35:30,2026-06-10 01:32:13,1
3DD.0078E13CA1,Starr Boat Launch,7/24/2025,2025,47.983552,-119.887492,LMR,LMR - Lower Methow River at Pateros,2025-07-26 02:24:32,2025-07-26 02:24:40,1
3DD.0078E13CA1,Starr Boat Launch,7/24/2025,2025,47.983552,-119.887492,MRC,MRC - Methow River at Carlton,2025-07-30 23:38:14,2025-07-30 23:38:14,1
3DD.0078E13CA3,Starr Boat Launch,7/24/2025,2025,47.983552,-119.887492,CRU,CRU - Upper Chewuch Instream Array,2025-08-07 22:43:08,2025-08-07 22:43:13,1
3DD.0078E13CA3,Starr Boat Launch,7/24/2025,2025,47.983552,-119.887492,CRW,CRW - Chewuch River above Winthrop,2025-08-04 00:46:21,2025-08-04 00:46:21,1
3DD.0078E13CA3,Starr Boat Launch,7/24/2025,2025,47.983552,-119.887492,MRC,MRC - Methow River at Carlton,2025-07-30 23:11:15,2025-07-30 23:11:15,1
3DD.0078E13CA5,Starr Boat Launch,7/24/2025,2025,47.983552,-119.887492,LMR,LMR - Lower Methow River at Pateros,2025-07-26 00:53:48,2025-07-26 00:53:58,1
3DD.0078E13CA5,Starr Boat Launch,7/24/2025,2025,47.983552,-119.887492,MRC,MRC - Methow River at Carlton,2025-07-31 21:18:50,2025-07-31 21:18:50,1
3DD.0078E13CA6,Starr Boat Launch,7/24/2025,2025,47.983552,-119.887492,OKL,OKL - Lower Okanogan Instream Array,2025-07-27 22:01:38,2025-07-27 22:01:38,1
3DD.0078E13CA7,Starr Boat Launch,7/24/2025,2025,47.983552,-119.887492,OKL,OKL - Lower Okanogan Instream Array,2025-07-27 01:03:18,2025-07-27 01:03:28,1
3DD.0078E13CA8,Starr Boat Launch,7/24/2025,2025,47.983552,-119.887492,LMR,LMR - Lower Methow River at Pateros,2025-07-26 01:59:24,2025-07-26 01:59:24,1
3DD.0078E13CA8,Starr Boat Launch,7/24/2025,2025,47.983552,-119.887492,MRC,MRC - Methow River at Carlton,2025-07-30 22:16:33,2025-07-30 22:16:33,1
3DD.0078E13CA9,Starr Boat Launch,7/17/2025,2025,47.983552,-119.887492,LMR,LMR - Lower Methow River at Pateros,2025-07-19 00:00:03,2025-07-19 00:00:03,1
3DD.0078E13CA9,Starr Boat Launch,7/17/2025,2025,47.983552,-119.887492,MRC,MRC - Methow River at Carlton,2025-07-24 00:37:52,2025-07-24 00:37:52,1
3DD.0078E13CAB,Starr Boat Launch,7/23/2025,2025,47.983552,-119.887492,ENL,ENL - Lower Entiat River,2025-07-29 00:48:36,2026-05-30 23:44:42,1
3DD.0078E13CAC,Starr Boat Launch,7/24/2025,2025,47.983552,-119.887492,MRC,MRC - Methow River at Carlton,2025-07-31 00:27:23,2025-07-31 00:27:23,1
3DD.0078E13CAD,Starr Boat Launch,7/23/2025,2025,47.983552,-119.887492,WEA,"WEA - Wells Dam, DCPUD Adult Ladders",2025-07-26 05:12:23,2025-07-26 05:26:09,1
3DD.0078E13CAE,Starr Boat Launch,7/24/2025,2025,47.983552,-119.887492,LMR,LMR - Lower Methow River at Pateros,2025-07-25 23:13:22,2025-07-25 23:13:22,1
3DD.0078E13CAF,Starr Boat Launch,7/24/2025,2025,47.983552,-119.887492,LMR,LMR - Lower Methow River at Pateros,2025-07-26 00:46:27,2025-07-26 00:46:36,1
3DD.0078E13CAF,Starr Boat Launch,7/24/2025,2025,47.983552,-119.887492,MRC,MRC - Methow River at Carlton,2025-07-31 00:53:37,2025-07-31 00:53:37,1
3DD.0078E13CB0,Starr Boat Launch,7/24/2025,2025,47.983552,-119.887492,LMR,LMR - Lower Methow River at Pateros,2025-07-26 00:48:34,2025-07-26 00:48:44,1
3DD.0078E13CB0,Starr Boat Launch,7/24/2025,2025,47.983552,-119.887492,MRC,MRC - Methow River at Carlton,2025-07-30 20:53:25,2025-07-30 20:53:25,1
3DD.0078E13CB1,Starr Boat Launch,7/24/2025,2025,47.983552,-119.887492,LMR,LMR - Lower Methow River at Pateros,2025-07-25 23:24:29,2025-07-25 23:24:35,1
3DD.0078E13CB1,Starr Boat Launch,7/24/2025,2025,47.983552,-119.887492,TWR,TWR - Lwr Twisp Rvr near MSRF Ponds,2025-08-01 21:27:51,2026-06-24 03:39:37,1
3DD.0078E13CB2,Starr Boat Launch,7/24/2025,2025,47.983552,-119.887492,LMR,LMR - Lower Methow River at Pateros,2025-07-26 23:33:27,2025-07-26 23:33:38,1
3DD.0078E13CB2,Starr Boat Launch,7/24/2025,2025,47.983552,-119.887492,MRC,MRC - Methow River at Carlton,2025-08-01 01:15:46,2025-08-01 01:15:46,1
3DD.0078E13CB3,Starr Boat Launch,7/24/2025,2025,47.983552,-119.887492,LMR,LMR - Lower Methow River at Pateros,2025-07-25 22:31:12,2025-07-25 22:31:12,1
3DD.0078E13CB3,Starr Boat Launch,7/24/2025,2025,47.983552,-119.887492,MRC,MRC - Methow River at Carlton,2025-07-30 02:32:25,2026-07-03 14:50:14,1
3DD.0078E13CB4,Starr Boat Launch,7/24/2025,2025,47.983552,-119.887492,CRW,CRW - Chewuch River above Winthrop,2025-08-08 02:28:28,2026-06-11 22:59:45,1
3DD.0078E13CB4,Starr Boat Launch,7/24/2025,2025,47.983552,-119.887492,MRC,MRC - Methow River at Carlton,2025-07-30 21:59:56,2025-07-30 21:59:56,1
3DD.0078E13CB5,Starr Boat Launch,7/24/2025,2025,47.983552,-119.887492,LMR,LMR - Lower Methow River at Pateros,2025-07-25 23:34:31,2025-07-25 23:34:45,1
3DD.0078E13CB5,Starr Boat Launch,7/24/2025,2025,47.983552,-119.887492,MRC,MRC - Methow River at Carlton,2025-07-31 22:27:50,2025-07-31 22:27:50,1
3DD.0078E13CB6,Starr Boat Launch,7/24/2025,2025,47.983552,-119.887492,LMR,LMR - Lower Methow River at Pateros,2025-07-25 22:09:42,2025-07-25 22:09:55,1
3DD.0078E13CB6,Starr Boat Launch,7/24/2025,2025,47.983552,-119.887492,MRC,MRC - Methow River at Carlton,2025-07-29 22:21:39,2025-07-29 22:21:39,1
3DD.0078E13CB7,Starr Boat Launch,7/24/2025,2025,47.983552,-119.887492,OKL,OKL - Lower Okanogan Instream Array,2025-07-29 22:47:01,2025-07-29 22:47:10,1
3DD.0078E13CB8,Starr Boat Launch,7/24/2025,2025,47.983552,-119.887492,OKL,OKL - Lower Okanogan Instream Array,2025-07-28 01:50:07,2025-07-28 01:50:07,1
3DD.0078E13CB9,Starr Boat Launch,7/24/2025,2025,47.983552,-119.887492,LMR,LMR - Lower Methow River at Pateros,2025-07-26 00:04:33,2025-07-26 00:04:33,1
3DD.0078E13CB9,Starr Boat Launch,7/24/2025,2025,47.983552,-119.887492,MRC,MRC - Methow River at Carlton,2025-07-30 21:12:35,2025-07-30 21:12:35,1
3DD.0078E13CB9,Starr Boat Launch,7/24/2025,2025,47.983552,-119.887492,TWR,TWR - Lwr Twisp Rvr near MSRF Ponds,2025-08-02 01:10:54,2026-06-21 21:06:16,1
3DD.0078E13CBA,Starr Boat Launch,7/24/2025,2025,47.983552,-119.887492,OKL,OKL - Lower Okanogan Instream Array,2025-07-27 23:22:08,2025-07-27 23:22:08,1
3DD.0078E13CBB,Starr Boat Launch,7/24/2025,2025,47.983552,-119.887492,CRW,CRW - Chewuch River above Winthrop,2025-08-03 00:18:51,2026-06-19 14:11:42,1
3DD.0078E13CBB,Starr Boat Launch,7/24/2025,2025,47.983552,-119.887492,LMR,LMR - Lower Methow River at Pateros,2025-07-25 22:37:39,2025-07-25 22:37:47,1
3DD.0078E13CBB,Starr Boat Launch,7/24/2025,2025,47.983552,-119.887492,MRC,MRC - Methow River at Carlton,2025-07-30 20:59:07,2025-07-30 20:59:07,1
3DD.0078E13CBC,Starr Boat Launch,7/24/2025,2025,47.983552,-119.887492,OKL,OKL - Lower Okanogan Instream Array,2025-07-27 00:55:30,2025-07-27 00:55:30,1
3DD.0078E13CBD,Starr Boat Launch,7/24/2025,2025,47.983552,-119.887492,LMR,LMR - Lower Methow River at Pateros,2025-07-25 22:32:35,2025-07-25 22:32:35,1
3DD.0078E13CBD,Starr Boat Launch,7/24/2025,2025,47.983552,-119.887492,MRC,MRC - Methow River at Carlton,2025-07-30 21:51:44,2025-07-30 21:51:44,1
3DD.0078E13CBE,Starr Boat Launch,7/17/2025,2025,47.983552,-119.887492,CRU,CRU - Upper Chewuch Instream Array,2025-08-04 20:56:37,2025-08-04 20:56:44,1
3DD.0078E13CBE,Starr Boat Launch,7/17/2025,2025,47.983552,-119.887492,CRW,CRW - Chewuch River above Winthrop,2025-07-31 00:50:39,2025-07-31 00:52:23,1
3DD.0078E13CBE,Starr Boat Launch,7/17/2025,2025,47.983552,-119.887492,LMR,LMR - Lower Methow River at Pateros,2025-07-19 22:32:31,2025-07-19 22:32:31,1
3DD.0078E13CBE,Starr Boat Launch,7/17/2025,2025,47.983552,-119.887492,MRC,MRC - Methow River at Carlton,2025-07-26 00:35:55,2025-07-26 00:35:55,1
3DD.0078E13CC1,Starr Boat Launch,7/17/2025,2025,47.983552,-119.887492,OKL,OKL - Lower Okanogan Instream Array,2025-07-20 01:56:21,2026-06-06 01:06:00,1
3DD.0078E13CC2,Starr Boat Launch,7/24/2025,2025,47.983552,-119.887492,OKL,OKL - Lower Okanogan Instream Array,2025-07-27 21:10:24,2025-07-27 21:10:32,1
3DD.0078E13CC3,Starr Boat Launch,7/24/2025,2025,47.983552,-119.887492,LMR,LMR - Lower Methow River at Pateros,2025-07-25 22:48:18,2025-07-25 22:48:18,1
3DD.0078E13CC4,Starr Boat Launch,7/24/2025,2025,47.983552,-119.887492,LMR,LMR - Lower Methow River at Pateros,2025-08-28 00:33:57,2025-08-28 00:34:05,1
3DD.0078E13CC5,Starr Boat Launch,7/23/2025,2025,47.983552,-119.887492,LMR,LMR - Lower Methow River at Pateros,2025-08-13 22:40:54,2025-08-13 22:40:54,1
3DD.0078E13CC5,Starr Boat Launch,7/23/2025,2025,47.983552,-119.887492,WEA,"WEA - Wells Dam, DCPUD Adult Ladders",2025-08-12 05:19:23,2025-08-12 05:52:57,1
3DD.0078E13CC7,Starr Boat Launch,7/24/2025,2025,47.983552,-119.887492,LMR,LMR - Lower Methow River at Pateros,2025-07-25 22:31:14,2025-07-25 22:31:22,1
3DD.0078E13CC8,Starr Boat Launch,7/24/2025,2025,47.983552,-119.887492,CRW,CRW - Chewuch River above Winthrop,2025-08-04 01:01:42,2025-08-04 01:03:25,1
3DD.0078E13CC8,Starr Boat Launch,7/24/2025,2025,47.983552,-119.887492,LMR,LMR - Lower Methow River at Pateros,2025-07-25 23:18:59,2025-07-25 23:18:59,1
3DD.0078E13CC8,Starr Boat Launch,7/24/2025,2025,47.983552,-119.887492,MRC,MRC - Methow River at Carlton,2025-07-31 20:47:52,2025-07-31 20:47:52,1
3DD.0078E13CCA,Starr Boat Launch,7/24/2025,2025,47.983552,-119.887492,CRW,CRW - Chewuch River above Winthrop,2025-08-03 03:00:26,2025-08-03 03:01:34,1
3DD.0078E13CCA,Starr Boat Launch,7/24/2025,2025,47.983552,-119.887492,LMR,LMR - Lower Methow River at Pateros,2025-07-25 23:56:08,2025-07-25 23:56:17,1
3DD.0078E13CCA,Starr Boat Launch,7/24/2025,2025,47.983552,-119.887492,MRC,MRC - Methow River at Carlton,2025-07-30 02:17:38,2025-07-30 02:17:38,1
3DD.0078E13CCB,Starr Boat Launch,7/24/2025,2025,47.983552,-119.887492,CRU,CRU - Upper Chewuch Instream Array,2025-08-05 00:45:56,2026-05-25 19:10:22,1
3DD.0078E13CCB,Starr Boat Launch,7/24/2025,2025,47.983552,-119.887492,CRW,CRW - Chewuch River above Winthrop,2025-08-02 08:51:59,2025-08-02 08:53:50,1
3DD.0078E13CCB,Starr Boat Launch,7/24/2025,2025,47.983552,-119.887492,LMR,LMR - Lower Methow River at Pateros,2025-07-25 22:35:18,2025-07-25 22:35:18,1
3DD.0078E13CCB,Starr Boat Launch,7/24/2025,2025,47.983552,-119.887492,MRC,MRC - Methow River at Carlton,2025-07-29 23:23:45,2025-07-29 23:23:45,1
3DD.0078E13CCC,Starr Boat Launch,7/24/2025,2025,47.983552,-119.887492,LMR,LMR - Lower Methow River at Pateros,2025-07-26 00:42:52,2025-07-26 00:42:52,1
3DD.0078E13CCC,Starr Boat Launch,7/24/2025,2025,47.983552,-119.887492,MRC,MRC - Methow River at Carlton,2025-07-30 01:39:36,2026-07-07 22:43:51,1
3DD.0078E13CCD,Starr Boat Launch,7/24/2025,2025,47.983552,-119.887492,CRU,CRU - Upper Chewuch Instream Array,2025-08-23 03:24:57,2026-06-07 20:59:05,1
3DD.0078E13CCD,Starr Boat Launch,7/24/2025,2025,47.983552,-119.887492,CRW,CRW - Chewuch River above Winthrop,2025-08-19 00:02:34,2025-08-19 00:04:14,1
3DD.0078E13CCD,Starr Boat Launch,7/24/2025,2025,47.983552,-119.887492,LMR,LMR - Lower Methow River at Pateros,2025-07-26 23:16:41,2025-07-26 23:16:51,1
3DD.0078E13CCD,Starr Boat Launch,7/24/2025,2025,47.983552,-119.887492,MRC,MRC - Methow River at Carlton,2025-07-31 20:54:44,2025-07-31 20:54:44,1
3DD.0078E13CCF,Starr Boat Launch,7/24/2025,2025,47.983552,-119.887492,OKL,OKL - Lower Okanogan Instream Array,2025-07-27 23:32:46,2025-07-27 23:33:03,1
3DD.0078E13CD0,Starr Boat Launch,7/24/2025,2025,47.983552,-119.887492,CRW,CRW - Chewuch River above Winthrop,2025-08-06 22:24:14,2026-05-31 22:00:53,1
3DD.0078E13CD0,Starr Boat Launch,7/24/2025,2025,47.983552,-119.887492,LMR,LMR - Lower Methow River at Pateros,2025-07-26 23:40:21,2025-07-26 23:40:21,1
3DD.0078E13CD0,Starr Boat Launch,7/24/2025,2025,47.983552,-119.887492,MRC,MRC - Methow River at Carlton,2025-08-01 23:18:40,2025-08-01 23:18:40,1
3DD.0078E13CD1,Starr Boat Launch,7/24/2025,2025,47.983552,-119.887492,CRU,CRU - Upper Chewuch Instream Array,2025-08-07 20:14:26,2025-08-07 20:14:30,1
3DD.0078E13CD1,Starr Boat Launch,7/24/2025,2025,47.983552,-119.887492,CRW,CRW - Chewuch River above Winthrop,2025-08-04 01:44:37,2025-08-04 01:46:22,1
3DD.0078E13CD1,Starr Boat Launch,7/24/2025,2025,47.983552,-119.887492,LMR,LMR - Lower Methow River at Pateros,2025-07-26 00:56:28,2025-07-26 00:56:28,1
3DD.0078E13CD1,Starr Boat Launch,7/24/2025,2025,47.983552,-119.887492,MRC,MRC - Methow River at Carlton,2025-07-31 00:10:02,2025-07-31 00:10:02,1
3DD.0078E13CD2,Starr Boat Launch,7/24/2025,2025,47.983552,-119.887492,OKL,OKL - Lower Okanogan Instream Array,2025-07-27 00:58:09,2025-07-27 00:58:17,1
3DD.0078E13CD3,Starr Boat Launch,7/24/2025,2025,47.983552,-119.887492,LMR,LMR - Lower Methow River at Pateros,2025-07-27 21:50:09,2025-07-27 21:50:09,1
3DD.0078E13CD3,Starr Boat Launch,7/24/2025,2025,47.983552,-119.887492,MRC,MRC - Methow River at Carlton,2025-08-01 01:46:53,2025-08-01 01:46:53,1
3DD.0078E13CD4,Starr Boat Launch,7/24/2025,2025,47.983552,-119.887492,LMR,LMR - Lower Methow River at Pateros,2025-07-26 02:05:22,2025-07-26 02:05:30,1
3DD.0078E13CD4,Starr Boat Launch,7/24/2025,2025,47.983552,-119.887492,MRC,MRC - Methow River at Carlton,2025-07-31 00:36:36,2025-07-31 00:36:36,1
3DD.0078E13CD5,Starr Boat Launch,7/24/2025,2025,47.983552,-119.887492,LMR,LMR - Lower Methow River at Pateros,2025-07-26 02:30:31,2025-07-26 02:30:31,1
3DD.0078E13CD5,Starr Boat Launch,7/24/2025,2025,47.983552,-119.887492,MRC,MRC - Methow River at Carlton,2025-08-01 22:55:08,2025-08-01 22:55:08,1
3DD.0078E13CD6,Starr Boat Launch,7/24/2025,2025,47.983552,-119.887492,CRU,CRU - Upper Chewuch Instream Array,2025-08-29 01:56:18,2025-08-29 01:56:23,1
3DD.0078E13CD6,Starr Boat Launch,7/24/2025,2025,47.983552,-119.887492,CRW,CRW - Chewuch River above Winthrop,2025-08-26 20:14:28,2025-08-26 20:14:28,1
3DD.0078E13CD6,Starr Boat Launch,7/24/2025,2025,47.983552,-119.887492,LMR,LMR - Lower Methow River at Pateros,2025-08-19 23:17:59,2025-08-19 23:17:59,1
3DD.0078E13CD6,Starr Boat Launch,7/24/2025,2025,47.983552,-119.887492,MRC,MRC - Methow River at Carlton,2025-08-23 03:12:29,2025-08-23 03:12:29,1
3DD.0078E13CD6,Starr Boat Launch,7/24/2025,2025,47.983552,-119.887492,WEA,"WEA - Wells Dam, DCPUD Adult Ladders",2025-08-16 22:23:43,2025-08-17 02:05:05,1
3DD.0078E13CD7,Starr Boat Launch,7/24/2025,2025,47.983552,-119.887492,LMR,LMR - Lower Methow River at Pateros,2025-07-26 00:05:46,2025-07-26 00:05:46,1
3DD.0078E13CD7,Starr Boat Launch,7/24/2025,2025,47.983552,-119.887492,MRC,MRC - Methow River at Carlton,2025-07-30 22:42:19,2025-07-30 22:42:19,1
3DD.0078E13CD8,Starr Boat Launch,7/24/2025,2025,47.983552,-119.887492,OKL,OKL - Lower Okanogan Instream Array,2025-07-27 03:01:27,2025-07-27 03:01:37,1
3DD.0078E13CD9,Starr Boat Launch,7/24/2025,2025,47.983552,-119.887492,LMR,LMR - Lower Methow River at Pateros,2025-07-26 00:20:38,2025-07-26 00:20:55,1
3DD.0078E13CDA,Starr Boat Launch,7/24/2025,2025,47.983552,-119.887492,CRU,CRU - Upper Chewuch Instream Array,2025-08-07 04:03:39,2026-06-10 02:21:35,1
3DD.0078E13CDA,Starr Boat Launch,7/24/2025,2025,47.983552,-119.887492,CRW,CRW - Chewuch River above Winthrop,2025-08-02 12:04:53,2025-08-02 12:04:53,1
3DD.0078E13CDA,Starr Boat Launch,7/24/2025,2025,47.983552,-119.887492,LMR,LMR - Lower Methow River at Pateros,2025-07-25 22:45:30,2025-07-25 22:45:30,1
3DD.0078E13CDA,Starr Boat Launch,7/24/2025,2025,47.983552,-119.887492,MRC,MRC - Methow River at Carlton,2025-07-30 02:57:00,2025-07-30 02:57:00,1
3DD.0078E13CDB,Starr Boat Launch,7/24/2025,2025,47.983552,-119.887492,OKL,OKL - Lower Okanogan Instream Array,2025-07-27 22:25:30,2025-07-27 22:25:37,1
3DD.0078E13CDC,Starr Boat Launch,7/24/2025,2025,47.983552,-119.887492,MRC,MRC - Methow River at Carlton,2026-04-23 01:56:20,2026-05-23 23:51:50,1
3DD.0078E13CDD,Starr Boat Launch,7/24/2025,2025,47.983552,-119.887492,LMR,LMR - Lower Methow River at Pateros,2025-07-26 02:02:33,2025-07-26 02:02:38,1
3DD.0078E13CDD,Starr Boat Launch,7/24/2025,2025,47.983552,-119.887492,MRC,MRC - Methow River at Carlton,2025-07-30 22:16:19,2025-07-30 22:16:19,1
3DD.0078E13CDE,Starr Boat Launch,7/24/2025,2025,47.983552,-119.887492,CRW,CRW - Chewuch River above Winthrop,2025-08-02 21:25:24,2026-05-25 21:27:16,1
3DD.0078E13CDE,Starr Boat Launch,7/24/2025,2025,47.983552,-119.887492,LMR,LMR - Lower Methow River at Pateros,2025-07-25 21:46:37,2025-07-25 21:46:46,1
3DD.0078E13CDE,Starr Boat Launch,7/24/2025,2025,47.983552,-119.887492,MRC,MRC - Methow River at Carlton,2025-07-29 20:49:25,2026-06-19 18:11:29,1
3DD.0078E13CDF,Starr Boat Launch,7/24/2025,2025,47.983552,-119.887492,OKL,OKL - Lower Okanogan Instream Array,2025-07-27 23:18:23,2025-07-27 23:18:23,1
3DD.0078E13CE0,Starr Boat Launch,7/24/2025,2025,47.983552,-119.887492,OKL,OKL - Lower Okanogan Instream Array,2025-07-27 01:17:57,2025-07-27 01:17:57,1
3DD.0078E13CE1,Starr Boat Launch,7/24/2025,2025,47.983552,-119.887492,CRW,CRW - Chewuch River above Winthrop,2025-08-03 02:29:34,2025-08-03 02:30:57,1
3DD.0078E13CE1,Starr Boat Launch,7/24/2025,2025,47.983552,-119.887492,LMR,LMR - Lower Methow River at Pateros,2025-07-25 23:49:02,2025-07-25 23:49:14,1
3DD.0078E13CE1,Starr Boat Launch,7/24/2025,2025,47.983552,-119.887492,MRC,MRC - Methow River at Carlton,2025-07-30 21:47:35,2025-07-30 21:47:35,1
3DD.0078E13CE2,Starr Boat Launch,7/24/2025,2025,47.983552,-119.887492,OKL,OKL - Lower Okanogan Instream Array,2025-07-26 20:23:44,2025-07-26 20:23:55,1
3DD.0078E13CE3,Starr Boat Launch,7/24/2025,2025,47.983552,-119.887492,CRU,CRU - Upper Chewuch Instream Array,2025-08-06 02:19:13,2025-08-06 02:19:18,1
3DD.0078E13CE3,Starr Boat Launch,7/24/2025,2025,47.983552,-119.887492,CRW,CRW - Chewuch River above Winthrop,2025-08-02 23:28:53,2025-08-02 23:30:20,1
3DD.0078E13CE3,Starr Boat Launch,7/24/2025,2025,47.983552,-119.887492,LMR,LMR - Lower Methow River at Pateros,2025-07-25 22:31:49,2025-07-25 22:31:57,1
3DD.0078E13CE3,Starr Boat Launch,7/24/2025,2025,47.983552,-119.887492,MRC,MRC - Methow River at Carlton,2025-07-30 02:17:25,2025-07-30 02:17:25,1
3DD.0078E13CE4,Starr Boat Launch,7/24/2025,2025,47.983552,-119.887492,LMR,LMR - Lower Methow River at Pateros,2025-07-26 00:30:46,2025-07-26 00:30:55,1
3DD.0078E13CE4,Starr Boat Launch,7/24/2025,2025,47.983552,-119.887492,MRC,MRC - Methow River at Carlton,2025-07-30 02:29:43,2026-06-04 02:59:14,1
3DD.0078E13CE5,Starr Boat Launch,7/24/2025,2025,47.983552,-119.887492,LMR,LMR - Lower Methow River at Pateros,2025-07-25 23:04:11,2025-07-25 23:04:11,1
3DD.0078E13CE5,Starr Boat Launch,7/24/2025,2025,47.983552,-119.887492,MRC,MRC - Methow River at Carlton,2025-07-30 00:44:58,2025-07-30 00:44:58,1
3DD.0078E13CE6,Starr Boat Launch,7/24/2025,2025,47.983552,-119.887492,CRU,CRU - Upper Chewuch Instream Array,2025-08-11 00:05:16,2025-08-11 00:05:22,1
3DD.0078E13CE6,Starr Boat Launch,7/24/2025,2025,47.983552,-119.887492,CRW,CRW - Chewuch River above Winthrop,2025-08-02 23:00:53,2026-07-07 02:05:48,1
3DD.0078E13CE6,Starr Boat Launch,7/24/2025,2025,47.983552,-119.887492,LMR,LMR - Lower Methow River at Pateros,2025-07-25 23:47:23,2025-07-25 23:47:31,1
3DD.0078E13CE6,Starr Boat Launch,7/24/2025,2025,47.983552,-119.887492,MRC,MRC - Methow River at Carlton,2025-07-30 02:35:23,2025-07-30 02:35:23,1
3DD.0078E13CE7,Starr Boat Launch,7/24/2025,2025,47.983552,-119.887492,LMR,LMR - Lower Methow River at Pateros,2025-07-25 22:02:23,2025-07-25 22:02:23,1
3DD.0078E13CE7,Starr Boat Launch,7/24/2025,2025,47.983552,-119.887492,MRC,MRC - Methow River at Carlton,2025-07-29 22:41:47,2025-07-29 22:41:47,1
3DD.0078E13CE8,Starr Boat Launch,7/24/2025,2025,47.983552,-119.887492,LMR,LMR - Lower Methow River at Pateros,2026-04-04 02:55:54,2026-04-04 02:56:32,1
3DD.0078E13CE9,Starr Boat Launch,7/24/2025,2025,47.983552,-119.887492,CRU,CRU - Upper Chewuch Instream Array,2025-08-06 00:00:10,2025-08-06 00:00:16,1
3DD.0078E13CE9,Starr Boat Launch,7/24/2025,2025,47.983552,-119.887492,CRW,CRW - Chewuch River above Winthrop,2025-08-02 13:11:00,2025-08-02 13:12:53,1
3DD.0078E13CE9,Starr Boat Launch,7/24/2025,2025,47.983552,-119.887492,LMR,LMR - Lower Methow River at Pateros,2025-07-25 22:46:40,2025-07-25 22:46:40,1
3DD.0078E13CE9,Starr Boat Launch,7/24/2025,2025,47.983552,-119.887492,MRC,MRC - Methow River at Carlton,2025-07-30 01:27:41,2025-07-30 01:27:41,1
3DD.0078E13CEA,Starr Boat Launch,7/24/2025,2025,47.983552,-119.887492,LMR,LMR - Lower Methow River at Pateros,2025-07-25 22:36:01,2025-07-25 22:36:09,1
3DD.0078E13CEA,Starr Boat Launch,7/24/2025,2025,47.983552,-119.887492,MRC,MRC - Methow River at Carlton,2025-07-30 01:14:12,2026-06-23 20:49:02,1
3DD.0078E13CEB,Starr Boat Launch,7/24/2025,2025,47.983552,-119.887492,LMR,LMR - Lower Methow River at Pateros,2025-07-25 22:04:58,2025-07-25 22:05:07,1
3DD.0078E13CEB,Starr Boat Launch,7/24/2025,2025,47.983552,-119.887492,MRC,MRC - Methow River at Carlton,2025-07-29 23:21:48,2026-06-09 20:29:33,1
3DD.0078E13CEC,Starr Boat Launch,7/24/2025,2025,47.983552,-119.887492,CRU,CRU - Upper Chewuch Instream Array,2025-08-13 21:23:03,2026-05-17 21:13:19,1
3DD.0078E13CEC,Starr Boat Launch,7/24/2025,2025,47.983552,-119.887492,CRW,CRW - Chewuch River above Winthrop,2025-08-04 21:25:10,2025-08-04 21:27:37,1
3DD.0078E13CEC,Starr Boat Launch,7/24/2025,2025,47.983552,-119.887492,LMR,LMR - Lower Methow River at Pateros,2025-07-26 00:33:40,2025-07-26 00:33:46,1
3DD.0078E13CEC,Starr Boat Launch,7/24/2025,2025,47.983552,-119.887492,MRC,MRC - Methow River at Carlton,2025-07-30 22:40:10,2025-07-30 22:40:10,1
3DD.0078E13CEE,Starr Boat Launch,7/24/2025,2025,47.983552,-119.887492,LMR,LMR - Lower Methow River at Pateros,2025-07-25 23:52:11,2025-07-25 23:52:19,1
3DD.0078E13CEE,Starr Boat Launch,7/24/2025,2025,47.983552,-119.887492,MRC,MRC - Methow River at Carlton,2025-07-30 02:18:32,2025-07-30 02:18:32,1
3DD.0078E13CEE,Starr Boat Launch,7/24/2025,2025,47.983552,-119.887492,TWR,TWR - Lwr Twisp Rvr near MSRF Ponds,2025-08-01 03:00:05,2026-03-07 21:13:03,1
3DD.0078E13CEF,Starr Boat Launch,7/24/2025,2025,47.983552,-119.887492,CRW,CRW - Chewuch River above Winthrop,2025-08-03 21:13:27,2025-08-03 21:15:21,1
3DD.0078E13CEF,Starr Boat Launch,7/24/2025,2025,47.983552,-119.887492,LMR,LMR - Lower Methow River at Pateros,2025-07-26 00:23:55,2025-07-26 00:23:55,1
3DD.0078E13CEF,Starr Boat Launch,7/24/2025,2025,47.983552,-119.887492,MRC,MRC - Methow River at Carlton,2025-07-30 22:32:39,2025-07-30 22:32:39,1
3DD.0078E13CF0,Starr Boat Launch,7/24/2025,2025,47.983552,-119.887492,OKL,OKL - Lower Okanogan Instream Array,2025-07-27 01:16:48,2025-07-27 01:16:48,1
3DD.0078E13CF1,Starr Boat Launch,7/24/2025,2025,47.983552,-119.887492,OKL,OKL - Lower Okanogan Instream Array,2025-07-27 00:55:32,2025-07-27 00:55:39,1
3DD.0078E13CF2,Starr Boat Launch,7/24/2025,2025,47.983552,-119.887492,LMR,LMR - Lower Methow River at Pateros,2025-07-26 00:47:24,2025-07-26 00:47:32,1
3DD.0078E13CF2,Starr Boat Launch,7/24/2025,2025,47.983552,-119.887492,MRC,MRC - Methow River at Carlton,2025-07-31 00:38:15,2025-07-31 00:38:15,1
3DD.0078E13CF2,Starr Boat Launch,7/24/2025,2025,47.983552,-119.887492,TWR,TWR - Lwr Twisp Rvr near MSRF Ponds,2025-08-02 23:42:53,2025-08-02 23:43:03,1
3DD.0078E13CF3,Starr Boat Launch,7/24/2025,2025,47.983552,-119.887492,CRU,CRU - Upper Chewuch Instream Array,2025-08-12 23:29:00,2025-08-12 23:29:05,1
3DD.0078E13CF3,Starr Boat Launch,7/24/2025,2025,47.983552,-119.887492,CRW,CRW - Chewuch River above Winthrop,2025-08-04 00:53:58,2025-08-04 00:55:35,1
3DD.0078E13CF3,Starr Boat Launch,7/24/2025,2025,47.983552,-119.887492,LMR,LMR - Lower Methow River at Pateros,2025-07-25 23:48:00,2025-07-25 23:48:00,1
3DD.0078E13CF3,Starr Boat Launch,7/24/2025,2025,47.983552,-119.887492,MRC,MRC - Methow River at Carlton,2025-07-30 23:49:26,2025-07-30 23:49:26,1
3DD.0078E13CF4,Starr Boat Launch,7/24/2025,2025,47.983552,-119.887492,LMR,LMR - Lower Methow River at Pateros,2025-07-26 22:58:32,2026-06-19 12:11:40,1
3DD.0078E13CF4,Starr Boat Launch,7/24/2025,2025,47.983552,-119.887492,MRC,MRC - Methow River at Carlton,2025-08-01 00:38:20,2026-06-07 21:57:25,1
3DD.0078E13CF5,Starr Boat Launch,7/24/2025,2025,47.983552,-119.887492,OKL,OKL - Lower Okanogan Instream Array,2025-07-27 00:28:07,2025-07-27 00:28:14,1
3DD.0078E13CF6,Starr Boat Launch,7/24/2025,2025,47.983552,-119.887492,CRW,CRW - Chewuch River above Winthrop,2025-08-02 21:41:51,2026-06-05 17:05:46,1
3DD.0078E13CF6,Starr Boat Launch,7/24/2025,2025,47.983552,-119.887492,LMR,LMR - Lower Methow River at Pateros,2025-07-25 23:48:32,2025-07-25 23:48:32,1
3DD.0078E13CF6,Starr Boat Launch,7/24/2025,2025,47.983552,-119.887492,MRC,MRC - Methow River at Carlton,2025-07-30 21:31:22,2026-06-12 00:29:09,1
3DD.0078E13CF7,Starr Boat Launch,7/24/2025,2025,47.983552,-119.887492,CRW,CRW - Chewuch River above Winthrop,2025-08-04 01:16:46,2025-08-04 01:18:10,1
3DD.0078E13CF7,Starr Boat Launch,7/24/2025,2025,47.983552,-119.887492,LMR,LMR - Lower Methow River at Pateros,2025-07-26 01:55:34,2025-07-26 01:55:34,1
3DD.0078E13CF7,Starr Boat Launch,7/24/2025,2025,47.983552,-119.887492,MRC,MRC - Methow River at Carlton,2025-07-31 00:35:18,2025-07-31 00:35:18,1
3DD.0078E13CF8,Starr Boat Launch,7/24/2025,2025,47.983552,-119.887492,CRW,CRW - Chewuch River above Winthrop,2025-08-04 22:01:35,2025-08-04 22:03:20,1
3DD.0078E13CF8,Starr Boat Launch,7/24/2025,2025,47.983552,-119.887492,LMR,LMR - Lower Methow River at Pateros,2025-07-25 23:56:23,2025-07-25 23:56:23,1
3DD.0078E13CF9,Starr Boat Launch,7/31/2025,2025,47.983552,-119.887492,CRW,CRW - Chewuch River above Winthrop,2026-03-23 23:11:17,2026-03-23 23:25:40,1
3DD.0078E13CF9,Starr Boat Launch,7/31/2025,2025,47.983552,-119.887492,LMR,LMR - Lower Methow River at Pateros,2025-08-02 00:19:41,2025-08-02 00:19:41,1
3DD.0078E13CF9,Starr Boat Launch,7/31/2025,2025,47.983552,-119.887492,MRC,MRC - Methow River at Carlton,2025-08-12 20:59:17,2025-08-12 20:59:17,1
3DD.0078E13CFB,Starr Boat Launch,7/31/2025,2025,47.983552,-119.887492,OKL,OKL - Lower Okanogan Instream Array,2026-05-07 08:27:05,2026-05-07 08:27:29,1
3DD.0078E13CFC,Starr Boat Launch,7/31/2025,2025,47.983552,-119.887492,OKL,OKL - Lower Okanogan Instream Array,2025-08-02 21:54:27,2025-08-02 21:54:35,1
3DD.0078E13CFD,Starr Boat Launch,7/24/2025,2025,47.983552,-119.887492,MRC,MRC - Methow River at Carlton,2026-03-29 03:43:36,2026-03-29 03:43:38,1
3DD.0078E13D00,Starr Boat Launch,7/31/2025,2025,47.983552,-119.887492,LMR,LMR - Lower Methow River at Pateros,2026-03-07 19:45:44,2026-03-07 19:46:02,1
3DD.0078E13D07,Starr Boat Launch,7/24/2025,2025,47.983552,-119.887492,MRC,MRC - Methow River at Carlton,2026-04-16 21:22:52,2026-04-16 21:22:54,1
3DD.0078E13D09,Starr Boat Launch,7/24/2025,2025,47.983552,-119.887492,LMR,LMR - Lower Methow River at Pateros,2025-07-25 23:34:04,2025-07-25 23:34:11,1
3DD.0078E13D09,Starr Boat Launch,7/24/2025,2025,47.983552,-119.887492,MRC,MRC - Methow River at Carlton,2025-07-30 21:15:12,2025-07-30 21:15:12,1
3DD.0078E13D0A,Starr Boat Launch,7/31/2025,2025,47.983552,-119.887492,LMR,LMR - Lower Methow River at Pateros,2026-03-08 19:05:55,2026-03-08 19:06:46,1
3DD.0078E13D0A,Starr Boat Launch,7/31/2025,2025,47.983552,-119.887492,MRC,MRC - Methow River at Carlton,2026-05-24 01:17:24,2026-05-24 01:17:24,1
3DD.0078E13D0B,Starr Boat Launch,7/31/2025,2025,47.983552,-119.887492,LMR,LMR - Lower Methow River at Pateros,2025-08-01 23:35:04,2025-08-01 23:35:04,1
3DD.0078E13D0B,Starr Boat Launch,7/31/2025,2025,47.983552,-119.887492,MRC,MRC - Methow River at Carlton,2025-08-06 22:02:12,2025-08-06 22:02:12,1
3DD.0078E13D0E,Starr Boat Launch,7/31/2025,2025,47.983552,-119.887492,CRW,CRW - Chewuch River above Winthrop,2025-08-16 20:24:00,2025-08-16 20:24:00,1
3DD.0078E13D0E,Starr Boat Launch,7/31/2025,2025,47.983552,-119.887492,LMR,LMR - Lower Methow River at Pateros,2025-08-01 22:59:53,2025-08-01 22:59:53,1
3DD.0078E13D0E,Starr Boat Launch,7/31/2025,2025,47.983552,-119.887492,MRC,MRC - Methow River at Carlton,2025-08-05 22:07:13,2025-08-05 22:07:13,1
3DD.0078E13D0F,Starr Boat Launch,7/24/2025,2025,47.983552,-119.887492,LMR,LMR - Lower Methow River at Pateros,2025-07-26 03:27:45,2025-07-26 03:27:58,1
3DD.0078E13D0F,Starr Boat Launch,7/24/2025,2025,47.983552,-119.887492,MRC,MRC - Methow River at Carlton,2025-08-02 21:30:43,2025-08-02 21:30:43,1
3DD.0078E13D12,Starr Boat Launch,7/31/2025,2025,47.983552,-119.887492,LMR,LMR - Lower Methow River at Pateros,2025-08-01 23:44:07,2025-08-01 23:44:07,1
3DD.0078E13D12,Starr Boat Launch,7/31/2025,2025,47.983552,-119.887492,MRC,MRC - Methow River at Carlton,2025-08-06 01:48:47,2026-06-07 01:14:16,1
3DD.0078E13D15,Starr Boat Launch,7/24/2025,2025,47.983552,-119.887492,CRU,CRU - Upper Chewuch Instream Array,2025-08-06 22:13:51,2026-05-28 23:58:27,1
3DD.0078E13D15,Starr Boat Launch,7/24/2025,2025,47.983552,-119.887492,CRW,CRW - Chewuch River above Winthrop,2025-08-03 03:14:14,2025-08-03 03:14:14,1
3DD.0078E13D15,Starr Boat Launch,7/24/2025,2025,47.983552,-119.887492,LMR,LMR - Lower Methow River at Pateros,2025-07-25 23:47:36,2025-07-25 23:47:45,1
3DD.0078E13D15,Starr Boat Launch,7/24/2025,2025,47.983552,-119.887492,MRC,MRC - Methow River at Carlton,2025-07-30 21:24:29,2025-07-30 21:24:29,1
3DD.0078E13D16,Starr Boat Launch,7/24/2025,2025,47.983552,-119.887492,CRW,CRW - Chewuch River above Winthrop,2025-08-03 02:58:28,2026-05-31 12:28:55,1
3DD.0078E13D16,Starr Boat Launch,7/24/2025,2025,47.983552,-119.887492,LMR,LMR - Lower Methow River at Pateros,2025-07-26 00:16:05,2025-07-26 00:16:05,1
3DD.0078E13D16,Starr Boat Launch,7/24/2025,2025,47.983552,-119.887492,MRC,MRC - Methow River at Carlton,2025-07-30 02:58:55,2025-07-30 02:58:55,1
3DD.0078E13D17,Starr Boat Launch,7/31/2025,2025,47.983552,-119.887492,CRU,CRU - Upper Chewuch Instream Array,2025-08-15 23:12:04,2025-08-15 23:12:09,1
3DD.0078E13D17,Starr Boat Launch,7/31/2025,2025,47.983552,-119.887492,CRW,CRW - Chewuch River above Winthrop,2025-08-11 20:46:25,2025-08-12 00:13:22,1
3DD.0078E13D17,Starr Boat Launch,7/31/2025,2025,47.983552,-119.887492,LMR,LMR - Lower Methow River at Pateros,2025-08-02 00:36:53,2025-08-02 00:36:53,1
3DD.0078E13D17,Starr Boat Launch,7/31/2025,2025,47.983552,-119.887492,MRC,MRC - Methow River at Carlton,2025-08-06 23:01:49,2025-08-06 23:01:49,1
3DD.0078E13D18,Starr Boat Launch,7/31/2025,2025,47.983552,-119.887492,LMR,LMR - Lower Methow River at Pateros,2025-08-01 23:20:11,2025-08-01 23:20:22,1
3DD.0078E13D18,Starr Boat Launch,7/31/2025,2025,47.983552,-119.887492,MRC,MRC - Methow River at Carlton,2025-08-05 23:06:50,2025-08-05 23:06:50,1
3DD.0078E13D19,Starr Boat Launch,7/31/2025,2025,47.983552,-119.887492,OKL,OKL - Lower Okanogan Instream Array,2026-06-03 21:12:42,2026-06-03 21:13:28,1
3DD.0078E13D1A,Starr Boat Launch,7/31/2025,2025,47.983552,-119.887492,LMR,LMR - Lower Methow River at Pateros,2025-08-01 23:12:15,2025-08-01 23:12:15,1
3DD.0078E13D1E,Starr Boat Launch,7/31/2025,2025,47.983552,-119.887492,OKL,OKL - Lower Okanogan Instream Array,2025-08-04 02:15:34,2025-08-04 02:15:40,1
3DD.0078E13D1F,Starr Boat Launch,7/31/2025,2025,47.983552,-119.887492,LMR,LMR - Lower Methow River at Pateros,2026-04-07 20:51:12,2026-04-07 20:52:48,1
3DD.0078E13D1F,Starr Boat Launch,7/31/2025,2025,47.983552,-119.887492,MRC,MRC - Methow River at Carlton,2026-04-22 00:08:37,2026-04-22 00:08:37,1
3DD.0078E13D21,Starr Boat Launch,7/31/2025,2025,47.983552,-119.887492,LMR,LMR - Lower Methow River at Pateros,2025-08-02 22:06:45,2025-08-02 22:06:45,1
3DD.0078E13D22,Starr Boat Launch,7/24/2025,2025,47.983552,-119.887492,CRW,CRW - Chewuch River above Winthrop,2025-08-01 23:16:07,2025-08-01 23:17:52,1
3DD.0078E13D22,Starr Boat Launch,7/24/2025,2025,47.983552,-119.887492,LMR,LMR - Lower Methow River at Pateros,2025-07-25 21:48:23,2025-07-25 21:48:30,1
3DD.0078E13D22,Starr Boat Launch,7/24/2025,2025,47.983552,-119.887492,MRC,MRC - Methow River at Carlton,2025-07-29 03:03:26,2025-07-29 03:03:26,1
3DD.0078E13D26,Starr Boat Launch,7/31/2025,2025,47.983552,-119.887492,LMR,LMR - Lower Methow River at Pateros,2025-08-01 22:36:16,2025-08-01 22:36:16,1
3DD.0078E13D27,Starr Boat Launch,7/31/2025,2025,47.983552,-119.887492,LMR,LMR - Lower Methow River at Pateros,2025-08-01 23:55:18,2025-08-01 23:55:18,1
3DD.0078E13D27,Starr Boat Launch,7/31/2025,2025,47.983552,-119.887492,MRC,MRC - Methow River at Carlton,2025-08-08 22:51:25,2025-08-08 22:51:25,1
3DD.0078E13D2B,Starr Boat Launch,7/31/2025,2025,47.983552,-119.887492,OKL,OKL - Lower Okanogan Instream Array,2025-08-03 04:11:08,2025-08-03 04:11:32,1
3DD.0078E13D2C,Starr Boat Launch,7/24/2025,2025,47.983552,-119.887492,OKL,OKL - Lower Okanogan Instream Array,2026-03-23 04:07:45,2026-03-23 04:08:07,1
3DD.0078E13D2F,Starr Boat Launch,7/31/2025,2025,47.983552,-119.887492,OKL,OKL - Lower Okanogan Instream Array,2026-03-23 23:01:32,2026-03-23 23:01:32,1
3DD.0078E13D30,Starr Boat Launch,7/31/2025,2025,47.983552,-119.887492,OKL,OKL - Lower Okanogan Instream Array,2025-08-02 21:29:44,2026-06-09 13:27:37,1
3DD.0078E13D33,Starr Boat Launch,7/31/2025,2025,47.983552,-119.887492,LMR,LMR - Lower Methow River at Pateros,2025-08-01 23:43:27,2025-08-01 23:43:27,1
3DD.0078E13D34,Starr Boat Launch,7/31/2025,2025,47.983552,-119.887492,OKL,OKL - Lower Okanogan Instream Array,2025-08-04 02:45:38,2025-08-04 02:45:38,1
3DD.0078E13D35,Starr Boat Launch,7/31/2025,2025,47.983552,-119.887492,LMR,LMR - Lower Methow River at Pateros,2025-08-02 00:19:12,2025-08-02 00:19:19,1
3DD.0078E13D37,Starr Boat Launch,7/24/2025,2025,47.983552,-119.887492,LMR,LMR - Lower Methow River at Pateros,2025-07-25 23:16:21,2025-07-25 23:16:21,1
3DD.0078E13D37,Starr Boat Launch,7/24/2025,2025,47.983552,-119.887492,MRC,MRC - Methow River at Carlton,2025-07-31 00:28:38,2026-05-28 01:32:00,1
3DD.0078E13D38,Starr Boat Launch,7/31/2025,2025,47.983552,-119.887492,LMR,LMR - Lower Methow River at Pateros,2025-08-01 23:21:45,2025-08-01 23:21:45,1
3DD.0078E13D39,Starr Boat Launch,7/31/2025,2025,47.983552,-119.887492,LMR,LMR - Lower Methow River at Pateros,2025-08-03 01:01:57,2025-08-03 01:01:57,1
3DD.0078E13D39,Starr Boat Launch,7/31/2025,2025,47.983552,-119.887492,MRC,MRC - Methow River at Carlton,2025-08-14 00:30:25,2026-06-28 21:57:58,1
3DD.0078E13D3A,Starr Boat Launch,7/31/2025,2025,47.983552,-119.887492,OKL,OKL - Lower Okanogan Instream Array,2025-08-04 21:57:35,2025-08-04 21:57:35,1
3DD.0078E13D3B,Starr Boat Launch,7/24/2025,2025,47.983552,-119.887492,LMR,LMR - Lower Methow River at Pateros,2025-07-26 02:12:29,2025-07-26 02:12:38,1
3DD.0078E13D3B,Starr Boat Launch,7/24/2025,2025,47.983552,-119.887492,MRC,MRC - Methow River at Carlton,2026-04-15 01:52:03,2026-04-15 01:52:03,1
3DD.0078E13D40,Starr Boat Launch,7/31/2025,2025,47.983552,-119.887492,LMR,LMR - Lower Methow River at Pateros,2026-06-19 03:13:06,2026-06-19 03:13:06,1
3DD.0078E13D46,Starr Boat Launch,7/24/2025,2025,47.983552,-119.887492,CRW,CRW - Chewuch River above Winthrop,2025-08-03 00:08:07,2026-06-18 14:12:58,1
3DD.0078E13D46,Starr Boat Launch,7/24/2025,2025,47.983552,-119.887492,LMR,LMR - Lower Methow River at Pateros,2025-07-25 22:27:35,2025-07-25 22:27:35,1
3DD.0078E13D46,Starr Boat Launch,7/24/2025,2025,47.983552,-119.887492,MRC,MRC - Methow River at Carlton,2026-06-25 00:40:21,2026-06-25 00:40:21,1
3DD.0078E13D4B,Starr Boat Launch,7/31/2025,2025,47.983552,-119.887492,OKL,OKL - Lower Okanogan Instream Array,2025-08-03 21:25:11,2025-08-03 21:25:20,1
3DD.0078E13D4C,Starr Boat Launch,7/31/2025,2025,47.983552,-119.887492,OKL,OKL - Lower Okanogan Instream Array,2025-12-16 00:11:24,2025-12-16 00:16:11,1
3DD.0078E13D4F,Starr Boat Launch,7/31/2025,2025,47.983552,-119.887492,OKL,OKL - Lower Okanogan Instream Array,2025-08-04 22:47:05,2025-08-04 22:47:05,1
3DD.0078E13D55,Starr Boat Launch,7/24/2025,2025,47.983552,-119.887492,CRW,CRW - Chewuch River above Winthrop,2025-08-04 00:27:40,2025-08-04 00:29:00,1
3DD.0078E13D55,Starr Boat Launch,7/24/2025,2025,47.983552,-119.887492,MRC,MRC - Methow River at Carlton,2025-07-30 22:36:55,2025-07-30 22:36:55,1
3DD.0078E13D59,Starr Boat Launch,7/31/2025,2025,47.983552,-119.887492,CRW,CRW - Chewuch River above Winthrop,2025-08-13 21:08:30,2026-06-09 15:39:05,1
3DD.0078E13D59,Starr Boat Launch,7/31/2025,2025,47.983552,-119.887492,LMR,LMR - Lower Methow River at Pateros,2025-08-03 01:18:06,2025-08-03 01:18:06,1
3DD.0078E13D59,Starr Boat Launch,7/31/2025,2025,47.983552,-119.887492,MRC,MRC - Methow River at Carlton,2025-08-07 00:20:59,2025-08-07 00:20:59,1
3DD.0078E13D5B,Starr Boat Launch,7/31/2025,2025,47.983552,-119.887492,ENL,ENL - Lower Entiat River,2026-06-29 03:01:54,2026-06-30 20:31:40,1
3DD.0078E13D5C,Starr Boat Launch,8/15/2024,2024,47.983552,-119.887492,OKL,OKL - Lower Okanogan Instream Array,2024-08-17 20:14:19,2025-06-04 19:06:07,1
3DD.0078E13D5F,Starr Boat Launch,8/15/2024,2024,47.983552,-119.887492,OKL,OKL - Lower Okanogan Instream Array,2024-08-17 22:11:54,2024-08-17 22:11:54,1
3DD.0078E13D60,Starr Boat Launch,8/15/2024,2024,47.983552,-119.887492,LMR,LMR - Lower Methow River at Pateros,2024-08-16 20:54:23,2024-08-16 20:54:23,1
3DD.0078E13D61,Starr Boat Launch,8/15/2024,2024,47.983552,-119.887492,LMR,LMR - Lower Methow River at Pateros,2024-08-18 00:27:53,2025-06-08 17:25:00,1
3DD.0078E13D62,Starr Boat Launch,8/21/2024,2024,47.983552,-119.887492,OKL,OKL - Lower Okanogan Instream Array,2024-08-29 01:52:58,2024-08-29 01:53:08,1
3DD.0078E13D62,Starr Boat Launch,8/21/2024,2024,47.983552,-119.887492,WEA,"WEA - Wells Dam, DCPUD Adult Ladders",2024-08-25 04:43:02,2024-08-25 05:08:19,1
3DD.0078E13D64,Starr Boat Launch,8/15/2024,2024,47.983552,-119.887492,LMR,LMR - Lower Methow River at Pateros,2025-05-02 00:41:32,2025-05-02 00:42:49,1
3DD.0078E13D65,Starr Boat Launch,8/15/2024,2024,47.983552,-119.887492,LMR,LMR - Lower Methow River at Pateros,2024-08-16 21:29:34,2024-08-16 21:29:41,1
3DD.0078E13D67,Starr Boat Launch,8/15/2024,2024,47.983552,-119.887492,CML,CML - Chewuch River Middle Lower,2024-09-01 19:48:21,2025-06-10 02:27:57,1
3DD.0078E13D67,Starr Boat Launch,8/15/2024,2024,47.983552,-119.887492,CRW,CRW - Chewuch River above Winthrop,2025-06-13 23:30:04,2025-06-13 23:30:04,1
3DD.0078E13D67,Starr Boat Launch,8/15/2024,2024,47.983552,-119.887492,LMR,LMR - Lower Methow River at Pateros,2024-08-17 01:10:04,2024-08-17 01:10:14,1
3DD.0078E13D67,Starr Boat Launch,8/15/2024,2024,47.983552,-119.887492,MRC,MRC - Methow River at Carlton,2024-08-27 00:42:47,2024-08-27 00:42:47,1
3DD.0078E13D68,Starr Boat Launch,8/15/2024,2024,47.983552,-119.887492,OKL,OKL - Lower Okanogan Instream Array,2024-08-17 22:15:45,2024-08-17 22:15:45,1
3DD.0078E13D6B,Starr Boat Launch,8/15/2024,2024,47.983552,-119.887492,LMR,LMR - Lower Methow River at Pateros,2024-08-16 04:01:43,2024-08-16 04:01:43,1
3DD.0078E13D6B,Starr Boat Launch,8/15/2024,2024,47.983552,-119.887492,MRC,MRC - Methow River at Carlton,2025-06-11 14:28:34,2025-06-11 14:59:41,1
3DD.0078E13D6D,Starr Boat Launch,8/15/2024,2024,47.983552,-119.887492,LMR,LMR - Lower Methow River at Pateros,2024-08-16 22:18:02,2024-08-16 22:18:02,1
3DD.0078E13D6E,Starr Boat Launch,8/15/2024,2024,47.983552,-119.887492,OKL,OKL - Lower Okanogan Instream Array,2025-05-08 04:33:01,2025-05-08 04:33:16,1
3DD.0078E13D6F,Starr Boat Launch,8/15/2024,2024,47.983552,-119.887492,LMR,LMR - Lower Methow River at Pateros,2024-08-17 01:40:14,2024-08-17 01:40:14,1
3DD.0078E13D70,Starr Boat Launch,8/15/2024,2024,47.983552,-119.887492,OKL,OKL - Lower Okanogan Instream Array,2024-08-17 03:59:42,2024-08-17 03:59:49,1
3DD.0078E13D72,Starr Boat Launch,8/15/2024,2024,47.983552,-119.887492,LMR,LMR - Lower Methow River at Pateros,2024-08-16 22:20:31,2025-06-20 00:27:49,1
3DD.0078E13D73,Starr Boat Launch,8/15/2024,2024,47.983552,-119.887492,LMR,LMR - Lower Methow River at Pateros,2024-08-17 00:07:25,2024-08-17 00:07:43,1
3DD.0078E13D74,Starr Boat Launch,8/20/2024,2024,47.983552,-119.887492,CML,CML - Chewuch River Middle Lower,2024-09-14 00:21:49,2024-09-14 00:21:49,1
3DD.0078E13D74,Starr Boat Launch,8/20/2024,2024,47.983552,-119.887492,CRW,CRW - Chewuch River above Winthrop,2024-09-13 19:47:55,2024-09-13 19:49:25,1
3DD.0078E13D74,Starr Boat Launch,8/20/2024,2024,47.983552,-119.887492,LMR,LMR - Lower Methow River at Pateros,2024-09-06 20:03:21,2024-09-06 20:03:21,1
3DD.0078E13D74,Starr Boat Launch,8/20/2024,2024,47.983552,-119.887492,MRC,MRC - Methow River at Carlton,2024-09-09 23:53:38,2024-09-09 23:53:38,1
3DD.0078E13D74,Starr Boat Launch,8/20/2024,2024,47.983552,-119.887492,WEA,"WEA - Wells Dam, DCPUD Adult Ladders",2024-08-27 00:33:52,2024-08-31 02:22:46,1
3DD.0078E13D75,Starr Boat Launch,8/15/2024,2024,47.983552,-119.887492,OKL,OKL - Lower Okanogan Instream Array,2024-08-17 23:23:30,2024-08-17 23:23:30,1
3DD.0078E13D76,Starr Boat Launch,8/15/2024,2024,47.983552,-119.887492,LMR,LMR - Lower Methow River at Pateros,2024-08-17 21:07:12,2024-08-17 21:07:19,1
3DD.0078E13D77,Starr Boat Launch,8/15/2024,2024,47.983552,-119.887492,LMR,LMR - Lower Methow River at Pateros,2024-08-16 22:48:01,2024-08-16 22:48:11,1
3DD.0078E13D78,Starr Boat Launch,8/15/2024,2024,47.983552,-119.887492,LMR,LMR - Lower Methow River at Pateros,2024-08-16 22:30:36,2024-08-16 22:30:45,1
3DD.0078E13D79,Starr Boat Launch,8/15/2024,2024,47.983552,-119.887492,LMR,LMR - Lower Methow River at Pateros,2025-05-07 23:02:13,2025-05-07 23:05:10,1
3DD.0078E13D79,Starr Boat Launch,8/15/2024,2024,47.983552,-119.887492,MRC,MRC - Methow River at Carlton,2025-06-24 02:01:22,2025-06-24 02:01:22,1
3DD.0078E13D79,Starr Boat Launch,8/15/2024,2024,47.983552,-119.887492,TWR,TWR - Lwr Twisp Rvr near MSRF Ponds,2025-06-28 20:53:38,2025-06-28 20:54:01,1
3DD.0078E13D7A,Starr Boat Launch,8/15/2024,2024,47.983552,-119.887492,LMR,LMR - Lower Methow River at Pateros,2024-08-17 22:08:00,2024-08-17 22:08:06,1
3DD.0078E13D7B,Starr Boat Launch,8/15/2024,2024,47.983552,-119.887492,LMR,LMR - Lower Methow River at Pateros,2024-08-16 03:35:10,2024-08-16 03:35:10,1
3DD.0078E13D7B,Starr Boat Launch,8/15/2024,2024,47.983552,-119.887492,MRC,MRC - Methow River at Carlton,2025-06-26 02:12:47,2025-06-26 02:12:47,1
3DD.0078E13D7C,Starr Boat Launch,8/21/2024,2024,47.983552,-119.887492,LMR,LMR - Lower Methow River at Pateros,2024-09-01 01:29:48,2024-09-01 01:29:48,1
3DD.0078E13D7C,Starr Boat Launch,8/21/2024,2024,47.983552,-119.887492,MRC,MRC - Methow River at Carlton,2025-05-23 22:57:17,2025-05-23 22:57:17,1
3DD.0078E13D7C,Starr Boat Launch,8/21/2024,2024,47.983552,-119.887492,WEA,"WEA - Wells Dam, DCPUD Adult Ladders",2024-08-30 20:33:57,2024-08-31 00:07:45,1
3DD.0078E13D7D,Starr Boat Launch,8/15/2024,2024,47.983552,-119.887492,OKL,OKL - Lower Okanogan Instream Array,2025-05-19 21:30:16,2025-05-19 21:30:33,1
3DD.0078E13D7E,Starr Boat Launch,8/22/2024,2024,47.983552,-119.887492,WEA,"WEA - Wells Dam, DCPUD Adult Ladders",2024-08-27 00:11:34,2024-08-27 22:42:51,1
3DD.0078E13D80,Starr Boat Launch,8/15/2024,2024,47.983552,-119.887492,OKL,OKL - Lower Okanogan Instream Array,2024-08-18 22:38:40,2024-08-18 22:38:50,1
3DD.0078E13D81,Starr Boat Launch,8/15/2024,2024,47.983552,-119.887492,LMR,LMR - Lower Methow River at Pateros,2024-08-16 20:40:58,2024-08-16 20:40:58,1
3DD.0078E13D82,Starr Boat Launch,8/15/2024,2024,47.983552,-119.887492,OKL,OKL - Lower Okanogan Instream Array,2024-08-17 04:35:32,2024-08-17 04:35:59,1
3DD.0078E13D84,Starr Boat Launch,8/21/2024,2024,47.983552,-119.887492,LMR,LMR - Lower Methow River at Pateros,2024-08-27 22:47:57,2024-08-27 22:48:10,1
3DD.0078E13D84,Starr Boat Launch,8/21/2024,2024,47.983552,-119.887492,WEA,"WEA - Wells Dam, DCPUD Adult Ladders",2024-08-24 04:08:40,2024-08-24 08:47:36,1
3DD.0078E13D87,Starr Boat Launch,8/15/2024,2024,47.983552,-119.887492,CML,CML - Chewuch River Middle Lower,2025-07-24 22:30:48,2025-07-24 22:30:48,1
3DD.0078E13D87,Starr Boat Launch,8/15/2024,2024,47.983552,-119.887492,CRU,CRU - Upper Chewuch Instream Array,2025-08-02 02:28:01,2026-06-29 03:16:09,1
3DD.0078E13D87,Starr Boat Launch,8/15/2024,2024,47.983552,-119.887492,CRW,CRW - Chewuch River above Winthrop,2025-07-23 23:14:19,2025-07-23 23:15:40,1
3DD.0078E13D87,Starr Boat Launch,8/15/2024,2024,47.983552,-119.887492,MRC,MRC - Methow River at Carlton,2025-07-19 01:52:31,2025-07-19 01:52:31,1
3DD.0078E13D8B,Starr Boat Launch,8/15/2024,2024,47.983552,-119.887492,OKL,OKL - Lower Okanogan Instream Array,2024-08-17 21:37:50,2024-08-17 21:37:56,1
3DD.0078E13D8C,Starr Boat Launch,8/20/2024,2024,47.983552,-119.887492,LMR,LMR - Lower Methow River at Pateros,2024-08-31 03:51:07,2024-08-31 03:51:07,1
3DD.0078E13D8C,Starr Boat Launch,8/20/2024,2024,47.983552,-119.887492,MRC,MRC - Methow River at Carlton,2024-10-06 23:01:45,2024-10-06 23:23:54,1
3DD.0078E13D8C,Starr Boat Launch,8/20/2024,2024,47.983552,-119.887492,WEA,"WEA - Wells Dam, DCPUD Adult Ladders",2024-08-28 02:05:12,2024-08-28 02:08:44,1
3DD.0078E13D8D,Starr Boat Launch,8/15/2024,2024,47.983552,-119.887492,LMR,LMR - Lower Methow River at Pateros,2024-08-16 23:14:56,2024-08-16 23:14:56,1
3DD.0078E13D8E,Starr Boat Launch,8/15/2024,2024,47.983552,-119.887492,OKL,OKL - Lower Okanogan Instream Array,2025-06-26 21:16:22,2025-06-26 21:16:34,1
3DD.0078E13D90,Starr Boat Launch,8/15/2024,2024,47.983552,-119.887492,CML,CML - Chewuch River Middle Lower,2024-08-31 02:43:20,2024-08-31 02:43:20,1
3DD.0078E13D90,Starr Boat Launch,8/15/2024,2024,47.983552,-119.887492,CRU,CRU - Upper Chewuch Instream Array,2025-06-09 04:54:36,2025-06-09 11:20:54,1
3DD.0078E13D90,Starr Boat Launch,8/15/2024,2024,47.983552,-119.887492,LMR,LMR - Lower Methow River at Pateros,2024-08-16 22:40:13,2024-08-16 22:40:20,1
3DD.0078E13D91,Starr Boat Launch,8/15/2024,2024,47.983552,-119.887492,OKL,OKL - Lower Okanogan Instream Array,2025-05-13 13:52:14,2025-05-13 13:53:00,1
3DD.0078E13D96,Starr Boat Launch,8/22/2024,2024,47.983552,-119.887492,RRJ,RRJ - Rocky Reach Dam Juvenile,2025-07-11 02:58:33,2025-07-11 02:58:33,1
3DD.0078E13D9B,Starr Boat Launch,8/15/2024,2024,47.983552,-119.887492,CRW,CRW - Chewuch River above Winthrop,2024-09-12 01:32:41,2024-09-12 01:38:48,1
3DD.0078E13D9B,Starr Boat Launch,8/15/2024,2024,47.983552,-119.887492,LMR,LMR - Lower Methow River at Pateros,2024-08-17 00:28:44,2024-08-17 00:28:53,1
3DD.0078E13D9D,Starr Boat Launch,8/15/2024,2024,47.983552,-119.887492,LMR,LMR - Lower Methow River at Pateros,2024-08-17 21:44:55,2024-08-17 21:45:05,1
3DD.0078E13D9E,Starr Boat Launch,8/15/2024,2024,47.983552,-119.887492,OKL,OKL - Lower Okanogan Instream Array,2024-08-17 02:59:35,2024-08-17 02:59:44,1
3DD.0078E13D9F,Starr Boat Launch,8/15/2024,2024,47.983552,-119.887492,OKL,OKL - Lower Okanogan Instream Array,2025-04-22 12:58:16,2025-04-22 12:58:32,1
3DD.0078E13DA1,Starr Boat Launch,8/15/2024,2024,47.983552,-119.887492,OKL,OKL - Lower Okanogan Instream Array,2024-08-17 20:57:44,2024-08-17 20:57:44,1
3DD.0078E13DA2,Starr Boat Launch,8/15/2024,2024,47.983552,-119.887492,LMR,LMR - Lower Methow River at Pateros,2024-08-16 23:16:19,2024-08-16 23:16:26,1
3DD.0078E13DA2,Starr Boat Launch,8/15/2024,2024,47.983552,-119.887492,MRW,MRW - Methow River at Winthrop,2024-08-25 22:25:03,2025-07-14 02:16:24,1
3DD.0078E13DA4,Starr Boat Launch,8/15/2024,2024,47.983552,-119.887492,OKL,OKL - Lower Okanogan Instream Array,2024-08-17 00:58:26,2024-08-17 00:58:26,1
3DD.0078E13DA6,Starr Boat Launch,8/15/2024,2024,47.983552,-119.887492,OKL,OKL - Lower Okanogan Instream Array,2024-08-17 22:01:42,2024-08-17 22:01:42,1
3DD.0078E13DA7,Starr Boat Launch,8/15/2024,2024,47.983552,-119.887492,OKL,OKL - Lower Okanogan Instream Array,2025-05-16 00:45:21,2025-05-16 00:45:31,1
3DD.0078E13DAA,Starr Boat Launch,8/15/2024,2024,47.983552,-119.887492,CRW,CRW - Chewuch River above Winthrop,2025-08-02 00:22:39,2025-08-02 00:24:20,1
3DD.0078E13DAA,Starr Boat Launch,8/15/2024,2024,47.983552,-119.887492,LMR,LMR - Lower Methow River at Pateros,2025-07-24 02:51:28,2025-07-24 02:51:34,1
3DD.0078E13DAA,Starr Boat Launch,8/15/2024,2024,47.983552,-119.887492,MRC,MRC - Methow River at Carlton,2025-07-29 00:20:37,2025-07-29 00:20:37,1
3DD.0078E13DAA,Starr Boat Launch,8/15/2024,2024,47.983552,-119.887492,WEA,"WEA - Wells Dam, DCPUD Adult Ladders",2025-07-21 03:13:00,2025-07-22 03:17:06,1
3DD.0078E13DAB,Starr Boat Launch,8/15/2024,2024,47.983552,-119.887492,OKL,OKL - Lower Okanogan Instream Array,2025-04-05 01:48:28,2025-04-05 01:48:47,1
3DD.0078E13DAE,Starr Boat Launch,8/22/2024,2024,47.983552,-119.887492,OKL,OKL - Lower Okanogan Instream Array,2024-08-30 22:50:12,2024-08-30 22:50:12,1
3DD.0078E13DAE,Starr Boat Launch,8/22/2024,2024,47.983552,-119.887492,WEA,"WEA - Wells Dam, DCPUD Adult Ladders",2024-08-26 23:21:04,2024-08-27 04:48:56,1
3DD.0078E13DB0,Starr Boat Launch,8/15/2024,2024,47.983552,-119.887492,OKL,OKL - Lower Okanogan Instream Array,2024-08-17 22:11:40,2024-08-17 22:11:40,1
3DD.0078E13DB1,Starr Boat Launch,8/21/2024,2024,47.983552,-119.887492,LMR,LMR - Lower Methow River at Pateros,2024-08-28 00:25:06,2024-08-28 00:25:14,1
3DD.0078E13DB1,Starr Boat Launch,8/21/2024,2024,47.983552,-119.887492,MRC,MRC - Methow River at Carlton,2025-06-10 11:14:02,2025-06-10 11:14:02,1
3DD.0078E13DB1,Starr Boat Launch,8/21/2024,2024,47.983552,-119.887492,WEA,"WEA - Wells Dam, DCPUD Adult Ladders",2024-08-25 20:49:09,2024-08-26 01:35:34,1
3DD.0078E13DB6,Starr Boat Launch,8/15/2024,2024,47.983552,-119.887492,CML,CML - Chewuch River Middle Lower,2024-08-24 02:09:36,2024-08-24 02:09:36,1
3DD.0078E13DB6,Starr Boat Launch,8/15/2024,2024,47.983552,-119.887492,CRU,CRU - Upper Chewuch Instream Array,2024-08-26 23:14:16,2024-08-26 23:14:22,1
3DD.0078E13DB6,Starr Boat Launch,8/15/2024,2024,47.983552,-119.887492,CRW,CRW - Chewuch River above Winthrop,2024-08-23 21:24:53,2024-08-23 21:24:53,1
3DD.0078E13DB6,Starr Boat Launch,8/15/2024,2024,47.983552,-119.887492,LMR,LMR - Lower Methow River at Pateros,2024-08-16 21:05:22,2024-08-16 21:05:28,1
3DD.0078E13DB7,Starr Boat Launch,8/22/2024,2024,47.983552,-119.887492,LMR,LMR - Lower Methow River at Pateros,2024-08-31 22:55:19,2024-08-31 22:55:19,1
3DD.0078E13DB7,Starr Boat Launch,8/22/2024,2024,47.983552,-119.887492,WEA,"WEA - Wells Dam, DCPUD Adult Ladders",2024-08-28 01:23:52,2024-08-28 01:28:36,1
3DD.0078E13DBA,Starr Boat Launch,8/15/2024,2024,47.983552,-119.887492,CML,CML - Chewuch River Middle Lower,2024-08-29 20:11:33,2024-08-29 20:11:33,1
3DD.0078E13DBA,Starr Boat Launch,8/15/2024,2024,47.983552,-119.887492,CRU,CRU - Upper Chewuch Instream Array,2024-08-31 03:39:41,2024-08-31 03:39:48,1
3DD.0078E13DBA,Starr Boat Launch,8/15/2024,2024,47.983552,-119.887492,LMR,LMR - Lower Methow River at Pateros,2024-08-16 21:52:30,2024-08-16 21:52:37,1
3DD.0078E13DBB,Starr Boat Launch,8/15/2024,2024,47.983552,-119.887492,LMR,LMR - Lower Methow River at Pateros,2025-05-31 14:28:34,2025-05-31 14:28:34,1
3DD.0078E13DBD,Starr Boat Launch,8/15/2024,2024,47.983552,-119.887492,OKL,OKL - Lower Okanogan Instream Array,2025-05-26 02:27:24,2025-05-26 02:27:46,1
3DD.0078E13DBE,Starr Boat Launch,8/15/2024,2024,47.983552,-119.887492,OKL,OKL - Lower Okanogan Instream Array,2024-08-17 21:24:23,2024-08-17 21:24:23,1
3DD.0078E13DBF,Starr Boat Launch,8/15/2024,2024,47.983552,-119.887492,LMR,LMR - Lower Methow River at Pateros,2024-08-16 22:04:51,2025-06-08 23:16:47,1
