tag_code,life_stage,release_site_label,release_site_code,release_site_name,release_date,release_year,release_lat,release_lon,length_mm
3D9.1A4FA0E6C6,Larvae,METHR - Methow River,METTRP,Methow Smolt Trap at McFarland Creek Road Bridge,5/29/2023,2023,48.151085,-120.056584,139
3D9.1A4FA0E6DF,Larvae,METHR - Methow River,METTRP,Methow Smolt Trap at McFarland Creek Road Bridge,5/29/2023,2023,48.151085,-120.056584,120
3D9.1A4FA0E6E4,Larvae,METHR - Methow River,METTRP,Methow Smolt Trap at McFarland Creek Road Bridge,5/29/2023,2023,48.151085,-120.056584,126
3D9.1A4FA0E6EC,Larvae,METHR - Methow River,METTRP,Methow Smolt Trap at McFarland Creek Road Bridge,6/1/2023,2023,48.151085,-120.056584,112
3D9.1A4FA0E6F9,Larvae,METHR - Methow River,METTRP,Methow Smolt Trap at McFarland Creek Road Bridge,6/14/2023,2023,48.151085,-120.056584,103
3D9.1A4FA103F4,Larvae,METTRP - Methow Smolt Trap at McFarland Creek Road Bridge,METTRP,Methow Smolt Trap at McFarland Creek Road Bridge,5/1/2021,2021,48.151085,-120.056584,135
3D9.1A4FA103F5,Larvae,METHR - Methow River,METTRP,Methow Smolt Trap at McFarland Creek Road Bridge,5/3/2021,2021,48.151085,-120.056584,135
3D9.1A4FA103F6,Larvae,METTRP - Methow Smolt Trap at McFarland Creek Road Bridge,METTRP,Methow Smolt Trap at McFarland Creek Road Bridge,4/29/2021,2021,48.151085,-120.056584,120
3D9.1A4FA103F7,Larvae,METTRP - Methow Smolt Trap at McFarland Creek Road Bridge,METTRP,Methow Smolt Trap at McFarland Creek Road Bridge,5/1/2021,2021,48.151085,-120.056584,129
3D9.1A4FA103F8,Larvae,METTRP - Methow Smolt Trap at McFarland Creek Road Bridge,METTRP,Methow Smolt Trap at McFarland Creek Road Bridge,4/30/2021,2021,48.151085,-120.056584,125
3D9.1A4FA103F9,Larvae,METHR - Methow River,METTRP,Methow Smolt Trap at McFarland Creek Road Bridge,5/3/2021,2021,48.151085,-120.056584,112
3D9.1A4FA103FA,Larvae,METTRP - Methow Smolt Trap at McFarland Creek Road Bridge,METTRP,Methow Smolt Trap at McFarland Creek Road Bridge,4/30/2021,2021,48.151085,-120.056584,101
3D9.1A4FA103FB,Larvae,METHR - Methow River,METTRP,Methow Smolt Trap at McFarland Creek Road Bridge,5/3/2021,2021,48.151085,-120.056584,121
3D9.1A4FA103FC,Larvae,METTRP - Methow Smolt Trap at McFarland Creek Road Bridge,METTRP,Methow Smolt Trap at McFarland Creek Road Bridge,5/1/2021,2021,48.151085,-120.056584,130
3D9.1A4FA103FD,Larvae,METTRP - Methow Smolt Trap at McFarland Creek Road Bridge,METTRP,Methow Smolt Trap at McFarland Creek Road Bridge,4/29/2021,2021,48.151085,-120.056584,117
3D9.1A4FA103FE,Larvae,METTRP - Methow Smolt Trap at McFarland Creek Road Bridge,METTRP,Methow Smolt Trap at McFarland Creek Road Bridge,5/1/2021,2021,48.151085,-120.056584,130
3D9.1A4FA103FF,Larvae,METTRP - Methow Smolt Trap at McFarland Creek Road Bridge,METTRP,Methow Smolt Trap at McFarland Creek Road Bridge,4/30/2021,2021,48.151085,-120.056584,130
3D9.1A4FA10400,Larvae,METTRP - Methow Smolt Trap at McFarland Creek Road Bridge,METTRP,Methow Smolt Trap at McFarland Creek Road Bridge,4/30/2021,2021,48.151085,-120.056584,134
3D9.1A4FA10401,Larvae,METHR - Methow River,METTRP,Methow Smolt Trap at McFarland Creek Road Bridge,5/3/2021,2021,48.151085,-120.056584,132
3D9.1A4FA10402,Larvae,METTRP - Methow Smolt Trap at McFarland Creek Road Bridge,METTRP,Methow Smolt Trap at McFarland Creek Road Bridge,4/29/2021,2021,48.151085,-120.056584,120
3D9.1A4FA10403,Larvae,METTRP - Methow Smolt Trap at McFarland Creek Road Bridge,METTRP,Methow Smolt Trap at McFarland Creek Road Bridge,4/29/2021,2021,48.151085,-120.056584,123
3D9.1A4FA10404,Larvae,METHR - Methow River,METTRP,Methow Smolt Trap at McFarland Creek Road Bridge,5/3/2021,2021,48.151085,-120.056584,125
3D9.1A4FA10405,Larvae,METTRP - Methow Smolt Trap at McFarland Creek Road Bridge,METTRP,Methow Smolt Trap at McFarland Creek Road Bridge,5/1/2021,2021,48.151085,-120.056584,128
3D9.1A4FA10406,Larvae,METTRP - Methow Smolt Trap at McFarland Creek Road Bridge,METTRP,Methow Smolt Trap at McFarland Creek Road Bridge,4/28/2021,2021,48.151085,-120.056584,108
3D9.1A4FA10407,Larvae,METTRP - Methow Smolt Trap at McFarland Creek Road Bridge,METTRP,Methow Smolt Trap at McFarland Creek Road Bridge,4/30/2021,2021,48.151085,-120.056584,113
3D9.1A4FA10408,Larvae,METTRP - Methow Smolt Trap at McFarland Creek Road Bridge,METTRP,Methow Smolt Trap at McFarland Creek Road Bridge,4/30/2021,2021,48.151085,-120.056584,125
3D9.1A4FA10409,Larvae,METTRP - Methow Smolt Trap at McFarland Creek Road Bridge,METTRP,Methow Smolt Trap at McFarland Creek Road Bridge,4/30/2021,2021,48.151085,-120.056584,117
3D9.1A4FA1040A,Larvae,METTRP - Methow Smolt Trap at McFarland Creek Road Bridge,METTRP,Methow Smolt Trap at McFarland Creek Road Bridge,4/29/2021,2021,48.151085,-120.056584,124
3D9.1A4FA1040B,Larvae,METTRP - Methow Smolt Trap at McFarland Creek Road Bridge,METTRP,Methow Smolt Trap at McFarland Creek Road Bridge,4/30/2021,2021,48.151085,-120.056584,100
3D9.1A4FA1040C,Larvae,METHR - Methow River,METTRP,Methow Smolt Trap at McFarland Creek Road Bridge,5/3/2021,2021,48.151085,-120.056584,132
3D9.1A4FA1040D,Larvae,METTRP - Methow Smolt Trap at McFarland Creek Road Bridge,METTRP,Methow Smolt Trap at McFarland Creek Road Bridge,4/30/2021,2021,48.151085,-120.056584,108
3D9.1A4FA1040E,Larvae,METHR - Methow River,METTRP,Methow Smolt Trap at McFarland Creek Road Bridge,5/3/2021,2021,48.151085,-120.056584,120
3D9.1A4FA1040F,Larvae,METTRP - Methow Smolt Trap at McFarland Creek Road Bridge,METTRP,Methow Smolt Trap at McFarland Creek Road Bridge,5/1/2021,2021,48.151085,-120.056584,127
3D9.1A4FA10410,Larvae,METHR - Methow River,METTRP,Methow Smolt Trap at McFarland Creek Road Bridge,5/3/2021,2021,48.151085,-120.056584,127
3D9.1A4FA10411,Larvae,METTRP - Methow Smolt Trap at McFarland Creek Road Bridge,METTRP,Methow Smolt Trap at McFarland Creek Road Bridge,4/30/2021,2021,48.151085,-120.056584,117
3D9.1A4FA10412,Larvae,METHR - Methow River,METTRP,Methow Smolt Trap at McFarland Creek Road Bridge,5/3/2021,2021,48.151085,-120.056584,101
3D9.1A4FA10413,Larvae,METTRP - Methow Smolt Trap at McFarland Creek Road Bridge,METTRP,Methow Smolt Trap at McFarland Creek Road Bridge,4/30/2021,2021,48.151085,-120.056584,119
3D9.1A4FA10414,Larvae,METHR - Methow River,METTRP,Methow Smolt Trap at McFarland Creek Road Bridge,5/3/2021,2021,48.151085,-120.056584,118
3D9.1A4FA10415,Larvae,METHR - Methow River,METTRP,Methow Smolt Trap at McFarland Creek Road Bridge,5/3/2021,2021,48.151085,-120.056584,97
3D9.1A4FA10416,Larvae,METTRP - Methow Smolt Trap at McFarland Creek Road Bridge,METTRP,Methow Smolt Trap at McFarland Creek Road Bridge,4/29/2021,2021,48.151085,-120.056584,128
3D9.1A4FA10417,Larvae,METHR - Methow River,METTRP,Methow Smolt Trap at McFarland Creek Road Bridge,5/3/2021,2021,48.151085,-120.056584,122
3D9.1A4FA10418,Macropthalmia (eyed juvenile),METHR - Methow River,METTRP,Methow Smolt Trap at McFarland Creek Road Bridge,5/3/2021,2021,48.151085,-120.056584,134
3D9.1A4FA10419,Larvae,METHR - Methow River,METTRP,Methow Smolt Trap at McFarland Creek Road Bridge,5/3/2021,2021,48.151085,-120.056584,105
3D9.1A4FA1041A,Larvae,METTRP - Methow Smolt Trap at McFarland Creek Road Bridge,METTRP,Methow Smolt Trap at McFarland Creek Road Bridge,5/1/2021,2021,48.151085,-120.056584,121
3D9.1A4FA1041B,Larvae,METHR - Methow River,METTRP,Methow Smolt Trap at McFarland Creek Road Bridge,5/3/2021,2021,48.151085,-120.056584,130
3D9.1A4FA1041C,Larvae,METTRP - Methow Smolt Trap at McFarland Creek Road Bridge,METTRP,Methow Smolt Trap at McFarland Creek Road Bridge,4/29/2021,2021,48.151085,-120.056584,118
3D9.1A4FA1041D,Larvae,METTRP - Methow Smolt Trap at McFarland Creek Road Bridge,METTRP,Methow Smolt Trap at McFarland Creek Road Bridge,5/1/2021,2021,48.151085,-120.056584,133
3D9.1A4FA1041E,Larvae,METHR - Methow River,METTRP,Methow Smolt Trap at McFarland Creek Road Bridge,5/3/2021,2021,48.151085,-120.056584,123
3D9.1A4FA1041F,Larvae,METTRP - Methow Smolt Trap at McFarland Creek Road Bridge,METTRP,Methow Smolt Trap at McFarland Creek Road Bridge,5/1/2021,2021,48.151085,-120.056584,143
3D9.1A4FA10420,Larvae,METTRP - Methow Smolt Trap at McFarland Creek Road Bridge,METTRP,Methow Smolt Trap at McFarland Creek Road Bridge,5/1/2021,2021,48.151085,-120.056584,100
3D9.1A4FA10421,Larvae,METHR - Methow River,METTRP,Methow Smolt Trap at McFarland Creek Road Bridge,5/3/2021,2021,48.151085,-120.056584,130
3D9.1A4FA10422,Larvae,METHR - Methow River,METTRP,Methow Smolt Trap at McFarland Creek Road Bridge,5/3/2021,2021,48.151085,-120.056584,116
3D9.1A4FA10423,Larvae,METTRP - Methow Smolt Trap at McFarland Creek Road Bridge,METTRP,Methow Smolt Trap at McFarland Creek Road Bridge,5/1/2021,2021,48.151085,-120.056584,124
3D9.1A4FA10424,Larvae,METTRP - Methow Smolt Trap at McFarland Creek Road Bridge,METTRP,Methow Smolt Trap at McFarland Creek Road Bridge,5/1/2021,2021,48.151085,-120.056584,123
3D9.1A4FA10425,Larvae,METHR - Methow River,METTRP,Methow Smolt Trap at McFarland Creek Road Bridge,5/3/2021,2021,48.151085,-120.056584,121
3D9.1A4FA10426,Larvae,METHR - Methow River,METTRP,Methow Smolt Trap at McFarland Creek Road Bridge,5/3/2021,2021,48.151085,-120.056584,128
3D9.1A4FA10427,Larvae,METTRP - Methow Smolt Trap at McFarland Creek Road Bridge,METTRP,Methow Smolt Trap at McFarland Creek Road Bridge,5/1/2021,2021,48.151085,-120.056584,133
3D9.1A4FA10428,Larvae,METTRP - Methow Smolt Trap at McFarland Creek Road Bridge,METTRP,Methow Smolt Trap at McFarland Creek Road Bridge,4/28/2021,2021,48.151085,-120.056584,107
3D9.1A4FA10429,Larvae,METTRP - Methow Smolt Trap at McFarland Creek Road Bridge,METTRP,Methow Smolt Trap at McFarland Creek Road Bridge,4/30/2021,2021,48.151085,-120.056584,136
3D9.1A4FA1042A,Larvae,METTRP - Methow Smolt Trap at McFarland Creek Road Bridge,METTRP,Methow Smolt Trap at McFarland Creek Road Bridge,5/1/2021,2021,48.151085,-120.056584,84
3D9.1A4FA1042B,Larvae,METHR - Methow River,METTRP,Methow Smolt Trap at McFarland Creek Road Bridge,5/3/2021,2021,48.151085,-120.056584,98
3D9.1A4FA1042C,Larvae,METTRP - Methow Smolt Trap at McFarland Creek Road Bridge,METTRP,Methow Smolt Trap at McFarland Creek Road Bridge,5/1/2021,2021,48.151085,-120.056584,111
3D9.1A4FA1042D,Larvae,METTRP - Methow Smolt Trap at McFarland Creek Road Bridge,METTRP,Methow Smolt Trap at McFarland Creek Road Bridge,5/1/2021,2021,48.151085,-120.056584,103
3D9.1A4FA1042E,Larvae,METTRP - Methow Smolt Trap at McFarland Creek Road Bridge,METTRP,Methow Smolt Trap at McFarland Creek Road Bridge,4/30/2021,2021,48.151085,-120.056584,116
3D9.1A4FA1042F,Larvae,METTRP - Methow Smolt Trap at McFarland Creek Road Bridge,METTRP,Methow Smolt Trap at McFarland Creek Road Bridge,4/29/2021,2021,48.151085,-120.056584,110
3D9.1A4FA10430,Larvae,METTRP - Methow Smolt Trap at McFarland Creek Road Bridge,METTRP,Methow Smolt Trap at McFarland Creek Road Bridge,5/1/2021,2021,48.151085,-120.056584,122
3D9.1A4FA10431,Larvae,METHR - Methow River,METTRP,Methow Smolt Trap at McFarland Creek Road Bridge,5/3/2021,2021,48.151085,-120.056584,129
3D9.1A4FA10432,Macropthalmia (eyed juvenile),METHR - Methow River,METTRP,Methow Smolt Trap at McFarland Creek Road Bridge,5/3/2021,2021,48.151085,-120.056584,137
3D9.1A4FA10433,Larvae,METHR - Methow River,METTRP,Methow Smolt Trap at McFarland Creek Road Bridge,5/3/2021,2021,48.151085,-120.056584,132
3D9.1A4FA10434,Larvae,METTRP - Methow Smolt Trap at McFarland Creek Road Bridge,METTRP,Methow Smolt Trap at McFarland Creek Road Bridge,4/28/2021,2021,48.151085,-120.056584,113
3D9.1A4FA10435,Larvae,METHR - Methow River,METTRP,Methow Smolt Trap at McFarland Creek Road Bridge,5/3/2021,2021,48.151085,-120.056584,131
3D9.1A4FA10436,Macropthalmia (eyed juvenile),METHR - Methow River,METTRP,Methow Smolt Trap at McFarland Creek Road Bridge,5/3/2021,2021,48.151085,-120.056584,130
3D9.1A4FA10437,Larvae,METTRP - Methow Smolt Trap at McFarland Creek Road Bridge,METTRP,Methow Smolt Trap at McFarland Creek Road Bridge,4/28/2021,2021,48.151085,-120.056584,104
3D9.1A4FA10438,Macropthalmia (eyed juvenile),METTRP - Methow Smolt Trap at McFarland Creek Road Bridge,METTRP,Methow Smolt Trap at McFarland Creek Road Bridge,5/1/2021,2021,48.151085,-120.056584,135
3D9.1A4FA10439,Larvae,METHR - Methow River,METTRP,Methow Smolt Trap at McFarland Creek Road Bridge,5/3/2021,2021,48.151085,-120.056584,124
3D9.1A4FA1043A,Larvae,METTRP - Methow Smolt Trap at McFarland Creek Road Bridge,METTRP,Methow Smolt Trap at McFarland Creek Road Bridge,4/28/2021,2021,48.151085,-120.056584,108
3D9.1A4FA1043B,Larvae,METHR - Methow River,METTRP,Methow Smolt Trap at McFarland Creek Road Bridge,5/3/2021,2021,48.151085,-120.056584,124
3D9.1A4FA1043C,Larvae,METHR - Methow River,METTRP,Methow Smolt Trap at McFarland Creek Road Bridge,5/3/2021,2021,48.151085,-120.056584,100
3D9.1A4FA1043D,Larvae,METTRP - Methow Smolt Trap at McFarland Creek Road Bridge,METTRP,Methow Smolt Trap at McFarland Creek Road Bridge,5/1/2021,2021,48.151085,-120.056584,134
3D9.1A4FA1043E,Larvae,METHR - Methow River,METTRP,Methow Smolt Trap at McFarland Creek Road Bridge,5/3/2021,2021,48.151085,-120.056584,132
3D9.1A4FA1043F,Larvae,METHR - Methow River,METTRP,Methow Smolt Trap at McFarland Creek Road Bridge,5/3/2021,2021,48.151085,-120.056584,108
3D9.1A4FA10440,Larvae,METTRP - Methow Smolt Trap at McFarland Creek Road Bridge,METTRP,Methow Smolt Trap at McFarland Creek Road Bridge,4/30/2021,2021,48.151085,-120.056584,117
3D9.1A4FA10441,Larvae,METTRP - Methow Smolt Trap at McFarland Creek Road Bridge,METTRP,Methow Smolt Trap at McFarland Creek Road Bridge,5/1/2021,2021,48.151085,-120.056584,102
3D9.1A4FA10442,Larvae,METTRP - Methow Smolt Trap at McFarland Creek Road Bridge,METTRP,Methow Smolt Trap at McFarland Creek Road Bridge,4/30/2021,2021,48.151085,-120.056584,118
3D9.1A4FA10443,Larvae,METTRP - Methow Smolt Trap at McFarland Creek Road Bridge,METTRP,Methow Smolt Trap at McFarland Creek Road Bridge,4/29/2021,2021,48.151085,-120.056584,114
3D9.1A4FA10444,Larvae,METHR - Methow River,METTRP,Methow Smolt Trap at McFarland Creek Road Bridge,5/3/2021,2021,48.151085,-120.056584,127
3D9.1A4FA10445,Larvae,METTRP - Methow Smolt Trap at McFarland Creek Road Bridge,METTRP,Methow Smolt Trap at McFarland Creek Road Bridge,5/1/2021,2021,48.151085,-120.056584,138
3D9.1A4FA10446,Larvae,METTRP - Methow Smolt Trap at McFarland Creek Road Bridge,METTRP,Methow Smolt Trap at McFarland Creek Road Bridge,5/1/2021,2021,48.151085,-120.056584,101
3D9.1A4FA10447,Larvae,METHR - Methow River,METTRP,Methow Smolt Trap at McFarland Creek Road Bridge,5/3/2021,2021,48.151085,-120.056584,120
3D9.1A4FA10448,Larvae,METTRP - Methow Smolt Trap at McFarland Creek Road Bridge,METTRP,Methow Smolt Trap at McFarland Creek Road Bridge,5/1/2021,2021,48.151085,-120.056584,133
3D9.1A4FA10449,Larvae,METHR - Methow River,METTRP,Methow Smolt Trap at McFarland Creek Road Bridge,5/3/2021,2021,48.151085,-120.056584,120
3D9.1A4FA1044A,Larvae,METTRP - Methow Smolt Trap at McFarland Creek Road Bridge,METTRP,Methow Smolt Trap at McFarland Creek Road Bridge,5/1/2021,2021,48.151085,-120.056584,108
3D9.1A4FA1044C,Larvae,METHR - Methow River,METTRP,Methow Smolt Trap at McFarland Creek Road Bridge,5/3/2021,2021,48.151085,-120.056584,102
3D9.1A4FA1044D,Larvae,METTRP - Methow Smolt Trap at McFarland Creek Road Bridge,METTRP,Methow Smolt Trap at McFarland Creek Road Bridge,4/28/2021,2021,48.151085,-120.056584,123
3D9.1A4FA1044E,Larvae,METTRP - Methow Smolt Trap at McFarland Creek Road Bridge,METTRP,Methow Smolt Trap at McFarland Creek Road Bridge,4/28/2021,2021,48.151085,-120.056584,121
3D9.1A4FA1044F,Larvae,METHR - Methow River,METTRP,Methow Smolt Trap at McFarland Creek Road Bridge,5/3/2021,2021,48.151085,-120.056584,102
3D9.1A4FA10450,Larvae,METTRP - Methow Smolt Trap at McFarland Creek Road Bridge,METTRP,Methow Smolt Trap at McFarland Creek Road Bridge,4/28/2021,2021,48.151085,-120.056584,110
3D9.1A4FA10451,Macropthalmia (eyed juvenile),METHR - Methow River,METTRP,Methow Smolt Trap at McFarland Creek Road Bridge,5/3/2021,2021,48.151085,-120.056584,128
3D9.1A4FA10452,Larvae,METTRP - Methow Smolt Trap at McFarland Creek Road Bridge,METTRP,Methow Smolt Trap at McFarland Creek Road Bridge,4/28/2021,2021,48.151085,-120.056584,118
3D9.1A4FA10453,Larvae,METTRP - Methow Smolt Trap at McFarland Creek Road Bridge,METTRP,Methow Smolt Trap at McFarland Creek Road Bridge,5/1/2021,2021,48.151085,-120.056584,96
3D9.1A4FA10454,Larvae,METTRP - Methow Smolt Trap at McFarland Creek Road Bridge,METTRP,Methow Smolt Trap at McFarland Creek Road Bridge,5/1/2021,2021,48.151085,-120.056584,132
3D9.1A4FA10455,Macropthalmia (eyed juvenile),METHR - Methow River,METTRP,Methow Smolt Trap at McFarland Creek Road Bridge,5/3/2021,2021,48.151085,-120.056584,135
3D9.1A4FA10456,Larvae,METHR - Methow River,METTRP,Methow Smolt Trap at McFarland Creek Road Bridge,5/3/2021,2021,48.151085,-120.056584,132
3D9.1A4FA10457,Larvae,METTRP - Methow Smolt Trap at McFarland Creek Road Bridge,METTRP,Methow Smolt Trap at McFarland Creek Road Bridge,5/1/2021,2021,48.151085,-120.056584,107
3D9.1A4FA10458,Larvae,METHR - Methow River,METTRP,Methow Smolt Trap at McFarland Creek Road Bridge,5/3/2021,2021,48.151085,-120.056584,97
3D9.1A4FA10459,Larvae,METHR - Methow River,METTRP,Methow Smolt Trap at McFarland Creek Road Bridge,5/3/2021,2021,48.151085,-120.056584,131
3D9.1A4FA1045A,Larvae,METHR - Methow River,METTRP,Methow Smolt Trap at McFarland Creek Road Bridge,5/3/2021,2021,48.151085,-120.056584,107
3D9.1A4FA1045B,Larvae,METHR - Methow River,METTRP,Methow Smolt Trap at McFarland Creek Road Bridge,5/3/2021,2021,48.151085,-120.056584,114
3D9.1A4FA1045C,Larvae,METHR - Methow River,METTRP,Methow Smolt Trap at McFarland Creek Road Bridge,5/3/2021,2021,48.151085,-120.056584,128
3D9.1A4FA1045D,Larvae,METHR - Methow River,METTRP,Methow Smolt Trap at McFarland Creek Road Bridge,5/3/2021,2021,48.151085,-120.056584,130
3D9.1A4FA1045E,Larvae,METHR - Methow River,METTRP,Methow Smolt Trap at McFarland Creek Road Bridge,5/3/2021,2021,48.151085,-120.056584,136
3D9.1A4FA1045F,Larvae,METHR - Methow River,METTRP,Methow Smolt Trap at McFarland Creek Road Bridge,5/3/2021,2021,48.151085,-120.056584,131
3D9.1A4FA10460,Larvae,METHR - Methow River,METTRP,Methow Smolt Trap at McFarland Creek Road Bridge,5/3/2021,2021,48.151085,-120.056584,142
3D9.1A4FA10461,Larvae,METHR - Methow River,METTRP,Methow Smolt Trap at McFarland Creek Road Bridge,5/3/2021,2021,48.151085,-120.056584,118
3D9.1A4FA10462,Larvae,METHR - Methow River,METTRP,Methow Smolt Trap at McFarland Creek Road Bridge,5/3/2021,2021,48.151085,-120.056584,132
3D9.1A4FA10463,Larvae,METHR - Methow River,METTRP,Methow Smolt Trap at McFarland Creek Road Bridge,5/3/2021,2021,48.151085,-120.056584,126
3D9.1A4FA10464,Larvae,METHR - Methow River,METTRP,Methow Smolt Trap at McFarland Creek Road Bridge,5/3/2021,2021,48.151085,-120.056584,125
3D9.1A4FA10465,Larvae,METHR - Methow River,METTRP,Methow Smolt Trap at McFarland Creek Road Bridge,5/3/2021,2021,48.151085,-120.056584,96
3D9.1A4FA10466,Larvae,METHR - Methow River,METTRP,Methow Smolt Trap at McFarland Creek Road Bridge,5/3/2021,2021,48.151085,-120.056584,132
3D9.1A4FA10467,Larvae,METHR - Methow River,METTRP,Methow Smolt Trap at McFarland Creek Road Bridge,5/3/2021,2021,48.151085,-120.056584,122
3D9.1A4FA10469,Larvae,METHR - Methow River,METTRP,Methow Smolt Trap at McFarland Creek Road Bridge,5/3/2021,2021,48.151085,-120.056584,111
3D9.1A4FA1046A,Larvae,METHR - Methow River,METTRP,Methow Smolt Trap at McFarland Creek Road Bridge,5/3/2021,2021,48.151085,-120.056584,110
3D9.1A4FA1046B,Larvae,METHR - Methow River,METTRP,Methow Smolt Trap at McFarland Creek Road Bridge,5/3/2021,2021,48.151085,-120.056584,95
3D9.1A4FA1046C,Larvae,METHR - Methow River,METTRP,Methow Smolt Trap at McFarland Creek Road Bridge,5/3/2021,2021,48.151085,-120.056584,114
3D9.1A4FA1046D,Larvae,METHR - Methow River,METTRP,Methow Smolt Trap at McFarland Creek Road Bridge,5/3/2021,2021,48.151085,-120.056584,130
3D9.1A4FA1046E,Larvae,METHR - Methow River,METTRP,Methow Smolt Trap at McFarland Creek Road Bridge,5/3/2021,2021,48.151085,-120.056584,126
3D9.1A4FA1046F,Larvae,METHR - Methow River,METTRP,Methow Smolt Trap at McFarland Creek Road Bridge,5/3/2021,2021,48.151085,-120.056584,114
3D9.1A4FA10471,Larvae,METHR - Methow River,METTRP,Methow Smolt Trap at McFarland Creek Road Bridge,5/3/2021,2021,48.151085,-120.056584,138
3D9.1A4FA10472,Larvae,METHR - Methow River,METTRP,Methow Smolt Trap at McFarland Creek Road Bridge,5/3/2021,2021,48.151085,-120.056584,104
3D9.1A4FA10473,Larvae,METHR - Methow River,METTRP,Methow Smolt Trap at McFarland Creek Road Bridge,5/3/2021,2021,48.151085,-120.056584,120
3D9.1A4FA10474,Larvae,METHR - Methow River,METTRP,Methow Smolt Trap at McFarland Creek Road Bridge,5/3/2021,2021,48.151085,-120.056584,135
3D9.1A4FA10475,Larvae,METHR - Methow River,METTRP,Methow Smolt Trap at McFarland Creek Road Bridge,5/3/2021,2021,48.151085,-120.056584,107
3D9.1A4FA10476,Larvae,METHR - Methow River,METTRP,Methow Smolt Trap at McFarland Creek Road Bridge,5/3/2021,2021,48.151085,-120.056584,137
3D9.1A4FA10477,Larvae,METHR - Methow River,METTRP,Methow Smolt Trap at McFarland Creek Road Bridge,5/3/2021,2021,48.151085,-120.056584,126
3D9.1A4FA10478,Larvae,METTRP - Methow Smolt Trap at McFarland Creek Road Bridge,METTRP,Methow Smolt Trap at McFarland Creek Road Bridge,5/5/2021,2021,48.151085,-120.056584,119
3D9.1A4FA1047A,Larvae,METHR - Methow River,METTRP,Methow Smolt Trap at McFarland Creek Road Bridge,5/3/2021,2021,48.151085,-120.056584,130
3D9.1A4FA1047B,Larvae,METHR - Methow River,METTRP,Methow Smolt Trap at McFarland Creek Road Bridge,5/3/2021,2021,48.151085,-120.056584,135
3D9.1A4FA1047C,Larvae,METTRP - Methow Smolt Trap at McFarland Creek Road Bridge,METTRP,Methow Smolt Trap at McFarland Creek Road Bridge,5/5/2021,2021,48.151085,-120.056584,115
3D9.1A4FA1047D,Larvae,METTRP - Methow Smolt Trap at McFarland Creek Road Bridge,METTRP,Methow Smolt Trap at McFarland Creek Road Bridge,5/5/2021,2021,48.151085,-120.056584,107
3D9.1A4FA1047E,Larvae,METHR - Methow River,METTRP,Methow Smolt Trap at McFarland Creek Road Bridge,5/3/2021,2021,48.151085,-120.056584,139
3D9.1A4FA1047F,Larvae,METHR - Methow River,METTRP,Methow Smolt Trap at McFarland Creek Road Bridge,5/3/2021,2021,48.151085,-120.056584,104
3D9.1A4FA10480,Larvae,METHR - Methow River,METTRP,Methow Smolt Trap at McFarland Creek Road Bridge,5/3/2021,2021,48.151085,-120.056584,128
3D9.1A4FA10481,Larvae,METHR - Methow River,METTRP,Methow Smolt Trap at McFarland Creek Road Bridge,5/3/2021,2021,48.151085,-120.056584,94
3D9.1A4FA10482,Larvae,METHR - Methow River,METTRP,Methow Smolt Trap at McFarland Creek Road Bridge,5/3/2021,2021,48.151085,-120.056584,113
3D9.1A4FA10483,Larvae,METHR - Methow River,METTRP,Methow Smolt Trap at McFarland Creek Road Bridge,5/3/2021,2021,48.151085,-120.056584,128
3D9.1A4FA10484,Larvae,METHR - Methow River,METTRP,Methow Smolt Trap at McFarland Creek Road Bridge,5/3/2021,2021,48.151085,-120.056584,124
3D9.1A4FA10485,Larvae,METHR - Methow River,METTRP,Methow Smolt Trap at McFarland Creek Road Bridge,5/3/2021,2021,48.151085,-120.056584,133
3D9.1A4FA10486,Larvae,METHR - Methow River,METTRP,Methow Smolt Trap at McFarland Creek Road Bridge,5/3/2021,2021,48.151085,-120.056584,130
3D9.1A4FA10487,Larvae,METHR - Methow River,METTRP,Methow Smolt Trap at McFarland Creek Road Bridge,5/3/2021,2021,48.151085,-120.056584,134
3D9.1A4FA10488,Larvae,METHR - Methow River,METTRP,Methow Smolt Trap at McFarland Creek Road Bridge,5/3/2021,2021,48.151085,-120.056584,137
3D9.1A4FA10489,Larvae,METHR - Methow River,METTRP,Methow Smolt Trap at McFarland Creek Road Bridge,5/3/2021,2021,48.151085,-120.056584,133
3D9.1A4FA1048A,Larvae,METHR - Methow River,METTRP,Methow Smolt Trap at McFarland Creek Road Bridge,5/3/2021,2021,48.151085,-120.056584,128
3D9.1A4FA1048B,Larvae,METHR - Methow River,METTRP,Methow Smolt Trap at McFarland Creek Road Bridge,5/3/2021,2021,48.151085,-120.056584,137
3D9.1A4FA1048C,Larvae,METHR - Methow River,METTRP,Methow Smolt Trap at McFarland Creek Road Bridge,5/3/2021,2021,48.151085,-120.056584,131
3D9.1A4FA1048D,Larvae,METHR - Methow River,METTRP,Methow Smolt Trap at McFarland Creek Road Bridge,5/3/2021,2021,48.151085,-120.056584,110
3D9.1A4FA1048E,Larvae,METHR - Methow River,METTRP,Methow Smolt Trap at McFarland Creek Road Bridge,5/3/2021,2021,48.151085,-120.056584,132
3D9.1A4FA1048F,Larvae,METHR - Methow River,METTRP,Methow Smolt Trap at McFarland Creek Road Bridge,5/3/2021,2021,48.151085,-120.056584,120
3D9.1A4FA10490,Larvae,METHR - Methow River,METTRP,Methow Smolt Trap at McFarland Creek Road Bridge,5/3/2021,2021,48.151085,-120.056584,113
3D9.1A4FA10491,Larvae,METHR - Methow River,METTRP,Methow Smolt Trap at McFarland Creek Road Bridge,5/3/2021,2021,48.151085,-120.056584,131
3D9.1A4FA10492,Larvae,METHR - Methow River,METTRP,Methow Smolt Trap at McFarland Creek Road Bridge,5/3/2021,2021,48.151085,-120.056584,130
3D9.1A4FA10493,Larvae,METHR - Methow River,METTRP,Methow Smolt Trap at McFarland Creek Road Bridge,5/3/2021,2021,48.151085,-120.056584,114
3D9.1A4FA10495,Larvae,METHR - Methow River,METTRP,Methow Smolt Trap at McFarland Creek Road Bridge,5/3/2021,2021,48.151085,-120.056584,131
3D9.1A4FA10496,Larvae,METHR - Methow River,METTRP,Methow Smolt Trap at McFarland Creek Road Bridge,5/3/2021,2021,48.151085,-120.056584,129
3D9.1A4FA10497,Larvae,METHR - Methow River,METTRP,Methow Smolt Trap at McFarland Creek Road Bridge,5/3/2021,2021,48.151085,-120.056584,118
3D9.1A4FA10498,Larvae,METHR - Methow River,METTRP,Methow Smolt Trap at McFarland Creek Road Bridge,5/3/2021,2021,48.151085,-120.056584,126
3D9.1A4FA10499,Larvae,METHR - Methow River,METTRP,Methow Smolt Trap at McFarland Creek Road Bridge,5/3/2021,2021,48.151085,-120.056584,119
3D9.1A4FA1049A,Larvae,METHR - Methow River,METTRP,Methow Smolt Trap at McFarland Creek Road Bridge,5/3/2021,2021,48.151085,-120.056584,109
3D9.1A4FA1049B,Larvae,METHR - Methow River,METTRP,Methow Smolt Trap at McFarland Creek Road Bridge,5/3/2021,2021,48.151085,-120.056584,107
3D9.1A4FA1049C,Larvae,METHR - Methow River,METTRP,Methow Smolt Trap at McFarland Creek Road Bridge,5/3/2021,2021,48.151085,-120.056584,130
3D9.1A4FA1049D,Larvae,METHR - Methow River,METTRP,Methow Smolt Trap at McFarland Creek Road Bridge,5/3/2021,2021,48.151085,-120.056584,112
3D9.1A4FA1049E,Larvae,METHR - Methow River,METTRP,Methow Smolt Trap at McFarland Creek Road Bridge,5/3/2021,2021,48.151085,-120.056584,106
3D9.1A4FA1049F,Macropthalmia (eyed juvenile),METHR - Methow River,METTRP,Methow Smolt Trap at McFarland Creek Road Bridge,5/3/2021,2021,48.151085,-120.056584,126
3D9.1A4FA104A0,Larvae,METHR - Methow River,METTRP,Methow Smolt Trap at McFarland Creek Road Bridge,5/3/2021,2021,48.151085,-120.056584,138
3D9.1A4FA104A2,Larvae,METHR - Methow River,METTRP,Methow Smolt Trap at McFarland Creek Road Bridge,5/3/2021,2021,48.151085,-120.056584,118
3D9.1A4FA104A3,Larvae,METHR - Methow River,METTRP,Methow Smolt Trap at McFarland Creek Road Bridge,5/3/2021,2021,48.151085,-120.056584,115
3D9.1A4FA104A4,Larvae,METHR - Methow River,METTRP,Methow Smolt Trap at McFarland Creek Road Bridge,5/3/2021,2021,48.151085,-120.056584,96
3D9.1A4FA104A5,Larvae,METHR - Methow River,METTRP,Methow Smolt Trap at McFarland Creek Road Bridge,5/3/2021,2021,48.151085,-120.056584,129
3D9.1A4FA104A6,Larvae,METHR - Methow River,METTRP,Methow Smolt Trap at McFarland Creek Road Bridge,5/3/2021,2021,48.151085,-120.056584,114
3D9.1A4FA104A7,Larvae,METHR - Methow River,METTRP,Methow Smolt Trap at McFarland Creek Road Bridge,5/3/2021,2021,48.151085,-120.056584,133
3D9.1A4FA104A8,Larvae,METHR - Methow River,METTRP,Methow Smolt Trap at McFarland Creek Road Bridge,5/3/2021,2021,48.151085,-120.056584,131
3D9.1A4FA104A9,Larvae,METHR - Methow River,METTRP,Methow Smolt Trap at McFarland Creek Road Bridge,5/3/2021,2021,48.151085,-120.056584,134
3D9.1A4FA104AA,Larvae,METHR - Methow River,METTRP,Methow Smolt Trap at McFarland Creek Road Bridge,5/3/2021,2021,48.151085,-120.056584,108
3D9.1A4FA104AB,Larvae,METHR - Methow River,METTRP,Methow Smolt Trap at McFarland Creek Road Bridge,5/3/2021,2021,48.151085,-120.056584,124
3D9.1A4FA104AC,Larvae,METHR - Methow River,METTRP,Methow Smolt Trap at McFarland Creek Road Bridge,5/3/2021,2021,48.151085,-120.056584,132
3D9.1A4FA104AD,Larvae,METHR - Methow River,METTRP,Methow Smolt Trap at McFarland Creek Road Bridge,5/3/2021,2021,48.151085,-120.056584,125
3D9.1A4FA104AE,Larvae,METHR - Methow River,METTRP,Methow Smolt Trap at McFarland Creek Road Bridge,5/3/2021,2021,48.151085,-120.056584,131
3D9.1A4FA104AF,Larvae,METHR - Methow River,METTRP,Methow Smolt Trap at McFarland Creek Road Bridge,5/3/2021,2021,48.151085,-120.056584,127
3D9.1A4FA104B0,Larvae,METHR - Methow River,METTRP,Methow Smolt Trap at McFarland Creek Road Bridge,5/3/2021,2021,48.151085,-120.056584,132
3D9.1A4FA104B1,Larvae,METHR - Methow River,METTRP,Methow Smolt Trap at McFarland Creek Road Bridge,5/3/2021,2021,48.151085,-120.056584,133
3D9.1A4FA104B2,Larvae,METHR - Methow River,METTRP,Methow Smolt Trap at McFarland Creek Road Bridge,5/3/2021,2021,48.151085,-120.056584,108
3D9.1A4FA104B3,Larvae,METHR - Methow River,METTRP,Methow Smolt Trap at McFarland Creek Road Bridge,5/3/2021,2021,48.151085,-120.056584,113
3D9.1A4FA104B4,Larvae,METHR - Methow River,METTRP,Methow Smolt Trap at McFarland Creek Road Bridge,5/3/2021,2021,48.151085,-120.056584,125
3D9.1A4FA104B5,Larvae,METHR - Methow River,METTRP,Methow Smolt Trap at McFarland Creek Road Bridge,5/3/2021,2021,48.151085,-120.056584,127
3D9.1A4FA104B6,Larvae,METHR - Methow River,METTRP,Methow Smolt Trap at McFarland Creek Road Bridge,5/3/2021,2021,48.151085,-120.056584,137
3D9.1A4FA104B7,Larvae,METHR - Methow River,METTRP,Methow Smolt Trap at McFarland Creek Road Bridge,5/3/2021,2021,48.151085,-120.056584,108
3D9.1A4FA104B8,Larvae,METHR - Methow River,METTRP,Methow Smolt Trap at McFarland Creek Road Bridge,5/3/2021,2021,48.151085,-120.056584,129
3D9.1A4FA104BA,Larvae,METHR - Methow River,METTRP,Methow Smolt Trap at McFarland Creek Road Bridge,5/3/2021,2021,48.151085,-120.056584,117
3D9.1A4FA104BB,Larvae,METHR - Methow River,METTRP,Methow Smolt Trap at McFarland Creek Road Bridge,5/3/2021,2021,48.151085,-120.056584,129
3D9.1A4FA104BC,Larvae,METTRP - Methow Smolt Trap at McFarland Creek Road Bridge,METTRP,Methow Smolt Trap at McFarland Creek Road Bridge,5/4/2021,2021,48.151085,-120.056584,101
3D9.1A4FA104BD,Larvae,METHR - Methow River,METTRP,Methow Smolt Trap at McFarland Creek Road Bridge,5/3/2021,2021,48.151085,-120.056584,105
3D9.1A4FA104BE,Larvae,METTRP - Methow Smolt Trap at McFarland Creek Road Bridge,METTRP,Methow Smolt Trap at McFarland Creek Road Bridge,5/4/2021,2021,48.151085,-120.056584,124
3D9.1A4FA104BF,Larvae,METTRP - Methow Smolt Trap at McFarland Creek Road Bridge,METTRP,Methow Smolt Trap at McFarland Creek Road Bridge,5/5/2021,2021,48.151085,-120.056584,102
3D9.1A4FA104C0,Larvae,METTRP - Methow Smolt Trap at McFarland Creek Road Bridge,METTRP,Methow Smolt Trap at McFarland Creek Road Bridge,5/5/2021,2021,48.151085,-120.056584,131
3D9.1A4FA104C1,Larvae,METHR - Methow River,METTRP,Methow Smolt Trap at McFarland Creek Road Bridge,5/3/2021,2021,48.151085,-120.056584,117
3D9.1A4FA104C2,Larvae,METHR - Methow River,METTRP,Methow Smolt Trap at McFarland Creek Road Bridge,5/3/2021,2021,48.151085,-120.056584,134
3D9.1A4FA104C3,Larvae,METTRP - Methow Smolt Trap at McFarland Creek Road Bridge,METTRP,Methow Smolt Trap at McFarland Creek Road Bridge,5/4/2021,2021,48.151085,-120.056584,119
3D9.1A4FA104C4,Larvae,METTRP - Methow Smolt Trap at McFarland Creek Road Bridge,METTRP,Methow Smolt Trap at McFarland Creek Road Bridge,5/4/2021,2021,48.151085,-120.056584,109
3D9.1A4FA104C5,Larvae,METTRP - Methow Smolt Trap at McFarland Creek Road Bridge,METTRP,Methow Smolt Trap at McFarland Creek Road Bridge,5/5/2021,2021,48.151085,-120.056584,100
3D9.1A4FA104C6,Larvae,METTRP - Methow Smolt Trap at McFarland Creek Road Bridge,METTRP,Methow Smolt Trap at McFarland Creek Road Bridge,5/5/2021,2021,48.151085,-120.056584,122
3D9.1A4FA104C7,Larvae,METTRP - Methow Smolt Trap at McFarland Creek Road Bridge,METTRP,Methow Smolt Trap at McFarland Creek Road Bridge,5/5/2021,2021,48.151085,-120.056584,84
3D9.1A4FA104C8,Larvae,METTRP - Methow Smolt Trap at McFarland Creek Road Bridge,METTRP,Methow Smolt Trap at McFarland Creek Road Bridge,5/4/2021,2021,48.151085,-120.056584,99
3D9.1A4FA104C9,Larvae,METTRP - Methow Smolt Trap at McFarland Creek Road Bridge,METTRP,Methow Smolt Trap at McFarland Creek Road Bridge,5/4/2021,2021,48.151085,-120.056584,120
3D9.1A4FA104CA,Larvae,METHR - Methow River,METTRP,Methow Smolt Trap at McFarland Creek Road Bridge,5/3/2021,2021,48.151085,-120.056584,118
3D9.1A4FA104CB,Larvae,METTRP - Methow Smolt Trap at McFarland Creek Road Bridge,METTRP,Methow Smolt Trap at McFarland Creek Road Bridge,5/4/2021,2021,48.151085,-120.056584,107
3D9.1A4FA104CC,Larvae,METTRP - Methow Smolt Trap at McFarland Creek Road Bridge,METTRP,Methow Smolt Trap at McFarland Creek Road Bridge,5/4/2021,2021,48.151085,-120.056584,113
3D9.1A4FA104CD,Larvae,METTRP - Methow Smolt Trap at McFarland Creek Road Bridge,METTRP,Methow Smolt Trap at McFarland Creek Road Bridge,5/4/2021,2021,48.151085,-120.056584,96
3D9.1A4FA104CE,Larvae,METHR - Methow River,METTRP,Methow Smolt Trap at McFarland Creek Road Bridge,5/3/2021,2021,48.151085,-120.056584,138
3D9.1A4FA104CF,Larvae,METTRP - Methow Smolt Trap at McFarland Creek Road Bridge,METTRP,Methow Smolt Trap at McFarland Creek Road Bridge,5/5/2021,2021,48.151085,-120.056584,115
3D9.1A4FA104D0,Larvae,METHR - Methow River,METTRP,Methow Smolt Trap at McFarland Creek Road Bridge,5/3/2021,2021,48.151085,-120.056584,113
3D9.1A4FA104D1,Larvae,METTRP - Methow Smolt Trap at McFarland Creek Road Bridge,METTRP,Methow Smolt Trap at McFarland Creek Road Bridge,5/4/2021,2021,48.151085,-120.056584,111
3D9.1A4FA104D2,Larvae,METHR - Methow River,METTRP,Methow Smolt Trap at McFarland Creek Road Bridge,5/3/2021,2021,48.151085,-120.056584,115
3D9.1A4FA104D3,Larvae,METTRP - Methow Smolt Trap at McFarland Creek Road Bridge,METTRP,Methow Smolt Trap at McFarland Creek Road Bridge,5/4/2021,2021,48.151085,-120.056584,123
3D9.1A4FA104D4,Larvae,METHR - Methow River,METTRP,Methow Smolt Trap at McFarland Creek Road Bridge,5/3/2021,2021,48.151085,-120.056584,123
3D9.1A4FA104D5,Larvae,METTRP - Methow Smolt Trap at McFarland Creek Road Bridge,METTRP,Methow Smolt Trap at McFarland Creek Road Bridge,5/4/2021,2021,48.151085,-120.056584,100
3D9.1A4FA104D6,Larvae,METHR - Methow River,METTRP,Methow Smolt Trap at McFarland Creek Road Bridge,5/3/2021,2021,48.151085,-120.056584,134
3D9.1A4FA104D7,Larvae,METTRP - Methow Smolt Trap at McFarland Creek Road Bridge,METTRP,Methow Smolt Trap at McFarland Creek Road Bridge,5/4/2021,2021,48.151085,-120.056584,121
3D9.1A4FA104D8,Larvae,METTRP - Methow Smolt Trap at McFarland Creek Road Bridge,METTRP,Methow Smolt Trap at McFarland Creek Road Bridge,5/4/2021,2021,48.151085,-120.056584,126
3D9.1A4FA104D9,Larvae,METTRP - Methow Smolt Trap at McFarland Creek Road Bridge,METTRP,Methow Smolt Trap at McFarland Creek Road Bridge,5/5/2021,2021,48.151085,-120.056584,88
3D9.1A4FA104DA,Larvae,METTRP - Methow Smolt Trap at McFarland Creek Road Bridge,METTRP,Methow Smolt Trap at McFarland Creek Road Bridge,5/4/2021,2021,48.151085,-120.056584,106
3D9.1A4FA104DB,Larvae,METTRP - Methow Smolt Trap at McFarland Creek Road Bridge,METTRP,Methow Smolt Trap at McFarland Creek Road Bridge,5/4/2021,2021,48.151085,-120.056584,124
3D9.1A4FA104DC,Larvae,METTRP - Methow Smolt Trap at McFarland Creek Road Bridge,METTRP,Methow Smolt Trap at McFarland Creek Road Bridge,5/4/2021,2021,48.151085,-120.056584,132
3D9.1A4FA104DD,Larvae,METHR - Methow River,METTRP,Methow Smolt Trap at McFarland Creek Road Bridge,5/3/2021,2021,48.151085,-120.056584,109
3D9.1A4FA104DF,Larvae,METHR - Methow River,METTRP,Methow Smolt Trap at McFarland Creek Road Bridge,5/3/2021,2021,48.151085,-120.056584,88
3D9.1A4FA104E0,Larvae,METHR - Methow River,METTRP,Methow Smolt Trap at McFarland Creek Road Bridge,5/3/2021,2021,48.151085,-120.056584,99
3D9.1A4FA104E1,Larvae,METHR - Methow River,METTRP,Methow Smolt Trap at McFarland Creek Road Bridge,5/3/2021,2021,48.151085,-120.056584,123
3D9.1A4FA104E2,Larvae,METHR - Methow River,METTRP,Methow Smolt Trap at McFarland Creek Road Bridge,5/3/2021,2021,48.151085,-120.056584,114
3D9.1A4FA104E3,Larvae,METTRP - Methow Smolt Trap at McFarland Creek Road Bridge,METTRP,Methow Smolt Trap at McFarland Creek Road Bridge,5/5/2021,2021,48.151085,-120.056584,123
3D9.1A4FA104E4,Larvae,METHR - Methow River,METTRP,Methow Smolt Trap at McFarland Creek Road Bridge,5/3/2021,2021,48.151085,-120.056584,132
3D9.1A4FA104E5,Larvae,METHR - Methow River,METTRP,Methow Smolt Trap at McFarland Creek Road Bridge,5/3/2021,2021,48.151085,-120.056584,127
3D9.1A4FA104E6,Larvae,METTRP - Methow Smolt Trap at McFarland Creek Road Bridge,METTRP,Methow Smolt Trap at McFarland Creek Road Bridge,5/4/2021,2021,48.151085,-120.056584,114
3D9.1A4FA104E7,Larvae,METTRP - Methow Smolt Trap at McFarland Creek Road Bridge,METTRP,Methow Smolt Trap at McFarland Creek Road Bridge,5/5/2021,2021,48.151085,-120.056584,130
3D9.1A4FA104E8,Larvae,METHR - Methow River,METTRP,Methow Smolt Trap at McFarland Creek Road Bridge,5/3/2021,2021,48.151085,-120.056584,132
3D9.1A4FA104E9,Larvae,METTRP - Methow Smolt Trap at McFarland Creek Road Bridge,METTRP,Methow Smolt Trap at McFarland Creek Road Bridge,5/4/2021,2021,48.151085,-120.056584,124
3D9.1A4FA104EA,Larvae,METTRP - Methow Smolt Trap at McFarland Creek Road Bridge,METTRP,Methow Smolt Trap at McFarland Creek Road Bridge,5/5/2021,2021,48.151085,-120.056584,106
3D9.1A4FA104EB,Larvae,METTRP - Methow Smolt Trap at McFarland Creek Road Bridge,METTRP,Methow Smolt Trap at McFarland Creek Road Bridge,5/4/2021,2021,48.151085,-120.056584,113
3D9.1A4FA104EC,Larvae,METTRP - Methow Smolt Trap at McFarland Creek Road Bridge,METTRP,Methow Smolt Trap at McFarland Creek Road Bridge,5/4/2021,2021,48.151085,-120.056584,94
3D9.1A4FA104ED,Larvae,METTRP - Methow Smolt Trap at McFarland Creek Road Bridge,METTRP,Methow Smolt Trap at McFarland Creek Road Bridge,5/5/2021,2021,48.151085,-120.056584,92
3D9.1A4FA104EE,Larvae,METTRP - Methow Smolt Trap at McFarland Creek Road Bridge,METTRP,Methow Smolt Trap at McFarland Creek Road Bridge,5/4/2021,2021,48.151085,-120.056584,130
3D9.1A4FA104EF,Larvae,METTRP - Methow Smolt Trap at McFarland Creek Road Bridge,METTRP,Methow Smolt Trap at McFarland Creek Road Bridge,5/4/2021,2021,48.151085,-120.056584,125
3D9.1A4FA104F0,Larvae,METTRP - Methow Smolt Trap at McFarland Creek Road Bridge,METTRP,Methow Smolt Trap at McFarland Creek Road Bridge,5/5/2021,2021,48.151085,-120.056584,123
3D9.1A4FA104F1,Larvae,METHR - Methow River,METTRP,Methow Smolt Trap at McFarland Creek Road Bridge,5/3/2021,2021,48.151085,-120.056584,124
3D9.1A4FA104F2,Larvae,METHR - Methow River,METTRP,Methow Smolt Trap at McFarland Creek Road Bridge,5/3/2021,2021,48.151085,-120.056584,131
3D9.1A4FA104F3,Larvae,METTRP - Methow Smolt Trap at McFarland Creek Road Bridge,METTRP,Methow Smolt Trap at McFarland Creek Road Bridge,5/4/2021,2021,48.151085,-120.056584,92
3D9.1A4FA104F4,Larvae,METHR - Methow River,METTRP,Methow Smolt Trap at McFarland Creek Road Bridge,5/3/2021,2021,48.151085,-120.056584,92
3D9.1A4FA104F5,Larvae,METTRP - Methow Smolt Trap at McFarland Creek Road Bridge,METTRP,Methow Smolt Trap at McFarland Creek Road Bridge,5/5/2021,2021,48.151085,-120.056584,99
3D9.1A4FA104F6,Larvae,METHR - Methow River,METTRP,Methow Smolt Trap at McFarland Creek Road Bridge,5/3/2021,2021,48.151085,-120.056584,131
3D9.1A4FA104F7,Larvae,METHR - Methow River,METTRP,Methow Smolt Trap at McFarland Creek Road Bridge,5/3/2021,2021,48.151085,-120.056584,133
3D9.1A4FA104F8,Larvae,METTRP - Methow Smolt Trap at McFarland Creek Road Bridge,METTRP,Methow Smolt Trap at McFarland Creek Road Bridge,5/4/2021,2021,48.151085,-120.056584,99
3D9.1A4FA104F9,Larvae,METHR - Methow River,METTRP,Methow Smolt Trap at McFarland Creek Road Bridge,5/3/2021,2021,48.151085,-120.056584,93
3D9.1A4FA104FA,Larvae,METTRP - Methow Smolt Trap at McFarland Creek Road Bridge,METTRP,Methow Smolt Trap at McFarland Creek Road Bridge,5/4/2021,2021,48.151085,-120.056584,115
3D9.1A4FA104FB,Larvae,METTRP - Methow Smolt Trap at McFarland Creek Road Bridge,METTRP,Methow Smolt Trap at McFarland Creek Road Bridge,5/4/2021,2021,48.151085,-120.056584,85
3D9.1A4FA104FC,Larvae,METTRP - Methow Smolt Trap at McFarland Creek Road Bridge,METTRP,Methow Smolt Trap at McFarland Creek Road Bridge,5/6/2021,2021,48.151085,-120.056584,101
3D9.1A4FA104FD,Larvae,METHR - Methow River,METTRP,Methow Smolt Trap at McFarland Creek Road Bridge,5/3/2021,2021,48.151085,-120.056584,112
3D9.1A4FA104FE,Larvae,METTRP - Methow Smolt Trap at McFarland Creek Road Bridge,METTRP,Methow Smolt Trap at McFarland Creek Road Bridge,5/4/2021,2021,48.151085,-120.056584,124
3D9.1A4FA104FF,Larvae,METHR - Methow River,METTRP,Methow Smolt Trap at McFarland Creek Road Bridge,5/3/2021,2021,48.151085,-120.056584,101
3D9.1A4FA10500,Larvae,METTRP - Methow Smolt Trap at McFarland Creek Road Bridge,METTRP,Methow Smolt Trap at McFarland Creek Road Bridge,5/4/2021,2021,48.151085,-120.056584,106
3D9.1A4FA10501,Larvae,METHR - Methow River,METTRP,Methow Smolt Trap at McFarland Creek Road Bridge,5/3/2021,2021,48.151085,-120.056584,85
3D9.1A4FA10502,Larvae,METTRP - Methow Smolt Trap at McFarland Creek Road Bridge,METTRP,Methow Smolt Trap at McFarland Creek Road Bridge,5/5/2021,2021,48.151085,-120.056584,123
3D9.1A4FA10503,Larvae,METHR - Methow River,METTRP,Methow Smolt Trap at McFarland Creek Road Bridge,5/3/2021,2021,48.151085,-120.056584,108
3D9.1A4FA10504,Larvae,METHR - Methow River,METTRP,Methow Smolt Trap at McFarland Creek Road Bridge,5/3/2021,2021,48.151085,-120.056584,110
3D9.1A4FA10505,Larvae,METTRP - Methow Smolt Trap at McFarland Creek Road Bridge,METTRP,Methow Smolt Trap at McFarland Creek Road Bridge,5/5/2021,2021,48.151085,-120.056584,78
3D9.1A4FA10506,Larvae,METTRP - Methow Smolt Trap at McFarland Creek Road Bridge,METTRP,Methow Smolt Trap at McFarland Creek Road Bridge,5/4/2021,2021,48.151085,-120.056584,126
3D9.1A4FA10507,Larvae,METTRP - Methow Smolt Trap at McFarland Creek Road Bridge,METTRP,Methow Smolt Trap at McFarland Creek Road Bridge,5/5/2021,2021,48.151085,-120.056584,115
3D9.1A4FA10508,Larvae,METHR - Methow River,METTRP,Methow Smolt Trap at McFarland Creek Road Bridge,5/3/2021,2021,48.151085,-120.056584,102
3D9.1A4FA10509,Larvae,METHR - Methow River,METTRP,Methow Smolt Trap at McFarland Creek Road Bridge,5/3/2021,2021,48.151085,-120.056584,132
3D9.1A4FA1050A,Larvae,METHR - Methow River,METTRP,Methow Smolt Trap at McFarland Creek Road Bridge,5/3/2021,2021,48.151085,-120.056584,127
3D9.1A4FA1050B,Larvae,METTRP - Methow Smolt Trap at McFarland Creek Road Bridge,METTRP,Methow Smolt Trap at McFarland Creek Road Bridge,5/5/2021,2021,48.151085,-120.056584,86
3D9.1A4FA1050C,Larvae,METHR - Methow River,METTRP,Methow Smolt Trap at McFarland Creek Road Bridge,5/3/2021,2021,48.151085,-120.056584,120
3D9.1A4FA1050D,Larvae,METTRP - Methow Smolt Trap at McFarland Creek Road Bridge,METTRP,Methow Smolt Trap at McFarland Creek Road Bridge,5/4/2021,2021,48.151085,-120.056584,131
3D9.1A4FA1050E,Larvae,METTRP - Methow Smolt Trap at McFarland Creek Road Bridge,METTRP,Methow Smolt Trap at McFarland Creek Road Bridge,5/4/2021,2021,48.151085,-120.056584,128
3D9.1A4FA1050F,Larvae,METHR - Methow River,METTRP,Methow Smolt Trap at McFarland Creek Road Bridge,5/3/2021,2021,48.151085,-120.056584,118
3D9.1A4FA10510,Larvae,METHR - Methow River,METTRP,Methow Smolt Trap at McFarland Creek Road Bridge,5/3/2021,2021,48.151085,-120.056584,111
3D9.1A4FA10511,Larvae,METHR - Methow River,METTRP,Methow Smolt Trap at McFarland Creek Road Bridge,5/3/2021,2021,48.151085,-120.056584,130
3D9.1A4FA10512,Larvae,METTRP - Methow Smolt Trap at McFarland Creek Road Bridge,METTRP,Methow Smolt Trap at McFarland Creek Road Bridge,5/5/2021,2021,48.151085,-120.056584,90
3D9.1A4FA10513,Larvae,METHR - Methow River,METTRP,Methow Smolt Trap at McFarland Creek Road Bridge,5/3/2021,2021,48.151085,-120.056584,129
3D9.1A4FA10514,Larvae,METTRP - Methow Smolt Trap at McFarland Creek Road Bridge,METTRP,Methow Smolt Trap at McFarland Creek Road Bridge,5/5/2021,2021,48.151085,-120.056584,128
3D9.1A4FA10515,Larvae,METTRP - Methow Smolt Trap at McFarland Creek Road Bridge,METTRP,Methow Smolt Trap at McFarland Creek Road Bridge,5/5/2021,2021,48.151085,-120.056584,125
3D9.1A4FA10516,Larvae,METHR - Methow River,METTRP,Methow Smolt Trap at McFarland Creek Road Bridge,5/3/2021,2021,48.151085,-120.056584,113
3D9.1A4FA10517,Larvae,METHR - Methow River,METTRP,Methow Smolt Trap at McFarland Creek Road Bridge,5/3/2021,2021,48.151085,-120.056584,109
3D9.1A4FA10518,Larvae,METTRP - Methow Smolt Trap at McFarland Creek Road Bridge,METTRP,Methow Smolt Trap at McFarland Creek Road Bridge,5/6/2021,2021,48.151085,-120.056584,101
3D9.1A4FA10519,Larvae,METHR - Methow River,METTRP,Methow Smolt Trap at McFarland Creek Road Bridge,5/3/2021,2021,48.151085,-120.056584,124
3D9.1A4FA1051A,Larvae,METHR - Methow River,METTRP,Methow Smolt Trap at McFarland Creek Road Bridge,5/3/2021,2021,48.151085,-120.056584,100
3D9.1A4FA1051B,Larvae,METHR - Methow River,METTRP,Methow Smolt Trap at McFarland Creek Road Bridge,5/3/2021,2021,48.151085,-120.056584,110
3D9.1A4FA1051C,Larvae,METTRP - Methow Smolt Trap at McFarland Creek Road Bridge,METTRP,Methow Smolt Trap at McFarland Creek Road Bridge,5/4/2021,2021,48.151085,-120.056584,105
3D9.1A4FA1051D,Larvae,METTRP - Methow Smolt Trap at McFarland Creek Road Bridge,METTRP,Methow Smolt Trap at McFarland Creek Road Bridge,5/5/2021,2021,48.151085,-120.056584,123
3D9.1A4FA1051E,Larvae,METHR - Methow River,METTRP,Methow Smolt Trap at McFarland Creek Road Bridge,5/3/2021,2021,48.151085,-120.056584,107
3D9.1A4FA1051F,Larvae,METHR - Methow River,METTRP,Methow Smolt Trap at McFarland Creek Road Bridge,5/3/2021,2021,48.151085,-120.056584,125
3D9.1A4FA10520,Larvae,METHR - Methow River,METTRP,Methow Smolt Trap at McFarland Creek Road Bridge,5/10/2021,2021,48.151085,-120.056584,130
3D9.1A4FA10521,Larvae,METTRP - Methow Smolt Trap at McFarland Creek Road Bridge,METTRP,Methow Smolt Trap at McFarland Creek Road Bridge,5/15/2021,2021,48.151085,-120.056584,121
3D9.1A4FA10522,Larvae,METTRP - Methow Smolt Trap at McFarland Creek Road Bridge,METTRP,Methow Smolt Trap at McFarland Creek Road Bridge,5/14/2021,2021,48.151085,-120.056584,113
3D9.1A4FA10523,Macropthalmia (eyed juvenile),METTRP - Methow Smolt Trap at McFarland Creek Road Bridge,METTRP,Methow Smolt Trap at McFarland Creek Road Bridge,5/28/2022,2022,48.151085,-120.056584,130
3D9.1A4FA10524,Larvae,METTRP - Methow Smolt Trap at McFarland Creek Road Bridge,METTRP,Methow Smolt Trap at McFarland Creek Road Bridge,5/14/2021,2021,48.151085,-120.056584,116
3D9.1A4FA10525,Larvae,METTRP - Methow Smolt Trap at McFarland Creek Road Bridge,METTRP,Methow Smolt Trap at McFarland Creek Road Bridge,5/16/2021,2021,48.151085,-120.056584,116
3D9.1A4FA10526,Larvae,METHR - Methow River,METTRP,Methow Smolt Trap at McFarland Creek Road Bridge,5/10/2021,2021,48.151085,-120.056584,126
3D9.1A4FA10527,Larvae,METHR - Methow River,METTRP,Methow Smolt Trap at McFarland Creek Road Bridge,4/13/2023,2023,48.151085,-120.056584,135
3D9.1A4FA10528,Macropthalmia (eyed juvenile),METTRP - Methow Smolt Trap at McFarland Creek Road Bridge,METTRP,Methow Smolt Trap at McFarland Creek Road Bridge,5/29/2022,2022,48.151085,-120.056584,134
3D9.1A4FA10529,Larvae,METTRP - Methow Smolt Trap at McFarland Creek Road Bridge,METTRP,Methow Smolt Trap at McFarland Creek Road Bridge,5/15/2021,2021,48.151085,-120.056584,131
3D9.1A4FA1052A,Larvae,METTRP - Methow Smolt Trap at McFarland Creek Road Bridge,METTRP,Methow Smolt Trap at McFarland Creek Road Bridge,5/14/2021,2021,48.151085,-120.056584,130
3D9.1A4FA1052B,Larvae,METHR - Methow River,METTRP,Methow Smolt Trap at McFarland Creek Road Bridge,4/13/2023,2023,48.151085,-120.056584,130
3D9.1A4FA1052C,Larvae,METHR - Methow River,METTRP,Methow Smolt Trap at McFarland Creek Road Bridge,5/10/2021,2021,48.151085,-120.056584,100
3D9.1A4FA1052D,Larvae,METHR - Methow River,METTRP,Methow Smolt Trap at McFarland Creek Road Bridge,5/10/2021,2021,48.151085,-120.056584,117
3D9.1A4FA1052E,Macropthalmia (eyed juvenile),METTRP - Methow Smolt Trap at McFarland Creek Road Bridge,METTRP,Methow Smolt Trap at McFarland Creek Road Bridge,5/28/2022,2022,48.151085,-120.056584,130
3D9.1A4FA1052F,Larvae,METHR - Methow River,METTRP,Methow Smolt Trap at McFarland Creek Road Bridge,5/10/2021,2021,48.151085,-120.056584,122
3D9.1A4FA10530,Larvae,METTRP - Methow Smolt Trap at McFarland Creek Road Bridge,METTRP,Methow Smolt Trap at McFarland Creek Road Bridge,5/16/2021,2021,48.151085,-120.056584,113
3D9.1A4FA10531,Larvae,METTRP - Methow Smolt Trap at McFarland Creek Road Bridge,METTRP,Methow Smolt Trap at McFarland Creek Road Bridge,5/16/2021,2021,48.151085,-120.056584,120
3D9.1A4FA10532,Larvae,METTRP - Methow Smolt Trap at McFarland Creek Road Bridge,METTRP,Methow Smolt Trap at McFarland Creek Road Bridge,5/17/2021,2021,48.151085,-120.056584,128
3D9.1A4FA10533,Macropthalmia (eyed juvenile),METTRP - Methow Smolt Trap at McFarland Creek Road Bridge,METTRP,Methow Smolt Trap at McFarland Creek Road Bridge,6/3/2022,2022,48.151085,-120.056584,133
3D9.1A4FA10535,Larvae,METTRP - Methow Smolt Trap at McFarland Creek Road Bridge,METTRP,Methow Smolt Trap at McFarland Creek Road Bridge,5/12/2021,2021,48.151085,-120.056584,134
3D9.1A4FA10536,Larvae,METHR - Methow River,METTRP,Methow Smolt Trap at McFarland Creek Road Bridge,4/13/2023,2023,48.151085,-120.056584,129
3D9.1A4FA10537,Macropthalmia (eyed juvenile),METTRP - Methow Smolt Trap at McFarland Creek Road Bridge,METTRP,Methow Smolt Trap at McFarland Creek Road Bridge,5/27/2022,2022,48.151085,-120.056584,134
3D9.1A4FA10538,Larvae,METTRP - Methow Smolt Trap at McFarland Creek Road Bridge,METTRP,Methow Smolt Trap at McFarland Creek Road Bridge,5/13/2021,2021,48.151085,-120.056584,115
3D9.1A4FA10539,Larvae,METTRP - Methow Smolt Trap at McFarland Creek Road Bridge,METTRP,Methow Smolt Trap at McFarland Creek Road Bridge,5/11/2021,2021,48.151085,-120.056584,119
3D9.1A4FA1053B,Larvae,METHR - Methow River,METTRP,Methow Smolt Trap at McFarland Creek Road Bridge,5/10/2021,2021,48.151085,-120.056584,108
3D9.1A4FA1053C,Larvae,METTRP - Methow Smolt Trap at McFarland Creek Road Bridge,METTRP,Methow Smolt Trap at McFarland Creek Road Bridge,5/16/2021,2021,48.151085,-120.056584,131
3D9.1A4FA1053D,Larvae,METHR - Methow River,METTRP,Methow Smolt Trap at McFarland Creek Road Bridge,5/10/2021,2021,48.151085,-120.056584,102
3D9.1A4FA1053E,Larvae,METTRP - Methow Smolt Trap at McFarland Creek Road Bridge,METTRP,Methow Smolt Trap at McFarland Creek Road Bridge,5/12/2021,2021,48.151085,-120.056584,103
3D9.1A4FA1053F,Larvae,METTRP - Methow Smolt Trap at McFarland Creek Road Bridge,METTRP,Methow Smolt Trap at McFarland Creek Road Bridge,5/15/2021,2021,48.151085,-120.056584,124
3D9.1A4FA10540,Larvae,METHR - Methow River,METTRP,Methow Smolt Trap at McFarland Creek Road Bridge,5/10/2021,2021,48.151085,-120.056584,114
3D9.1A4FA10541,Larvae,METTRP - Methow Smolt Trap at McFarland Creek Road Bridge,METTRP,Methow Smolt Trap at McFarland Creek Road Bridge,5/16/2021,2021,48.151085,-120.056584,124
3D9.1A4FA10542,Macropthalmia (eyed juvenile),METTRP - Methow Smolt Trap at McFarland Creek Road Bridge,METTRP,Methow Smolt Trap at McFarland Creek Road Bridge,5/27/2022,2022,48.151085,-120.056584,127
3D9.1A4FA10543,Macropthalmia (eyed juvenile),METTRP - Methow Smolt Trap at McFarland Creek Road Bridge,METTRP,Methow Smolt Trap at McFarland Creek Road Bridge,6/3/2022,2022,48.151085,-120.056584,131
3D9.1A4FA10544,Larvae,METTRP - Methow Smolt Trap at McFarland Creek Road Bridge,METTRP,Methow Smolt Trap at McFarland Creek Road Bridge,5/11/2021,2021,48.151085,-120.056584,120
3D9.1A4FA10545,Larvae,METTRP - Methow Smolt Trap at McFarland Creek Road Bridge,METTRP,Methow Smolt Trap at McFarland Creek Road Bridge,5/15/2021,2021,48.151085,-120.056584,127
3D9.1A4FA10546,Larvae,METTRP - Methow Smolt Trap at McFarland Creek Road Bridge,METTRP,Methow Smolt Trap at McFarland Creek Road Bridge,5/11/2021,2021,48.151085,-120.056584,125
3D9.1A4FA10547,Macropthalmia (eyed juvenile),METTRP - Methow Smolt Trap at McFarland Creek Road Bridge,METTRP,Methow Smolt Trap at McFarland Creek Road Bridge,5/28/2022,2022,48.151085,-120.056584,120
3D9.1A4FA10549,Larvae,METTRP - Methow Smolt Trap at McFarland Creek Road Bridge,METTRP,Methow Smolt Trap at McFarland Creek Road Bridge,5/14/2021,2021,48.151085,-120.056584,107
3D9.1A4FA1054A,Larvae,METTRP - Methow Smolt Trap at McFarland Creek Road Bridge,METTRP,Methow Smolt Trap at McFarland Creek Road Bridge,5/15/2021,2021,48.151085,-120.056584,124
3D9.1A4FA1054B,Larvae,METHR - Methow River,METTRP,Methow Smolt Trap at McFarland Creek Road Bridge,4/16/2023,2023,48.151085,-120.056584,126
3D9.1A4FA1054C,Macropthalmia (eyed juvenile),METTRP - Methow Smolt Trap at McFarland Creek Road Bridge,METTRP,Methow Smolt Trap at McFarland Creek Road Bridge,5/29/2022,2022,48.151085,-120.056584,134
3D9.1A4FA1054D,Macropthalmia (eyed juvenile),METTRP - Methow Smolt Trap at McFarland Creek Road Bridge,METTRP,Methow Smolt Trap at McFarland Creek Road Bridge,5/26/2022,2022,48.151085,-120.056584,133
3D9.1A4FA1054E,Larvae,METTRP - Methow Smolt Trap at McFarland Creek Road Bridge,METTRP,Methow Smolt Trap at McFarland Creek Road Bridge,5/16/2021,2021,48.151085,-120.056584,127
3D9.1A4FA1054F,Larvae,METHR - Methow River,METTRP,Methow Smolt Trap at McFarland Creek Road Bridge,4/13/2023,2023,48.151085,-120.056584,119
3D9.1A4FA10550,Larvae,METTRP - Methow Smolt Trap at McFarland Creek Road Bridge,METTRP,Methow Smolt Trap at McFarland Creek Road Bridge,5/16/2021,2021,48.151085,-120.056584,118
3D9.1A4FA10551,Larvae,METTRP - Methow Smolt Trap at McFarland Creek Road Bridge,METTRP,Methow Smolt Trap at McFarland Creek Road Bridge,5/14/2021,2021,48.151085,-120.056584,97
3D9.1A4FA10554,Larvae,METTRP - Methow Smolt Trap at McFarland Creek Road Bridge,METTRP,Methow Smolt Trap at McFarland Creek Road Bridge,5/11/2021,2021,48.151085,-120.056584,101
3D9.1A4FA10555,Larvae,METTRP - Methow Smolt Trap at McFarland Creek Road Bridge,METTRP,Methow Smolt Trap at McFarland Creek Road Bridge,5/16/2021,2021,48.151085,-120.056584,131
3D9.1A4FA10556,Larvae,METTRP - Methow Smolt Trap at McFarland Creek Road Bridge,METTRP,Methow Smolt Trap at McFarland Creek Road Bridge,5/11/2021,2021,48.151085,-120.056584,100
3D9.1A4FA10557,Larvae,METHR - Methow River,METTRP,Methow Smolt Trap at McFarland Creek Road Bridge,4/16/2023,2023,48.151085,-120.056584,126
3D9.1A4FA10558,Larvae,METTRP - Methow Smolt Trap at McFarland Creek Road Bridge,METTRP,Methow Smolt Trap at McFarland Creek Road Bridge,5/17/2021,2021,48.151085,-120.056584,128
3D9.1A4FA10559,Larvae,METTRP - Methow Smolt Trap at McFarland Creek Road Bridge,METTRP,Methow Smolt Trap at McFarland Creek Road Bridge,5/11/2021,2021,48.151085,-120.056584,107
3D9.1A4FA1055A,Larvae,METHR - Methow River,METTRP,Methow Smolt Trap at McFarland Creek Road Bridge,4/13/2023,2023,48.151085,-120.056584,124
3D9.1A4FA1055B,Larvae,METTRP - Methow Smolt Trap at McFarland Creek Road Bridge,METTRP,Methow Smolt Trap at McFarland Creek Road Bridge,5/12/2021,2021,48.151085,-120.056584,134
3D9.1A4FA1055C,Larvae,METTRP - Methow Smolt Trap at McFarland Creek Road Bridge,METTRP,Methow Smolt Trap at McFarland Creek Road Bridge,5/13/2021,2021,48.151085,-120.056584,102
3D9.1A4FA1055D,Larvae,METHR - Methow River,METTRP,Methow Smolt Trap at McFarland Creek Road Bridge,4/16/2023,2023,48.151085,-120.056584,122
3D9.1A4FA1055E,Larvae,METTRP - Methow Smolt Trap at McFarland Creek Road Bridge,METTRP,Methow Smolt Trap at McFarland Creek Road Bridge,5/11/2021,2021,48.151085,-120.056584,137
3D9.1A4FA1055F,Larvae,METHR - Methow River,METTRP,Methow Smolt Trap at McFarland Creek Road Bridge,5/10/2021,2021,48.151085,-120.056584,113
3D9.1A4FA10560,Larvae,METHR - Methow River,METTRP,Methow Smolt Trap at McFarland Creek Road Bridge,4/22/2023,2023,48.151085,-120.056584,120
3D9.1A4FA10561,Larvae,METTRP - Methow Smolt Trap at McFarland Creek Road Bridge,METTRP,Methow Smolt Trap at McFarland Creek Road Bridge,5/11/2021,2021,48.151085,-120.056584,116
3D9.1A4FA10562,Larvae,METTRP - Methow Smolt Trap at McFarland Creek Road Bridge,METTRP,Methow Smolt Trap at McFarland Creek Road Bridge,5/11/2021,2021,48.151085,-120.056584,110
3D9.1A4FA10563,Macropthalmia (eyed juvenile),METTRP - Methow Smolt Trap at McFarland Creek Road Bridge,METTRP,Methow Smolt Trap at McFarland Creek Road Bridge,5/29/2022,2022,48.151085,-120.056584,121
3D9.1A4FA10564,Larvae,METTRP - Methow Smolt Trap at McFarland Creek Road Bridge,METTRP,Methow Smolt Trap at McFarland Creek Road Bridge,5/14/2021,2021,48.151085,-120.056584,126
3D9.1A4FA10565,Macropthalmia (eyed juvenile),METTRP - Methow Smolt Trap at McFarland Creek Road Bridge,METTRP,Methow Smolt Trap at McFarland Creek Road Bridge,5/29/2022,2022,48.151085,-120.056584,133
3D9.1A4FA10566,Larvae,METHR - Methow River,METTRP,Methow Smolt Trap at McFarland Creek Road Bridge,4/13/2023,2023,48.151085,-120.056584,123
3D9.1A4FA10567,Larvae,METTRP - Methow Smolt Trap at McFarland Creek Road Bridge,METTRP,Methow Smolt Trap at McFarland Creek Road Bridge,5/13/2021,2021,48.151085,-120.056584,115
3D9.1A4FA10568,Larvae,METTRP - Methow Smolt Trap at McFarland Creek Road Bridge,METTRP,Methow Smolt Trap at McFarland Creek Road Bridge,5/12/2021,2021,48.151085,-120.056584,116
3D9.1A4FA10569,Larvae,METHR - Methow River,METTRP,Methow Smolt Trap at McFarland Creek Road Bridge,4/13/2023,2023,48.151085,-120.056584,111
3D9.1A4FA1056B,Larvae,METHR - Methow River,METTRP,Methow Smolt Trap at McFarland Creek Road Bridge,4/19/2023,2023,48.151085,-120.056584,113
3D9.1A4FA1056C,Larvae,METTRP - Methow Smolt Trap at McFarland Creek Road Bridge,METTRP,Methow Smolt Trap at McFarland Creek Road Bridge,5/16/2021,2021,48.151085,-120.056584,122
3D9.1A4FA1056D,Larvae,METTRP - Methow Smolt Trap at McFarland Creek Road Bridge,METTRP,Methow Smolt Trap at McFarland Creek Road Bridge,5/15/2021,2021,48.151085,-120.056584,126
3D9.1A4FA1056E,Larvae,METTRP - Methow Smolt Trap at McFarland Creek Road Bridge,METTRP,Methow Smolt Trap at McFarland Creek Road Bridge,5/17/2021,2021,48.151085,-120.056584,130
3D9.1A4FA1056F,Larvae,METHR - Methow River,METTRP,Methow Smolt Trap at McFarland Creek Road Bridge,4/9/2023,2023,48.151085,-120.056584,111
3D9.1A4FA10570,Larvae,METTRP - Methow Smolt Trap at McFarland Creek Road Bridge,METTRP,Methow Smolt Trap at McFarland Creek Road Bridge,5/11/2021,2021,48.151085,-120.056584,131
3D9.1A4FA10571,Larvae,METTRP - Methow Smolt Trap at McFarland Creek Road Bridge,METTRP,Methow Smolt Trap at McFarland Creek Road Bridge,5/14/2021,2021,48.151085,-120.056584,98
3D9.1A4FA10572,Larvae,METTRP - Methow Smolt Trap at McFarland Creek Road Bridge,METTRP,Methow Smolt Trap at McFarland Creek Road Bridge,5/15/2021,2021,48.151085,-120.056584,130
3D9.1A4FA10573,Larvae,METTRP - Methow Smolt Trap at McFarland Creek Road Bridge,METTRP,Methow Smolt Trap at McFarland Creek Road Bridge,5/15/2021,2021,48.151085,-120.056584,130
3D9.1A4FA10574,Larvae,METTRP - Methow Smolt Trap at McFarland Creek Road Bridge,METTRP,Methow Smolt Trap at McFarland Creek Road Bridge,5/11/2021,2021,48.151085,-120.056584,105
3D9.1A4FA10575,Larvae,METTRP - Methow Smolt Trap at McFarland Creek Road Bridge,METTRP,Methow Smolt Trap at McFarland Creek Road Bridge,5/13/2021,2021,48.151085,-120.056584,105
3D9.1A4FA10576,Larvae,METTRP - Methow Smolt Trap at McFarland Creek Road Bridge,METTRP,Methow Smolt Trap at McFarland Creek Road Bridge,5/13/2021,2021,48.151085,-120.056584,128
3D9.1A4FA10577,Larvae,METTRP - Methow Smolt Trap at McFarland Creek Road Bridge,METTRP,Methow Smolt Trap at McFarland Creek Road Bridge,5/13/2021,2021,48.151085,-120.056584,124
3D9.1A4FA10578,Larvae,METTRP - Methow Smolt Trap at McFarland Creek Road Bridge,METTRP,Methow Smolt Trap at McFarland Creek Road Bridge,5/16/2021,2021,48.151085,-120.056584,132
3D9.1A4FA10579,Macropthalmia (eyed juvenile),METTRP - Methow Smolt Trap at McFarland Creek Road Bridge,METTRP,Methow Smolt Trap at McFarland Creek Road Bridge,5/29/2022,2022,48.151085,-120.056584,134
3D9.1A4FA1057A,Larvae,METTRP - Methow Smolt Trap at McFarland Creek Road Bridge,METTRP,Methow Smolt Trap at McFarland Creek Road Bridge,5/16/2021,2021,48.151085,-120.056584,120
3D9.1A4FA1057B,Macropthalmia (eyed juvenile),METTRP - Methow Smolt Trap at McFarland Creek Road Bridge,METTRP,Methow Smolt Trap at McFarland Creek Road Bridge,5/11/2022,2022,48.151085,-120.056584,128
3D9.1A4FA1057C,Larvae,METHR - Methow River,METTRP,Methow Smolt Trap at McFarland Creek Road Bridge,4/22/2023,2023,48.151085,-120.056584,123
3D9.1A4FA1057D,Larvae,METTRP - Methow Smolt Trap at McFarland Creek Road Bridge,METTRP,Methow Smolt Trap at McFarland Creek Road Bridge,5/16/2021,2021,48.151085,-120.056584,120
3D9.1A4FA1057F,Larvae,METTRP - Methow Smolt Trap at McFarland Creek Road Bridge,METTRP,Methow Smolt Trap at McFarland Creek Road Bridge,5/13/2021,2021,48.151085,-120.056584,121
3D9.1A4FA10580,Larvae,METTRP - Methow Smolt Trap at McFarland Creek Road Bridge,METTRP,Methow Smolt Trap at McFarland Creek Road Bridge,5/13/2021,2021,48.151085,-120.056584,135
3D9.1A4FA10581,Larvae,METTRP - Methow Smolt Trap at McFarland Creek Road Bridge,METTRP,Methow Smolt Trap at McFarland Creek Road Bridge,5/16/2021,2021,48.151085,-120.056584,122
3D9.1A4FA10582,Larvae,METHR - Methow River,METTRP,Methow Smolt Trap at McFarland Creek Road Bridge,4/19/2023,2023,48.151085,-120.056584,124
3D9.1A4FA10583,Larvae,METTRP - Methow Smolt Trap at McFarland Creek Road Bridge,METTRP,Methow Smolt Trap at McFarland Creek Road Bridge,5/11/2021,2021,48.151085,-120.056584,95
3D9.1A4FA10584,Larvae,METHR - Methow River,METTRP,Methow Smolt Trap at McFarland Creek Road Bridge,5/10/2021,2021,48.151085,-120.056584,132
3D9.1A4FA10585,Larvae,METTRP - Methow Smolt Trap at McFarland Creek Road Bridge,METTRP,Methow Smolt Trap at McFarland Creek Road Bridge,5/7/2021,2021,48.151085,-120.056584,117
3D9.1A4FA10586,Larvae,METHR - Methow River,METTRP,Methow Smolt Trap at McFarland Creek Road Bridge,5/10/2021,2021,48.151085,-120.056584,102
3D9.1A4FA10587,Larvae,METTRP - Methow Smolt Trap at McFarland Creek Road Bridge,METTRP,Methow Smolt Trap at McFarland Creek Road Bridge,5/7/2021,2021,48.151085,-120.056584,128
3D9.1A4FA10588,Larvae,METHR - Methow River,METTRP,Methow Smolt Trap at McFarland Creek Road Bridge,5/10/2021,2021,48.151085,-120.056584,94
3D9.1A4FA10589,Larvae,METHR - Methow River,METTRP,Methow Smolt Trap at McFarland Creek Road Bridge,5/10/2021,2021,48.151085,-120.056584,129
3D9.1A4FA1058A,Larvae,METHR - Methow River,METTRP,Methow Smolt Trap at McFarland Creek Road Bridge,5/10/2021,2021,48.151085,-120.056584,124
3D9.1A4FA1058B,Larvae,METHR - Methow River,METTRP,Methow Smolt Trap at McFarland Creek Road Bridge,5/10/2021,2021,48.151085,-120.056584,131
3D9.1A4FA1058C,Larvae,METHR - Methow River,METTRP,Methow Smolt Trap at McFarland Creek Road Bridge,5/10/2021,2021,48.151085,-120.056584,132
3D9.1A4FA1058D,Larvae,METTRP - Methow Smolt Trap at McFarland Creek Road Bridge,METTRP,Methow Smolt Trap at McFarland Creek Road Bridge,5/6/2021,2021,48.151085,-120.056584,125
3D9.1A4FA1058E,Larvae,METHR - Methow River,METTRP,Methow Smolt Trap at McFarland Creek Road Bridge,5/10/2021,2021,48.151085,-120.056584,132
3D9.1A4FA1058F,Larvae,METHR - Methow River,METTRP,Methow Smolt Trap at McFarland Creek Road Bridge,5/10/2021,2021,48.151085,-120.056584,100
3D9.1A4FA10590,Larvae,METTRP - Methow Smolt Trap at McFarland Creek Road Bridge,METTRP,Methow Smolt Trap at McFarland Creek Road Bridge,5/6/2021,2021,48.151085,-120.056584,99
3D9.1A4FA10591,Larvae,METHR - Methow River,METTRP,Methow Smolt Trap at McFarland Creek Road Bridge,5/10/2021,2021,48.151085,-120.056584,101
3D9.1A4FA10592,Larvae,METHR - Methow River,METTRP,Methow Smolt Trap at McFarland Creek Road Bridge,5/10/2021,2021,48.151085,-120.056584,107
3D9.1A4FA10593,Larvae,METHR - Methow River,METTRP,Methow Smolt Trap at McFarland Creek Road Bridge,5/10/2021,2021,48.151085,-120.056584,123
3D9.1A4FA10594,Larvae,METTRP - Methow Smolt Trap at McFarland Creek Road Bridge,METTRP,Methow Smolt Trap at McFarland Creek Road Bridge,5/6/2021,2021,48.151085,-120.056584,119
3D9.1A4FA10595,Larvae,METHR - Methow River,METTRP,Methow Smolt Trap at McFarland Creek Road Bridge,5/10/2021,2021,48.151085,-120.056584,130
3D9.1A4FA10596,Larvae,METTRP - Methow Smolt Trap at McFarland Creek Road Bridge,METTRP,Methow Smolt Trap at McFarland Creek Road Bridge,5/10/2021,2021,48.151085,-120.056584,113
3D9.1A4FA10597,Larvae,METHR - Methow River,METTRP,Methow Smolt Trap at McFarland Creek Road Bridge,5/10/2021,2021,48.151085,-120.056584,105
3D9.1A4FA10598,Larvae,METHR - Methow River,METTRP,Methow Smolt Trap at McFarland Creek Road Bridge,5/10/2021,2021,48.151085,-120.056584,102
3D9.1A4FA10599,Larvae,METHR - Methow River,METTRP,Methow Smolt Trap at McFarland Creek Road Bridge,5/10/2021,2021,48.151085,-120.056584,110
3D9.1A4FA1059A,Larvae,METTRP - Methow Smolt Trap at McFarland Creek Road Bridge,METTRP,Methow Smolt Trap at McFarland Creek Road Bridge,5/7/2021,2021,48.151085,-120.056584,115
3D9.1A4FA1059B,Larvae,METTRP - Methow Smolt Trap at McFarland Creek Road Bridge,METTRP,Methow Smolt Trap at McFarland Creek Road Bridge,5/6/2021,2021,48.151085,-120.056584,84
3D9.1A4FA1059D,Larvae,METTRP - Methow Smolt Trap at McFarland Creek Road Bridge,METTRP,Methow Smolt Trap at McFarland Creek Road Bridge,5/6/2021,2021,48.151085,-120.056584,91
3D9.1A4FA1059E,Larvae,METTRP - Methow Smolt Trap at McFarland Creek Road Bridge,METTRP,Methow Smolt Trap at McFarland Creek Road Bridge,5/6/2021,2021,48.151085,-120.056584,118
3D9.1A4FA1059F,Larvae,METTRP - Methow Smolt Trap at McFarland Creek Road Bridge,METTRP,Methow Smolt Trap at McFarland Creek Road Bridge,5/7/2021,2021,48.151085,-120.056584,112
3D9.1A4FA105A0,Larvae,METHR - Methow River,METTRP,Methow Smolt Trap at McFarland Creek Road Bridge,5/10/2021,2021,48.151085,-120.056584,119
3D9.1A4FA105A1,Larvae,METHR - Methow River,METTRP,Methow Smolt Trap at McFarland Creek Road Bridge,5/10/2021,2021,48.151085,-120.056584,122
3D9.1A4FA105A2,Larvae,METHR - Methow River,METTRP,Methow Smolt Trap at McFarland Creek Road Bridge,5/10/2021,2021,48.151085,-120.056584,106
3D9.1A4FA105A3,Larvae,METTRP - Methow Smolt Trap at McFarland Creek Road Bridge,METTRP,Methow Smolt Trap at McFarland Creek Road Bridge,5/6/2021,2021,48.151085,-120.056584,110
3D9.1A4FA105A4,Larvae,METHR - Methow River,METTRP,Methow Smolt Trap at McFarland Creek Road Bridge,5/10/2021,2021,48.151085,-120.056584,128
3D9.1A4FA105A5,Larvae,METHR - Methow River,METTRP,Methow Smolt Trap at McFarland Creek Road Bridge,5/10/2021,2021,48.151085,-120.056584,122
3D9.1A4FA105A6,Larvae,METTRP - Methow Smolt Trap at McFarland Creek Road Bridge,METTRP,Methow Smolt Trap at McFarland Creek Road Bridge,5/7/2021,2021,48.151085,-120.056584,117
3D9.1A4FA105A7,Larvae,METTRP - Methow Smolt Trap at McFarland Creek Road Bridge,METTRP,Methow Smolt Trap at McFarland Creek Road Bridge,5/7/2021,2021,48.151085,-120.056584,91
3D9.1A4FA105A8,Larvae,METHR - Methow River,METTRP,Methow Smolt Trap at McFarland Creek Road Bridge,5/10/2021,2021,48.151085,-120.056584,117
3D9.1A4FA105A9,Larvae,METHR - Methow River,METTRP,Methow Smolt Trap at McFarland Creek Road Bridge,5/10/2021,2021,48.151085,-120.056584,118
3D9.1A4FA105AA,Larvae,METHR - Methow River,METTRP,Methow Smolt Trap at McFarland Creek Road Bridge,5/10/2021,2021,48.151085,-120.056584,119
3D9.1A4FA105AB,Larvae,METHR - Methow River,METTRP,Methow Smolt Trap at McFarland Creek Road Bridge,5/10/2021,2021,48.151085,-120.056584,127
3D9.1A4FA105AC,Larvae,METTRP - Methow Smolt Trap at McFarland Creek Road Bridge,METTRP,Methow Smolt Trap at McFarland Creek Road Bridge,5/6/2021,2021,48.151085,-120.056584,123
3D9.1A4FA105AD,Larvae,METTRP - Methow Smolt Trap at McFarland Creek Road Bridge,METTRP,Methow Smolt Trap at McFarland Creek Road Bridge,5/7/2021,2021,48.151085,-120.056584,119
3D9.1A4FA105AE,Larvae,METTRP - Methow Smolt Trap at McFarland Creek Road Bridge,METTRP,Methow Smolt Trap at McFarland Creek Road Bridge,5/7/2021,2021,48.151085,-120.056584,112
3D9.1A4FA105AF,Larvae,METHR - Methow River,METTRP,Methow Smolt Trap at McFarland Creek Road Bridge,5/10/2021,2021,48.151085,-120.056584,98
3D9.1A4FA105B0,Larvae,METHR - Methow River,METTRP,Methow Smolt Trap at McFarland Creek Road Bridge,5/10/2021,2021,48.151085,-120.056584,100
3D9.1A4FA105B1,Larvae,METTRP - Methow Smolt Trap at McFarland Creek Road Bridge,METTRP,Methow Smolt Trap at McFarland Creek Road Bridge,5/6/2021,2021,48.151085,-120.056584,114
3D9.1A4FA105B2,Larvae,METHR - Methow River,METTRP,Methow Smolt Trap at McFarland Creek Road Bridge,5/10/2021,2021,48.151085,-120.056584,115
3D9.1A4FA105B3,Larvae,METHR - Methow River,METTRP,Methow Smolt Trap at McFarland Creek Road Bridge,5/10/2021,2021,48.151085,-120.056584,88
3D9.1A4FA105B4,Larvae,METTRP - Methow Smolt Trap at McFarland Creek Road Bridge,METTRP,Methow Smolt Trap at McFarland Creek Road Bridge,5/6/2021,2021,48.151085,-120.056584,96
3D9.1A4FA105B5,Larvae,METHR - Methow River,METTRP,Methow Smolt Trap at McFarland Creek Road Bridge,5/10/2021,2021,48.151085,-120.056584,104
3D9.1A4FA105B6,Larvae,METHR - Methow River,METTRP,Methow Smolt Trap at McFarland Creek Road Bridge,5/10/2021,2021,48.151085,-120.056584,114
3D9.1A4FA105B7,Larvae,METTRP - Methow Smolt Trap at McFarland Creek Road Bridge,METTRP,Methow Smolt Trap at McFarland Creek Road Bridge,5/6/2021,2021,48.151085,-120.056584,104
3D9.1A4FA105B8,Larvae,METHR - Methow River,METTRP,Methow Smolt Trap at McFarland Creek Road Bridge,5/10/2021,2021,48.151085,-120.056584,129
3D9.1A4FA105B9,Larvae,METHR - Methow River,METTRP,Methow Smolt Trap at McFarland Creek Road Bridge,5/10/2021,2021,48.151085,-120.056584,118
3D9.1A4FA105BA,Larvae,METHR - Methow River,METTRP,Methow Smolt Trap at McFarland Creek Road Bridge,5/10/2021,2021,48.151085,-120.056584,118
3D9.1A4FA105BB,Larvae,METHR - Methow River,METTRP,Methow Smolt Trap at McFarland Creek Road Bridge,5/10/2021,2021,48.151085,-120.056584,123
3D9.1A4FA105BC,Larvae,METTRP - Methow Smolt Trap at McFarland Creek Road Bridge,METTRP,Methow Smolt Trap at McFarland Creek Road Bridge,5/7/2021,2021,48.151085,-120.056584,103
3D9.1A4FA105BD,Larvae,METHR - Methow River,METTRP,Methow Smolt Trap at McFarland Creek Road Bridge,5/10/2021,2021,48.151085,-120.056584,95
3D9.1A4FA105BE,Larvae,METHR - Methow River,METTRP,Methow Smolt Trap at McFarland Creek Road Bridge,5/10/2021,2021,48.151085,-120.056584,104
3D9.1A4FA105BF,Larvae,METTRP - Methow Smolt Trap at McFarland Creek Road Bridge,METTRP,Methow Smolt Trap at McFarland Creek Road Bridge,5/6/2021,2021,48.151085,-120.056584,118
3D9.1A4FA105C0,Larvae,METHR - Methow River,METTRP,Methow Smolt Trap at McFarland Creek Road Bridge,5/10/2021,2021,48.151085,-120.056584,134
3D9.1A4FA105C1,Larvae,METTRP - Methow Smolt Trap at McFarland Creek Road Bridge,METTRP,Methow Smolt Trap at McFarland Creek Road Bridge,5/7/2021,2021,48.151085,-120.056584,133
3D9.1A4FA105C2,Larvae,METTRP - Methow Smolt Trap at McFarland Creek Road Bridge,METTRP,Methow Smolt Trap at McFarland Creek Road Bridge,5/6/2021,2021,48.151085,-120.056584,125
3D9.1A4FA105C3,Larvae,METTRP - Methow Smolt Trap at McFarland Creek Road Bridge,METTRP,Methow Smolt Trap at McFarland Creek Road Bridge,5/7/2021,2021,48.151085,-120.056584,110
3D9.1A4FA105C4,Larvae,METHR - Methow River,METTRP,Methow Smolt Trap at McFarland Creek Road Bridge,5/10/2021,2021,48.151085,-120.056584,129
3D9.1A4FA105C6,Larvae,METHR - Methow River,METTRP,Methow Smolt Trap at McFarland Creek Road Bridge,5/10/2021,2021,48.151085,-120.056584,106
3D9.1A4FA105C7,Larvae,METHR - Methow River,METTRP,Methow Smolt Trap at McFarland Creek Road Bridge,5/10/2021,2021,48.151085,-120.056584,132
3D9.1A4FA105C8,Larvae,METHR - Methow River,METTRP,Methow Smolt Trap at McFarland Creek Road Bridge,5/10/2021,2021,48.151085,-120.056584,122
3D9.1A4FA105C9,Larvae,METHR - Methow River,METTRP,Methow Smolt Trap at McFarland Creek Road Bridge,5/10/2021,2021,48.151085,-120.056584,139
3D9.1A4FA105CA,Larvae,METHR - Methow River,METTRP,Methow Smolt Trap at McFarland Creek Road Bridge,5/10/2021,2021,48.151085,-120.056584,132
3D9.1A4FA105CB,Larvae,METTRP - Methow Smolt Trap at McFarland Creek Road Bridge,METTRP,Methow Smolt Trap at McFarland Creek Road Bridge,5/6/2021,2021,48.151085,-120.056584,115
3D9.1A4FA105CC,Larvae,METTRP - Methow Smolt Trap at McFarland Creek Road Bridge,METTRP,Methow Smolt Trap at McFarland Creek Road Bridge,5/6/2021,2021,48.151085,-120.056584,96
3D9.1A4FA105CD,Larvae,METTRP - Methow Smolt Trap at McFarland Creek Road Bridge,METTRP,Methow Smolt Trap at McFarland Creek Road Bridge,5/7/2021,2021,48.151085,-120.056584,133
3D9.1A4FA105CE,Larvae,METHR - Methow River,METTRP,Methow Smolt Trap at McFarland Creek Road Bridge,5/10/2021,2021,48.151085,-120.056584,112
3D9.1A4FA105CF,Larvae,METHR - Methow River,METTRP,Methow Smolt Trap at McFarland Creek Road Bridge,5/10/2021,2021,48.151085,-120.056584,133
3D9.1A4FA105D0,Larvae,METHR - Methow River,METTRP,Methow Smolt Trap at McFarland Creek Road Bridge,5/10/2021,2021,48.151085,-120.056584,100
3D9.1A4FA105D1,Larvae,METTRP - Methow Smolt Trap at McFarland Creek Road Bridge,METTRP,Methow Smolt Trap at McFarland Creek Road Bridge,5/6/2021,2021,48.151085,-120.056584,116
3D9.1A4FA105D2,Larvae,METTRP - Methow Smolt Trap at McFarland Creek Road Bridge,METTRP,Methow Smolt Trap at McFarland Creek Road Bridge,5/7/2021,2021,48.151085,-120.056584,129
3D9.1A4FA105D3,Larvae,METHR - Methow River,METTRP,Methow Smolt Trap at McFarland Creek Road Bridge,5/10/2021,2021,48.151085,-120.056584,116
3D9.1A4FA105D4,Larvae,METTRP - Methow Smolt Trap at McFarland Creek Road Bridge,METTRP,Methow Smolt Trap at McFarland Creek Road Bridge,5/6/2021,2021,48.151085,-120.056584,109
3D9.1A4FA105D5,Larvae,METHR - Methow River,METTRP,Methow Smolt Trap at McFarland Creek Road Bridge,5/10/2021,2021,48.151085,-120.056584,104
3D9.1A4FA105D6,Larvae,METTRP - Methow Smolt Trap at McFarland Creek Road Bridge,METTRP,Methow Smolt Trap at McFarland Creek Road Bridge,5/6/2021,2021,48.151085,-120.056584,129
3D9.1A4FA105D7,Larvae,METHR - Methow River,METTRP,Methow Smolt Trap at McFarland Creek Road Bridge,5/10/2021,2021,48.151085,-120.056584,125
3D9.1A4FA105D8,Larvae,METTRP - Methow Smolt Trap at McFarland Creek Road Bridge,METTRP,Methow Smolt Trap at McFarland Creek Road Bridge,5/7/2021,2021,48.151085,-120.056584,109
3D9.1A4FA105D9,Larvae,METHR - Methow River,METTRP,Methow Smolt Trap at McFarland Creek Road Bridge,5/10/2021,2021,48.151085,-120.056584,104
3D9.1A4FA105DA,Larvae,METTRP - Methow Smolt Trap at McFarland Creek Road Bridge,METTRP,Methow Smolt Trap at McFarland Creek Road Bridge,5/6/2021,2021,48.151085,-120.056584,107
3D9.1A4FA105DB,Larvae,METTRP - Methow Smolt Trap at McFarland Creek Road Bridge,METTRP,Methow Smolt Trap at McFarland Creek Road Bridge,5/6/2021,2021,48.151085,-120.056584,121
3D9.1A4FA105DC,Larvae,METTRP - Methow Smolt Trap at McFarland Creek Road Bridge,METTRP,Methow Smolt Trap at McFarland Creek Road Bridge,5/6/2021,2021,48.151085,-120.056584,114
3D9.1A4FA105DD,Larvae,METTRP - Methow Smolt Trap at McFarland Creek Road Bridge,METTRP,Methow Smolt Trap at McFarland Creek Road Bridge,5/6/2021,2021,48.151085,-120.056584,110
3D9.1A4FA105DE,Larvae,METTRP - Methow Smolt Trap at McFarland Creek Road Bridge,METTRP,Methow Smolt Trap at McFarland Creek Road Bridge,5/6/2021,2021,48.151085,-120.056584,121
3D9.1A4FA105DF,Larvae,METHR - Methow River,METTRP,Methow Smolt Trap at McFarland Creek Road Bridge,5/10/2021,2021,48.151085,-120.056584,125
3D9.1A4FA105E0,Larvae,METTRP - Methow Smolt Trap at McFarland Creek Road Bridge,METTRP,Methow Smolt Trap at McFarland Creek Road Bridge,5/6/2021,2021,48.151085,-120.056584,118
3D9.1A4FA105E1,Larvae,METHR - Methow River,METTRP,Methow Smolt Trap at McFarland Creek Road Bridge,5/10/2021,2021,48.151085,-120.056584,123
3D9.1A4FA105E2,Larvae,METHR - Methow River,METTRP,Methow Smolt Trap at McFarland Creek Road Bridge,5/10/2021,2021,48.151085,-120.056584,97
3D9.1A4FA105E3,Larvae,METTRP - Methow Smolt Trap at McFarland Creek Road Bridge,METTRP,Methow Smolt Trap at McFarland Creek Road Bridge,5/6/2021,2021,48.151085,-120.056584,124
3D9.1A4FA105E4,Larvae,METHR - Methow River,METTRP,Methow Smolt Trap at McFarland Creek Road Bridge,5/10/2021,2021,48.151085,-120.056584,125
3D9.1A4FA105E5,Larvae,METHR - Methow River,METTRP,Methow Smolt Trap at McFarland Creek Road Bridge,5/10/2021,2021,48.151085,-120.056584,100
3D9.1A4FA105E6,Larvae,METTRP - Methow Smolt Trap at McFarland Creek Road Bridge,METTRP,Methow Smolt Trap at McFarland Creek Road Bridge,5/6/2021,2021,48.151085,-120.056584,108
3D9.1A4FA105E7,Larvae,METHR - Methow River,METTRP,Methow Smolt Trap at McFarland Creek Road Bridge,5/10/2021,2021,48.151085,-120.056584,139
3D9.1A4FA12E96,Macropthalmia (eyed juvenile),METTRP - Methow Smolt Trap at McFarland Creek Road Bridge,METTRP,Methow Smolt Trap at McFarland Creek Road Bridge,5/5/2022,2022,48.151085,-120.056584,126
3D9.1A4FA12E97,Macropthalmia (eyed juvenile),METTRP - Methow Smolt Trap at McFarland Creek Road Bridge,METTRP,Methow Smolt Trap at McFarland Creek Road Bridge,5/6/2022,2022,48.151085,-120.056584,135
3D9.1A4FA12E98,Macropthalmia (eyed juvenile),METTRP - Methow Smolt Trap at McFarland Creek Road Bridge,METTRP,Methow Smolt Trap at McFarland Creek Road Bridge,5/6/2022,2022,48.151085,-120.056584,128
3D9.1A4FA12E99,Macropthalmia (eyed juvenile),METTRP - Methow Smolt Trap at McFarland Creek Road Bridge,METTRP,Methow Smolt Trap at McFarland Creek Road Bridge,5/6/2022,2022,48.151085,-120.056584,130
3D9.1A4FA12E9A,Macropthalmia (eyed juvenile),METTRP - Methow Smolt Trap at McFarland Creek Road Bridge,METTRP,Methow Smolt Trap at McFarland Creek Road Bridge,5/6/2022,2022,48.151085,-120.056584,130
3D9.1A4FA12E9B,Macropthalmia (eyed juvenile),METTRP - Methow Smolt Trap at McFarland Creek Road Bridge,METTRP,Methow Smolt Trap at McFarland Creek Road Bridge,5/6/2022,2022,48.151085,-120.056584,126
3D9.1A4FA12E9C,Macropthalmia (eyed juvenile),METTRP - Methow Smolt Trap at McFarland Creek Road Bridge,METTRP,Methow Smolt Trap at McFarland Creek Road Bridge,5/6/2022,2022,48.151085,-120.056584,125
3D9.1A4FA12E9D,Macropthalmia (eyed juvenile),METTRP - Methow Smolt Trap at McFarland Creek Road Bridge,METTRP,Methow Smolt Trap at McFarland Creek Road Bridge,5/30/2022,2022,48.151085,-120.056584,130
3D9.1A4FA12E9E,Macropthalmia (eyed juvenile),METTRP - Methow Smolt Trap at McFarland Creek Road Bridge,METTRP,Methow Smolt Trap at McFarland Creek Road Bridge,5/6/2022,2022,48.151085,-120.056584,134
3D9.1A4FA12E9F,Macropthalmia (eyed juvenile),METTRP - Methow Smolt Trap at McFarland Creek Road Bridge,METTRP,Methow Smolt Trap at McFarland Creek Road Bridge,5/5/2022,2022,48.151085,-120.056584,125
3D9.1A4FA12EA0,Larvae,METHR - Methow River,METTRP,Methow Smolt Trap at McFarland Creek Road Bridge,4/16/2023,2023,48.151085,-120.056584,125
3D9.1A4FA12EA1,Macropthalmia (eyed juvenile),METTRP - Methow Smolt Trap at McFarland Creek Road Bridge,METTRP,Methow Smolt Trap at McFarland Creek Road Bridge,5/6/2022,2022,48.151085,-120.056584,125
3D9.1A4FA12EA2,Larvae,METHR - Methow River,METTRP,Methow Smolt Trap at McFarland Creek Road Bridge,4/13/2023,2023,48.151085,-120.056584,126
3D9.1A4FA12EA3,Larvae,METHR - Methow River,METTRP,Methow Smolt Trap at McFarland Creek Road Bridge,4/19/2023,2023,48.151085,-120.056584,125
3D9.1A4FA12EA4,Larvae,METHR - Methow River,METTRP,Methow Smolt Trap at McFarland Creek Road Bridge,4/13/2023,2023,48.151085,-120.056584,130
3D9.1A4FA12EA5,Macropthalmia (eyed juvenile),METTRP - Methow Smolt Trap at McFarland Creek Road Bridge,METTRP,Methow Smolt Trap at McFarland Creek Road Bridge,5/28/2022,2022,48.151085,-120.056584,128
3D9.1A4FA12EA6,Larvae,METHR - Methow River,METTRP,Methow Smolt Trap at McFarland Creek Road Bridge,4/19/2023,2023,48.151085,-120.056584,123
3D9.1A4FA12EA7,Macropthalmia (eyed juvenile),METTRP - Methow Smolt Trap at McFarland Creek Road Bridge,METTRP,Methow Smolt Trap at McFarland Creek Road Bridge,5/7/2022,2022,48.151085,-120.056584,128
3D9.1A4FA12EA8,Macropthalmia (eyed juvenile),METTRP - Methow Smolt Trap at McFarland Creek Road Bridge,METTRP,Methow Smolt Trap at McFarland Creek Road Bridge,5/7/2022,2022,48.151085,-120.056584,126
3D9.1A4FA12EAA,Larvae,METHR - Methow River,METTRP,Methow Smolt Trap at McFarland Creek Road Bridge,4/22/2023,2023,48.151085,-120.056584,123
3D9.1A4FA12EAB,Macropthalmia (eyed juvenile),METTRP - Methow Smolt Trap at McFarland Creek Road Bridge,METTRP,Methow Smolt Trap at McFarland Creek Road Bridge,5/19/2022,2022,48.151085,-120.056584,122
3D9.1A4FA12EAC,Larvae,METHR - Methow River,METTRP,Methow Smolt Trap at McFarland Creek Road Bridge,4/16/2023,2023,48.151085,-120.056584,131
3D9.1A4FA12EAD,Macropthalmia (eyed juvenile),METTRP - Methow Smolt Trap at McFarland Creek Road Bridge,METTRP,Methow Smolt Trap at McFarland Creek Road Bridge,5/29/2022,2022,48.151085,-120.056584,131
3D9.1A4FA12EAE,Macropthalmia (eyed juvenile),METTRP - Methow Smolt Trap at McFarland Creek Road Bridge,METTRP,Methow Smolt Trap at McFarland Creek Road Bridge,5/5/2022,2022,48.151085,-120.056584,128
3D9.1A4FA12EAF,Macropthalmia (eyed juvenile),METTRP - Methow Smolt Trap at McFarland Creek Road Bridge,METTRP,Methow Smolt Trap at McFarland Creek Road Bridge,5/6/2022,2022,48.151085,-120.056584,134
3D9.1A4FA12EB1,Macropthalmia (eyed juvenile),METTRP - Methow Smolt Trap at McFarland Creek Road Bridge,METTRP,Methow Smolt Trap at McFarland Creek Road Bridge,5/6/2022,2022,48.151085,-120.056584,127
3D9.1A4FA12EB2,Macropthalmia (eyed juvenile),METTRP - Methow Smolt Trap at McFarland Creek Road Bridge,METTRP,Methow Smolt Trap at McFarland Creek Road Bridge,5/6/2022,2022,48.151085,-120.056584,123
3D9.1A4FA12EB3,Macropthalmia (eyed juvenile),METTRP - Methow Smolt Trap at McFarland Creek Road Bridge,METTRP,Methow Smolt Trap at McFarland Creek Road Bridge,5/5/2022,2022,48.151085,-120.056584,129
3D9.1A4FA12EB4,Macropthalmia (eyed juvenile),METTRP - Methow Smolt Trap at McFarland Creek Road Bridge,METTRP,Methow Smolt Trap at McFarland Creek Road Bridge,5/5/2022,2022,48.151085,-120.056584,127
3D9.1A4FA12EB5,Macropthalmia (eyed juvenile),METTRP - Methow Smolt Trap at McFarland Creek Road Bridge,METTRP,Methow Smolt Trap at McFarland Creek Road Bridge,5/5/2022,2022,48.151085,-120.056584,132
3D9.1A4FA12EB6,Macropthalmia (eyed juvenile),METTRP - Methow Smolt Trap at McFarland Creek Road Bridge,METTRP,Methow Smolt Trap at McFarland Creek Road Bridge,5/7/2022,2022,48.151085,-120.056584,124
3D9.1A4FA12EB7,Macropthalmia (eyed juvenile),METTRP - Methow Smolt Trap at McFarland Creek Road Bridge,METTRP,Methow Smolt Trap at McFarland Creek Road Bridge,5/7/2022,2022,48.151085,-120.056584,141
3D9.1A4FA12EB8,Larvae,METHR - Methow River,METTRP,Methow Smolt Trap at McFarland Creek Road Bridge,4/13/2023,2023,48.151085,-120.056584,107
3D9.1A4FA12EB9,Macropthalmia (eyed juvenile),METTRP - Methow Smolt Trap at McFarland Creek Road Bridge,METTRP,Methow Smolt Trap at McFarland Creek Road Bridge,5/5/2022,2022,48.151085,-120.056584,127
3D9.1A4FA12EBA,Macropthalmia (eyed juvenile),METTRP - Methow Smolt Trap at McFarland Creek Road Bridge,METTRP,Methow Smolt Trap at McFarland Creek Road Bridge,5/6/2022,2022,48.151085,-120.056584,131
3D9.1A4FA12EBB,Larvae,METHR - Methow River,METTRP,Methow Smolt Trap at McFarland Creek Road Bridge,4/13/2023,2023,48.151085,-120.056584,132
3D9.1A4FA12EBC,Macropthalmia (eyed juvenile),METTRP - Methow Smolt Trap at McFarland Creek Road Bridge,METTRP,Methow Smolt Trap at McFarland Creek Road Bridge,5/5/2022,2022,48.151085,-120.056584,130
3D9.1A4FA12EBE,Macropthalmia (eyed juvenile),METTRP - Methow Smolt Trap at McFarland Creek Road Bridge,METTRP,Methow Smolt Trap at McFarland Creek Road Bridge,5/5/2022,2022,48.151085,-120.056584,125
3D9.1A4FA12EBF,Macropthalmia (eyed juvenile),METTRP - Methow Smolt Trap at McFarland Creek Road Bridge,METTRP,Methow Smolt Trap at McFarland Creek Road Bridge,5/7/2022,2022,48.151085,-120.056584,129
3D9.1A4FA12EC0,Larvae,METHR - Methow River,METTRP,Methow Smolt Trap at McFarland Creek Road Bridge,4/13/2023,2023,48.151085,-120.056584,114
3D9.1A4FA12EC1,Macropthalmia (eyed juvenile),METTRP - Methow Smolt Trap at McFarland Creek Road Bridge,METTRP,Methow Smolt Trap at McFarland Creek Road Bridge,5/6/2022,2022,48.151085,-120.056584,128
3D9.1A4FA12EC2,Larvae,METHR - Methow River,METTRP,Methow Smolt Trap at McFarland Creek Road Bridge,4/19/2023,2023,48.151085,-120.056584,121
3D9.1A4FA12EC3,Macropthalmia (eyed juvenile),METTRP - Methow Smolt Trap at McFarland Creek Road Bridge,METTRP,Methow Smolt Trap at McFarland Creek Road Bridge,5/4/2022,2022,48.151085,-120.056584,122
3D9.1A4FA12EC4,Macropthalmia (eyed juvenile),METTRP - Methow Smolt Trap at McFarland Creek Road Bridge,METTRP,Methow Smolt Trap at McFarland Creek Road Bridge,5/6/2022,2022,48.151085,-120.056584,131
3D9.1A4FA12EC5,Macropthalmia (eyed juvenile),METTRP - Methow Smolt Trap at McFarland Creek Road Bridge,METTRP,Methow Smolt Trap at McFarland Creek Road Bridge,5/6/2022,2022,48.151085,-120.056584,132
3D9.1A4FA12EC7,Macropthalmia (eyed juvenile),METTRP - Methow Smolt Trap at McFarland Creek Road Bridge,METTRP,Methow Smolt Trap at McFarland Creek Road Bridge,5/6/2022,2022,48.151085,-120.056584,128
3D9.1A4FA12EC9,Larvae,METHR - Methow River,METTRP,Methow Smolt Trap at McFarland Creek Road Bridge,4/13/2023,2023,48.151085,-120.056584,130
3D9.1A4FA12ECA,Macropthalmia (eyed juvenile),METTRP - Methow Smolt Trap at McFarland Creek Road Bridge,METTRP,Methow Smolt Trap at McFarland Creek Road Bridge,5/6/2022,2022,48.151085,-120.056584,129
3D9.1A4FA12ECB,Macropthalmia (eyed juvenile),METTRP - Methow Smolt Trap at McFarland Creek Road Bridge,METTRP,Methow Smolt Trap at McFarland Creek Road Bridge,5/6/2022,2022,48.151085,-120.056584,131
3D9.1A4FA12ECC,Larvae,METHR - Methow River,METTRP,Methow Smolt Trap at McFarland Creek Road Bridge,4/13/2023,2023,48.151085,-120.056584,131
3D9.1A4FA12ECD,Larvae,METHR - Methow River,METTRP,Methow Smolt Trap at McFarland Creek Road Bridge,4/16/2023,2023,48.151085,-120.056584,136
3D9.1A4FA12ECE,Macropthalmia (eyed juvenile),METTRP - Methow Smolt Trap at McFarland Creek Road Bridge,METTRP,Methow Smolt Trap at McFarland Creek Road Bridge,5/6/2022,2022,48.151085,-120.056584,130
3D9.1A4FA12ECF,Macropthalmia (eyed juvenile),METTRP - Methow Smolt Trap at McFarland Creek Road Bridge,METTRP,Methow Smolt Trap at McFarland Creek Road Bridge,5/6/2022,2022,48.151085,-120.056584,128
3D9.1A4FA12ED0,Macropthalmia (eyed juvenile),METTRP - Methow Smolt Trap at McFarland Creek Road Bridge,METTRP,Methow Smolt Trap at McFarland Creek Road Bridge,6/3/2022,2022,48.151085,-120.056584,130
3D9.1A4FA12ED1,Macropthalmia (eyed juvenile),METTRP - Methow Smolt Trap at McFarland Creek Road Bridge,METTRP,Methow Smolt Trap at McFarland Creek Road Bridge,5/7/2022,2022,48.151085,-120.056584,128
3D9.1A4FA12ED2,Macropthalmia (eyed juvenile),METTRP - Methow Smolt Trap at McFarland Creek Road Bridge,METTRP,Methow Smolt Trap at McFarland Creek Road Bridge,5/7/2022,2022,48.151085,-120.056584,129
3D9.1A4FA12ED3,Larvae,METHR - Methow River,METTRP,Methow Smolt Trap at McFarland Creek Road Bridge,4/16/2023,2023,48.151085,-120.056584,128
3D9.1A4FA12ED4,Macropthalmia (eyed juvenile),METTRP - Methow Smolt Trap at McFarland Creek Road Bridge,METTRP,Methow Smolt Trap at McFarland Creek Road Bridge,5/6/2022,2022,48.151085,-120.056584,125
3D9.1A4FA12ED5,Macropthalmia (eyed juvenile),METTRP - Methow Smolt Trap at McFarland Creek Road Bridge,METTRP,Methow Smolt Trap at McFarland Creek Road Bridge,5/6/2022,2022,48.151085,-120.056584,133
3D9.1A4FA12ED6,Macropthalmia (eyed juvenile),METTRP - Methow Smolt Trap at McFarland Creek Road Bridge,METTRP,Methow Smolt Trap at McFarland Creek Road Bridge,5/7/2022,2022,48.151085,-120.056584,130
3D9.1A4FA12ED7,Macropthalmia (eyed juvenile),METTRP - Methow Smolt Trap at McFarland Creek Road Bridge,METTRP,Methow Smolt Trap at McFarland Creek Road Bridge,5/5/2022,2022,48.151085,-120.056584,119
3D9.1A4FA12ED9,Macropthalmia (eyed juvenile),METTRP - Methow Smolt Trap at McFarland Creek Road Bridge,METTRP,Methow Smolt Trap at McFarland Creek Road Bridge,5/29/2022,2022,48.151085,-120.056584,128
3D9.1A4FA12EDA,Macropthalmia (eyed juvenile),METTRP - Methow Smolt Trap at McFarland Creek Road Bridge,METTRP,Methow Smolt Trap at McFarland Creek Road Bridge,5/5/2022,2022,48.151085,-120.056584,134
3D9.1A4FA12EDB,Macropthalmia (eyed juvenile),METTRP - Methow Smolt Trap at McFarland Creek Road Bridge,METTRP,Methow Smolt Trap at McFarland Creek Road Bridge,5/6/2022,2022,48.151085,-120.056584,127
3D9.1A4FA12EDC,Macropthalmia (eyed juvenile),METTRP - Methow Smolt Trap at McFarland Creek Road Bridge,METTRP,Methow Smolt Trap at McFarland Creek Road Bridge,5/6/2022,2022,48.151085,-120.056584,129
3D9.1A4FA12EDD,Macropthalmia (eyed juvenile),METTRP - Methow Smolt Trap at McFarland Creek Road Bridge,METTRP,Methow Smolt Trap at McFarland Creek Road Bridge,5/5/2022,2022,48.151085,-120.056584,130
3D9.1A4FA12EDE,Larvae,METHR - Methow River,METTRP,Methow Smolt Trap at McFarland Creek Road Bridge,4/13/2023,2023,48.151085,-120.056584,125
3D9.1A4FA12EDF,Larvae,METHR - Methow River,METTRP,Methow Smolt Trap at McFarland Creek Road Bridge,4/6/2023,2023,48.151085,-120.056584,108
3D9.1A4FA12EE0,Larvae,METHR - Methow River,METTRP,Methow Smolt Trap at McFarland Creek Road Bridge,4/13/2023,2023,48.151085,-120.056584,127
3D9.1A4FA12EE1,Macropthalmia (eyed juvenile),METTRP - Methow Smolt Trap at McFarland Creek Road Bridge,METTRP,Methow Smolt Trap at McFarland Creek Road Bridge,5/6/2022,2022,48.151085,-120.056584,123
3D9.1A4FA12EE2,Larvae,METHR - Methow River,METTRP,Methow Smolt Trap at McFarland Creek Road Bridge,4/16/2023,2023,48.151085,-120.056584,120
3D9.1A4FA12EE3,Larvae,METHR - Methow River,METTRP,Methow Smolt Trap at McFarland Creek Road Bridge,4/13/2023,2023,48.151085,-120.056584,134
3D9.1A4FA12EE5,Macropthalmia (eyed juvenile),METTRP - Methow Smolt Trap at McFarland Creek Road Bridge,METTRP,Methow Smolt Trap at McFarland Creek Road Bridge,5/7/2022,2022,48.151085,-120.056584,126
3D9.1A4FA12EE6,Larvae,METHR - Methow River,METTRP,Methow Smolt Trap at McFarland Creek Road Bridge,4/16/2023,2023,48.151085,-120.056584,123
3D9.1A4FA12EE7,Macropthalmia (eyed juvenile),METTRP - Methow Smolt Trap at McFarland Creek Road Bridge,METTRP,Methow Smolt Trap at McFarland Creek Road Bridge,5/6/2022,2022,48.151085,-120.056584,135
3D9.1A4FA12EE8,Macropthalmia (eyed juvenile),METTRP - Methow Smolt Trap at McFarland Creek Road Bridge,METTRP,Methow Smolt Trap at McFarland Creek Road Bridge,5/5/2022,2022,48.151085,-120.056584,128
3D9.1A4FA12EE9,Macropthalmia (eyed juvenile),METTRP - Methow Smolt Trap at McFarland Creek Road Bridge,METTRP,Methow Smolt Trap at McFarland Creek Road Bridge,5/5/2022,2022,48.151085,-120.056584,117
3D9.1A4FA12EEA,Larvae,METHR - Methow River,METTRP,Methow Smolt Trap at McFarland Creek Road Bridge,4/16/2023,2023,48.151085,-120.056584,124
3D9.1A4FA12EEB,Macropthalmia (eyed juvenile),METTRP - Methow Smolt Trap at McFarland Creek Road Bridge,METTRP,Methow Smolt Trap at McFarland Creek Road Bridge,5/6/2022,2022,48.151085,-120.056584,126
3D9.1A4FA12EEC,Macropthalmia (eyed juvenile),METTRP - Methow Smolt Trap at McFarland Creek Road Bridge,METTRP,Methow Smolt Trap at McFarland Creek Road Bridge,5/6/2022,2022,48.151085,-120.056584,124
3D9.1A4FA12EED,Macropthalmia (eyed juvenile),METTRP - Methow Smolt Trap at McFarland Creek Road Bridge,METTRP,Methow Smolt Trap at McFarland Creek Road Bridge,5/5/2022,2022,48.151085,-120.056584,134
3D9.1A4FA12EEE,Macropthalmia (eyed juvenile),METTRP - Methow Smolt Trap at McFarland Creek Road Bridge,METTRP,Methow Smolt Trap at McFarland Creek Road Bridge,5/7/2022,2022,48.151085,-120.056584,136
3D9.1A4FA12EEF,Macropthalmia (eyed juvenile),METTRP - Methow Smolt Trap at McFarland Creek Road Bridge,METTRP,Methow Smolt Trap at McFarland Creek Road Bridge,5/6/2022,2022,48.151085,-120.056584,127
3D9.1A4FA12EF0,Larvae,METHR - Methow River,METTRP,Methow Smolt Trap at McFarland Creek Road Bridge,4/22/2023,2023,48.151085,-120.056584,122
3D9.1A4FA12EF2,Macropthalmia (eyed juvenile),METTRP - Methow Smolt Trap at McFarland Creek Road Bridge,METTRP,Methow Smolt Trap at McFarland Creek Road Bridge,5/5/2022,2022,48.151085,-120.056584,130
3D9.1A4FA12EF3,Larvae,METHR - Methow River,METTRP,Methow Smolt Trap at McFarland Creek Road Bridge,4/13/2023,2023,48.151085,-120.056584,137
3D9.1A4FA12EF4,Larvae,METHR - Methow River,METTRP,Methow Smolt Trap at McFarland Creek Road Bridge,4/16/2023,2023,48.151085,-120.056584,122
3D9.1A4FA12EF5,Macropthalmia (eyed juvenile),METTRP - Methow Smolt Trap at McFarland Creek Road Bridge,METTRP,Methow Smolt Trap at McFarland Creek Road Bridge,5/5/2022,2022,48.151085,-120.056584,132
3D9.1A4FA12EF6,Macropthalmia (eyed juvenile),METTRP - Methow Smolt Trap at McFarland Creek Road Bridge,METTRP,Methow Smolt Trap at McFarland Creek Road Bridge,5/7/2022,2022,48.151085,-120.056584,120
3D9.1A4FA12EF7,Macropthalmia (eyed juvenile),METTRP - Methow Smolt Trap at McFarland Creek Road Bridge,METTRP,Methow Smolt Trap at McFarland Creek Road Bridge,5/30/2022,2022,48.151085,-120.056584,129
3D9.1A4FA12EF8,Macropthalmia (eyed juvenile),METTRP - Methow Smolt Trap at McFarland Creek Road Bridge,METTRP,Methow Smolt Trap at McFarland Creek Road Bridge,5/6/2022,2022,48.151085,-120.056584,134
3D9.1A4FA12EF9,Macropthalmia (eyed juvenile),METTRP - Methow Smolt Trap at McFarland Creek Road Bridge,METTRP,Methow Smolt Trap at McFarland Creek Road Bridge,5/6/2022,2022,48.151085,-120.056584,135
3D9.1A4FAAAA87,Larvae,METHR - Methow River,METTRP,Methow Smolt Trap at McFarland Creek Road Bridge,6/14/2023,2023,48.151085,-120.056584,118
3D9.1A4FAAAA88,Larvae,METHR - Methow River,METTRP,Methow Smolt Trap at McFarland Creek Road Bridge,6/10/2023,2023,48.151085,-120.056584,125
3D9.1A4FAAAA89,Larvae,METHR - Methow River,METTRP,Methow Smolt Trap at McFarland Creek Road Bridge,6/10/2023,2023,48.151085,-120.056584,114
3D9.1A4FAAAA8A,Larvae,METHR - Methow River,METTRP,Methow Smolt Trap at McFarland Creek Road Bridge,6/10/2023,2023,48.151085,-120.056584,100
3D9.1A4FAAAA8B,Larvae,METHR - Methow River,METTRP,Methow Smolt Trap at McFarland Creek Road Bridge,6/7/2023,2023,48.151085,-120.056584,100
3D9.1A4FAAAA8E,Larvae,METHR - Methow River,METTRP,Methow Smolt Trap at McFarland Creek Road Bridge,6/10/2023,2023,48.151085,-120.056584,90
3D9.1A4FAAAA8F,Larvae,METHR - Methow River,METTRP,Methow Smolt Trap at McFarland Creek Road Bridge,6/10/2023,2023,48.151085,-120.056584,127
3D9.1A4FAAAA90,Larvae,METHR - Methow River,METTRP,Methow Smolt Trap at McFarland Creek Road Bridge,6/14/2023,2023,48.151085,-120.056584,115
3D9.1A4FAAAA91,Larvae,METHR - Methow River,METTRP,Methow Smolt Trap at McFarland Creek Road Bridge,6/14/2023,2023,48.151085,-120.056584,105
3D9.1A4FAAAA92,Larvae,METHR - Methow River,METTRP,Methow Smolt Trap at McFarland Creek Road Bridge,6/10/2023,2023,48.151085,-120.056584,94
3D9.1A4FAAAA93,Larvae,METHR - Methow River,METTRP,Methow Smolt Trap at McFarland Creek Road Bridge,6/14/2023,2023,48.151085,-120.056584,101
3D9.1A4FAAAA95,Larvae,METHR - Methow River,METTRP,Methow Smolt Trap at McFarland Creek Road Bridge,6/7/2023,2023,48.151085,-120.056584,118
3D9.1A4FAAAA96,Larvae,METHR - Methow River,METTRP,Methow Smolt Trap at McFarland Creek Road Bridge,6/14/2023,2023,48.151085,-120.056584,112
3D9.1A4FAAAA97,Larvae,METHR - Methow River,METTRP,Methow Smolt Trap at McFarland Creek Road Bridge,6/10/2023,2023,48.151085,-120.056584,105
3D9.1A4FAAAA98,Larvae,METHR - Methow River,METTRP,Methow Smolt Trap at McFarland Creek Road Bridge,6/10/2023,2023,48.151085,-120.056584,126
3D9.1A4FAAAA99,Larvae,METHR - Methow River,METTRP,Methow Smolt Trap at McFarland Creek Road Bridge,6/10/2023,2023,48.151085,-120.056584,105
3D9.1A4FAAAA9A,Larvae,METHR - Methow River,METTRP,Methow Smolt Trap at McFarland Creek Road Bridge,6/7/2023,2023,48.151085,-120.056584,112
3D9.1A4FAAAA9B,Larvae,METHR - Methow River,METTRP,Methow Smolt Trap at McFarland Creek Road Bridge,6/14/2023,2023,48.151085,-120.056584,97
3D9.1A4FAAAA9C,Larvae,METHR - Methow River,METTRP,Methow Smolt Trap at McFarland Creek Road Bridge,6/10/2023,2023,48.151085,-120.056584,108
3D9.1A4FAAAA9D,Larvae,METHR - Methow River,METTRP,Methow Smolt Trap at McFarland Creek Road Bridge,6/7/2023,2023,48.151085,-120.056584,108
3D9.1A4FAAAA9E,Larvae,METHR - Methow River,METTRP,Methow Smolt Trap at McFarland Creek Road Bridge,6/10/2023,2023,48.151085,-120.056584,109
3D9.1A4FAAAA9F,Larvae,METHR - Methow River,METTRP,Methow Smolt Trap at McFarland Creek Road Bridge,6/14/2023,2023,48.151085,-120.056584,100
3D9.1A4FAAAAA0,Larvae,METHR - Methow River,METTRP,Methow Smolt Trap at McFarland Creek Road Bridge,6/7/2023,2023,48.151085,-120.056584,129
3D9.1A4FAAAAA1,Larvae,METHR - Methow River,METTRP,Methow Smolt Trap at McFarland Creek Road Bridge,6/14/2023,2023,48.151085,-120.056584,112
3D9.1A4FAAAAA2,Larvae,METHR - Methow River,METTRP,Methow Smolt Trap at McFarland Creek Road Bridge,6/7/2023,2023,48.151085,-120.056584,109
3D9.1A4FAAAAA3,Larvae,METHR - Methow River,METTRP,Methow Smolt Trap at McFarland Creek Road Bridge,6/14/2023,2023,48.151085,-120.056584,116
3D9.1A4FAAAAA4,Larvae,METHR - Methow River,METTRP,Methow Smolt Trap at McFarland Creek Road Bridge,6/14/2023,2023,48.151085,-120.056584,99
3D9.1A4FAAAAA5,Larvae,METHR - Methow River,METTRP,Methow Smolt Trap at McFarland Creek Road Bridge,6/10/2023,2023,48.151085,-120.056584,112
3D9.1A4FAAAAA6,Larvae,METHR - Methow River,METTRP,Methow Smolt Trap at McFarland Creek Road Bridge,6/14/2023,2023,48.151085,-120.056584,124
3D9.1A4FAAAAA7,Larvae,METHR - Methow River,METTRP,Methow Smolt Trap at McFarland Creek Road Bridge,6/10/2023,2023,48.151085,-120.056584,106
3D9.1A4FAAAAA8,Larvae,METHR - Methow River,METTRP,Methow Smolt Trap at McFarland Creek Road Bridge,6/14/2023,2023,48.151085,-120.056584,124
3D9.1A4FAAAAA9,Larvae,METHR - Methow River,METTRP,Methow Smolt Trap at McFarland Creek Road Bridge,6/10/2023,2023,48.151085,-120.056584,132
3D9.1A4FAAAAAA,Larvae,METHR - Methow River,METTRP,Methow Smolt Trap at McFarland Creek Road Bridge,6/10/2023,2023,48.151085,-120.056584,112
3D9.1A4FAAAAAB,Larvae,METHR - Methow River,METTRP,Methow Smolt Trap at McFarland Creek Road Bridge,6/10/2023,2023,48.151085,-120.056584,114
3D9.1A4FAAAAAD,Larvae,METHR - Methow River,METTRP,Methow Smolt Trap at McFarland Creek Road Bridge,6/14/2023,2023,48.151085,-120.056584,123
3D9.1A4FAAAAAE,Larvae,METHR - Methow River,METTRP,Methow Smolt Trap at McFarland Creek Road Bridge,6/14/2023,2023,48.151085,-120.056584,103
3D9.1A4FAAAAAF,Larvae,METHR - Methow River,METTRP,Methow Smolt Trap at McFarland Creek Road Bridge,6/7/2023,2023,48.151085,-120.056584,101
3D9.1A4FAAAAB0,Larvae,METHR - Methow River,METTRP,Methow Smolt Trap at McFarland Creek Road Bridge,6/10/2023,2023,48.151085,-120.056584,107
3D9.1A4FAAAAB1,Larvae,METHR - Methow River,METTRP,Methow Smolt Trap at McFarland Creek Road Bridge,6/14/2023,2023,48.151085,-120.056584,116
3D9.1A4FAAAAB2,Larvae,METHR - Methow River,METTRP,Methow Smolt Trap at McFarland Creek Road Bridge,6/10/2023,2023,48.151085,-120.056584,106
3D9.1A4FAAAAB4,Larvae,METHR - Methow River,METTRP,Methow Smolt Trap at McFarland Creek Road Bridge,6/10/2023,2023,48.151085,-120.056584,100
3D9.1A4FAAAAB5,Larvae,METHR - Methow River,METTRP,Methow Smolt Trap at McFarland Creek Road Bridge,6/10/2023,2023,48.151085,-120.056584,117
3D9.1A4FAAAAB6,Larvae,METHR - Methow River,METTRP,Methow Smolt Trap at McFarland Creek Road Bridge,6/10/2023,2023,48.151085,-120.056584,99
3D9.1A4FAAAAB8,Larvae,METHR - Methow River,METTRP,Methow Smolt Trap at McFarland Creek Road Bridge,6/10/2023,2023,48.151085,-120.056584,130
3D9.1A4FAAAAB9,Larvae,METHR - Methow River,METTRP,Methow Smolt Trap at McFarland Creek Road Bridge,6/10/2023,2023,48.151085,-120.056584,111
3D9.1A4FAAAABA,Larvae,METHR - Methow River,METTRP,Methow Smolt Trap at McFarland Creek Road Bridge,6/10/2023,2023,48.151085,-120.056584,109
3D9.1A4FAAAABC,Larvae,METHR - Methow River,METTRP,Methow Smolt Trap at McFarland Creek Road Bridge,6/10/2023,2023,48.151085,-120.056584,81
3D9.1A4FAAAABD,Larvae,METHR - Methow River,METTRP,Methow Smolt Trap at McFarland Creek Road Bridge,6/10/2023,2023,48.151085,-120.056584,105
3D9.1A4FAAAABE,Larvae,METHR - Methow River,METTRP,Methow Smolt Trap at McFarland Creek Road Bridge,6/10/2023,2023,48.151085,-120.056584,111
3D9.1A4FAAAABF,Larvae,METHR - Methow River,METTRP,Methow Smolt Trap at McFarland Creek Road Bridge,6/7/2023,2023,48.151085,-120.056584,98
3D9.1A4FAAAAC0,Larvae,METHR - Methow River,METTRP,Methow Smolt Trap at McFarland Creek Road Bridge,6/14/2023,2023,48.151085,-120.056584,113
3D9.1A4FAAAAC1,Larvae,METHR - Methow River,METTRP,Methow Smolt Trap at McFarland Creek Road Bridge,6/10/2023,2023,48.151085,-120.056584,98
3D9.1A4FAAAAC2,Larvae,METHR - Methow River,METTRP,Methow Smolt Trap at McFarland Creek Road Bridge,6/10/2023,2023,48.151085,-120.056584,102
3D9.1A4FAAAAC3,Larvae,METHR - Methow River,METTRP,Methow Smolt Trap at McFarland Creek Road Bridge,6/10/2023,2023,48.151085,-120.056584,102
3D9.1A4FAAAAC4,Larvae,METHR - Methow River,METTRP,Methow Smolt Trap at McFarland Creek Road Bridge,6/10/2023,2023,48.151085,-120.056584,150
3D9.1A4FAAAAC7,Larvae,METHR - Methow River,METTRP,Methow Smolt Trap at McFarland Creek Road Bridge,6/10/2023,2023,48.151085,-120.056584,115
3D9.1A4FAAAAC8,Larvae,METHR - Methow River,METTRP,Methow Smolt Trap at McFarland Creek Road Bridge,6/10/2023,2023,48.151085,-120.056584,107
3D9.1A4FAAAAC9,Larvae,METHR - Methow River,METTRP,Methow Smolt Trap at McFarland Creek Road Bridge,6/7/2023,2023,48.151085,-120.056584,125
3D9.1A4FAAAACA,Larvae,METHR - Methow River,METTRP,Methow Smolt Trap at McFarland Creek Road Bridge,6/10/2023,2023,48.151085,-120.056584,101
3D9.1A4FAAAACB,Larvae,METHR - Methow River,METTRP,Methow Smolt Trap at McFarland Creek Road Bridge,6/10/2023,2023,48.151085,-120.056584,120
3D9.1A4FAAAACC,Larvae,METHR - Methow River,METTRP,Methow Smolt Trap at McFarland Creek Road Bridge,6/7/2023,2023,48.151085,-120.056584,98
3D9.1A4FAAAACD,Larvae,METHR - Methow River,METTRP,Methow Smolt Trap at McFarland Creek Road Bridge,6/10/2023,2023,48.151085,-120.056584,110
3D9.1A4FAAAACE,Larvae,METHR - Methow River,METTRP,Methow Smolt Trap at McFarland Creek Road Bridge,6/10/2023,2023,48.151085,-120.056584,90
3D9.1A4FAAAACF,Larvae,METHR - Methow River,METTRP,Methow Smolt Trap at McFarland Creek Road Bridge,6/10/2023,2023,48.151085,-120.056584,111
3D9.1A4FAAAAD0,Larvae,METHR - Methow River,METTRP,Methow Smolt Trap at McFarland Creek Road Bridge,6/14/2023,2023,48.151085,-120.056584,121
3D9.1A4FAAAAD1,Larvae,METHR - Methow River,METTRP,Methow Smolt Trap at McFarland Creek Road Bridge,6/14/2023,2023,48.151085,-120.056584,117
3D9.1A4FAAAAD2,Larvae,METHR - Methow River,METTRP,Methow Smolt Trap at McFarland Creek Road Bridge,6/10/2023,2023,48.151085,-120.056584,100
3D9.1A4FAAAAD4,Larvae,METHR - Methow River,METTRP,Methow Smolt Trap at McFarland Creek Road Bridge,6/10/2023,2023,48.151085,-120.056584,115
3D9.1A4FAAAAD5,Larvae,METHR - Methow River,METTRP,Methow Smolt Trap at McFarland Creek Road Bridge,6/10/2023,2023,48.151085,-120.056584,104
3D9.1A4FAAAAD6,Larvae,METHR - Methow River,METTRP,Methow Smolt Trap at McFarland Creek Road Bridge,6/10/2023,2023,48.151085,-120.056584,115
3D9.1A4FAAAAD7,Larvae,METHR - Methow River,METTRP,Methow Smolt Trap at McFarland Creek Road Bridge,6/10/2023,2023,48.151085,-120.056584,90
3D9.1A4FAAAAD8,Larvae,METHR - Methow River,METTRP,Methow Smolt Trap at McFarland Creek Road Bridge,6/7/2023,2023,48.151085,-120.056584,98
3D9.1A4FAAAAD9,Larvae,METHR - Methow River,METTRP,Methow Smolt Trap at McFarland Creek Road Bridge,6/10/2023,2023,48.151085,-120.056584,104
3D9.1A4FAAAADA,Larvae,METHR - Methow River,METTRP,Methow Smolt Trap at McFarland Creek Road Bridge,6/14/2023,2023,48.151085,-120.056584,96
3D9.1A4FAAAADB,Larvae,METHR - Methow River,METTRP,Methow Smolt Trap at McFarland Creek Road Bridge,6/14/2023,2023,48.151085,-120.056584,108
3D9.1A4FAAAADC,Larvae,METHR - Methow River,METTRP,Methow Smolt Trap at McFarland Creek Road Bridge,6/7/2023,2023,48.151085,-120.056584,117
3D9.1A4FAAAADD,Larvae,METHR - Methow River,METTRP,Methow Smolt Trap at McFarland Creek Road Bridge,6/10/2023,2023,48.151085,-120.056584,93
3D9.1A4FAAAADE,Larvae,METHR - Methow River,METTRP,Methow Smolt Trap at McFarland Creek Road Bridge,6/10/2023,2023,48.151085,-120.056584,100
3D9.1A4FAAAADF,Larvae,METHR - Methow River,METTRP,Methow Smolt Trap at McFarland Creek Road Bridge,6/7/2023,2023,48.151085,-120.056584,103
3D9.1A4FAAAAE0,Larvae,METHR - Methow River,METTRP,Methow Smolt Trap at McFarland Creek Road Bridge,6/14/2023,2023,48.151085,-120.056584,111
3D9.1A4FAAAAE1,Larvae,METHR - Methow River,METTRP,Methow Smolt Trap at McFarland Creek Road Bridge,6/10/2023,2023,48.151085,-120.056584,120
3D9.1A4FAAAAE3,Larvae,METHR - Methow River,METTRP,Methow Smolt Trap at McFarland Creek Road Bridge,6/10/2023,2023,48.151085,-120.056584,104
3D9.1A4FAAAAE4,Larvae,METHR - Methow River,METTRP,Methow Smolt Trap at McFarland Creek Road Bridge,6/7/2023,2023,48.151085,-120.056584,105
3D9.1A4FAAAAE5,Larvae,METHR - Methow River,METTRP,Methow Smolt Trap at McFarland Creek Road Bridge,6/14/2023,2023,48.151085,-120.056584,115
3D9.1A4FAAAAE6,Larvae,METHR - Methow River,METTRP,Methow Smolt Trap at McFarland Creek Road Bridge,6/10/2023,2023,48.151085,-120.056584,112
3D9.1A4FAAAAE7,Larvae,METHR - Methow River,METTRP,Methow Smolt Trap at McFarland Creek Road Bridge,6/10/2023,2023,48.151085,-120.056584,97
3D9.1A4FAAAAE8,Larvae,METHR - Methow River,METTRP,Methow Smolt Trap at McFarland Creek Road Bridge,6/7/2023,2023,48.151085,-120.056584,92
3D9.1A4FAAAAEA,Larvae,METHR - Methow River,METTRP,Methow Smolt Trap at McFarland Creek Road Bridge,6/14/2023,2023,48.151085,-120.056584,112
3D9.1A4FAAAAEB,Larvae,METHR - Methow River,METTRP,Methow Smolt Trap at McFarland Creek Road Bridge,6/7/2023,2023,48.151085,-120.056584,113
3D9.1A4FAAAAEC,Larvae,METHR - Methow River,METTRP,Methow Smolt Trap at McFarland Creek Road Bridge,5/29/2023,2023,48.151085,-120.056584,121
3D9.1A4FAAAAED,Larvae,METHR - Methow River,METTRP,Methow Smolt Trap at McFarland Creek Road Bridge,5/29/2023,2023,48.151085,-120.056584,126
3D9.1A4FAAAAEE,Larvae,METHR - Methow River,METTRP,Methow Smolt Trap at McFarland Creek Road Bridge,5/29/2023,2023,48.151085,-120.056584,128
3D9.1A4FAAAAEF,Larvae,METHR - Methow River,METTRP,Methow Smolt Trap at McFarland Creek Road Bridge,5/29/2023,2023,48.151085,-120.056584,130
3D9.1A4FAAAAF0,Larvae,METHR - Methow River,METTRP,Methow Smolt Trap at McFarland Creek Road Bridge,5/29/2023,2023,48.151085,-120.056584,121
3D9.1A4FAAAAF1,Larvae,METHR - Methow River,METTRP,Methow Smolt Trap at McFarland Creek Road Bridge,4/25/2023,2023,48.151085,-120.056584,126
3D9.1A4FAAAAF2,Larvae,METHR - Methow River,METTRP,Methow Smolt Trap at McFarland Creek Road Bridge,5/26/2023,2023,48.151085,-120.056584,131
3D9.1A4FAAAAF3,Larvae,METHR - Methow River,METTRP,Methow Smolt Trap at McFarland Creek Road Bridge,6/1/2023,2023,48.151085,-120.056584,123
3D9.1A4FAAAAF4,Larvae,METHR - Methow River,METTRP,Methow Smolt Trap at McFarland Creek Road Bridge,6/1/2023,2023,48.151085,-120.056584,124
3D9.1A4FAAAAF5,Larvae,METHR - Methow River,METTRP,Methow Smolt Trap at McFarland Creek Road Bridge,5/29/2023,2023,48.151085,-120.056584,125
3D9.1A4FAAAAF6,Macropthalmia (eyed juvenile),METHR - Methow River,METTRP,Methow Smolt Trap at McFarland Creek Road Bridge,4/28/2023,2023,48.151085,-120.056584,133
3D9.1A4FAAAAF7,Larvae,METHR - Methow River,METTRP,Methow Smolt Trap at McFarland Creek Road Bridge,6/4/2023,2023,48.151085,-120.056584,106
3D9.1A4FAAAAF8,Larvae,METHR - Methow River,METTRP,Methow Smolt Trap at McFarland Creek Road Bridge,5/29/2023,2023,48.151085,-120.056584,133
3D9.1A4FAAAAF9,Larvae,METHR - Methow River,METTRP,Methow Smolt Trap at McFarland Creek Road Bridge,4/28/2023,2023,48.151085,-120.056584,126
3D9.1A4FAAAAFA,Larvae,METHR - Methow River,METTRP,Methow Smolt Trap at McFarland Creek Road Bridge,4/22/2023,2023,48.151085,-120.056584,115
3D9.1A4FAAAAFB,Larvae,METHR - Methow River,METTRP,Methow Smolt Trap at McFarland Creek Road Bridge,5/26/2023,2023,48.151085,-120.056584,132
3D9.1A4FAAAAFC,Larvae,METHR - Methow River,METTRP,Methow Smolt Trap at McFarland Creek Road Bridge,5/29/2023,2023,48.151085,-120.056584,116
3D9.1A4FAAAAFD,Larvae,METHR - Methow River,METTRP,Methow Smolt Trap at McFarland Creek Road Bridge,4/25/2023,2023,48.151085,-120.056584,121
3D9.1A4FAAAAFE,Larvae,METHR - Methow River,METTRP,Methow Smolt Trap at McFarland Creek Road Bridge,6/1/2023,2023,48.151085,-120.056584,125
3D9.1A4FAAAAFF,Larvae,METHR - Methow River,METTRP,Methow Smolt Trap at McFarland Creek Road Bridge,5/26/2023,2023,48.151085,-120.056584,132
3D9.1A4FAAAB00,Macropthalmia (eyed juvenile),METHR - Methow River,METTRP,Methow Smolt Trap at McFarland Creek Road Bridge,5/1/2023,2023,48.151085,-120.056584,135
3D9.1A4FAAAB01,Larvae,METHR - Methow River,METTRP,Methow Smolt Trap at McFarland Creek Road Bridge,4/25/2023,2023,48.151085,-120.056584,127
3D9.1A4FAAAB02,Larvae,METHR - Methow River,METTRP,Methow Smolt Trap at McFarland Creek Road Bridge,5/29/2023,2023,48.151085,-120.056584,124
3D9.1A4FAAAB03,Macropthalmia (eyed juvenile),METTRP - Methow Smolt Trap at McFarland Creek Road Bridge,METTRP,Methow Smolt Trap at McFarland Creek Road Bridge,5/5/2023,2023,48.151085,-120.056584,130
3D9.1A4FAAAB04,Larvae,METHR - Methow River,METTRP,Methow Smolt Trap at McFarland Creek Road Bridge,5/26/2023,2023,48.151085,-120.056584,131
3D9.1A4FAAAB05,Larvae,METHR - Methow River,METTRP,Methow Smolt Trap at McFarland Creek Road Bridge,4/28/2023,2023,48.151085,-120.056584,132
3D9.1A4FAAAB06,Larvae,METHR - Methow River,METTRP,Methow Smolt Trap at McFarland Creek Road Bridge,5/26/2023,2023,48.151085,-120.056584,130
3D9.1A4FAAAB07,Larvae,METHR - Methow River,METTRP,Methow Smolt Trap at McFarland Creek Road Bridge,5/29/2023,2023,48.151085,-120.056584,126
3D9.1A4FAAAB08,Larvae,METHR - Methow River,METTRP,Methow Smolt Trap at McFarland Creek Road Bridge,6/1/2023,2023,48.151085,-120.056584,129
3D9.1A4FAAAB09,Macropthalmia (eyed juvenile),METHR - Methow River,METTRP,Methow Smolt Trap at McFarland Creek Road Bridge,5/1/2023,2023,48.151085,-120.056584,141
3D9.1A4FAAAB0A,Larvae,METHR - Methow River,METTRP,Methow Smolt Trap at McFarland Creek Road Bridge,5/26/2023,2023,48.151085,-120.056584,104
3D9.1A4FAAAB0B,Larvae,METHR - Methow River,METTRP,Methow Smolt Trap at McFarland Creek Road Bridge,6/1/2023,2023,48.151085,-120.056584,109
3D9.1A4FAAAB0C,Macropthalmia (eyed juvenile),METHR - Methow River,METTRP,Methow Smolt Trap at McFarland Creek Road Bridge,5/1/2023,2023,48.151085,-120.056584,151
3D9.1A4FAAAB0D,Larvae,METHR - Methow River,METTRP,Methow Smolt Trap at McFarland Creek Road Bridge,5/29/2023,2023,48.151085,-120.056584,127
3D9.1A4FAAAB0E,Larvae,METHR - Methow River,METTRP,Methow Smolt Trap at McFarland Creek Road Bridge,5/29/2023,2023,48.151085,-120.056584,120
3D9.1A4FAAAB0F,Larvae,METHR - Methow River,METTRP,Methow Smolt Trap at McFarland Creek Road Bridge,5/29/2023,2023,48.151085,-120.056584,105
3D9.1A4FAAAB10,Larvae,METHR - Methow River,METTRP,Methow Smolt Trap at McFarland Creek Road Bridge,6/1/2023,2023,48.151085,-120.056584,123
3D9.1A4FAAAB11,Larvae,METHR - Methow River,METTRP,Methow Smolt Trap at McFarland Creek Road Bridge,5/29/2023,2023,48.151085,-120.056584,114
3D9.1A4FAAAB12,Larvae,METHR - Methow River,METTRP,Methow Smolt Trap at McFarland Creek Road Bridge,6/1/2023,2023,48.151085,-120.056584,116
3D9.1A4FAAAB14,Larvae,METHR - Methow River,METTRP,Methow Smolt Trap at McFarland Creek Road Bridge,5/29/2023,2023,48.151085,-120.056584,128
3D9.1A4FAAAB15,Larvae,METHR - Methow River,METTRP,Methow Smolt Trap at McFarland Creek Road Bridge,4/28/2023,2023,48.151085,-120.056584,131
3D9.1A4FAAAB16,Larvae,METHR - Methow River,METTRP,Methow Smolt Trap at McFarland Creek Road Bridge,5/29/2023,2023,48.151085,-120.056584,115
3D9.1A4FAAAB17,Larvae,METHR - Methow River,METTRP,Methow Smolt Trap at McFarland Creek Road Bridge,5/29/2023,2023,48.151085,-120.056584,124
3D9.1A4FAAAB18,Larvae,METHR - Methow River,METTRP,Methow Smolt Trap at McFarland Creek Road Bridge,5/29/2023,2023,48.151085,-120.056584,129
3D9.1A4FAAAB19,Macropthalmia (eyed juvenile),METHR - Methow River,METTRP,Methow Smolt Trap at McFarland Creek Road Bridge,5/1/2023,2023,48.151085,-120.056584,141
3D9.1A4FAAAB1A,Larvae,METHR - Methow River,METTRP,Methow Smolt Trap at McFarland Creek Road Bridge,5/26/2023,2023,48.151085,-120.056584,112
3D9.1A4FAAAB1B,Larvae,METHR - Methow River,METTRP,Methow Smolt Trap at McFarland Creek Road Bridge,4/25/2023,2023,48.151085,-120.056584,126
3D9.1A4FAAAB1C,Larvae,METHR - Methow River,METTRP,Methow Smolt Trap at McFarland Creek Road Bridge,6/1/2023,2023,48.151085,-120.056584,106
3D9.1A4FAAAB1D,Larvae,METHR - Methow River,METTRP,Methow Smolt Trap at McFarland Creek Road Bridge,5/29/2023,2023,48.151085,-120.056584,127
3D9.1A4FAAAB1F,Larvae,METHR - Methow River,METTRP,Methow Smolt Trap at McFarland Creek Road Bridge,5/29/2023,2023,48.151085,-120.056584,122
3D9.1A4FAAAB20,Larvae,METHR - Methow River,METTRP,Methow Smolt Trap at McFarland Creek Road Bridge,5/29/2023,2023,48.151085,-120.056584,116
3D9.1A4FAAAB21,Larvae,METHR - Methow River,METTRP,Methow Smolt Trap at McFarland Creek Road Bridge,5/29/2023,2023,48.151085,-120.056584,127
3D9.1A4FAAAB22,Macropthalmia (eyed juvenile),METHR - Methow River,METTRP,Methow Smolt Trap at McFarland Creek Road Bridge,5/1/2023,2023,48.151085,-120.056584,135
3D9.1A4FAAAB23,Larvae,METHR - Methow River,METTRP,Methow Smolt Trap at McFarland Creek Road Bridge,5/26/2023,2023,48.151085,-120.056584,107
3D9.1A4FAAAB24,Larvae,METHR - Methow River,METTRP,Methow Smolt Trap at McFarland Creek Road Bridge,4/28/2023,2023,48.151085,-120.056584,131
3D9.1A4FAAAB25,Macropthalmia (eyed juvenile),METHR - Methow River,METTRP,Methow Smolt Trap at McFarland Creek Road Bridge,5/1/2023,2023,48.151085,-120.056584,138
3D9.1A4FAAAB26,Larvae,METHR - Methow River,METTRP,Methow Smolt Trap at McFarland Creek Road Bridge,5/29/2023,2023,48.151085,-120.056584,125
3D9.1A4FAAAB28,Larvae,METHR - Methow River,METTRP,Methow Smolt Trap at McFarland Creek Road Bridge,5/29/2023,2023,48.151085,-120.056584,122
3D9.1A4FAAAB29,Larvae,METHR - Methow River,METTRP,Methow Smolt Trap at McFarland Creek Road Bridge,5/26/2023,2023,48.151085,-120.056584,97
3D9.1A4FAAAB2A,Larvae,METHR - Methow River,METTRP,Methow Smolt Trap at McFarland Creek Road Bridge,5/29/2023,2023,48.151085,-120.056584,127
3D9.1A4FAAAB2B,Larvae,METHR - Methow River,METTRP,Methow Smolt Trap at McFarland Creek Road Bridge,6/1/2023,2023,48.151085,-120.056584,124
3D9.1A4FAAAB2C,Larvae,METHR - Methow River,METTRP,Methow Smolt Trap at McFarland Creek Road Bridge,5/29/2023,2023,48.151085,-120.056584,125
3D9.1A4FAAAB2E,Larvae,METHR - Methow River,METTRP,Methow Smolt Trap at McFarland Creek Road Bridge,6/1/2023,2023,48.151085,-120.056584,124
3D9.1A4FAAAB2F,Larvae,METHR - Methow River,METTRP,Methow Smolt Trap at McFarland Creek Road Bridge,6/1/2023,2023,48.151085,-120.056584,116
3D9.1A4FAAAB31,Larvae,METHR - Methow River,METTRP,Methow Smolt Trap at McFarland Creek Road Bridge,5/29/2023,2023,48.151085,-120.056584,121
3D9.1A4FAAAB32,Larvae,METHR - Methow River,METTRP,Methow Smolt Trap at McFarland Creek Road Bridge,4/28/2023,2023,48.151085,-120.056584,128
3D9.1A4FAAAB33,Larvae,METTRP - Methow Smolt Trap at McFarland Creek Road Bridge,METTRP,Methow Smolt Trap at McFarland Creek Road Bridge,5/15/2023,2023,48.151085,-120.056584,141
3D9.1A4FAAAB34,Larvae,METHR - Methow River,METTRP,Methow Smolt Trap at McFarland Creek Road Bridge,5/29/2023,2023,48.151085,-120.056584,105
3D9.1A4FAAAB35,Larvae,METHR - Methow River,METTRP,Methow Smolt Trap at McFarland Creek Road Bridge,5/26/2023,2023,48.151085,-120.056584,91
3D9.1A4FAAAB36,Larvae,METHR - Methow River,METTRP,Methow Smolt Trap at McFarland Creek Road Bridge,6/1/2023,2023,48.151085,-120.056584,116
3D9.1A4FAAAB37,Larvae,METHR - Methow River,METTRP,Methow Smolt Trap at McFarland Creek Road Bridge,5/29/2023,2023,48.151085,-120.056584,119
3D9.1A4FAAAB39,Larvae,METHR - Methow River,METTRP,Methow Smolt Trap at McFarland Creek Road Bridge,6/1/2023,2023,48.151085,-120.056584,126
3D9.1A4FAAAB3A,Larvae,METHR - Methow River,METTRP,Methow Smolt Trap at McFarland Creek Road Bridge,5/29/2023,2023,48.151085,-120.056584,106
3D9.1A4FAAAB3B,Larvae,METHR - Methow River,METTRP,Methow Smolt Trap at McFarland Creek Road Bridge,5/29/2023,2023,48.151085,-120.056584,121
3D9.1A4FAAAB3C,Larvae,METHR - Methow River,METTRP,Methow Smolt Trap at McFarland Creek Road Bridge,6/1/2023,2023,48.151085,-120.056584,105
3D9.1A4FAAAB3D,Larvae,METHR - Methow River,METTRP,Methow Smolt Trap at McFarland Creek Road Bridge,6/1/2023,2023,48.151085,-120.056584,123
3D9.1A4FAAAB3E,Larvae,METHR - Methow River,METTRP,Methow Smolt Trap at McFarland Creek Road Bridge,4/28/2023,2023,48.151085,-120.056584,130
3D9.1A4FAAAB3F,Larvae,METHR - Methow River,METTRP,Methow Smolt Trap at McFarland Creek Road Bridge,5/29/2023,2023,48.151085,-120.056584,116
3D9.1A4FAAAB40,Larvae,METHR - Methow River,METTRP,Methow Smolt Trap at McFarland Creek Road Bridge,4/25/2023,2023,48.151085,-120.056584,131
3D9.1A4FAAAB41,Larvae,METHR - Methow River,METTRP,Methow Smolt Trap at McFarland Creek Road Bridge,5/29/2023,2023,48.151085,-120.056584,124
3D9.1A4FAAAB42,Larvae,METHR - Methow River,METTRP,Methow Smolt Trap at McFarland Creek Road Bridge,4/25/2023,2023,48.151085,-120.056584,119
3D9.1A4FAAAB43,Larvae,METHR - Methow River,METTRP,Methow Smolt Trap at McFarland Creek Road Bridge,5/26/2023,2023,48.151085,-120.056584,132
3D9.1A4FAAAB45,Larvae,METHR - Methow River,METTRP,Methow Smolt Trap at McFarland Creek Road Bridge,5/26/2023,2023,48.151085,-120.056584,117
3D9.1A4FAAAB46,Larvae,METHR - Methow River,METTRP,Methow Smolt Trap at McFarland Creek Road Bridge,5/29/2023,2023,48.151085,-120.056584,132
3D9.1A4FAAAB47,Larvae,METHR - Methow River,METTRP,Methow Smolt Trap at McFarland Creek Road Bridge,4/22/2023,2023,48.151085,-120.056584,116
3D9.1A4FAAAB48,Larvae,METHR - Methow River,METTRP,Methow Smolt Trap at McFarland Creek Road Bridge,5/26/2023,2023,48.151085,-120.056584,131
3D9.1A4FAAAB49,Larvae,METHR - Methow River,METTRP,Methow Smolt Trap at McFarland Creek Road Bridge,5/29/2023,2023,48.151085,-120.056584,117
3D9.1A4FAAAB4A,Larvae,METHR - Methow River,METTRP,Methow Smolt Trap at McFarland Creek Road Bridge,5/29/2023,2023,48.151085,-120.056584,107
3D9.1A4FAAAB4B,Larvae,METHR - Methow River,METTRP,Methow Smolt Trap at McFarland Creek Road Bridge,5/29/2023,2023,48.151085,-120.056584,132
3D9.1A4FAAAB4C,Larvae,METHR - Methow River,METTRP,Methow Smolt Trap at McFarland Creek Road Bridge,5/29/2023,2023,48.151085,-120.056584,120
3D9.1A4FAAAB4D,Larvae,METHR - Methow River,METTRP,Methow Smolt Trap at McFarland Creek Road Bridge,5/29/2023,2023,48.151085,-120.056584,125
3D9.1A4FAAAB4F,Larvae,METHR - Methow River,METTRP,Methow Smolt Trap at McFarland Creek Road Bridge,6/1/2023,2023,48.151085,-120.056584,118
3D9.1A4FAAAC7C,Larvae,METHR - Methow River,METTRP,Methow Smolt Trap at McFarland Creek Road Bridge,6/1/2023,2023,48.151085,-120.056584,114
3D9.1A4FAAAC7D,Larvae,METHR - Methow River,METTRP,Methow Smolt Trap at McFarland Creek Road Bridge,6/1/2023,2023,48.151085,-120.056584,129
3D9.1A4FAAAC7E,Larvae,METHR - Methow River,METTRP,Methow Smolt Trap at McFarland Creek Road Bridge,6/4/2023,2023,48.151085,-120.056584,115
3D9.1A4FAAAC7F,Larvae,METHR - Methow River,METTRP,Methow Smolt Trap at McFarland Creek Road Bridge,6/4/2023,2023,48.151085,-120.056584,128
3D9.1A4FAAAC80,Larvae,METHR - Methow River,METTRP,Methow Smolt Trap at McFarland Creek Road Bridge,6/1/2023,2023,48.151085,-120.056584,120
3D9.1A4FAAAC81,Larvae,METHR - Methow River,METTRP,Methow Smolt Trap at McFarland Creek Road Bridge,6/1/2023,2023,48.151085,-120.056584,114
3D9.1A4FAAAC82,Larvae,METHR - Methow River,METTRP,Methow Smolt Trap at McFarland Creek Road Bridge,6/4/2023,2023,48.151085,-120.056584,112
3D9.1A4FAAAC83,Larvae,METHR - Methow River,METTRP,Methow Smolt Trap at McFarland Creek Road Bridge,6/4/2023,2023,48.151085,-120.056584,102
3D9.1A4FAAAC84,Larvae,METHR - Methow River,METTRP,Methow Smolt Trap at McFarland Creek Road Bridge,6/1/2023,2023,48.151085,-120.056584,111
3D9.1A4FAAAC85,Larvae,METHR - Methow River,METTRP,Methow Smolt Trap at McFarland Creek Road Bridge,6/4/2023,2023,48.151085,-120.056584,117
3D9.1A4FAAAC86,Larvae,METHR - Methow River,METTRP,Methow Smolt Trap at McFarland Creek Road Bridge,6/4/2023,2023,48.151085,-120.056584,104
3D9.1A4FAAAC87,Larvae,METHR - Methow River,METTRP,Methow Smolt Trap at McFarland Creek Road Bridge,6/1/2023,2023,48.151085,-120.056584,110
3D9.1A4FAAAC88,Larvae,METHR - Methow River,METTRP,Methow Smolt Trap at McFarland Creek Road Bridge,6/4/2023,2023,48.151085,-120.056584,116
3D9.1A4FAAAC89,Larvae,METHR - Methow River,METTRP,Methow Smolt Trap at McFarland Creek Road Bridge,6/4/2023,2023,48.151085,-120.056584,99
3D9.1A4FAAAC8A,Larvae,METHR - Methow River,METTRP,Methow Smolt Trap at McFarland Creek Road Bridge,6/1/2023,2023,48.151085,-120.056584,125
3D9.1A4FAAAC8B,Larvae,METHR - Methow River,METTRP,Methow Smolt Trap at McFarland Creek Road Bridge,6/1/2023,2023,48.151085,-120.056584,132
3D9.1A4FAAAC8C,Larvae,METHR - Methow River,METTRP,Methow Smolt Trap at McFarland Creek Road Bridge,6/4/2023,2023,48.151085,-120.056584,125
3D9.1A4FAAAC8D,Larvae,METHR - Methow River,METTRP,Methow Smolt Trap at McFarland Creek Road Bridge,6/1/2023,2023,48.151085,-120.056584,92
3D9.1A4FAAAC8E,Larvae,METHR - Methow River,METTRP,Methow Smolt Trap at McFarland Creek Road Bridge,6/4/2023,2023,48.151085,-120.056584,101
3D9.1A4FAAAC8F,Larvae,METHR - Methow River,METTRP,Methow Smolt Trap at McFarland Creek Road Bridge,6/4/2023,2023,48.151085,-120.056584,107
3D9.1A4FAAAC90,Larvae,METHR - Methow River,METTRP,Methow Smolt Trap at McFarland Creek Road Bridge,6/4/2023,2023,48.151085,-120.056584,118
3D9.1A4FAAAC91,Larvae,METHR - Methow River,METTRP,Methow Smolt Trap at McFarland Creek Road Bridge,6/1/2023,2023,48.151085,-120.056584,127
3D9.1A4FAAAC92,Larvae,METHR - Methow River,METTRP,Methow Smolt Trap at McFarland Creek Road Bridge,6/1/2023,2023,48.151085,-120.056584,105
3D9.1A4FAAAC93,Larvae,METHR - Methow River,METTRP,Methow Smolt Trap at McFarland Creek Road Bridge,6/4/2023,2023,48.151085,-120.056584,128
3D9.1A4FAAAC94,Larvae,METHR - Methow River,METTRP,Methow Smolt Trap at McFarland Creek Road Bridge,6/4/2023,2023,48.151085,-120.056584,109
3D9.1A4FAAAC95,Larvae,METHR - Methow River,METTRP,Methow Smolt Trap at McFarland Creek Road Bridge,6/4/2023,2023,48.151085,-120.056584,122
3D9.1A4FAAAC96,Larvae,METHR - Methow River,METTRP,Methow Smolt Trap at McFarland Creek Road Bridge,6/1/2023,2023,48.151085,-120.056584,104
3D9.1A4FAAAC98,Larvae,METHR - Methow River,METTRP,Methow Smolt Trap at McFarland Creek Road Bridge,6/7/2023,2023,48.151085,-120.056584,126
3D9.1A4FAAAC99,Larvae,METHR - Methow River,METTRP,Methow Smolt Trap at McFarland Creek Road Bridge,6/4/2023,2023,48.151085,-120.056584,122
3D9.1A4FAAAC9A,Larvae,METHR - Methow River,METTRP,Methow Smolt Trap at McFarland Creek Road Bridge,6/4/2023,2023,48.151085,-120.056584,131
3D9.1A4FAAAC9B,Larvae,METHR - Methow River,METTRP,Methow Smolt Trap at McFarland Creek Road Bridge,6/4/2023,2023,48.151085,-120.056584,111
3D9.1A4FAAAC9C,Larvae,METHR - Methow River,METTRP,Methow Smolt Trap at McFarland Creek Road Bridge,6/4/2023,2023,48.151085,-120.056584,106
3D9.1A4FAAAC9D,Larvae,METHR - Methow River,METTRP,Methow Smolt Trap at McFarland Creek Road Bridge,6/1/2023,2023,48.151085,-120.056584,107
3D9.1A4FAAAC9E,Larvae,METHR - Methow River,METTRP,Methow Smolt Trap at McFarland Creek Road Bridge,6/4/2023,2023,48.151085,-120.056584,126
3D9.1A4FAAAC9F,Larvae,METHR - Methow River,METTRP,Methow Smolt Trap at McFarland Creek Road Bridge,6/1/2023,2023,48.151085,-120.056584,112
3D9.1A4FAAACA0,Larvae,METHR - Methow River,METTRP,Methow Smolt Trap at McFarland Creek Road Bridge,6/4/2023,2023,48.151085,-120.056584,118
3D9.1A4FAAACA1,Larvae,METHR - Methow River,METTRP,Methow Smolt Trap at McFarland Creek Road Bridge,6/1/2023,2023,48.151085,-120.056584,93
3D9.1A4FAAACA2,Larvae,METHR - Methow River,METTRP,Methow Smolt Trap at McFarland Creek Road Bridge,6/4/2023,2023,48.151085,-120.056584,118
3D9.1A4FAAACA3,Larvae,METHR - Methow River,METTRP,Methow Smolt Trap at McFarland Creek Road Bridge,6/4/2023,2023,48.151085,-120.056584,124
3D9.1A4FAAACA4,Larvae,METHR - Methow River,METTRP,Methow Smolt Trap at McFarland Creek Road Bridge,6/4/2023,2023,48.151085,-120.056584,109
3D9.1A4FAAACA5,Larvae,METHR - Methow River,METTRP,Methow Smolt Trap at McFarland Creek Road Bridge,6/7/2023,2023,48.151085,-120.056584,109
3D9.1A4FAAACA6,Larvae,METHR - Methow River,METTRP,Methow Smolt Trap at McFarland Creek Road Bridge,6/1/2023,2023,48.151085,-120.056584,130
3D9.1A4FAAACA7,Larvae,METHR - Methow River,METTRP,Methow Smolt Trap at McFarland Creek Road Bridge,6/1/2023,2023,48.151085,-120.056584,114
3D9.1A4FAAACA8,Larvae,METHR - Methow River,METTRP,Methow Smolt Trap at McFarland Creek Road Bridge,6/1/2023,2023,48.151085,-120.056584,104
3D9.1A4FAAACA9,Larvae,METHR - Methow River,METTRP,Methow Smolt Trap at McFarland Creek Road Bridge,6/1/2023,2023,48.151085,-120.056584,118
3D9.1A4FAAACAA,Larvae,METHR - Methow River,METTRP,Methow Smolt Trap at McFarland Creek Road Bridge,6/4/2023,2023,48.151085,-120.056584,118
3D9.1A4FAAACAB,Larvae,METHR - Methow River,METTRP,Methow Smolt Trap at McFarland Creek Road Bridge,6/10/2023,2023,48.151085,-120.056584,97
3D9.1A4FAAACAC,Larvae,METHR - Methow River,METTRP,Methow Smolt Trap at McFarland Creek Road Bridge,6/4/2023,2023,48.151085,-120.056584,112
3D9.1A4FAAACAD,Larvae,METHR - Methow River,METTRP,Methow Smolt Trap at McFarland Creek Road Bridge,6/4/2023,2023,48.151085,-120.056584,104
3D9.1A4FAAACAE,Larvae,METHR - Methow River,METTRP,Methow Smolt Trap at McFarland Creek Road Bridge,6/1/2023,2023,48.151085,-120.056584,124
3D9.1A4FAAACAF,Larvae,METHR - Methow River,METTRP,Methow Smolt Trap at McFarland Creek Road Bridge,6/4/2023,2023,48.151085,-120.056584,127
3D9.1A4FAAACB0,Larvae,METHR - Methow River,METTRP,Methow Smolt Trap at McFarland Creek Road Bridge,6/4/2023,2023,48.151085,-120.056584,114
3D9.1A4FAAACB1,Larvae,METHR - Methow River,METTRP,Methow Smolt Trap at McFarland Creek Road Bridge,6/1/2023,2023,48.151085,-120.056584,99
3D9.1A4FAAACB2,Larvae,METHR - Methow River,METTRP,Methow Smolt Trap at McFarland Creek Road Bridge,6/7/2023,2023,48.151085,-120.056584,120
3D9.1A4FAAACB3,Larvae,METHR - Methow River,METTRP,Methow Smolt Trap at McFarland Creek Road Bridge,6/10/2023,2023,48.151085,-120.056584,90
3D9.1A4FAAACB4,Larvae,METHR - Methow River,METTRP,Methow Smolt Trap at McFarland Creek Road Bridge,6/4/2023,2023,48.151085,-120.056584,117
3D9.1A4FAAACB5,Larvae,METHR - Methow River,METTRP,Methow Smolt Trap at McFarland Creek Road Bridge,6/4/2023,2023,48.151085,-120.056584,122
3D9.1A4FAAACB6,Larvae,METHR - Methow River,METTRP,Methow Smolt Trap at McFarland Creek Road Bridge,6/4/2023,2023,48.151085,-120.056584,114
3D9.1A4FAAACB7,Larvae,METHR - Methow River,METTRP,Methow Smolt Trap at McFarland Creek Road Bridge,6/4/2023,2023,48.151085,-120.056584,127
3D9.1A4FAAACB8,Larvae,METHR - Methow River,METTRP,Methow Smolt Trap at McFarland Creek Road Bridge,6/1/2023,2023,48.151085,-120.056584,115
3D9.1A4FAAACB9,Larvae,METHR - Methow River,METTRP,Methow Smolt Trap at McFarland Creek Road Bridge,6/4/2023,2023,48.151085,-120.056584,120
3D9.1A4FAAACBA,Larvae,METHR - Methow River,METTRP,Methow Smolt Trap at McFarland Creek Road Bridge,6/1/2023,2023,48.151085,-120.056584,125
3D9.1A4FAAACBB,Larvae,METHR - Methow River,METTRP,Methow Smolt Trap at McFarland Creek Road Bridge,6/4/2023,2023,48.151085,-120.056584,131
3D9.1A4FAAACBC,Larvae,METHR - Methow River,METTRP,Methow Smolt Trap at McFarland Creek Road Bridge,6/1/2023,2023,48.151085,-120.056584,124
3D9.1A4FAAACBD,Larvae,METHR - Methow River,METTRP,Methow Smolt Trap at McFarland Creek Road Bridge,6/4/2023,2023,48.151085,-120.056584,111
3D9.1A4FAAACBE,Larvae,METHR - Methow River,METTRP,Methow Smolt Trap at McFarland Creek Road Bridge,6/4/2023,2023,48.151085,-120.056584,110
3D9.1A4FAAACBF,Larvae,METHR - Methow River,METTRP,Methow Smolt Trap at McFarland Creek Road Bridge,6/1/2023,2023,48.151085,-120.056584,106
3D9.1A4FAAACC0,Larvae,METHR - Methow River,METTRP,Methow Smolt Trap at McFarland Creek Road Bridge,6/1/2023,2023,48.151085,-120.056584,104
3D9.1A4FAAACC1,Larvae,METHR - Methow River,METTRP,Methow Smolt Trap at McFarland Creek Road Bridge,6/10/2023,2023,48.151085,-120.056584,117
3D9.1A4FAAACC2,Larvae,METHR - Methow River,METTRP,Methow Smolt Trap at McFarland Creek Road Bridge,6/4/2023,2023,48.151085,-120.056584,116
3D9.1A4FAAACC3,Larvae,METHR - Methow River,METTRP,Methow Smolt Trap at McFarland Creek Road Bridge,6/4/2023,2023,48.151085,-120.056584,109
3D9.1A4FAAACC4,Larvae,METHR - Methow River,METTRP,Methow Smolt Trap at McFarland Creek Road Bridge,6/4/2023,2023,48.151085,-120.056584,116
3D9.1A4FAAACC5,Larvae,METHR - Methow River,METTRP,Methow Smolt Trap at McFarland Creek Road Bridge,6/4/2023,2023,48.151085,-120.056584,104
3D9.1A4FAAACC6,Larvae,METHR - Methow River,METTRP,Methow Smolt Trap at McFarland Creek Road Bridge,6/1/2023,2023,48.151085,-120.056584,110
3D9.1A4FAAACC7,Larvae,METHR - Methow River,METTRP,Methow Smolt Trap at McFarland Creek Road Bridge,6/4/2023,2023,48.151085,-120.056584,106
3D9.1A4FAAACC8,Larvae,METHR - Methow River,METTRP,Methow Smolt Trap at McFarland Creek Road Bridge,6/4/2023,2023,48.151085,-120.056584,120
3D9.1A4FAAACC9,Larvae,METHR - Methow River,METTRP,Methow Smolt Trap at McFarland Creek Road Bridge,6/4/2023,2023,48.151085,-120.056584,123
3D9.1A4FAAACCA,Larvae,METHR - Methow River,METTRP,Methow Smolt Trap at McFarland Creek Road Bridge,6/4/2023,2023,48.151085,-120.056584,117
3D9.1A4FAAACCB,Larvae,METHR - Methow River,METTRP,Methow Smolt Trap at McFarland Creek Road Bridge,6/1/2023,2023,48.151085,-120.056584,119
3D9.1A4FAAACCC,Larvae,METHR - Methow River,METTRP,Methow Smolt Trap at McFarland Creek Road Bridge,6/4/2023,2023,48.151085,-120.056584,106
3D9.1A4FAAACCD,Larvae,METHR - Methow River,METTRP,Methow Smolt Trap at McFarland Creek Road Bridge,6/1/2023,2023,48.151085,-120.056584,133
3D9.1A4FAAACCE,Larvae,METHR - Methow River,METTRP,Methow Smolt Trap at McFarland Creek Road Bridge,6/4/2023,2023,48.151085,-120.056584,123
3D9.1A4FAAACCF,Larvae,METHR - Methow River,METTRP,Methow Smolt Trap at McFarland Creek Road Bridge,6/1/2023,2023,48.151085,-120.056584,128
3D9.1A4FAAACD0,Larvae,METHR - Methow River,METTRP,Methow Smolt Trap at McFarland Creek Road Bridge,6/1/2023,2023,48.151085,-120.056584,130
3D9.1A4FAAACD1,Larvae,METHR - Methow River,METTRP,Methow Smolt Trap at McFarland Creek Road Bridge,6/1/2023,2023,48.151085,-120.056584,120
3D9.1A4FAAACD2,Larvae,METHR - Methow River,METTRP,Methow Smolt Trap at McFarland Creek Road Bridge,6/1/2023,2023,48.151085,-120.056584,120
3D9.1A4FAAACD3,Larvae,METHR - Methow River,METTRP,Methow Smolt Trap at McFarland Creek Road Bridge,6/1/2023,2023,48.151085,-120.056584,109
3D9.1A4FAAACD4,Larvae,METHR - Methow River,METTRP,Methow Smolt Trap at McFarland Creek Road Bridge,6/4/2023,2023,48.151085,-120.056584,121
3D9.1A4FAAACD5,Larvae,METHR - Methow River,METTRP,Methow Smolt Trap at McFarland Creek Road Bridge,6/4/2023,2023,48.151085,-120.056584,112
3D9.1A4FAAACD6,Larvae,METHR - Methow River,METTRP,Methow Smolt Trap at McFarland Creek Road Bridge,6/4/2023,2023,48.151085,-120.056584,112
3D9.1A4FAAACD7,Larvae,METHR - Methow River,METTRP,Methow Smolt Trap at McFarland Creek Road Bridge,6/1/2023,2023,48.151085,-120.056584,120
3D9.1A4FAAACD8,Larvae,METHR - Methow River,METTRP,Methow Smolt Trap at McFarland Creek Road Bridge,6/4/2023,2023,48.151085,-120.056584,124
3D9.1A4FAAACD9,Larvae,METHR - Methow River,METTRP,Methow Smolt Trap at McFarland Creek Road Bridge,6/10/2023,2023,48.151085,-120.056584,100
3D9.1A4FAAACDA,Larvae,METHR - Methow River,METTRP,Methow Smolt Trap at McFarland Creek Road Bridge,6/4/2023,2023,48.151085,-120.056584,109
3D9.1A4FAAACDC,Larvae,METHR - Methow River,METTRP,Methow Smolt Trap at McFarland Creek Road Bridge,6/4/2023,2023,48.151085,-120.056584,118
3D9.1A4FAAACDD,Larvae,METHR - Methow River,METTRP,Methow Smolt Trap at McFarland Creek Road Bridge,6/4/2023,2023,48.151085,-120.056584,129
3D9.1A4FAAACDE,Larvae,METHR - Methow River,METTRP,Methow Smolt Trap at McFarland Creek Road Bridge,6/4/2023,2023,48.151085,-120.056584,114
3D9.1A4FAAACDF,Larvae,METHR - Methow River,METTRP,Methow Smolt Trap at McFarland Creek Road Bridge,6/1/2023,2023,48.151085,-120.056584,128
3D9.1A4FD26DC1,Larvae,METTRP - Methow Smolt Trap at McFarland Creek Road Bridge,METTRP,Methow Smolt Trap at McFarland Creek Road Bridge,2/2/2024,2024,48.151085,-120.056584,101
3D9.1A4FD26DC2,Larvae,METHR - Methow River,METTRP,Methow Smolt Trap at McFarland Creek Road Bridge,3/23/2024,2024,48.151085,-120.056584,122
3D9.1A4FD26DC3,Larvae,METHR - Methow River,METTRP,Methow Smolt Trap at McFarland Creek Road Bridge,3/20/2024,2024,48.151085,-120.056584,130
3D9.1A4FD26DC4,Larvae,METHR - Methow River,METTRP,Methow Smolt Trap at McFarland Creek Road Bridge,11/20/2023,2023,48.151085,-120.056584,110
3D9.1A4FD26DC6,Larvae,METHR - Methow River,METTRP,Methow Smolt Trap at McFarland Creek Road Bridge,3/20/2024,2024,48.151085,-120.056584,120
3D9.1A4FD26DC7,Larvae,METHR - Methow River,METTRP,Methow Smolt Trap at McFarland Creek Road Bridge,3/8/2024,2024,48.151085,-120.056584,101
3D9.1A4FD26DC8,Larvae,METHR - Methow River,METTRP,Methow Smolt Trap at McFarland Creek Road Bridge,11/14/2023,2023,48.151085,-120.056584,107
3D9.1A4FD26DC9,Larvae,METTRP - Methow Smolt Trap at McFarland Creek Road Bridge,METTRP,Methow Smolt Trap at McFarland Creek Road Bridge,2/2/2024,2024,48.151085,-120.056584,126
3D9.1A4FD26DCB,Larvae,METHR - Methow River,METTRP,Methow Smolt Trap at McFarland Creek Road Bridge,12/14/2023,2023,48.151085,-120.056584,86
3D9.1A4FD26DCD,Larvae,METHR - Methow River,METTRP,Methow Smolt Trap at McFarland Creek Road Bridge,11/8/2023,2023,48.151085,-120.056584,115
3D9.1A4FD26DCE,Larvae,METHR - Methow River,METTRP,Methow Smolt Trap at McFarland Creek Road Bridge,11/17/2023,2023,48.151085,-120.056584,123
3D9.1A4FD26DCF,Larvae,METHR - Methow River,METTRP,Methow Smolt Trap at McFarland Creek Road Bridge,3/20/2024,2024,48.151085,-120.056584,106
3D9.1A4FD26DD0,Larvae,METHR - Methow River,METTRP,Methow Smolt Trap at McFarland Creek Road Bridge,11/8/2023,2023,48.151085,-120.056584,115
3D9.1A4FD26DD1,Larvae,METHR - Methow River,METTRP,Methow Smolt Trap at McFarland Creek Road Bridge,11/17/2023,2023,48.151085,-120.056584,125
3D9.1A4FD26DD3,Larvae,METHR - Methow River,METTRP,Methow Smolt Trap at McFarland Creek Road Bridge,3/20/2024,2024,48.151085,-120.056584,114
3D9.1A4FD26DD4,Larvae,METHR - Methow River,METTRP,Methow Smolt Trap at McFarland Creek Road Bridge,3/23/2024,2024,48.151085,-120.056584,122
3D9.1A4FD26DD5,Larvae,METHR - Methow River,METTRP,Methow Smolt Trap at McFarland Creek Road Bridge,12/20/2023,2023,48.151085,-120.056584,122
3D9.1A4FD26DD6,Larvae,METHR - Methow River,METTRP,Methow Smolt Trap at McFarland Creek Road Bridge,12/29/2023,2023,48.151085,-120.056584,120
3D9.1A4FD26DD8,Larvae,METHR - Methow River,METTRP,Methow Smolt Trap at McFarland Creek Road Bridge,3/26/2024,2024,48.151085,-120.056584,120
3D9.1A4FD26DD9,Larvae,METHR - Methow River,METTRP,Methow Smolt Trap at McFarland Creek Road Bridge,3/20/2024,2024,48.151085,-120.056584,122
3D9.1A4FD26DDB,Larvae,METHR - Methow River,METTRP,Methow Smolt Trap at McFarland Creek Road Bridge,3/26/2024,2024,48.151085,-120.056584,122
3D9.1A4FD26DDC,Larvae,METHR - Methow River,METTRP,Methow Smolt Trap at McFarland Creek Road Bridge,3/20/2024,2024,48.151085,-120.056584,126
3D9.1A4FD26DDD,Larvae,METHR - Methow River,METTRP,Methow Smolt Trap at McFarland Creek Road Bridge,2/28/2024,2024,48.151085,-120.056584,130
3D9.1A4FD26DDE,Larvae,METHR - Methow River,METTRP,Methow Smolt Trap at McFarland Creek Road Bridge,11/5/2023,2023,48.151085,-120.056584,81
3D9.1A4FD26DDF,Larvae,METHR - Methow River,METTRP,Methow Smolt Trap at McFarland Creek Road Bridge,11/5/2023,2023,48.151085,-120.056584,116
3D9.1A4FD26DE0,Larvae,METHR - Methow River,METTRP,Methow Smolt Trap at McFarland Creek Road Bridge,11/11/2023,2023,48.151085,-120.056584,100
3D9.1A4FD26DE1,Larvae,METHR - Methow River,METTRP,Methow Smolt Trap at McFarland Creek Road Bridge,12/20/2023,2023,48.151085,-120.056584,126
3D9.1A4FD26DE2,Larvae,METHR - Methow River,METTRP,Methow Smolt Trap at McFarland Creek Road Bridge,11/8/2023,2023,48.151085,-120.056584,116
3D9.1A4FD26DE3,Larvae,METHR - Methow River,METTRP,Methow Smolt Trap at McFarland Creek Road Bridge,11/8/2023,2023,48.151085,-120.056584,129
3D9.1A4FD26DE4,Larvae,METHR - Methow River,METTRP,Methow Smolt Trap at McFarland Creek Road Bridge,12/8/2023,2023,48.151085,-120.056584,125
3D9.1A4FD26DE5,Larvae,METHR - Methow River,METTRP,Methow Smolt Trap at McFarland Creek Road Bridge,12/17/2023,2023,48.151085,-120.056584,104
3D9.1A4FD26DE6,Larvae,METHR - Methow River,METTRP,Methow Smolt Trap at McFarland Creek Road Bridge,11/14/2023,2023,48.151085,-120.056584,125
3D9.1A4FD26DE8,Larvae,METHR - Methow River,METTRP,Methow Smolt Trap at McFarland Creek Road Bridge,2/25/2024,2024,48.151085,-120.056584,129
3D9.1A4FD26DE9,Larvae,METHR - Methow River,METTRP,Methow Smolt Trap at McFarland Creek Road Bridge,11/8/2023,2023,48.151085,-120.056584,129
3D9.1A4FD26DEA,Larvae,METHR - Methow River,METTRP,Methow Smolt Trap at McFarland Creek Road Bridge,12/17/2023,2023,48.151085,-120.056584,121
3D9.1A4FD26DEB,Larvae,METHR - Methow River,METTRP,Methow Smolt Trap at McFarland Creek Road Bridge,12/17/2023,2023,48.151085,-120.056584,125
3D9.1A4FD26DEC,Larvae,METHR - Methow River,METTRP,Methow Smolt Trap at McFarland Creek Road Bridge,3/23/2024,2024,48.151085,-120.056584,130
3D9.1A4FD26DED,Larvae,METHR - Methow River,METTRP,Methow Smolt Trap at McFarland Creek Road Bridge,3/26/2024,2024,48.151085,-120.056584,113
3D9.1A4FD26DEE,Larvae,METHR - Methow River,METTRP,Methow Smolt Trap at McFarland Creek Road Bridge,11/5/2023,2023,48.151085,-120.056584,111
3D9.1A4FD26DEF,Larvae,METHR - Methow River,METTRP,Methow Smolt Trap at McFarland Creek Road Bridge,11/8/2023,2023,48.151085,-120.056584,124
3D9.1A4FD26DF0,Larvae,METHR - Methow River,METTRP,Methow Smolt Trap at McFarland Creek Road Bridge,12/14/2023,2023,48.151085,-120.056584,92
3D9.1A4FD26DF1,Larvae,METTRP - Methow Smolt Trap at McFarland Creek Road Bridge,METTRP,Methow Smolt Trap at McFarland Creek Road Bridge,2/2/2024,2024,48.151085,-120.056584,115
3D9.1A4FD26DF2,Larvae,METHR - Methow River,METTRP,Methow Smolt Trap at McFarland Creek Road Bridge,3/26/2024,2024,48.151085,-120.056584,120
3D9.1A4FD26DF3,Larvae,METHR - Methow River,METTRP,Methow Smolt Trap at McFarland Creek Road Bridge,3/20/2024,2024,48.151085,-120.056584,119
3D9.1A4FD26DF5,Larvae,METHR - Methow River,METTRP,Methow Smolt Trap at McFarland Creek Road Bridge,11/11/2023,2023,48.151085,-120.056584,119
3D9.1A4FD26DF6,Larvae,METHR - Methow River,METTRP,Methow Smolt Trap at McFarland Creek Road Bridge,1/7/2024,2024,48.151085,-120.056584,115
3D9.1A4FD26DF7,Larvae,METTRP - Methow Smolt Trap at McFarland Creek Road Bridge,METTRP,Methow Smolt Trap at McFarland Creek Road Bridge,2/2/2024,2024,48.151085,-120.056584,132
3D9.1A4FD26DF8,Larvae,METTRP - Methow Smolt Trap at McFarland Creek Road Bridge,METTRP,Methow Smolt Trap at McFarland Creek Road Bridge,2/2/2024,2024,48.151085,-120.056584,126
3D9.1A4FD26DFA,Larvae,METHR - Methow River,METTRP,Methow Smolt Trap at McFarland Creek Road Bridge,11/5/2023,2023,48.151085,-120.056584,112
3D9.1A4FD26DFB,Larvae,METHR - Methow River,METTRP,Methow Smolt Trap at McFarland Creek Road Bridge,10/24/2023,2023,48.151085,-120.056584,128
3D9.1A4FD26DFC,Larvae,METHR - Methow River,METTRP,Methow Smolt Trap at McFarland Creek Road Bridge,2/16/2024,2024,48.151085,-120.056584,127
3D9.1A4FD26DFD,Larvae,METHR - Methow River,METTRP,Methow Smolt Trap at McFarland Creek Road Bridge,3/26/2024,2024,48.151085,-120.056584,125
3D9.1A4FD26DFE,Larvae,METHR - Methow River,METTRP,Methow Smolt Trap at McFarland Creek Road Bridge,3/20/2024,2024,48.151085,-120.056584,98
3D9.1A4FD26DFF,Larvae,METHR - Methow River,METTRP,Methow Smolt Trap at McFarland Creek Road Bridge,3/20/2024,2024,48.151085,-120.056584,107
3D9.1A4FD26E00,Larvae,METHR - Methow River,METTRP,Methow Smolt Trap at McFarland Creek Road Bridge,3/26/2024,2024,48.151085,-120.056584,131
3D9.1A4FD26E01,Larvae,METHR - Methow River,METTRP,Methow Smolt Trap at McFarland Creek Road Bridge,11/11/2023,2023,48.151085,-120.056584,109
3D9.1A4FD26E02,Larvae,METHR - Methow River,METTRP,Methow Smolt Trap at McFarland Creek Road Bridge,11/14/2023,2023,48.151085,-120.056584,114
3D9.1A4FD26E03,Larvae,METHR - Methow River,METTRP,Methow Smolt Trap at McFarland Creek Road Bridge,3/26/2024,2024,48.151085,-120.056584,124
3D9.1A4FD26E04,Larvae,METHR - Methow River,METTRP,Methow Smolt Trap at McFarland Creek Road Bridge,11/14/2023,2023,48.151085,-120.056584,128
3D9.1A4FD26E05,Larvae,METHR - Methow River,METTRP,Methow Smolt Trap at McFarland Creek Road Bridge,11/8/2023,2023,48.151085,-120.056584,126
3D9.1A4FD26E06,Larvae,METHR - Methow River,METTRP,Methow Smolt Trap at McFarland Creek Road Bridge,11/5/2023,2023,48.151085,-120.056584,110
3D9.1A4FD26E08,Larvae,METHR - Methow River,METTRP,Methow Smolt Trap at McFarland Creek Road Bridge,3/20/2024,2024,48.151085,-120.056584,104
3D9.1A4FD26E09,Larvae,METHR - Methow River,METTRP,Methow Smolt Trap at McFarland Creek Road Bridge,3/20/2024,2024,48.151085,-120.056584,109
3D9.1A4FD26E0A,Larvae,METHR - Methow River,METTRP,Methow Smolt Trap at McFarland Creek Road Bridge,11/14/2023,2023,48.151085,-120.056584,115
3D9.1A4FD26E0B,Larvae,METTRP - Methow Smolt Trap at McFarland Creek Road Bridge,METTRP,Methow Smolt Trap at McFarland Creek Road Bridge,2/2/2024,2024,48.151085,-120.056584,123
3D9.1A4FD26E0C,Larvae,METHR - Methow River,METTRP,Methow Smolt Trap at McFarland Creek Road Bridge,11/20/2023,2023,48.151085,-120.056584,125
3D9.1A4FD26E0D,Larvae,METHR - Methow River,METTRP,Methow Smolt Trap at McFarland Creek Road Bridge,11/14/2023,2023,48.151085,-120.056584,105
3D9.1A4FD26E0F,Larvae,METHR - Methow River,METTRP,Methow Smolt Trap at McFarland Creek Road Bridge,3/20/2024,2024,48.151085,-120.056584,130
3D9.1A4FD26E10,Larvae,METHR - Methow River,METTRP,Methow Smolt Trap at McFarland Creek Road Bridge,11/11/2023,2023,48.151085,-120.056584,102
3D9.1A4FD26E11,Larvae,METTRP - Methow Smolt Trap at McFarland Creek Road Bridge,METTRP,Methow Smolt Trap at McFarland Creek Road Bridge,2/2/2024,2024,48.151085,-120.056584,129
3D9.1A4FD26E12,Larvae,METHR - Methow River,METTRP,Methow Smolt Trap at McFarland Creek Road Bridge,3/26/2024,2024,48.151085,-120.056584,113
3D9.1A4FD26E13,Larvae,METHR - Methow River,METTRP,Methow Smolt Trap at McFarland Creek Road Bridge,3/26/2024,2024,48.151085,-120.056584,123
3D9.1A4FD26E14,Larvae,METTRP - Methow Smolt Trap at McFarland Creek Road Bridge,METTRP,Methow Smolt Trap at McFarland Creek Road Bridge,2/2/2024,2024,48.151085,-120.056584,119
3D9.1A4FD26E15,Larvae,METHR - Methow River,METTRP,Methow Smolt Trap at McFarland Creek Road Bridge,3/23/2024,2024,48.151085,-120.056584,126
3D9.1A4FD26E16,Larvae,METHR - Methow River,METTRP,Methow Smolt Trap at McFarland Creek Road Bridge,3/23/2024,2024,48.151085,-120.056584,130
3D9.1A4FD26E18,Larvae,METHR - Methow River,METTRP,Methow Smolt Trap at McFarland Creek Road Bridge,3/26/2024,2024,48.151085,-120.056584,126
3D9.1A4FD26E19,Larvae,METHR - Methow River,METTRP,Methow Smolt Trap at McFarland Creek Road Bridge,11/8/2023,2023,48.151085,-120.056584,99
3D9.1A4FD26E1A,Larvae,METHR - Methow River,METTRP,Methow Smolt Trap at McFarland Creek Road Bridge,12/14/2023,2023,48.151085,-120.056584,115
3D9.1A4FD26E1C,Larvae,METHR - Methow River,METTRP,Methow Smolt Trap at McFarland Creek Road Bridge,3/26/2024,2024,48.151085,-120.056584,124
3D9.1A4FD26E1F,Larvae,METHR - Methow River,METTRP,Methow Smolt Trap at McFarland Creek Road Bridge,12/20/2023,2023,48.151085,-120.056584,130
3D9.1A4FD26E20,Larvae,METHR - Methow River,METTRP,Methow Smolt Trap at McFarland Creek Road Bridge,12/17/2023,2023,48.151085,-120.056584,104
3D9.1A4FD26E21,Larvae,METHR - Methow River,METTRP,Methow Smolt Trap at McFarland Creek Road Bridge,12/17/2023,2023,48.151085,-120.056584,100
3D9.1A4FD26E22,Larvae,METHR - Methow River,METTRP,Methow Smolt Trap at McFarland Creek Road Bridge,11/8/2023,2023,48.151085,-120.056584,120
3D9.1A4FD26E23,Larvae,METHR - Methow River,METTRP,Methow Smolt Trap at McFarland Creek Road Bridge,11/14/2023,2023,48.151085,-120.056584,116
3D9.1A4FD26E24,Larvae,METHR - Methow River,METTRP,Methow Smolt Trap at McFarland Creek Road Bridge,2/25/2024,2024,48.151085,-120.056584,121
3D9.1A4FD26E25,Macropthalmia (eyed juvenile),METHR - Methow River,METTRP,Methow Smolt Trap at McFarland Creek Road Bridge,5/1/2024,2024,48.151085,-120.056584,129
3D9.1A4FD26E26,Larvae,METHR - Methow River,METTRP,Methow Smolt Trap at McFarland Creek Road Bridge,5/1/2024,2024,48.151085,-120.056584,116
3D9.1A4FD26E27,Larvae,METHR - Methow River,METTRP,Methow Smolt Trap at McFarland Creek Road Bridge,3/29/2024,2024,48.151085,-120.056584,128
3D9.1A4FD26E28,Macropthalmia (eyed juvenile),METHR - Methow River,METTRP,Methow Smolt Trap at McFarland Creek Road Bridge,5/1/2024,2024,48.151085,-120.056584,129
3D9.1A4FD26E29,Macropthalmia (eyed juvenile),METHR - Methow River,METTRP,Methow Smolt Trap at McFarland Creek Road Bridge,4/22/2024,2024,48.151085,-120.056584,130
3D9.1A4FD26E2A,Larvae,METHR - Methow River,METTRP,Methow Smolt Trap at McFarland Creek Road Bridge,5/4/2024,2024,48.151085,-120.056584,126
3D9.1A4FD26E2B,Larvae,METHR - Methow River,METTRP,Methow Smolt Trap at McFarland Creek Road Bridge,4/28/2024,2024,48.151085,-120.056584,120
3D9.1A4FD26E2C,Larvae,METHR - Methow River,METTRP,Methow Smolt Trap at McFarland Creek Road Bridge,5/1/2024,2024,48.151085,-120.056584,119
3D9.1A4FD26E2D,Macropthalmia (eyed juvenile),METHR - Methow River,METTRP,Methow Smolt Trap at McFarland Creek Road Bridge,5/4/2024,2024,48.151085,-120.056584,135
3D9.1A4FD26E2E,Larvae,METHR - Methow River,METTRP,Methow Smolt Trap at McFarland Creek Road Bridge,4/28/2024,2024,48.151085,-120.056584,128
3D9.1A4FD26E2F,Larvae,METHR - Methow River,METTRP,Methow Smolt Trap at McFarland Creek Road Bridge,5/4/2024,2024,48.151085,-120.056584,126
3D9.1A4FD26E30,Macropthalmia (eyed juvenile),METHR - Methow River,METTRP,Methow Smolt Trap at McFarland Creek Road Bridge,4/19/2024,2024,48.151085,-120.056584,134
3D9.1A4FD26E31,Larvae,METHR - Methow River,METTRP,Methow Smolt Trap at McFarland Creek Road Bridge,4/16/2024,2024,48.151085,-120.056584,126
3D9.1A4FD26E32,Larvae,METHR - Methow River,METTRP,Methow Smolt Trap at McFarland Creek Road Bridge,4/16/2024,2024,48.151085,-120.056584,132
3D9.1A4FD26E33,Larvae,METHR - Methow River,METTRP,Methow Smolt Trap at McFarland Creek Road Bridge,4/25/2024,2024,48.151085,-120.056584,127
3D9.1A4FD26E34,Larvae,METHR - Methow River,METTRP,Methow Smolt Trap at McFarland Creek Road Bridge,4/22/2024,2024,48.151085,-120.056584,131
3D9.1A4FD26E35,Larvae,METHR - Methow River,METTRP,Methow Smolt Trap at McFarland Creek Road Bridge,4/28/2024,2024,48.151085,-120.056584,107
3D9.1A4FD26E36,Larvae,METHR - Methow River,METTRP,Methow Smolt Trap at McFarland Creek Road Bridge,5/1/2024,2024,48.151085,-120.056584,127
3D9.1A4FD26E37,Larvae,METHR - Methow River,METTRP,Methow Smolt Trap at McFarland Creek Road Bridge,5/1/2024,2024,48.151085,-120.056584,130
3D9.1A4FD26E39,Larvae,METHR - Methow River,METTRP,Methow Smolt Trap at McFarland Creek Road Bridge,5/1/2024,2024,48.151085,-120.056584,122
3D9.1A4FD26E3A,Macropthalmia (eyed juvenile),METHR - Methow River,METTRP,Methow Smolt Trap at McFarland Creek Road Bridge,5/1/2024,2024,48.151085,-120.056584,129
3D9.1A4FD26E3B,Larvae,METHR - Methow River,METTRP,Methow Smolt Trap at McFarland Creek Road Bridge,4/28/2024,2024,48.151085,-120.056584,130
3D9.1A4FD26E3C,Larvae,METHR - Methow River,METTRP,Methow Smolt Trap at McFarland Creek Road Bridge,5/1/2024,2024,48.151085,-120.056584,126
3D9.1A4FD26E3D,Larvae,METHR - Methow River,METTRP,Methow Smolt Trap at McFarland Creek Road Bridge,4/16/2024,2024,48.151085,-120.056584,125
3D9.1A4FD26E3E,Larvae,METHR - Methow River,METTRP,Methow Smolt Trap at McFarland Creek Road Bridge,4/28/2024,2024,48.151085,-120.056584,125
3D9.1A4FD26E3F,Larvae,METHR - Methow River,METTRP,Methow Smolt Trap at McFarland Creek Road Bridge,4/28/2024,2024,48.151085,-120.056584,130
3D9.1A4FD26E40,Larvae,METHR - Methow River,METTRP,Methow Smolt Trap at McFarland Creek Road Bridge,4/28/2024,2024,48.151085,-120.056584,130
3D9.1A4FD26E41,Macropthalmia (eyed juvenile),METHR - Methow River,METTRP,Methow Smolt Trap at McFarland Creek Road Bridge,4/16/2024,2024,48.151085,-120.056584,140
3D9.1A4FD26E42,Larvae,METHR - Methow River,METTRP,Methow Smolt Trap at McFarland Creek Road Bridge,4/28/2024,2024,48.151085,-120.056584,120
3D9.1A4FD26E43,Larvae,METHR - Methow River,METTRP,Methow Smolt Trap at McFarland Creek Road Bridge,4/7/2024,2024,48.151085,-120.056584,129
3D9.1A4FD26E44,Larvae,METHR - Methow River,METTRP,Methow Smolt Trap at McFarland Creek Road Bridge,4/28/2024,2024,48.151085,-120.056584,122
3D9.1A4FD26E45,Larvae,METHR - Methow River,METTRP,Methow Smolt Trap at McFarland Creek Road Bridge,4/28/2024,2024,48.151085,-120.056584,115
3D9.1A4FD26E46,Larvae,METHR - Methow River,METTRP,Methow Smolt Trap at McFarland Creek Road Bridge,4/25/2024,2024,48.151085,-120.056584,124
3D9.1A4FD26E47,Larvae,METHR - Methow River,METTRP,Methow Smolt Trap at McFarland Creek Road Bridge,4/28/2024,2024,48.151085,-120.056584,130
3D9.1A4FD26E48,Larvae,METHR - Methow River,METTRP,Methow Smolt Trap at McFarland Creek Road Bridge,5/1/2024,2024,48.151085,-120.056584,127
3D9.1A4FD26E49,Larvae,METHR - Methow River,METTRP,Methow Smolt Trap at McFarland Creek Road Bridge,5/1/2024,2024,48.151085,-120.056584,125
3D9.1A4FD26E4A,Larvae,METHR - Methow River,METTRP,Methow Smolt Trap at McFarland Creek Road Bridge,4/19/2024,2024,48.151085,-120.056584,129
3D9.1A4FD26E4B,Larvae,METHR - Methow River,METTRP,Methow Smolt Trap at McFarland Creek Road Bridge,5/1/2024,2024,48.151085,-120.056584,125
3D9.1A4FD26E4C,Macropthalmia (eyed juvenile),METHR - Methow River,METTRP,Methow Smolt Trap at McFarland Creek Road Bridge,5/1/2024,2024,48.151085,-120.056584,141
3D9.1A4FD26E4D,Larvae,METHR - Methow River,METTRP,Methow Smolt Trap at McFarland Creek Road Bridge,3/26/2024,2024,48.151085,-120.056584,125
3D9.1A4FD26E4E,Larvae,METHR - Methow River,METTRP,Methow Smolt Trap at McFarland Creek Road Bridge,5/1/2024,2024,48.151085,-120.056584,92
3D9.1A4FD26E4F,Macropthalmia (eyed juvenile),METHR - Methow River,METTRP,Methow Smolt Trap at McFarland Creek Road Bridge,4/19/2024,2024,48.151085,-120.056584,127
3D9.1A4FD26E50,Larvae,METHR - Methow River,METTRP,Methow Smolt Trap at McFarland Creek Road Bridge,4/7/2024,2024,48.151085,-120.056584,127
3D9.1A4FD26E51,Larvae,METHR - Methow River,METTRP,Methow Smolt Trap at McFarland Creek Road Bridge,5/1/2024,2024,48.151085,-120.056584,113
3D9.1A4FD26E52,Larvae,METHR - Methow River,METTRP,Methow Smolt Trap at McFarland Creek Road Bridge,5/1/2024,2024,48.151085,-120.056584,128
3D9.1A4FD26E53,Larvae,METHR - Methow River,METTRP,Methow Smolt Trap at McFarland Creek Road Bridge,4/28/2024,2024,48.151085,-120.056584,126
3D9.1A4FD26E54,Larvae,METHR - Methow River,METTRP,Methow Smolt Trap at McFarland Creek Road Bridge,5/1/2024,2024,48.151085,-120.056584,129
3D9.1A4FD26E55,Macropthalmia (eyed juvenile),METHR - Methow River,METTRP,Methow Smolt Trap at McFarland Creek Road Bridge,4/16/2024,2024,48.151085,-120.056584,131
3D9.1A4FD26E56,Larvae,METTRP - Methow Smolt Trap at McFarland Creek Road Bridge,METTRP,Methow Smolt Trap at McFarland Creek Road Bridge,6/3/2025,2025,48.151085,-120.056584,125
3D9.1A4FD26E58,Larvae,METHR - Methow River,METTRP,Methow Smolt Trap at McFarland Creek Road Bridge,5/1/2024,2024,48.151085,-120.056584,130
3D9.1A4FD26E59,Larvae,METHR - Methow River,METTRP,Methow Smolt Trap at McFarland Creek Road Bridge,5/4/2024,2024,48.151085,-120.056584,123
3D9.1A4FD26E5A,Larvae,METHR - Methow River,METTRP,Methow Smolt Trap at McFarland Creek Road Bridge,4/28/2024,2024,48.151085,-120.056584,120
3D9.1A4FD26E5B,Larvae,METHR - Methow River,METTRP,Methow Smolt Trap at McFarland Creek Road Bridge,4/16/2024,2024,48.151085,-120.056584,124
3D9.1A4FD26E5C,Macropthalmia (eyed juvenile),METHR - Methow River,METTRP,Methow Smolt Trap at McFarland Creek Road Bridge,5/1/2024,2024,48.151085,-120.056584,130
3D9.1A4FD26E5D,Macropthalmia (eyed juvenile),METHR - Methow River,METTRP,Methow Smolt Trap at McFarland Creek Road Bridge,5/1/2024,2024,48.151085,-120.056584,136
3D9.1A4FD26E5E,Larvae,METHR - Methow River,METTRP,Methow Smolt Trap at McFarland Creek Road Bridge,4/28/2024,2024,48.151085,-120.056584,133
3D9.1A4FD26E5F,Larvae,METHR - Methow River,METTRP,Methow Smolt Trap at McFarland Creek Road Bridge,5/1/2024,2024,48.151085,-120.056584,130
3D9.1A4FD26E60,Larvae,METHR - Methow River,METTRP,Methow Smolt Trap at McFarland Creek Road Bridge,4/28/2024,2024,48.151085,-120.056584,129
3D9.1A4FD26E61,Larvae,METHR - Methow River,METTRP,Methow Smolt Trap at McFarland Creek Road Bridge,4/7/2024,2024,48.151085,-120.056584,124
3D9.1A4FD26E62,Larvae,METHR - Methow River,METTRP,Methow Smolt Trap at McFarland Creek Road Bridge,4/28/2024,2024,48.151085,-120.056584,119
3D9.1A4FD26E63,Larvae,METHR - Methow River,METTRP,Methow Smolt Trap at McFarland Creek Road Bridge,4/28/2024,2024,48.151085,-120.056584,107
3D9.1A4FD26E64,Larvae,METHR - Methow River,METTRP,Methow Smolt Trap at McFarland Creek Road Bridge,4/28/2024,2024,48.151085,-120.056584,113
3D9.1A4FD26E65,Macropthalmia (eyed juvenile),METHR - Methow River,METTRP,Methow Smolt Trap at McFarland Creek Road Bridge,5/4/2024,2024,48.151085,-120.056584,132
3D9.1A4FD26E66,Larvae,METHR - Methow River,METTRP,Methow Smolt Trap at McFarland Creek Road Bridge,5/1/2024,2024,48.151085,-120.056584,126
3D9.1A4FD26E67,Larvae,METHR - Methow River,METTRP,Methow Smolt Trap at McFarland Creek Road Bridge,4/16/2024,2024,48.151085,-120.056584,120
3D9.1A4FD26E68,Larvae,METHR - Methow River,METTRP,Methow Smolt Trap at McFarland Creek Road Bridge,4/16/2024,2024,48.151085,-120.056584,131
3D9.1A4FD26E69,Larvae,METHR - Methow River,METTRP,Methow Smolt Trap at McFarland Creek Road Bridge,4/28/2024,2024,48.151085,-120.056584,130
3D9.1A4FD26E6A,Macropthalmia (eyed juvenile),METHR - Methow River,METTRP,Methow Smolt Trap at McFarland Creek Road Bridge,4/19/2024,2024,48.151085,-120.056584,135
3D9.1A4FD26E6B,Larvae,METHR - Methow River,METTRP,Methow Smolt Trap at McFarland Creek Road Bridge,5/1/2024,2024,48.151085,-120.056584,124
3D9.1A4FD26E6C,Larvae,METHR - Methow River,METTRP,Methow Smolt Trap at McFarland Creek Road Bridge,5/1/2024,2024,48.151085,-120.056584,133
3D9.1A4FD26E6D,Larvae,METHR - Methow River,METTRP,Methow Smolt Trap at McFarland Creek Road Bridge,4/28/2024,2024,48.151085,-120.056584,122
3D9.1A4FD26E6E,Larvae,METHR - Methow River,METTRP,Methow Smolt Trap at McFarland Creek Road Bridge,4/22/2024,2024,48.151085,-120.056584,120
3D9.1A4FD26E6F,Larvae,METHR - Methow River,METTRP,Methow Smolt Trap at McFarland Creek Road Bridge,4/28/2024,2024,48.151085,-120.056584,127
3D9.1A4FD26E70,Larvae,METHR - Methow River,METTRP,Methow Smolt Trap at McFarland Creek Road Bridge,5/1/2024,2024,48.151085,-120.056584,131
3D9.1A4FD26E71,Larvae,METHR - Methow River,METTRP,Methow Smolt Trap at McFarland Creek Road Bridge,5/4/2024,2024,48.151085,-120.056584,130
3D9.1A4FD26E72,Larvae,METHR - Methow River,METTRP,Methow Smolt Trap at McFarland Creek Road Bridge,4/7/2024,2024,48.151085,-120.056584,120
3D9.1A4FD26E73,Larvae,METHR - Methow River,METTRP,Methow Smolt Trap at McFarland Creek Road Bridge,5/1/2024,2024,48.151085,-120.056584,122
3D9.1A4FD26E74,Larvae,METHR - Methow River,METTRP,Methow Smolt Trap at McFarland Creek Road Bridge,4/7/2024,2024,48.151085,-120.056584,101
3D9.1A4FD26E75,Larvae,METHR - Methow River,METTRP,Methow Smolt Trap at McFarland Creek Road Bridge,4/28/2024,2024,48.151085,-120.056584,120
3D9.1A4FD26E76,Larvae,METHR - Methow River,METTRP,Methow Smolt Trap at McFarland Creek Road Bridge,4/16/2024,2024,48.151085,-120.056584,109
3D9.1A4FD26E77,Larvae,METHR - Methow River,METTRP,Methow Smolt Trap at McFarland Creek Road Bridge,5/4/2024,2024,48.151085,-120.056584,126
3D9.1A4FD26E78,Larvae,METHR - Methow River,METTRP,Methow Smolt Trap at McFarland Creek Road Bridge,4/16/2024,2024,48.151085,-120.056584,116
3D9.1A4FD26E79,Macropthalmia (eyed juvenile),METHR - Methow River,METTRP,Methow Smolt Trap at McFarland Creek Road Bridge,5/1/2024,2024,48.151085,-120.056584,135
3D9.1A4FD26E7A,Larvae,METHR - Methow River,METTRP,Methow Smolt Trap at McFarland Creek Road Bridge,3/26/2024,2024,48.151085,-120.056584,91
3D9.1A4FD26E7B,Larvae,METHR - Methow River,METTRP,Methow Smolt Trap at McFarland Creek Road Bridge,4/16/2024,2024,48.151085,-120.056584,113
3D9.1A4FD26E7C,Macropthalmia (eyed juvenile),METHR - Methow River,METTRP,Methow Smolt Trap at McFarland Creek Road Bridge,5/1/2024,2024,48.151085,-120.056584,137
3D9.1A4FD26E7D,Macropthalmia (eyed juvenile),METHR - Methow River,METTRP,Methow Smolt Trap at McFarland Creek Road Bridge,5/1/2024,2024,48.151085,-120.056584,141
3D9.1A4FD26E7E,Macropthalmia (eyed juvenile),METHR - Methow River,METTRP,Methow Smolt Trap at McFarland Creek Road Bridge,5/1/2024,2024,48.151085,-120.056584,120
3D9.1A4FD26E7F,Larvae,METHR - Methow River,METTRP,Methow Smolt Trap at McFarland Creek Road Bridge,5/1/2024,2024,48.151085,-120.056584,117
3D9.1A4FD26E80,Larvae,METHR - Methow River,METTRP,Methow Smolt Trap at McFarland Creek Road Bridge,5/1/2024,2024,48.151085,-120.056584,126
3D9.1A4FD26E81,Larvae,METHR - Methow River,METTRP,Methow Smolt Trap at McFarland Creek Road Bridge,5/1/2024,2024,48.151085,-120.056584,123
3D9.1A4FD26E82,Larvae,METHR - Methow River,METTRP,Methow Smolt Trap at McFarland Creek Road Bridge,4/28/2024,2024,48.151085,-120.056584,125
3D9.1A4FD26E83,Larvae,METHR - Methow River,METTRP,Methow Smolt Trap at McFarland Creek Road Bridge,5/1/2024,2024,48.151085,-120.056584,127
3D9.1A4FD26E84,Larvae,METHR - Methow River,METTRP,Methow Smolt Trap at McFarland Creek Road Bridge,4/28/2024,2024,48.151085,-120.056584,118
3D9.1A4FD26E85,Larvae,METHR - Methow River,METTRP,Methow Smolt Trap at McFarland Creek Road Bridge,5/1/2024,2024,48.151085,-120.056584,127
3D9.1A4FD26E86,Macropthalmia (eyed juvenile),METHR - Methow River,METTRP,Methow Smolt Trap at McFarland Creek Road Bridge,5/1/2024,2024,48.151085,-120.056584,129
3D9.1A4FD26E87,Larvae,METHR - Methow River,METTRP,Methow Smolt Trap at McFarland Creek Road Bridge,5/1/2024,2024,48.151085,-120.056584,129
3D9.1A4FD26E88,Macropthalmia (eyed juvenile),METHR - Methow River,METTRP,Methow Smolt Trap at McFarland Creek Road Bridge,5/1/2024,2024,48.151085,-120.056584,138
3D9.1A4FD26E89,Larvae,METHR - Methow River,METTRP,Methow Smolt Trap at McFarland Creek Road Bridge,5/7/2024,2024,48.151085,-120.056584,127
3D9.1A4FD26E8A,Macropthalmia (eyed juvenile),METHR - Methow River,METTRP,Methow Smolt Trap at McFarland Creek Road Bridge,5/13/2024,2024,48.151085,-120.056584,130
3D9.1A4FD26E8B,Larvae,METHR - Methow River,METTRP,Methow Smolt Trap at McFarland Creek Road Bridge,5/10/2024,2024,48.151085,-120.056584,80
3D9.1A4FD26E8C,Larvae,METHR - Methow River,METTRP,Methow Smolt Trap at McFarland Creek Road Bridge,5/10/2024,2024,48.151085,-120.056584,115
3D9.1A4FD26E8D,Larvae,METHR - Methow River,METTRP,Methow Smolt Trap at McFarland Creek Road Bridge,5/10/2024,2024,48.151085,-120.056584,112
3D9.1A4FD26E8E,Macropthalmia (eyed juvenile),METHR - Methow River,METTRP,Methow Smolt Trap at McFarland Creek Road Bridge,5/7/2024,2024,48.151085,-120.056584,133
3D9.1A4FD26E8F,Larvae,METHR - Methow River,METTRP,Methow Smolt Trap at McFarland Creek Road Bridge,5/10/2024,2024,48.151085,-120.056584,131
3D9.1A4FD26E90,Larvae,METHR - Methow River,METTRP,Methow Smolt Trap at McFarland Creek Road Bridge,5/10/2024,2024,48.151085,-120.056584,125
3D9.1A4FD26E91,Macropthalmia (eyed juvenile),METHR - Methow River,METTRP,Methow Smolt Trap at McFarland Creek Road Bridge,5/7/2024,2024,48.151085,-120.056584,120
3D9.1A4FD26E92,Macropthalmia (eyed juvenile),METHR - Methow River,METTRP,Methow Smolt Trap at McFarland Creek Road Bridge,5/13/2024,2024,48.151085,-120.056584,111
3D9.1A4FD26E93,Macropthalmia (eyed juvenile),METHR - Methow River,METTRP,Methow Smolt Trap at McFarland Creek Road Bridge,5/7/2024,2024,48.151085,-120.056584,128
3D9.1A4FD26E94,Macropthalmia (eyed juvenile),METHR - Methow River,METTRP,Methow Smolt Trap at McFarland Creek Road Bridge,5/13/2024,2024,48.151085,-120.056584,124
3D9.1A4FD26E95,Macropthalmia (eyed juvenile),METHR - Methow River,METTRP,Methow Smolt Trap at McFarland Creek Road Bridge,5/16/2024,2024,48.151085,-120.056584,125
3D9.1A4FD26E96,Larvae,METHR - Methow River,METTRP,Methow Smolt Trap at McFarland Creek Road Bridge,5/10/2024,2024,48.151085,-120.056584,128
3D9.1A4FD26E97,Larvae,METHR - Methow River,METTRP,Methow Smolt Trap at McFarland Creek Road Bridge,5/16/2024,2024,48.151085,-120.056584,111
3D9.1A4FD26E98,Macropthalmia (eyed juvenile),METHR - Methow River,METTRP,Methow Smolt Trap at McFarland Creek Road Bridge,5/13/2024,2024,48.151085,-120.056584,120
3D9.1A4FD26E99,Macropthalmia (eyed juvenile),METHR - Methow River,METTRP,Methow Smolt Trap at McFarland Creek Road Bridge,5/13/2024,2024,48.151085,-120.056584,133
3D9.1A4FD26E9B,Larvae,METHR - Methow River,METTRP,Methow Smolt Trap at McFarland Creek Road Bridge,5/10/2024,2024,48.151085,-120.056584,126
3D9.1A4FD26E9C,Macropthalmia (eyed juvenile),METHR - Methow River,METTRP,Methow Smolt Trap at McFarland Creek Road Bridge,5/16/2024,2024,48.151085,-120.056584,127
3D9.1A4FD26E9D,Macropthalmia (eyed juvenile),METHR - Methow River,METTRP,Methow Smolt Trap at McFarland Creek Road Bridge,5/13/2024,2024,48.151085,-120.056584,130
3D9.1A4FD26E9E,Larvae,METHR - Methow River,METTRP,Methow Smolt Trap at McFarland Creek Road Bridge,5/16/2024,2024,48.151085,-120.056584,131
3D9.1A4FD26E9F,Larvae,METHR - Methow River,METTRP,Methow Smolt Trap at McFarland Creek Road Bridge,5/10/2024,2024,48.151085,-120.056584,120
3D9.1A4FD26EA0,Macropthalmia (eyed juvenile),METHR - Methow River,METTRP,Methow Smolt Trap at McFarland Creek Road Bridge,5/13/2024,2024,48.151085,-120.056584,120
3D9.1A4FD26EA1,Macropthalmia (eyed juvenile),METHR - Methow River,METTRP,Methow Smolt Trap at McFarland Creek Road Bridge,5/13/2024,2024,48.151085,-120.056584,128
3D9.1A4FD26EA2,Macropthalmia (eyed juvenile),METHR - Methow River,METTRP,Methow Smolt Trap at McFarland Creek Road Bridge,5/13/2024,2024,48.151085,-120.056584,131
3D9.1A4FD26EA3,Macropthalmia (eyed juvenile),METHR - Methow River,METTRP,Methow Smolt Trap at McFarland Creek Road Bridge,5/13/2024,2024,48.151085,-120.056584,129
3D9.1A4FD26EA4,Larvae,METHR - Methow River,METTRP,Methow Smolt Trap at McFarland Creek Road Bridge,5/10/2024,2024,48.151085,-120.056584,96
3D9.1A4FD26EA5,Macropthalmia (eyed juvenile),METHR - Methow River,METTRP,Methow Smolt Trap at McFarland Creek Road Bridge,5/13/2024,2024,48.151085,-120.056584,132
3D9.1A4FD26EA6,Larvae,METHR - Methow River,METTRP,Methow Smolt Trap at McFarland Creek Road Bridge,5/10/2024,2024,48.151085,-120.056584,129
3D9.1A4FD26EA7,Macropthalmia (eyed juvenile),METHR - Methow River,METTRP,Methow Smolt Trap at McFarland Creek Road Bridge,5/10/2024,2024,48.151085,-120.056584,128
3D9.1A4FD26EA8,Macropthalmia (eyed juvenile),METHR - Methow River,METTRP,Methow Smolt Trap at McFarland Creek Road Bridge,5/4/2024,2024,48.151085,-120.056584,144
3D9.1A4FD26EA9,Larvae,METHR - Methow River,METTRP,Methow Smolt Trap at McFarland Creek Road Bridge,5/10/2024,2024,48.151085,-120.056584,130
3D9.1A4FD26EAA,Larvae,METHR - Methow River,METTRP,Methow Smolt Trap at McFarland Creek Road Bridge,5/7/2024,2024,48.151085,-120.056584,123
3D9.1A4FD26EAB,Larvae,METHR - Methow River,METTRP,Methow Smolt Trap at McFarland Creek Road Bridge,5/10/2024,2024,48.151085,-120.056584,128
3D9.1A4FD26EAC,Larvae,METHR - Methow River,METTRP,Methow Smolt Trap at McFarland Creek Road Bridge,5/4/2024,2024,48.151085,-120.056584,125
3D9.1A4FD26EAD,Larvae,METHR - Methow River,METTRP,Methow Smolt Trap at McFarland Creek Road Bridge,5/7/2024,2024,48.151085,-120.056584,135
3D9.1A4FD26EAE,Macropthalmia (eyed juvenile),METHR - Methow River,METTRP,Methow Smolt Trap at McFarland Creek Road Bridge,5/10/2024,2024,48.151085,-120.056584,134
3D9.1A4FD26EAF,Larvae,METHR - Methow River,METTRP,Methow Smolt Trap at McFarland Creek Road Bridge,5/16/2024,2024,48.151085,-120.056584,127
3D9.1A4FD26EB0,Larvae,METHR - Methow River,METTRP,Methow Smolt Trap at McFarland Creek Road Bridge,5/16/2024,2024,48.151085,-120.056584,124
3D9.1A4FD26EB1,Larvae,METHR - Methow River,METTRP,Methow Smolt Trap at McFarland Creek Road Bridge,5/10/2024,2024,48.151085,-120.056584,123
3D9.1A4FD26EB2,Macropthalmia (eyed juvenile),METHR - Methow River,METTRP,Methow Smolt Trap at McFarland Creek Road Bridge,5/13/2024,2024,48.151085,-120.056584,122
3D9.1A4FD26EB3,Macropthalmia (eyed juvenile),METHR - Methow River,METTRP,Methow Smolt Trap at McFarland Creek Road Bridge,5/13/2024,2024,48.151085,-120.056584,132
3D9.1A4FD26EB4,Larvae,METHR - Methow River,METTRP,Methow Smolt Trap at McFarland Creek Road Bridge,5/4/2024,2024,48.151085,-120.056584,136
3D9.1A4FD26EB5,Larvae,METHR - Methow River,METTRP,Methow Smolt Trap at McFarland Creek Road Bridge,5/4/2024,2024,48.151085,-120.056584,129
3D9.1A4FD26EB6,Macropthalmia (eyed juvenile),METHR - Methow River,METTRP,Methow Smolt Trap at McFarland Creek Road Bridge,5/13/2024,2024,48.151085,-120.056584,131
3D9.1A4FD26EB7,Larvae,METHR - Methow River,METTRP,Methow Smolt Trap at McFarland Creek Road Bridge,5/7/2024,2024,48.151085,-120.056584,128
3D9.1A4FD26EB8,Larvae,METHR - Methow River,METTRP,Methow Smolt Trap at McFarland Creek Road Bridge,5/16/2024,2024,48.151085,-120.056584,130
3D9.1A4FD26EB9,Larvae,METHR - Methow River,METTRP,Methow Smolt Trap at McFarland Creek Road Bridge,5/10/2024,2024,48.151085,-120.056584,120
3D9.1A4FD26EBA,Macropthalmia (eyed juvenile),METHR - Methow River,METTRP,Methow Smolt Trap at McFarland Creek Road Bridge,5/10/2024,2024,48.151085,-120.056584,131
3D9.1A4FD26EBB,Larvae,METHR - Methow River,METTRP,Methow Smolt Trap at McFarland Creek Road Bridge,5/7/2024,2024,48.151085,-120.056584,127
3D9.1A4FD26EBC,Larvae,METHR - Methow River,METTRP,Methow Smolt Trap at McFarland Creek Road Bridge,5/16/2024,2024,48.151085,-120.056584,122
3D9.1A4FD26EBD,Macropthalmia (eyed juvenile),METHR - Methow River,METTRP,Methow Smolt Trap at McFarland Creek Road Bridge,5/13/2024,2024,48.151085,-120.056584,122
3D9.1A4FD26EBE,Larvae,METHR - Methow River,METTRP,Methow Smolt Trap at McFarland Creek Road Bridge,5/4/2024,2024,48.151085,-120.056584,134
3D9.1A4FD26EBF,Larvae,METHR - Methow River,METTRP,Methow Smolt Trap at McFarland Creek Road Bridge,5/4/2024,2024,48.151085,-120.056584,134
3D9.1A4FD26EC0,Larvae,METHR - Methow River,METTRP,Methow Smolt Trap at McFarland Creek Road Bridge,5/16/2024,2024,48.151085,-120.056584,106
3D9.1A4FD26EC1,Larvae,METHR - Methow River,METTRP,Methow Smolt Trap at McFarland Creek Road Bridge,5/16/2024,2024,48.151085,-120.056584,131
3D9.1A4FD26EC2,Macropthalmia (eyed juvenile),METHR - Methow River,METTRP,Methow Smolt Trap at McFarland Creek Road Bridge,5/10/2024,2024,48.151085,-120.056584,129
3D9.1A4FD26EC3,Macropthalmia (eyed juvenile),METHR - Methow River,METTRP,Methow Smolt Trap at McFarland Creek Road Bridge,5/13/2024,2024,48.151085,-120.056584,132
3D9.1A4FD26EC4,Larvae,METHR - Methow River,METTRP,Methow Smolt Trap at McFarland Creek Road Bridge,5/4/2024,2024,48.151085,-120.056584,130
3D9.1A4FD26EC5,Larvae,METHR - Methow River,METTRP,Methow Smolt Trap at McFarland Creek Road Bridge,5/4/2024,2024,48.151085,-120.056584,125
3D9.1A4FD26EC6,Larvae,METHR - Methow River,METTRP,Methow Smolt Trap at McFarland Creek Road Bridge,5/10/2024,2024,48.151085,-120.056584,124
3D9.1A4FD26EC7,Macropthalmia (eyed juvenile),METHR - Methow River,METTRP,Methow Smolt Trap at McFarland Creek Road Bridge,5/13/2024,2024,48.151085,-120.056584,127
3D9.1A4FD26EC8,Larvae,METHR - Methow River,METTRP,Methow Smolt Trap at McFarland Creek Road Bridge,5/16/2024,2024,48.151085,-120.056584,119
3D9.1A4FD26EC9,Larvae,METHR - Methow River,METTRP,Methow Smolt Trap at McFarland Creek Road Bridge,5/16/2024,2024,48.151085,-120.056584,125
3D9.1A4FD26ECA,Larvae,METHR - Methow River,METTRP,Methow Smolt Trap at McFarland Creek Road Bridge,5/16/2024,2024,48.151085,-120.056584,130
3D9.1A4FD26ECB,Larvae,METHR - Methow River,METTRP,Methow Smolt Trap at McFarland Creek Road Bridge,5/16/2024,2024,48.151085,-120.056584,127
3D9.1A4FD26ECC,Larvae,METHR - Methow River,METTRP,Methow Smolt Trap at McFarland Creek Road Bridge,5/7/2024,2024,48.151085,-120.056584,134
3D9.1A4FD26ECE,Larvae,METHR - Methow River,METTRP,Methow Smolt Trap at McFarland Creek Road Bridge,5/7/2024,2024,48.151085,-120.056584,123
3D9.1A4FD26ECF,Larvae,METHR - Methow River,METTRP,Methow Smolt Trap at McFarland Creek Road Bridge,5/10/2024,2024,48.151085,-120.056584,125
3D9.1A4FD26ED0,Macropthalmia (eyed juvenile),METHR - Methow River,METTRP,Methow Smolt Trap at McFarland Creek Road Bridge,5/7/2024,2024,48.151085,-120.056584,138
3D9.1A4FD26ED1,Larvae,METHR - Methow River,METTRP,Methow Smolt Trap at McFarland Creek Road Bridge,5/4/2024,2024,48.151085,-120.056584,131
3D9.1A4FD26ED2,Larvae,METHR - Methow River,METTRP,Methow Smolt Trap at McFarland Creek Road Bridge,5/16/2024,2024,48.151085,-120.056584,127
3D9.1A4FD26ED3,Larvae,METHR - Methow River,METTRP,Methow Smolt Trap at McFarland Creek Road Bridge,5/10/2024,2024,48.151085,-120.056584,127
3D9.1A4FD26ED4,Macropthalmia (eyed juvenile),METHR - Methow River,METTRP,Methow Smolt Trap at McFarland Creek Road Bridge,5/13/2024,2024,48.151085,-120.056584,131
3D9.1A4FD26ED5,Larvae,METHR - Methow River,METTRP,Methow Smolt Trap at McFarland Creek Road Bridge,5/7/2024,2024,48.151085,-120.056584,123
3D9.1A4FD26ED6,Macropthalmia (eyed juvenile),METHR - Methow River,METTRP,Methow Smolt Trap at McFarland Creek Road Bridge,5/13/2024,2024,48.151085,-120.056584,126
3D9.1A4FD26ED7,Larvae,METHR - Methow River,METTRP,Methow Smolt Trap at McFarland Creek Road Bridge,5/10/2024,2024,48.151085,-120.056584,125
3D9.1A4FD26ED8,Larvae,METHR - Methow River,METTRP,Methow Smolt Trap at McFarland Creek Road Bridge,5/10/2024,2024,48.151085,-120.056584,105
3D9.1A4FD26ED9,Larvae,METHR - Methow River,METTRP,Methow Smolt Trap at McFarland Creek Road Bridge,5/10/2024,2024,48.151085,-120.056584,122
3D9.1A4FD26EDA,Macropthalmia (eyed juvenile),METHR - Methow River,METTRP,Methow Smolt Trap at McFarland Creek Road Bridge,5/13/2024,2024,48.151085,-120.056584,126
3D9.1A4FD26EDB,Macropthalmia (eyed juvenile),METHR - Methow River,METTRP,Methow Smolt Trap at McFarland Creek Road Bridge,5/13/2024,2024,48.151085,-120.056584,126
3D9.1A4FD26EDC,Macropthalmia (eyed juvenile),METHR - Methow River,METTRP,Methow Smolt Trap at McFarland Creek Road Bridge,5/10/2024,2024,48.151085,-120.056584,133
3D9.1A4FD26EDD,Larvae,METHR - Methow River,METTRP,Methow Smolt Trap at McFarland Creek Road Bridge,5/7/2024,2024,48.151085,-120.056584,131
3D9.1A4FD26EDE,Larvae,METHR - Methow River,METTRP,Methow Smolt Trap at McFarland Creek Road Bridge,5/16/2024,2024,48.151085,-120.056584,123
3D9.1A4FD26EDF,Larvae,METHR - Methow River,METTRP,Methow Smolt Trap at McFarland Creek Road Bridge,5/10/2024,2024,48.151085,-120.056584,125
3D9.1A4FD26EE0,Larvae,METHR - Methow River,METTRP,Methow Smolt Trap at McFarland Creek Road Bridge,5/16/2024,2024,48.151085,-120.056584,115
3D9.1A4FD26EE1,Macropthalmia (eyed juvenile),METHR - Methow River,METTRP,Methow Smolt Trap at McFarland Creek Road Bridge,5/13/2024,2024,48.151085,-120.056584,131
3D9.1A4FD26EE2,Macropthalmia (eyed juvenile),METHR - Methow River,METTRP,Methow Smolt Trap at McFarland Creek Road Bridge,5/4/2024,2024,48.151085,-120.056584,135
3D9.1A4FD26EE3,Macropthalmia (eyed juvenile),METHR - Methow River,METTRP,Methow Smolt Trap at McFarland Creek Road Bridge,5/13/2024,2024,48.151085,-120.056584,131
3D9.1A4FD26EE4,Larvae,METHR - Methow River,METTRP,Methow Smolt Trap at McFarland Creek Road Bridge,5/4/2024,2024,48.151085,-120.056584,94
3D9.1A4FD26EE5,Larvae,METHR - Methow River,METTRP,Methow Smolt Trap at McFarland Creek Road Bridge,5/16/2024,2024,48.151085,-120.056584,124
3D9.1A4FD26EE7,Macropthalmia (eyed juvenile),METHR - Methow River,METTRP,Methow Smolt Trap at McFarland Creek Road Bridge,5/13/2024,2024,48.151085,-120.056584,134
3D9.1A4FD26EE8,Larvae,METHR - Methow River,METTRP,Methow Smolt Trap at McFarland Creek Road Bridge,5/10/2024,2024,48.151085,-120.056584,110
3D9.1A4FD26EE9,Macropthalmia (eyed juvenile),METHR - Methow River,METTRP,Methow Smolt Trap at McFarland Creek Road Bridge,5/13/2024,2024,48.151085,-120.056584,127
3D9.1A4FD26EEA,Larvae,METHR - Methow River,METTRP,Methow Smolt Trap at McFarland Creek Road Bridge,5/16/2024,2024,48.151085,-120.056584,116
3D9.1A4FD26EEB,Larvae,METHR - Methow River,METTRP,Methow Smolt Trap at McFarland Creek Road Bridge,5/7/2024,2024,48.151085,-120.056584,135
3D9.1A4FD26EEC,Larvae,METHR - Methow River,METTRP,Methow Smolt Trap at McFarland Creek Road Bridge,5/16/2024,2024,48.151085,-120.056584,125
3D9.1A4FD26EED,Larvae,METHR - Methow River,METTRP,Methow Smolt Trap at McFarland Creek Road Bridge,6/6/2024,2024,48.151085,-120.056584,108
3D9.1A4FD26EEE,Larvae,METHR - Methow River,METTRP,Methow Smolt Trap at McFarland Creek Road Bridge,5/28/2024,2024,48.151085,-120.056584,123
3D9.1A4FD26EEF,Larvae,METHR - Methow River,METTRP,Methow Smolt Trap at McFarland Creek Road Bridge,5/28/2024,2024,48.151085,-120.056584,128
3D9.1A4FD26EF0,Larvae,METHR - Methow River,METTRP,Methow Smolt Trap at McFarland Creek Road Bridge,6/3/2024,2024,48.151085,-120.056584,127
3D9.1A4FD26EF1,Larvae,METHR - Methow River,METTRP,Methow Smolt Trap at McFarland Creek Road Bridge,5/19/2024,2024,48.151085,-120.056584,131
3D9.1A4FD26EF2,Larvae,METHR - Methow River,METTRP,Methow Smolt Trap at McFarland Creek Road Bridge,5/22/2024,2024,48.151085,-120.056584,122
3D9.1A4FD26EF3,Larvae,METHR - Methow River,METTRP,Methow Smolt Trap at McFarland Creek Road Bridge,5/28/2024,2024,48.151085,-120.056584,123
3D9.1A4FD26EF4,Larvae,METHR - Methow River,METTRP,Methow Smolt Trap at McFarland Creek Road Bridge,6/6/2024,2024,48.151085,-120.056584,130
3D9.1A4FD26EF5,Larvae,METHR - Methow River,METTRP,Methow Smolt Trap at McFarland Creek Road Bridge,5/19/2024,2024,48.151085,-120.056584,130
3D9.1A4FD26EF6,Larvae,METTRP - Methow Smolt Trap at McFarland Creek Road Bridge,METTRP,Methow Smolt Trap at McFarland Creek Road Bridge,5/25/2024,2024,48.151085,-120.056584,130
3D9.1A4FD26EF7,Larvae,METHR - Methow River,METTRP,Methow Smolt Trap at McFarland Creek Road Bridge,5/22/2024,2024,48.151085,-120.056584,130
3D9.1A4FD26EF8,Larvae,METHR - Methow River,METTRP,Methow Smolt Trap at McFarland Creek Road Bridge,5/22/2024,2024,48.151085,-120.056584,115
3D9.1A4FD26EF9,Larvae,METTRP - Methow Smolt Trap at McFarland Creek Road Bridge,METTRP,Methow Smolt Trap at McFarland Creek Road Bridge,5/25/2024,2024,48.151085,-120.056584,126
3D9.1A4FD26EFA,Larvae,METTRP - Methow Smolt Trap at McFarland Creek Road Bridge,METTRP,Methow Smolt Trap at McFarland Creek Road Bridge,5/25/2024,2024,48.151085,-120.056584,125
3D9.1A4FD26EFB,Larvae,METHR - Methow River,METTRP,Methow Smolt Trap at McFarland Creek Road Bridge,5/28/2024,2024,48.151085,-120.056584,130
3D9.1A4FD26EFC,Larvae,METHR - Methow River,METTRP,Methow Smolt Trap at McFarland Creek Road Bridge,5/31/2024,2024,48.151085,-120.056584,131
3D9.1A4FD26EFD,Larvae,METHR - Methow River,METTRP,Methow Smolt Trap at McFarland Creek Road Bridge,5/28/2024,2024,48.151085,-120.056584,121
3D9.1A4FD26EFE,Larvae,METHR - Methow River,METTRP,Methow Smolt Trap at McFarland Creek Road Bridge,5/22/2024,2024,48.151085,-120.056584,124
3D9.1A4FD26EFF,Larvae,METHR - Methow River,METTRP,Methow Smolt Trap at McFarland Creek Road Bridge,6/3/2024,2024,48.151085,-120.056584,130
3D9.1A4FD26F00,Larvae,METHR - Methow River,METTRP,Methow Smolt Trap at McFarland Creek Road Bridge,5/28/2024,2024,48.151085,-120.056584,130
3D9.1A4FD26F01,Larvae,METTRP - Methow Smolt Trap at McFarland Creek Road Bridge,METTRP,Methow Smolt Trap at McFarland Creek Road Bridge,5/25/2024,2024,48.151085,-120.056584,118
3D9.1A4FD26F02,Larvae,METHR - Methow River,METTRP,Methow Smolt Trap at McFarland Creek Road Bridge,5/28/2024,2024,48.151085,-120.056584,113
3D9.1A4FD26F03,Larvae,METHR - Methow River,METTRP,Methow Smolt Trap at McFarland Creek Road Bridge,6/3/2024,2024,48.151085,-120.056584,127
3D9.1A4FD26F04,Larvae,METHR - Methow River,METTRP,Methow Smolt Trap at McFarland Creek Road Bridge,5/28/2024,2024,48.151085,-120.056584,126
3D9.1A4FD26F05,Larvae,METHR - Methow River,METTRP,Methow Smolt Trap at McFarland Creek Road Bridge,5/19/2024,2024,48.151085,-120.056584,130
3D9.1A4FD26F06,Larvae,METTRP - Methow Smolt Trap at McFarland Creek Road Bridge,METTRP,Methow Smolt Trap at McFarland Creek Road Bridge,5/25/2024,2024,48.151085,-120.056584,120
3D9.1A4FD26F07,Larvae,METHR - Methow River,METTRP,Methow Smolt Trap at McFarland Creek Road Bridge,5/19/2024,2024,48.151085,-120.056584,131
3D9.1A4FD26F08,Larvae,METHR - Methow River,METTRP,Methow Smolt Trap at McFarland Creek Road Bridge,5/28/2024,2024,48.151085,-120.056584,133
3D9.1A4FD26F09,Larvae,METHR - Methow River,METTRP,Methow Smolt Trap at McFarland Creek Road Bridge,5/22/2024,2024,48.151085,-120.056584,125
3D9.1A4FD26F0A,Larvae,METHR - Methow River,METTRP,Methow Smolt Trap at McFarland Creek Road Bridge,5/19/2024,2024,48.151085,-120.056584,127
3D9.1A4FD26F0B,Larvae,METTRP - Methow Smolt Trap at McFarland Creek Road Bridge,METTRP,Methow Smolt Trap at McFarland Creek Road Bridge,5/25/2024,2024,48.151085,-120.056584,125
3D9.1A4FD26F0C,Larvae,METHR - Methow River,METTRP,Methow Smolt Trap at McFarland Creek Road Bridge,6/6/2024,2024,48.151085,-120.056584,120
3D9.1A4FD26F0D,Larvae,METHR - Methow River,METTRP,Methow Smolt Trap at McFarland Creek Road Bridge,5/16/2024,2024,48.151085,-120.056584,130
3D9.1A4FD26F0E,Larvae,METHR - Methow River,METTRP,Methow Smolt Trap at McFarland Creek Road Bridge,5/22/2024,2024,48.151085,-120.056584,122
3D9.1A4FD26F0F,Larvae,METHR - Methow River,METTRP,Methow Smolt Trap at McFarland Creek Road Bridge,5/28/2024,2024,48.151085,-120.056584,123
3D9.1A4FD26F10,Larvae,METHR - Methow River,METTRP,Methow Smolt Trap at McFarland Creek Road Bridge,5/19/2024,2024,48.151085,-120.056584,120
3D9.1A4FD26F11,Larvae,METHR - Methow River,METTRP,Methow Smolt Trap at McFarland Creek Road Bridge,6/6/2024,2024,48.151085,-120.056584,130
3D9.1A4FD26F12,Larvae,METHR - Methow River,METTRP,Methow Smolt Trap at McFarland Creek Road Bridge,5/19/2024,2024,48.151085,-120.056584,128
3D9.1A4FD26F13,Larvae,METHR - Methow River,METTRP,Methow Smolt Trap at McFarland Creek Road Bridge,5/28/2024,2024,48.151085,-120.056584,122
3D9.1A4FD26F14,Larvae,METHR - Methow River,METTRP,Methow Smolt Trap at McFarland Creek Road Bridge,5/16/2024,2024,48.151085,-120.056584,124
3D9.1A4FD26F15,Larvae,METHR - Methow River,METTRP,Methow Smolt Trap at McFarland Creek Road Bridge,5/19/2024,2024,48.151085,-120.056584,110
3D9.1A4FD26F16,Larvae,METHR - Methow River,METTRP,Methow Smolt Trap at McFarland Creek Road Bridge,5/19/2024,2024,48.151085,-120.056584,126
3D9.1A4FD26F17,Larvae,METHR - Methow River,METTRP,Methow Smolt Trap at McFarland Creek Road Bridge,6/6/2024,2024,48.151085,-120.056584,130
3D9.1A4FD26F18,Larvae,METTRP - Methow Smolt Trap at McFarland Creek Road Bridge,METTRP,Methow Smolt Trap at McFarland Creek Road Bridge,5/25/2024,2024,48.151085,-120.056584,126
3D9.1A4FD26F19,Larvae,METHR - Methow River,METTRP,Methow Smolt Trap at McFarland Creek Road Bridge,5/31/2024,2024,48.151085,-120.056584,120
3D9.1A4FD26F1A,Larvae,METHR - Methow River,METTRP,Methow Smolt Trap at McFarland Creek Road Bridge,5/19/2024,2024,48.151085,-120.056584,130
3D9.1A4FD26F1B,Larvae,METHR - Methow River,METTRP,Methow Smolt Trap at McFarland Creek Road Bridge,5/28/2024,2024,48.151085,-120.056584,128
3D9.1A4FD26F1C,Larvae,METHR - Methow River,METTRP,Methow Smolt Trap at McFarland Creek Road Bridge,6/6/2024,2024,48.151085,-120.056584,115
3D9.1A4FD26F1D,Larvae,METHR - Methow River,METTRP,Methow Smolt Trap at McFarland Creek Road Bridge,5/31/2024,2024,48.151085,-120.056584,130
3D9.1A4FD26F1E,Larvae,METHR - Methow River,METTRP,Methow Smolt Trap at McFarland Creek Road Bridge,5/16/2024,2024,48.151085,-120.056584,116
3D9.1A4FD26F1F,Larvae,METHR - Methow River,METTRP,Methow Smolt Trap at McFarland Creek Road Bridge,6/3/2024,2024,48.151085,-120.056584,123
3D9.1A4FD26F20,Larvae,METHR - Methow River,METTRP,Methow Smolt Trap at McFarland Creek Road Bridge,5/19/2024,2024,48.151085,-120.056584,131
3D9.1A4FD26F21,Larvae,METHR - Methow River,METTRP,Methow Smolt Trap at McFarland Creek Road Bridge,5/22/2024,2024,48.151085,-120.056584,131
3D9.1A4FD26F22,Larvae,METHR - Methow River,METTRP,Methow Smolt Trap at McFarland Creek Road Bridge,5/22/2024,2024,48.151085,-120.056584,119
3D9.1A4FD26F23,Larvae,METHR - Methow River,METTRP,Methow Smolt Trap at McFarland Creek Road Bridge,5/19/2024,2024,48.151085,-120.056584,129
3D9.1A4FD26F24,Larvae,METHR - Methow River,METTRP,Methow Smolt Trap at McFarland Creek Road Bridge,5/31/2024,2024,48.151085,-120.056584,126
3D9.1A4FD26F25,Larvae,METHR - Methow River,METTRP,Methow Smolt Trap at McFarland Creek Road Bridge,6/6/2024,2024,48.151085,-120.056584,126
3D9.1A4FD26F26,Larvae,METHR - Methow River,METTRP,Methow Smolt Trap at McFarland Creek Road Bridge,5/28/2024,2024,48.151085,-120.056584,133
3D9.1A4FD26F27,Larvae,METHR - Methow River,METTRP,Methow Smolt Trap at McFarland Creek Road Bridge,5/19/2024,2024,48.151085,-120.056584,131
3D9.1A4FD26F28,Larvae,METHR - Methow River,METTRP,Methow Smolt Trap at McFarland Creek Road Bridge,5/28/2024,2024,48.151085,-120.056584,125
3D9.1A4FD26F29,Larvae,METHR - Methow River,METTRP,Methow Smolt Trap at McFarland Creek Road Bridge,5/19/2024,2024,48.151085,-120.056584,113
3D9.1A4FD26F2A,Larvae,METHR - Methow River,METTRP,Methow Smolt Trap at McFarland Creek Road Bridge,5/16/2024,2024,48.151085,-120.056584,106
3D9.1A4FD26F2B,Larvae,METHR - Methow River,METTRP,Methow Smolt Trap at McFarland Creek Road Bridge,6/6/2024,2024,48.151085,-120.056584,129
3D9.1A4FD26F2C,Larvae,METHR - Methow River,METTRP,Methow Smolt Trap at McFarland Creek Road Bridge,5/28/2024,2024,48.151085,-120.056584,127
3D9.1A4FD26F2D,Larvae,METTRP - Methow Smolt Trap at McFarland Creek Road Bridge,METTRP,Methow Smolt Trap at McFarland Creek Road Bridge,5/25/2024,2024,48.151085,-120.056584,127
3D9.1A4FD26F2E,Larvae,METHR - Methow River,METTRP,Methow Smolt Trap at McFarland Creek Road Bridge,6/3/2024,2024,48.151085,-120.056584,126
3D9.1A4FD26F2F,Larvae,METHR - Methow River,METTRP,Methow Smolt Trap at McFarland Creek Road Bridge,5/19/2024,2024,48.151085,-120.056584,118
3D9.1A4FD26F30,Larvae,METHR - Methow River,METTRP,Methow Smolt Trap at McFarland Creek Road Bridge,5/19/2024,2024,48.151085,-120.056584,116
3D9.1A4FD26F31,Larvae,METHR - Methow River,METTRP,Methow Smolt Trap at McFarland Creek Road Bridge,5/28/2024,2024,48.151085,-120.056584,97
3D9.1A4FD26F32,Larvae,METHR - Methow River,METTRP,Methow Smolt Trap at McFarland Creek Road Bridge,5/31/2024,2024,48.151085,-120.056584,129
3D9.1A4FD26F33,Larvae,METHR - Methow River,METTRP,Methow Smolt Trap at McFarland Creek Road Bridge,6/3/2024,2024,48.151085,-120.056584,129
3D9.1A4FD26F34,Larvae,METHR - Methow River,METTRP,Methow Smolt Trap at McFarland Creek Road Bridge,5/31/2024,2024,48.151085,-120.056584,130
3D9.1A4FD26F35,Larvae,METHR - Methow River,METTRP,Methow Smolt Trap at McFarland Creek Road Bridge,6/3/2024,2024,48.151085,-120.056584,123
3D9.1A4FD26F36,Larvae,METHR - Methow River,METTRP,Methow Smolt Trap at McFarland Creek Road Bridge,5/22/2024,2024,48.151085,-120.056584,130
3D9.1A4FD26F37,Larvae,METHR - Methow River,METTRP,Methow Smolt Trap at McFarland Creek Road Bridge,5/16/2024,2024,48.151085,-120.056584,131
3D9.1A4FD26F38,Larvae,METHR - Methow River,METTRP,Methow Smolt Trap at McFarland Creek Road Bridge,5/28/2024,2024,48.151085,-120.056584,130
3D9.1A4FD26F39,Larvae,METHR - Methow River,METTRP,Methow Smolt Trap at McFarland Creek Road Bridge,5/28/2024,2024,48.151085,-120.056584,119
3D9.1A4FD26F3A,Larvae,METHR - Methow River,METTRP,Methow Smolt Trap at McFarland Creek Road Bridge,5/16/2024,2024,48.151085,-120.056584,128
3D9.1A4FD26F3B,Larvae,METHR - Methow River,METTRP,Methow Smolt Trap at McFarland Creek Road Bridge,5/22/2024,2024,48.151085,-120.056584,121
3D9.1A4FD26F3C,Larvae,METHR - Methow River,METTRP,Methow Smolt Trap at McFarland Creek Road Bridge,5/22/2024,2024,48.151085,-120.056584,138
3D9.1A4FD26F3D,Larvae,METHR - Methow River,METTRP,Methow Smolt Trap at McFarland Creek Road Bridge,5/19/2024,2024,48.151085,-120.056584,126
3D9.1A4FD26F3E,Larvae,METHR - Methow River,METTRP,Methow Smolt Trap at McFarland Creek Road Bridge,5/19/2024,2024,48.151085,-120.056584,131
3D9.1A4FD26F3F,Larvae,METHR - Methow River,METTRP,Methow Smolt Trap at McFarland Creek Road Bridge,6/3/2024,2024,48.151085,-120.056584,124
3D9.1A4FD26F40,Larvae,METHR - Methow River,METTRP,Methow Smolt Trap at McFarland Creek Road Bridge,5/22/2024,2024,48.151085,-120.056584,130
3D9.1A4FD26F41,Larvae,METHR - Methow River,METTRP,Methow Smolt Trap at McFarland Creek Road Bridge,5/19/2024,2024,48.151085,-120.056584,125
3D9.1A4FD26F42,Larvae,METHR - Methow River,METTRP,Methow Smolt Trap at McFarland Creek Road Bridge,5/22/2024,2024,48.151085,-120.056584,132
3D9.1A4FD26F43,Larvae,METHR - Methow River,METTRP,Methow Smolt Trap at McFarland Creek Road Bridge,5/31/2024,2024,48.151085,-120.056584,117
3D9.1A4FD26F44,Larvae,METHR - Methow River,METTRP,Methow Smolt Trap at McFarland Creek Road Bridge,5/19/2024,2024,48.151085,-120.056584,126
3D9.1A4FD26F45,Larvae,METTRP - Methow Smolt Trap at McFarland Creek Road Bridge,METTRP,Methow Smolt Trap at McFarland Creek Road Bridge,5/25/2024,2024,48.151085,-120.056584,90
3D9.1A4FD26F46,Larvae,METHR - Methow River,METTRP,Methow Smolt Trap at McFarland Creek Road Bridge,6/3/2024,2024,48.151085,-120.056584,127
3D9.1A4FD26F47,Larvae,METHR - Methow River,METTRP,Methow Smolt Trap at McFarland Creek Road Bridge,5/28/2024,2024,48.151085,-120.056584,122
3D9.1A4FD26F48,Larvae,METTRP - Methow Smolt Trap at McFarland Creek Road Bridge,METTRP,Methow Smolt Trap at McFarland Creek Road Bridge,5/25/2024,2024,48.151085,-120.056584,132
3D9.1A4FD26F49,Larvae,METHR - Methow River,METTRP,Methow Smolt Trap at McFarland Creek Road Bridge,5/19/2024,2024,48.151085,-120.056584,129
3D9.1A4FD26F4A,Larvae,METTRP - Methow Smolt Trap at McFarland Creek Road Bridge,METTRP,Methow Smolt Trap at McFarland Creek Road Bridge,5/25/2024,2024,48.151085,-120.056584,125
3D9.1A4FD26F4B,Larvae,METHR - Methow River,METTRP,Methow Smolt Trap at McFarland Creek Road Bridge,5/28/2024,2024,48.151085,-120.056584,126
3D9.1A4FD26F4C,Larvae,METTRP - Methow Smolt Trap at McFarland Creek Road Bridge,METTRP,Methow Smolt Trap at McFarland Creek Road Bridge,5/25/2024,2024,48.151085,-120.056584,127
3D9.1A4FD26F4D,Larvae,METHR - Methow River,METTRP,Methow Smolt Trap at McFarland Creek Road Bridge,5/19/2024,2024,48.151085,-120.056584,127
3D9.1A4FD26F4E,Larvae,METHR - Methow River,METTRP,Methow Smolt Trap at McFarland Creek Road Bridge,5/22/2024,2024,48.151085,-120.056584,130
3D9.1A4FD26F4F,Larvae,METHR - Methow River,METTRP,Methow Smolt Trap at McFarland Creek Road Bridge,5/28/2024,2024,48.151085,-120.056584,130
3D9.1A4FD26F50,Larvae,METHR - Methow River,METTRP,Methow Smolt Trap at McFarland Creek Road Bridge,5/16/2024,2024,48.151085,-120.056584,101
3D9.1A4FD26F51,Larvae,METHR - Methow River,METTRP,Methow Smolt Trap at McFarland Creek Road Bridge,6/18/2024,2024,48.151085,-120.056584,127
3D9.1A4FD26F52,Larvae,METHR - Methow River,METTRP,Methow Smolt Trap at McFarland Creek Road Bridge,6/10/2024,2024,48.151085,-120.056584,133
3D9.1A4FD26F53,Larvae,METHR - Methow River,METTRP,Methow Smolt Trap at McFarland Creek Road Bridge,6/10/2024,2024,48.151085,-120.056584,124
3D9.1A4FD26F54,Macropthalmia (eyed juvenile),METTRP - Methow Smolt Trap at McFarland Creek Road Bridge,METTRP,Methow Smolt Trap at McFarland Creek Road Bridge,3/30/2025,2025,48.151085,-120.056584,127
3D9.1A4FD26F55,Larvae,METTRP - Methow Smolt Trap at McFarland Creek Road Bridge,METTRP,Methow Smolt Trap at McFarland Creek Road Bridge,4/2/2025,2025,48.151085,-120.056584,130
3D9.1A4FD26F56,Larvae,METHR - Methow River,METTRP,Methow Smolt Trap at McFarland Creek Road Bridge,6/10/2024,2024,48.151085,-120.056584,138
3D9.1A4FD26F57,Macropthalmia (eyed juvenile),METTRP - Methow Smolt Trap at McFarland Creek Road Bridge,METTRP,Methow Smolt Trap at McFarland Creek Road Bridge,4/9/2025,2025,48.151085,-120.056584,121
3D9.1A4FD26F58,Larvae,METTRP - Methow Smolt Trap at McFarland Creek Road Bridge,METTRP,Methow Smolt Trap at McFarland Creek Road Bridge,3/30/2025,2025,48.151085,-120.056584,123
3D9.1A4FD26F59,Macropthalmia (eyed juvenile),METTRP - Methow Smolt Trap at McFarland Creek Road Bridge,METTRP,Methow Smolt Trap at McFarland Creek Road Bridge,4/9/2025,2025,48.151085,-120.056584,132
3D9.1A4FD26F5A,Larvae,METHR - Methow River,METTRP,Methow Smolt Trap at McFarland Creek Road Bridge,6/10/2024,2024,48.151085,-120.056584,126
3D9.1A4FD26F5B,Larvae,METHR - Methow River,METTRP,Methow Smolt Trap at McFarland Creek Road Bridge,6/10/2024,2024,48.151085,-120.056584,120
3D9.1A4FD26F5C,Larvae,METHR - Methow River,METTRP,Methow Smolt Trap at McFarland Creek Road Bridge,6/13/2024,2024,48.151085,-120.056584,125
3D9.1A4FD26F5D,Larvae,METTRP - Methow Smolt Trap at McFarland Creek Road Bridge,METTRP,Methow Smolt Trap at McFarland Creek Road Bridge,3/31/2025,2025,48.151085,-120.056584,130
3D9.1A4FD26F5E,Larvae,METTRP - Methow Smolt Trap at McFarland Creek Road Bridge,METTRP,Methow Smolt Trap at McFarland Creek Road Bridge,3/30/2025,2025,48.151085,-120.056584,130
3D9.1A4FD26F5F,Larvae,METHR - Methow River,METTRP,Methow Smolt Trap at McFarland Creek Road Bridge,6/6/2024,2024,48.151085,-120.056584,131
3D9.1A4FD26F60,Larvae,METHR - Methow River,METTRP,Methow Smolt Trap at McFarland Creek Road Bridge,6/10/2024,2024,48.151085,-120.056584,127
3D9.1A4FD26F61,Larvae,METHR - Methow River,METTRP,Methow Smolt Trap at McFarland Creek Road Bridge,6/13/2024,2024,48.151085,-120.056584,129
3D9.1A4FD26F62,Larvae,METTRP - Methow Smolt Trap at McFarland Creek Road Bridge,METTRP,Methow Smolt Trap at McFarland Creek Road Bridge,11/12/2024,2024,48.151085,-120.056584,93
3D9.1A4FD26F63,Larvae,METHR - Methow River,METTRP,Methow Smolt Trap at McFarland Creek Road Bridge,6/18/2024,2024,48.151085,-120.056584,134
3D9.1A4FD26F64,Larvae,METHR - Methow River,METTRP,Methow Smolt Trap at McFarland Creek Road Bridge,6/13/2024,2024,48.151085,-120.056584,115
3D9.1A4FD26F65,Larvae,METHR - Methow River,METTRP,Methow Smolt Trap at McFarland Creek Road Bridge,6/18/2024,2024,48.151085,-120.056584,125
3D9.1A4FD26F66,Larvae,METTRP - Methow Smolt Trap at McFarland Creek Road Bridge,METTRP,Methow Smolt Trap at McFarland Creek Road Bridge,3/31/2025,2025,48.151085,-120.056584,137
3D9.1A4FD26F67,Macropthalmia (eyed juvenile),METTRP - Methow Smolt Trap at McFarland Creek Road Bridge,METTRP,Methow Smolt Trap at McFarland Creek Road Bridge,4/9/2025,2025,48.151085,-120.056584,137
3D9.1A4FD26F68,Larvae,METHR - Methow River,METTRP,Methow Smolt Trap at McFarland Creek Road Bridge,6/10/2024,2024,48.151085,-120.056584,124
3D9.1A4FD26F69,Larvae,METHR - Methow River,METTRP,Methow Smolt Trap at McFarland Creek Road Bridge,6/10/2024,2024,48.151085,-120.056584,91
3D9.1A4FD26F6A,Larvae,METTRP - Methow Smolt Trap at McFarland Creek Road Bridge,METTRP,Methow Smolt Trap at McFarland Creek Road Bridge,3/30/2025,2025,48.151085,-120.056584,130
3D9.1A4FD26F6B,Larvae,METHR - Methow River,METTRP,Methow Smolt Trap at McFarland Creek Road Bridge,6/18/2024,2024,48.151085,-120.056584,129
3D9.1A4FD26F6C,Larvae,METHR - Methow River,METTRP,Methow Smolt Trap at McFarland Creek Road Bridge,6/13/2024,2024,48.151085,-120.056584,142
3D9.1A4FD26F6D,Larvae,METHR - Methow River,METTRP,Methow Smolt Trap at McFarland Creek Road Bridge,6/10/2024,2024,48.151085,-120.056584,125
3D9.1A4FD26F6F,Larvae,METHR - Methow River,METTRP,Methow Smolt Trap at McFarland Creek Road Bridge,6/6/2024,2024,48.151085,-120.056584,124
3D9.1A4FD26F70,Larvae,METHR - Methow River,METTRP,Methow Smolt Trap at McFarland Creek Road Bridge,6/10/2024,2024,48.151085,-120.056584,127
3D9.1A4FD26F71,Larvae,METTRP - Methow Smolt Trap at McFarland Creek Road Bridge,METTRP,Methow Smolt Trap at McFarland Creek Road Bridge,3/25/2025,2025,48.151085,-120.056584,122
3D9.1A4FD26F72,Larvae,METHR - Methow River,METTRP,Methow Smolt Trap at McFarland Creek Road Bridge,6/13/2024,2024,48.151085,-120.056584,127
3D9.1A4FD26F73,Larvae,METHR - Methow River,METTRP,Methow Smolt Trap at McFarland Creek Road Bridge,6/18/2024,2024,48.151085,-120.056584,124
3D9.1A4FD26F74,Larvae,METHR - Methow River,METTRP,Methow Smolt Trap at McFarland Creek Road Bridge,6/10/2024,2024,48.151085,-120.056584,131
3D9.1A4FD26F75,Larvae,METHR - Methow River,METTRP,Methow Smolt Trap at McFarland Creek Road Bridge,6/10/2024,2024,48.151085,-120.056584,129
3D9.1A4FD26F76,Larvae,METHR - Methow River,METTRP,Methow Smolt Trap at McFarland Creek Road Bridge,6/18/2024,2024,48.151085,-120.056584,126
3D9.1A4FD26F77,Larvae,METHR - Methow River,METTRP,Methow Smolt Trap at McFarland Creek Road Bridge,6/13/2024,2024,48.151085,-120.056584,134
3D9.1A4FD26F78,Larvae,METHR - Methow River,METTRP,Methow Smolt Trap at McFarland Creek Road Bridge,6/18/2024,2024,48.151085,-120.056584,135
3D9.1A4FD26F79,Larvae,METTRP - Methow Smolt Trap at McFarland Creek Road Bridge,METTRP,Methow Smolt Trap at McFarland Creek Road Bridge,3/31/2025,2025,48.151085,-120.056584,125
3D9.1A4FD26F7A,Larvae,METTRP - Methow Smolt Trap at McFarland Creek Road Bridge,METTRP,Methow Smolt Trap at McFarland Creek Road Bridge,4/2/2025,2025,48.151085,-120.056584,125
3D9.1A4FD26F7B,Larvae,METHR - Methow River,METTRP,Methow Smolt Trap at McFarland Creek Road Bridge,6/6/2024,2024,48.151085,-120.056584,127
3D9.1A4FD26F7C,Macropthalmia (eyed juvenile),METTRP - Methow Smolt Trap at McFarland Creek Road Bridge,METTRP,Methow Smolt Trap at McFarland Creek Road Bridge,3/30/2025,2025,48.151085,-120.056584,127
3D9.1A4FD26F7D,Larvae,METTRP - Methow Smolt Trap at McFarland Creek Road Bridge,METTRP,Methow Smolt Trap at McFarland Creek Road Bridge,3/30/2025,2025,48.151085,-120.056584,114
3D9.1A4FD26F7E,Larvae,METHR - Methow River,METTRP,Methow Smolt Trap at McFarland Creek Road Bridge,6/6/2024,2024,48.151085,-120.056584,126
3D9.1A4FD26F7F,Larvae,METHR - Methow River,METTRP,Methow Smolt Trap at McFarland Creek Road Bridge,6/18/2024,2024,48.151085,-120.056584,131
3D9.1A4FD26F80,Larvae,METHR - Methow River,METTRP,Methow Smolt Trap at McFarland Creek Road Bridge,6/13/2024,2024,48.151085,-120.056584,144
3D9.1A4FD26F81,Larvae,METHR - Methow River,METTRP,Methow Smolt Trap at McFarland Creek Road Bridge,6/6/2024,2024,48.151085,-120.056584,111
3D9.1A4FD26F82,Larvae,METHR - Methow River,METTRP,Methow Smolt Trap at McFarland Creek Road Bridge,6/10/2024,2024,48.151085,-120.056584,119
3D9.1A4FD26F83,Larvae,METHR - Methow River,METTRP,Methow Smolt Trap at McFarland Creek Road Bridge,6/6/2024,2024,48.151085,-120.056584,119
3D9.1A4FD26F84,Larvae,METTRP - Methow Smolt Trap at McFarland Creek Road Bridge,METTRP,Methow Smolt Trap at McFarland Creek Road Bridge,3/30/2025,2025,48.151085,-120.056584,130
3D9.1A4FD26F85,Larvae,METHR - Methow River,METTRP,Methow Smolt Trap at McFarland Creek Road Bridge,6/18/2024,2024,48.151085,-120.056584,128
3D9.1A4FD26F86,Larvae,METTRP - Methow Smolt Trap at McFarland Creek Road Bridge,METTRP,Methow Smolt Trap at McFarland Creek Road Bridge,3/31/2025,2025,48.151085,-120.056584,134
3D9.1A4FD26F87,Larvae,METTRP - Methow Smolt Trap at McFarland Creek Road Bridge,METTRP,Methow Smolt Trap at McFarland Creek Road Bridge,4/4/2025,2025,48.151085,-120.056584,107
3D9.1A4FD26F88,Unknown,METTRP - Methow Smolt Trap at McFarland Creek Road Bridge,METTRP,Methow Smolt Trap at McFarland Creek Road Bridge,6/13/2024,2024,48.151085,-120.056584,480
3D9.1A4FD26F89,Larvae,METHR - Methow River,METTRP,Methow Smolt Trap at McFarland Creek Road Bridge,6/10/2024,2024,48.151085,-120.056584,120
3D9.1A4FD26F8A,Larvae,METHR - Methow River,METTRP,Methow Smolt Trap at McFarland Creek Road Bridge,6/18/2024,2024,48.151085,-120.056584,127
3D9.1A4FD26F8B,Larvae,METHR - Methow River,METTRP,Methow Smolt Trap at McFarland Creek Road Bridge,6/10/2024,2024,48.151085,-120.056584,135
3D9.1A4FD26F8C,Larvae,METHR - Methow River,METTRP,Methow Smolt Trap at McFarland Creek Road Bridge,6/10/2024,2024,48.151085,-120.056584,129
3D9.1A4FD26F8D,Macropthalmia (eyed juvenile),METTRP - Methow Smolt Trap at McFarland Creek Road Bridge,METTRP,Methow Smolt Trap at McFarland Creek Road Bridge,4/10/2025,2025,48.151085,-120.056584,132
3D9.1A4FD26F8E,Larvae,METTRP - Methow Smolt Trap at McFarland Creek Road Bridge,METTRP,Methow Smolt Trap at McFarland Creek Road Bridge,3/31/2025,2025,48.151085,-120.056584,124
3D9.1A4FD26F8F,Larvae,METHR - Methow River,METTRP,Methow Smolt Trap at McFarland Creek Road Bridge,6/10/2024,2024,48.151085,-120.056584,127
3D9.1A4FD26F90,Macropthalmia (eyed juvenile),METTRP - Methow Smolt Trap at McFarland Creek Road Bridge,METTRP,Methow Smolt Trap at McFarland Creek Road Bridge,4/9/2025,2025,48.151085,-120.056584,124
3D9.1A4FD26F91,Larvae,METHR - Methow River,METTRP,Methow Smolt Trap at McFarland Creek Road Bridge,6/18/2024,2024,48.151085,-120.056584,91
3D9.1A4FD26F92,Larvae,METHR - Methow River,METTRP,Methow Smolt Trap at McFarland Creek Road Bridge,6/13/2024,2024,48.151085,-120.056584,94
3D9.1A4FD26F93,Macropthalmia (eyed juvenile),METTRP - Methow Smolt Trap at McFarland Creek Road Bridge,METTRP,Methow Smolt Trap at McFarland Creek Road Bridge,10/7/2024,2024,48.151085,-120.056584,123
3D9.1A4FD26F94,Larvae,METHR - Methow River,METTRP,Methow Smolt Trap at McFarland Creek Road Bridge,6/10/2024,2024,48.151085,-120.056584,119
3D9.1A4FD26F95,Larvae,METTRP - Methow Smolt Trap at McFarland Creek Road Bridge,METTRP,Methow Smolt Trap at McFarland Creek Road Bridge,4/4/2025,2025,48.151085,-120.056584,123
3D9.1A4FD26F97,Larvae,METHR - Methow River,METTRP,Methow Smolt Trap at McFarland Creek Road Bridge,6/18/2024,2024,48.151085,-120.056584,135
3D9.1A4FD26F98,Larvae,METHR - Methow River,METTRP,Methow Smolt Trap at McFarland Creek Road Bridge,6/10/2024,2024,48.151085,-120.056584,102
3D9.1A4FD26F99,Larvae,METHR - Methow River,METTRP,Methow Smolt Trap at McFarland Creek Road Bridge,6/13/2024,2024,48.151085,-120.056584,101
3D9.1A4FD26F9A,Larvae,METHR - Methow River,METTRP,Methow Smolt Trap at McFarland Creek Road Bridge,6/18/2024,2024,48.151085,-120.056584,99
3D9.1A4FD26F9B,Larvae,METHR - Methow River,METTRP,Methow Smolt Trap at McFarland Creek Road Bridge,6/18/2024,2024,48.151085,-120.056584,111
3D9.1A4FD26F9C,Larvae,METHR - Methow River,METTRP,Methow Smolt Trap at McFarland Creek Road Bridge,6/13/2024,2024,48.151085,-120.056584,121
3D9.1A4FD26F9D,Larvae,METHR - Methow River,METTRP,Methow Smolt Trap at McFarland Creek Road Bridge,6/10/2024,2024,48.151085,-120.056584,135
3D9.1A4FD26F9E,Larvae,METHR - Methow River,METTRP,Methow Smolt Trap at McFarland Creek Road Bridge,6/18/2024,2024,48.151085,-120.056584,112
3D9.1A4FD26F9F,Larvae,METHR - Methow River,METTRP,Methow Smolt Trap at McFarland Creek Road Bridge,6/6/2024,2024,48.151085,-120.056584,114
3D9.1A4FD26FA0,Larvae,METHR - Methow River,METTRP,Methow Smolt Trap at McFarland Creek Road Bridge,6/10/2024,2024,48.151085,-120.056584,135
3D9.1A4FD26FA1,Larvae,METHR - Methow River,METTRP,Methow Smolt Trap at McFarland Creek Road Bridge,6/10/2024,2024,48.151085,-120.056584,98
3D9.1A4FD26FA2,Macropthalmia (eyed juvenile),METTRP - Methow Smolt Trap at McFarland Creek Road Bridge,METTRP,Methow Smolt Trap at McFarland Creek Road Bridge,4/9/2025,2025,48.151085,-120.056584,137
3D9.1A4FD26FA3,Larvae,METHR - Methow River,METTRP,Methow Smolt Trap at McFarland Creek Road Bridge,6/10/2024,2024,48.151085,-120.056584,140
3D9.1A4FD26FA4,Larvae,METHR - Methow River,METTRP,Methow Smolt Trap at McFarland Creek Road Bridge,6/10/2024,2024,48.151085,-120.056584,121
3D9.1A4FD26FA5,Larvae,METHR - Methow River,METTRP,Methow Smolt Trap at McFarland Creek Road Bridge,6/10/2024,2024,48.151085,-120.056584,117
3D9.1A4FD26FA6,Larvae,METHR - Methow River,METTRP,Methow Smolt Trap at McFarland Creek Road Bridge,6/10/2024,2024,48.151085,-120.056584,134
3D9.1A4FD26FA7,Larvae,METHR - Methow River,METTRP,Methow Smolt Trap at McFarland Creek Road Bridge,6/10/2024,2024,48.151085,-120.056584,134
3D9.1A4FD26FA8,Larvae,METTRP - Methow Smolt Trap at McFarland Creek Road Bridge,METTRP,Methow Smolt Trap at McFarland Creek Road Bridge,3/15/2025,2025,48.151085,-120.056584,122
3D9.1A4FD26FA9,Larvae,METHR - Methow River,METTRP,Methow Smolt Trap at McFarland Creek Road Bridge,11/15/2024,2024,48.151085,-120.056584,119
3D9.1A4FD26FAA,Larvae,METHR - Methow River,METTRP,Methow Smolt Trap at McFarland Creek Road Bridge,6/18/2024,2024,48.151085,-120.056584,120
3D9.1A4FD26FAB,Macropthalmia (eyed juvenile),METTRP - Methow Smolt Trap at McFarland Creek Road Bridge,METTRP,Methow Smolt Trap at McFarland Creek Road Bridge,4/9/2025,2025,48.151085,-120.056584,135
3D9.1A4FD26FAD,Larvae,METHR - Methow River,METTRP,Methow Smolt Trap at McFarland Creek Road Bridge,6/18/2024,2024,48.151085,-120.056584,134
3D9.1A4FD26FAE,Larvae,METHR - Methow River,METTRP,Methow Smolt Trap at McFarland Creek Road Bridge,6/10/2024,2024,48.151085,-120.056584,131
3D9.1A4FD26FAF,Larvae,METHR - Methow River,METTRP,Methow Smolt Trap at McFarland Creek Road Bridge,6/18/2024,2024,48.151085,-120.056584,95
3D9.1A4FD26FB0,Larvae,METHR - Methow River,METTRP,Methow Smolt Trap at McFarland Creek Road Bridge,6/6/2024,2024,48.151085,-120.056584,118
3D9.1A4FD26FB1,Larvae,METHR - Methow River,METTRP,Methow Smolt Trap at McFarland Creek Road Bridge,6/10/2024,2024,48.151085,-120.056584,124
3D9.1A4FD26FB2,Larvae,METHR - Methow River,METTRP,Methow Smolt Trap at McFarland Creek Road Bridge,6/10/2024,2024,48.151085,-120.056584,108
3D9.1A4FD26FB3,Larvae,METHR - Methow River,METTRP,Methow Smolt Trap at McFarland Creek Road Bridge,6/18/2024,2024,48.151085,-120.056584,127
3D9.1A4FD26FB4,Larvae,METHR - Methow River,METTRP,Methow Smolt Trap at McFarland Creek Road Bridge,6/10/2024,2024,48.151085,-120.056584,135
3D9.1A4FD29F5E,Larvae,METTRP - Methow Smolt Trap at McFarland Creek Road Bridge,METTRP,Methow Smolt Trap at McFarland Creek Road Bridge,4/23/2025,2025,48.151085,-120.056584,131
3D9.1A4FD29F5F,Larvae,METTRP - Methow Smolt Trap at McFarland Creek Road Bridge,METTRP,Methow Smolt Trap at McFarland Creek Road Bridge,4/23/2025,2025,48.151085,-120.056584,126
3D9.1A4FD29F60,Larvae,METTRP - Methow Smolt Trap at McFarland Creek Road Bridge,METTRP,Methow Smolt Trap at McFarland Creek Road Bridge,4/23/2025,2025,48.151085,-120.056584,104
3D9.1A4FD29F61,Macropthalmia (eyed juvenile),METTRP - Methow Smolt Trap at McFarland Creek Road Bridge,METTRP,Methow Smolt Trap at McFarland Creek Road Bridge,4/20/2025,2025,48.151085,-120.056584,157
3D9.1A4FD29F62,Macropthalmia (eyed juvenile),METTRP - Methow Smolt Trap at McFarland Creek Road Bridge,METTRP,Methow Smolt Trap at McFarland Creek Road Bridge,4/20/2025,2025,48.151085,-120.056584,135
3D9.1A4FD29F64,Larvae,METTRP - Methow Smolt Trap at McFarland Creek Road Bridge,METTRP,Methow Smolt Trap at McFarland Creek Road Bridge,4/25/2025,2025,48.151085,-120.056584,121
3D9.1A4FD29F65,Larvae,METTRP - Methow Smolt Trap at McFarland Creek Road Bridge,METTRP,Methow Smolt Trap at McFarland Creek Road Bridge,4/23/2025,2025,48.151085,-120.056584,110
3D9.1A4FD29F66,Macropthalmia (eyed juvenile),METTRP - Methow Smolt Trap at McFarland Creek Road Bridge,METTRP,Methow Smolt Trap at McFarland Creek Road Bridge,4/22/2025,2025,48.151085,-120.056584,130
3D9.1A4FD29F67,Macropthalmia (eyed juvenile),METTRP - Methow Smolt Trap at McFarland Creek Road Bridge,METTRP,Methow Smolt Trap at McFarland Creek Road Bridge,4/20/2025,2025,48.151085,-120.056584,143
3D9.1A4FD29F68,Macropthalmia (eyed juvenile),METTRP - Methow Smolt Trap at McFarland Creek Road Bridge,METTRP,Methow Smolt Trap at McFarland Creek Road Bridge,4/16/2025,2025,48.151085,-120.056584,120
3D9.1A4FD29F69,Larvae,METTRP - Methow Smolt Trap at McFarland Creek Road Bridge,METTRP,Methow Smolt Trap at McFarland Creek Road Bridge,4/23/2025,2025,48.151085,-120.056584,119
3D9.1A4FD29F6A,Macropthalmia (eyed juvenile),METTRP - Methow Smolt Trap at McFarland Creek Road Bridge,METTRP,Methow Smolt Trap at McFarland Creek Road Bridge,4/20/2025,2025,48.151085,-120.056584,174
3D9.1A4FD29F6B,Larvae,METTRP - Methow Smolt Trap at McFarland Creek Road Bridge,METTRP,Methow Smolt Trap at McFarland Creek Road Bridge,4/23/2025,2025,48.151085,-120.056584,130
3D9.1A4FD29F6C,Macropthalmia (eyed juvenile),METTRP - Methow Smolt Trap at McFarland Creek Road Bridge,METTRP,Methow Smolt Trap at McFarland Creek Road Bridge,4/22/2025,2025,48.151085,-120.056584,126
3D9.1A4FD29F6D,Macropthalmia (eyed juvenile),METTRP - Methow Smolt Trap at McFarland Creek Road Bridge,METTRP,Methow Smolt Trap at McFarland Creek Road Bridge,4/15/2025,2025,48.151085,-120.056584,123
3D9.1A4FD29F6E,Larvae,METTRP - Methow Smolt Trap at McFarland Creek Road Bridge,METTRP,Methow Smolt Trap at McFarland Creek Road Bridge,4/10/2025,2025,48.151085,-120.056584,115
3D9.1A4FD29F6F,Larvae,METTRP - Methow Smolt Trap at McFarland Creek Road Bridge,METTRP,Methow Smolt Trap at McFarland Creek Road Bridge,4/23/2025,2025,48.151085,-120.056584,114
3D9.1A4FD29F70,Larvae,METTRP - Methow Smolt Trap at McFarland Creek Road Bridge,METTRP,Methow Smolt Trap at McFarland Creek Road Bridge,4/23/2025,2025,48.151085,-120.056584,90
3D9.1A4FD29F71,Larvae,METTRP - Methow Smolt Trap at McFarland Creek Road Bridge,METTRP,Methow Smolt Trap at McFarland Creek Road Bridge,4/23/2025,2025,48.151085,-120.056584,126
3D9.1A4FD29F72,Macropthalmia (eyed juvenile),METTRP - Methow Smolt Trap at McFarland Creek Road Bridge,METTRP,Methow Smolt Trap at McFarland Creek Road Bridge,4/20/2025,2025,48.151085,-120.056584,138
3D9.1A4FD29F73,Macropthalmia (eyed juvenile),METTRP - Methow Smolt Trap at McFarland Creek Road Bridge,METTRP,Methow Smolt Trap at McFarland Creek Road Bridge,4/23/2025,2025,48.151085,-120.056584,129
3D9.1A4FD29F74,Larvae,METTRP - Methow Smolt Trap at McFarland Creek Road Bridge,METTRP,Methow Smolt Trap at McFarland Creek Road Bridge,4/23/2025,2025,48.151085,-120.056584,103
3D9.1A4FD29F75,Larvae,METTRP - Methow Smolt Trap at McFarland Creek Road Bridge,METTRP,Methow Smolt Trap at McFarland Creek Road Bridge,4/23/2025,2025,48.151085,-120.056584,131
3D9.1A4FD29F76,Macropthalmia (eyed juvenile),METTRP - Methow Smolt Trap at McFarland Creek Road Bridge,METTRP,Methow Smolt Trap at McFarland Creek Road Bridge,4/20/2025,2025,48.151085,-120.056584,127
3D9.1A4FD29F77,Larvae,METTRP - Methow Smolt Trap at McFarland Creek Road Bridge,METTRP,Methow Smolt Trap at McFarland Creek Road Bridge,4/23/2025,2025,48.151085,-120.056584,130
3D9.1A4FD29F78,Larvae,METTRP - Methow Smolt Trap at McFarland Creek Road Bridge,METTRP,Methow Smolt Trap at McFarland Creek Road Bridge,4/23/2025,2025,48.151085,-120.056584,104
3D9.1A4FD29F79,Larvae,METTRP - Methow Smolt Trap at McFarland Creek Road Bridge,METTRP,Methow Smolt Trap at McFarland Creek Road Bridge,4/23/2025,2025,48.151085,-120.056584,129
3D9.1A4FD29F7A,Macropthalmia (eyed juvenile),METTRP - Methow Smolt Trap at McFarland Creek Road Bridge,METTRP,Methow Smolt Trap at McFarland Creek Road Bridge,4/19/2025,2025,48.151085,-120.056584,135
3D9.1A4FD29F7B,Larvae,METTRP - Methow Smolt Trap at McFarland Creek Road Bridge,METTRP,Methow Smolt Trap at McFarland Creek Road Bridge,4/23/2025,2025,48.151085,-120.056584,106
3D9.1A4FD29F7C,Larvae,METTRP - Methow Smolt Trap at McFarland Creek Road Bridge,METTRP,Methow Smolt Trap at McFarland Creek Road Bridge,4/24/2025,2025,48.151085,-120.056584,115
3D9.1A4FD29F7D,Larvae,METTRP - Methow Smolt Trap at McFarland Creek Road Bridge,METTRP,Methow Smolt Trap at McFarland Creek Road Bridge,4/23/2025,2025,48.151085,-120.056584,124
3D9.1A4FD29F7E,Macropthalmia (eyed juvenile),METTRP - Methow Smolt Trap at McFarland Creek Road Bridge,METTRP,Methow Smolt Trap at McFarland Creek Road Bridge,4/20/2025,2025,48.151085,-120.056584,139
3D9.1A4FD29F7F,Macropthalmia (eyed juvenile),METTRP - Methow Smolt Trap at McFarland Creek Road Bridge,METTRP,Methow Smolt Trap at McFarland Creek Road Bridge,4/19/2025,2025,48.151085,-120.056584,136
3D9.1A4FD29F80,Macropthalmia (eyed juvenile),METTRP - Methow Smolt Trap at McFarland Creek Road Bridge,METTRP,Methow Smolt Trap at McFarland Creek Road Bridge,4/22/2025,2025,48.151085,-120.056584,127
3D9.1A4FD29F81,Larvae,METTRP - Methow Smolt Trap at McFarland Creek Road Bridge,METTRP,Methow Smolt Trap at McFarland Creek Road Bridge,4/23/2025,2025,48.151085,-120.056584,111
3D9.1A4FD29F82,Macropthalmia (eyed juvenile),METTRP - Methow Smolt Trap at McFarland Creek Road Bridge,METTRP,Methow Smolt Trap at McFarland Creek Road Bridge,4/19/2025,2025,48.151085,-120.056584,127
3D9.1A4FD29F83,Macropthalmia (eyed juvenile),METTRP - Methow Smolt Trap at McFarland Creek Road Bridge,METTRP,Methow Smolt Trap at McFarland Creek Road Bridge,4/22/2025,2025,48.151085,-120.056584,130
3D9.1A4FD29F84,Larvae,METTRP - Methow Smolt Trap at McFarland Creek Road Bridge,METTRP,Methow Smolt Trap at McFarland Creek Road Bridge,4/24/2025,2025,48.151085,-120.056584,127
3D9.1A4FD29F85,Larvae,METTRP - Methow Smolt Trap at McFarland Creek Road Bridge,METTRP,Methow Smolt Trap at McFarland Creek Road Bridge,4/23/2025,2025,48.151085,-120.056584,99
3D9.1A4FD29F86,Larvae,METTRP - Methow Smolt Trap at McFarland Creek Road Bridge,METTRP,Methow Smolt Trap at McFarland Creek Road Bridge,4/23/2025,2025,48.151085,-120.056584,88
3D9.1A4FD29F87,Larvae,METTRP - Methow Smolt Trap at McFarland Creek Road Bridge,METTRP,Methow Smolt Trap at McFarland Creek Road Bridge,4/23/2025,2025,48.151085,-120.056584,118
3D9.1A4FD29F88,Macropthalmia (eyed juvenile),METTRP - Methow Smolt Trap at McFarland Creek Road Bridge,METTRP,Methow Smolt Trap at McFarland Creek Road Bridge,4/22/2025,2025,48.151085,-120.056584,131
3D9.1A4FD29F89,Macropthalmia (eyed juvenile),METTRP - Methow Smolt Trap at McFarland Creek Road Bridge,METTRP,Methow Smolt Trap at McFarland Creek Road Bridge,4/12/2025,2025,48.151085,-120.056584,141
3D9.1A4FD29F8A,Larvae,METTRP - Methow Smolt Trap at McFarland Creek Road Bridge,METTRP,Methow Smolt Trap at McFarland Creek Road Bridge,4/23/2025,2025,48.151085,-120.056584,112
3D9.1A4FD29F8B,Larvae,METTRP - Methow Smolt Trap at McFarland Creek Road Bridge,METTRP,Methow Smolt Trap at McFarland Creek Road Bridge,4/24/2025,2025,48.151085,-120.056584,127
3D9.1A4FD29F8C,Larvae,METTRP - Methow Smolt Trap at McFarland Creek Road Bridge,METTRP,Methow Smolt Trap at McFarland Creek Road Bridge,4/10/2025,2025,48.151085,-120.056584,120
3D9.1A4FD29F8D,Larvae,METTRP - Methow Smolt Trap at McFarland Creek Road Bridge,METTRP,Methow Smolt Trap at McFarland Creek Road Bridge,4/23/2025,2025,48.151085,-120.056584,125
3D9.1A4FD29F8E,Larvae,METTRP - Methow Smolt Trap at McFarland Creek Road Bridge,METTRP,Methow Smolt Trap at McFarland Creek Road Bridge,4/23/2025,2025,48.151085,-120.056584,116
3D9.1A4FD29F8F,Larvae,METTRP - Methow Smolt Trap at McFarland Creek Road Bridge,METTRP,Methow Smolt Trap at McFarland Creek Road Bridge,4/23/2025,2025,48.151085,-120.056584,100
3D9.1A4FD29F90,Macropthalmia (eyed juvenile),METTRP - Methow Smolt Trap at McFarland Creek Road Bridge,METTRP,Methow Smolt Trap at McFarland Creek Road Bridge,4/19/2025,2025,48.151085,-120.056584,150
3D9.1A4FD29F91,Larvae,METTRP - Methow Smolt Trap at McFarland Creek Road Bridge,METTRP,Methow Smolt Trap at McFarland Creek Road Bridge,4/23/2025,2025,48.151085,-120.056584,108
3D9.1A4FD29F92,Macropthalmia (eyed juvenile),METTRP - Methow Smolt Trap at McFarland Creek Road Bridge,METTRP,Methow Smolt Trap at McFarland Creek Road Bridge,4/16/2025,2025,48.151085,-120.056584,128
3D9.1A4FD29F93,Larvae,METTRP - Methow Smolt Trap at McFarland Creek Road Bridge,METTRP,Methow Smolt Trap at McFarland Creek Road Bridge,4/23/2025,2025,48.151085,-120.056584,130
3D9.1A4FD29F94,Macropthalmia (eyed juvenile),METTRP - Methow Smolt Trap at McFarland Creek Road Bridge,METTRP,Methow Smolt Trap at McFarland Creek Road Bridge,4/22/2025,2025,48.151085,-120.056584,129
3D9.1A4FD29F95,Larvae,METTRP - Methow Smolt Trap at McFarland Creek Road Bridge,METTRP,Methow Smolt Trap at McFarland Creek Road Bridge,4/23/2025,2025,48.151085,-120.056584,122
3D9.1A4FD29F96,Larvae,METTRP - Methow Smolt Trap at McFarland Creek Road Bridge,METTRP,Methow Smolt Trap at McFarland Creek Road Bridge,4/23/2025,2025,48.151085,-120.056584,127
3D9.1A4FD29F97,Larvae,METTRP - Methow Smolt Trap at McFarland Creek Road Bridge,METTRP,Methow Smolt Trap at McFarland Creek Road Bridge,4/23/2025,2025,48.151085,-120.056584,101
3D9.1A4FD29F98,Macropthalmia (eyed juvenile),METTRP - Methow Smolt Trap at McFarland Creek Road Bridge,METTRP,Methow Smolt Trap at McFarland Creek Road Bridge,4/22/2025,2025,48.151085,-120.056584,130
3D9.1A4FD29F99,Macropthalmia (eyed juvenile),METTRP - Methow Smolt Trap at McFarland Creek Road Bridge,METTRP,Methow Smolt Trap at McFarland Creek Road Bridge,4/19/2025,2025,48.151085,-120.056584,133
3D9.1A4FD29F9A,Larvae,METTRP - Methow Smolt Trap at McFarland Creek Road Bridge,METTRP,Methow Smolt Trap at McFarland Creek Road Bridge,4/23/2025,2025,48.151085,-120.056584,113
3D9.1A4FD29F9B,Larvae,METTRP - Methow Smolt Trap at McFarland Creek Road Bridge,METTRP,Methow Smolt Trap at McFarland Creek Road Bridge,4/23/2025,2025,48.151085,-120.056584,122
3D9.1A4FD29F9C,Larvae,METTRP - Methow Smolt Trap at McFarland Creek Road Bridge,METTRP,Methow Smolt Trap at McFarland Creek Road Bridge,4/25/2025,2025,48.151085,-120.056584,113
3D9.1A4FD29F9D,Macropthalmia (eyed juvenile),METTRP - Methow Smolt Trap at McFarland Creek Road Bridge,METTRP,Methow Smolt Trap at McFarland Creek Road Bridge,4/22/2025,2025,48.151085,-120.056584,125
3D9.1A4FD29F9E,Larvae,METTRP - Methow Smolt Trap at McFarland Creek Road Bridge,METTRP,Methow Smolt Trap at McFarland Creek Road Bridge,4/23/2025,2025,48.151085,-120.056584,96
3D9.1A4FD29F9F,Larvae,METTRP - Methow Smolt Trap at McFarland Creek Road Bridge,METTRP,Methow Smolt Trap at McFarland Creek Road Bridge,4/23/2025,2025,48.151085,-120.056584,110
3D9.1A4FD29FA0,Larvae,METTRP - Methow Smolt Trap at McFarland Creek Road Bridge,METTRP,Methow Smolt Trap at McFarland Creek Road Bridge,4/23/2025,2025,48.151085,-120.056584,130
3D9.1A4FD29FA1,Larvae,METTRP - Methow Smolt Trap at McFarland Creek Road Bridge,METTRP,Methow Smolt Trap at McFarland Creek Road Bridge,4/25/2025,2025,48.151085,-120.056584,121
3D9.1A4FD29FA2,Larvae,METTRP - Methow Smolt Trap at McFarland Creek Road Bridge,METTRP,Methow Smolt Trap at McFarland Creek Road Bridge,4/25/2025,2025,48.151085,-120.056584,130
3D9.1A4FD29FA3,Macropthalmia (eyed juvenile),METTRP - Methow Smolt Trap at McFarland Creek Road Bridge,METTRP,Methow Smolt Trap at McFarland Creek Road Bridge,4/23/2025,2025,48.151085,-120.056584,114
3D9.1A4FD29FA4,Larvae,METTRP - Methow Smolt Trap at McFarland Creek Road Bridge,METTRP,Methow Smolt Trap at McFarland Creek Road Bridge,4/23/2025,2025,48.151085,-120.056584,115
3D9.1A4FD29FA5,Macropthalmia (eyed juvenile),METTRP - Methow Smolt Trap at McFarland Creek Road Bridge,METTRP,Methow Smolt Trap at McFarland Creek Road Bridge,4/20/2025,2025,48.151085,-120.056584,138
3D9.1A4FD29FA6,Macropthalmia (eyed juvenile),METTRP - Methow Smolt Trap at McFarland Creek Road Bridge,METTRP,Methow Smolt Trap at McFarland Creek Road Bridge,4/23/2025,2025,48.151085,-120.056584,129
3D9.1A4FD29FA7,Macropthalmia (eyed juvenile),METTRP - Methow Smolt Trap at McFarland Creek Road Bridge,METTRP,Methow Smolt Trap at McFarland Creek Road Bridge,4/24/2025,2025,48.151085,-120.056584,123
3D9.1A4FD29FA8,Larvae,METTRP - Methow Smolt Trap at McFarland Creek Road Bridge,METTRP,Methow Smolt Trap at McFarland Creek Road Bridge,4/23/2025,2025,48.151085,-120.056584,107
3D9.1A4FD29FA9,Larvae,METTRP - Methow Smolt Trap at McFarland Creek Road Bridge,METTRP,Methow Smolt Trap at McFarland Creek Road Bridge,4/23/2025,2025,48.151085,-120.056584,105
3D9.1A4FD29FAA,Larvae,METTRP - Methow Smolt Trap at McFarland Creek Road Bridge,METTRP,Methow Smolt Trap at McFarland Creek Road Bridge,4/23/2025,2025,48.151085,-120.056584,123
3D9.1A4FD29FAB,Larvae,METTRP - Methow Smolt Trap at McFarland Creek Road Bridge,METTRP,Methow Smolt Trap at McFarland Creek Road Bridge,4/10/2025,2025,48.151085,-120.056584,125
3D9.1A4FD29FAC,Larvae,METTRP - Methow Smolt Trap at McFarland Creek Road Bridge,METTRP,Methow Smolt Trap at McFarland Creek Road Bridge,4/10/2025,2025,48.151085,-120.056584,124
3D9.1A4FD29FAD,Macropthalmia (eyed juvenile),METTRP - Methow Smolt Trap at McFarland Creek Road Bridge,METTRP,Methow Smolt Trap at McFarland Creek Road Bridge,4/20/2025,2025,48.151085,-120.056584,140
3D9.1A4FD29FAE,Larvae,METTRP - Methow Smolt Trap at McFarland Creek Road Bridge,METTRP,Methow Smolt Trap at McFarland Creek Road Bridge,4/25/2025,2025,48.151085,-120.056584,122
3D9.1A4FD29FAF,Larvae,METTRP - Methow Smolt Trap at McFarland Creek Road Bridge,METTRP,Methow Smolt Trap at McFarland Creek Road Bridge,4/23/2025,2025,48.151085,-120.056584,99
3D9.1A4FD29FB0,Larvae,METTRP - Methow Smolt Trap at McFarland Creek Road Bridge,METTRP,Methow Smolt Trap at McFarland Creek Road Bridge,4/23/2025,2025,48.151085,-120.056584,104
3D9.1A4FD29FB1,Macropthalmia (eyed juvenile),METTRP - Methow Smolt Trap at McFarland Creek Road Bridge,METTRP,Methow Smolt Trap at McFarland Creek Road Bridge,4/22/2025,2025,48.151085,-120.056584,125
3D9.1A4FD29FB2,Macropthalmia (eyed juvenile),METTRP - Methow Smolt Trap at McFarland Creek Road Bridge,METTRP,Methow Smolt Trap at McFarland Creek Road Bridge,4/20/2025,2025,48.151085,-120.056584,137
3D9.1A4FD29FB3,Larvae,METTRP - Methow Smolt Trap at McFarland Creek Road Bridge,METTRP,Methow Smolt Trap at McFarland Creek Road Bridge,4/23/2025,2025,48.151085,-120.056584,122
3D9.1A4FD29FB4,Larvae,METTRP - Methow Smolt Trap at McFarland Creek Road Bridge,METTRP,Methow Smolt Trap at McFarland Creek Road Bridge,4/23/2025,2025,48.151085,-120.056584,132
3D9.1A4FD29FB5,Larvae,METTRP - Methow Smolt Trap at McFarland Creek Road Bridge,METTRP,Methow Smolt Trap at McFarland Creek Road Bridge,4/25/2025,2025,48.151085,-120.056584,130
3D9.1A4FD29FB6,Macropthalmia (eyed juvenile),METTRP - Methow Smolt Trap at McFarland Creek Road Bridge,METTRP,Methow Smolt Trap at McFarland Creek Road Bridge,4/23/2025,2025,48.151085,-120.056584,130
3D9.1A4FD29FB7,Macropthalmia (eyed juvenile),METTRP - Methow Smolt Trap at McFarland Creek Road Bridge,METTRP,Methow Smolt Trap at McFarland Creek Road Bridge,4/16/2025,2025,48.151085,-120.056584,125
3D9.1A4FD29FB8,Larvae,METTRP - Methow Smolt Trap at McFarland Creek Road Bridge,METTRP,Methow Smolt Trap at McFarland Creek Road Bridge,4/23/2025,2025,48.151085,-120.056584,112
3D9.1A4FD29FB9,Larvae,METTRP - Methow Smolt Trap at McFarland Creek Road Bridge,METTRP,Methow Smolt Trap at McFarland Creek Road Bridge,4/23/2025,2025,48.151085,-120.056584,129
3D9.1A4FD29FBA,Larvae,METTRP - Methow Smolt Trap at McFarland Creek Road Bridge,METTRP,Methow Smolt Trap at McFarland Creek Road Bridge,4/23/2025,2025,48.151085,-120.056584,121
3D9.1A4FD29FBB,Larvae,METTRP - Methow Smolt Trap at McFarland Creek Road Bridge,METTRP,Methow Smolt Trap at McFarland Creek Road Bridge,4/23/2025,2025,48.151085,-120.056584,115
3D9.1A4FD29FBC,Larvae,METTRP - Methow Smolt Trap at McFarland Creek Road Bridge,METTRP,Methow Smolt Trap at McFarland Creek Road Bridge,4/23/2025,2025,48.151085,-120.056584,119
3D9.1A4FD29FBD,Larvae,METTRP - Methow Smolt Trap at McFarland Creek Road Bridge,METTRP,Methow Smolt Trap at McFarland Creek Road Bridge,4/23/2025,2025,48.151085,-120.056584,117
3D9.1A4FD29FBE,Macropthalmia (eyed juvenile),METTRP - Methow Smolt Trap at McFarland Creek Road Bridge,METTRP,Methow Smolt Trap at McFarland Creek Road Bridge,4/20/2025,2025,48.151085,-120.056584,129
3D9.1A4FD29FBF,Larvae,METTRP - Methow Smolt Trap at McFarland Creek Road Bridge,METTRP,Methow Smolt Trap at McFarland Creek Road Bridge,4/23/2025,2025,48.151085,-120.056584,110
3D9.1A4FD29FC0,Larvae,METTRP - Methow Smolt Trap at McFarland Creek Road Bridge,METTRP,Methow Smolt Trap at McFarland Creek Road Bridge,4/24/2025,2025,48.151085,-120.056584,107
3D9.1A4FD29FC1,Larvae,METTRP - Methow Smolt Trap at McFarland Creek Road Bridge,METTRP,Methow Smolt Trap at McFarland Creek Road Bridge,4/23/2025,2025,48.151085,-120.056584,99
3D9.1A4FD29FC2,Larvae,METTRP - Methow Smolt Trap at McFarland Creek Road Bridge,METTRP,Methow Smolt Trap at McFarland Creek Road Bridge,4/23/2025,2025,48.151085,-120.056584,122
3D9.1A4FD29FC3,Larvae,METTRP - Methow Smolt Trap at McFarland Creek Road Bridge,METTRP,Methow Smolt Trap at McFarland Creek Road Bridge,4/30/2025,2025,48.151085,-120.056584,130
3D9.1A4FD29FC4,Larvae,METTRP - Methow Smolt Trap at McFarland Creek Road Bridge,METTRP,Methow Smolt Trap at McFarland Creek Road Bridge,4/30/2025,2025,48.151085,-120.056584,120
3D9.1A4FD29FC5,Larvae,METTRP - Methow Smolt Trap at McFarland Creek Road Bridge,METTRP,Methow Smolt Trap at McFarland Creek Road Bridge,4/30/2025,2025,48.151085,-120.056584,95
3D9.1A4FD29FC6,Larvae,METTRP - Methow Smolt Trap at McFarland Creek Road Bridge,METTRP,Methow Smolt Trap at McFarland Creek Road Bridge,4/29/2025,2025,48.151085,-120.056584,94
3D9.1A4FD29FC7,Macropthalmia (eyed juvenile),METTRP - Methow Smolt Trap at McFarland Creek Road Bridge,METTRP,Methow Smolt Trap at McFarland Creek Road Bridge,4/29/2025,2025,48.151085,-120.056584,132
3D9.1A4FD29FC8,Macropthalmia (eyed juvenile),METTRP - Methow Smolt Trap at McFarland Creek Road Bridge,METTRP,Methow Smolt Trap at McFarland Creek Road Bridge,4/26/2025,2025,48.151085,-120.056584,129
3D9.1A4FD29FC9,Larvae,METTRP - Methow Smolt Trap at McFarland Creek Road Bridge,METTRP,Methow Smolt Trap at McFarland Creek Road Bridge,4/29/2025,2025,48.151085,-120.056584,132
3D9.1A4FD29FCA,Macropthalmia (eyed juvenile),METTRP - Methow Smolt Trap at McFarland Creek Road Bridge,METTRP,Methow Smolt Trap at McFarland Creek Road Bridge,4/30/2025,2025,48.151085,-120.056584,134
3D9.1A4FD29FCB,Macropthalmia (eyed juvenile),METTRP - Methow Smolt Trap at McFarland Creek Road Bridge,METTRP,Methow Smolt Trap at McFarland Creek Road Bridge,5/1/2025,2025,48.151085,-120.056584,119
3D9.1A4FD29FCC,Macropthalmia (eyed juvenile),METTRP - Methow Smolt Trap at McFarland Creek Road Bridge,METTRP,Methow Smolt Trap at McFarland Creek Road Bridge,4/30/2025,2025,48.151085,-120.056584,130
3D9.1A4FD29FCD,Larvae,METTRP - Methow Smolt Trap at McFarland Creek Road Bridge,METTRP,Methow Smolt Trap at McFarland Creek Road Bridge,4/29/2025,2025,48.151085,-120.056584,123
3D9.1A4FD29FCE,Larvae,METTRP - Methow Smolt Trap at McFarland Creek Road Bridge,METTRP,Methow Smolt Trap at McFarland Creek Road Bridge,4/30/2025,2025,48.151085,-120.056584,131
3D9.1A4FD29FCF,Macropthalmia (eyed juvenile),METTRP - Methow Smolt Trap at McFarland Creek Road Bridge,METTRP,Methow Smolt Trap at McFarland Creek Road Bridge,5/1/2025,2025,48.151085,-120.056584,120
3D9.1A4FD29FD0,Macropthalmia (eyed juvenile),METTRP - Methow Smolt Trap at McFarland Creek Road Bridge,METTRP,Methow Smolt Trap at McFarland Creek Road Bridge,4/28/2025,2025,48.151085,-120.056584,125
3D9.1A4FD29FD1,Macropthalmia (eyed juvenile),METTRP - Methow Smolt Trap at McFarland Creek Road Bridge,METTRP,Methow Smolt Trap at McFarland Creek Road Bridge,4/30/2025,2025,48.151085,-120.056584,133
3D9.1A4FD29FD2,Macropthalmia (eyed juvenile),METTRP - Methow Smolt Trap at McFarland Creek Road Bridge,METTRP,Methow Smolt Trap at McFarland Creek Road Bridge,5/1/2025,2025,48.151085,-120.056584,131
3D9.1A4FD29FD3,Larvae,METTRP - Methow Smolt Trap at McFarland Creek Road Bridge,METTRP,Methow Smolt Trap at McFarland Creek Road Bridge,4/29/2025,2025,48.151085,-120.056584,125
3D9.1A4FD29FD4,Larvae,METTRP - Methow Smolt Trap at McFarland Creek Road Bridge,METTRP,Methow Smolt Trap at McFarland Creek Road Bridge,4/29/2025,2025,48.151085,-120.056584,123
3D9.1A4FD29FD5,Macropthalmia (eyed juvenile),METTRP - Methow Smolt Trap at McFarland Creek Road Bridge,METTRP,Methow Smolt Trap at McFarland Creek Road Bridge,4/30/2025,2025,48.151085,-120.056584,134
3D9.1A4FD29FD6,Macropthalmia (eyed juvenile),METTRP - Methow Smolt Trap at McFarland Creek Road Bridge,METTRP,Methow Smolt Trap at McFarland Creek Road Bridge,4/29/2025,2025,48.151085,-120.056584,133
3D9.1A4FD29FD7,Macropthalmia (eyed juvenile),METTRP - Methow Smolt Trap at McFarland Creek Road Bridge,METTRP,Methow Smolt Trap at McFarland Creek Road Bridge,4/30/2025,2025,48.151085,-120.056584,125
3D9.1A4FD29FD8,Macropthalmia (eyed juvenile),METTRP - Methow Smolt Trap at McFarland Creek Road Bridge,METTRP,Methow Smolt Trap at McFarland Creek Road Bridge,4/27/2025,2025,48.151085,-120.056584,132
3D9.1A4FD29FD9,Macropthalmia (eyed juvenile),METTRP - Methow Smolt Trap at McFarland Creek Road Bridge,METTRP,Methow Smolt Trap at McFarland Creek Road Bridge,4/28/2025,2025,48.151085,-120.056584,132
3D9.1A4FD29FDA,Macropthalmia (eyed juvenile),METTRP - Methow Smolt Trap at McFarland Creek Road Bridge,METTRP,Methow Smolt Trap at McFarland Creek Road Bridge,4/29/2025,2025,48.151085,-120.056584,127
3D9.1A4FD29FDB,Macropthalmia (eyed juvenile),METTRP - Methow Smolt Trap at McFarland Creek Road Bridge,METTRP,Methow Smolt Trap at McFarland Creek Road Bridge,4/30/2025,2025,48.151085,-120.056584,130
3D9.1A4FD29FDC,Macropthalmia (eyed juvenile),METTRP - Methow Smolt Trap at McFarland Creek Road Bridge,METTRP,Methow Smolt Trap at McFarland Creek Road Bridge,5/1/2025,2025,48.151085,-120.056584,127
3D9.1A4FD29FDD,Macropthalmia (eyed juvenile),METTRP - Methow Smolt Trap at McFarland Creek Road Bridge,METTRP,Methow Smolt Trap at McFarland Creek Road Bridge,4/27/2025,2025,48.151085,-120.056584,131
3D9.1A4FD29FDE,Macropthalmia (eyed juvenile),METTRP - Methow Smolt Trap at McFarland Creek Road Bridge,METTRP,Methow Smolt Trap at McFarland Creek Road Bridge,4/30/2025,2025,48.151085,-120.056584,133
3D9.1A4FD29FDF,Macropthalmia (eyed juvenile),METTRP - Methow Smolt Trap at McFarland Creek Road Bridge,METTRP,Methow Smolt Trap at McFarland Creek Road Bridge,4/29/2025,2025,48.151085,-120.056584,121
3D9.1A4FD29FE0,Macropthalmia (eyed juvenile),METTRP - Methow Smolt Trap at McFarland Creek Road Bridge,METTRP,Methow Smolt Trap at McFarland Creek Road Bridge,5/1/2025,2025,48.151085,-120.056584,132
3D9.1A4FD29FE1,Macropthalmia (eyed juvenile),METTRP - Methow Smolt Trap at McFarland Creek Road Bridge,METTRP,Methow Smolt Trap at McFarland Creek Road Bridge,5/1/2025,2025,48.151085,-120.056584,128
3D9.1A4FD29FE2,Larvae,METTRP - Methow Smolt Trap at McFarland Creek Road Bridge,METTRP,Methow Smolt Trap at McFarland Creek Road Bridge,4/25/2025,2025,48.151085,-120.056584,117
3D9.1A4FD29FE3,Larvae,METTRP - Methow Smolt Trap at McFarland Creek Road Bridge,METTRP,Methow Smolt Trap at McFarland Creek Road Bridge,4/30/2025,2025,48.151085,-120.056584,126
3D9.1A4FD29FE4,Macropthalmia (eyed juvenile),METTRP - Methow Smolt Trap at McFarland Creek Road Bridge,METTRP,Methow Smolt Trap at McFarland Creek Road Bridge,4/25/2025,2025,48.151085,-120.056584,127
3D9.1A4FD29FE5,Macropthalmia (eyed juvenile),METTRP - Methow Smolt Trap at McFarland Creek Road Bridge,METTRP,Methow Smolt Trap at McFarland Creek Road Bridge,4/29/2025,2025,48.151085,-120.056584,131
3D9.1A4FD29FE6,Larvae,METTRP - Methow Smolt Trap at McFarland Creek Road Bridge,METTRP,Methow Smolt Trap at McFarland Creek Road Bridge,4/29/2025,2025,48.151085,-120.056584,118
3D9.1A4FD29FE7,Macropthalmia (eyed juvenile),METTRP - Methow Smolt Trap at McFarland Creek Road Bridge,METTRP,Methow Smolt Trap at McFarland Creek Road Bridge,4/30/2025,2025,48.151085,-120.056584,132
3D9.1A4FD29FE8,Macropthalmia (eyed juvenile),METTRP - Methow Smolt Trap at McFarland Creek Road Bridge,METTRP,Methow Smolt Trap at McFarland Creek Road Bridge,4/28/2025,2025,48.151085,-120.056584,140
3D9.1A4FD29FE9,Larvae,METTRP - Methow Smolt Trap at McFarland Creek Road Bridge,METTRP,Methow Smolt Trap at McFarland Creek Road Bridge,4/25/2025,2025,48.151085,-120.056584,122
3D9.1A4FD29FEA,Macropthalmia (eyed juvenile),METTRP - Methow Smolt Trap at McFarland Creek Road Bridge,METTRP,Methow Smolt Trap at McFarland Creek Road Bridge,4/25/2025,2025,48.151085,-120.056584,127
3D9.1A4FD29FEB,Macropthalmia (eyed juvenile),METTRP - Methow Smolt Trap at McFarland Creek Road Bridge,METTRP,Methow Smolt Trap at McFarland Creek Road Bridge,4/27/2025,2025,48.151085,-120.056584,142
3D9.1A4FD29FEC,Macropthalmia (eyed juvenile),METTRP - Methow Smolt Trap at McFarland Creek Road Bridge,METTRP,Methow Smolt Trap at McFarland Creek Road Bridge,4/26/2025,2025,48.151085,-120.056584,127
3D9.1A4FD29FED,Macropthalmia (eyed juvenile),METTRP - Methow Smolt Trap at McFarland Creek Road Bridge,METTRP,Methow Smolt Trap at McFarland Creek Road Bridge,5/1/2025,2025,48.151085,-120.056584,128
3D9.1A4FD29FEE,Macropthalmia (eyed juvenile),METTRP - Methow Smolt Trap at McFarland Creek Road Bridge,METTRP,Methow Smolt Trap at McFarland Creek Road Bridge,4/29/2025,2025,48.151085,-120.056584,125
3D9.1A4FD29FEF,Larvae,METTRP - Methow Smolt Trap at McFarland Creek Road Bridge,METTRP,Methow Smolt Trap at McFarland Creek Road Bridge,4/30/2025,2025,48.151085,-120.056584,132
3D9.1A4FD29FF0,Larvae,METTRP - Methow Smolt Trap at McFarland Creek Road Bridge,METTRP,Methow Smolt Trap at McFarland Creek Road Bridge,4/29/2025,2025,48.151085,-120.056584,124
3D9.1A4FD29FF1,Macropthalmia (eyed juvenile),METTRP - Methow Smolt Trap at McFarland Creek Road Bridge,METTRP,Methow Smolt Trap at McFarland Creek Road Bridge,4/25/2025,2025,48.151085,-120.056584,131
3D9.1A4FD29FF2,Macropthalmia (eyed juvenile),METTRP - Methow Smolt Trap at McFarland Creek Road Bridge,METTRP,Methow Smolt Trap at McFarland Creek Road Bridge,5/1/2025,2025,48.151085,-120.056584,125
3D9.1A4FD29FF3,Larvae,METTRP - Methow Smolt Trap at McFarland Creek Road Bridge,METTRP,Methow Smolt Trap at McFarland Creek Road Bridge,4/29/2025,2025,48.151085,-120.056584,129
3D9.1A4FD29FF4,Larvae,METTRP - Methow Smolt Trap at McFarland Creek Road Bridge,METTRP,Methow Smolt Trap at McFarland Creek Road Bridge,4/29/2025,2025,48.151085,-120.056584,127
3D9.1A4FD29FF5,Larvae,METTRP - Methow Smolt Trap at McFarland Creek Road Bridge,METTRP,Methow Smolt Trap at McFarland Creek Road Bridge,4/29/2025,2025,48.151085,-120.056584,108
3D9.1A4FD29FF6,Macropthalmia (eyed juvenile),METTRP - Methow Smolt Trap at McFarland Creek Road Bridge,METTRP,Methow Smolt Trap at McFarland Creek Road Bridge,4/30/2025,2025,48.151085,-120.056584,115
3D9.1A4FD29FF7,Macropthalmia (eyed juvenile),METTRP - Methow Smolt Trap at McFarland Creek Road Bridge,METTRP,Methow Smolt Trap at McFarland Creek Road Bridge,4/26/2025,2025,48.151085,-120.056584,133
3D9.1A4FD29FF8,Larvae,METTRP - Methow Smolt Trap at McFarland Creek Road Bridge,METTRP,Methow Smolt Trap at McFarland Creek Road Bridge,4/30/2025,2025,48.151085,-120.056584,130
3D9.1A4FD29FF9,Larvae,METTRP - Methow Smolt Trap at McFarland Creek Road Bridge,METTRP,Methow Smolt Trap at McFarland Creek Road Bridge,4/29/2025,2025,48.151085,-120.056584,130
3D9.1A4FD29FFA,Larvae,METTRP - Methow Smolt Trap at McFarland Creek Road Bridge,METTRP,Methow Smolt Trap at McFarland Creek Road Bridge,4/25/2025,2025,48.151085,-120.056584,95
3D9.1A4FD29FFB,Macropthalmia (eyed juvenile),METTRP - Methow Smolt Trap at McFarland Creek Road Bridge,METTRP,Methow Smolt Trap at McFarland Creek Road Bridge,4/27/2025,2025,48.151085,-120.056584,136
3D9.1A4FD29FFC,Macropthalmia (eyed juvenile),METTRP - Methow Smolt Trap at McFarland Creek Road Bridge,METTRP,Methow Smolt Trap at McFarland Creek Road Bridge,4/26/2025,2025,48.151085,-120.056584,125
3D9.1A4FD29FFD,Macropthalmia (eyed juvenile),METTRP - Methow Smolt Trap at McFarland Creek Road Bridge,METTRP,Methow Smolt Trap at McFarland Creek Road Bridge,4/27/2025,2025,48.151085,-120.056584,123
3D9.1A4FD29FFE,Macropthalmia (eyed juvenile),METTRP - Methow Smolt Trap at McFarland Creek Road Bridge,METTRP,Methow Smolt Trap at McFarland Creek Road Bridge,5/1/2025,2025,48.151085,-120.056584,130
3D9.1A4FD29FFF,Larvae,METTRP - Methow Smolt Trap at McFarland Creek Road Bridge,METTRP,Methow Smolt Trap at McFarland Creek Road Bridge,4/29/2025,2025,48.151085,-120.056584,120
3D9.1A4FD2A000,Macropthalmia (eyed juvenile),METTRP - Methow Smolt Trap at McFarland Creek Road Bridge,METTRP,Methow Smolt Trap at McFarland Creek Road Bridge,4/29/2025,2025,48.151085,-120.056584,128
3D9.1A4FD2A001,Macropthalmia (eyed juvenile),METTRP - Methow Smolt Trap at McFarland Creek Road Bridge,METTRP,Methow Smolt Trap at McFarland Creek Road Bridge,4/29/2025,2025,48.151085,-120.056584,129
3D9.1A4FD2A002,Macropthalmia (eyed juvenile),METTRP - Methow Smolt Trap at McFarland Creek Road Bridge,METTRP,Methow Smolt Trap at McFarland Creek Road Bridge,4/29/2025,2025,48.151085,-120.056584,128
3D9.1A4FD2A003,Larvae,METTRP - Methow Smolt Trap at McFarland Creek Road Bridge,METTRP,Methow Smolt Trap at McFarland Creek Road Bridge,4/25/2025,2025,48.151085,-120.056584,100
3D9.1A4FD2A004,Macropthalmia (eyed juvenile),METTRP - Methow Smolt Trap at McFarland Creek Road Bridge,METTRP,Methow Smolt Trap at McFarland Creek Road Bridge,4/29/2025,2025,48.151085,-120.056584,127
3D9.1A4FD2A005,Macropthalmia (eyed juvenile),METTRP - Methow Smolt Trap at McFarland Creek Road Bridge,METTRP,Methow Smolt Trap at McFarland Creek Road Bridge,5/1/2025,2025,48.151085,-120.056584,121
3D9.1A4FD2A006,Macropthalmia (eyed juvenile),METTRP - Methow Smolt Trap at McFarland Creek Road Bridge,METTRP,Methow Smolt Trap at McFarland Creek Road Bridge,4/26/2025,2025,48.151085,-120.056584,130
3D9.1A4FD2A007,Macropthalmia (eyed juvenile),METTRP - Methow Smolt Trap at McFarland Creek Road Bridge,METTRP,Methow Smolt Trap at McFarland Creek Road Bridge,5/1/2025,2025,48.151085,-120.056584,125
3D9.1A4FD2A008,Larvae,METTRP - Methow Smolt Trap at McFarland Creek Road Bridge,METTRP,Methow Smolt Trap at McFarland Creek Road Bridge,4/29/2025,2025,48.151085,-120.056584,133
3D9.1A4FD2A009,Macropthalmia (eyed juvenile),METTRP - Methow Smolt Trap at McFarland Creek Road Bridge,METTRP,Methow Smolt Trap at McFarland Creek Road Bridge,4/30/2025,2025,48.151085,-120.056584,122
3D9.1A4FD2A00A,Macropthalmia (eyed juvenile),METTRP - Methow Smolt Trap at McFarland Creek Road Bridge,METTRP,Methow Smolt Trap at McFarland Creek Road Bridge,4/26/2025,2025,48.151085,-120.056584,132
3D9.1A4FD2A00B,Macropthalmia (eyed juvenile),METTRP - Methow Smolt Trap at McFarland Creek Road Bridge,METTRP,Methow Smolt Trap at McFarland Creek Road Bridge,4/29/2025,2025,48.151085,-120.056584,129
3D9.1A4FD2A00C,Larvae,METTRP - Methow Smolt Trap at McFarland Creek Road Bridge,METTRP,Methow Smolt Trap at McFarland Creek Road Bridge,4/25/2025,2025,48.151085,-120.056584,104
3D9.1A4FD2A00D,Macropthalmia (eyed juvenile),METTRP - Methow Smolt Trap at McFarland Creek Road Bridge,METTRP,Methow Smolt Trap at McFarland Creek Road Bridge,4/29/2025,2025,48.151085,-120.056584,127
3D9.1A4FD2A00E,Macropthalmia (eyed juvenile),METTRP - Methow Smolt Trap at McFarland Creek Road Bridge,METTRP,Methow Smolt Trap at McFarland Creek Road Bridge,4/28/2025,2025,48.151085,-120.056584,131
3D9.1A4FD2A00F,Macropthalmia (eyed juvenile),METTRP - Methow Smolt Trap at McFarland Creek Road Bridge,METTRP,Methow Smolt Trap at McFarland Creek Road Bridge,4/30/2025,2025,48.151085,-120.056584,136
3D9.1A4FD2A010,Macropthalmia (eyed juvenile),METTRP - Methow Smolt Trap at McFarland Creek Road Bridge,METTRP,Methow Smolt Trap at McFarland Creek Road Bridge,4/28/2025,2025,48.151085,-120.056584,126
3D9.1A4FD2A011,Macropthalmia (eyed juvenile),METTRP - Methow Smolt Trap at McFarland Creek Road Bridge,METTRP,Methow Smolt Trap at McFarland Creek Road Bridge,4/29/2025,2025,48.151085,-120.056584,122
3D9.1A4FD2A012,Larvae,METTRP - Methow Smolt Trap at McFarland Creek Road Bridge,METTRP,Methow Smolt Trap at McFarland Creek Road Bridge,4/30/2025,2025,48.151085,-120.056584,130
3D9.1A4FD2A013,Larvae,METTRP - Methow Smolt Trap at McFarland Creek Road Bridge,METTRP,Methow Smolt Trap at McFarland Creek Road Bridge,4/30/2025,2025,48.151085,-120.056584,126
3D9.1A4FD2A014,Larvae,METTRP - Methow Smolt Trap at McFarland Creek Road Bridge,METTRP,Methow Smolt Trap at McFarland Creek Road Bridge,4/25/2025,2025,48.151085,-120.056584,105
3D9.1A4FD2A015,Macropthalmia (eyed juvenile),METTRP - Methow Smolt Trap at McFarland Creek Road Bridge,METTRP,Methow Smolt Trap at McFarland Creek Road Bridge,4/26/2025,2025,48.151085,-120.056584,125
3D9.1A4FD2A016,Larvae,METTRP - Methow Smolt Trap at McFarland Creek Road Bridge,METTRP,Methow Smolt Trap at McFarland Creek Road Bridge,4/29/2025,2025,48.151085,-120.056584,125
3D9.1A4FD2A017,Macropthalmia (eyed juvenile),METTRP - Methow Smolt Trap at McFarland Creek Road Bridge,METTRP,Methow Smolt Trap at McFarland Creek Road Bridge,4/29/2025,2025,48.151085,-120.056584,130
3D9.1A4FD2A018,Macropthalmia (eyed juvenile),METTRP - Methow Smolt Trap at McFarland Creek Road Bridge,METTRP,Methow Smolt Trap at McFarland Creek Road Bridge,5/2/2025,2025,48.151085,-120.056584,122
3D9.1A4FD2A019,Macropthalmia (eyed juvenile),METTRP - Methow Smolt Trap at McFarland Creek Road Bridge,METTRP,Methow Smolt Trap at McFarland Creek Road Bridge,5/1/2025,2025,48.151085,-120.056584,127
3D9.1A4FD2A01A,Macropthalmia (eyed juvenile),METTRP - Methow Smolt Trap at McFarland Creek Road Bridge,METTRP,Methow Smolt Trap at McFarland Creek Road Bridge,4/28/2025,2025,48.151085,-120.056584,133
3D9.1A4FD2A01B,Macropthalmia (eyed juvenile),METTRP - Methow Smolt Trap at McFarland Creek Road Bridge,METTRP,Methow Smolt Trap at McFarland Creek Road Bridge,4/28/2025,2025,48.151085,-120.056584,133
3D9.1A4FD2A01C,Macropthalmia (eyed juvenile),METTRP - Methow Smolt Trap at McFarland Creek Road Bridge,METTRP,Methow Smolt Trap at McFarland Creek Road Bridge,4/29/2025,2025,48.151085,-120.056584,117
3D9.1A4FD2A01D,Macropthalmia (eyed juvenile),METTRP - Methow Smolt Trap at McFarland Creek Road Bridge,METTRP,Methow Smolt Trap at McFarland Creek Road Bridge,4/29/2025,2025,48.151085,-120.056584,124
3D9.1A4FD2A01E,Macropthalmia (eyed juvenile),METTRP - Methow Smolt Trap at McFarland Creek Road Bridge,METTRP,Methow Smolt Trap at McFarland Creek Road Bridge,5/1/2025,2025,48.151085,-120.056584,126
3D9.1A4FD2A01F,Macropthalmia (eyed juvenile),METTRP - Methow Smolt Trap at McFarland Creek Road Bridge,METTRP,Methow Smolt Trap at McFarland Creek Road Bridge,4/27/2025,2025,48.151085,-120.056584,132
3D9.1A4FD2A020,Macropthalmia (eyed juvenile),METTRP - Methow Smolt Trap at McFarland Creek Road Bridge,METTRP,Methow Smolt Trap at McFarland Creek Road Bridge,5/1/2025,2025,48.151085,-120.056584,130
3D9.1A4FD2A021,Macropthalmia (eyed juvenile),METTRP - Methow Smolt Trap at McFarland Creek Road Bridge,METTRP,Methow Smolt Trap at McFarland Creek Road Bridge,4/29/2025,2025,48.151085,-120.056584,122
3D9.1A4FD2A022,Macropthalmia (eyed juvenile),METTRP - Methow Smolt Trap at McFarland Creek Road Bridge,METTRP,Methow Smolt Trap at McFarland Creek Road Bridge,4/30/2025,2025,48.151085,-120.056584,128
3D9.1A4FD2A023,Larvae,METTRP - Methow Smolt Trap at McFarland Creek Road Bridge,METTRP,Methow Smolt Trap at McFarland Creek Road Bridge,4/29/2025,2025,48.151085,-120.056584,118
3D9.1A4FD2A024,Macropthalmia (eyed juvenile),METTRP - Methow Smolt Trap at McFarland Creek Road Bridge,METTRP,Methow Smolt Trap at McFarland Creek Road Bridge,4/28/2025,2025,48.151085,-120.056584,127
3D9.1A4FD2A025,Larvae,METTRP - Methow Smolt Trap at McFarland Creek Road Bridge,METTRP,Methow Smolt Trap at McFarland Creek Road Bridge,4/25/2025,2025,48.151085,-120.056584,107
3D9.1A4FD2A026,Macropthalmia (eyed juvenile),METTRP - Methow Smolt Trap at McFarland Creek Road Bridge,METTRP,Methow Smolt Trap at McFarland Creek Road Bridge,4/30/2025,2025,48.151085,-120.056584,120
3D9.1A4FD2A027,Macropthalmia (eyed juvenile),METTRP - Methow Smolt Trap at McFarland Creek Road Bridge,METTRP,Methow Smolt Trap at McFarland Creek Road Bridge,5/2/2025,2025,48.151085,-120.056584,130
3D9.1A4FD2A028,Macropthalmia (eyed juvenile),METTRP - Methow Smolt Trap at McFarland Creek Road Bridge,METTRP,Methow Smolt Trap at McFarland Creek Road Bridge,5/2/2025,2025,48.151085,-120.056584,132
3D9.1A4FD2A029,Macropthalmia (eyed juvenile),METTRP - Methow Smolt Trap at McFarland Creek Road Bridge,METTRP,Methow Smolt Trap at McFarland Creek Road Bridge,5/2/2025,2025,48.151085,-120.056584,124
3D9.1A4FD2A02A,Larvae,METTRP - Methow Smolt Trap at McFarland Creek Road Bridge,METTRP,Methow Smolt Trap at McFarland Creek Road Bridge,5/5/2025,2025,48.151085,-120.056584,127
3D9.1A4FD2A02B,Larvae,METTRP - Methow Smolt Trap at McFarland Creek Road Bridge,METTRP,Methow Smolt Trap at McFarland Creek Road Bridge,5/6/2025,2025,48.151085,-120.056584,125
3D9.1A4FD2A02C,Larvae,METTRP - Methow Smolt Trap at McFarland Creek Road Bridge,METTRP,Methow Smolt Trap at McFarland Creek Road Bridge,5/14/2025,2025,48.151085,-120.056584,128
3D9.1A4FD2A02D,Larvae,METTRP - Methow Smolt Trap at McFarland Creek Road Bridge,METTRP,Methow Smolt Trap at McFarland Creek Road Bridge,5/9/2025,2025,48.151085,-120.056584,116
3D9.1A4FD2A02E,Macropthalmia (eyed juvenile),METTRP - Methow Smolt Trap at McFarland Creek Road Bridge,METTRP,Methow Smolt Trap at McFarland Creek Road Bridge,5/3/2025,2025,48.151085,-120.056584,135
3D9.1A4FD2A02F,Macropthalmia (eyed juvenile),METTRP - Methow Smolt Trap at McFarland Creek Road Bridge,METTRP,Methow Smolt Trap at McFarland Creek Road Bridge,5/2/2025,2025,48.151085,-120.056584,125
3D9.1A4FD2A030,Macropthalmia (eyed juvenile),METTRP - Methow Smolt Trap at McFarland Creek Road Bridge,METTRP,Methow Smolt Trap at McFarland Creek Road Bridge,5/2/2025,2025,48.151085,-120.056584,130
3D9.1A4FD2A031,Larvae,METTRP - Methow Smolt Trap at McFarland Creek Road Bridge,METTRP,Methow Smolt Trap at McFarland Creek Road Bridge,5/9/2025,2025,48.151085,-120.056584,125
3D9.1A4FD2A032,Macropthalmia (eyed juvenile),METTRP - Methow Smolt Trap at McFarland Creek Road Bridge,METTRP,Methow Smolt Trap at McFarland Creek Road Bridge,5/3/2025,2025,48.151085,-120.056584,140
3D9.1A4FD2A033,Larvae,METTRP - Methow Smolt Trap at McFarland Creek Road Bridge,METTRP,Methow Smolt Trap at McFarland Creek Road Bridge,5/8/2025,2025,48.151085,-120.056584,125
3D9.1A4FD2A034,Larvae,METTRP - Methow Smolt Trap at McFarland Creek Road Bridge,METTRP,Methow Smolt Trap at McFarland Creek Road Bridge,5/9/2025,2025,48.151085,-120.056584,115
3D9.1A4FD2A035,Larvae,METTRP - Methow Smolt Trap at McFarland Creek Road Bridge,METTRP,Methow Smolt Trap at McFarland Creek Road Bridge,5/9/2025,2025,48.151085,-120.056584,128
3D9.1A4FD2A036,Larvae,METTRP - Methow Smolt Trap at McFarland Creek Road Bridge,METTRP,Methow Smolt Trap at McFarland Creek Road Bridge,5/10/2025,2025,48.151085,-120.056584,115
3D9.1A4FD2A037,Larvae,METTRP - Methow Smolt Trap at McFarland Creek Road Bridge,METTRP,Methow Smolt Trap at McFarland Creek Road Bridge,5/14/2025,2025,48.151085,-120.056584,130
3D9.1A4FD2A038,Larvae,METTRP - Methow Smolt Trap at McFarland Creek Road Bridge,METTRP,Methow Smolt Trap at McFarland Creek Road Bridge,5/5/2025,2025,48.151085,-120.056584,128
3D9.1A4FD2A039,Larvae,METTRP - Methow Smolt Trap at McFarland Creek Road Bridge,METTRP,Methow Smolt Trap at McFarland Creek Road Bridge,5/16/2025,2025,48.151085,-120.056584,130
3D9.1A4FD2A03A,Macropthalmia (eyed juvenile),METTRP - Methow Smolt Trap at McFarland Creek Road Bridge,METTRP,Methow Smolt Trap at McFarland Creek Road Bridge,5/4/2025,2025,48.151085,-120.056584,136
3D9.1A4FD2A03B,Larvae,METTRP - Methow Smolt Trap at McFarland Creek Road Bridge,METTRP,Methow Smolt Trap at McFarland Creek Road Bridge,5/6/2025,2025,48.151085,-120.056584,115
3D9.1A4FD2A03C,Macropthalmia (eyed juvenile),METTRP - Methow Smolt Trap at McFarland Creek Road Bridge,METTRP,Methow Smolt Trap at McFarland Creek Road Bridge,5/4/2025,2025,48.151085,-120.056584,132
3D9.1A4FD2A03D,Larvae,METTRP - Methow Smolt Trap at McFarland Creek Road Bridge,METTRP,Methow Smolt Trap at McFarland Creek Road Bridge,5/5/2025,2025,48.151085,-120.056584,140
3D9.1A4FD2A03E,Larvae,METTRP - Methow Smolt Trap at McFarland Creek Road Bridge,METTRP,Methow Smolt Trap at McFarland Creek Road Bridge,5/9/2025,2025,48.151085,-120.056584,98
3D9.1A4FD2A03F,Larvae,METTRP - Methow Smolt Trap at McFarland Creek Road Bridge,METTRP,Methow Smolt Trap at McFarland Creek Road Bridge,5/14/2025,2025,48.151085,-120.056584,125
3D9.1A4FD2A040,Macropthalmia (eyed juvenile),METTRP - Methow Smolt Trap at McFarland Creek Road Bridge,METTRP,Methow Smolt Trap at McFarland Creek Road Bridge,5/2/2025,2025,48.151085,-120.056584,127
3D9.1A4FD2A041,Larvae,METTRP - Methow Smolt Trap at McFarland Creek Road Bridge,METTRP,Methow Smolt Trap at McFarland Creek Road Bridge,5/17/2025,2025,48.151085,-120.056584,130
3D9.1A4FD2A042,Larvae,METTRP - Methow Smolt Trap at McFarland Creek Road Bridge,METTRP,Methow Smolt Trap at McFarland Creek Road Bridge,5/5/2025,2025,48.151085,-120.056584,137
3D9.1A4FD2A043,Macropthalmia (eyed juvenile),METTRP - Methow Smolt Trap at McFarland Creek Road Bridge,METTRP,Methow Smolt Trap at McFarland Creek Road Bridge,5/2/2025,2025,48.151085,-120.056584,126
3D9.1A4FD2A044,Macropthalmia (eyed juvenile),METTRP - Methow Smolt Trap at McFarland Creek Road Bridge,METTRP,Methow Smolt Trap at McFarland Creek Road Bridge,5/3/2025,2025,48.151085,-120.056584,137
3D9.1A4FD2A045,Larvae,METTRP - Methow Smolt Trap at McFarland Creek Road Bridge,METTRP,Methow Smolt Trap at McFarland Creek Road Bridge,5/14/2025,2025,48.151085,-120.056584,97
3D9.1A4FD2A046,Larvae,METTRP - Methow Smolt Trap at McFarland Creek Road Bridge,METTRP,Methow Smolt Trap at McFarland Creek Road Bridge,5/13/2025,2025,48.151085,-120.056584,132
3D9.1A4FD2A047,Larvae,METTRP - Methow Smolt Trap at McFarland Creek Road Bridge,METTRP,Methow Smolt Trap at McFarland Creek Road Bridge,5/10/2025,2025,48.151085,-120.056584,132
3D9.1A4FD2A048,Macropthalmia (eyed juvenile),METTRP - Methow Smolt Trap at McFarland Creek Road Bridge,METTRP,Methow Smolt Trap at McFarland Creek Road Bridge,5/4/2025,2025,48.151085,-120.056584,134
3D9.1A4FD2A049,Larvae,METTRP - Methow Smolt Trap at McFarland Creek Road Bridge,METTRP,Methow Smolt Trap at McFarland Creek Road Bridge,5/16/2025,2025,48.151085,-120.056584,112
3D9.1A4FD2A04A,Larvae,METTRP - Methow Smolt Trap at McFarland Creek Road Bridge,METTRP,Methow Smolt Trap at McFarland Creek Road Bridge,5/6/2025,2025,48.151085,-120.056584,131
3D9.1A4FD2A04B,Larvae,METTRP - Methow Smolt Trap at McFarland Creek Road Bridge,METTRP,Methow Smolt Trap at McFarland Creek Road Bridge,5/15/2025,2025,48.151085,-120.056584,128
3D9.1A4FD2A04C,Larvae,METTRP - Methow Smolt Trap at McFarland Creek Road Bridge,METTRP,Methow Smolt Trap at McFarland Creek Road Bridge,5/16/2025,2025,48.151085,-120.056584,131
3D9.1A4FD2A04D,Larvae,METTRP - Methow Smolt Trap at McFarland Creek Road Bridge,METTRP,Methow Smolt Trap at McFarland Creek Road Bridge,5/14/2025,2025,48.151085,-120.056584,126
3D9.1A4FD2A04E,Macropthalmia (eyed juvenile),METTRP - Methow Smolt Trap at McFarland Creek Road Bridge,METTRP,Methow Smolt Trap at McFarland Creek Road Bridge,5/3/2025,2025,48.151085,-120.056584,138
3D9.1A4FD2A04F,Larvae,METTRP - Methow Smolt Trap at McFarland Creek Road Bridge,METTRP,Methow Smolt Trap at McFarland Creek Road Bridge,5/6/2025,2025,48.151085,-120.056584,100
3D9.1A4FD2A050,Larvae,METTRP - Methow Smolt Trap at McFarland Creek Road Bridge,METTRP,Methow Smolt Trap at McFarland Creek Road Bridge,5/16/2025,2025,48.151085,-120.056584,121
3D9.1A4FD2A051,Larvae,METTRP - Methow Smolt Trap at McFarland Creek Road Bridge,METTRP,Methow Smolt Trap at McFarland Creek Road Bridge,5/6/2025,2025,48.151085,-120.056584,127
3D9.1A4FD2A052,Larvae,METTRP - Methow Smolt Trap at McFarland Creek Road Bridge,METTRP,Methow Smolt Trap at McFarland Creek Road Bridge,5/8/2025,2025,48.151085,-120.056584,121
3D9.1A4FD2A053,Larvae,METTRP - Methow Smolt Trap at McFarland Creek Road Bridge,METTRP,Methow Smolt Trap at McFarland Creek Road Bridge,5/6/2025,2025,48.151085,-120.056584,125
3D9.1A4FD2A054,Macropthalmia (eyed juvenile),METTRP - Methow Smolt Trap at McFarland Creek Road Bridge,METTRP,Methow Smolt Trap at McFarland Creek Road Bridge,5/2/2025,2025,48.151085,-120.056584,116
3D9.1A4FD2A055,Larvae,METTRP - Methow Smolt Trap at McFarland Creek Road Bridge,METTRP,Methow Smolt Trap at McFarland Creek Road Bridge,5/10/2025,2025,48.151085,-120.056584,133
3D9.1A4FD2A056,Larvae,METTRP - Methow Smolt Trap at McFarland Creek Road Bridge,METTRP,Methow Smolt Trap at McFarland Creek Road Bridge,5/5/2025,2025,48.151085,-120.056584,143
3D9.1A4FD2A057,Larvae,METTRP - Methow Smolt Trap at McFarland Creek Road Bridge,METTRP,Methow Smolt Trap at McFarland Creek Road Bridge,5/11/2025,2025,48.151085,-120.056584,140
3D9.1A4FD2A058,Larvae,METTRP - Methow Smolt Trap at McFarland Creek Road Bridge,METTRP,Methow Smolt Trap at McFarland Creek Road Bridge,5/11/2025,2025,48.151085,-120.056584,142
3D9.1A4FD2A059,Macropthalmia (eyed juvenile),METTRP - Methow Smolt Trap at McFarland Creek Road Bridge,METTRP,Methow Smolt Trap at McFarland Creek Road Bridge,5/2/2025,2025,48.151085,-120.056584,129
3D9.1A4FD2A05A,Macropthalmia (eyed juvenile),METTRP - Methow Smolt Trap at McFarland Creek Road Bridge,METTRP,Methow Smolt Trap at McFarland Creek Road Bridge,5/4/2025,2025,48.151085,-120.056584,135
3D9.1A4FD2A05B,Macropthalmia (eyed juvenile),METTRP - Methow Smolt Trap at McFarland Creek Road Bridge,METTRP,Methow Smolt Trap at McFarland Creek Road Bridge,5/5/2025,2025,48.151085,-120.056584,140
3D9.1A4FD2A05C,Macropthalmia (eyed juvenile),METTRP - Methow Smolt Trap at McFarland Creek Road Bridge,METTRP,Methow Smolt Trap at McFarland Creek Road Bridge,5/4/2025,2025,48.151085,-120.056584,130
3D9.1A4FD2A05D,Larvae,METTRP - Methow Smolt Trap at McFarland Creek Road Bridge,METTRP,Methow Smolt Trap at McFarland Creek Road Bridge,5/13/2025,2025,48.151085,-120.056584,140
3D9.1A4FD2A05E,Macropthalmia (eyed juvenile),METTRP - Methow Smolt Trap at McFarland Creek Road Bridge,METTRP,Methow Smolt Trap at McFarland Creek Road Bridge,5/2/2025,2025,48.151085,-120.056584,126
3D9.1A4FD2A05F,Larvae,METTRP - Methow Smolt Trap at McFarland Creek Road Bridge,METTRP,Methow Smolt Trap at McFarland Creek Road Bridge,5/6/2025,2025,48.151085,-120.056584,110
3D9.1A4FD2A060,Larvae,METTRP - Methow Smolt Trap at McFarland Creek Road Bridge,METTRP,Methow Smolt Trap at McFarland Creek Road Bridge,5/5/2025,2025,48.151085,-120.056584,130
3D9.1A4FD2A061,Larvae,METTRP - Methow Smolt Trap at McFarland Creek Road Bridge,METTRP,Methow Smolt Trap at McFarland Creek Road Bridge,5/10/2025,2025,48.151085,-120.056584,114
3D9.1A4FD2A062,Larvae,METTRP - Methow Smolt Trap at McFarland Creek Road Bridge,METTRP,Methow Smolt Trap at McFarland Creek Road Bridge,5/13/2025,2025,48.151085,-120.056584,129
3D9.1A4FD2A063,Larvae,METTRP - Methow Smolt Trap at McFarland Creek Road Bridge,METTRP,Methow Smolt Trap at McFarland Creek Road Bridge,5/13/2025,2025,48.151085,-120.056584,128
3D9.1A4FD2A064,Larvae,METTRP - Methow Smolt Trap at McFarland Creek Road Bridge,METTRP,Methow Smolt Trap at McFarland Creek Road Bridge,5/15/2025,2025,48.151085,-120.056584,127
3D9.1A4FD2A065,Larvae,METTRP - Methow Smolt Trap at McFarland Creek Road Bridge,METTRP,Methow Smolt Trap at McFarland Creek Road Bridge,5/6/2025,2025,48.151085,-120.056584,125
3D9.1A4FD2A066,Larvae,METTRP - Methow Smolt Trap at McFarland Creek Road Bridge,METTRP,Methow Smolt Trap at McFarland Creek Road Bridge,5/15/2025,2025,48.151085,-120.056584,125
3D9.1A4FD2A067,Macropthalmia (eyed juvenile),METTRP - Methow Smolt Trap at McFarland Creek Road Bridge,METTRP,Methow Smolt Trap at McFarland Creek Road Bridge,5/4/2025,2025,48.151085,-120.056584,134
3D9.1A4FD2A068,Larvae,METTRP - Methow Smolt Trap at McFarland Creek Road Bridge,METTRP,Methow Smolt Trap at McFarland Creek Road Bridge,5/10/2025,2025,48.151085,-120.056584,128
3D9.1A4FD2A069,Larvae,METTRP - Methow Smolt Trap at McFarland Creek Road Bridge,METTRP,Methow Smolt Trap at McFarland Creek Road Bridge,5/14/2025,2025,48.151085,-120.056584,130
3D9.1A4FD2A06A,Larvae,METTRP - Methow Smolt Trap at McFarland Creek Road Bridge,METTRP,Methow Smolt Trap at McFarland Creek Road Bridge,5/13/2025,2025,48.151085,-120.056584,127
3D9.1A4FD2A06B,Larvae,METTRP - Methow Smolt Trap at McFarland Creek Road Bridge,METTRP,Methow Smolt Trap at McFarland Creek Road Bridge,5/13/2025,2025,48.151085,-120.056584,131
3D9.1A4FD2A06C,Larvae,METTRP - Methow Smolt Trap at McFarland Creek Road Bridge,METTRP,Methow Smolt Trap at McFarland Creek Road Bridge,5/6/2025,2025,48.151085,-120.056584,128
3D9.1A4FD2A06D,Larvae,METTRP - Methow Smolt Trap at McFarland Creek Road Bridge,METTRP,Methow Smolt Trap at McFarland Creek Road Bridge,5/6/2025,2025,48.151085,-120.056584,118
3D9.1A4FD2A06E,Larvae,METTRP - Methow Smolt Trap at McFarland Creek Road Bridge,METTRP,Methow Smolt Trap at McFarland Creek Road Bridge,5/15/2025,2025,48.151085,-120.056584,128
3D9.1A4FD2A06F,Macropthalmia (eyed juvenile),METTRP - Methow Smolt Trap at McFarland Creek Road Bridge,METTRP,Methow Smolt Trap at McFarland Creek Road Bridge,5/3/2025,2025,48.151085,-120.056584,132
3D9.1A4FD2A070,Larvae,METTRP - Methow Smolt Trap at McFarland Creek Road Bridge,METTRP,Methow Smolt Trap at McFarland Creek Road Bridge,5/9/2025,2025,48.151085,-120.056584,96
3D9.1A4FD2A071,Macropthalmia (eyed juvenile),METTRP - Methow Smolt Trap at McFarland Creek Road Bridge,METTRP,Methow Smolt Trap at McFarland Creek Road Bridge,5/3/2025,2025,48.151085,-120.056584,132
3D9.1A4FD2A072,Larvae,METTRP - Methow Smolt Trap at McFarland Creek Road Bridge,METTRP,Methow Smolt Trap at McFarland Creek Road Bridge,5/5/2025,2025,48.151085,-120.056584,141
3D9.1A4FD2A073,Macropthalmia (eyed juvenile),METTRP - Methow Smolt Trap at McFarland Creek Road Bridge,METTRP,Methow Smolt Trap at McFarland Creek Road Bridge,5/3/2025,2025,48.151085,-120.056584,136
3D9.1A4FD2A074,Larvae,METTRP - Methow Smolt Trap at McFarland Creek Road Bridge,METTRP,Methow Smolt Trap at McFarland Creek Road Bridge,5/8/2025,2025,48.151085,-120.056584,125
3D9.1A4FD2A075,Larvae,METTRP - Methow Smolt Trap at McFarland Creek Road Bridge,METTRP,Methow Smolt Trap at McFarland Creek Road Bridge,5/9/2025,2025,48.151085,-120.056584,107
3D9.1A4FD2A076,Macropthalmia (eyed juvenile),METTRP - Methow Smolt Trap at McFarland Creek Road Bridge,METTRP,Methow Smolt Trap at McFarland Creek Road Bridge,5/2/2025,2025,48.151085,-120.056584,121
3D9.1A4FD2A077,Larvae,METTRP - Methow Smolt Trap at McFarland Creek Road Bridge,METTRP,Methow Smolt Trap at McFarland Creek Road Bridge,5/14/2025,2025,48.151085,-120.056584,125
3D9.1A4FD2A078,Macropthalmia (eyed juvenile),METTRP - Methow Smolt Trap at McFarland Creek Road Bridge,METTRP,Methow Smolt Trap at McFarland Creek Road Bridge,5/3/2025,2025,48.151085,-120.056584,142
3D9.1A4FD2A079,Larvae,METTRP - Methow Smolt Trap at McFarland Creek Road Bridge,METTRP,Methow Smolt Trap at McFarland Creek Road Bridge,5/13/2025,2025,48.151085,-120.056584,125
3D9.1A4FD2A07A,Larvae,METTRP - Methow Smolt Trap at McFarland Creek Road Bridge,METTRP,Methow Smolt Trap at McFarland Creek Road Bridge,5/13/2025,2025,48.151085,-120.056584,134
3D9.1A4FD2A07B,Larvae,METTRP - Methow Smolt Trap at McFarland Creek Road Bridge,METTRP,Methow Smolt Trap at McFarland Creek Road Bridge,5/15/2025,2025,48.151085,-120.056584,131
3D9.1A4FD2A07C,Macropthalmia (eyed juvenile),METTRP - Methow Smolt Trap at McFarland Creek Road Bridge,METTRP,Methow Smolt Trap at McFarland Creek Road Bridge,5/4/2025,2025,48.151085,-120.056584,135
3D9.1A4FD2A07D,Larvae,METTRP - Methow Smolt Trap at McFarland Creek Road Bridge,METTRP,Methow Smolt Trap at McFarland Creek Road Bridge,5/6/2025,2025,48.151085,-120.056584,129
3D9.1A4FD2A07E,Larvae,METTRP - Methow Smolt Trap at McFarland Creek Road Bridge,METTRP,Methow Smolt Trap at McFarland Creek Road Bridge,5/5/2025,2025,48.151085,-120.056584,132
3D9.1A4FD2A07F,Larvae,METTRP - Methow Smolt Trap at McFarland Creek Road Bridge,METTRP,Methow Smolt Trap at McFarland Creek Road Bridge,5/10/2025,2025,48.151085,-120.056584,126
3D9.1A4FD2A080,Larvae,METTRP - Methow Smolt Trap at McFarland Creek Road Bridge,METTRP,Methow Smolt Trap at McFarland Creek Road Bridge,5/13/2025,2025,48.151085,-120.056584,135
3D9.1A4FD2A081,Macropthalmia (eyed juvenile),METTRP - Methow Smolt Trap at McFarland Creek Road Bridge,METTRP,Methow Smolt Trap at McFarland Creek Road Bridge,5/4/2025,2025,48.151085,-120.056584,147
3D9.1A4FD2A082,Macropthalmia (eyed juvenile),METTRP - Methow Smolt Trap at McFarland Creek Road Bridge,METTRP,Methow Smolt Trap at McFarland Creek Road Bridge,5/2/2025,2025,48.151085,-120.056584,135
3D9.1A4FD2A083,Macropthalmia (eyed juvenile),METTRP - Methow Smolt Trap at McFarland Creek Road Bridge,METTRP,Methow Smolt Trap at McFarland Creek Road Bridge,5/3/2025,2025,48.151085,-120.056584,125
3D9.1A4FD2A084,Macropthalmia (eyed juvenile),METTRP - Methow Smolt Trap at McFarland Creek Road Bridge,METTRP,Methow Smolt Trap at McFarland Creek Road Bridge,5/4/2025,2025,48.151085,-120.056584,165
3D9.1A4FD2A085,Larvae,METTRP - Methow Smolt Trap at McFarland Creek Road Bridge,METTRP,Methow Smolt Trap at McFarland Creek Road Bridge,5/15/2025,2025,48.151085,-120.056584,129
3D9.1A4FD2A086,Macropthalmia (eyed juvenile),METTRP - Methow Smolt Trap at McFarland Creek Road Bridge,METTRP,Methow Smolt Trap at McFarland Creek Road Bridge,5/4/2025,2025,48.151085,-120.056584,130
3D9.1A4FD2A087,Larvae,METTRP - Methow Smolt Trap at McFarland Creek Road Bridge,METTRP,Methow Smolt Trap at McFarland Creek Road Bridge,5/9/2025,2025,48.151085,-120.056584,121
3D9.1A4FD2A088,Macropthalmia (eyed juvenile),METTRP - Methow Smolt Trap at McFarland Creek Road Bridge,METTRP,Methow Smolt Trap at McFarland Creek Road Bridge,5/3/2025,2025,48.151085,-120.056584,137
3D9.1A4FD2A089,Larvae,METTRP - Methow Smolt Trap at McFarland Creek Road Bridge,METTRP,Methow Smolt Trap at McFarland Creek Road Bridge,5/9/2025,2025,48.151085,-120.056584,127
3D9.1A4FD2A08A,Larvae,METTRP - Methow Smolt Trap at McFarland Creek Road Bridge,METTRP,Methow Smolt Trap at McFarland Creek Road Bridge,5/6/2025,2025,48.151085,-120.056584,106
3D9.1A4FD2A08B,Larvae,METTRP - Methow Smolt Trap at McFarland Creek Road Bridge,METTRP,Methow Smolt Trap at McFarland Creek Road Bridge,5/17/2025,2025,48.151085,-120.056584,126
3D9.1A4FD2A08C,Larvae,METTRP - Methow Smolt Trap at McFarland Creek Road Bridge,METTRP,Methow Smolt Trap at McFarland Creek Road Bridge,5/22/2025,2025,48.151085,-120.056584,129
3D9.1A4FD2A08D,Larvae,METTRP - Methow Smolt Trap at McFarland Creek Road Bridge,METTRP,Methow Smolt Trap at McFarland Creek Road Bridge,5/19/2025,2025,48.151085,-120.056584,132
3D9.1A4FD2A08E,Larvae,METTRP - Methow Smolt Trap at McFarland Creek Road Bridge,METTRP,Methow Smolt Trap at McFarland Creek Road Bridge,5/23/2025,2025,48.151085,-120.056584,127
3D9.1A4FD2A08F,Larvae,METTRP - Methow Smolt Trap at McFarland Creek Road Bridge,METTRP,Methow Smolt Trap at McFarland Creek Road Bridge,5/18/2025,2025,48.151085,-120.056584,123
3D9.1A4FD2A090,Larvae,METTRP - Methow Smolt Trap at McFarland Creek Road Bridge,METTRP,Methow Smolt Trap at McFarland Creek Road Bridge,5/30/2025,2025,48.151085,-120.056584,131
3D9.1A4FD2A091,Larvae,METTRP - Methow Smolt Trap at McFarland Creek Road Bridge,METTRP,Methow Smolt Trap at McFarland Creek Road Bridge,5/28/2025,2025,48.151085,-120.056584,134
3D9.1A4FD2A092,Larvae,METTRP - Methow Smolt Trap at McFarland Creek Road Bridge,METTRP,Methow Smolt Trap at McFarland Creek Road Bridge,6/3/2025,2025,48.151085,-120.056584,128
3D9.1A4FD2A093,Larvae,METTRP - Methow Smolt Trap at McFarland Creek Road Bridge,METTRP,Methow Smolt Trap at McFarland Creek Road Bridge,5/24/2025,2025,48.151085,-120.056584,128
3D9.1A4FD2A094,Larvae,METTRP - Methow Smolt Trap at McFarland Creek Road Bridge,METTRP,Methow Smolt Trap at McFarland Creek Road Bridge,6/1/2025,2025,48.151085,-120.056584,131
3D9.1A4FD2A095,Larvae,METTRP - Methow Smolt Trap at McFarland Creek Road Bridge,METTRP,Methow Smolt Trap at McFarland Creek Road Bridge,5/26/2025,2025,48.151085,-120.056584,134
3D9.1A4FD2A096,Larvae,METTRP - Methow Smolt Trap at McFarland Creek Road Bridge,METTRP,Methow Smolt Trap at McFarland Creek Road Bridge,5/27/2025,2025,48.151085,-120.056584,119
3D9.1A4FD2A097,Larvae,METTRP - Methow Smolt Trap at McFarland Creek Road Bridge,METTRP,Methow Smolt Trap at McFarland Creek Road Bridge,6/2/2025,2025,48.151085,-120.056584,125
3D9.1A4FD2A098,Larvae,METTRP - Methow Smolt Trap at McFarland Creek Road Bridge,METTRP,Methow Smolt Trap at McFarland Creek Road Bridge,5/19/2025,2025,48.151085,-120.056584,126
3D9.1A4FD2A099,Larvae,METTRP - Methow Smolt Trap at McFarland Creek Road Bridge,METTRP,Methow Smolt Trap at McFarland Creek Road Bridge,5/17/2025,2025,48.151085,-120.056584,125
3D9.1A4FD2A09A,Larvae,METTRP - Methow Smolt Trap at McFarland Creek Road Bridge,METTRP,Methow Smolt Trap at McFarland Creek Road Bridge,5/29/2025,2025,48.151085,-120.056584,128
3D9.1A4FD2A09B,Macropthalmia (eyed juvenile),METTRP - Methow Smolt Trap at McFarland Creek Road Bridge,METTRP,Methow Smolt Trap at McFarland Creek Road Bridge,5/31/2025,2025,48.151085,-120.056584,140
3D9.1A4FD2A09C,Larvae,METTRP - Methow Smolt Trap at McFarland Creek Road Bridge,METTRP,Methow Smolt Trap at McFarland Creek Road Bridge,5/29/2025,2025,48.151085,-120.056584,120
3D9.1A4FD2A09D,Larvae,METTRP - Methow Smolt Trap at McFarland Creek Road Bridge,METTRP,Methow Smolt Trap at McFarland Creek Road Bridge,5/18/2025,2025,48.151085,-120.056584,119
3D9.1A4FD2A09E,Larvae,METTRP - Methow Smolt Trap at McFarland Creek Road Bridge,METTRP,Methow Smolt Trap at McFarland Creek Road Bridge,5/28/2025,2025,48.151085,-120.056584,135
3D9.1A4FD2A09F,Larvae,METTRP - Methow Smolt Trap at McFarland Creek Road Bridge,METTRP,Methow Smolt Trap at McFarland Creek Road Bridge,5/29/2025,2025,48.151085,-120.056584,128
3D9.1A4FD2A0A0,Larvae,METTRP - Methow Smolt Trap at McFarland Creek Road Bridge,METTRP,Methow Smolt Trap at McFarland Creek Road Bridge,5/21/2025,2025,48.151085,-120.056584,136
3D9.1A4FD2A0A1,Larvae,METTRP - Methow Smolt Trap at McFarland Creek Road Bridge,METTRP,Methow Smolt Trap at McFarland Creek Road Bridge,5/27/2025,2025,48.151085,-120.056584,130
3D9.1A4FD2A0A2,Larvae,METTRP - Methow Smolt Trap at McFarland Creek Road Bridge,METTRP,Methow Smolt Trap at McFarland Creek Road Bridge,5/21/2025,2025,48.151085,-120.056584,136
3D9.1A4FD2A0A3,Larvae,METTRP - Methow Smolt Trap at McFarland Creek Road Bridge,METTRP,Methow Smolt Trap at McFarland Creek Road Bridge,5/26/2025,2025,48.151085,-120.056584,135
3D9.1A4FD2A0A4,Larvae,METTRP - Methow Smolt Trap at McFarland Creek Road Bridge,METTRP,Methow Smolt Trap at McFarland Creek Road Bridge,5/31/2025,2025,48.151085,-120.056584,135
3D9.1A4FD2A0A5,Larvae,METTRP - Methow Smolt Trap at McFarland Creek Road Bridge,METTRP,Methow Smolt Trap at McFarland Creek Road Bridge,5/31/2025,2025,48.151085,-120.056584,123
3D9.1A4FD2A0A6,Larvae,METTRP - Methow Smolt Trap at McFarland Creek Road Bridge,METTRP,Methow Smolt Trap at McFarland Creek Road Bridge,5/31/2025,2025,48.151085,-120.056584,117
3D9.1A4FD2A0A7,Larvae,METTRP - Methow Smolt Trap at McFarland Creek Road Bridge,METTRP,Methow Smolt Trap at McFarland Creek Road Bridge,5/21/2025,2025,48.151085,-120.056584,132
3D9.1A4FD2A0A8,Larvae,METTRP - Methow Smolt Trap at McFarland Creek Road Bridge,METTRP,Methow Smolt Trap at McFarland Creek Road Bridge,5/18/2025,2025,48.151085,-120.056584,117
3D9.1A4FD2A0A9,Larvae,METTRP - Methow Smolt Trap at McFarland Creek Road Bridge,METTRP,Methow Smolt Trap at McFarland Creek Road Bridge,5/18/2025,2025,48.151085,-120.056584,125
3D9.1A4FD2A0AA,Larvae,METTRP - Methow Smolt Trap at McFarland Creek Road Bridge,METTRP,Methow Smolt Trap at McFarland Creek Road Bridge,5/24/2025,2025,48.151085,-120.056584,120
3D9.1A4FD2A0AB,Larvae,METTRP - Methow Smolt Trap at McFarland Creek Road Bridge,METTRP,Methow Smolt Trap at McFarland Creek Road Bridge,5/17/2025,2025,48.151085,-120.056584,126
3D9.1A4FD2A0AC,Larvae,METTRP - Methow Smolt Trap at McFarland Creek Road Bridge,METTRP,Methow Smolt Trap at McFarland Creek Road Bridge,5/31/2025,2025,48.151085,-120.056584,125
3D9.1A4FD2A0AD,Larvae,METTRP - Methow Smolt Trap at McFarland Creek Road Bridge,METTRP,Methow Smolt Trap at McFarland Creek Road Bridge,5/21/2025,2025,48.151085,-120.056584,133
3D9.1A4FD2A0AE,Larvae,METTRP - Methow Smolt Trap at McFarland Creek Road Bridge,METTRP,Methow Smolt Trap at McFarland Creek Road Bridge,5/23/2025,2025,48.151085,-120.056584,121
3D9.1A4FD2A0AF,Larvae,METTRP - Methow Smolt Trap at McFarland Creek Road Bridge,METTRP,Methow Smolt Trap at McFarland Creek Road Bridge,5/18/2025,2025,48.151085,-120.056584,123
3D9.1A4FD2A0B0,Larvae,METTRP - Methow Smolt Trap at McFarland Creek Road Bridge,METTRP,Methow Smolt Trap at McFarland Creek Road Bridge,5/31/2025,2025,48.151085,-120.056584,131
3D9.1A4FD2A0B1,Larvae,METTRP - Methow Smolt Trap at McFarland Creek Road Bridge,METTRP,Methow Smolt Trap at McFarland Creek Road Bridge,5/29/2025,2025,48.151085,-120.056584,120
3D9.1A4FD2A0B2,Larvae,METTRP - Methow Smolt Trap at McFarland Creek Road Bridge,METTRP,Methow Smolt Trap at McFarland Creek Road Bridge,5/25/2025,2025,48.151085,-120.056584,125
3D9.1A4FD2A0B3,Larvae,METTRP - Methow Smolt Trap at McFarland Creek Road Bridge,METTRP,Methow Smolt Trap at McFarland Creek Road Bridge,5/21/2025,2025,48.151085,-120.056584,139
3D9.1A4FD2A0B4,Larvae,METTRP - Methow Smolt Trap at McFarland Creek Road Bridge,METTRP,Methow Smolt Trap at McFarland Creek Road Bridge,5/17/2025,2025,48.151085,-120.056584,130
3D9.1A4FD2A0B5,Larvae,METTRP - Methow Smolt Trap at McFarland Creek Road Bridge,METTRP,Methow Smolt Trap at McFarland Creek Road Bridge,5/28/2025,2025,48.151085,-120.056584,138
3D9.1A4FD2A0B6,Larvae,METTRP - Methow Smolt Trap at McFarland Creek Road Bridge,METTRP,Methow Smolt Trap at McFarland Creek Road Bridge,5/21/2025,2025,48.151085,-120.056584,142
3D9.1A4FD2A0B7,Larvae,METTRP - Methow Smolt Trap at McFarland Creek Road Bridge,METTRP,Methow Smolt Trap at McFarland Creek Road Bridge,5/21/2025,2025,48.151085,-120.056584,140
3D9.1A4FD2A0B8,Larvae,METTRP - Methow Smolt Trap at McFarland Creek Road Bridge,METTRP,Methow Smolt Trap at McFarland Creek Road Bridge,5/30/2025,2025,48.151085,-120.056584,114
3D9.1A4FD2A0B9,Larvae,METTRP - Methow Smolt Trap at McFarland Creek Road Bridge,METTRP,Methow Smolt Trap at McFarland Creek Road Bridge,5/25/2025,2025,48.151085,-120.056584,132
3D9.1A4FD2A0BA,Larvae,METTRP - Methow Smolt Trap at McFarland Creek Road Bridge,METTRP,Methow Smolt Trap at McFarland Creek Road Bridge,5/25/2025,2025,48.151085,-120.056584,130
3D9.1A4FD2A0BB,Larvae,METTRP - Methow Smolt Trap at McFarland Creek Road Bridge,METTRP,Methow Smolt Trap at McFarland Creek Road Bridge,5/28/2025,2025,48.151085,-120.056584,136
3D9.1A4FD2A0BC,Larvae,METTRP - Methow Smolt Trap at McFarland Creek Road Bridge,METTRP,Methow Smolt Trap at McFarland Creek Road Bridge,5/18/2025,2025,48.151085,-120.056584,132
3D9.1A4FD2A0BD,Larvae,METTRP - Methow Smolt Trap at McFarland Creek Road Bridge,METTRP,Methow Smolt Trap at McFarland Creek Road Bridge,5/19/2025,2025,48.151085,-120.056584,135
3D9.1A4FD2A0BE,Larvae,METTRP - Methow Smolt Trap at McFarland Creek Road Bridge,METTRP,Methow Smolt Trap at McFarland Creek Road Bridge,5/30/2025,2025,48.151085,-120.056584,132
3D9.1A4FD2A0BF,Larvae,METTRP - Methow Smolt Trap at McFarland Creek Road Bridge,METTRP,Methow Smolt Trap at McFarland Creek Road Bridge,5/26/2025,2025,48.151085,-120.056584,129
3D9.1A4FD2A0C0,Larvae,METTRP - Methow Smolt Trap at McFarland Creek Road Bridge,METTRP,Methow Smolt Trap at McFarland Creek Road Bridge,5/25/2025,2025,48.151085,-120.056584,129
3D9.1A4FD2A0C1,Larvae,METTRP - Methow Smolt Trap at McFarland Creek Road Bridge,METTRP,Methow Smolt Trap at McFarland Creek Road Bridge,6/2/2025,2025,48.151085,-120.056584,135
3D9.1A4FD2A0C2,Larvae,METTRP - Methow Smolt Trap at McFarland Creek Road Bridge,METTRP,Methow Smolt Trap at McFarland Creek Road Bridge,6/2/2025,2025,48.151085,-120.056584,134
3D9.1A4FD2A0C3,Macropthalmia (eyed juvenile),METTRP - Methow Smolt Trap at McFarland Creek Road Bridge,METTRP,Methow Smolt Trap at McFarland Creek Road Bridge,5/29/2025,2025,48.151085,-120.056584,125
3D9.1A4FD2A0C4,Macropthalmia (eyed juvenile),METTRP - Methow Smolt Trap at McFarland Creek Road Bridge,METTRP,Methow Smolt Trap at McFarland Creek Road Bridge,5/30/2025,2025,48.151085,-120.056584,121
3D9.1A4FD2A0C5,Larvae,METTRP - Methow Smolt Trap at McFarland Creek Road Bridge,METTRP,Methow Smolt Trap at McFarland Creek Road Bridge,5/31/2025,2025,48.151085,-120.056584,116
3D9.1A4FD2A0C6,Larvae,METTRP - Methow Smolt Trap at McFarland Creek Road Bridge,METTRP,Methow Smolt Trap at McFarland Creek Road Bridge,6/2/2025,2025,48.151085,-120.056584,126
3D9.1A4FD2A0C7,Larvae,METTRP - Methow Smolt Trap at McFarland Creek Road Bridge,METTRP,Methow Smolt Trap at McFarland Creek Road Bridge,5/17/2025,2025,48.151085,-120.056584,132
3D9.1A4FD2A0C8,Larvae,METTRP - Methow Smolt Trap at McFarland Creek Road Bridge,METTRP,Methow Smolt Trap at McFarland Creek Road Bridge,6/1/2025,2025,48.151085,-120.056584,120
3D9.1A4FD2A0C9,Larvae,METTRP - Methow Smolt Trap at McFarland Creek Road Bridge,METTRP,Methow Smolt Trap at McFarland Creek Road Bridge,5/28/2025,2025,48.151085,-120.056584,130
3D9.1A4FD2A0CA,Larvae,METTRP - Methow Smolt Trap at McFarland Creek Road Bridge,METTRP,Methow Smolt Trap at McFarland Creek Road Bridge,5/18/2025,2025,48.151085,-120.056584,130
3D9.1A4FD2A0CB,Larvae,METTRP - Methow Smolt Trap at McFarland Creek Road Bridge,METTRP,Methow Smolt Trap at McFarland Creek Road Bridge,5/19/2025,2025,48.151085,-120.056584,127
3D9.1A4FD2A0CC,Larvae,METTRP - Methow Smolt Trap at McFarland Creek Road Bridge,METTRP,Methow Smolt Trap at McFarland Creek Road Bridge,5/28/2025,2025,48.151085,-120.056584,140
3D9.1A4FD2A0CD,Larvae,METTRP - Methow Smolt Trap at McFarland Creek Road Bridge,METTRP,Methow Smolt Trap at McFarland Creek Road Bridge,5/25/2025,2025,48.151085,-120.056584,128
3D9.1A4FD2A0CE,Larvae,METTRP - Methow Smolt Trap at McFarland Creek Road Bridge,METTRP,Methow Smolt Trap at McFarland Creek Road Bridge,5/22/2025,2025,48.151085,-120.056584,133
3D9.1A4FD2A0CF,Larvae,METTRP - Methow Smolt Trap at McFarland Creek Road Bridge,METTRP,Methow Smolt Trap at McFarland Creek Road Bridge,5/26/2025,2025,48.151085,-120.056584,130
3D9.1A4FD2A0D0,Larvae,METTRP - Methow Smolt Trap at McFarland Creek Road Bridge,METTRP,Methow Smolt Trap at McFarland Creek Road Bridge,5/23/2025,2025,48.151085,-120.056584,132
3D9.1A4FD2A0D1,Larvae,METTRP - Methow Smolt Trap at McFarland Creek Road Bridge,METTRP,Methow Smolt Trap at McFarland Creek Road Bridge,5/25/2025,2025,48.151085,-120.056584,125
3D9.1A4FD2A0D2,Larvae,METTRP - Methow Smolt Trap at McFarland Creek Road Bridge,METTRP,Methow Smolt Trap at McFarland Creek Road Bridge,5/21/2025,2025,48.151085,-120.056584,138
3D9.1A4FD2A0D3,Larvae,METTRP - Methow Smolt Trap at McFarland Creek Road Bridge,METTRP,Methow Smolt Trap at McFarland Creek Road Bridge,5/17/2025,2025,48.151085,-120.056584,134
3D9.1A4FD2A0D4,Larvae,METTRP - Methow Smolt Trap at McFarland Creek Road Bridge,METTRP,Methow Smolt Trap at McFarland Creek Road Bridge,5/29/2025,2025,48.151085,-120.056584,112
3D9.1A4FD2A0D5,Larvae,METTRP - Methow Smolt Trap at McFarland Creek Road Bridge,METTRP,Methow Smolt Trap at McFarland Creek Road Bridge,5/28/2025,2025,48.151085,-120.056584,130
3D9.1A4FD2A0D6,Larvae,METTRP - Methow Smolt Trap at McFarland Creek Road Bridge,METTRP,Methow Smolt Trap at McFarland Creek Road Bridge,5/19/2025,2025,48.151085,-120.056584,119
3D9.1A4FD2A0D7,Larvae,METTRP - Methow Smolt Trap at McFarland Creek Road Bridge,METTRP,Methow Smolt Trap at McFarland Creek Road Bridge,5/28/2025,2025,48.151085,-120.056584,130
3D9.1A4FD2A0D8,Larvae,METTRP - Methow Smolt Trap at McFarland Creek Road Bridge,METTRP,Methow Smolt Trap at McFarland Creek Road Bridge,5/19/2025,2025,48.151085,-120.056584,122
3D9.1A4FD2A0D9,Larvae,METTRP - Methow Smolt Trap at McFarland Creek Road Bridge,METTRP,Methow Smolt Trap at McFarland Creek Road Bridge,5/22/2025,2025,48.151085,-120.056584,133
3D9.1A4FD2A0DA,Larvae,METTRP - Methow Smolt Trap at McFarland Creek Road Bridge,METTRP,Methow Smolt Trap at McFarland Creek Road Bridge,5/26/2025,2025,48.151085,-120.056584,121
3D9.1A4FD2A0DB,Macropthalmia (eyed juvenile),METTRP - Methow Smolt Trap at McFarland Creek Road Bridge,METTRP,Methow Smolt Trap at McFarland Creek Road Bridge,5/27/2025,2025,48.151085,-120.056584,129
3D9.1A4FD2A0DC,Larvae,METTRP - Methow Smolt Trap at McFarland Creek Road Bridge,METTRP,Methow Smolt Trap at McFarland Creek Road Bridge,5/19/2025,2025,48.151085,-120.056584,127
3D9.1A4FD2A0DD,Larvae,METTRP - Methow Smolt Trap at McFarland Creek Road Bridge,METTRP,Methow Smolt Trap at McFarland Creek Road Bridge,5/18/2025,2025,48.151085,-120.056584,125
3D9.1A4FD2A0DE,Larvae,METTRP - Methow Smolt Trap at McFarland Creek Road Bridge,METTRP,Methow Smolt Trap at McFarland Creek Road Bridge,5/26/2025,2025,48.151085,-120.056584,121
3D9.1A4FD2A0DF,Larvae,METTRP - Methow Smolt Trap at McFarland Creek Road Bridge,METTRP,Methow Smolt Trap at McFarland Creek Road Bridge,5/31/2025,2025,48.151085,-120.056584,135
3D9.1A4FD2A0E0,Larvae,METTRP - Methow Smolt Trap at McFarland Creek Road Bridge,METTRP,Methow Smolt Trap at McFarland Creek Road Bridge,5/20/2025,2025,48.151085,-120.056584,129
3D9.1A4FD2A0E1,Larvae,METTRP - Methow Smolt Trap at McFarland Creek Road Bridge,METTRP,Methow Smolt Trap at McFarland Creek Road Bridge,5/28/2025,2025,48.151085,-120.056584,136
3D9.1A4FD2A0E2,Larvae,METTRP - Methow Smolt Trap at McFarland Creek Road Bridge,METTRP,Methow Smolt Trap at McFarland Creek Road Bridge,5/20/2025,2025,48.151085,-120.056584,132
3D9.1A4FD2A0E3,Larvae,METTRP - Methow Smolt Trap at McFarland Creek Road Bridge,METTRP,Methow Smolt Trap at McFarland Creek Road Bridge,5/19/2025,2025,48.151085,-120.056584,106
3D9.1A4FD2A0E4,Larvae,METTRP - Methow Smolt Trap at McFarland Creek Road Bridge,METTRP,Methow Smolt Trap at McFarland Creek Road Bridge,5/28/2025,2025,48.151085,-120.056584,137
3D9.1A4FD2A0E5,Larvae,METTRP - Methow Smolt Trap at McFarland Creek Road Bridge,METTRP,Methow Smolt Trap at McFarland Creek Road Bridge,5/19/2025,2025,48.151085,-120.056584,127
3D9.1A4FD2A0E6,Larvae,METTRP - Methow Smolt Trap at McFarland Creek Road Bridge,METTRP,Methow Smolt Trap at McFarland Creek Road Bridge,5/17/2025,2025,48.151085,-120.056584,128
3D9.1A4FD2A0E7,Larvae,METTRP - Methow Smolt Trap at McFarland Creek Road Bridge,METTRP,Methow Smolt Trap at McFarland Creek Road Bridge,6/2/2025,2025,48.151085,-120.056584,130
3D9.1A4FD2A0E8,Larvae,METTRP - Methow Smolt Trap at McFarland Creek Road Bridge,METTRP,Methow Smolt Trap at McFarland Creek Road Bridge,5/17/2025,2025,48.151085,-120.056584,118
3D9.1A4FD2A0E9,Larvae,METTRP - Methow Smolt Trap at McFarland Creek Road Bridge,METTRP,Methow Smolt Trap at McFarland Creek Road Bridge,5/17/2025,2025,48.151085,-120.056584,116
3D9.1A4FD2A0EA,Larvae,METTRP - Methow Smolt Trap at McFarland Creek Road Bridge,METTRP,Methow Smolt Trap at McFarland Creek Road Bridge,5/19/2025,2025,48.151085,-120.056584,114
3D9.1A4FD2A0EB,Larvae,METTRP - Methow Smolt Trap at McFarland Creek Road Bridge,METTRP,Methow Smolt Trap at McFarland Creek Road Bridge,5/18/2025,2025,48.151085,-120.056584,123
3D9.1A4FD2A0EC,Larvae,METTRP - Methow Smolt Trap at McFarland Creek Road Bridge,METTRP,Methow Smolt Trap at McFarland Creek Road Bridge,5/24/2025,2025,48.151085,-120.056584,128
3D9.1A4FD2A0ED,Larvae,METTRP - Methow Smolt Trap at McFarland Creek Road Bridge,METTRP,Methow Smolt Trap at McFarland Creek Road Bridge,5/18/2025,2025,48.151085,-120.056584,117
3D9.1A4FD2A0EE,Larvae,METTRP - Methow Smolt Trap at McFarland Creek Road Bridge,METTRP,Methow Smolt Trap at McFarland Creek Road Bridge,5/29/2025,2025,48.151085,-120.056584,125
3D9.1A4FD2A0F0,Larvae,TWITRP - Twisp River rotary smolt trap,TWITRP,Twisp River rotary smolt trap,11/19/2025,2025,48.367273,-120.138784,132
3D9.1A4FD2A0F1,Larvae,TWITRP - Twisp River rotary smolt trap,TWITRP,Twisp River rotary smolt trap,12/20/2025,2025,48.367273,-120.138784,133
3D9.1A4FD2A0F3,Larvae,TWITRP - Twisp River rotary smolt trap,TWITRP,Twisp River rotary smolt trap,12/23/2025,2025,48.367273,-120.138784,122
3D9.1A4FD2A0F9,Larvae,TWITRP - Twisp River rotary smolt trap,TWITRP,Twisp River rotary smolt trap,11/15/2025,2025,48.367273,-120.138784,96
3D9.1A4FD2A0FB,Larvae,TWITRP - Twisp River rotary smolt trap,TWITRP,Twisp River rotary smolt trap,12/15/2025,2025,48.367273,-120.138784,117
3D9.1A4FD2A0FE,Larvae,TWITRP - Twisp River rotary smolt trap,TWITRP,Twisp River rotary smolt trap,1/3/2026,2026,48.367273,-120.138784,132
3D9.1A4FD2A0FF,Larvae,TWITRP - Twisp River rotary smolt trap,TWITRP,Twisp River rotary smolt trap,11/17/2025,2025,48.367273,-120.138784,140
3D9.1A4FD2A100,Larvae,TWITRP - Twisp River rotary smolt trap,TWITRP,Twisp River rotary smolt trap,11/17/2025,2025,48.367273,-120.138784,127
3D9.1A4FD2A103,Larvae,TWITRP - Twisp River rotary smolt trap,TWITRP,Twisp River rotary smolt trap,11/15/2025,2025,48.367273,-120.138784,139
3D9.1A4FD2A104,Larvae,TWITRP - Twisp River rotary smolt trap,TWITRP,Twisp River rotary smolt trap,11/19/2025,2025,48.367273,-120.138784,107
3D9.1A4FD2A105,Larvae,TWITRP - Twisp River rotary smolt trap,TWITRP,Twisp River rotary smolt trap,12/10/2025,2025,48.367273,-120.138784,115
3D9.1A4FD2A106,Larvae,TWITRP - Twisp River rotary smolt trap,TWITRP,Twisp River rotary smolt trap,11/17/2025,2025,48.367273,-120.138784,124
3D9.1A4FD2A10B,Larvae,TWITRP - Twisp River rotary smolt trap,TWITRP,Twisp River rotary smolt trap,11/15/2025,2025,48.367273,-120.138784,122
3D9.1A4FD2A10C,Larvae,TWITRP - Twisp River rotary smolt trap,TWITRP,Twisp River rotary smolt trap,11/15/2025,2025,48.367273,-120.138784,156
3D9.1A4FD2A111,Larvae,TWITRP - Twisp River rotary smolt trap,TWITRP,Twisp River rotary smolt trap,11/16/2025,2025,48.367273,-120.138784,125
3D9.1A4FD2A112,Larvae,TWITRP - Twisp River rotary smolt trap,TWITRP,Twisp River rotary smolt trap,11/19/2025,2025,48.367273,-120.138784,143
3D9.1A4FD2A113,Larvae,TWITRP - Twisp River rotary smolt trap,TWITRP,Twisp River rotary smolt trap,12/15/2025,2025,48.367273,-120.138784,130
3D9.1A4FD2A117,Larvae,TWITRP - Twisp River rotary smolt trap,TWITRP,Twisp River rotary smolt trap,12/10/2025,2025,48.367273,-120.138784,124
3D9.1A4FD2A11A,Larvae,TWITRP - Twisp River rotary smolt trap,TWITRP,Twisp River rotary smolt trap,11/16/2025,2025,48.367273,-120.138784,120
3D9.1A4FD2A11B,Larvae,TWITRP - Twisp River rotary smolt trap,TWITRP,Twisp River rotary smolt trap,11/16/2025,2025,48.367273,-120.138784,121
3D9.1A4FD2A11D,Larvae,TWITRP - Twisp River rotary smolt trap,TWITRP,Twisp River rotary smolt trap,12/15/2025,2025,48.367273,-120.138784,112
3D9.1A4FD2A11F,Larvae,TWITRP - Twisp River rotary smolt trap,TWITRP,Twisp River rotary smolt trap,11/16/2025,2025,48.367273,-120.138784,122
3D9.1A4FD2A120,Larvae,TWITRP - Twisp River rotary smolt trap,TWITRP,Twisp River rotary smolt trap,11/16/2025,2025,48.367273,-120.138784,125
3D9.1A4FD2A121,Larvae,TWITRP - Twisp River rotary smolt trap,TWITRP,Twisp River rotary smolt trap,12/5/2025,2025,48.367273,-120.138784,130
3D9.1A4FD2A123,Larvae,TWITRP - Twisp River rotary smolt trap,TWITRP,Twisp River rotary smolt trap,12/1/2025,2025,48.367273,-120.138784,126
3D9.1A4FD2A124,Larvae,TWITRP - Twisp River rotary smolt trap,TWITRP,Twisp River rotary smolt trap,1/4/2026,2026,48.367273,-120.138784,120
3D9.1A4FD2A127,Larvae,TWITRP - Twisp River rotary smolt trap,TWITRP,Twisp River rotary smolt trap,11/17/2025,2025,48.367273,-120.138784,151
3D9.1A4FD2A128,Larvae,TWITRP - Twisp River rotary smolt trap,TWITRP,Twisp River rotary smolt trap,11/15/2025,2025,48.367273,-120.138784,91
3D9.1A4FD2A12A,Larvae,TWITRP - Twisp River rotary smolt trap,TWITRP,Twisp River rotary smolt trap,12/19/2025,2025,48.367273,-120.138784,125
3D9.1A4FD2A12B,Larvae,TWITRP - Twisp River rotary smolt trap,TWITRP,Twisp River rotary smolt trap,12/22/2025,2025,48.367273,-120.138784,117
3D9.1A4FD2A12D,Larvae,TWITRP - Twisp River rotary smolt trap,TWITRP,Twisp River rotary smolt trap,11/15/2025,2025,48.367273,-120.138784,107
3D9.1A4FD2A12F,Larvae,TWITRP - Twisp River rotary smolt trap,TWITRP,Twisp River rotary smolt trap,11/16/2025,2025,48.367273,-120.138784,131
3D9.1A4FD2A131,Larvae,TWITRP - Twisp River rotary smolt trap,TWITRP,Twisp River rotary smolt trap,12/3/2025,2025,48.367273,-120.138784,116
3D9.1A4FD2A132,Larvae,TWITRP - Twisp River rotary smolt trap,TWITRP,Twisp River rotary smolt trap,11/17/2025,2025,48.367273,-120.138784,107
3D9.1A4FD2A133,Larvae,TWITRP - Twisp River rotary smolt trap,TWITRP,Twisp River rotary smolt trap,12/21/2025,2025,48.367273,-120.138784,134
3D9.1A4FD2A134,Larvae,TWITRP - Twisp River rotary smolt trap,TWITRP,Twisp River rotary smolt trap,11/21/2025,2025,48.367273,-120.138784,140
3D9.1A4FD2A136,Larvae,TWITRP - Twisp River rotary smolt trap,TWITRP,Twisp River rotary smolt trap,11/16/2025,2025,48.367273,-120.138784,90
3D9.1A4FD2A138,Larvae,TWITRP - Twisp River rotary smolt trap,TWITRP,Twisp River rotary smolt trap,12/15/2025,2025,48.367273,-120.138784,136
3D9.1A4FD2A139,Larvae,TWITRP - Twisp River rotary smolt trap,TWITRP,Twisp River rotary smolt trap,11/15/2025,2025,48.367273,-120.138784,139
3D9.1A4FD2A13C,Larvae,TWITRP - Twisp River rotary smolt trap,TWITRP,Twisp River rotary smolt trap,12/15/2025,2025,48.367273,-120.138784,120
3D9.1A4FD2A13D,Larvae,TWITRP - Twisp River rotary smolt trap,TWITRP,Twisp River rotary smolt trap,12/21/2025,2025,48.367273,-120.138784,127
3D9.1A4FD2A13E,Larvae,TWITRP - Twisp River rotary smolt trap,TWITRP,Twisp River rotary smolt trap,11/15/2025,2025,48.367273,-120.138784,132
3D9.1A4FD2A13F,Larvae,TWITRP - Twisp River rotary smolt trap,TWITRP,Twisp River rotary smolt trap,11/16/2025,2025,48.367273,-120.138784,120
3D9.1A4FD2A141,Larvae,TWITRP - Twisp River rotary smolt trap,TWITRP,Twisp River rotary smolt trap,11/15/2025,2025,48.367273,-120.138784,121
3D9.1A4FD2A142,Larvae,TWITRP - Twisp River rotary smolt trap,TWITRP,Twisp River rotary smolt trap,11/16/2025,2025,48.367273,-120.138784,90
3D9.1A4FD2A143,Larvae,TWITRP - Twisp River rotary smolt trap,TWITRP,Twisp River rotary smolt trap,12/15/2025,2025,48.367273,-120.138784,145
3D9.1A4FD2A144,Larvae,TWITRP - Twisp River rotary smolt trap,TWITRP,Twisp River rotary smolt trap,11/19/2025,2025,48.367273,-120.138784,119
3D9.1A4FD2A145,Larvae,TWITRP - Twisp River rotary smolt trap,TWITRP,Twisp River rotary smolt trap,12/23/2025,2025,48.367273,-120.138784,128
3D9.1A4FD2A146,Larvae,TWITRP - Twisp River rotary smolt trap,TWITRP,Twisp River rotary smolt trap,11/19/2025,2025,48.367273,-120.138784,116
3D9.1A4FD2A147,Larvae,TWITRP - Twisp River rotary smolt trap,TWITRP,Twisp River rotary smolt trap,1/4/2026,2026,48.367273,-120.138784,116
3D9.1A4FD2A148,Larvae,TWITRP - Twisp River rotary smolt trap,TWITRP,Twisp River rotary smolt trap,11/17/2025,2025,48.367273,-120.138784,139
3D9.1A4FD2A14A,Larvae,TWITRP - Twisp River rotary smolt trap,TWITRP,Twisp River rotary smolt trap,12/22/2025,2025,48.367273,-120.138784,130
3D9.1A4FD2A14B,Larvae,TWITRP - Twisp River rotary smolt trap,TWITRP,Twisp River rotary smolt trap,11/16/2025,2025,48.367273,-120.138784,94
3D9.1A4FD2A14C,Larvae,TWITRP - Twisp River rotary smolt trap,TWITRP,Twisp River rotary smolt trap,12/21/2025,2025,48.367273,-120.138784,123
3D9.1A4FD2A14D,Larvae,TWITRP - Twisp River rotary smolt trap,TWITRP,Twisp River rotary smolt trap,11/17/2025,2025,48.367273,-120.138784,124
3D9.1A4FD2A14F,Larvae,TWITRP - Twisp River rotary smolt trap,TWITRP,Twisp River rotary smolt trap,12/19/2025,2025,48.367273,-120.138784,130
3D9.1A4FD2A150,Larvae,TWITRP - Twisp River rotary smolt trap,TWITRP,Twisp River rotary smolt trap,11/15/2025,2025,48.367273,-120.138784,111
3D9.1A4FD2A151,Larvae,TWITRP - Twisp River rotary smolt trap,TWITRP,Twisp River rotary smolt trap,11/19/2025,2025,48.367273,-120.138784,147
3DD.003D670F1C,Larvae,METTRP - Methow Smolt Trap at McFarland Creek Road Bridge,METTRP,Methow Smolt Trap at McFarland Creek Road Bridge,6/20/2022,2022,48.151085,-120.056584,147
3DD.003D670F1E,Macropthalmia (eyed juvenile),METHR - Methow River,METTRP,Methow Smolt Trap at McFarland Creek Road Bridge,5/1/2023,2023,48.151085,-120.056584,148
3DD.003D670F23,Larvae,METTRP - Methow Smolt Trap at McFarland Creek Road Bridge,METTRP,Methow Smolt Trap at McFarland Creek Road Bridge,6/20/2022,2022,48.151085,-120.056584,140
3DD.003D670F3C,Larvae,METHR - Methow River,METTRP,Methow Smolt Trap at McFarland Creek Road Bridge,5/26/2023,2023,48.151085,-120.056584,145
3DD.003D670F41,Larvae,METTRP - Methow Smolt Trap at McFarland Creek Road Bridge,METTRP,Methow Smolt Trap at McFarland Creek Road Bridge,5/15/2023,2023,48.151085,-120.056584,136
3DD.003D670F4C,Larvae,METTRP - Methow Smolt Trap at McFarland Creek Road Bridge,METTRP,Methow Smolt Trap at McFarland Creek Road Bridge,5/15/2023,2023,48.151085,-120.056584,132
3DD.003D670F5E,Larvae,METHR - Methow River,METTRP,Methow Smolt Trap at McFarland Creek Road Bridge,5/26/2023,2023,48.151085,-120.056584,152
3DD.003D670F61,Larvae,METHR - Methow River,METTRP,Methow Smolt Trap at McFarland Creek Road Bridge,4/25/2023,2023,48.151085,-120.056584,139
3DD.003D670F63,Larvae,METHR - Methow River,METTRP,Methow Smolt Trap at McFarland Creek Road Bridge,4/25/2023,2023,48.151085,-120.056584,132
3DD.003D670F7C,Larvae,METTRP - Methow Smolt Trap at McFarland Creek Road Bridge,METTRP,Methow Smolt Trap at McFarland Creek Road Bridge,5/15/2023,2023,48.151085,-120.056584,146
3DD.003D67110F,Larvae,METHR - Methow River,METTRP,Methow Smolt Trap at McFarland Creek Road Bridge,5/26/2023,2023,48.151085,-120.056584,142
3DD.003D671159,Larvae,METTRP - Methow Smolt Trap at McFarland Creek Road Bridge,METTRP,Methow Smolt Trap at McFarland Creek Road Bridge,5/15/2023,2023,48.151085,-120.056584,139
3DD.003D67115B,Larvae,METHR - Methow River,METTRP,Methow Smolt Trap at McFarland Creek Road Bridge,4/13/2023,2023,48.151085,-120.056584,131
3DD.003D9374D2,Larvae,METTRP - Methow Smolt Trap at McFarland Creek Road Bridge,METTRP,Methow Smolt Trap at McFarland Creek Road Bridge,5/1/2021,2021,48.151085,-120.056584,140
3DD.003D9374D3,Larvae,METHR - Methow River,METTRP,Methow Smolt Trap at McFarland Creek Road Bridge,5/3/2021,2021,48.151085,-120.056584,146
3DD.003D9374D4,Larvae,METTRP - Methow Smolt Trap at McFarland Creek Road Bridge,METTRP,Methow Smolt Trap at McFarland Creek Road Bridge,5/5/2021,2021,48.151085,-120.056584,135
3DD.003D9374D5,Larvae,METTRP - Methow Smolt Trap at McFarland Creek Road Bridge,METTRP,Methow Smolt Trap at McFarland Creek Road Bridge,4/28/2021,2021,48.151085,-120.056584,139
3DD.003D9374D6,Larvae,METHR - Methow River,METTRP,Methow Smolt Trap at McFarland Creek Road Bridge,5/3/2021,2021,48.151085,-120.056584,151
3DD.003D9374D7,Larvae,METTRP - Methow Smolt Trap at McFarland Creek Road Bridge,METTRP,Methow Smolt Trap at McFarland Creek Road Bridge,5/1/2021,2021,48.151085,-120.056584,150
3DD.003D9374D8,Larvae,METTRP - Methow Smolt Trap at McFarland Creek Road Bridge,METTRP,Methow Smolt Trap at McFarland Creek Road Bridge,5/4/2021,2021,48.151085,-120.056584,143
3DD.003D9374D9,Larvae,METTRP - Methow Smolt Trap at McFarland Creek Road Bridge,METTRP,Methow Smolt Trap at McFarland Creek Road Bridge,5/1/2021,2021,48.151085,-120.056584,139
3DD.003D9374DA,Larvae,METTRP - Methow Smolt Trap at McFarland Creek Road Bridge,METTRP,Methow Smolt Trap at McFarland Creek Road Bridge,5/1/2021,2021,48.151085,-120.056584,143
3DD.003D9374DB,Larvae,METTRP - Methow Smolt Trap at McFarland Creek Road Bridge,METTRP,Methow Smolt Trap at McFarland Creek Road Bridge,5/4/2021,2021,48.151085,-120.056584,138
3DD.003D9374DC,Larvae,METHR - Methow River,METTRP,Methow Smolt Trap at McFarland Creek Road Bridge,5/3/2021,2021,48.151085,-120.056584,139
3DD.003D9374DD,Macropthalmia (eyed juvenile),METTRP - Methow Smolt Trap at McFarland Creek Road Bridge,METTRP,Methow Smolt Trap at McFarland Creek Road Bridge,4/30/2021,2021,48.151085,-120.056584,146
3DD.003D9374DE,Larvae,METTRP - Methow Smolt Trap at McFarland Creek Road Bridge,METTRP,Methow Smolt Trap at McFarland Creek Road Bridge,5/6/2021,2021,48.151085,-120.056584,135
3DD.003D9374DF,Larvae,METHR - Methow River,METTRP,Methow Smolt Trap at McFarland Creek Road Bridge,5/3/2021,2021,48.151085,-120.056584,155
3DD.003D9374E0,Larvae,METHR - Methow River,METTRP,Methow Smolt Trap at McFarland Creek Road Bridge,5/3/2021,2021,48.151085,-120.056584,143
3DD.003D9374E1,Larvae,METHR - Methow River,METTRP,Methow Smolt Trap at McFarland Creek Road Bridge,5/3/2021,2021,48.151085,-120.056584,137
3DD.003D9374E2,Larvae,METTRP - Methow Smolt Trap at McFarland Creek Road Bridge,METTRP,Methow Smolt Trap at McFarland Creek Road Bridge,5/16/2021,2021,48.151085,-120.056584,140
3DD.003D9374E3,Larvae,METHR - Methow River,METTRP,Methow Smolt Trap at McFarland Creek Road Bridge,5/3/2021,2021,48.151085,-120.056584,137
3DD.003D9374E4,Larvae,METHR - Methow River,METTRP,Methow Smolt Trap at McFarland Creek Road Bridge,5/3/2021,2021,48.151085,-120.056584,141
3DD.003D9374E5,Larvae,METHR - Methow River,METTRP,Methow Smolt Trap at McFarland Creek Road Bridge,5/3/2021,2021,48.151085,-120.056584,114
3DD.003D9374E7,Larvae,METHR - Methow River,METTRP,Methow Smolt Trap at McFarland Creek Road Bridge,5/3/2021,2021,48.151085,-120.056584,142
3DD.003D9374E8,Larvae,METTRP - Methow Smolt Trap at McFarland Creek Road Bridge,METTRP,Methow Smolt Trap at McFarland Creek Road Bridge,5/16/2021,2021,48.151085,-120.056584,144
3DD.003D9374E9,Larvae,METHR - Methow River,METTRP,Methow Smolt Trap at McFarland Creek Road Bridge,5/3/2021,2021,48.151085,-120.056584,145
3DD.003D9374EA,Larvae,METTRP - Methow Smolt Trap at McFarland Creek Road Bridge,METTRP,Methow Smolt Trap at McFarland Creek Road Bridge,5/17/2021,2021,48.151085,-120.056584,133
3DD.003D9374EB,Larvae,METTRP - Methow Smolt Trap at McFarland Creek Road Bridge,METTRP,Methow Smolt Trap at McFarland Creek Road Bridge,4/30/2021,2021,48.151085,-120.056584,136
3DD.003D9374EC,Larvae,METHR - Methow River,METTRP,Methow Smolt Trap at McFarland Creek Road Bridge,5/3/2021,2021,48.151085,-120.056584,161
3DD.003D9374ED,Larvae,METHR - Methow River,METTRP,Methow Smolt Trap at McFarland Creek Road Bridge,5/3/2021,2021,48.151085,-120.056584,139
3DD.003D9374EE,Larvae,METHR - Methow River,METTRP,Methow Smolt Trap at McFarland Creek Road Bridge,5/10/2021,2021,48.151085,-120.056584,146
3DD.003D9374EF,Larvae,METTRP - Methow Smolt Trap at McFarland Creek Road Bridge,METTRP,Methow Smolt Trap at McFarland Creek Road Bridge,5/7/2021,2021,48.151085,-120.056584,135
3DD.003D9374F0,Macropthalmia (eyed juvenile),METTRP - Methow Smolt Trap at McFarland Creek Road Bridge,METTRP,Methow Smolt Trap at McFarland Creek Road Bridge,5/1/2021,2021,48.151085,-120.056584,139
3DD.003D9374F1,Larvae,METHR - Methow River,METTRP,Methow Smolt Trap at McFarland Creek Road Bridge,5/10/2021,2021,48.151085,-120.056584,145
3DD.003D9374F2,Larvae,METTRP - Methow Smolt Trap at McFarland Creek Road Bridge,METTRP,Methow Smolt Trap at McFarland Creek Road Bridge,5/16/2021,2021,48.151085,-120.056584,136
3DD.003D9374F3,Larvae,METTRP - Methow Smolt Trap at McFarland Creek Road Bridge,METTRP,Methow Smolt Trap at McFarland Creek Road Bridge,5/6/2021,2021,48.151085,-120.056584,133
3DD.003D9374F4,Larvae,METHR - Methow River,METTRP,Methow Smolt Trap at McFarland Creek Road Bridge,5/10/2021,2021,48.151085,-120.056584,152
3DD.003D9374F5,Larvae,METHR - Methow River,METTRP,Methow Smolt Trap at McFarland Creek Road Bridge,5/3/2021,2021,48.151085,-120.056584,148
3DD.003D9374F6,Macropthalmia (eyed juvenile),METHR - Methow River,METTRP,Methow Smolt Trap at McFarland Creek Road Bridge,5/3/2021,2021,48.151085,-120.056584,145
3DD.003D9374F7,Larvae,METHR - Methow River,METTRP,Methow Smolt Trap at McFarland Creek Road Bridge,5/3/2021,2021,48.151085,-120.056584,138
3DD.003D9374F8,Larvae,METHR - Methow River,METTRP,Methow Smolt Trap at McFarland Creek Road Bridge,5/3/2021,2021,48.151085,-120.056584,141
3DD.003D9374F9,Larvae,METTRP - Methow Smolt Trap at McFarland Creek Road Bridge,METTRP,Methow Smolt Trap at McFarland Creek Road Bridge,5/17/2021,2021,48.151085,-120.056584,144
3DD.003D9374FA,Larvae,METTRP - Methow Smolt Trap at McFarland Creek Road Bridge,METTRP,Methow Smolt Trap at McFarland Creek Road Bridge,5/1/2021,2021,48.151085,-120.056584,144
3DD.003D9374FB,Larvae,METHR - Methow River,METTRP,Methow Smolt Trap at McFarland Creek Road Bridge,5/3/2021,2021,48.151085,-120.056584,147
3DD.003D9374FC,Larvae,METTRP - Methow Smolt Trap at McFarland Creek Road Bridge,METTRP,Methow Smolt Trap at McFarland Creek Road Bridge,5/7/2021,2021,48.151085,-120.056584,138
3DD.003D9374FD,Larvae,METTRP - Methow Smolt Trap at McFarland Creek Road Bridge,METTRP,Methow Smolt Trap at McFarland Creek Road Bridge,5/7/2021,2021,48.151085,-120.056584,143
3DD.003D9374FE,Larvae,METTRP - Methow Smolt Trap at McFarland Creek Road Bridge,METTRP,Methow Smolt Trap at McFarland Creek Road Bridge,4/30/2021,2021,48.151085,-120.056584,138
3DD.003D9374FF,Larvae,METHR - Methow River,METTRP,Methow Smolt Trap at McFarland Creek Road Bridge,5/10/2021,2021,48.151085,-120.056584,135
3DD.003D937500,Larvae,METHR - Methow River,METTRP,Methow Smolt Trap at McFarland Creek Road Bridge,5/3/2021,2021,48.151085,-120.056584,147
3DD.003D937501,Larvae,METTRP - Methow Smolt Trap at McFarland Creek Road Bridge,METTRP,Methow Smolt Trap at McFarland Creek Road Bridge,5/6/2021,2021,48.151085,-120.056584,137
3DD.003D937502,Larvae,METHR - Methow River,METTRP,Methow Smolt Trap at McFarland Creek Road Bridge,5/3/2021,2021,48.151085,-120.056584,147
3DD.003D937503,Larvae,METHR - Methow River,METTRP,Methow Smolt Trap at McFarland Creek Road Bridge,5/3/2021,2021,48.151085,-120.056584,137
3DD.003D937504,Larvae,METTRP - Methow Smolt Trap at McFarland Creek Road Bridge,METTRP,Methow Smolt Trap at McFarland Creek Road Bridge,5/16/2021,2021,48.151085,-120.056584,136
3DD.003D937505,Larvae,METHR - Methow River,METTRP,Methow Smolt Trap at McFarland Creek Road Bridge,5/10/2021,2021,48.151085,-120.056584,138
3DD.003D937506,Larvae,METHR - Methow River,METTRP,Methow Smolt Trap at McFarland Creek Road Bridge,5/3/2021,2021,48.151085,-120.056584,138
3DD.003D937507,Larvae,METHR - Methow River,METTRP,Methow Smolt Trap at McFarland Creek Road Bridge,5/3/2021,2021,48.151085,-120.056584,141
3DD.003D937508,Larvae,METHR - Methow River,METTRP,Methow Smolt Trap at McFarland Creek Road Bridge,5/10/2021,2021,48.151085,-120.056584,144
3DD.003D937509,Larvae,METHR - Methow River,METTRP,Methow Smolt Trap at McFarland Creek Road Bridge,5/10/2021,2021,48.151085,-120.056584,138
3DD.003D93750A,Larvae,METHR - Methow River,METTRP,Methow Smolt Trap at McFarland Creek Road Bridge,5/3/2021,2021,48.151085,-120.056584,143
3DD.003D93750B,Macropthalmia (eyed juvenile),METHR - Methow River,METTRP,Methow Smolt Trap at McFarland Creek Road Bridge,5/3/2021,2021,48.151085,-120.056584,141
3DD.003D93750C,Larvae,METHR - Methow River,METTRP,Methow Smolt Trap at McFarland Creek Road Bridge,5/3/2021,2021,48.151085,-120.056584,144
3DD.003D93750D,Larvae,METTRP - Methow Smolt Trap at McFarland Creek Road Bridge,METTRP,Methow Smolt Trap at McFarland Creek Road Bridge,5/18/2021,2021,48.151085,-120.056584,151
3DD.003D93750E,Macropthalmia (eyed juvenile),METTRP - Methow Smolt Trap at McFarland Creek Road Bridge,METTRP,Methow Smolt Trap at McFarland Creek Road Bridge,5/1/2021,2021,48.151085,-120.056584,140
3DD.003D93750F,Larvae,METHR - Methow River,METTRP,Methow Smolt Trap at McFarland Creek Road Bridge,5/3/2021,2021,48.151085,-120.056584,150
3DD.003D937510,Larvae,METTRP - Methow Smolt Trap at McFarland Creek Road Bridge,METTRP,Methow Smolt Trap at McFarland Creek Road Bridge,5/15/2021,2021,48.151085,-120.056584,149
3DD.003D937511,Macropthalmia (eyed juvenile),METHR - Methow River,METTRP,Methow Smolt Trap at McFarland Creek Road Bridge,5/3/2021,2021,48.151085,-120.056584,144
3DD.003D937512,Larvae,METTRP - Methow Smolt Trap at McFarland Creek Road Bridge,METTRP,Methow Smolt Trap at McFarland Creek Road Bridge,5/1/2021,2021,48.151085,-120.056584,168
3DD.003D937513,Larvae,METTRP - Methow Smolt Trap at McFarland Creek Road Bridge,METTRP,Methow Smolt Trap at McFarland Creek Road Bridge,5/7/2021,2021,48.151085,-120.056584,136
3DD.003D937514,Larvae,METTRP - Methow Smolt Trap at McFarland Creek Road Bridge,METTRP,Methow Smolt Trap at McFarland Creek Road Bridge,5/1/2021,2021,48.151085,-120.056584,137
3DD.003D937515,Larvae,METHR - Methow River,METTRP,Methow Smolt Trap at McFarland Creek Road Bridge,5/3/2021,2021,48.151085,-120.056584,138
3DD.003D937516,Larvae,METHR - Methow River,METTRP,Methow Smolt Trap at McFarland Creek Road Bridge,5/10/2021,2021,48.151085,-120.056584,138
3DD.003D937517,Larvae,METTRP - Methow Smolt Trap at McFarland Creek Road Bridge,METTRP,Methow Smolt Trap at McFarland Creek Road Bridge,5/15/2021,2021,48.151085,-120.056584,140
3DD.003D937518,Larvae,METHR - Methow River,METTRP,Methow Smolt Trap at McFarland Creek Road Bridge,5/3/2021,2021,48.151085,-120.056584,144
3DD.003D937519,Larvae,METHR - Methow River,METTRP,Methow Smolt Trap at McFarland Creek Road Bridge,5/3/2021,2021,48.151085,-120.056584,138
3DD.003D93751A,Larvae,METHR - Methow River,METTRP,Methow Smolt Trap at McFarland Creek Road Bridge,5/3/2021,2021,48.151085,-120.056584,140
3DD.003D93751B,Macropthalmia (eyed juvenile),METTRP - Methow Smolt Trap at McFarland Creek Road Bridge,METTRP,Methow Smolt Trap at McFarland Creek Road Bridge,5/1/2021,2021,48.151085,-120.056584,140
3DD.003D93751C,Larvae,METHR - Methow River,METTRP,Methow Smolt Trap at McFarland Creek Road Bridge,5/10/2021,2021,48.151085,-120.056584,143
3DD.003D93751D,Larvae,METTRP - Methow Smolt Trap at McFarland Creek Road Bridge,METTRP,Methow Smolt Trap at McFarland Creek Road Bridge,4/30/2021,2021,48.151085,-120.056584,138
3DD.003D93751E,Larvae,METHR - Methow River,METTRP,Methow Smolt Trap at McFarland Creek Road Bridge,5/3/2021,2021,48.151085,-120.056584,139
3DD.003D93751F,Larvae,METHR - Methow River,METTRP,Methow Smolt Trap at McFarland Creek Road Bridge,5/3/2021,2021,48.151085,-120.056584,148
3DD.003D937520,Larvae,METTRP - Methow Smolt Trap at McFarland Creek Road Bridge,METTRP,Methow Smolt Trap at McFarland Creek Road Bridge,5/1/2021,2021,48.151085,-120.056584,139
3DD.003D937521,Larvae,METTRP - Methow Smolt Trap at McFarland Creek Road Bridge,METTRP,Methow Smolt Trap at McFarland Creek Road Bridge,5/4/2021,2021,48.151085,-120.056584,136
3DD.003D937522,Larvae,METTRP - Methow Smolt Trap at McFarland Creek Road Bridge,METTRP,Methow Smolt Trap at McFarland Creek Road Bridge,5/4/2021,2021,48.151085,-120.056584,139
3DD.003D937523,Macropthalmia (eyed juvenile),METHR - Methow River,METTRP,Methow Smolt Trap at McFarland Creek Road Bridge,5/3/2021,2021,48.151085,-120.056584,143
3DD.003D937524,Larvae,METHR - Methow River,METTRP,Methow Smolt Trap at McFarland Creek Road Bridge,5/3/2021,2021,48.151085,-120.056584,142
3DD.003D937525,Larvae,METHR - Methow River,METTRP,Methow Smolt Trap at McFarland Creek Road Bridge,5/3/2021,2021,48.151085,-120.056584,142
3DD.003D937527,Larvae,METTRP - Methow Smolt Trap at McFarland Creek Road Bridge,METTRP,Methow Smolt Trap at McFarland Creek Road Bridge,5/15/2021,2021,48.151085,-120.056584,136
3DD.003D937528,Larvae,METHR - Methow River,METTRP,Methow Smolt Trap at McFarland Creek Road Bridge,5/3/2021,2021,48.151085,-120.056584,139
3DD.003D937529,Larvae,METTRP - Methow Smolt Trap at McFarland Creek Road Bridge,METTRP,Methow Smolt Trap at McFarland Creek Road Bridge,5/6/2021,2021,48.151085,-120.056584,142
3DD.003D93752A,Larvae,METHR - Methow River,METTRP,Methow Smolt Trap at McFarland Creek Road Bridge,5/3/2021,2021,48.151085,-120.056584,139
3DD.003D93752B,Larvae,METTRP - Methow Smolt Trap at McFarland Creek Road Bridge,METTRP,Methow Smolt Trap at McFarland Creek Road Bridge,5/4/2021,2021,48.151085,-120.056584,137
3DD.003D93752C,Larvae,METHR - Methow River,METTRP,Methow Smolt Trap at McFarland Creek Road Bridge,5/3/2021,2021,48.151085,-120.056584,138
3DD.003D93752D,Larvae,METHR - Methow River,METTRP,Methow Smolt Trap at McFarland Creek Road Bridge,5/3/2021,2021,48.151085,-120.056584,145
3DD.003D93752E,Larvae,METTRP - Methow Smolt Trap at McFarland Creek Road Bridge,METTRP,Methow Smolt Trap at McFarland Creek Road Bridge,4/29/2021,2021,48.151085,-120.056584,140
3DD.003D93752F,Larvae,METTRP - Methow Smolt Trap at McFarland Creek Road Bridge,METTRP,Methow Smolt Trap at McFarland Creek Road Bridge,5/1/2021,2021,48.151085,-120.056584,147
3DD.003D937530,Larvae,METHR - Methow River,METTRP,Methow Smolt Trap at McFarland Creek Road Bridge,5/3/2021,2021,48.151085,-120.056584,147
3DD.003D937531,Larvae,METHR - Methow River,METTRP,Methow Smolt Trap at McFarland Creek Road Bridge,5/3/2021,2021,48.151085,-120.056584,140
3DD.003D937532,Larvae,METTRP - Methow Smolt Trap at McFarland Creek Road Bridge,METTRP,Methow Smolt Trap at McFarland Creek Road Bridge,4/30/2021,2021,48.151085,-120.056584,137
3DD.003D937533,Larvae,METTRP - Methow Smolt Trap at McFarland Creek Road Bridge,METTRP,Methow Smolt Trap at McFarland Creek Road Bridge,5/12/2021,2021,48.151085,-120.056584,142
3DD.003D937534,Larvae,METHR - Methow River,METTRP,Methow Smolt Trap at McFarland Creek Road Bridge,5/10/2021,2021,48.151085,-120.056584,135
3DD.003D937535,Larvae,METHR - Methow River,METTRP,Methow Smolt Trap at McFarland Creek Road Bridge,5/3/2021,2021,48.151085,-120.056584,139
3DD.003D9378BA,Larvae,METTRP - Methow Smolt Trap at McFarland Creek Road Bridge,METTRP,Methow Smolt Trap at McFarland Creek Road Bridge,6/3/2021,2021,48.151085,-120.056584,143
3DD.003D9378BB,Macropthalmia (eyed juvenile),METTRP - Methow Smolt Trap at McFarland Creek Road Bridge,METTRP,Methow Smolt Trap at McFarland Creek Road Bridge,5/6/2022,2022,48.151085,-120.056584,137
3DD.003D9378BC,Larvae,METTRP - Methow Smolt Trap at McFarland Creek Road Bridge,METTRP,Methow Smolt Trap at McFarland Creek Road Bridge,6/3/2021,2021,48.151085,-120.056584,142
3DD.003D9378BD,Larvae,METTRP - Methow Smolt Trap at McFarland Creek Road Bridge,METTRP,Methow Smolt Trap at McFarland Creek Road Bridge,5/16/2021,2021,48.151085,-120.056584,138
3DD.003D9378BE,Larvae,METTRP - Methow Smolt Trap at McFarland Creek Road Bridge,METTRP,Methow Smolt Trap at McFarland Creek Road Bridge,5/16/2021,2021,48.151085,-120.056584,144
3DD.003D9378BF,Larvae,METTRP - Methow Smolt Trap at McFarland Creek Road Bridge,METTRP,Methow Smolt Trap at McFarland Creek Road Bridge,5/16/2021,2021,48.151085,-120.056584,141
3DD.003D9378C0,Larvae,METTRP - Methow Smolt Trap at McFarland Creek Road Bridge,METTRP,Methow Smolt Trap at McFarland Creek Road Bridge,5/16/2021,2021,48.151085,-120.056584,139
3DD.003D9378C1,Larvae,METTRP - Methow Smolt Trap at McFarland Creek Road Bridge,METTRP,Methow Smolt Trap at McFarland Creek Road Bridge,6/3/2021,2021,48.151085,-120.056584,136
3DD.003D9378C2,Larvae,TWISPR - Twisp River,TWITRP,Twisp River rotary smolt trap,5/6/2022,2022,48.367273,-120.138784,162
3DD.003D9378C3,Larvae,METTRP - Methow Smolt Trap at McFarland Creek Road Bridge,METTRP,Methow Smolt Trap at McFarland Creek Road Bridge,6/2/2021,2021,48.151085,-120.056584,150
3DD.003D9378C4,Larvae,METTRP - Methow Smolt Trap at McFarland Creek Road Bridge,METTRP,Methow Smolt Trap at McFarland Creek Road Bridge,6/3/2021,2021,48.151085,-120.056584,144
3DD.003D9378C5,Larvae,METTRP - Methow Smolt Trap at McFarland Creek Road Bridge,METTRP,Methow Smolt Trap at McFarland Creek Road Bridge,6/13/2021,2021,48.151085,-120.056584,143
3DD.003D9378C6,Larvae,METTRP - Methow Smolt Trap at McFarland Creek Road Bridge,METTRP,Methow Smolt Trap at McFarland Creek Road Bridge,6/3/2021,2021,48.151085,-120.056584,135
3DD.003D9378C7,Larvae,METTRP - Methow Smolt Trap at McFarland Creek Road Bridge,METTRP,Methow Smolt Trap at McFarland Creek Road Bridge,6/6/2021,2021,48.151085,-120.056584,141
3DD.003D9378C8,Larvae,METTRP - Methow Smolt Trap at McFarland Creek Road Bridge,METTRP,Methow Smolt Trap at McFarland Creek Road Bridge,5/17/2021,2021,48.151085,-120.056584,133
3DD.003D9378C9,Larvae,METTRP - Methow Smolt Trap at McFarland Creek Road Bridge,METTRP,Methow Smolt Trap at McFarland Creek Road Bridge,6/2/2021,2021,48.151085,-120.056584,136
3DD.003D9378CA,Larvae,METTRP - Methow Smolt Trap at McFarland Creek Road Bridge,METTRP,Methow Smolt Trap at McFarland Creek Road Bridge,5/18/2021,2021,48.151085,-120.056584,143
3DD.003D9378CB,Larvae,METTRP - Methow Smolt Trap at McFarland Creek Road Bridge,METTRP,Methow Smolt Trap at McFarland Creek Road Bridge,5/16/2021,2021,48.151085,-120.056584,138
3DD.003D9378CC,Larvae,METTRP - Methow Smolt Trap at McFarland Creek Road Bridge,METTRP,Methow Smolt Trap at McFarland Creek Road Bridge,5/18/2021,2021,48.151085,-120.056584,165
3DD.003D9378CD,Larvae,METTRP - Methow Smolt Trap at McFarland Creek Road Bridge,METTRP,Methow Smolt Trap at McFarland Creek Road Bridge,6/3/2021,2021,48.151085,-120.056584,143
3DD.003D9378CE,Larvae,METTRP - Methow Smolt Trap at McFarland Creek Road Bridge,METTRP,Methow Smolt Trap at McFarland Creek Road Bridge,5/17/2021,2021,48.151085,-120.056584,141
3DD.003D9378CF,Larvae,METTRP - Methow Smolt Trap at McFarland Creek Road Bridge,METTRP,Methow Smolt Trap at McFarland Creek Road Bridge,5/16/2021,2021,48.151085,-120.056584,134
3DD.003D9378D0,Larvae,METTRP - Methow Smolt Trap at McFarland Creek Road Bridge,METTRP,Methow Smolt Trap at McFarland Creek Road Bridge,5/28/2021,2021,48.151085,-120.056584,138
3DD.003D9378D1,Larvae,METTRP - Methow Smolt Trap at McFarland Creek Road Bridge,METTRP,Methow Smolt Trap at McFarland Creek Road Bridge,6/3/2021,2021,48.151085,-120.056584,155
3DD.003D9378D2,Larvae,TWISPR - Twisp River,TWITRP,Twisp River rotary smolt trap,5/15/2022,2022,48.367273,-120.138784,148
3DD.003D9378D3,Larvae,TWISPR - Twisp River,TWITRP,Twisp River rotary smolt trap,3/29/2022,2022,48.367273,-120.138784,175
3DD.003D9378D4,Larvae,METTRP - Methow Smolt Trap at McFarland Creek Road Bridge,METTRP,Methow Smolt Trap at McFarland Creek Road Bridge,5/17/2021,2021,48.151085,-120.056584,140
3DD.003D9378D5,Larvae,METTRP - Methow Smolt Trap at McFarland Creek Road Bridge,METTRP,Methow Smolt Trap at McFarland Creek Road Bridge,6/3/2021,2021,48.151085,-120.056584,138
3DD.003D9378D6,Larvae,METTRP - Methow Smolt Trap at McFarland Creek Road Bridge,METTRP,Methow Smolt Trap at McFarland Creek Road Bridge,5/16/2021,2021,48.151085,-120.056584,140
3DD.003D9378D7,Larvae,METTRP - Methow Smolt Trap at McFarland Creek Road Bridge,METTRP,Methow Smolt Trap at McFarland Creek Road Bridge,5/16/2021,2021,48.151085,-120.056584,132
3DD.003D9378D8,Larvae,TWISPR - Twisp River,TWITRP,Twisp River rotary smolt trap,3/28/2022,2022,48.367273,-120.138784,175
3DD.003D9378D9,Larvae,METTRP - Methow Smolt Trap at McFarland Creek Road Bridge,METTRP,Methow Smolt Trap at McFarland Creek Road Bridge,5/16/2021,2021,48.151085,-120.056584,138
3DD.003D9378DA,Larvae,METTRP - Methow Smolt Trap at McFarland Creek Road Bridge,METTRP,Methow Smolt Trap at McFarland Creek Road Bridge,5/17/2021,2021,48.151085,-120.056584,135
3DD.003D9378DB,Larvae,METTRP - Methow Smolt Trap at McFarland Creek Road Bridge,METTRP,Methow Smolt Trap at McFarland Creek Road Bridge,5/17/2021,2021,48.151085,-120.056584,146
3DD.003D9378DC,Larvae,METTRP - Methow Smolt Trap at McFarland Creek Road Bridge,METTRP,Methow Smolt Trap at McFarland Creek Road Bridge,5/17/2021,2021,48.151085,-120.056584,138
3DD.003D9378DD,Larvae,METTRP - Methow Smolt Trap at McFarland Creek Road Bridge,METTRP,Methow Smolt Trap at McFarland Creek Road Bridge,6/3/2021,2021,48.151085,-120.056584,139
3DD.003D9378DE,Larvae,TWISPR - Twisp River,TWITRP,Twisp River rotary smolt trap,5/4/2022,2022,48.367273,-120.138784,146
3DD.003D9378DF,Larvae,METTRP - Methow Smolt Trap at McFarland Creek Road Bridge,METTRP,Methow Smolt Trap at McFarland Creek Road Bridge,5/16/2021,2021,48.151085,-120.056584,134
3DD.003D9378E0,Larvae,METTRP - Methow Smolt Trap at McFarland Creek Road Bridge,METTRP,Methow Smolt Trap at McFarland Creek Road Bridge,5/17/2021,2021,48.151085,-120.056584,139
3DD.003D9378E1,Larvae,TWISPR - Twisp River,TWITRP,Twisp River rotary smolt trap,5/6/2022,2022,48.367273,-120.138784,167
3DD.003D9378E2,Larvae,METTRP - Methow Smolt Trap at McFarland Creek Road Bridge,METTRP,Methow Smolt Trap at McFarland Creek Road Bridge,5/5/2022,2022,48.151085,-120.056584,136
3DD.003D9378E3,Larvae,METTRP - Methow Smolt Trap at McFarland Creek Road Bridge,METTRP,Methow Smolt Trap at McFarland Creek Road Bridge,5/5/2022,2022,48.151085,-120.056584,145
3DD.003D9378E4,Larvae,TWISPR - Twisp River,TWITRP,Twisp River rotary smolt trap,5/4/2022,2022,48.367273,-120.138784,147
3DD.003D9378E5,Larvae,METTRP - Methow Smolt Trap at McFarland Creek Road Bridge,METTRP,Methow Smolt Trap at McFarland Creek Road Bridge,5/17/2021,2021,48.151085,-120.056584,137
3DD.003D9378E6,Larvae,METTRP - Methow Smolt Trap at McFarland Creek Road Bridge,METTRP,Methow Smolt Trap at McFarland Creek Road Bridge,6/6/2021,2021,48.151085,-120.056584,142
3DD.003D9378E7,Larvae,METTRP - Methow Smolt Trap at McFarland Creek Road Bridge,METTRP,Methow Smolt Trap at McFarland Creek Road Bridge,5/17/2021,2021,48.151085,-120.056584,133
3DD.003D9378E8,Larvae,METTRP - Methow Smolt Trap at McFarland Creek Road Bridge,METTRP,Methow Smolt Trap at McFarland Creek Road Bridge,5/18/2021,2021,48.151085,-120.056584,132
3DD.003D9378E9,Larvae,TWISPR - Twisp River,TWITRP,Twisp River rotary smolt trap,4/2/2022,2022,48.367273,-120.138784,139
3DD.003D9378EA,Larvae,METTRP - Methow Smolt Trap at McFarland Creek Road Bridge,METTRP,Methow Smolt Trap at McFarland Creek Road Bridge,5/31/2021,2021,48.151085,-120.056584,145
3DD.003D9378EB,Larvae,METTRP - Methow Smolt Trap at McFarland Creek Road Bridge,METTRP,Methow Smolt Trap at McFarland Creek Road Bridge,6/3/2021,2021,48.151085,-120.056584,140
3DD.003D9378EC,Larvae,METTRP - Methow Smolt Trap at McFarland Creek Road Bridge,METTRP,Methow Smolt Trap at McFarland Creek Road Bridge,5/31/2021,2021,48.151085,-120.056584,143
3DD.003D9378ED,Larvae,METTRP - Methow Smolt Trap at McFarland Creek Road Bridge,METTRP,Methow Smolt Trap at McFarland Creek Road Bridge,6/2/2021,2021,48.151085,-120.056584,137
3DD.003D9378EE,Larvae,TWISPR - Twisp River,TWITRP,Twisp River rotary smolt trap,4/27/2022,2022,48.367273,-120.138784,167
3DD.003D9378EF,Larvae,METTRP - Methow Smolt Trap at McFarland Creek Road Bridge,METTRP,Methow Smolt Trap at McFarland Creek Road Bridge,5/18/2021,2021,48.151085,-120.056584,155
3DD.003D9378F0,Larvae,METTRP - Methow Smolt Trap at McFarland Creek Road Bridge,METTRP,Methow Smolt Trap at McFarland Creek Road Bridge,5/17/2021,2021,48.151085,-120.056584,132
3DD.003D9378F1,Larvae,METTRP - Methow Smolt Trap at McFarland Creek Road Bridge,METTRP,Methow Smolt Trap at McFarland Creek Road Bridge,6/3/2021,2021,48.151085,-120.056584,134
3DD.003D9378F2,Larvae,METTRP - Methow Smolt Trap at McFarland Creek Road Bridge,METTRP,Methow Smolt Trap at McFarland Creek Road Bridge,6/2/2021,2021,48.151085,-120.056584,138
3DD.003D9378F3,Macropthalmia (eyed juvenile),METTRP - Methow Smolt Trap at McFarland Creek Road Bridge,METTRP,Methow Smolt Trap at McFarland Creek Road Bridge,5/16/2021,2021,48.151085,-120.056584,138
3DD.003D9378F4,Larvae,TWISPR - Twisp River,TWITRP,Twisp River rotary smolt trap,5/4/2022,2022,48.367273,-120.138784,160
3DD.003D9378F5,Larvae,METTRP - Methow Smolt Trap at McFarland Creek Road Bridge,METTRP,Methow Smolt Trap at McFarland Creek Road Bridge,5/17/2021,2021,48.151085,-120.056584,139
3DD.003D9378F6,Larvae,METTRP - Methow Smolt Trap at McFarland Creek Road Bridge,METTRP,Methow Smolt Trap at McFarland Creek Road Bridge,5/17/2021,2021,48.151085,-120.056584,135
3DD.003D9378F7,Larvae,METTRP - Methow Smolt Trap at McFarland Creek Road Bridge,METTRP,Methow Smolt Trap at McFarland Creek Road Bridge,5/4/2022,2022,48.151085,-120.056584,137
3DD.003D9378F8,Larvae,METTRP - Methow Smolt Trap at McFarland Creek Road Bridge,METTRP,Methow Smolt Trap at McFarland Creek Road Bridge,6/2/2021,2021,48.151085,-120.056584,144
3DD.003D9378F9,Larvae,TWISPR - Twisp River,TWITRP,Twisp River rotary smolt trap,4/25/2022,2022,48.367273,-120.138784,169
3DD.003D9378FA,Larvae,METTRP - Methow Smolt Trap at McFarland Creek Road Bridge,METTRP,Methow Smolt Trap at McFarland Creek Road Bridge,6/2/2021,2021,48.151085,-120.056584,138
3DD.003D9378FB,Larvae,METTRP - Methow Smolt Trap at McFarland Creek Road Bridge,METTRP,Methow Smolt Trap at McFarland Creek Road Bridge,5/17/2021,2021,48.151085,-120.056584,132
3DD.003D9378FC,Larvae,METTRP - Methow Smolt Trap at McFarland Creek Road Bridge,METTRP,Methow Smolt Trap at McFarland Creek Road Bridge,6/6/2021,2021,48.151085,-120.056584,138
3DD.003D9378FD,Larvae,METTRP - Methow Smolt Trap at McFarland Creek Road Bridge,METTRP,Methow Smolt Trap at McFarland Creek Road Bridge,5/16/2021,2021,48.151085,-120.056584,142
3DD.003D9378FE,Larvae,METTRP - Methow Smolt Trap at McFarland Creek Road Bridge,METTRP,Methow Smolt Trap at McFarland Creek Road Bridge,5/18/2021,2021,48.151085,-120.056584,149
3DD.003D9378FF,Larvae,METTRP - Methow Smolt Trap at McFarland Creek Road Bridge,METTRP,Methow Smolt Trap at McFarland Creek Road Bridge,5/17/2021,2021,48.151085,-120.056584,137
3DD.003D937900,Larvae,TWISPR - Twisp River,TWITRP,Twisp River rotary smolt trap,5/4/2022,2022,48.367273,-120.138784,171
3DD.003D937901,Larvae,TWISPR - Twisp River,TWITRP,Twisp River rotary smolt trap,3/28/2022,2022,48.367273,-120.138784,146
3DD.003D937902,Larvae,METTRP - Methow Smolt Trap at McFarland Creek Road Bridge,METTRP,Methow Smolt Trap at McFarland Creek Road Bridge,6/3/2021,2021,48.151085,-120.056584,147
3DD.003D937903,Larvae,METTRP - Methow Smolt Trap at McFarland Creek Road Bridge,METTRP,Methow Smolt Trap at McFarland Creek Road Bridge,6/3/2021,2021,48.151085,-120.056584,135
3DD.003D937904,Larvae,TWISPR - Twisp River,TWITRP,Twisp River rotary smolt trap,5/22/2022,2022,48.367273,-120.138784,164
3DD.003D937905,Larvae,METTRP - Methow Smolt Trap at McFarland Creek Road Bridge,METTRP,Methow Smolt Trap at McFarland Creek Road Bridge,6/3/2021,2021,48.151085,-120.056584,140
3DD.003D937906,Larvae,METTRP - Methow Smolt Trap at McFarland Creek Road Bridge,METTRP,Methow Smolt Trap at McFarland Creek Road Bridge,5/17/2021,2021,48.151085,-120.056584,133
3DD.003D937907,Larvae,METTRP - Methow Smolt Trap at McFarland Creek Road Bridge,METTRP,Methow Smolt Trap at McFarland Creek Road Bridge,5/17/2021,2021,48.151085,-120.056584,147
3DD.003D937908,Larvae,METTRP - Methow Smolt Trap at McFarland Creek Road Bridge,METTRP,Methow Smolt Trap at McFarland Creek Road Bridge,5/17/2021,2021,48.151085,-120.056584,133
3DD.003D937909,Larvae,METTRP - Methow Smolt Trap at McFarland Creek Road Bridge,METTRP,Methow Smolt Trap at McFarland Creek Road Bridge,5/17/2021,2021,48.151085,-120.056584,139
3DD.003D93790A,Larvae,TWISPR - Twisp River,TWITRP,Twisp River rotary smolt trap,5/5/2022,2022,48.367273,-120.138784,145
3DD.003D93790B,Larvae,TWISPR - Twisp River,TWITRP,Twisp River rotary smolt trap,5/2/2022,2022,48.367273,-120.138784,160
3DD.003D93790C,Larvae,METTRP - Methow Smolt Trap at McFarland Creek Road Bridge,METTRP,Methow Smolt Trap at McFarland Creek Road Bridge,6/3/2021,2021,48.151085,-120.056584,149
3DD.003D93790D,Larvae,METTRP - Methow Smolt Trap at McFarland Creek Road Bridge,METTRP,Methow Smolt Trap at McFarland Creek Road Bridge,5/5/2022,2022,48.151085,-120.056584,140
3DD.003D93790E,Larvae,METTRP - Methow Smolt Trap at McFarland Creek Road Bridge,METTRP,Methow Smolt Trap at McFarland Creek Road Bridge,6/3/2021,2021,48.151085,-120.056584,146
3DD.003D93790F,Larvae,TWISPR - Twisp River,TWITRP,Twisp River rotary smolt trap,5/3/2022,2022,48.367273,-120.138784,148
3DD.003D937910,Larvae,METTRP - Methow Smolt Trap at McFarland Creek Road Bridge,METTRP,Methow Smolt Trap at McFarland Creek Road Bridge,6/3/2021,2021,48.151085,-120.056584,137
3DD.003D937911,Larvae,METTRP - Methow Smolt Trap at McFarland Creek Road Bridge,METTRP,Methow Smolt Trap at McFarland Creek Road Bridge,6/3/2021,2021,48.151085,-120.056584,140
3DD.003D937912,Larvae,METTRP - Methow Smolt Trap at McFarland Creek Road Bridge,METTRP,Methow Smolt Trap at McFarland Creek Road Bridge,5/30/2021,2021,48.151085,-120.056584,145
3DD.003D937913,Larvae,TWISPR - Twisp River,TWITRP,Twisp River rotary smolt trap,5/5/2022,2022,48.367273,-120.138784,140
3DD.003D937914,Larvae,METTRP - Methow Smolt Trap at McFarland Creek Road Bridge,METTRP,Methow Smolt Trap at McFarland Creek Road Bridge,6/3/2021,2021,48.151085,-120.056584,144
3DD.003D937915,Larvae,METTRP - Methow Smolt Trap at McFarland Creek Road Bridge,METTRP,Methow Smolt Trap at McFarland Creek Road Bridge,6/3/2021,2021,48.151085,-120.056584,147
3DD.003D937916,Larvae,METTRP - Methow Smolt Trap at McFarland Creek Road Bridge,METTRP,Methow Smolt Trap at McFarland Creek Road Bridge,6/3/2021,2021,48.151085,-120.056584,139
3DD.003D937917,Larvae,METTRP - Methow Smolt Trap at McFarland Creek Road Bridge,METTRP,Methow Smolt Trap at McFarland Creek Road Bridge,6/3/2021,2021,48.151085,-120.056584,136
3DD.003D937918,Larvae,METTRP - Methow Smolt Trap at McFarland Creek Road Bridge,METTRP,Methow Smolt Trap at McFarland Creek Road Bridge,5/17/2021,2021,48.151085,-120.056584,140
3DD.003D937919,Larvae,METTRP - Methow Smolt Trap at McFarland Creek Road Bridge,METTRP,Methow Smolt Trap at McFarland Creek Road Bridge,6/3/2021,2021,48.151085,-120.056584,137
3DD.003D93791A,Larvae,TWISPR - Twisp River,TWITRP,Twisp River rotary smolt trap,3/29/2022,2022,48.367273,-120.138784,142
3DD.003D93791B,Larvae,METTRP - Methow Smolt Trap at McFarland Creek Road Bridge,METTRP,Methow Smolt Trap at McFarland Creek Road Bridge,5/17/2021,2021,48.151085,-120.056584,141
3DD.003D93791C,Larvae,METTRP - Methow Smolt Trap at McFarland Creek Road Bridge,METTRP,Methow Smolt Trap at McFarland Creek Road Bridge,6/3/2021,2021,48.151085,-120.056584,139
3DD.003D93791D,Larvae,TWISPR - Twisp River,TWITRP,Twisp River rotary smolt trap,3/29/2022,2022,48.367273,-120.138784,141
3DD.003D937AB1,Macropthalmia (eyed juvenile),METTRP - Methow Smolt Trap at McFarland Creek Road Bridge,METTRP,Methow Smolt Trap at McFarland Creek Road Bridge,5/28/2022,2022,48.151085,-120.056584,146
3DD.003D937AB2,Larvae,METTRP - Methow Smolt Trap at McFarland Creek Road Bridge,METTRP,Methow Smolt Trap at McFarland Creek Road Bridge,5/7/2022,2022,48.151085,-120.056584,153
3DD.003D937AB3,Larvae,METTRP - Methow Smolt Trap at McFarland Creek Road Bridge,METTRP,Methow Smolt Trap at McFarland Creek Road Bridge,5/7/2022,2022,48.151085,-120.056584,153
3DD.003D937AB4,Macropthalmia (eyed juvenile),METTRP - Methow Smolt Trap at McFarland Creek Road Bridge,METTRP,Methow Smolt Trap at McFarland Creek Road Bridge,5/28/2022,2022,48.151085,-120.056584,137
3DD.003D937AB5,Larvae,METTRP - Methow Smolt Trap at McFarland Creek Road Bridge,METTRP,Methow Smolt Trap at McFarland Creek Road Bridge,5/28/2022,2022,48.151085,-120.056584,158
3DD.003D937AB6,Macropthalmia (eyed juvenile),METTRP - Methow Smolt Trap at McFarland Creek Road Bridge,METTRP,Methow Smolt Trap at McFarland Creek Road Bridge,5/28/2022,2022,48.151085,-120.056584,139
3DD.003D937AB7,Macropthalmia (eyed juvenile),METTRP - Methow Smolt Trap at McFarland Creek Road Bridge,METTRP,Methow Smolt Trap at McFarland Creek Road Bridge,5/6/2022,2022,48.151085,-120.056584,140
3DD.003D937AB8,Larvae,METTRP - Methow Smolt Trap at McFarland Creek Road Bridge,METTRP,Methow Smolt Trap at McFarland Creek Road Bridge,5/28/2022,2022,48.151085,-120.056584,141
3DD.003D937AB9,Larvae,METTRP - Methow Smolt Trap at McFarland Creek Road Bridge,METTRP,Methow Smolt Trap at McFarland Creek Road Bridge,5/7/2022,2022,48.151085,-120.056584,139
3DD.003D937ABA,Larvae,METTRP - Methow Smolt Trap at McFarland Creek Road Bridge,METTRP,Methow Smolt Trap at McFarland Creek Road Bridge,5/28/2022,2022,48.151085,-120.056584,149
3DD.003D937ABB,Macropthalmia (eyed juvenile),METTRP - Methow Smolt Trap at McFarland Creek Road Bridge,METTRP,Methow Smolt Trap at McFarland Creek Road Bridge,5/6/2022,2022,48.151085,-120.056584,163
3DD.003D937ABC,Larvae,METTRP - Methow Smolt Trap at McFarland Creek Road Bridge,METTRP,Methow Smolt Trap at McFarland Creek Road Bridge,5/27/2022,2022,48.151085,-120.056584,144
3DD.003D937ABD,Macropthalmia (eyed juvenile),METTRP - Methow Smolt Trap at McFarland Creek Road Bridge,METTRP,Methow Smolt Trap at McFarland Creek Road Bridge,5/6/2022,2022,48.151085,-120.056584,138
3DD.003D937ABE,Larvae,METTRP - Methow Smolt Trap at McFarland Creek Road Bridge,METTRP,Methow Smolt Trap at McFarland Creek Road Bridge,6/3/2022,2022,48.151085,-120.056584,142
3DD.003D937ABF,Larvae,METTRP - Methow Smolt Trap at McFarland Creek Road Bridge,METTRP,Methow Smolt Trap at McFarland Creek Road Bridge,5/7/2022,2022,48.151085,-120.056584,148
3DD.003D937AC0,Larvae,METTRP - Methow Smolt Trap at McFarland Creek Road Bridge,METTRP,Methow Smolt Trap at McFarland Creek Road Bridge,5/7/2022,2022,48.151085,-120.056584,152
3DD.003D937AC1,Macropthalmia (eyed juvenile),METTRP - Methow Smolt Trap at McFarland Creek Road Bridge,METTRP,Methow Smolt Trap at McFarland Creek Road Bridge,5/6/2022,2022,48.151085,-120.056584,148
3DD.003D937AC2,Macropthalmia (eyed juvenile),METTRP - Methow Smolt Trap at McFarland Creek Road Bridge,METTRP,Methow Smolt Trap at McFarland Creek Road Bridge,5/6/2022,2022,48.151085,-120.056584,139
3DD.003D937AC3,Larvae,METTRP - Methow Smolt Trap at McFarland Creek Road Bridge,METTRP,Methow Smolt Trap at McFarland Creek Road Bridge,5/28/2022,2022,48.151085,-120.056584,144
3DD.003D937AC4,Larvae,METTRP - Methow Smolt Trap at McFarland Creek Road Bridge,METTRP,Methow Smolt Trap at McFarland Creek Road Bridge,5/18/2022,2022,48.151085,-120.056584,148
3DD.003D937AC5,Macropthalmia (eyed juvenile),METTRP - Methow Smolt Trap at McFarland Creek Road Bridge,METTRP,Methow Smolt Trap at McFarland Creek Road Bridge,5/5/2022,2022,48.151085,-120.056584,142
3DD.003D937AC6,Macropthalmia (eyed juvenile),METTRP - Methow Smolt Trap at McFarland Creek Road Bridge,METTRP,Methow Smolt Trap at McFarland Creek Road Bridge,5/7/2022,2022,48.151085,-120.056584,147
3DD.003D937AC7,Macropthalmia (eyed juvenile),METTRP - Methow Smolt Trap at McFarland Creek Road Bridge,METTRP,Methow Smolt Trap at McFarland Creek Road Bridge,5/6/2022,2022,48.151085,-120.056584,149
3DD.003D937AC8,Larvae,METTRP - Methow Smolt Trap at McFarland Creek Road Bridge,METTRP,Methow Smolt Trap at McFarland Creek Road Bridge,5/7/2022,2022,48.151085,-120.056584,140
3DD.003D937AC9,Larvae,METTRP - Methow Smolt Trap at McFarland Creek Road Bridge,METTRP,Methow Smolt Trap at McFarland Creek Road Bridge,5/26/2022,2022,48.151085,-120.056584,140
3DD.003D937ACA,Larvae,METTRP - Methow Smolt Trap at McFarland Creek Road Bridge,METTRP,Methow Smolt Trap at McFarland Creek Road Bridge,5/29/2022,2022,48.151085,-120.056584,157
3DD.003D937ACB,Larvae,METTRP - Methow Smolt Trap at McFarland Creek Road Bridge,METTRP,Methow Smolt Trap at McFarland Creek Road Bridge,5/28/2022,2022,48.151085,-120.056584,155
3DD.003D937ACC,Larvae,METTRP - Methow Smolt Trap at McFarland Creek Road Bridge,METTRP,Methow Smolt Trap at McFarland Creek Road Bridge,5/7/2022,2022,48.151085,-120.056584,151
3DD.003D937ACD,Larvae,METTRP - Methow Smolt Trap at McFarland Creek Road Bridge,METTRP,Methow Smolt Trap at McFarland Creek Road Bridge,5/19/2022,2022,48.151085,-120.056584,180
3DD.003D937ACE,Larvae,METTRP - Methow Smolt Trap at McFarland Creek Road Bridge,METTRP,Methow Smolt Trap at McFarland Creek Road Bridge,6/3/2022,2022,48.151085,-120.056584,146
3DD.003D937ACF,Larvae,METTRP - Methow Smolt Trap at McFarland Creek Road Bridge,METTRP,Methow Smolt Trap at McFarland Creek Road Bridge,5/28/2022,2022,48.151085,-120.056584,151
3DD.003D937AD0,Larvae,METTRP - Methow Smolt Trap at McFarland Creek Road Bridge,METTRP,Methow Smolt Trap at McFarland Creek Road Bridge,5/28/2022,2022,48.151085,-120.056584,139
3DD.003D937AD1,Larvae,METTRP - Methow Smolt Trap at McFarland Creek Road Bridge,METTRP,Methow Smolt Trap at McFarland Creek Road Bridge,5/7/2022,2022,48.151085,-120.056584,148
3DD.003D937AD2,Larvae,METTRP - Methow Smolt Trap at McFarland Creek Road Bridge,METTRP,Methow Smolt Trap at McFarland Creek Road Bridge,5/7/2022,2022,48.151085,-120.056584,148
3DD.003D937AD3,Larvae,METTRP - Methow Smolt Trap at McFarland Creek Road Bridge,METTRP,Methow Smolt Trap at McFarland Creek Road Bridge,5/28/2022,2022,48.151085,-120.056584,135
3DD.003D937AD4,Larvae,METTRP - Methow Smolt Trap at McFarland Creek Road Bridge,METTRP,Methow Smolt Trap at McFarland Creek Road Bridge,5/28/2022,2022,48.151085,-120.056584,145
3DD.003D937AD5,Macropthalmia (eyed juvenile),METTRP - Methow Smolt Trap at McFarland Creek Road Bridge,METTRP,Methow Smolt Trap at McFarland Creek Road Bridge,5/6/2022,2022,48.151085,-120.056584,147
3DD.003D937AD6,Larvae,METTRP - Methow Smolt Trap at McFarland Creek Road Bridge,METTRP,Methow Smolt Trap at McFarland Creek Road Bridge,5/28/2022,2022,48.151085,-120.056584,137
3DD.003D937AD7,Larvae,METTRP - Methow Smolt Trap at McFarland Creek Road Bridge,METTRP,Methow Smolt Trap at McFarland Creek Road Bridge,5/2/2022,2022,48.151085,-120.056584,134
3DD.003D937AD8,Larvae,METTRP - Methow Smolt Trap at McFarland Creek Road Bridge,METTRP,Methow Smolt Trap at McFarland Creek Road Bridge,5/5/2022,2022,48.151085,-120.056584,144
3DD.003D937AD9,Macropthalmia (eyed juvenile),METTRP - Methow Smolt Trap at McFarland Creek Road Bridge,METTRP,Methow Smolt Trap at McFarland Creek Road Bridge,5/6/2022,2022,48.151085,-120.056584,138
3DD.003D937ADA,Larvae,METTRP - Methow Smolt Trap at McFarland Creek Road Bridge,METTRP,Methow Smolt Trap at McFarland Creek Road Bridge,5/7/2022,2022,48.151085,-120.056584,141
3DD.003D937ADB,Larvae,METTRP - Methow Smolt Trap at McFarland Creek Road Bridge,METTRP,Methow Smolt Trap at McFarland Creek Road Bridge,5/28/2022,2022,48.151085,-120.056584,135
3DD.003D937ADC,Larvae,METTRP - Methow Smolt Trap at McFarland Creek Road Bridge,METTRP,Methow Smolt Trap at McFarland Creek Road Bridge,5/9/2022,2022,48.151085,-120.056584,139
3DD.003D937ADD,Macropthalmia (eyed juvenile),METTRP - Methow Smolt Trap at McFarland Creek Road Bridge,METTRP,Methow Smolt Trap at McFarland Creek Road Bridge,5/7/2022,2022,48.151085,-120.056584,142
3DD.003D937ADE,Larvae,METTRP - Methow Smolt Trap at McFarland Creek Road Bridge,METTRP,Methow Smolt Trap at McFarland Creek Road Bridge,5/7/2022,2022,48.151085,-120.056584,145
3DD.003D937ADF,Larvae,METTRP - Methow Smolt Trap at McFarland Creek Road Bridge,METTRP,Methow Smolt Trap at McFarland Creek Road Bridge,5/7/2022,2022,48.151085,-120.056584,144
3DD.003D937AE0,Macropthalmia (eyed juvenile),METTRP - Methow Smolt Trap at McFarland Creek Road Bridge,METTRP,Methow Smolt Trap at McFarland Creek Road Bridge,5/7/2022,2022,48.151085,-120.056584,137
3DD.003D937AE1,Larvae,METTRP - Methow Smolt Trap at McFarland Creek Road Bridge,METTRP,Methow Smolt Trap at McFarland Creek Road Bridge,5/28/2022,2022,48.151085,-120.056584,160
3DD.003D937AE2,Larvae,METTRP - Methow Smolt Trap at McFarland Creek Road Bridge,METTRP,Methow Smolt Trap at McFarland Creek Road Bridge,5/28/2022,2022,48.151085,-120.056584,165
3DD.003D937AE3,Larvae,METTRP - Methow Smolt Trap at McFarland Creek Road Bridge,METTRP,Methow Smolt Trap at McFarland Creek Road Bridge,5/17/2022,2022,48.151085,-120.056584,137
3DD.003D937AE4,Larvae,METTRP - Methow Smolt Trap at McFarland Creek Road Bridge,METTRP,Methow Smolt Trap at McFarland Creek Road Bridge,5/7/2022,2022,48.151085,-120.056584,141
3DD.003D937AE5,Larvae,METTRP - Methow Smolt Trap at McFarland Creek Road Bridge,METTRP,Methow Smolt Trap at McFarland Creek Road Bridge,5/7/2022,2022,48.151085,-120.056584,148
3DD.003D937AE6,Larvae,METTRP - Methow Smolt Trap at McFarland Creek Road Bridge,METTRP,Methow Smolt Trap at McFarland Creek Road Bridge,5/4/2022,2022,48.151085,-120.056584,136
3DD.003D937AE7,Larvae,METTRP - Methow Smolt Trap at McFarland Creek Road Bridge,METTRP,Methow Smolt Trap at McFarland Creek Road Bridge,6/3/2022,2022,48.151085,-120.056584,138
3DD.003D937AE8,Larvae,METTRP - Methow Smolt Trap at McFarland Creek Road Bridge,METTRP,Methow Smolt Trap at McFarland Creek Road Bridge,5/28/2022,2022,48.151085,-120.056584,141
3DD.003D937AE9,Macropthalmia (eyed juvenile),METTRP - Methow Smolt Trap at McFarland Creek Road Bridge,METTRP,Methow Smolt Trap at McFarland Creek Road Bridge,5/7/2022,2022,48.151085,-120.056584,135
3DD.003D937AEA,Larvae,METTRP - Methow Smolt Trap at McFarland Creek Road Bridge,METTRP,Methow Smolt Trap at McFarland Creek Road Bridge,5/5/2022,2022,48.151085,-120.056584,137
3DD.003D937AEB,Larvae,METTRP - Methow Smolt Trap at McFarland Creek Road Bridge,METTRP,Methow Smolt Trap at McFarland Creek Road Bridge,5/3/2022,2022,48.151085,-120.056584,151
3DD.003D937AEC,Larvae,METTRP - Methow Smolt Trap at McFarland Creek Road Bridge,METTRP,Methow Smolt Trap at McFarland Creek Road Bridge,5/7/2022,2022,48.151085,-120.056584,151
3DD.003D937AED,Larvae,METTRP - Methow Smolt Trap at McFarland Creek Road Bridge,METTRP,Methow Smolt Trap at McFarland Creek Road Bridge,5/7/2022,2022,48.151085,-120.056584,146
3DD.003D937AEE,Macropthalmia (eyed juvenile),METTRP - Methow Smolt Trap at McFarland Creek Road Bridge,METTRP,Methow Smolt Trap at McFarland Creek Road Bridge,5/7/2022,2022,48.151085,-120.056584,140
3DD.003D937AEF,Macropthalmia (eyed juvenile),METTRP - Methow Smolt Trap at McFarland Creek Road Bridge,METTRP,Methow Smolt Trap at McFarland Creek Road Bridge,5/5/2022,2022,48.151085,-120.056584,133
3DD.003D937AF0,Larvae,METTRP - Methow Smolt Trap at McFarland Creek Road Bridge,METTRP,Methow Smolt Trap at McFarland Creek Road Bridge,5/7/2022,2022,48.151085,-120.056584,143
3DD.003D937AF1,Macropthalmia (eyed juvenile),METTRP - Methow Smolt Trap at McFarland Creek Road Bridge,METTRP,Methow Smolt Trap at McFarland Creek Road Bridge,5/7/2022,2022,48.151085,-120.056584,143
3DD.003D937AF2,Macropthalmia (eyed juvenile),METTRP - Methow Smolt Trap at McFarland Creek Road Bridge,METTRP,Methow Smolt Trap at McFarland Creek Road Bridge,5/28/2022,2022,48.151085,-120.056584,136
3DD.003D937AF3,Larvae,METTRP - Methow Smolt Trap at McFarland Creek Road Bridge,METTRP,Methow Smolt Trap at McFarland Creek Road Bridge,5/28/2022,2022,48.151085,-120.056584,140
3DD.003D937AF4,Larvae,METTRP - Methow Smolt Trap at McFarland Creek Road Bridge,METTRP,Methow Smolt Trap at McFarland Creek Road Bridge,6/3/2022,2022,48.151085,-120.056584,141
3DD.003D937AF5,Macropthalmia (eyed juvenile),METTRP - Methow Smolt Trap at McFarland Creek Road Bridge,METTRP,Methow Smolt Trap at McFarland Creek Road Bridge,5/7/2022,2022,48.151085,-120.056584,138
3DD.003D937AF6,Larvae,METTRP - Methow Smolt Trap at McFarland Creek Road Bridge,METTRP,Methow Smolt Trap at McFarland Creek Road Bridge,5/5/2022,2022,48.151085,-120.056584,154
3DD.003D937AF8,Macropthalmia (eyed juvenile),METTRP - Methow Smolt Trap at McFarland Creek Road Bridge,METTRP,Methow Smolt Trap at McFarland Creek Road Bridge,5/6/2022,2022,48.151085,-120.056584,169
3DD.003D937AF9,Macropthalmia (eyed juvenile),METTRP - Methow Smolt Trap at McFarland Creek Road Bridge,METTRP,Methow Smolt Trap at McFarland Creek Road Bridge,5/5/2022,2022,48.151085,-120.056584,137
3DD.003D937AFA,Larvae,METTRP - Methow Smolt Trap at McFarland Creek Road Bridge,METTRP,Methow Smolt Trap at McFarland Creek Road Bridge,5/7/2022,2022,48.151085,-120.056584,143
3DD.003D937AFB,Larvae,METTRP - Methow Smolt Trap at McFarland Creek Road Bridge,METTRP,Methow Smolt Trap at McFarland Creek Road Bridge,5/7/2022,2022,48.151085,-120.056584,144
3DD.003D937AFC,Macropthalmia (eyed juvenile),METTRP - Methow Smolt Trap at McFarland Creek Road Bridge,METTRP,Methow Smolt Trap at McFarland Creek Road Bridge,5/7/2022,2022,48.151085,-120.056584,138
3DD.003D937AFD,Larvae,METTRP - Methow Smolt Trap at McFarland Creek Road Bridge,METTRP,Methow Smolt Trap at McFarland Creek Road Bridge,5/26/2022,2022,48.151085,-120.056584,155
3DD.003D937AFE,Macropthalmia (eyed juvenile),METTRP - Methow Smolt Trap at McFarland Creek Road Bridge,METTRP,Methow Smolt Trap at McFarland Creek Road Bridge,5/5/2022,2022,48.151085,-120.056584,145
3DD.003D937AFF,Larvae,METTRP - Methow Smolt Trap at McFarland Creek Road Bridge,METTRP,Methow Smolt Trap at McFarland Creek Road Bridge,5/26/2022,2022,48.151085,-120.056584,137
3DD.003D937B00,Larvae,METTRP - Methow Smolt Trap at McFarland Creek Road Bridge,METTRP,Methow Smolt Trap at McFarland Creek Road Bridge,5/9/2022,2022,48.151085,-120.056584,139
3DD.003D937B01,Macropthalmia (eyed juvenile),METTRP - Methow Smolt Trap at McFarland Creek Road Bridge,METTRP,Methow Smolt Trap at McFarland Creek Road Bridge,5/6/2022,2022,48.151085,-120.056584,141
3DD.003D937B02,Macropthalmia (eyed juvenile),METTRP - Methow Smolt Trap at McFarland Creek Road Bridge,METTRP,Methow Smolt Trap at McFarland Creek Road Bridge,5/6/2022,2022,48.151085,-120.056584,143
3DD.003D937B03,Macropthalmia (eyed juvenile),METTRP - Methow Smolt Trap at McFarland Creek Road Bridge,METTRP,Methow Smolt Trap at McFarland Creek Road Bridge,5/5/2022,2022,48.151085,-120.056584,135
3DD.003D937B04,Larvae,METTRP - Methow Smolt Trap at McFarland Creek Road Bridge,METTRP,Methow Smolt Trap at McFarland Creek Road Bridge,6/3/2022,2022,48.151085,-120.056584,142
3DD.003D937B05,Larvae,METTRP - Methow Smolt Trap at McFarland Creek Road Bridge,METTRP,Methow Smolt Trap at McFarland Creek Road Bridge,5/28/2022,2022,48.151085,-120.056584,151
3DD.003D937B06,Larvae,METTRP - Methow Smolt Trap at McFarland Creek Road Bridge,METTRP,Methow Smolt Trap at McFarland Creek Road Bridge,5/5/2022,2022,48.151085,-120.056584,138
3DD.003D937B07,Macropthalmia (eyed juvenile),METTRP - Methow Smolt Trap at McFarland Creek Road Bridge,METTRP,Methow Smolt Trap at McFarland Creek Road Bridge,5/6/2022,2022,48.151085,-120.056584,136
3DD.003D937B08,Macropthalmia (eyed juvenile),METTRP - Methow Smolt Trap at McFarland Creek Road Bridge,METTRP,Methow Smolt Trap at McFarland Creek Road Bridge,5/7/2022,2022,48.151085,-120.056584,135
3DD.003D937B09,Macropthalmia (eyed juvenile),METTRP - Methow Smolt Trap at McFarland Creek Road Bridge,METTRP,Methow Smolt Trap at McFarland Creek Road Bridge,5/5/2022,2022,48.151085,-120.056584,135
3DD.003D937B0A,Larvae,METTRP - Methow Smolt Trap at McFarland Creek Road Bridge,METTRP,Methow Smolt Trap at McFarland Creek Road Bridge,5/17/2022,2022,48.151085,-120.056584,135
3DD.003D937B0B,Larvae,METTRP - Methow Smolt Trap at McFarland Creek Road Bridge,METTRP,Methow Smolt Trap at McFarland Creek Road Bridge,5/28/2022,2022,48.151085,-120.056584,152
3DD.003D937B0C,Larvae,METTRP - Methow Smolt Trap at McFarland Creek Road Bridge,METTRP,Methow Smolt Trap at McFarland Creek Road Bridge,5/28/2022,2022,48.151085,-120.056584,155
3DD.003D937B0D,Larvae,METTRP - Methow Smolt Trap at McFarland Creek Road Bridge,METTRP,Methow Smolt Trap at McFarland Creek Road Bridge,5/26/2022,2022,48.151085,-120.056584,134
3DD.003D937B0E,Larvae,METTRP - Methow Smolt Trap at McFarland Creek Road Bridge,METTRP,Methow Smolt Trap at McFarland Creek Road Bridge,5/5/2022,2022,48.151085,-120.056584,166
3DD.003D937B0F,Macropthalmia (eyed juvenile),METTRP - Methow Smolt Trap at McFarland Creek Road Bridge,METTRP,Methow Smolt Trap at McFarland Creek Road Bridge,5/28/2022,2022,48.151085,-120.056584,133
3DD.003D937B10,Larvae,METTRP - Methow Smolt Trap at McFarland Creek Road Bridge,METTRP,Methow Smolt Trap at McFarland Creek Road Bridge,5/28/2022,2022,48.151085,-120.056584,144
3DD.003D937B11,Macropthalmia (eyed juvenile),METTRP - Methow Smolt Trap at McFarland Creek Road Bridge,METTRP,Methow Smolt Trap at McFarland Creek Road Bridge,5/17/2022,2022,48.151085,-120.056584,135
3DD.003D937B12,Macropthalmia (eyed juvenile),METTRP - Methow Smolt Trap at McFarland Creek Road Bridge,METTRP,Methow Smolt Trap at McFarland Creek Road Bridge,5/7/2022,2022,48.151085,-120.056584,138
3DD.003D937B13,Macropthalmia (eyed juvenile),METTRP - Methow Smolt Trap at McFarland Creek Road Bridge,METTRP,Methow Smolt Trap at McFarland Creek Road Bridge,5/6/2022,2022,48.151085,-120.056584,178
3DD.003D937B14,Larvae,METTRP - Methow Smolt Trap at McFarland Creek Road Bridge,METTRP,Methow Smolt Trap at McFarland Creek Road Bridge,5/28/2022,2022,48.151085,-120.056584,142
3DD.003D937B1C,Larvae,METHR - Methow River,METTRP,Methow Smolt Trap at McFarland Creek Road Bridge,10/12/2023,2023,48.151085,-120.056584,114
3DD.003D937B20,Larvae,METHR - Methow River,METTRP,Methow Smolt Trap at McFarland Creek Road Bridge,5/26/2023,2023,48.151085,-120.056584,142
3DD.003D937B23,Larvae,METHR - Methow River,METTRP,Methow Smolt Trap at McFarland Creek Road Bridge,6/1/2023,2023,48.151085,-120.056584,138
3DD.003D937B24,Larvae,METHR - Methow River,METTRP,Methow Smolt Trap at McFarland Creek Road Bridge,4/16/2024,2024,48.151085,-120.056584,139
3DD.003D937B2B,Macropthalmia (eyed juvenile),METHR - Methow River,METTRP,Methow Smolt Trap at McFarland Creek Road Bridge,4/16/2024,2024,48.151085,-120.056584,139
3DD.003D937B30,Larvae,METHR - Methow River,METTRP,Methow Smolt Trap at McFarland Creek Road Bridge,4/7/2024,2024,48.151085,-120.056584,133
3DD.003D937B42,Larvae,METHR - Methow River,METTRP,Methow Smolt Trap at McFarland Creek Road Bridge,5/29/2023,2023,48.151085,-120.056584,134
3DD.003D937B4A,Larvae,METHR - Methow River,METTRP,Methow Smolt Trap at McFarland Creek Road Bridge,5/29/2023,2023,48.151085,-120.056584,138
3DD.003D937B4B,Larvae,METHR - Methow River,METTRP,Methow Smolt Trap at McFarland Creek Road Bridge,6/10/2023,2023,48.151085,-120.056584,137
3DD.003D937B50,Larvae,METHR - Methow River,METTRP,Methow Smolt Trap at McFarland Creek Road Bridge,5/29/2023,2023,48.151085,-120.056584,135
3DD.003D937B5D,Larvae,METHR - Methow River,METTRP,Methow Smolt Trap at McFarland Creek Road Bridge,5/29/2023,2023,48.151085,-120.056584,140
3DD.003D937B62,Larvae,METHR - Methow River,METTRP,Methow Smolt Trap at McFarland Creek Road Bridge,6/4/2023,2023,48.151085,-120.056584,137
3DD.003D937B6E,Larvae,METHR - Methow River,METTRP,Methow Smolt Trap at McFarland Creek Road Bridge,6/1/2023,2023,48.151085,-120.056584,135
3DD.003D937B6F,Larvae,METHR - Methow River,METTRP,Methow Smolt Trap at McFarland Creek Road Bridge,5/26/2023,2023,48.151085,-120.056584,145
3DD.003D937B72,Larvae,METHR - Methow River,METTRP,Methow Smolt Trap at McFarland Creek Road Bridge,5/26/2023,2023,48.151085,-120.056584,137
3DD.003D937B73,Larvae,METHR - Methow River,METTRP,Methow Smolt Trap at McFarland Creek Road Bridge,6/1/2023,2023,48.151085,-120.056584,135
3DD.003E215D44,Larvae,TWITRP - Twisp River rotary smolt trap,TWITRP,Twisp River rotary smolt trap,11/14/2025,2025,48.367273,-120.138784,157
3DD.003E216192,Larvae,METTRP - Methow Smolt Trap at McFarland Creek Road Bridge,METTRP,Methow Smolt Trap at McFarland Creek Road Bridge,5/25/2024,2024,48.151085,-120.056584,135
3DD.003E216193,Larvae,METHR - Methow River,METTRP,Methow Smolt Trap at McFarland Creek Road Bridge,6/3/2024,2024,48.151085,-120.056584,136
3DD.003E216194,Larvae,METHR - Methow River,METTRP,Methow Smolt Trap at McFarland Creek Road Bridge,5/28/2024,2024,48.151085,-120.056584,134
3DD.003E216195,Larvae,METHR - Methow River,METTRP,Methow Smolt Trap at McFarland Creek Road Bridge,5/19/2024,2024,48.151085,-120.056584,132
3DD.003E216196,Larvae,METHR - Methow River,METTRP,Methow Smolt Trap at McFarland Creek Road Bridge,5/22/2024,2024,48.151085,-120.056584,138
3DD.003E216197,Larvae,METHR - Methow River,METTRP,Methow Smolt Trap at McFarland Creek Road Bridge,5/31/2024,2024,48.151085,-120.056584,134
3DD.003E216198,Larvae,METHR - Methow River,METTRP,Methow Smolt Trap at McFarland Creek Road Bridge,6/6/2024,2024,48.151085,-120.056584,135
3DD.003E216199,Larvae,METTRP - Methow Smolt Trap at McFarland Creek Road Bridge,METTRP,Methow Smolt Trap at McFarland Creek Road Bridge,5/25/2024,2024,48.151085,-120.056584,132
3DD.003E21619A,Larvae,METHR - Methow River,METTRP,Methow Smolt Trap at McFarland Creek Road Bridge,5/19/2024,2024,48.151085,-120.056584,133
3DD.003E21619B,Larvae,METHR - Methow River,METTRP,Methow Smolt Trap at McFarland Creek Road Bridge,5/22/2024,2024,48.151085,-120.056584,133
3DD.003E21619C,Larvae,METHR - Methow River,METTRP,Methow Smolt Trap at McFarland Creek Road Bridge,5/28/2024,2024,48.151085,-120.056584,132
3DD.003E21619E,Larvae,METHR - Methow River,METTRP,Methow Smolt Trap at McFarland Creek Road Bridge,6/6/2024,2024,48.151085,-120.056584,137
3DD.003E21619F,Larvae,METHR - Methow River,METTRP,Methow Smolt Trap at McFarland Creek Road Bridge,5/19/2024,2024,48.151085,-120.056584,142
3DD.003E2161A0,Larvae,METHR - Methow River,METTRP,Methow Smolt Trap at McFarland Creek Road Bridge,5/19/2024,2024,48.151085,-120.056584,135
3DD.003E2161A1,Larvae,METHR - Methow River,METTRP,Methow Smolt Trap at McFarland Creek Road Bridge,5/16/2024,2024,48.151085,-120.056584,142
3DD.003E2161A2,Larvae,METHR - Methow River,METTRP,Methow Smolt Trap at McFarland Creek Road Bridge,6/3/2024,2024,48.151085,-120.056584,140
3DD.003E2161A3,Larvae,METTRP - Methow Smolt Trap at McFarland Creek Road Bridge,METTRP,Methow Smolt Trap at McFarland Creek Road Bridge,5/25/2024,2024,48.151085,-120.056584,137
3DD.003E2161A4,Larvae,METTRP - Methow Smolt Trap at McFarland Creek Road Bridge,METTRP,Methow Smolt Trap at McFarland Creek Road Bridge,5/25/2024,2024,48.151085,-120.056584,134
3DD.003E2161A5,Larvae,METHR - Methow River,METTRP,Methow Smolt Trap at McFarland Creek Road Bridge,5/22/2024,2024,48.151085,-120.056584,142
3DD.003E2161A6,Larvae,METTRP - Methow Smolt Trap at McFarland Creek Road Bridge,METTRP,Methow Smolt Trap at McFarland Creek Road Bridge,5/25/2024,2024,48.151085,-120.056584,135
3DD.003E2161A8,Larvae,METHR - Methow River,METTRP,Methow Smolt Trap at McFarland Creek Road Bridge,5/19/2024,2024,48.151085,-120.056584,141
3DD.003E2161A9,Larvae,METHR - Methow River,METTRP,Methow Smolt Trap at McFarland Creek Road Bridge,5/31/2024,2024,48.151085,-120.056584,137
3DD.003E2161AA,Larvae,METTRP - Methow Smolt Trap at McFarland Creek Road Bridge,METTRP,Methow Smolt Trap at McFarland Creek Road Bridge,5/25/2024,2024,48.151085,-120.056584,134
3DD.003E2161AB,Larvae,METHR - Methow River,METTRP,Methow Smolt Trap at McFarland Creek Road Bridge,5/22/2024,2024,48.151085,-120.056584,138
3DD.003E2161AC,Larvae,METTRP - Methow Smolt Trap at McFarland Creek Road Bridge,METTRP,Methow Smolt Trap at McFarland Creek Road Bridge,5/25/2024,2024,48.151085,-120.056584,148
3DD.003E2161AD,Larvae,METTRP - Methow Smolt Trap at McFarland Creek Road Bridge,METTRP,Methow Smolt Trap at McFarland Creek Road Bridge,5/25/2024,2024,48.151085,-120.056584,137
3DD.003E2161AE,Larvae,METHR - Methow River,METTRP,Methow Smolt Trap at McFarland Creek Road Bridge,5/22/2024,2024,48.151085,-120.056584,139
3DD.003E2161AF,Larvae,METHR - Methow River,METTRP,Methow Smolt Trap at McFarland Creek Road Bridge,5/16/2024,2024,48.151085,-120.056584,137
3DD.003E2161B0,Larvae,METHR - Methow River,METTRP,Methow Smolt Trap at McFarland Creek Road Bridge,6/10/2024,2024,48.151085,-120.056584,143
3DD.003E2161B1,Larvae,METHR - Methow River,METTRP,Methow Smolt Trap at McFarland Creek Road Bridge,5/16/2024,2024,48.151085,-120.056584,136
3DD.003E2161B2,Larvae,METHR - Methow River,METTRP,Methow Smolt Trap at McFarland Creek Road Bridge,5/16/2024,2024,48.151085,-120.056584,139
3DD.003E2161B3,Larvae,METHR - Methow River,METTRP,Methow Smolt Trap at McFarland Creek Road Bridge,5/19/2024,2024,48.151085,-120.056584,157
3DD.003E2161B4,Larvae,METHR - Methow River,METTRP,Methow Smolt Trap at McFarland Creek Road Bridge,5/22/2024,2024,48.151085,-120.056584,146
3DD.003E2161B5,Larvae,METHR - Methow River,METTRP,Methow Smolt Trap at McFarland Creek Road Bridge,6/3/2024,2024,48.151085,-120.056584,149
3DD.003E2161B6,Larvae,METHR - Methow River,METTRP,Methow Smolt Trap at McFarland Creek Road Bridge,5/22/2024,2024,48.151085,-120.056584,145
3DD.003E2161B7,Larvae,METHR - Methow River,METTRP,Methow Smolt Trap at McFarland Creek Road Bridge,5/19/2024,2024,48.151085,-120.056584,132
3DD.003E2161B8,Larvae,METHR - Methow River,METTRP,Methow Smolt Trap at McFarland Creek Road Bridge,5/28/2024,2024,48.151085,-120.056584,141
3DD.003E2161B9,Larvae,METHR - Methow River,METTRP,Methow Smolt Trap at McFarland Creek Road Bridge,5/19/2024,2024,48.151085,-120.056584,141
3DD.003E2161BA,Larvae,METHR - Methow River,METTRP,Methow Smolt Trap at McFarland Creek Road Bridge,5/22/2024,2024,48.151085,-120.056584,138
3DD.003E2161BB,Larvae,METHR - Methow River,METTRP,Methow Smolt Trap at McFarland Creek Road Bridge,5/19/2024,2024,48.151085,-120.056584,140
3DD.003E2161BC,Larvae,METHR - Methow River,METTRP,Methow Smolt Trap at McFarland Creek Road Bridge,5/31/2024,2024,48.151085,-120.056584,142
3DD.003E2161BD,Larvae,METHR - Methow River,METTRP,Methow Smolt Trap at McFarland Creek Road Bridge,5/28/2024,2024,48.151085,-120.056584,137
3DD.003E2161BE,Larvae,METHR - Methow River,METTRP,Methow Smolt Trap at McFarland Creek Road Bridge,5/31/2024,2024,48.151085,-120.056584,135
3DD.003E2161BF,Larvae,METHR - Methow River,METTRP,Methow Smolt Trap at McFarland Creek Road Bridge,5/31/2024,2024,48.151085,-120.056584,142
3DD.003E2161C0,Larvae,METHR - Methow River,METTRP,Methow Smolt Trap at McFarland Creek Road Bridge,5/16/2024,2024,48.151085,-120.056584,145
3DD.003E2161C1,Larvae,METHR - Methow River,METTRP,Methow Smolt Trap at McFarland Creek Road Bridge,5/19/2024,2024,48.151085,-120.056584,143
3DD.003E2161C2,Larvae,METHR - Methow River,METTRP,Methow Smolt Trap at McFarland Creek Road Bridge,5/19/2024,2024,48.151085,-120.056584,135
3DD.003E2161C3,Larvae,METTRP - Methow Smolt Trap at McFarland Creek Road Bridge,METTRP,Methow Smolt Trap at McFarland Creek Road Bridge,5/25/2024,2024,48.151085,-120.056584,136
3DD.003E2161C4,Larvae,METHR - Methow River,METTRP,Methow Smolt Trap at McFarland Creek Road Bridge,6/3/2024,2024,48.151085,-120.056584,141
3DD.003E2161C5,Larvae,METHR - Methow River,METTRP,Methow Smolt Trap at McFarland Creek Road Bridge,5/22/2024,2024,48.151085,-120.056584,140
3DD.003E2161C6,Larvae,METHR - Methow River,METTRP,Methow Smolt Trap at McFarland Creek Road Bridge,6/6/2024,2024,48.151085,-120.056584,135
3DD.003E2161C7,Larvae,METHR - Methow River,METTRP,Methow Smolt Trap at McFarland Creek Road Bridge,5/28/2024,2024,48.151085,-120.056584,135
3DD.003E2161C8,Larvae,METHR - Methow River,METTRP,Methow Smolt Trap at McFarland Creek Road Bridge,5/19/2024,2024,48.151085,-120.056584,140
3DD.003E2161C9,Larvae,METTRP - Methow Smolt Trap at McFarland Creek Road Bridge,METTRP,Methow Smolt Trap at McFarland Creek Road Bridge,5/25/2024,2024,48.151085,-120.056584,134
3DD.003E2161CA,Larvae,METHR - Methow River,METTRP,Methow Smolt Trap at McFarland Creek Road Bridge,5/19/2024,2024,48.151085,-120.056584,138
3DD.003E2161CB,Larvae,METHR - Methow River,METTRP,Methow Smolt Trap at McFarland Creek Road Bridge,6/6/2024,2024,48.151085,-120.056584,134
3DD.003E2161CC,Larvae,METHR - Methow River,METTRP,Methow Smolt Trap at McFarland Creek Road Bridge,5/31/2024,2024,48.151085,-120.056584,138
3DD.003E2161CD,Larvae,METTRP - Methow Smolt Trap at McFarland Creek Road Bridge,METTRP,Methow Smolt Trap at McFarland Creek Road Bridge,5/25/2024,2024,48.151085,-120.056584,132
3DD.003E2161CE,Larvae,METHR - Methow River,METTRP,Methow Smolt Trap at McFarland Creek Road Bridge,5/19/2024,2024,48.151085,-120.056584,140
3DD.003E2161CF,Larvae,METHR - Methow River,METTRP,Methow Smolt Trap at McFarland Creek Road Bridge,6/6/2024,2024,48.151085,-120.056584,134
3DD.003E2161D0,Larvae,METHR - Methow River,METTRP,Methow Smolt Trap at McFarland Creek Road Bridge,5/22/2024,2024,48.151085,-120.056584,147
3DD.003E2161D1,Larvae,METHR - Methow River,METTRP,Methow Smolt Trap at McFarland Creek Road Bridge,5/19/2024,2024,48.151085,-120.056584,145
3DD.003E2161D2,Larvae,METHR - Methow River,METTRP,Methow Smolt Trap at McFarland Creek Road Bridge,5/22/2024,2024,48.151085,-120.056584,140
3DD.003E2161D3,Larvae,METHR - Methow River,METTRP,Methow Smolt Trap at McFarland Creek Road Bridge,5/31/2024,2024,48.151085,-120.056584,145
3DD.003E2161D4,Larvae,METHR - Methow River,METTRP,Methow Smolt Trap at McFarland Creek Road Bridge,5/28/2024,2024,48.151085,-120.056584,137
3DD.003E2161D5,Larvae,METHR - Methow River,METTRP,Methow Smolt Trap at McFarland Creek Road Bridge,5/28/2024,2024,48.151085,-120.056584,137
3DD.003E2161D6,Larvae,METHR - Methow River,METTRP,Methow Smolt Trap at McFarland Creek Road Bridge,5/19/2024,2024,48.151085,-120.056584,146
3DD.003E2161D7,Larvae,METHR - Methow River,METTRP,Methow Smolt Trap at McFarland Creek Road Bridge,5/22/2024,2024,48.151085,-120.056584,133
3DD.003E2161D8,Larvae,METHR - Methow River,METTRP,Methow Smolt Trap at McFarland Creek Road Bridge,6/3/2024,2024,48.151085,-120.056584,137
3DD.003E2161D9,Larvae,METHR - Methow River,METTRP,Methow Smolt Trap at McFarland Creek Road Bridge,5/28/2024,2024,48.151085,-120.056584,138
3DD.003E2161DA,Larvae,METTRP - Methow Smolt Trap at McFarland Creek Road Bridge,METTRP,Methow Smolt Trap at McFarland Creek Road Bridge,5/25/2024,2024,48.151085,-120.056584,132
3DD.003E2161DB,Larvae,METHR - Methow River,METTRP,Methow Smolt Trap at McFarland Creek Road Bridge,6/3/2024,2024,48.151085,-120.056584,136
3DD.003E2161DC,Larvae,METTRP - Methow Smolt Trap at McFarland Creek Road Bridge,METTRP,Methow Smolt Trap at McFarland Creek Road Bridge,5/25/2024,2024,48.151085,-120.056584,139
3DD.003E2161DD,Larvae,METHR - Methow River,METTRP,Methow Smolt Trap at McFarland Creek Road Bridge,5/16/2024,2024,48.151085,-120.056584,152
3DD.003E2161DE,Larvae,METHR - Methow River,METTRP,Methow Smolt Trap at McFarland Creek Road Bridge,5/16/2024,2024,48.151085,-120.056584,149
3DD.003E2161DF,Larvae,METHR - Methow River,METTRP,Methow Smolt Trap at McFarland Creek Road Bridge,6/10/2024,2024,48.151085,-120.056584,136
3DD.003E2161E0,Larvae,METTRP - Methow Smolt Trap at McFarland Creek Road Bridge,METTRP,Methow Smolt Trap at McFarland Creek Road Bridge,5/25/2024,2024,48.151085,-120.056584,136
3DD.003E2161E1,Larvae,METHR - Methow River,METTRP,Methow Smolt Trap at McFarland Creek Road Bridge,5/19/2024,2024,48.151085,-120.056584,159
3DD.003E2161E2,Larvae,METHR - Methow River,METTRP,Methow Smolt Trap at McFarland Creek Road Bridge,5/28/2024,2024,48.151085,-120.056584,144
3DD.003E2161E3,Larvae,METHR - Methow River,METTRP,Methow Smolt Trap at McFarland Creek Road Bridge,5/31/2024,2024,48.151085,-120.056584,133
3DD.003E2161E4,Larvae,METHR - Methow River,METTRP,Methow Smolt Trap at McFarland Creek Road Bridge,6/6/2024,2024,48.151085,-120.056584,135
3DD.003E2161E5,Larvae,METHR - Methow River,METTRP,Methow Smolt Trap at McFarland Creek Road Bridge,5/19/2024,2024,48.151085,-120.056584,132
3DD.003E2161E6,Larvae,METHR - Methow River,METTRP,Methow Smolt Trap at McFarland Creek Road Bridge,5/19/2024,2024,48.151085,-120.056584,132
3DD.003E2161E7,Larvae,METHR - Methow River,METTRP,Methow Smolt Trap at McFarland Creek Road Bridge,5/22/2024,2024,48.151085,-120.056584,133
3DD.003E2161E8,Larvae,METHR - Methow River,METTRP,Methow Smolt Trap at McFarland Creek Road Bridge,5/19/2024,2024,48.151085,-120.056584,137
3DD.003E2161E9,Larvae,METHR - Methow River,METTRP,Methow Smolt Trap at McFarland Creek Road Bridge,5/19/2024,2024,48.151085,-120.056584,137
3DD.003E2161EA,Larvae,METTRP - Methow Smolt Trap at McFarland Creek Road Bridge,METTRP,Methow Smolt Trap at McFarland Creek Road Bridge,5/25/2024,2024,48.151085,-120.056584,135
3DD.003E2161EB,Larvae,METHR - Methow River,METTRP,Methow Smolt Trap at McFarland Creek Road Bridge,5/16/2024,2024,48.151085,-120.056584,132
3DD.003E2161EC,Larvae,METHR - Methow River,METTRP,Methow Smolt Trap at McFarland Creek Road Bridge,5/31/2024,2024,48.151085,-120.056584,134
3DD.003E2161ED,Larvae,METHR - Methow River,METTRP,Methow Smolt Trap at McFarland Creek Road Bridge,5/31/2024,2024,48.151085,-120.056584,136
3DD.003E2161EE,Larvae,METHR - Methow River,METTRP,Methow Smolt Trap at McFarland Creek Road Bridge,5/19/2024,2024,48.151085,-120.056584,144
3DD.003E2161EF,Larvae,METHR - Methow River,METTRP,Methow Smolt Trap at McFarland Creek Road Bridge,5/28/2024,2024,48.151085,-120.056584,138
3DD.003E2161F0,Larvae,METHR - Methow River,METTRP,Methow Smolt Trap at McFarland Creek Road Bridge,5/19/2024,2024,48.151085,-120.056584,136
3DD.003E2161F1,Larvae,METHR - Methow River,METTRP,Methow Smolt Trap at McFarland Creek Road Bridge,5/22/2024,2024,48.151085,-120.056584,132
3DD.003E2161F2,Larvae,METHR - Methow River,METTRP,Methow Smolt Trap at McFarland Creek Road Bridge,5/28/2024,2024,48.151085,-120.056584,134
3DD.003E2161F3,Larvae,METHR - Methow River,METTRP,Methow Smolt Trap at McFarland Creek Road Bridge,5/19/2024,2024,48.151085,-120.056584,137
3DD.003E2161F4,Larvae,METHR - Methow River,METTRP,Methow Smolt Trap at McFarland Creek Road Bridge,5/19/2024,2024,48.151085,-120.056584,135
3DD.003E2161F6,Macropthalmia (eyed juvenile),METHR - Methow River,METTRP,Methow Smolt Trap at McFarland Creek Road Bridge,5/13/2024,2024,48.151085,-120.056584,140
3DD.003E2161F7,Unknown,METTRP - Methow Smolt Trap at McFarland Creek Road Bridge,METTRP,Methow Smolt Trap at McFarland Creek Road Bridge,5/11/2024,2024,48.151085,-120.056584,500
3DD.003E2161F8,Macropthalmia (eyed juvenile),METHR - Methow River,METTRP,Methow Smolt Trap at McFarland Creek Road Bridge,5/13/2024,2024,48.151085,-120.056584,144
3DD.003E2161F9,Macropthalmia (eyed juvenile),METHR - Methow River,METTRP,Methow Smolt Trap at McFarland Creek Road Bridge,5/13/2024,2024,48.151085,-120.056584,144
3DD.003E2161FA,Larvae,METHR - Methow River,METTRP,Methow Smolt Trap at McFarland Creek Road Bridge,5/4/2024,2024,48.151085,-120.056584,135
3DD.003E2161FB,Larvae,METHR - Methow River,METTRP,Methow Smolt Trap at McFarland Creek Road Bridge,5/1/2024,2024,48.151085,-120.056584,132
3DD.003E2161FC,Larvae,METHR - Methow River,METTRP,Methow Smolt Trap at McFarland Creek Road Bridge,5/10/2024,2024,48.151085,-120.056584,130
3DD.003E2161FD,Macropthalmia (eyed juvenile),METHR - Methow River,METTRP,Methow Smolt Trap at McFarland Creek Road Bridge,5/13/2024,2024,48.151085,-120.056584,138
3DD.003E2161FE,Larvae,METHR - Methow River,METTRP,Methow Smolt Trap at McFarland Creek Road Bridge,5/16/2024,2024,48.151085,-120.056584,135
3DD.003E2161FF,Macropthalmia (eyed juvenile),METHR - Methow River,METTRP,Methow Smolt Trap at McFarland Creek Road Bridge,5/16/2024,2024,48.151085,-120.056584,137
3DD.003E216200,Larvae,METHR - Methow River,METTRP,Methow Smolt Trap at McFarland Creek Road Bridge,5/16/2024,2024,48.151085,-120.056584,139
3DD.003E216201,Larvae,METTRP - Methow Smolt Trap at McFarland Creek Road Bridge,METTRP,Methow Smolt Trap at McFarland Creek Road Bridge,5/25/2024,2024,48.151085,-120.056584,159
3DD.003E216202,Larvae,METHR - Methow River,METTRP,Methow Smolt Trap at McFarland Creek Road Bridge,5/22/2024,2024,48.151085,-120.056584,132
3DD.003E216203,Larvae,METHR - Methow River,METTRP,Methow Smolt Trap at McFarland Creek Road Bridge,5/1/2024,2024,48.151085,-120.056584,136
3DD.003E216204,Larvae,METHR - Methow River,METTRP,Methow Smolt Trap at McFarland Creek Road Bridge,5/4/2024,2024,48.151085,-120.056584,133
3DD.003E216205,Larvae,METHR - Methow River,METTRP,Methow Smolt Trap at McFarland Creek Road Bridge,5/1/2024,2024,48.151085,-120.056584,136
3DD.003E216206,Macropthalmia (eyed juvenile),METHR - Methow River,METTRP,Methow Smolt Trap at McFarland Creek Road Bridge,5/13/2024,2024,48.151085,-120.056584,133
3DD.003E216207,Larvae,METHR - Methow River,METTRP,Methow Smolt Trap at McFarland Creek Road Bridge,5/16/2024,2024,48.151085,-120.056584,138
3DD.003E216208,Larvae,METHR - Methow River,METTRP,Methow Smolt Trap at McFarland Creek Road Bridge,5/1/2024,2024,48.151085,-120.056584,139
3DD.003E216209,Macropthalmia (eyed juvenile),METHR - Methow River,METTRP,Methow Smolt Trap at McFarland Creek Road Bridge,4/19/2024,2024,48.151085,-120.056584,135
3DD.003E21620B,Larvae,METHR - Methow River,METTRP,Methow Smolt Trap at McFarland Creek Road Bridge,4/19/2024,2024,48.151085,-120.056584,139
3DD.003E21620C,Larvae,METHR - Methow River,METTRP,Methow Smolt Trap at McFarland Creek Road Bridge,4/28/2024,2024,48.151085,-120.056584,135
3DD.003E21620D,Macropthalmia (eyed juvenile),METHR - Methow River,METTRP,Methow Smolt Trap at McFarland Creek Road Bridge,5/16/2024,2024,48.151085,-120.056584,140
3DD.003E21620E,Larvae,METHR - Methow River,METTRP,Methow Smolt Trap at McFarland Creek Road Bridge,5/22/2024,2024,48.151085,-120.056584,141
3DD.003E21620F,Macropthalmia (eyed juvenile),METHR - Methow River,METTRP,Methow Smolt Trap at McFarland Creek Road Bridge,5/13/2024,2024,48.151085,-120.056584,136
3DD.003E216210,Macropthalmia (eyed juvenile),METHR - Methow River,METTRP,Methow Smolt Trap at McFarland Creek Road Bridge,5/10/2024,2024,48.151085,-120.056584,152
3DD.003E216211,Larvae,METHR - Methow River,METTRP,Methow Smolt Trap at McFarland Creek Road Bridge,5/1/2024,2024,48.151085,-120.056584,131
3DD.003E216212,Larvae,METHR - Methow River,METTRP,Methow Smolt Trap at McFarland Creek Road Bridge,5/16/2024,2024,48.151085,-120.056584,139
3DD.003E216213,Larvae,METHR - Methow River,METTRP,Methow Smolt Trap at McFarland Creek Road Bridge,5/31/2024,2024,48.151085,-120.056584,134
3DD.003E216215,Larvae,METHR - Methow River,METTRP,Methow Smolt Trap at McFarland Creek Road Bridge,5/1/2024,2024,48.151085,-120.056584,138
3DD.003E216216,Larvae,METHR - Methow River,METTRP,Methow Smolt Trap at McFarland Creek Road Bridge,5/10/2024,2024,48.151085,-120.056584,139
3DD.003E216217,Larvae,METHR - Methow River,METTRP,Methow Smolt Trap at McFarland Creek Road Bridge,5/16/2024,2024,48.151085,-120.056584,134
3DD.003E216218,Larvae,METHR - Methow River,METTRP,Methow Smolt Trap at McFarland Creek Road Bridge,5/4/2024,2024,48.151085,-120.056584,133
3DD.003E216219,Macropthalmia (eyed juvenile),METHR - Methow River,METTRP,Methow Smolt Trap at McFarland Creek Road Bridge,5/13/2024,2024,48.151085,-120.056584,133
3DD.003E21621A,Macropthalmia (eyed juvenile),METHR - Methow River,METTRP,Methow Smolt Trap at McFarland Creek Road Bridge,5/10/2024,2024,48.151085,-120.056584,142
3DD.003E21621B,Macropthalmia (eyed juvenile),METHR - Methow River,METTRP,Methow Smolt Trap at McFarland Creek Road Bridge,5/13/2024,2024,48.151085,-120.056584,140
3DD.003E21621C,Larvae,METHR - Methow River,METTRP,Methow Smolt Trap at McFarland Creek Road Bridge,5/1/2024,2024,48.151085,-120.056584,135
3DD.003E21621D,Larvae,METHR - Methow River,METTRP,Methow Smolt Trap at McFarland Creek Road Bridge,5/1/2024,2024,48.151085,-120.056584,136
3DD.003E21621E,Larvae,METHR - Methow River,METTRP,Methow Smolt Trap at McFarland Creek Road Bridge,5/19/2024,2024,48.151085,-120.056584,142
3DD.003E21621F,Larvae,METHR - Methow River,METTRP,Methow Smolt Trap at McFarland Creek Road Bridge,5/16/2024,2024,48.151085,-120.056584,136
3DD.003E216220,Larvae,METHR - Methow River,METTRP,Methow Smolt Trap at McFarland Creek Road Bridge,4/19/2024,2024,48.151085,-120.056584,140
3DD.003E216221,Macropthalmia (eyed juvenile),METHR - Methow River,METTRP,Methow Smolt Trap at McFarland Creek Road Bridge,5/13/2024,2024,48.151085,-120.056584,136
3DD.003E216222,Larvae,METHR - Methow River,METTRP,Methow Smolt Trap at McFarland Creek Road Bridge,5/1/2024,2024,48.151085,-120.056584,132
3DD.003E216223,Macropthalmia (eyed juvenile),METHR - Methow River,METTRP,Methow Smolt Trap at McFarland Creek Road Bridge,5/13/2024,2024,48.151085,-120.056584,138
3DD.003E216224,Macropthalmia (eyed juvenile),METHR - Methow River,METTRP,Methow Smolt Trap at McFarland Creek Road Bridge,5/13/2024,2024,48.151085,-120.056584,137
3DD.003E216226,Macropthalmia (eyed juvenile),METHR - Methow River,METTRP,Methow Smolt Trap at McFarland Creek Road Bridge,5/13/2024,2024,48.151085,-120.056584,140
3DD.003E216227,Larvae,METHR - Methow River,METTRP,Methow Smolt Trap at McFarland Creek Road Bridge,5/16/2024,2024,48.151085,-120.056584,149
3DD.003E216228,Larvae,METHR - Methow River,METTRP,Methow Smolt Trap at McFarland Creek Road Bridge,4/28/2024,2024,48.151085,-120.056584,136
3DD.003E216229,Larvae,METHR - Methow River,METTRP,Methow Smolt Trap at McFarland Creek Road Bridge,5/1/2024,2024,48.151085,-120.056584,133
3DD.003E21622A,Macropthalmia (eyed juvenile),METHR - Methow River,METTRP,Methow Smolt Trap at McFarland Creek Road Bridge,5/13/2024,2024,48.151085,-120.056584,137
3DD.003E21622B,Larvae,METHR - Methow River,METTRP,Methow Smolt Trap at McFarland Creek Road Bridge,5/1/2024,2024,48.151085,-120.056584,134
3DD.003E21622C,Macropthalmia (eyed juvenile),METHR - Methow River,METTRP,Methow Smolt Trap at McFarland Creek Road Bridge,5/13/2024,2024,48.151085,-120.056584,142
3DD.003E21622D,Larvae,METHR - Methow River,METTRP,Methow Smolt Trap at McFarland Creek Road Bridge,5/16/2024,2024,48.151085,-120.056584,133
3DD.003E21622E,Larvae,METHR - Methow River,METTRP,Methow Smolt Trap at McFarland Creek Road Bridge,5/1/2024,2024,48.151085,-120.056584,130
3DD.003E21622F,Larvae,METHR - Methow River,METTRP,Methow Smolt Trap at McFarland Creek Road Bridge,5/16/2024,2024,48.151085,-120.056584,134
3DD.003E216230,Larvae,METHR - Methow River,METTRP,Methow Smolt Trap at McFarland Creek Road Bridge,5/10/2024,2024,48.151085,-120.056584,142
3DD.003E216231,Larvae,METHR - Methow River,METTRP,Methow Smolt Trap at McFarland Creek Road Bridge,5/16/2024,2024,48.151085,-120.056584,135
3DD.003E216232,Larvae,METHR - Methow River,METTRP,Methow Smolt Trap at McFarland Creek Road Bridge,5/1/2024,2024,48.151085,-120.056584,144
3DD.003E216233,Larvae,METHR - Methow River,METTRP,Methow Smolt Trap at McFarland Creek Road Bridge,5/10/2024,2024,48.151085,-120.056584,133
3DD.003E216234,Larvae,METHR - Methow River,METTRP,Methow Smolt Trap at McFarland Creek Road Bridge,5/1/2024,2024,48.151085,-120.056584,139
3DD.003E216235,Macropthalmia (eyed juvenile),METHR - Methow River,METTRP,Methow Smolt Trap at McFarland Creek Road Bridge,5/13/2024,2024,48.151085,-120.056584,134
3DD.003E216236,Larvae,METHR - Methow River,METTRP,Methow Smolt Trap at McFarland Creek Road Bridge,5/16/2024,2024,48.151085,-120.056584,154
3DD.003E216237,Macropthalmia (eyed juvenile),METHR - Methow River,METTRP,Methow Smolt Trap at McFarland Creek Road Bridge,5/13/2024,2024,48.151085,-120.056584,135
3DD.003E216239,Larvae,METHR - Methow River,METTRP,Methow Smolt Trap at McFarland Creek Road Bridge,5/16/2024,2024,48.151085,-120.056584,140
3DD.003E21623A,Larvae,METHR - Methow River,METTRP,Methow Smolt Trap at McFarland Creek Road Bridge,5/16/2024,2024,48.151085,-120.056584,136
3DD.003E21623B,Larvae,METHR - Methow River,METTRP,Methow Smolt Trap at McFarland Creek Road Bridge,5/16/2024,2024,48.151085,-120.056584,144
3DD.003E21623C,Larvae,METHR - Methow River,METTRP,Methow Smolt Trap at McFarland Creek Road Bridge,4/28/2024,2024,48.151085,-120.056584,134
3DD.003E21623D,Larvae,METHR - Methow River,METTRP,Methow Smolt Trap at McFarland Creek Road Bridge,5/16/2024,2024,48.151085,-120.056584,138
3DD.003E21623E,Larvae,METHR - Methow River,METTRP,Methow Smolt Trap at McFarland Creek Road Bridge,5/19/2024,2024,48.151085,-120.056584,145
3DD.003E21623F,Larvae,METHR - Methow River,METTRP,Methow Smolt Trap at McFarland Creek Road Bridge,5/4/2024,2024,48.151085,-120.056584,135
3DD.003E216240,Macropthalmia (eyed juvenile),METHR - Methow River,METTRP,Methow Smolt Trap at McFarland Creek Road Bridge,5/4/2024,2024,48.151085,-120.056584,144
3DD.003E216241,Larvae,METHR - Methow River,METTRP,Methow Smolt Trap at McFarland Creek Road Bridge,5/16/2024,2024,48.151085,-120.056584,139
3DD.003E216242,Macropthalmia (eyed juvenile),METHR - Methow River,METTRP,Methow Smolt Trap at McFarland Creek Road Bridge,5/13/2024,2024,48.151085,-120.056584,142
3DD.003E216243,Larvae,METHR - Methow River,METTRP,Methow Smolt Trap at McFarland Creek Road Bridge,4/28/2024,2024,48.151085,-120.056584,135
3DD.003E216244,Larvae,METHR - Methow River,METTRP,Methow Smolt Trap at McFarland Creek Road Bridge,5/19/2024,2024,48.151085,-120.056584,141
3DD.003E216245,Macropthalmia (eyed juvenile),METHR - Methow River,METTRP,Methow Smolt Trap at McFarland Creek Road Bridge,5/13/2024,2024,48.151085,-120.056584,134
3DD.003E216246,Larvae,METHR - Methow River,METTRP,Methow Smolt Trap at McFarland Creek Road Bridge,5/1/2024,2024,48.151085,-120.056584,135
3DD.003E216247,Larvae,METHR - Methow River,METTRP,Methow Smolt Trap at McFarland Creek Road Bridge,5/1/2024,2024,48.151085,-120.056584,137
3DD.003E216248,Macropthalmia (eyed juvenile),METHR - Methow River,METTRP,Methow Smolt Trap at McFarland Creek Road Bridge,5/13/2024,2024,48.151085,-120.056584,138
3DD.003E216249,Macropthalmia (eyed juvenile),METHR - Methow River,METTRP,Methow Smolt Trap at McFarland Creek Road Bridge,5/13/2024,2024,48.151085,-120.056584,145
3DD.003E21624A,Larvae,METHR - Methow River,METTRP,Methow Smolt Trap at McFarland Creek Road Bridge,4/22/2024,2024,48.151085,-120.056584,142
3DD.003E21624B,Macropthalmia (eyed juvenile),METHR - Methow River,METTRP,Methow Smolt Trap at McFarland Creek Road Bridge,5/13/2024,2024,48.151085,-120.056584,136
3DD.003E21624C,Larvae,METHR - Methow River,METTRP,Methow Smolt Trap at McFarland Creek Road Bridge,5/10/2024,2024,48.151085,-120.056584,137
3DD.003E21624D,Macropthalmia (eyed juvenile),METHR - Methow River,METTRP,Methow Smolt Trap at McFarland Creek Road Bridge,5/13/2024,2024,48.151085,-120.056584,138
3DD.003E21624E,Macropthalmia (eyed juvenile),METHR - Methow River,METTRP,Methow Smolt Trap at McFarland Creek Road Bridge,5/10/2024,2024,48.151085,-120.056584,142
3DD.003E21624F,Macropthalmia (eyed juvenile),METHR - Methow River,METTRP,Methow Smolt Trap at McFarland Creek Road Bridge,5/16/2024,2024,48.151085,-120.056584,140
3DD.003E216250,Larvae,METHR - Methow River,METTRP,Methow Smolt Trap at McFarland Creek Road Bridge,5/4/2024,2024,48.151085,-120.056584,133
3DD.003E216251,Macropthalmia (eyed juvenile),METHR - Methow River,METTRP,Methow Smolt Trap at McFarland Creek Road Bridge,5/13/2024,2024,48.151085,-120.056584,134
3DD.003E216252,Macropthalmia (eyed juvenile),METHR - Methow River,METTRP,Methow Smolt Trap at McFarland Creek Road Bridge,5/13/2024,2024,48.151085,-120.056584,135
3DD.003E216253,Macropthalmia (eyed juvenile),METHR - Methow River,METTRP,Methow Smolt Trap at McFarland Creek Road Bridge,5/16/2024,2024,48.151085,-120.056584,135
3DD.003E216254,Larvae,METHR - Methow River,METTRP,Methow Smolt Trap at McFarland Creek Road Bridge,5/10/2024,2024,48.151085,-120.056584,133
3DD.003E216255,Larvae,METHR - Methow River,METTRP,Methow Smolt Trap at McFarland Creek Road Bridge,4/28/2024,2024,48.151085,-120.056584,134
3DD.003E216256,Larvae,METHR - Methow River,METTRP,Methow Smolt Trap at McFarland Creek Road Bridge,5/16/2024,2024,48.151085,-120.056584,136
3DD.003E216257,Macropthalmia (eyed juvenile),METHR - Methow River,METTRP,Methow Smolt Trap at McFarland Creek Road Bridge,5/13/2024,2024,48.151085,-120.056584,132
3DD.003E216259,Larvae,METHR - Methow River,METTRP,Methow Smolt Trap at McFarland Creek Road Bridge,5/22/2024,2024,48.151085,-120.056584,140
3DD.003E21625A,Larvae,TWISPR - Twisp River,TWITRP,Twisp River rotary smolt trap,7/11/2022,2022,48.367273,-120.138784,160
3DD.003E21625B,Larvae,TWISPR - Twisp River,TWITRP,Twisp River rotary smolt trap,7/21/2022,2022,48.367273,-120.138784,150
3DD.003E21625C,Larvae,TWISPR - Twisp River,TWITRP,Twisp River rotary smolt trap,5/28/2022,2022,48.367273,-120.138784,170
3DD.003E216261,Larvae,TWISPR - Twisp River,TWITRP,Twisp River rotary smolt trap,7/4/2022,2022,48.367273,-120.138784,151
3DD.003E216264,Macropthalmia (eyed juvenile),METTRP - Methow Smolt Trap at McFarland Creek Road Bridge,METTRP,Methow Smolt Trap at McFarland Creek Road Bridge,4/10/2025,2025,48.151085,-120.056584,142
3DD.003E216265,Larvae,TWITRP - Twisp River rotary smolt trap,TWITRP,Twisp River rotary smolt trap,7/19/2023,2023,48.367273,-120.138784,166
3DD.003E216267,Larvae,TWISPR - Twisp River,TWITRP,Twisp River rotary smolt trap,5/28/2022,2022,48.367273,-120.138784,169
3DD.003E21626A,Larvae,TWITRP - Twisp River rotary smolt trap,TWITRP,Twisp River rotary smolt trap,4/30/2023,2023,48.367273,-120.138784,165
3DD.003E21626B,Larvae,TWITRP - Twisp River rotary smolt trap,TWITRP,Twisp River rotary smolt trap,4/18/2023,2023,48.367273,-120.138784,153
3DD.003E21626C,Larvae,TWISPR - Twisp River,TWITRP,Twisp River rotary smolt trap,5/28/2022,2022,48.367273,-120.138784,175
3DD.003E21626D,Larvae,TWISPR - Twisp River,TWITRP,Twisp River rotary smolt trap,10/27/2022,2022,48.367273,-120.138784,139
3DD.003E21626F,Macropthalmia (eyed juvenile),METTRP - Methow Smolt Trap at McFarland Creek Road Bridge,METTRP,Methow Smolt Trap at McFarland Creek Road Bridge,4/22/2025,2025,48.151085,-120.056584,133
3DD.003E216270,Larvae,TWITRP - Twisp River rotary smolt trap,TWITRP,Twisp River rotary smolt trap,5/1/2023,2023,48.367273,-120.138784,150
3DD.003E216272,Larvae,TWITRP - Twisp River rotary smolt trap,TWITRP,Twisp River rotary smolt trap,5/25/2023,2023,48.367273,-120.138784,147
3DD.003E216273,Macropthalmia (eyed juvenile),METTRP - Methow Smolt Trap at McFarland Creek Road Bridge,METTRP,Methow Smolt Trap at McFarland Creek Road Bridge,4/16/2025,2025,48.151085,-120.056584,135
3DD.003E216274,Larvae,METTRP - Methow Smolt Trap at McFarland Creek Road Bridge,METTRP,Methow Smolt Trap at McFarland Creek Road Bridge,4/23/2025,2025,48.151085,-120.056584,150
3DD.003E216275,Larvae,TWITRP - Twisp River rotary smolt trap,TWITRP,Twisp River rotary smolt trap,6/4/2023,2023,48.367273,-120.138784,158
3DD.003E216276,Macropthalmia (eyed juvenile),METTRP - Methow Smolt Trap at McFarland Creek Road Bridge,METTRP,Methow Smolt Trap at McFarland Creek Road Bridge,4/22/2025,2025,48.151085,-120.056584,133
3DD.003E216277,Larvae,METTRP - Methow Smolt Trap at McFarland Creek Road Bridge,METTRP,Methow Smolt Trap at McFarland Creek Road Bridge,4/25/2025,2025,48.151085,-120.056584,155
3DD.003E216278,Larvae,TWISPR - Twisp River,TWITRP,Twisp River rotary smolt trap,5/31/2023,2023,48.367273,-120.138784,152
3DD.003E216279,Larvae,TWITRP - Twisp River rotary smolt trap,TWITRP,Twisp River rotary smolt trap,11/8/2025,2025,48.367273,-120.138784,144
3DD.003E21627C,Larvae,TWITRP - Twisp River rotary smolt trap,TWITRP,Twisp River rotary smolt trap,4/30/2023,2023,48.367273,-120.138784,159
3DD.003E21627E,Larvae,TWISPR - Twisp River,TWITRP,Twisp River rotary smolt trap,8/5/2022,2022,48.367273,-120.138784,150
3DD.003E21627F,Larvae,TWITRP - Twisp River rotary smolt trap,TWITRP,Twisp River rotary smolt trap,4/28/2023,2023,48.367273,-120.138784,168
3DD.003E216280,Larvae,METTRP - Methow Smolt Trap at McFarland Creek Road Bridge,METTRP,Methow Smolt Trap at McFarland Creek Road Bridge,4/23/2025,2025,48.151085,-120.056584,133
3DD.003E216285,Larvae,TWISPR - Twisp River,TWITRP,Twisp River rotary smolt trap,8/24/2022,2022,48.367273,-120.138784,146
3DD.003E216286,Macropthalmia (eyed juvenile),METTRP - Methow Smolt Trap at McFarland Creek Road Bridge,METTRP,Methow Smolt Trap at McFarland Creek Road Bridge,4/22/2025,2025,48.151085,-120.056584,135
3DD.003E216287,Larvae,TWITRP - Twisp River rotary smolt trap,TWITRP,Twisp River rotary smolt trap,4/12/2023,2023,48.367273,-120.138784,152
3DD.003E21628A,Macropthalmia (eyed juvenile),METTRP - Methow Smolt Trap at McFarland Creek Road Bridge,METTRP,Methow Smolt Trap at McFarland Creek Road Bridge,4/23/2025,2025,48.151085,-120.056584,136
3DD.003E21628B,Macropthalmia (eyed juvenile),METTRP - Methow Smolt Trap at McFarland Creek Road Bridge,METTRP,Methow Smolt Trap at McFarland Creek Road Bridge,4/16/2025,2025,48.151085,-120.056584,134
3DD.003E21628D,Larvae,TWITRP - Twisp River rotary smolt trap,TWITRP,Twisp River rotary smolt trap,4/25/2023,2023,48.367273,-120.138784,180
3DD.003E21628E,Larvae,TWITRP - Twisp River rotary smolt trap,TWITRP,Twisp River rotary smolt trap,4/26/2023,2023,48.367273,-120.138784,167
3DD.003E216290,Macropthalmia (eyed juvenile),METTRP - Methow Smolt Trap at McFarland Creek Road Bridge,METTRP,Methow Smolt Trap at McFarland Creek Road Bridge,4/22/2025,2025,48.151085,-120.056584,130
3DD.003E216291,Macropthalmia (eyed juvenile),METTRP - Methow Smolt Trap at McFarland Creek Road Bridge,METTRP,Methow Smolt Trap at McFarland Creek Road Bridge,4/22/2025,2025,48.151085,-120.056584,141
3DD.003E216292,Larvae,TWITRP - Twisp River rotary smolt trap,TWITRP,Twisp River rotary smolt trap,3/26/2024,2024,48.367273,-120.138784,152
3DD.003E216293,Larvae,TWISPR - Twisp River,TWITRP,Twisp River rotary smolt trap,7/29/2022,2022,48.367273,-120.138784,155
3DD.003E216294,Larvae,TWITRP - Twisp River rotary smolt trap,TWITRP,Twisp River rotary smolt trap,11/14/2025,2025,48.367273,-120.138784,132
3DD.003E216295,Larvae,METTRP - Methow Smolt Trap at McFarland Creek Road Bridge,METTRP,Methow Smolt Trap at McFarland Creek Road Bridge,4/10/2025,2025,48.151085,-120.056584,134
3DD.003E216296,Larvae,METTRP - Methow Smolt Trap at McFarland Creek Road Bridge,METTRP,Methow Smolt Trap at McFarland Creek Road Bridge,4/23/2025,2025,48.151085,-120.056584,145
3DD.003E216297,Larvae,TWITRP - Twisp River rotary smolt trap,TWITRP,Twisp River rotary smolt trap,11/14/2025,2025,48.367273,-120.138784,151
3DD.003E216299,Larvae,TWITRP - Twisp River rotary smolt trap,TWITRP,Twisp River rotary smolt trap,4/3/2023,2023,48.367273,-120.138784,176
3DD.003E21629A,Larvae,METTRP - Methow Smolt Trap at McFarland Creek Road Bridge,METTRP,Methow Smolt Trap at McFarland Creek Road Bridge,4/25/2025,2025,48.151085,-120.056584,136
3DD.003E21629B,Larvae,TWITRP - Twisp River rotary smolt trap,TWITRP,Twisp River rotary smolt trap,3/19/2024,2024,48.367273,-120.138784,170
3DD.003E21629C,Larvae,TWITRP - Twisp River rotary smolt trap,TWITRP,Twisp River rotary smolt trap,4/9/2023,2023,48.367273,-120.138784,165
3DD.003E21629D,Larvae,TWITRP - Twisp River rotary smolt trap,TWITRP,Twisp River rotary smolt trap,4/28/2023,2023,48.367273,-120.138784,158
3DD.003E21629E,Larvae,TWITRP - Twisp River rotary smolt trap,TWITRP,Twisp River rotary smolt trap,11/3/2025,2025,48.367273,-120.138784,135
3DD.003E2162A1,Larvae,TWITRP - Twisp River rotary smolt trap,TWITRP,Twisp River rotary smolt trap,4/26/2023,2023,48.367273,-120.138784,161
3DD.003E2162A2,Macropthalmia (eyed juvenile),METTRP - Methow Smolt Trap at McFarland Creek Road Bridge,METTRP,Methow Smolt Trap at McFarland Creek Road Bridge,4/28/2025,2025,48.151085,-120.056584,137
3DD.003E2162A3,Larvae,METTRP - Methow Smolt Trap at McFarland Creek Road Bridge,METTRP,Methow Smolt Trap at McFarland Creek Road Bridge,4/23/2025,2025,48.151085,-120.056584,134
3DD.003E2162A4,Larvae,TWISPR - Twisp River,TWITRP,Twisp River rotary smolt trap,3/28/2025,2025,48.367273,-120.138784,172
3DD.003E2162A5,Macropthalmia (eyed juvenile),METTRP - Methow Smolt Trap at McFarland Creek Road Bridge,METTRP,Methow Smolt Trap at McFarland Creek Road Bridge,4/23/2025,2025,48.151085,-120.056584,132
3DD.003E2162A6,Larvae,METTRP - Methow Smolt Trap at McFarland Creek Road Bridge,METTRP,Methow Smolt Trap at McFarland Creek Road Bridge,4/25/2025,2025,48.151085,-120.056584,133
3DD.003E2162A7,Larvae,TWITRP - Twisp River rotary smolt trap,TWITRP,Twisp River rotary smolt trap,4/26/2023,2023,48.367273,-120.138784,159
3DD.003E2162A8,Macropthalmia (eyed juvenile),METTRP - Methow Smolt Trap at McFarland Creek Road Bridge,METTRP,Methow Smolt Trap at McFarland Creek Road Bridge,4/22/2025,2025,48.151085,-120.056584,137
3DD.003E2162A9,Larvae,METTRP - Methow Smolt Trap at McFarland Creek Road Bridge,METTRP,Methow Smolt Trap at McFarland Creek Road Bridge,4/25/2025,2025,48.151085,-120.056584,136
3DD.003E2162AA,Macropthalmia (eyed juvenile),METTRP - Methow Smolt Trap at McFarland Creek Road Bridge,METTRP,Methow Smolt Trap at McFarland Creek Road Bridge,4/23/2025,2025,48.151085,-120.056584,144
3DD.003E2162AB,Larvae,TWISPR - Twisp River,TWITRP,Twisp River rotary smolt trap,7/6/2022,2022,48.367273,-120.138784,157
3DD.003E2162AC,Larvae,TWISPR - Twisp River,TWITRP,Twisp River rotary smolt trap,4/9/2024,2024,48.367273,-120.138784,143
3DD.003E2162AD,Macropthalmia (eyed juvenile),METTRP - Methow Smolt Trap at McFarland Creek Road Bridge,METTRP,Methow Smolt Trap at McFarland Creek Road Bridge,4/22/2025,2025,48.151085,-120.056584,134
3DD.003E2162AE,Larvae,METTRP - Methow Smolt Trap at McFarland Creek Road Bridge,METTRP,Methow Smolt Trap at McFarland Creek Road Bridge,4/22/2025,2025,48.151085,-120.056584,160
3DD.003E2162B0,Macropthalmia (eyed juvenile),METTRP - Methow Smolt Trap at McFarland Creek Road Bridge,METTRP,Methow Smolt Trap at McFarland Creek Road Bridge,4/28/2025,2025,48.151085,-120.056584,132
3DD.003E2162B1,Macropthalmia (eyed juvenile),METTRP - Methow Smolt Trap at McFarland Creek Road Bridge,METTRP,Methow Smolt Trap at McFarland Creek Road Bridge,4/23/2025,2025,48.151085,-120.056584,137
3DD.003E2162B2,Larvae,METTRP - Methow Smolt Trap at McFarland Creek Road Bridge,METTRP,Methow Smolt Trap at McFarland Creek Road Bridge,4/25/2025,2025,48.151085,-120.056584,140
3DD.003E2162B3,Macropthalmia (eyed juvenile),METTRP - Methow Smolt Trap at McFarland Creek Road Bridge,METTRP,Methow Smolt Trap at McFarland Creek Road Bridge,4/25/2025,2025,48.151085,-120.056584,132
3DD.003E2162B4,Larvae,METTRP - Methow Smolt Trap at McFarland Creek Road Bridge,METTRP,Methow Smolt Trap at McFarland Creek Road Bridge,4/23/2025,2025,48.151085,-120.056584,134
3DD.003E2162B5,Larvae,METTRP - Methow Smolt Trap at McFarland Creek Road Bridge,METTRP,Methow Smolt Trap at McFarland Creek Road Bridge,4/24/2025,2025,48.151085,-120.056584,139
3DD.003E2162B6,Larvae,METTRP - Methow Smolt Trap at McFarland Creek Road Bridge,METTRP,Methow Smolt Trap at McFarland Creek Road Bridge,4/23/2025,2025,48.151085,-120.056584,138
3DD.003E2162B7,Larvae,METTRP - Methow Smolt Trap at McFarland Creek Road Bridge,METTRP,Methow Smolt Trap at McFarland Creek Road Bridge,4/24/2025,2025,48.151085,-120.056584,140
3DD.003E2162B8,Macropthalmia (eyed juvenile),METTRP - Methow Smolt Trap at McFarland Creek Road Bridge,METTRP,Methow Smolt Trap at McFarland Creek Road Bridge,4/25/2025,2025,48.151085,-120.056584,137
3DD.003E2162B9,Larvae,TWITRP - Twisp River rotary smolt trap,TWITRP,Twisp River rotary smolt trap,4/26/2023,2023,48.367273,-120.138784,165
3DD.003E2162BA,Larvae,TWITRP - Twisp River rotary smolt trap,TWITRP,Twisp River rotary smolt trap,4/12/2023,2023,48.367273,-120.138784,173
3DD.003E2162BC,Larvae,METTRP - Methow Smolt Trap at McFarland Creek Road Bridge,METTRP,Methow Smolt Trap at McFarland Creek Road Bridge,4/23/2025,2025,48.151085,-120.056584,130
3DD.003E2162BD,Larvae,TWISPR - Twisp River,TWITRP,Twisp River rotary smolt trap,6/2/2022,2022,48.367273,-120.138784,161
3DD.003E2162BF,Larvae,METHR - Methow River,METTRP,Methow Smolt Trap at McFarland Creek Road Bridge,5/29/2023,2023,48.151085,-120.056584,133
3DD.003E2162C0,Larvae,METHR - Methow River,METTRP,Methow Smolt Trap at McFarland Creek Road Bridge,5/26/2023,2023,48.151085,-120.056584,130
3DD.003E2162C1,Larvae,METHR - Methow River,METTRP,Methow Smolt Trap at McFarland Creek Road Bridge,5/29/2023,2023,48.151085,-120.056584,132
3DD.003E2162C2,Larvae,METHR - Methow River,METTRP,Methow Smolt Trap at McFarland Creek Road Bridge,6/1/2023,2023,48.151085,-120.056584,141
3DD.003E2162C3,Larvae,METHR - Methow River,METTRP,Methow Smolt Trap at McFarland Creek Road Bridge,5/26/2023,2023,48.151085,-120.056584,139
3DD.003E2162C4,Macropthalmia (eyed juvenile),METHR - Methow River,METTRP,Methow Smolt Trap at McFarland Creek Road Bridge,4/16/2024,2024,48.151085,-120.056584,147
3DD.003E2162C7,Larvae,METHR - Methow River,METTRP,Methow Smolt Trap at McFarland Creek Road Bridge,5/26/2023,2023,48.151085,-120.056584,146
3DD.003E2162C8,Larvae,METHR - Methow River,METTRP,Methow Smolt Trap at McFarland Creek Road Bridge,4/7/2024,2024,48.151085,-120.056584,145
3DD.003E2162C9,Larvae,METHR - Methow River,METTRP,Methow Smolt Trap at McFarland Creek Road Bridge,5/29/2023,2023,48.151085,-120.056584,141
3DD.003E2162CB,Larvae,METTRP - Methow Smolt Trap at McFarland Creek Road Bridge,METTRP,Methow Smolt Trap at McFarland Creek Road Bridge,7/7/2022,2022,48.151085,-120.056584,141
3DD.003E2162CC,Larvae,METHR - Methow River,METTRP,Methow Smolt Trap at McFarland Creek Road Bridge,5/29/2023,2023,48.151085,-120.056584,139
3DD.003E2162CD,Larvae,METTRP - Methow Smolt Trap at McFarland Creek Road Bridge,METTRP,Methow Smolt Trap at McFarland Creek Road Bridge,6/3/2022,2022,48.151085,-120.056584,134
3DD.003E2162CE,Larvae,METHR - Methow River,METTRP,Methow Smolt Trap at McFarland Creek Road Bridge,5/26/2023,2023,48.151085,-120.056584,144
3DD.003E2162CF,Larvae,METTRP - Methow Smolt Trap at McFarland Creek Road Bridge,METTRP,Methow Smolt Trap at McFarland Creek Road Bridge,5/29/2022,2022,48.151085,-120.056584,148
3DD.003E2162D0,Larvae,METTRP - Methow Smolt Trap at McFarland Creek Road Bridge,METTRP,Methow Smolt Trap at McFarland Creek Road Bridge,5/29/2022,2022,48.151085,-120.056584,157
3DD.003E2162D2,Macropthalmia (eyed juvenile),METTRP - Methow Smolt Trap at McFarland Creek Road Bridge,METTRP,Methow Smolt Trap at McFarland Creek Road Bridge,6/3/2022,2022,48.151085,-120.056584,147
3DD.003E2162D3,Macropthalmia (eyed juvenile),METHR - Methow River,METTRP,Methow Smolt Trap at McFarland Creek Road Bridge,5/1/2023,2023,48.151085,-120.056584,155
3DD.003E2162D4,Larvae,METHR - Methow River,METTRP,Methow Smolt Trap at McFarland Creek Road Bridge,5/26/2023,2023,48.151085,-120.056584,151
3DD.003E2162D5,Larvae,METHR - Methow River,METTRP,Methow Smolt Trap at McFarland Creek Road Bridge,3/26/2024,2024,48.151085,-120.056584,135
3DD.003E2162D6,Larvae,METHR - Methow River,METTRP,Methow Smolt Trap at McFarland Creek Road Bridge,6/4/2023,2023,48.151085,-120.056584,134
3DD.003E2162D7,Larvae,METHR - Methow River,METTRP,Methow Smolt Trap at McFarland Creek Road Bridge,5/26/2023,2023,48.151085,-120.056584,140
3DD.003E2162D8,Larvae,METHR - Methow River,METTRP,Methow Smolt Trap at McFarland Creek Road Bridge,5/29/2023,2023,48.151085,-120.056584,142
3DD.003E2162D9,Larvae,METHR - Methow River,METTRP,Methow Smolt Trap at McFarland Creek Road Bridge,5/29/2023,2023,48.151085,-120.056584,150
3DD.003E2162DA,Larvae,METTRP - Methow Smolt Trap at McFarland Creek Road Bridge,METTRP,Methow Smolt Trap at McFarland Creek Road Bridge,5/29/2022,2022,48.151085,-120.056584,144
3DD.003E2162DB,Larvae,METTRP - Methow Smolt Trap at McFarland Creek Road Bridge,METTRP,Methow Smolt Trap at McFarland Creek Road Bridge,6/3/2022,2022,48.151085,-120.056584,138
3DD.003E2162DC,Larvae,METTRP - Methow Smolt Trap at McFarland Creek Road Bridge,METTRP,Methow Smolt Trap at McFarland Creek Road Bridge,7/7/2022,2022,48.151085,-120.056584,136
3DD.003E2162DE,Larvae,METTRP - Methow Smolt Trap at McFarland Creek Road Bridge,METTRP,Methow Smolt Trap at McFarland Creek Road Bridge,7/8/2022,2022,48.151085,-120.056584,143
3DD.003E2162E0,Larvae,METHR - Methow River,METTRP,Methow Smolt Trap at McFarland Creek Road Bridge,11/5/2023,2023,48.151085,-120.056584,125
3DD.003E2162E1,Larvae,METHR - Methow River,METTRP,Methow Smolt Trap at McFarland Creek Road Bridge,4/13/2023,2023,48.151085,-120.056584,133
3DD.003E2162E3,Larvae,METHR - Methow River,METTRP,Methow Smolt Trap at McFarland Creek Road Bridge,5/29/2023,2023,48.151085,-120.056584,132
3DD.003E2162E4,Larvae,METHR - Methow River,METTRP,Methow Smolt Trap at McFarland Creek Road Bridge,6/10/2023,2023,48.151085,-120.056584,133
3DD.003E2162E5,Larvae,METHR - Methow River,METTRP,Methow Smolt Trap at McFarland Creek Road Bridge,5/26/2023,2023,48.151085,-120.056584,140
3DD.003E2162E6,Larvae,METHR - Methow River,METTRP,Methow Smolt Trap at McFarland Creek Road Bridge,3/23/2024,2024,48.151085,-120.056584,135
3DD.003E2162E7,Larvae,METHR - Methow River,METTRP,Methow Smolt Trap at McFarland Creek Road Bridge,6/1/2023,2023,48.151085,-120.056584,133
3DD.003E2162E8,Macropthalmia (eyed juvenile),METTRP - Methow Smolt Trap at McFarland Creek Road Bridge,METTRP,Methow Smolt Trap at McFarland Creek Road Bridge,5/29/2022,2022,48.151085,-120.056584,135
3DD.003E2162EA,Larvae,METHR - Methow River,METTRP,Methow Smolt Trap at McFarland Creek Road Bridge,5/29/2023,2023,48.151085,-120.056584,132
3DD.003E2162EB,Larvae,METTRP - Methow Smolt Trap at McFarland Creek Road Bridge,METTRP,Methow Smolt Trap at McFarland Creek Road Bridge,5/29/2022,2022,48.151085,-120.056584,174
3DD.003E2162EC,Larvae,METTRP - Methow Smolt Trap at McFarland Creek Road Bridge,METTRP,Methow Smolt Trap at McFarland Creek Road Bridge,5/29/2022,2022,48.151085,-120.056584,137
3DD.003E2162ED,Macropthalmia (eyed juvenile),METTRP - Methow Smolt Trap at McFarland Creek Road Bridge,METTRP,Methow Smolt Trap at McFarland Creek Road Bridge,6/3/2022,2022,48.151085,-120.056584,146
3DD.003E2162EE,Larvae,METTRP - Methow Smolt Trap at McFarland Creek Road Bridge,METTRP,Methow Smolt Trap at McFarland Creek Road Bridge,6/3/2022,2022,48.151085,-120.056584,144
3DD.003E2162EF,Larvae,METHR - Methow River,METTRP,Methow Smolt Trap at McFarland Creek Road Bridge,6/4/2023,2023,48.151085,-120.056584,134
3DD.003E2162F0,Macropthalmia (eyed juvenile),METTRP - Methow Smolt Trap at McFarland Creek Road Bridge,METTRP,Methow Smolt Trap at McFarland Creek Road Bridge,5/29/2022,2022,48.151085,-120.056584,142
3DD.003E2162F1,Larvae,METTRP - Methow Smolt Trap at McFarland Creek Road Bridge,METTRP,Methow Smolt Trap at McFarland Creek Road Bridge,6/3/2022,2022,48.151085,-120.056584,138
3DD.003E2162F2,Macropthalmia (eyed juvenile),METTRP - Methow Smolt Trap at McFarland Creek Road Bridge,METTRP,Methow Smolt Trap at McFarland Creek Road Bridge,6/3/2022,2022,48.151085,-120.056584,143
3DD.003E2162F3,Macropthalmia (eyed juvenile),METTRP - Methow Smolt Trap at McFarland Creek Road Bridge,METTRP,Methow Smolt Trap at McFarland Creek Road Bridge,6/3/2022,2022,48.151085,-120.056584,138
3DD.003E2162F4,Larvae,METHR - Methow River,METTRP,Methow Smolt Trap at McFarland Creek Road Bridge,6/1/2023,2023,48.151085,-120.056584,132
3DD.003E2162F5,Larvae,METHR - Methow River,METTRP,Methow Smolt Trap at McFarland Creek Road Bridge,6/1/2023,2023,48.151085,-120.056584,139
3DD.003E2162F7,Larvae,METTRP - Methow Smolt Trap at McFarland Creek Road Bridge,METTRP,Methow Smolt Trap at McFarland Creek Road Bridge,6/3/2022,2022,48.151085,-120.056584,145
3DD.003E2162F8,Larvae,METTRP - Methow Smolt Trap at McFarland Creek Road Bridge,METTRP,Methow Smolt Trap at McFarland Creek Road Bridge,6/3/2022,2022,48.151085,-120.056584,146
3DD.003E2162F9,Larvae,METHR - Methow River,METTRP,Methow Smolt Trap at McFarland Creek Road Bridge,5/29/2023,2023,48.151085,-120.056584,152
3DD.003E2162FA,Larvae,METHR - Methow River,METTRP,Methow Smolt Trap at McFarland Creek Road Bridge,3/26/2024,2024,48.151085,-120.056584,135
3DD.003E2162FB,Larvae,METTRP - Methow Smolt Trap at McFarland Creek Road Bridge,METTRP,Methow Smolt Trap at McFarland Creek Road Bridge,6/24/2022,2022,48.151085,-120.056584,146
3DD.003E2162FC,Larvae,METTRP - Methow Smolt Trap at McFarland Creek Road Bridge,METTRP,Methow Smolt Trap at McFarland Creek Road Bridge,7/7/2022,2022,48.151085,-120.056584,140
3DD.003E2162FD,Larvae,METTRP - Methow Smolt Trap at McFarland Creek Road Bridge,METTRP,Methow Smolt Trap at McFarland Creek Road Bridge,6/3/2022,2022,48.151085,-120.056584,135
3DD.003E2162FE,Larvae,METTRP - Methow Smolt Trap at McFarland Creek Road Bridge,METTRP,Methow Smolt Trap at McFarland Creek Road Bridge,6/3/2022,2022,48.151085,-120.056584,146
3DD.003E2162FF,Larvae,METTRP - Methow Smolt Trap at McFarland Creek Road Bridge,METTRP,Methow Smolt Trap at McFarland Creek Road Bridge,6/3/2022,2022,48.151085,-120.056584,145
3DD.003E216300,Larvae,METHR - Methow River,METTRP,Methow Smolt Trap at McFarland Creek Road Bridge,5/29/2023,2023,48.151085,-120.056584,143
3DD.003E216301,Larvae,METHR - Methow River,METTRP,Methow Smolt Trap at McFarland Creek Road Bridge,4/4/2024,2024,48.151085,-120.056584,139
3DD.003E216302,Larvae,METTRP - Methow Smolt Trap at McFarland Creek Road Bridge,METTRP,Methow Smolt Trap at McFarland Creek Road Bridge,7/6/2022,2022,48.151085,-120.056584,166
3DD.003E216303,Macropthalmia (eyed juvenile),METTRP - Methow Smolt Trap at McFarland Creek Road Bridge,METTRP,Methow Smolt Trap at McFarland Creek Road Bridge,6/3/2022,2022,48.151085,-120.056584,137
3DD.003E216304,Larvae,METTRP - Methow Smolt Trap at McFarland Creek Road Bridge,METTRP,Methow Smolt Trap at McFarland Creek Road Bridge,6/3/2022,2022,48.151085,-120.056584,139
3DD.003E216305,Larvae,METTRP - Methow Smolt Trap at McFarland Creek Road Bridge,METTRP,Methow Smolt Trap at McFarland Creek Road Bridge,5/29/2022,2022,48.151085,-120.056584,157
3DD.003E216306,Macropthalmia (eyed juvenile),METHR - Methow River,METTRP,Methow Smolt Trap at McFarland Creek Road Bridge,4/19/2024,2024,48.151085,-120.056584,138
3DD.003E216307,Larvae,METTRP - Methow Smolt Trap at McFarland Creek Road Bridge,METTRP,Methow Smolt Trap at McFarland Creek Road Bridge,6/3/2022,2022,48.151085,-120.056584,140
3DD.003E216308,Unknown,METTRP - Methow Smolt Trap at McFarland Creek Road Bridge,METTRP,Methow Smolt Trap at McFarland Creek Road Bridge,6/12/2023,2023,48.151085,-120.056584,430
3DD.003E21630B,Larvae,METHR - Methow River,METTRP,Methow Smolt Trap at McFarland Creek Road Bridge,5/4/2024,2024,48.151085,-120.056584,137
3DD.003E21630C,Larvae,METTRP - Methow Smolt Trap at McFarland Creek Road Bridge,METTRP,Methow Smolt Trap at McFarland Creek Road Bridge,6/24/2022,2022,48.151085,-120.056584,137
3DD.003E21630D,Larvae,METHR - Methow River,METTRP,Methow Smolt Trap at McFarland Creek Road Bridge,5/29/2023,2023,48.151085,-120.056584,139
3DD.003E21630E,Larvae,METHR - Methow River,METTRP,Methow Smolt Trap at McFarland Creek Road Bridge,5/29/2023,2023,48.151085,-120.056584,138
3DD.003E21630F,Macropthalmia (eyed juvenile),METTRP - Methow Smolt Trap at McFarland Creek Road Bridge,METTRP,Methow Smolt Trap at McFarland Creek Road Bridge,5/29/2022,2022,48.151085,-120.056584,144
3DD.003E216310,Larvae,METHR - Methow River,METTRP,Methow Smolt Trap at McFarland Creek Road Bridge,4/28/2023,2023,48.151085,-120.056584,133
3DD.003E216311,Larvae,METTRP - Methow Smolt Trap at McFarland Creek Road Bridge,METTRP,Methow Smolt Trap at McFarland Creek Road Bridge,6/24/2022,2022,48.151085,-120.056584,143
3DD.003E216313,Larvae,METHR - Methow River,METTRP,Methow Smolt Trap at McFarland Creek Road Bridge,4/25/2023,2023,48.151085,-120.056584,129
3DD.003E216314,Larvae,METTRP - Methow Smolt Trap at McFarland Creek Road Bridge,METTRP,Methow Smolt Trap at McFarland Creek Road Bridge,7/6/2022,2022,48.151085,-120.056584,148
3DD.003E216315,Macropthalmia (eyed juvenile),METHR - Methow River,METTRP,Methow Smolt Trap at McFarland Creek Road Bridge,4/3/2023,2023,48.151085,-120.056584,131
3DD.003E216316,Larvae,METHR - Methow River,METTRP,Methow Smolt Trap at McFarland Creek Road Bridge,4/19/2023,2023,48.151085,-120.056584,137
3DD.003E216317,Larvae,METTRP - Methow Smolt Trap at McFarland Creek Road Bridge,METTRP,Methow Smolt Trap at McFarland Creek Road Bridge,6/3/2022,2022,48.151085,-120.056584,143
3DD.003E216318,Larvae,METHR - Methow River,METTRP,Methow Smolt Trap at McFarland Creek Road Bridge,5/26/2023,2023,48.151085,-120.056584,150
3DD.003E21631A,Larvae,METTRP - Methow Smolt Trap at McFarland Creek Road Bridge,METTRP,Methow Smolt Trap at McFarland Creek Road Bridge,6/3/2022,2022,48.151085,-120.056584,154
3DD.003E21631E,Larvae,METTRP - Methow Smolt Trap at McFarland Creek Road Bridge,METTRP,Methow Smolt Trap at McFarland Creek Road Bridge,5/31/2022,2022,48.151085,-120.056584,147
3DD.003E21631F,Larvae,METHR - Methow River,METTRP,Methow Smolt Trap at McFarland Creek Road Bridge,3/26/2024,2024,48.151085,-120.056584,136
3DD.003E216320,Larvae,METHR - Methow River,METTRP,Methow Smolt Trap at McFarland Creek Road Bridge,5/26/2023,2023,48.151085,-120.056584,142
3DD.0078E12B00,Larvae,METTRP - Methow Smolt Trap at McFarland Creek Road Bridge,METTRP,Methow Smolt Trap at McFarland Creek Road Bridge,5/22/2025,2025,48.151085,-120.056584,145
3DD.0078E12B01,Larvae,METTRP - Methow Smolt Trap at McFarland Creek Road Bridge,METTRP,Methow Smolt Trap at McFarland Creek Road Bridge,5/20/2025,2025,48.151085,-120.056584,132
3DD.0078E12B02,Larvae,METTRP - Methow Smolt Trap at McFarland Creek Road Bridge,METTRP,Methow Smolt Trap at McFarland Creek Road Bridge,5/5/2025,2025,48.151085,-120.056584,142
3DD.0078E12B03,Larvae,METTRP - Methow Smolt Trap at McFarland Creek Road Bridge,METTRP,Methow Smolt Trap at McFarland Creek Road Bridge,5/6/2025,2025,48.151085,-120.056584,141
3DD.0078E12B04,Larvae,METTRP - Methow Smolt Trap at McFarland Creek Road Bridge,METTRP,Methow Smolt Trap at McFarland Creek Road Bridge,5/13/2025,2025,48.151085,-120.056584,150
3DD.0078E12B05,Larvae,METTRP - Methow Smolt Trap at McFarland Creek Road Bridge,METTRP,Methow Smolt Trap at McFarland Creek Road Bridge,5/23/2025,2025,48.151085,-120.056584,134
3DD.0078E12B06,Larvae,METTRP - Methow Smolt Trap at McFarland Creek Road Bridge,METTRP,Methow Smolt Trap at McFarland Creek Road Bridge,5/14/2025,2025,48.151085,-120.056584,132
3DD.0078E12B07,Macropthalmia (eyed juvenile),METTRP - Methow Smolt Trap at McFarland Creek Road Bridge,METTRP,Methow Smolt Trap at McFarland Creek Road Bridge,5/1/2025,2025,48.151085,-120.056584,138
3DD.0078E12B08,Larvae,METTRP - Methow Smolt Trap at McFarland Creek Road Bridge,METTRP,Methow Smolt Trap at McFarland Creek Road Bridge,5/15/2025,2025,48.151085,-120.056584,137
3DD.0078E12B09,Larvae,METTRP - Methow Smolt Trap at McFarland Creek Road Bridge,METTRP,Methow Smolt Trap at McFarland Creek Road Bridge,5/6/2025,2025,48.151085,-120.056584,134
3DD.0078E12B0A,Larvae,METTRP - Methow Smolt Trap at McFarland Creek Road Bridge,METTRP,Methow Smolt Trap at McFarland Creek Road Bridge,5/22/2025,2025,48.151085,-120.056584,130
3DD.0078E12B0B,Larvae,METTRP - Methow Smolt Trap at McFarland Creek Road Bridge,METTRP,Methow Smolt Trap at McFarland Creek Road Bridge,5/16/2025,2025,48.151085,-120.056584,145
3DD.0078E12B0C,Larvae,METTRP - Methow Smolt Trap at McFarland Creek Road Bridge,METTRP,Methow Smolt Trap at McFarland Creek Road Bridge,5/9/2025,2025,48.151085,-120.056584,140
3DD.0078E12B0D,Larvae,METTRP - Methow Smolt Trap at McFarland Creek Road Bridge,METTRP,Methow Smolt Trap at McFarland Creek Road Bridge,5/6/2025,2025,48.151085,-120.056584,133
3DD.0078E12B0E,Larvae,METTRP - Methow Smolt Trap at McFarland Creek Road Bridge,METTRP,Methow Smolt Trap at McFarland Creek Road Bridge,5/15/2025,2025,48.151085,-120.056584,140
3DD.0078E12B0F,Larvae,METTRP - Methow Smolt Trap at McFarland Creek Road Bridge,METTRP,Methow Smolt Trap at McFarland Creek Road Bridge,5/15/2025,2025,48.151085,-120.056584,144
3DD.0078E12B10,Macropthalmia (eyed juvenile),METTRP - Methow Smolt Trap at McFarland Creek Road Bridge,METTRP,Methow Smolt Trap at McFarland Creek Road Bridge,4/29/2025,2025,48.151085,-120.056584,145
3DD.0078E12B11,Macropthalmia (eyed juvenile),METTRP - Methow Smolt Trap at McFarland Creek Road Bridge,METTRP,Methow Smolt Trap at McFarland Creek Road Bridge,4/29/2025,2025,48.151085,-120.056584,142
3DD.0078E12B12,Macropthalmia (eyed juvenile),METTRP - Methow Smolt Trap at McFarland Creek Road Bridge,METTRP,Methow Smolt Trap at McFarland Creek Road Bridge,5/2/2025,2025,48.151085,-120.056584,141
3DD.0078E12B13,Larvae,METTRP - Methow Smolt Trap at McFarland Creek Road Bridge,METTRP,Methow Smolt Trap at McFarland Creek Road Bridge,5/20/2025,2025,48.151085,-120.056584,136
3DD.0078E12B14,Macropthalmia (eyed juvenile),METTRP - Methow Smolt Trap at McFarland Creek Road Bridge,METTRP,Methow Smolt Trap at McFarland Creek Road Bridge,5/2/2025,2025,48.151085,-120.056584,132
3DD.0078E12B15,Larvae,METTRP - Methow Smolt Trap at McFarland Creek Road Bridge,METTRP,Methow Smolt Trap at McFarland Creek Road Bridge,5/22/2025,2025,48.151085,-120.056584,140
3DD.0078E12B16,Larvae,METTRP - Methow Smolt Trap at McFarland Creek Road Bridge,METTRP,Methow Smolt Trap at McFarland Creek Road Bridge,4/29/2025,2025,48.151085,-120.056584,138
3DD.0078E12B17,Macropthalmia (eyed juvenile),METTRP - Methow Smolt Trap at McFarland Creek Road Bridge,METTRP,Methow Smolt Trap at McFarland Creek Road Bridge,4/29/2025,2025,48.151085,-120.056584,138
3DD.0078E12B18,Larvae,METTRP - Methow Smolt Trap at McFarland Creek Road Bridge,METTRP,Methow Smolt Trap at McFarland Creek Road Bridge,5/20/2025,2025,48.151085,-120.056584,148
3DD.0078E12B19,Larvae,METTRP - Methow Smolt Trap at McFarland Creek Road Bridge,METTRP,Methow Smolt Trap at McFarland Creek Road Bridge,5/10/2025,2025,48.151085,-120.056584,135
3DD.0078E12B1A,Larvae,METTRP - Methow Smolt Trap at McFarland Creek Road Bridge,METTRP,Methow Smolt Trap at McFarland Creek Road Bridge,4/29/2025,2025,48.151085,-120.056584,138
3DD.0078E12B1B,Larvae,METTRP - Methow Smolt Trap at McFarland Creek Road Bridge,METTRP,Methow Smolt Trap at McFarland Creek Road Bridge,5/14/2025,2025,48.151085,-120.056584,142
3DD.0078E12B1C,Macropthalmia (eyed juvenile),METTRP - Methow Smolt Trap at McFarland Creek Road Bridge,METTRP,Methow Smolt Trap at McFarland Creek Road Bridge,4/29/2025,2025,48.151085,-120.056584,145
3DD.0078E12B1D,Larvae,METTRP - Methow Smolt Trap at McFarland Creek Road Bridge,METTRP,Methow Smolt Trap at McFarland Creek Road Bridge,4/30/2025,2025,48.151085,-120.056584,140
3DD.0078E12B1E,Larvae,METTRP - Methow Smolt Trap at McFarland Creek Road Bridge,METTRP,Methow Smolt Trap at McFarland Creek Road Bridge,5/22/2025,2025,48.151085,-120.056584,140
3DD.0078E12B1F,Larvae,METTRP - Methow Smolt Trap at McFarland Creek Road Bridge,METTRP,Methow Smolt Trap at McFarland Creek Road Bridge,5/9/2025,2025,48.151085,-120.056584,131
3DD.0078E12B20,Macropthalmia (eyed juvenile),METTRP - Methow Smolt Trap at McFarland Creek Road Bridge,METTRP,Methow Smolt Trap at McFarland Creek Road Bridge,4/29/2025,2025,48.151085,-120.056584,140
3DD.0078E12B21,Macropthalmia (eyed juvenile),METTRP - Methow Smolt Trap at McFarland Creek Road Bridge,METTRP,Methow Smolt Trap at McFarland Creek Road Bridge,5/1/2025,2025,48.151085,-120.056584,140
3DD.0078E12B22,Larvae,METTRP - Methow Smolt Trap at McFarland Creek Road Bridge,METTRP,Methow Smolt Trap at McFarland Creek Road Bridge,4/30/2025,2025,48.151085,-120.056584,170
3DD.0078E12B23,Larvae,METTRP - Methow Smolt Trap at McFarland Creek Road Bridge,METTRP,Methow Smolt Trap at McFarland Creek Road Bridge,5/6/2025,2025,48.151085,-120.056584,147
3DD.0078E12B24,Macropthalmia (eyed juvenile),METTRP - Methow Smolt Trap at McFarland Creek Road Bridge,METTRP,Methow Smolt Trap at McFarland Creek Road Bridge,5/1/2025,2025,48.151085,-120.056584,136
3DD.0078E12B25,Macropthalmia (eyed juvenile),METTRP - Methow Smolt Trap at McFarland Creek Road Bridge,METTRP,Methow Smolt Trap at McFarland Creek Road Bridge,4/29/2025,2025,48.151085,-120.056584,139
3DD.0078E12B26,Larvae,METTRP - Methow Smolt Trap at McFarland Creek Road Bridge,METTRP,Methow Smolt Trap at McFarland Creek Road Bridge,4/30/2025,2025,48.151085,-120.056584,136
3DD.0078E12B27,Larvae,METTRP - Methow Smolt Trap at McFarland Creek Road Bridge,METTRP,Methow Smolt Trap at McFarland Creek Road Bridge,5/14/2025,2025,48.151085,-120.056584,137
3DD.0078E12B28,Macropthalmia (eyed juvenile),METTRP - Methow Smolt Trap at McFarland Creek Road Bridge,METTRP,Methow Smolt Trap at McFarland Creek Road Bridge,4/29/2025,2025,48.151085,-120.056584,139
3DD.0078E12B29,Larvae,METTRP - Methow Smolt Trap at McFarland Creek Road Bridge,METTRP,Methow Smolt Trap at McFarland Creek Road Bridge,5/21/2025,2025,48.151085,-120.056584,145
3DD.0078E12B2A,Larvae,METTRP - Methow Smolt Trap at McFarland Creek Road Bridge,METTRP,Methow Smolt Trap at McFarland Creek Road Bridge,5/16/2025,2025,48.151085,-120.056584,135
3DD.0078E12B2B,Larvae,METTRP - Methow Smolt Trap at McFarland Creek Road Bridge,METTRP,Methow Smolt Trap at McFarland Creek Road Bridge,5/5/2025,2025,48.151085,-120.056584,145
3DD.0078E12B2C,Macropthalmia (eyed juvenile),METTRP - Methow Smolt Trap at McFarland Creek Road Bridge,METTRP,Methow Smolt Trap at McFarland Creek Road Bridge,4/30/2025,2025,48.151085,-120.056584,137
3DD.0078E12B2D,Larvae,METTRP - Methow Smolt Trap at McFarland Creek Road Bridge,METTRP,Methow Smolt Trap at McFarland Creek Road Bridge,5/22/2025,2025,48.151085,-120.056584,134
3DD.0078E12B2E,Larvae,METTRP - Methow Smolt Trap at McFarland Creek Road Bridge,METTRP,Methow Smolt Trap at McFarland Creek Road Bridge,4/29/2025,2025,48.151085,-120.056584,133
3DD.0078E12B2F,Larvae,METTRP - Methow Smolt Trap at McFarland Creek Road Bridge,METTRP,Methow Smolt Trap at McFarland Creek Road Bridge,5/16/2025,2025,48.151085,-120.056584,144
3DD.0078E12B30,Macropthalmia (eyed juvenile),METTRP - Methow Smolt Trap at McFarland Creek Road Bridge,METTRP,Methow Smolt Trap at McFarland Creek Road Bridge,5/1/2025,2025,48.151085,-120.056584,134
3DD.0078E12B31,Macropthalmia (eyed juvenile),METTRP - Methow Smolt Trap at McFarland Creek Road Bridge,METTRP,Methow Smolt Trap at McFarland Creek Road Bridge,4/29/2025,2025,48.151085,-120.056584,135
3DD.0078E12B32,Macropthalmia (eyed juvenile),METTRP - Methow Smolt Trap at McFarland Creek Road Bridge,METTRP,Methow Smolt Trap at McFarland Creek Road Bridge,5/2/2025,2025,48.151085,-120.056584,152
3DD.0078E12B33,Larvae,METTRP - Methow Smolt Trap at McFarland Creek Road Bridge,METTRP,Methow Smolt Trap at McFarland Creek Road Bridge,4/29/2025,2025,48.151085,-120.056584,134
3DD.0078E12B34,Larvae,METTRP - Methow Smolt Trap at McFarland Creek Road Bridge,METTRP,Methow Smolt Trap at McFarland Creek Road Bridge,4/30/2025,2025,48.151085,-120.056584,138
3DD.0078E12B35,Macropthalmia (eyed juvenile),METTRP - Methow Smolt Trap at McFarland Creek Road Bridge,METTRP,Methow Smolt Trap at McFarland Creek Road Bridge,4/30/2025,2025,48.151085,-120.056584,137
3DD.0078E12B36,Macropthalmia (eyed juvenile),METTRP - Methow Smolt Trap at McFarland Creek Road Bridge,METTRP,Methow Smolt Trap at McFarland Creek Road Bridge,4/29/2025,2025,48.151085,-120.056584,136
3DD.0078E12B37,Larvae,METTRP - Methow Smolt Trap at McFarland Creek Road Bridge,METTRP,Methow Smolt Trap at McFarland Creek Road Bridge,5/22/2025,2025,48.151085,-120.056584,135
3DD.0078E12B38,Macropthalmia (eyed juvenile),METTRP - Methow Smolt Trap at McFarland Creek Road Bridge,METTRP,Methow Smolt Trap at McFarland Creek Road Bridge,4/30/2025,2025,48.151085,-120.056584,140
3DD.0078E12B39,Larvae,METTRP - Methow Smolt Trap at McFarland Creek Road Bridge,METTRP,Methow Smolt Trap at McFarland Creek Road Bridge,5/9/2025,2025,48.151085,-120.056584,132
3DD.0078E12B3A,Larvae,METTRP - Methow Smolt Trap at McFarland Creek Road Bridge,METTRP,Methow Smolt Trap at McFarland Creek Road Bridge,5/20/2025,2025,48.151085,-120.056584,130
3DD.0078E12B3B,Larvae,METTRP - Methow Smolt Trap at McFarland Creek Road Bridge,METTRP,Methow Smolt Trap at McFarland Creek Road Bridge,4/29/2025,2025,48.151085,-120.056584,135
3DD.0078E12B3C,Macropthalmia (eyed juvenile),METTRP - Methow Smolt Trap at McFarland Creek Road Bridge,METTRP,Methow Smolt Trap at McFarland Creek Road Bridge,5/2/2025,2025,48.151085,-120.056584,141
3DD.0078E12B3D,Larvae,METTRP - Methow Smolt Trap at McFarland Creek Road Bridge,METTRP,Methow Smolt Trap at McFarland Creek Road Bridge,4/29/2025,2025,48.151085,-120.056584,127
3DD.0078E12B3E,Larvae,METTRP - Methow Smolt Trap at McFarland Creek Road Bridge,METTRP,Methow Smolt Trap at McFarland Creek Road Bridge,5/6/2025,2025,48.151085,-120.056584,137
3DD.0078E12B3F,Larvae,METTRP - Methow Smolt Trap at McFarland Creek Road Bridge,METTRP,Methow Smolt Trap at McFarland Creek Road Bridge,5/9/2025,2025,48.151085,-120.056584,138
3DD.0078E12B40,Macropthalmia (eyed juvenile),METTRP - Methow Smolt Trap at McFarland Creek Road Bridge,METTRP,Methow Smolt Trap at McFarland Creek Road Bridge,5/1/2025,2025,48.151085,-120.056584,136
3DD.0078E12B41,Larvae,METTRP - Methow Smolt Trap at McFarland Creek Road Bridge,METTRP,Methow Smolt Trap at McFarland Creek Road Bridge,5/6/2025,2025,48.151085,-120.056584,132
3DD.0078E12B42,Larvae,METTRP - Methow Smolt Trap at McFarland Creek Road Bridge,METTRP,Methow Smolt Trap at McFarland Creek Road Bridge,5/20/2025,2025,48.151085,-120.056584,132
3DD.0078E12B43,Macropthalmia (eyed juvenile),METTRP - Methow Smolt Trap at McFarland Creek Road Bridge,METTRP,Methow Smolt Trap at McFarland Creek Road Bridge,4/30/2025,2025,48.151085,-120.056584,146
3DD.0078E12B44,Macropthalmia (eyed juvenile),METTRP - Methow Smolt Trap at McFarland Creek Road Bridge,METTRP,Methow Smolt Trap at McFarland Creek Road Bridge,4/30/2025,2025,48.151085,-120.056584,141
3DD.0078E12B45,Larvae,METTRP - Methow Smolt Trap at McFarland Creek Road Bridge,METTRP,Methow Smolt Trap at McFarland Creek Road Bridge,5/20/2025,2025,48.151085,-120.056584,145
3DD.0078E12B46,Larvae,METTRP - Methow Smolt Trap at McFarland Creek Road Bridge,METTRP,Methow Smolt Trap at McFarland Creek Road Bridge,5/16/2025,2025,48.151085,-120.056584,140
3DD.0078E12B47,Larvae,METTRP - Methow Smolt Trap at McFarland Creek Road Bridge,METTRP,Methow Smolt Trap at McFarland Creek Road Bridge,5/16/2025,2025,48.151085,-120.056584,145
3DD.0078E12B48,Larvae,METTRP - Methow Smolt Trap at McFarland Creek Road Bridge,METTRP,Methow Smolt Trap at McFarland Creek Road Bridge,5/10/2025,2025,48.151085,-120.056584,137
3DD.0078E12B49,Macropthalmia (eyed juvenile),METTRP - Methow Smolt Trap at McFarland Creek Road Bridge,METTRP,Methow Smolt Trap at McFarland Creek Road Bridge,5/20/2025,2025,48.151085,-120.056584,152
3DD.0078E12B4A,Larvae,METTRP - Methow Smolt Trap at McFarland Creek Road Bridge,METTRP,Methow Smolt Trap at McFarland Creek Road Bridge,4/29/2025,2025,48.151085,-120.056584,136
3DD.0078E12B4B,Larvae,METTRP - Methow Smolt Trap at McFarland Creek Road Bridge,METTRP,Methow Smolt Trap at McFarland Creek Road Bridge,5/16/2025,2025,48.151085,-120.056584,139
3DD.0078E12B4C,Larvae,METTRP - Methow Smolt Trap at McFarland Creek Road Bridge,METTRP,Methow Smolt Trap at McFarland Creek Road Bridge,4/29/2025,2025,48.151085,-120.056584,134
3DD.0078E12B4D,Macropthalmia (eyed juvenile),METTRP - Methow Smolt Trap at McFarland Creek Road Bridge,METTRP,Methow Smolt Trap at McFarland Creek Road Bridge,5/1/2025,2025,48.151085,-120.056584,132
3DD.0078E12B4E,Larvae,METTRP - Methow Smolt Trap at McFarland Creek Road Bridge,METTRP,Methow Smolt Trap at McFarland Creek Road Bridge,5/22/2025,2025,48.151085,-120.056584,139
3DD.0078E12B4F,Macropthalmia (eyed juvenile),METTRP - Methow Smolt Trap at McFarland Creek Road Bridge,METTRP,Methow Smolt Trap at McFarland Creek Road Bridge,5/1/2025,2025,48.151085,-120.056584,135
3DD.0078E12B50,Macropthalmia (eyed juvenile),METTRP - Methow Smolt Trap at McFarland Creek Road Bridge,METTRP,Methow Smolt Trap at McFarland Creek Road Bridge,4/29/2025,2025,48.151085,-120.056584,134
3DD.0078E12B51,Macropthalmia (eyed juvenile),METTRP - Methow Smolt Trap at McFarland Creek Road Bridge,METTRP,Methow Smolt Trap at McFarland Creek Road Bridge,4/29/2025,2025,48.151085,-120.056584,148
3DD.0078E12B52,Macropthalmia (eyed juvenile),METTRP - Methow Smolt Trap at McFarland Creek Road Bridge,METTRP,Methow Smolt Trap at McFarland Creek Road Bridge,4/30/2025,2025,48.151085,-120.056584,137
3DD.0078E12B53,Larvae,METTRP - Methow Smolt Trap at McFarland Creek Road Bridge,METTRP,Methow Smolt Trap at McFarland Creek Road Bridge,5/6/2025,2025,48.151085,-120.056584,144
3DD.0078E12B54,Larvae,METTRP - Methow Smolt Trap at McFarland Creek Road Bridge,METTRP,Methow Smolt Trap at McFarland Creek Road Bridge,5/6/2025,2025,48.151085,-120.056584,137
3DD.0078E12B55,Larvae,METTRP - Methow Smolt Trap at McFarland Creek Road Bridge,METTRP,Methow Smolt Trap at McFarland Creek Road Bridge,5/22/2025,2025,48.151085,-120.056584,135
3DD.0078E12B56,Larvae,METTRP - Methow Smolt Trap at McFarland Creek Road Bridge,METTRP,Methow Smolt Trap at McFarland Creek Road Bridge,5/20/2025,2025,48.151085,-120.056584,165
3DD.0078E12B57,Macropthalmia (eyed juvenile),METTRP - Methow Smolt Trap at McFarland Creek Road Bridge,METTRP,Methow Smolt Trap at McFarland Creek Road Bridge,5/1/2025,2025,48.151085,-120.056584,131
3DD.0078E12B58,Larvae,METTRP - Methow Smolt Trap at McFarland Creek Road Bridge,METTRP,Methow Smolt Trap at McFarland Creek Road Bridge,5/20/2025,2025,48.151085,-120.056584,145
3DD.0078E12B59,Larvae,METTRP - Methow Smolt Trap at McFarland Creek Road Bridge,METTRP,Methow Smolt Trap at McFarland Creek Road Bridge,5/10/2025,2025,48.151085,-120.056584,139
3DD.0078E12B5A,Larvae,METTRP - Methow Smolt Trap at McFarland Creek Road Bridge,METTRP,Methow Smolt Trap at McFarland Creek Road Bridge,5/15/2025,2025,48.151085,-120.056584,136
3DD.0078E12B5B,Larvae,METTRP - Methow Smolt Trap at McFarland Creek Road Bridge,METTRP,Methow Smolt Trap at McFarland Creek Road Bridge,5/8/2025,2025,48.151085,-120.056584,140
3DD.0078E12B5C,Larvae,METTRP - Methow Smolt Trap at McFarland Creek Road Bridge,METTRP,Methow Smolt Trap at McFarland Creek Road Bridge,4/30/2025,2025,48.151085,-120.056584,136
3DD.0078E12B5D,Larvae,METTRP - Methow Smolt Trap at McFarland Creek Road Bridge,METTRP,Methow Smolt Trap at McFarland Creek Road Bridge,4/30/2025,2025,48.151085,-120.056584,140
3DD.0078E12B5E,Macropthalmia (eyed juvenile),METTRP - Methow Smolt Trap at McFarland Creek Road Bridge,METTRP,Methow Smolt Trap at McFarland Creek Road Bridge,4/30/2025,2025,48.151085,-120.056584,140
3DD.0078E12B5F,Larvae,METTRP - Methow Smolt Trap at McFarland Creek Road Bridge,METTRP,Methow Smolt Trap at McFarland Creek Road Bridge,5/8/2025,2025,48.151085,-120.056584,135
3DD.0078E12B60,Macropthalmia (eyed juvenile),METTRP - Methow Smolt Trap at McFarland Creek Road Bridge,METTRP,Methow Smolt Trap at McFarland Creek Road Bridge,5/2/2025,2025,48.151085,-120.056584,135
3DD.0078E12B61,Larvae,METTRP - Methow Smolt Trap at McFarland Creek Road Bridge,METTRP,Methow Smolt Trap at McFarland Creek Road Bridge,4/29/2025,2025,48.151085,-120.056584,137
3DD.0078E12B62,Larvae,METTRP - Methow Smolt Trap at McFarland Creek Road Bridge,METTRP,Methow Smolt Trap at McFarland Creek Road Bridge,4/29/2025,2025,48.151085,-120.056584,133
3DD.0078E12B63,Macropthalmia (eyed juvenile),METTRP - Methow Smolt Trap at McFarland Creek Road Bridge,METTRP,Methow Smolt Trap at McFarland Creek Road Bridge,4/29/2025,2025,48.151085,-120.056584,135
3DD.0078E13DC1,Larvae,METTRP - Methow Smolt Trap at McFarland Creek Road Bridge,METTRP,Methow Smolt Trap at McFarland Creek Road Bridge,5/26/2025,2025,48.151085,-120.056584,138
3DD.0078E13DC3,Larvae,METTRP - Methow Smolt Trap at McFarland Creek Road Bridge,METTRP,Methow Smolt Trap at McFarland Creek Road Bridge,6/3/2025,2025,48.151085,-120.056584,143
3DD.0078E13DC4,Larvae,METTRP - Methow Smolt Trap at McFarland Creek Road Bridge,METTRP,Methow Smolt Trap at McFarland Creek Road Bridge,5/23/2025,2025,48.151085,-120.056584,134
3DD.0078E13DC5,Larvae,METTRP - Methow Smolt Trap at McFarland Creek Road Bridge,METTRP,Methow Smolt Trap at McFarland Creek Road Bridge,5/23/2025,2025,48.151085,-120.056584,139
3DD.0078E13DC6,Larvae,METTRP - Methow Smolt Trap at McFarland Creek Road Bridge,METTRP,Methow Smolt Trap at McFarland Creek Road Bridge,5/27/2025,2025,48.151085,-120.056584,135
3DD.0078E13DC7,Larvae,METTRP - Methow Smolt Trap at McFarland Creek Road Bridge,METTRP,Methow Smolt Trap at McFarland Creek Road Bridge,5/24/2025,2025,48.151085,-120.056584,135
3DD.0078E13DC8,Larvae,METTRP - Methow Smolt Trap at McFarland Creek Road Bridge,METTRP,Methow Smolt Trap at McFarland Creek Road Bridge,5/25/2025,2025,48.151085,-120.056584,138
3DD.0078E13DC9,Larvae,METTRP - Methow Smolt Trap at McFarland Creek Road Bridge,METTRP,Methow Smolt Trap at McFarland Creek Road Bridge,5/24/2025,2025,48.151085,-120.056584,142
3DD.0078E13DCB,Larvae,METTRP - Methow Smolt Trap at McFarland Creek Road Bridge,METTRP,Methow Smolt Trap at McFarland Creek Road Bridge,5/27/2025,2025,48.151085,-120.056584,142
3DD.0078E13DCD,Larvae,METTRP - Methow Smolt Trap at McFarland Creek Road Bridge,METTRP,Methow Smolt Trap at McFarland Creek Road Bridge,5/24/2025,2025,48.151085,-120.056584,144
3DD.0078E13DCE,Macropthalmia (eyed juvenile),METTRP - Methow Smolt Trap at McFarland Creek Road Bridge,METTRP,Methow Smolt Trap at McFarland Creek Road Bridge,6/4/2025,2025,48.151085,-120.056584,136
3DD.0078E13DCF,Larvae,METTRP - Methow Smolt Trap at McFarland Creek Road Bridge,METTRP,Methow Smolt Trap at McFarland Creek Road Bridge,5/26/2025,2025,48.151085,-120.056584,143
3DD.0078E13DD0,Larvae,METTRP - Methow Smolt Trap at McFarland Creek Road Bridge,METTRP,Methow Smolt Trap at McFarland Creek Road Bridge,5/27/2025,2025,48.151085,-120.056584,144
3DD.0078E13DD1,Larvae,METTRP - Methow Smolt Trap at McFarland Creek Road Bridge,METTRP,Methow Smolt Trap at McFarland Creek Road Bridge,5/30/2025,2025,48.151085,-120.056584,132
3DD.0078E13DD4,Larvae,METTRP - Methow Smolt Trap at McFarland Creek Road Bridge,METTRP,Methow Smolt Trap at McFarland Creek Road Bridge,5/23/2025,2025,48.151085,-120.056584,141
3DD.0078E13DD5,Larvae,METTRP - Methow Smolt Trap at McFarland Creek Road Bridge,METTRP,Methow Smolt Trap at McFarland Creek Road Bridge,5/25/2025,2025,48.151085,-120.056584,139
3DD.0078E13DD6,Larvae,METTRP - Methow Smolt Trap at McFarland Creek Road Bridge,METTRP,Methow Smolt Trap at McFarland Creek Road Bridge,6/3/2025,2025,48.151085,-120.056584,134
3DD.0078E13DD7,Larvae,METTRP - Methow Smolt Trap at McFarland Creek Road Bridge,METTRP,Methow Smolt Trap at McFarland Creek Road Bridge,6/2/2025,2025,48.151085,-120.056584,142
3DD.0078E13DD9,Larvae,METTRP - Methow Smolt Trap at McFarland Creek Road Bridge,METTRP,Methow Smolt Trap at McFarland Creek Road Bridge,5/24/2025,2025,48.151085,-120.056584,141
3DD.0078E13DDA,Larvae,METTRP - Methow Smolt Trap at McFarland Creek Road Bridge,METTRP,Methow Smolt Trap at McFarland Creek Road Bridge,5/26/2025,2025,48.151085,-120.056584,146
3DD.0078E13DDC,Larvae,METTRP - Methow Smolt Trap at McFarland Creek Road Bridge,METTRP,Methow Smolt Trap at McFarland Creek Road Bridge,5/26/2025,2025,48.151085,-120.056584,137
3DD.0078E13DDD,Larvae,METTRP - Methow Smolt Trap at McFarland Creek Road Bridge,METTRP,Methow Smolt Trap at McFarland Creek Road Bridge,6/3/2025,2025,48.151085,-120.056584,137
3DD.0078E13DDE,Larvae,METTRP - Methow Smolt Trap at McFarland Creek Road Bridge,METTRP,Methow Smolt Trap at McFarland Creek Road Bridge,5/25/2025,2025,48.151085,-120.056584,139
3DD.0078E13DE0,Larvae,METTRP - Methow Smolt Trap at McFarland Creek Road Bridge,METTRP,Methow Smolt Trap at McFarland Creek Road Bridge,5/27/2025,2025,48.151085,-120.056584,141
3DD.0078E13DE3,Larvae,METTRP - Methow Smolt Trap at McFarland Creek Road Bridge,METTRP,Methow Smolt Trap at McFarland Creek Road Bridge,5/27/2025,2025,48.151085,-120.056584,135
3DD.0078E13DE4,Larvae,METTRP - Methow Smolt Trap at McFarland Creek Road Bridge,METTRP,Methow Smolt Trap at McFarland Creek Road Bridge,6/3/2025,2025,48.151085,-120.056584,141
3DD.0078E13DE5,Larvae,METTRP - Methow Smolt Trap at McFarland Creek Road Bridge,METTRP,Methow Smolt Trap at McFarland Creek Road Bridge,6/2/2025,2025,48.151085,-120.056584,140
3DD.0078E13DE6,Larvae,METTRP - Methow Smolt Trap at McFarland Creek Road Bridge,METTRP,Methow Smolt Trap at McFarland Creek Road Bridge,5/23/2025,2025,48.151085,-120.056584,136
3DD.0078E13DE7,Larvae,METTRP - Methow Smolt Trap at McFarland Creek Road Bridge,METTRP,Methow Smolt Trap at McFarland Creek Road Bridge,5/30/2025,2025,48.151085,-120.056584,137
3DD.0078E13DE8,Larvae,METTRP - Methow Smolt Trap at McFarland Creek Road Bridge,METTRP,Methow Smolt Trap at McFarland Creek Road Bridge,5/24/2025,2025,48.151085,-120.056584,141
3DD.0078E13DE9,Larvae,METTRP - Methow Smolt Trap at McFarland Creek Road Bridge,METTRP,Methow Smolt Trap at McFarland Creek Road Bridge,6/2/2025,2025,48.151085,-120.056584,139
3DD.0078E13DEA,Larvae,METTRP - Methow Smolt Trap at McFarland Creek Road Bridge,METTRP,Methow Smolt Trap at McFarland Creek Road Bridge,6/6/2025,2025,48.151085,-120.056584,140
3DD.0078E13DEB,Larvae,METTRP - Methow Smolt Trap at McFarland Creek Road Bridge,METTRP,Methow Smolt Trap at McFarland Creek Road Bridge,5/31/2025,2025,48.151085,-120.056584,144
3DD.0078E13DEC,Macropthalmia (eyed juvenile),METTRP - Methow Smolt Trap at McFarland Creek Road Bridge,METTRP,Methow Smolt Trap at McFarland Creek Road Bridge,5/30/2025,2025,48.151085,-120.056584,137
3DD.0078E13DED,Larvae,METTRP - Methow Smolt Trap at McFarland Creek Road Bridge,METTRP,Methow Smolt Trap at McFarland Creek Road Bridge,6/2/2025,2025,48.151085,-120.056584,137
3DD.0078E13DEE,Larvae,METTRP - Methow Smolt Trap at McFarland Creek Road Bridge,METTRP,Methow Smolt Trap at McFarland Creek Road Bridge,5/29/2025,2025,48.151085,-120.056584,135
3DD.0078E13DEF,Larvae,METTRP - Methow Smolt Trap at McFarland Creek Road Bridge,METTRP,Methow Smolt Trap at McFarland Creek Road Bridge,5/29/2025,2025,48.151085,-120.056584,134
3DD.0078E13DF0,Larvae,METTRP - Methow Smolt Trap at McFarland Creek Road Bridge,METTRP,Methow Smolt Trap at McFarland Creek Road Bridge,5/24/2025,2025,48.151085,-120.056584,137
3DD.0078E13DF1,Larvae,METTRP - Methow Smolt Trap at McFarland Creek Road Bridge,METTRP,Methow Smolt Trap at McFarland Creek Road Bridge,5/31/2025,2025,48.151085,-120.056584,140
3DD.0078E13DF3,Larvae,METTRP - Methow Smolt Trap at McFarland Creek Road Bridge,METTRP,Methow Smolt Trap at McFarland Creek Road Bridge,5/25/2025,2025,48.151085,-120.056584,140
3DD.0078E13DF4,Larvae,METTRP - Methow Smolt Trap at McFarland Creek Road Bridge,METTRP,Methow Smolt Trap at McFarland Creek Road Bridge,5/23/2025,2025,48.151085,-120.056584,137
3DD.0078E13DF6,Larvae,METTRP - Methow Smolt Trap at McFarland Creek Road Bridge,METTRP,Methow Smolt Trap at McFarland Creek Road Bridge,6/3/2025,2025,48.151085,-120.056584,149
3DD.0078E13DF7,Larvae,METTRP - Methow Smolt Trap at McFarland Creek Road Bridge,METTRP,Methow Smolt Trap at McFarland Creek Road Bridge,5/29/2025,2025,48.151085,-120.056584,133
3DD.0078E13DF8,Larvae,METTRP - Methow Smolt Trap at McFarland Creek Road Bridge,METTRP,Methow Smolt Trap at McFarland Creek Road Bridge,5/27/2025,2025,48.151085,-120.056584,140
3DD.0078E13DF9,Larvae,METTRP - Methow Smolt Trap at McFarland Creek Road Bridge,METTRP,Methow Smolt Trap at McFarland Creek Road Bridge,5/27/2025,2025,48.151085,-120.056584,135
3DD.0078E13DFA,Macropthalmia (eyed juvenile),METTRP - Methow Smolt Trap at McFarland Creek Road Bridge,METTRP,Methow Smolt Trap at McFarland Creek Road Bridge,12/25/2025,2025,48.151085,-120.056584,175
3DD.0078E13DFB,Larvae,METTRP - Methow Smolt Trap at McFarland Creek Road Bridge,METTRP,Methow Smolt Trap at McFarland Creek Road Bridge,6/3/2025,2025,48.151085,-120.056584,136
3DD.0078E13E02,Larvae,METTRP - Methow Smolt Trap at McFarland Creek Road Bridge,METTRP,Methow Smolt Trap at McFarland Creek Road Bridge,6/1/2025,2025,48.151085,-120.056584,143
3DD.0078E13E03,Larvae,METTRP - Methow Smolt Trap at McFarland Creek Road Bridge,METTRP,Methow Smolt Trap at McFarland Creek Road Bridge,5/29/2025,2025,48.151085,-120.056584,147
3DD.0078E13E07,Larvae,METTRP - Methow Smolt Trap at McFarland Creek Road Bridge,METTRP,Methow Smolt Trap at McFarland Creek Road Bridge,5/30/2025,2025,48.151085,-120.056584,146
3DD.0078E13E08,Larvae,METTRP - Methow Smolt Trap at McFarland Creek Road Bridge,METTRP,Methow Smolt Trap at McFarland Creek Road Bridge,6/6/2025,2025,48.151085,-120.056584,136
3DD.0078E13E0A,Larvae,METTRP - Methow Smolt Trap at McFarland Creek Road Bridge,METTRP,Methow Smolt Trap at McFarland Creek Road Bridge,5/30/2025,2025,48.151085,-120.056584,135
3DD.0078E13E0B,Larvae,METTRP - Methow Smolt Trap at McFarland Creek Road Bridge,METTRP,Methow Smolt Trap at McFarland Creek Road Bridge,6/1/2025,2025,48.151085,-120.056584,145
3DD.0078E13E0C,Larvae,METTRP - Methow Smolt Trap at McFarland Creek Road Bridge,METTRP,Methow Smolt Trap at McFarland Creek Road Bridge,6/6/2025,2025,48.151085,-120.056584,132
3DD.0078E13E10,Larvae,METTRP - Methow Smolt Trap at McFarland Creek Road Bridge,METTRP,Methow Smolt Trap at McFarland Creek Road Bridge,6/3/2025,2025,48.151085,-120.056584,139
3DD.0078E13E11,Larvae,METTRP - Methow Smolt Trap at McFarland Creek Road Bridge,METTRP,Methow Smolt Trap at McFarland Creek Road Bridge,5/27/2025,2025,48.151085,-120.056584,135
3DD.0078E13E12,Larvae,METTRP - Methow Smolt Trap at McFarland Creek Road Bridge,METTRP,Methow Smolt Trap at McFarland Creek Road Bridge,5/31/2025,2025,48.151085,-120.056584,137
3DD.0078E13E13,Larvae,METTRP - Methow Smolt Trap at McFarland Creek Road Bridge,METTRP,Methow Smolt Trap at McFarland Creek Road Bridge,6/1/2025,2025,48.151085,-120.056584,144
3DD.0078E13E14,Larvae,METTRP - Methow Smolt Trap at McFarland Creek Road Bridge,METTRP,Methow Smolt Trap at McFarland Creek Road Bridge,5/23/2025,2025,48.151085,-120.056584,133
3DD.0078E13E16,Larvae,METTRP - Methow Smolt Trap at McFarland Creek Road Bridge,METTRP,Methow Smolt Trap at McFarland Creek Road Bridge,6/2/2025,2025,48.151085,-120.056584,138
3DD.0078E13E19,Larvae,METTRP - Methow Smolt Trap at McFarland Creek Road Bridge,METTRP,Methow Smolt Trap at McFarland Creek Road Bridge,6/3/2025,2025,48.151085,-120.056584,136
3DD.0078E13E1B,Larvae,METTRP - Methow Smolt Trap at McFarland Creek Road Bridge,METTRP,Methow Smolt Trap at McFarland Creek Road Bridge,5/30/2025,2025,48.151085,-120.056584,134
3DD.0078E13E1D,Larvae,METTRP - Methow Smolt Trap at McFarland Creek Road Bridge,METTRP,Methow Smolt Trap at McFarland Creek Road Bridge,5/30/2025,2025,48.151085,-120.056584,135
3DD.0078E13E20,Larvae,METTRP - Methow Smolt Trap at McFarland Creek Road Bridge,METTRP,Methow Smolt Trap at McFarland Creek Road Bridge,5/30/2025,2025,48.151085,-120.056584,137
