tag,mark_file,mark_data_project,mark_site,mark_date,release_site,release_date,species_code,species_name,comment,length,mark_count
3D9.1A4FA0E6C6,CGS-2023-084-KAE.xml,CGS - Charles Snow Projects,METTRP - Methow Smolt Trap at McFarland Creek Road Bridge,5/29/2023,METHR - Methow River,5/29/2023,A,Pacific Lamprey,"10MM TAG, AMMOCOETE",139,1
3D9.1A4FA0E6DF,CGS-2023-084-KAE.xml,CGS - Charles Snow Projects,METTRP - Methow Smolt Trap at McFarland Creek Road Bridge,5/29/2023,METHR - Methow River,5/29/2023,A,Pacific Lamprey,"10MM TAG, AMMOCOETE",120,1
3D9.1A4FA0E6E4,CGS-2023-084-KAE.xml,CGS - Charles Snow Projects,METTRP - Methow Smolt Trap at McFarland Creek Road Bridge,5/28/2023,METHR - Methow River,5/29/2023,A,Pacific Lamprey,"10MM TAG, AMMOCOETE",126,1
3D9.1A4FA0E6EC,CGS-2023-084-KAE.xml,CGS - Charles Snow Projects,METTRP - Methow Smolt Trap at McFarland Creek Road Bridge,5/30/2023,METHR - Methow River,6/1/2023,A,Pacific Lamprey,"10MM TAG, AMMOCOETE",112,1
3D9.1A4FA0E6F9,CGS-2023-084-KAE.xml,CGS - Charles Snow Projects,METTRP - Methow Smolt Trap at McFarland Creek Road Bridge,6/11/2023,METHR - Methow River,6/14/2023,A,Pacific Lamprey,"10MM TAG, AMMOCOETE",103,1
3D9.1A4FA103F4,CGS-2021-066-KAE.xml,CGS - Charles Snow Projects,METTRP - Methow Smolt Trap at McFarland Creek Road Bridge,5/1/2021,METTRP - Methow Smolt Trap at McFarland Creek Road Bridge,5/1/2021,A,Pacific Lamprey,"10MM TAG, AMMOCOETE",135,1
3D9.1A4FA103F5,CGS-2021-066-KAE.xml,CGS - Charles Snow Projects,METTRP - Methow Smolt Trap at McFarland Creek Road Bridge,5/2/2021,METHR - Methow River,5/3/2021,A,Pacific Lamprey,"10MM TAG, AMMOCOETE",135,1
3D9.1A4FA103F6,CGS-2021-066-KAE.xml,CGS - Charles Snow Projects,METTRP - Methow Smolt Trap at McFarland Creek Road Bridge,4/28/2021,METTRP - Methow Smolt Trap at McFarland Creek Road Bridge,4/29/2021,A,Pacific Lamprey,"10MM TAG, AMMOCOETE",120,1
3D9.1A4FA103F7,CGS-2021-066-KAE.xml,CGS - Charles Snow Projects,METTRP - Methow Smolt Trap at McFarland Creek Road Bridge,5/1/2021,METTRP - Methow Smolt Trap at McFarland Creek Road Bridge,5/1/2021,A,Pacific Lamprey,"10MM TAG, AMMOCOETE",129,1
3D9.1A4FA103F8,CGS-2021-066-KAE.xml,CGS - Charles Snow Projects,METTRP - Methow Smolt Trap at McFarland Creek Road Bridge,4/30/2021,METTRP - Methow Smolt Trap at McFarland Creek Road Bridge,4/30/2021,A,Pacific Lamprey,"10MM TAG, AMMOCOETE",125,1
3D9.1A4FA103F9,CGS-2021-066-KAE.xml,CGS - Charles Snow Projects,METTRP - Methow Smolt Trap at McFarland Creek Road Bridge,5/2/2021,METHR - Methow River,5/3/2021,A,Pacific Lamprey,"10MM TAG, AMMOCOETE",112,1
3D9.1A4FA103FA,CGS-2021-066-KAE.xml,CGS - Charles Snow Projects,METTRP - Methow Smolt Trap at McFarland Creek Road Bridge,4/30/2021,METTRP - Methow Smolt Trap at McFarland Creek Road Bridge,4/30/2021,A,Pacific Lamprey,"10MM TAG, AMMOCOETE",101,1
3D9.1A4FA103FB,CGS-2021-066-KAE.xml,CGS - Charles Snow Projects,METTRP - Methow Smolt Trap at McFarland Creek Road Bridge,5/2/2021,METHR - Methow River,5/3/2021,A,Pacific Lamprey,"10MM TAG, AMMOCOETE",121,1
3D9.1A4FA103FC,CGS-2021-066-KAE.xml,CGS - Charles Snow Projects,METTRP - Methow Smolt Trap at McFarland Creek Road Bridge,5/1/2021,METTRP - Methow Smolt Trap at McFarland Creek Road Bridge,5/1/2021,A,Pacific Lamprey,"10MM TAG, AMMOCOETE",130,1
3D9.1A4FA103FD,CGS-2021-066-KAE.xml,CGS - Charles Snow Projects,METTRP - Methow Smolt Trap at McFarland Creek Road Bridge,4/28/2021,METTRP - Methow Smolt Trap at McFarland Creek Road Bridge,4/29/2021,A,Pacific Lamprey,"10MM TAG, AMMOCOETE",117,1
3D9.1A4FA103FE,CGS-2021-066-KAE.xml,CGS - Charles Snow Projects,METTRP - Methow Smolt Trap at McFarland Creek Road Bridge,5/1/2021,METTRP - Methow Smolt Trap at McFarland Creek Road Bridge,5/1/2021,A,Pacific Lamprey,"10MM TAG, AMMOCOETE",130,1
3D9.1A4FA103FF,CGS-2021-066-KAE.xml,CGS - Charles Snow Projects,METTRP - Methow Smolt Trap at McFarland Creek Road Bridge,4/30/2021,METTRP - Methow Smolt Trap at McFarland Creek Road Bridge,4/30/2021,A,Pacific Lamprey,"10MM TAG, AMMOCOETE",130,1
3D9.1A4FA10400,CGS-2021-066-KAE.xml,CGS - Charles Snow Projects,METTRP - Methow Smolt Trap at McFarland Creek Road Bridge,4/30/2021,METTRP - Methow Smolt Trap at McFarland Creek Road Bridge,4/30/2021,A,Pacific Lamprey,"10MM TAG, AMMOCOETE",134,1
3D9.1A4FA10401,CGS-2021-066-KAE.xml,CGS - Charles Snow Projects,METTRP - Methow Smolt Trap at McFarland Creek Road Bridge,5/2/2021,METHR - Methow River,5/3/2021,A,Pacific Lamprey,"10MM TAG, AMMOCOETE",132,1
3D9.1A4FA10402,CGS-2021-066-KAE.xml,CGS - Charles Snow Projects,METTRP - Methow Smolt Trap at McFarland Creek Road Bridge,4/28/2021,METTRP - Methow Smolt Trap at McFarland Creek Road Bridge,4/29/2021,A,Pacific Lamprey,"10MM TAG, AMMOCOETE",120,1
3D9.1A4FA10403,CGS-2021-066-KAE.xml,CGS - Charles Snow Projects,METTRP - Methow Smolt Trap at McFarland Creek Road Bridge,4/28/2021,METTRP - Methow Smolt Trap at McFarland Creek Road Bridge,4/29/2021,A,Pacific Lamprey,"10MM TAG, AMMOCOETE",123,1
3D9.1A4FA10404,CGS-2021-066-KAE.xml,CGS - Charles Snow Projects,METTRP - Methow Smolt Trap at McFarland Creek Road Bridge,5/1/2021,METHR - Methow River,5/3/2021,A,Pacific Lamprey,"10MM TAG, AMMOCOETE",125,1
3D9.1A4FA10405,CGS-2021-066-KAE.xml,CGS - Charles Snow Projects,METTRP - Methow Smolt Trap at McFarland Creek Road Bridge,5/1/2021,METTRP - Methow Smolt Trap at McFarland Creek Road Bridge,5/1/2021,A,Pacific Lamprey,"10MM TAG, AMMOCOETE",128,1
3D9.1A4FA10406,CGS-2021-066-KAE.xml,CGS - Charles Snow Projects,METTRP - Methow Smolt Trap at McFarland Creek Road Bridge,4/27/2021,METTRP - Methow Smolt Trap at McFarland Creek Road Bridge,4/28/2021,A,Pacific Lamprey,"10MM TAG, AMMOCOETE",108,1
3D9.1A4FA10407,CGS-2021-066-KAE.xml,CGS - Charles Snow Projects,METTRP - Methow Smolt Trap at McFarland Creek Road Bridge,4/30/2021,METTRP - Methow Smolt Trap at McFarland Creek Road Bridge,4/30/2021,A,Pacific Lamprey,"10MM TAG, AMMOCOETE",113,1
3D9.1A4FA10408,CGS-2021-066-KAE.xml,CGS - Charles Snow Projects,METTRP - Methow Smolt Trap at McFarland Creek Road Bridge,4/30/2021,METTRP - Methow Smolt Trap at McFarland Creek Road Bridge,4/30/2021,A,Pacific Lamprey,"10MM TAG, AMMOCOETE",125,1
3D9.1A4FA10409,CGS-2021-066-KAE.xml,CGS - Charles Snow Projects,METTRP - Methow Smolt Trap at McFarland Creek Road Bridge,4/30/2021,METTRP - Methow Smolt Trap at McFarland Creek Road Bridge,4/30/2021,A,Pacific Lamprey,"10MM TAG, AMMOCOETE",117,1
3D9.1A4FA1040A,CGS-2021-066-KAE.xml,CGS - Charles Snow Projects,METTRP - Methow Smolt Trap at McFarland Creek Road Bridge,4/28/2021,METTRP - Methow Smolt Trap at McFarland Creek Road Bridge,4/29/2021,A,Pacific Lamprey,"10MM TAG, AMMOCOETE",124,1
3D9.1A4FA1040B,CGS-2021-066-KAE.xml,CGS - Charles Snow Projects,METTRP - Methow Smolt Trap at McFarland Creek Road Bridge,4/30/2021,METTRP - Methow Smolt Trap at McFarland Creek Road Bridge,4/30/2021,A,Pacific Lamprey,"10MM TAG, AMMOCOETE",100,1
3D9.1A4FA1040C,CGS-2021-066-KAE.xml,CGS - Charles Snow Projects,METTRP - Methow Smolt Trap at McFarland Creek Road Bridge,5/1/2021,METHR - Methow River,5/3/2021,A,Pacific Lamprey,"10MM TAG, AMMOCOETE",132,1
3D9.1A4FA1040D,CGS-2021-066-KAE.xml,CGS - Charles Snow Projects,METTRP - Methow Smolt Trap at McFarland Creek Road Bridge,4/30/2021,METTRP - Methow Smolt Trap at McFarland Creek Road Bridge,4/30/2021,A,Pacific Lamprey,"10MM TAG, AMMOCOETE",108,1
3D9.1A4FA1040E,CGS-2021-066-KAE.xml,CGS - Charles Snow Projects,METTRP - Methow Smolt Trap at McFarland Creek Road Bridge,5/1/2021,METHR - Methow River,5/3/2021,A,Pacific Lamprey,"10MM TAG, AMMOCOETE",120,1
3D9.1A4FA1040F,CGS-2021-066-KAE.xml,CGS - Charles Snow Projects,METTRP - Methow Smolt Trap at McFarland Creek Road Bridge,5/1/2021,METTRP - Methow Smolt Trap at McFarland Creek Road Bridge,5/1/2021,A,Pacific Lamprey,"10MM TAG, AMMOCOETE",127,1
3D9.1A4FA10410,CGS-2021-066-KAE.xml,CGS - Charles Snow Projects,METTRP - Methow Smolt Trap at McFarland Creek Road Bridge,5/2/2021,METHR - Methow River,5/3/2021,A,Pacific Lamprey,"10MM TAG, AMMOCOETE",127,1
3D9.1A4FA10411,CGS-2021-066-KAE.xml,CGS - Charles Snow Projects,METTRP - Methow Smolt Trap at McFarland Creek Road Bridge,4/30/2021,METTRP - Methow Smolt Trap at McFarland Creek Road Bridge,4/30/2021,A,Pacific Lamprey,"10MM TAG, AMMOCOETE",117,1
3D9.1A4FA10412,CGS-2021-066-KAE.xml,CGS - Charles Snow Projects,METTRP - Methow Smolt Trap at McFarland Creek Road Bridge,5/2/2021,METHR - Methow River,5/3/2021,A,Pacific Lamprey,"10MM TAG, AMMOCOETE",101,1
3D9.1A4FA10413,CGS-2021-066-KAE.xml,CGS - Charles Snow Projects,METTRP - Methow Smolt Trap at McFarland Creek Road Bridge,4/30/2021,METTRP - Methow Smolt Trap at McFarland Creek Road Bridge,4/30/2021,A,Pacific Lamprey,"10MM TAG, AMMOCOETE",119,1
3D9.1A4FA10414,CGS-2021-066-KAE.xml,CGS - Charles Snow Projects,METTRP - Methow Smolt Trap at McFarland Creek Road Bridge,5/1/2021,METHR - Methow River,5/3/2021,A,Pacific Lamprey,"10MM TAG, AMMOCOETE",118,1
3D9.1A4FA10415,CGS-2021-066-KAE.xml,CGS - Charles Snow Projects,METTRP - Methow Smolt Trap at McFarland Creek Road Bridge,5/1/2021,METHR - Methow River,5/3/2021,A,Pacific Lamprey,"10MM TAG, AMMOCOETE",97,1
3D9.1A4FA10416,CGS-2021-066-KAE.xml,CGS - Charles Snow Projects,METTRP - Methow Smolt Trap at McFarland Creek Road Bridge,4/28/2021,METTRP - Methow Smolt Trap at McFarland Creek Road Bridge,4/29/2021,A,Pacific Lamprey,"10MM TAG, AMMOCOETE",128,1
3D9.1A4FA10417,CGS-2021-066-KAE.xml,CGS - Charles Snow Projects,METTRP - Methow Smolt Trap at McFarland Creek Road Bridge,5/1/2021,METHR - Methow River,5/3/2021,A,Pacific Lamprey,"10MM TAG, AMMOCOETE",122,1
3D9.1A4FA10418,CGS-2021-066-KAE.xml,CGS - Charles Snow Projects,METTRP - Methow Smolt Trap at McFarland Creek Road Bridge,5/1/2021,METHR - Methow River,5/3/2021,A,Pacific Lamprey,"10MM TAG, MACROPHTHALMIA",134,1
3D9.1A4FA10419,CGS-2021-066-KAE.xml,CGS - Charles Snow Projects,METTRP - Methow Smolt Trap at McFarland Creek Road Bridge,5/1/2021,METHR - Methow River,5/3/2021,A,Pacific Lamprey,"10MM TAG, AMMOCOETE",105,1
3D9.1A4FA1041A,CGS-2021-066-KAE.xml,CGS - Charles Snow Projects,METTRP - Methow Smolt Trap at McFarland Creek Road Bridge,5/1/2021,METTRP - Methow Smolt Trap at McFarland Creek Road Bridge,5/1/2021,A,Pacific Lamprey,"10MM TAG, AMMOCOETE",121,1
3D9.1A4FA1041B,CGS-2021-066-KAE.xml,CGS - Charles Snow Projects,METTRP - Methow Smolt Trap at McFarland Creek Road Bridge,5/2/2021,METHR - Methow River,5/3/2021,A,Pacific Lamprey,"10MM TAG, AMMOCOETE",130,1
3D9.1A4FA1041C,CGS-2021-066-KAE.xml,CGS - Charles Snow Projects,METTRP - Methow Smolt Trap at McFarland Creek Road Bridge,4/28/2021,METTRP - Methow Smolt Trap at McFarland Creek Road Bridge,4/29/2021,A,Pacific Lamprey,"10MM TAG, AMMOCOETE",118,1
3D9.1A4FA1041D,CGS-2021-066-KAE.xml,CGS - Charles Snow Projects,METTRP - Methow Smolt Trap at McFarland Creek Road Bridge,5/1/2021,METTRP - Methow Smolt Trap at McFarland Creek Road Bridge,5/1/2021,A,Pacific Lamprey,"10MM TAG, AMMOCOETE",133,1
3D9.1A4FA1041E,CGS-2021-066-KAE.xml,CGS - Charles Snow Projects,METTRP - Methow Smolt Trap at McFarland Creek Road Bridge,5/1/2021,METHR - Methow River,5/3/2021,A,Pacific Lamprey,"10MM TAG, AMMOCOETE",123,1
3D9.1A4FA1041F,CGS-2021-066-KAE.xml,CGS - Charles Snow Projects,METTRP - Methow Smolt Trap at McFarland Creek Road Bridge,5/1/2021,METTRP - Methow Smolt Trap at McFarland Creek Road Bridge,5/1/2021,A,Pacific Lamprey,"10MM TAG, AMMOCOETE",143,1
3D9.1A4FA10420,CGS-2021-066-KAE.xml,CGS - Charles Snow Projects,METTRP - Methow Smolt Trap at McFarland Creek Road Bridge,5/1/2021,METTRP - Methow Smolt Trap at McFarland Creek Road Bridge,5/1/2021,A,Pacific Lamprey,"10MM TAG, AMMOCOETE",100,1
3D9.1A4FA10421,CGS-2021-066-KAE.xml,CGS - Charles Snow Projects,METTRP - Methow Smolt Trap at McFarland Creek Road Bridge,5/2/2021,METHR - Methow River,5/3/2021,A,Pacific Lamprey,"10MM TAG, AMMOCOETE",130,1
3D9.1A4FA10422,CGS-2021-066-KAE.xml,CGS - Charles Snow Projects,METTRP - Methow Smolt Trap at McFarland Creek Road Bridge,5/1/2021,METHR - Methow River,5/3/2021,A,Pacific Lamprey,"10MM TAG, AMMOCOETE",116,1
3D9.1A4FA10423,CGS-2021-066-KAE.xml,CGS - Charles Snow Projects,METTRP - Methow Smolt Trap at McFarland Creek Road Bridge,5/1/2021,METTRP - Methow Smolt Trap at McFarland Creek Road Bridge,5/1/2021,A,Pacific Lamprey,"10MM TAG, AMMOCOETE",124,1
3D9.1A4FA10424,CGS-2021-066-KAE.xml,CGS - Charles Snow Projects,METTRP - Methow Smolt Trap at McFarland Creek Road Bridge,5/1/2021,METTRP - Methow Smolt Trap at McFarland Creek Road Bridge,5/1/2021,A,Pacific Lamprey,"10MM TAG, AMMOCOETE",123,1
3D9.1A4FA10425,CGS-2021-066-KAE.xml,CGS - Charles Snow Projects,METTRP - Methow Smolt Trap at McFarland Creek Road Bridge,5/1/2021,METHR - Methow River,5/3/2021,A,Pacific Lamprey,"10MM TAG, AMMOCOETE",121,1
3D9.1A4FA10426,CGS-2021-066-KAE.xml,CGS - Charles Snow Projects,METTRP - Methow Smolt Trap at McFarland Creek Road Bridge,5/1/2021,METHR - Methow River,5/3/2021,A,Pacific Lamprey,"10MM TAG, AMMOCOETE",128,1
3D9.1A4FA10427,CGS-2021-066-KAE.xml,CGS - Charles Snow Projects,METTRP - Methow Smolt Trap at McFarland Creek Road Bridge,5/1/2021,METTRP - Methow Smolt Trap at McFarland Creek Road Bridge,5/1/2021,A,Pacific Lamprey,"10MM TAG, AMMOCOETE",133,1
3D9.1A4FA10428,CGS-2021-066-KAE.xml,CGS - Charles Snow Projects,METTRP - Methow Smolt Trap at McFarland Creek Road Bridge,4/27/2021,METTRP - Methow Smolt Trap at McFarland Creek Road Bridge,4/28/2021,A,Pacific Lamprey,"10MM TAG, AMMOCOETE",107,1
3D9.1A4FA10429,CGS-2021-066-KAE.xml,CGS - Charles Snow Projects,METTRP - Methow Smolt Trap at McFarland Creek Road Bridge,4/30/2021,METTRP - Methow Smolt Trap at McFarland Creek Road Bridge,4/30/2021,A,Pacific Lamprey,"10MM TAG, AMMOCOETE",136,1
3D9.1A4FA1042A,CGS-2021-066-KAE.xml,CGS - Charles Snow Projects,METTRP - Methow Smolt Trap at McFarland Creek Road Bridge,5/1/2021,METTRP - Methow Smolt Trap at McFarland Creek Road Bridge,5/1/2021,A,Pacific Lamprey,"10MM TAG, AMMOCOETE",84,1
3D9.1A4FA1042B,CGS-2021-066-KAE.xml,CGS - Charles Snow Projects,METTRP - Methow Smolt Trap at McFarland Creek Road Bridge,5/2/2021,METHR - Methow River,5/3/2021,A,Pacific Lamprey,"10MM TAG, AMMOCOETE",98,1
3D9.1A4FA1042C,CGS-2021-066-KAE.xml,CGS - Charles Snow Projects,METTRP - Methow Smolt Trap at McFarland Creek Road Bridge,5/1/2021,METTRP - Methow Smolt Trap at McFarland Creek Road Bridge,5/1/2021,A,Pacific Lamprey,"10MM TAG, AMMOCOETE",111,1
3D9.1A4FA1042D,CGS-2021-066-KAE.xml,CGS - Charles Snow Projects,METTRP - Methow Smolt Trap at McFarland Creek Road Bridge,5/1/2021,METTRP - Methow Smolt Trap at McFarland Creek Road Bridge,5/1/2021,A,Pacific Lamprey,"10MM TAG, AMMOCOETE",103,1
3D9.1A4FA1042E,CGS-2021-066-KAE.xml,CGS - Charles Snow Projects,METTRP - Methow Smolt Trap at McFarland Creek Road Bridge,4/30/2021,METTRP - Methow Smolt Trap at McFarland Creek Road Bridge,4/30/2021,A,Pacific Lamprey,"10MM TAG, AMMOCOETE",116,1
3D9.1A4FA1042F,CGS-2021-066-KAE.xml,CGS - Charles Snow Projects,METTRP - Methow Smolt Trap at McFarland Creek Road Bridge,4/28/2021,METTRP - Methow Smolt Trap at McFarland Creek Road Bridge,4/29/2021,A,Pacific Lamprey,"10MM TAG, AMMOCOETE",110,1
3D9.1A4FA10430,CGS-2021-066-KAE.xml,CGS - Charles Snow Projects,METTRP - Methow Smolt Trap at McFarland Creek Road Bridge,5/1/2021,METTRP - Methow Smolt Trap at McFarland Creek Road Bridge,5/1/2021,A,Pacific Lamprey,"10MM TAG, AMMOCOETE",122,1
3D9.1A4FA10431,CGS-2021-066-KAE.xml,CGS - Charles Snow Projects,METTRP - Methow Smolt Trap at McFarland Creek Road Bridge,5/1/2021,METHR - Methow River,5/3/2021,A,Pacific Lamprey,"10MM TAG, AMMOCOETE",129,1
3D9.1A4FA10432,CGS-2021-066-KAE.xml,CGS - Charles Snow Projects,METTRP - Methow Smolt Trap at McFarland Creek Road Bridge,5/1/2021,METHR - Methow River,5/3/2021,A,Pacific Lamprey,"10MM TAG, MACROPHTHALMIA",137,1
3D9.1A4FA10433,CGS-2021-066-KAE.xml,CGS - Charles Snow Projects,METTRP - Methow Smolt Trap at McFarland Creek Road Bridge,5/2/2021,METHR - Methow River,5/3/2021,A,Pacific Lamprey,"10MM TAG, AMMOCOETE",132,1
3D9.1A4FA10434,CGS-2021-066-KAE.xml,CGS - Charles Snow Projects,METTRP - Methow Smolt Trap at McFarland Creek Road Bridge,4/27/2021,METTRP - Methow Smolt Trap at McFarland Creek Road Bridge,4/28/2021,A,Pacific Lamprey,"10MM TAG, AMMOCOETE",113,1
3D9.1A4FA10435,CGS-2021-066-KAE.xml,CGS - Charles Snow Projects,METTRP - Methow Smolt Trap at McFarland Creek Road Bridge,5/1/2021,METHR - Methow River,5/3/2021,A,Pacific Lamprey,"10MM TAG, AMMOCOETE",131,1
3D9.1A4FA10436,CGS-2021-066-KAE.xml,CGS - Charles Snow Projects,METTRP - Methow Smolt Trap at McFarland Creek Road Bridge,5/1/2021,METHR - Methow River,5/3/2021,A,Pacific Lamprey,"10MM TAG, MACROPHTHALMIA",130,1
3D9.1A4FA10437,CGS-2021-066-KAE.xml,CGS - Charles Snow Projects,METTRP - Methow Smolt Trap at McFarland Creek Road Bridge,4/27/2021,METTRP - Methow Smolt Trap at McFarland Creek Road Bridge,4/28/2021,A,Pacific Lamprey,"10MM TAG, AMMOCOETE",104,1
3D9.1A4FA10438,CGS-2021-066-KAE.xml,CGS - Charles Snow Projects,METTRP - Methow Smolt Trap at McFarland Creek Road Bridge,5/1/2021,METTRP - Methow Smolt Trap at McFarland Creek Road Bridge,5/1/2021,A,Pacific Lamprey,"10MM TAG, MACROPHTHALMIA",135,1
3D9.1A4FA10439,CGS-2021-066-KAE.xml,CGS - Charles Snow Projects,METTRP - Methow Smolt Trap at McFarland Creek Road Bridge,5/1/2021,METHR - Methow River,5/3/2021,A,Pacific Lamprey,"10MM TAG, AMMOCOETE",124,1
3D9.1A4FA1043A,CGS-2021-066-KAE.xml,CGS - Charles Snow Projects,METTRP - Methow Smolt Trap at McFarland Creek Road Bridge,4/27/2021,METTRP - Methow Smolt Trap at McFarland Creek Road Bridge,4/28/2021,A,Pacific Lamprey,"10MM TAG, AMMOCOETE",108,1
3D9.1A4FA1043B,CGS-2021-066-KAE.xml,CGS - Charles Snow Projects,METTRP - Methow Smolt Trap at McFarland Creek Road Bridge,5/1/2021,METHR - Methow River,5/3/2021,A,Pacific Lamprey,"10MM TAG, AMMOCOETE",124,1
3D9.1A4FA1043C,CGS-2021-066-KAE.xml,CGS - Charles Snow Projects,METTRP - Methow Smolt Trap at McFarland Creek Road Bridge,5/2/2021,METHR - Methow River,5/3/2021,A,Pacific Lamprey,"10MM TAG, AMMOCOETE",100,1
3D9.1A4FA1043D,CGS-2021-066-KAE.xml,CGS - Charles Snow Projects,METTRP - Methow Smolt Trap at McFarland Creek Road Bridge,5/1/2021,METTRP - Methow Smolt Trap at McFarland Creek Road Bridge,5/1/2021,A,Pacific Lamprey,"10MM TAG, AMMOCOETE",134,1
3D9.1A4FA1043E,CGS-2021-066-KAE.xml,CGS - Charles Snow Projects,METTRP - Methow Smolt Trap at McFarland Creek Road Bridge,5/1/2021,METHR - Methow River,5/3/2021,A,Pacific Lamprey,"10MM TAG, AMMOCOETE",132,1
3D9.1A4FA1043F,CGS-2021-066-KAE.xml,CGS - Charles Snow Projects,METTRP - Methow Smolt Trap at McFarland Creek Road Bridge,5/2/2021,METHR - Methow River,5/3/2021,A,Pacific Lamprey,"10MM TAG, AMMOCOETE",108,1
3D9.1A4FA10440,CGS-2021-066-KAE.xml,CGS - Charles Snow Projects,METTRP - Methow Smolt Trap at McFarland Creek Road Bridge,4/30/2021,METTRP - Methow Smolt Trap at McFarland Creek Road Bridge,4/30/2021,A,Pacific Lamprey,"10MM TAG, AMMOCOETE",117,1
3D9.1A4FA10441,CGS-2021-066-KAE.xml,CGS - Charles Snow Projects,METTRP - Methow Smolt Trap at McFarland Creek Road Bridge,5/1/2021,METTRP - Methow Smolt Trap at McFarland Creek Road Bridge,5/1/2021,A,Pacific Lamprey,"10MM TAG, AMMOCOETE",102,1
3D9.1A4FA10442,CGS-2021-066-KAE.xml,CGS - Charles Snow Projects,METTRP - Methow Smolt Trap at McFarland Creek Road Bridge,4/30/2021,METTRP - Methow Smolt Trap at McFarland Creek Road Bridge,4/30/2021,A,Pacific Lamprey,"10MM TAG, AMMOCOETE",118,1
3D9.1A4FA10443,CGS-2021-066-KAE.xml,CGS - Charles Snow Projects,METTRP - Methow Smolt Trap at McFarland Creek Road Bridge,4/28/2021,METTRP - Methow Smolt Trap at McFarland Creek Road Bridge,4/29/2021,A,Pacific Lamprey,"10MM TAG, AMMOCOETE",114,1
3D9.1A4FA10444,CGS-2021-066-KAE.xml,CGS - Charles Snow Projects,METTRP - Methow Smolt Trap at McFarland Creek Road Bridge,5/2/2021,METHR - Methow River,5/3/2021,A,Pacific Lamprey,"10MM TAG, AMMOCOETE",127,1
3D9.1A4FA10445,CGS-2021-066-KAE.xml,CGS - Charles Snow Projects,METTRP - Methow Smolt Trap at McFarland Creek Road Bridge,5/1/2021,METTRP - Methow Smolt Trap at McFarland Creek Road Bridge,5/1/2021,A,Pacific Lamprey,"10MM TAG, AMMOCOETE",138,1
3D9.1A4FA10446,CGS-2021-066-KAE.xml,CGS - Charles Snow Projects,METTRP - Methow Smolt Trap at McFarland Creek Road Bridge,5/1/2021,METTRP - Methow Smolt Trap at McFarland Creek Road Bridge,5/1/2021,A,Pacific Lamprey,"10MM TAG, AMMOCOETE",101,1
3D9.1A4FA10447,CGS-2021-066-KAE.xml,CGS - Charles Snow Projects,METTRP - Methow Smolt Trap at McFarland Creek Road Bridge,5/1/2021,METHR - Methow River,5/3/2021,A,Pacific Lamprey,"10MM TAG, AMMOCOETE",120,1
3D9.1A4FA10448,CGS-2021-066-KAE.xml,CGS - Charles Snow Projects,METTRP - Methow Smolt Trap at McFarland Creek Road Bridge,5/1/2021,METTRP - Methow Smolt Trap at McFarland Creek Road Bridge,5/1/2021,A,Pacific Lamprey,"10MM TAG, AMMOCOETE",133,1
3D9.1A4FA10449,CGS-2021-066-KAE.xml,CGS - Charles Snow Projects,METTRP - Methow Smolt Trap at McFarland Creek Road Bridge,5/1/2021,METHR - Methow River,5/3/2021,A,Pacific Lamprey,"10MM TAG, AMMOCOETE",120,1
3D9.1A4FA1044A,CGS-2021-066-KAE.xml,CGS - Charles Snow Projects,METTRP - Methow Smolt Trap at McFarland Creek Road Bridge,5/1/2021,METTRP - Methow Smolt Trap at McFarland Creek Road Bridge,5/1/2021,A,Pacific Lamprey,"10MM TAG, AMMOCOETE",108,1
3D9.1A4FA1044C,CGS-2021-066-KAE.xml,CGS - Charles Snow Projects,METTRP - Methow Smolt Trap at McFarland Creek Road Bridge,5/2/2021,METHR - Methow River,5/3/2021,A,Pacific Lamprey,"10MM TAG, AMMOCOETE",102,1
3D9.1A4FA1044D,CGS-2021-066-KAE.xml,CGS - Charles Snow Projects,METTRP - Methow Smolt Trap at McFarland Creek Road Bridge,4/27/2021,METTRP - Methow Smolt Trap at McFarland Creek Road Bridge,4/28/2021,A,Pacific Lamprey,"10MM TAG, AMMOCOETE",123,1
3D9.1A4FA1044E,CGS-2021-066-KAE.xml,CGS - Charles Snow Projects,METTRP - Methow Smolt Trap at McFarland Creek Road Bridge,4/28/2021,METTRP - Methow Smolt Trap at McFarland Creek Road Bridge,4/28/2021,A,Pacific Lamprey,"10MM TAG, AMMOCOETE",121,1
3D9.1A4FA1044F,CGS-2021-066-KAE.xml,CGS - Charles Snow Projects,METTRP - Methow Smolt Trap at McFarland Creek Road Bridge,5/2/2021,METHR - Methow River,5/3/2021,A,Pacific Lamprey,"10MM TAG, AMMOCOETE",102,1
3D9.1A4FA10450,CGS-2021-066-KAE.xml,CGS - Charles Snow Projects,METTRP - Methow Smolt Trap at McFarland Creek Road Bridge,4/27/2021,METTRP - Methow Smolt Trap at McFarland Creek Road Bridge,4/28/2021,A,Pacific Lamprey,"10MM TAG, AMMOCOETE",110,1
3D9.1A4FA10451,CGS-2021-066-KAE.xml,CGS - Charles Snow Projects,METTRP - Methow Smolt Trap at McFarland Creek Road Bridge,5/1/2021,METHR - Methow River,5/3/2021,A,Pacific Lamprey,"10MM TAG, MACROPHTHALMIA",128,1
3D9.1A4FA10452,CGS-2021-066-KAE.xml,CGS - Charles Snow Projects,METTRP - Methow Smolt Trap at McFarland Creek Road Bridge,4/27/2021,METTRP - Methow Smolt Trap at McFarland Creek Road Bridge,4/28/2021,A,Pacific Lamprey,"10MM TAG, AMMOCOETE",118,1
3D9.1A4FA10453,CGS-2021-066-KAE.xml,CGS - Charles Snow Projects,METTRP - Methow Smolt Trap at McFarland Creek Road Bridge,5/1/2021,METTRP - Methow Smolt Trap at McFarland Creek Road Bridge,5/1/2021,A,Pacific Lamprey,"10MM TAG, AMMOCOETE",96,1
3D9.1A4FA10454,CGS-2021-066-KAE.xml,CGS - Charles Snow Projects,METTRP - Methow Smolt Trap at McFarland Creek Road Bridge,5/1/2021,METTRP - Methow Smolt Trap at McFarland Creek Road Bridge,5/1/2021,A,Pacific Lamprey,"10MM TAG, AMMOCOETE",132,1
3D9.1A4FA10455,CGS-2021-066-KAE.xml,CGS - Charles Snow Projects,METTRP - Methow Smolt Trap at McFarland Creek Road Bridge,5/1/2021,METHR - Methow River,5/3/2021,A,Pacific Lamprey,"10MM TAG, MACROPHTHALMIA",135,1
3D9.1A4FA10456,CGS-2021-066-KAE.xml,CGS - Charles Snow Projects,METTRP - Methow Smolt Trap at McFarland Creek Road Bridge,5/1/2021,METHR - Methow River,5/3/2021,A,Pacific Lamprey,"10MM TAG, AMMOCOETE",132,1
3D9.1A4FA10457,CGS-2021-066-KAE.xml,CGS - Charles Snow Projects,METTRP - Methow Smolt Trap at McFarland Creek Road Bridge,5/1/2021,METTRP - Methow Smolt Trap at McFarland Creek Road Bridge,5/1/2021,A,Pacific Lamprey,"10MM TAG, AMMOCOETE",107,1
3D9.1A4FA10458,CGS-2021-066-KAE.xml,CGS - Charles Snow Projects,METTRP - Methow Smolt Trap at McFarland Creek Road Bridge,5/2/2021,METHR - Methow River,5/3/2021,A,Pacific Lamprey,"10MM TAG, AMMOCOETE",97,1
3D9.1A4FA10459,CGS-2021-066-KAE.xml,CGS - Charles Snow Projects,METTRP - Methow Smolt Trap at McFarland Creek Road Bridge,5/2/2021,METHR - Methow River,5/3/2021,A,Pacific Lamprey,"10MM TAG, AMMOCOETE",131,1
3D9.1A4FA1045A,CGS-2021-066-KAE.xml,CGS - Charles Snow Projects,METTRP - Methow Smolt Trap at McFarland Creek Road Bridge,5/2/2021,METHR - Methow River,5/3/2021,A,Pacific Lamprey,"10MM TAG, AMMOCOETE",107,1
3D9.1A4FA1045B,CGS-2021-066-KAE.xml,CGS - Charles Snow Projects,METTRP - Methow Smolt Trap at McFarland Creek Road Bridge,5/2/2021,METHR - Methow River,5/3/2021,A,Pacific Lamprey,"10MM TAG, AMMOCOETE",114,1
3D9.1A4FA1045C,CGS-2021-066-KAE.xml,CGS - Charles Snow Projects,METTRP - Methow Smolt Trap at McFarland Creek Road Bridge,5/2/2021,METHR - Methow River,5/3/2021,A,Pacific Lamprey,"10MM TAG, AMMOCOETE",128,1
3D9.1A4FA1045D,CGS-2021-066-KAE.xml,CGS - Charles Snow Projects,METTRP - Methow Smolt Trap at McFarland Creek Road Bridge,5/2/2021,METHR - Methow River,5/3/2021,A,Pacific Lamprey,"10MM TAG, AMMOCOETE",130,1
3D9.1A4FA1045E,CGS-2021-066-KAE.xml,CGS - Charles Snow Projects,METTRP - Methow Smolt Trap at McFarland Creek Road Bridge,5/2/2021,METHR - Methow River,5/3/2021,A,Pacific Lamprey,"10MM TAG, AMMOCOETE",136,1
3D9.1A4FA1045F,CGS-2021-066-KAE.xml,CGS - Charles Snow Projects,METTRP - Methow Smolt Trap at McFarland Creek Road Bridge,5/2/2021,METHR - Methow River,5/3/2021,A,Pacific Lamprey,"10MM TAG, AMMOCOETE",131,1
3D9.1A4FA10460,CGS-2021-066-KAE.xml,CGS - Charles Snow Projects,METTRP - Methow Smolt Trap at McFarland Creek Road Bridge,5/2/2021,METHR - Methow River,5/3/2021,A,Pacific Lamprey,"10MM TAG, AMMOCOETE",142,1
3D9.1A4FA10461,CGS-2021-066-KAE.xml,CGS - Charles Snow Projects,METTRP - Methow Smolt Trap at McFarland Creek Road Bridge,5/2/2021,METHR - Methow River,5/3/2021,A,Pacific Lamprey,"10MM TAG, AMMOCOETE",118,1
3D9.1A4FA10462,CGS-2021-066-KAE.xml,CGS - Charles Snow Projects,METTRP - Methow Smolt Trap at McFarland Creek Road Bridge,5/2/2021,METHR - Methow River,5/3/2021,A,Pacific Lamprey,"10MM TAG, AMMOCOETE",132,1
3D9.1A4FA10463,CGS-2021-066-KAE.xml,CGS - Charles Snow Projects,METTRP - Methow Smolt Trap at McFarland Creek Road Bridge,5/2/2021,METHR - Methow River,5/3/2021,A,Pacific Lamprey,"10MM TAG, AMMOCOETE",126,1
3D9.1A4FA10464,CGS-2021-066-KAE.xml,CGS - Charles Snow Projects,METTRP - Methow Smolt Trap at McFarland Creek Road Bridge,5/2/2021,METHR - Methow River,5/3/2021,A,Pacific Lamprey,"10MM TAG, AMMOCOETE",125,1
3D9.1A4FA10465,CGS-2021-066-KAE.xml,CGS - Charles Snow Projects,METTRP - Methow Smolt Trap at McFarland Creek Road Bridge,5/2/2021,METHR - Methow River,5/3/2021,A,Pacific Lamprey,"10MM TAG, AMMOCOETE",96,1
3D9.1A4FA10466,CGS-2021-066-KAE.xml,CGS - Charles Snow Projects,METTRP - Methow Smolt Trap at McFarland Creek Road Bridge,5/2/2021,METHR - Methow River,5/3/2021,A,Pacific Lamprey,"10MM TAG, AMMOCOETE",132,1
3D9.1A4FA10467,CGS-2021-066-KAE.xml,CGS - Charles Snow Projects,METTRP - Methow Smolt Trap at McFarland Creek Road Bridge,5/2/2021,METHR - Methow River,5/3/2021,A,Pacific Lamprey,"10MM TAG, AMMOCOETE",122,1
3D9.1A4FA10469,CGS-2021-066-KAE.xml,CGS - Charles Snow Projects,METTRP - Methow Smolt Trap at McFarland Creek Road Bridge,5/2/2021,METHR - Methow River,5/3/2021,A,Pacific Lamprey,"10MM TAG, AMMOCOETE",111,1
3D9.1A4FA1046A,CGS-2021-066-KAE.xml,CGS - Charles Snow Projects,METTRP - Methow Smolt Trap at McFarland Creek Road Bridge,5/3/2021,METHR - Methow River,5/3/2021,A,Pacific Lamprey,"10MM TAG, AMMOCOETE",110,1
3D9.1A4FA1046B,CGS-2021-066-KAE.xml,CGS - Charles Snow Projects,METTRP - Methow Smolt Trap at McFarland Creek Road Bridge,5/2/2021,METHR - Methow River,5/3/2021,A,Pacific Lamprey,"10MM TAG, AMMOCOETE",95,1
3D9.1A4FA1046C,CGS-2021-066-KAE.xml,CGS - Charles Snow Projects,METTRP - Methow Smolt Trap at McFarland Creek Road Bridge,5/2/2021,METHR - Methow River,5/3/2021,A,Pacific Lamprey,"10MM TAG, AMMOCOETE",114,1
3D9.1A4FA1046D,CGS-2021-066-KAE.xml,CGS - Charles Snow Projects,METTRP - Methow Smolt Trap at McFarland Creek Road Bridge,5/2/2021,METHR - Methow River,5/3/2021,A,Pacific Lamprey,"10MM TAG, AMMOCOETE",130,1
3D9.1A4FA1046E,CGS-2021-066-KAE.xml,CGS - Charles Snow Projects,METTRP - Methow Smolt Trap at McFarland Creek Road Bridge,5/2/2021,METHR - Methow River,5/3/2021,A,Pacific Lamprey,"10MM TAG, AMMOCOETE",126,1
3D9.1A4FA1046F,CGS-2021-066-KAE.xml,CGS - Charles Snow Projects,METTRP - Methow Smolt Trap at McFarland Creek Road Bridge,5/2/2021,METHR - Methow River,5/3/2021,A,Pacific Lamprey,"10MM TAG, AMMOCOETE",114,1
3D9.1A4FA10471,CGS-2021-066-KAE.xml,CGS - Charles Snow Projects,METTRP - Methow Smolt Trap at McFarland Creek Road Bridge,5/2/2021,METHR - Methow River,5/3/2021,A,Pacific Lamprey,"10MM TAG, AMMOCOETE",138,1
3D9.1A4FA10472,CGS-2021-066-KAE.xml,CGS - Charles Snow Projects,METTRP - Methow Smolt Trap at McFarland Creek Road Bridge,5/2/2021,METHR - Methow River,5/3/2021,A,Pacific Lamprey,"10MM TAG, AMMOCOETE",104,1
3D9.1A4FA10473,CGS-2021-066-KAE.xml,CGS - Charles Snow Projects,METTRP - Methow Smolt Trap at McFarland Creek Road Bridge,5/2/2021,METHR - Methow River,5/3/2021,A,Pacific Lamprey,"10MM TAG, AMMOCOETE",120,1
3D9.1A4FA10474,CGS-2021-066-KAE.xml,CGS - Charles Snow Projects,METTRP - Methow Smolt Trap at McFarland Creek Road Bridge,5/2/2021,METHR - Methow River,5/3/2021,A,Pacific Lamprey,"10MM TAG, AMMOCOETE",135,1
3D9.1A4FA10475,CGS-2021-066-KAE.xml,CGS - Charles Snow Projects,METTRP - Methow Smolt Trap at McFarland Creek Road Bridge,5/2/2021,METHR - Methow River,5/3/2021,A,Pacific Lamprey,"10MM TAG, AMMOCOETE",107,1
3D9.1A4FA10476,CGS-2021-066-KAE.xml,CGS - Charles Snow Projects,METTRP - Methow Smolt Trap at McFarland Creek Road Bridge,5/2/2021,METHR - Methow River,5/3/2021,A,Pacific Lamprey,"10MM TAG, AMMOCOETE",137,1
3D9.1A4FA10477,CGS-2021-066-KAE.xml,CGS - Charles Snow Projects,METTRP - Methow Smolt Trap at McFarland Creek Road Bridge,5/2/2021,METHR - Methow River,5/3/2021,A,Pacific Lamprey,"10MM TAG, AMMOCOETE",126,1
3D9.1A4FA10478,CGS-2021-066-KAE.xml,CGS - Charles Snow Projects,METTRP - Methow Smolt Trap at McFarland Creek Road Bridge,5/5/2021,METTRP - Methow Smolt Trap at McFarland Creek Road Bridge,5/5/2021,A,Pacific Lamprey,"10MM TAG, AMMOCOETE",119,1
3D9.1A4FA1047A,CGS-2021-066-KAE.xml,CGS - Charles Snow Projects,METTRP - Methow Smolt Trap at McFarland Creek Road Bridge,5/2/2021,METHR - Methow River,5/3/2021,A,Pacific Lamprey,"10MM TAG, AMMOCOETE",130,1
3D9.1A4FA1047B,CGS-2021-066-KAE.xml,CGS - Charles Snow Projects,METTRP - Methow Smolt Trap at McFarland Creek Road Bridge,5/2/2021,METHR - Methow River,5/3/2021,A,Pacific Lamprey,"10MM TAG, AMMOCOETE",135,1
3D9.1A4FA1047C,CGS-2021-066-KAE.xml,CGS - Charles Snow Projects,METTRP - Methow Smolt Trap at McFarland Creek Road Bridge,5/5/2021,METTRP - Methow Smolt Trap at McFarland Creek Road Bridge,5/5/2021,A,Pacific Lamprey,"10MM TAG, AMMOCOETE",115,1
3D9.1A4FA1047D,CGS-2021-066-KAE.xml,CGS - Charles Snow Projects,METTRP - Methow Smolt Trap at McFarland Creek Road Bridge,5/5/2021,METTRP - Methow Smolt Trap at McFarland Creek Road Bridge,5/5/2021,A,Pacific Lamprey,"10MM TAG, AMMOCOETE",107,1
3D9.1A4FA1047E,CGS-2021-066-KAE.xml,CGS - Charles Snow Projects,METTRP - Methow Smolt Trap at McFarland Creek Road Bridge,5/2/2021,METHR - Methow River,5/3/2021,A,Pacific Lamprey,"10MM TAG, AMMOCOETE",139,1
3D9.1A4FA1047F,CGS-2021-066-KAE.xml,CGS - Charles Snow Projects,METTRP - Methow Smolt Trap at McFarland Creek Road Bridge,5/2/2021,METHR - Methow River,5/3/2021,A,Pacific Lamprey,"10MM TAG, AMMOCOETE",104,1
3D9.1A4FA10480,CGS-2021-066-KAE.xml,CGS - Charles Snow Projects,METTRP - Methow Smolt Trap at McFarland Creek Road Bridge,5/2/2021,METHR - Methow River,5/3/2021,A,Pacific Lamprey,"10MM TAG, AMMOCOETE",128,1
3D9.1A4FA10481,CGS-2021-066-KAE.xml,CGS - Charles Snow Projects,METTRP - Methow Smolt Trap at McFarland Creek Road Bridge,5/2/2021,METHR - Methow River,5/3/2021,A,Pacific Lamprey,"10MM TAG, AMMOCOETE",94,1
3D9.1A4FA10482,CGS-2021-066-KAE.xml,CGS - Charles Snow Projects,METTRP - Methow Smolt Trap at McFarland Creek Road Bridge,5/2/2021,METHR - Methow River,5/3/2021,A,Pacific Lamprey,"10MM TAG, AMMOCOETE",113,1
3D9.1A4FA10483,CGS-2021-066-KAE.xml,CGS - Charles Snow Projects,METTRP - Methow Smolt Trap at McFarland Creek Road Bridge,5/2/2021,METHR - Methow River,5/3/2021,A,Pacific Lamprey,"10MM TAG, AMMOCOETE",128,1
3D9.1A4FA10484,CGS-2021-066-KAE.xml,CGS - Charles Snow Projects,METTRP - Methow Smolt Trap at McFarland Creek Road Bridge,5/2/2021,METHR - Methow River,5/3/2021,A,Pacific Lamprey,"10MM TAG, AMMOCOETE",124,1
3D9.1A4FA10485,CGS-2021-066-KAE.xml,CGS - Charles Snow Projects,METTRP - Methow Smolt Trap at McFarland Creek Road Bridge,5/2/2021,METHR - Methow River,5/3/2021,A,Pacific Lamprey,"10MM TAG, AMMOCOETE",133,1
3D9.1A4FA10486,CGS-2021-066-KAE.xml,CGS - Charles Snow Projects,METTRP - Methow Smolt Trap at McFarland Creek Road Bridge,5/2/2021,METHR - Methow River,5/3/2021,A,Pacific Lamprey,"10MM TAG, AMMOCOETE",130,1
3D9.1A4FA10487,CGS-2021-066-KAE.xml,CGS - Charles Snow Projects,METTRP - Methow Smolt Trap at McFarland Creek Road Bridge,5/2/2021,METHR - Methow River,5/3/2021,A,Pacific Lamprey,"10MM TAG, AMMOCOETE",134,1
3D9.1A4FA10488,CGS-2021-066-KAE.xml,CGS - Charles Snow Projects,METTRP - Methow Smolt Trap at McFarland Creek Road Bridge,5/2/2021,METHR - Methow River,5/3/2021,A,Pacific Lamprey,"10MM TAG, AMMOCOETE",137,1
3D9.1A4FA10489,CGS-2021-066-KAE.xml,CGS - Charles Snow Projects,METTRP - Methow Smolt Trap at McFarland Creek Road Bridge,5/2/2021,METHR - Methow River,5/3/2021,A,Pacific Lamprey,"10MM TAG, AMMOCOETE",133,1
3D9.1A4FA1048A,CGS-2021-066-KAE.xml,CGS - Charles Snow Projects,METTRP - Methow Smolt Trap at McFarland Creek Road Bridge,5/2/2021,METHR - Methow River,5/3/2021,A,Pacific Lamprey,"10MM TAG, AMMOCOETE",128,1
3D9.1A4FA1048B,CGS-2021-066-KAE.xml,CGS - Charles Snow Projects,METTRP - Methow Smolt Trap at McFarland Creek Road Bridge,5/2/2021,METHR - Methow River,5/3/2021,A,Pacific Lamprey,"10MM TAG, AMMOCOETE",137,1
3D9.1A4FA1048C,CGS-2021-066-KAE.xml,CGS - Charles Snow Projects,METTRP - Methow Smolt Trap at McFarland Creek Road Bridge,5/2/2021,METHR - Methow River,5/3/2021,A,Pacific Lamprey,"10MM TAG, AMMOCOETE",131,1
3D9.1A4FA1048D,CGS-2021-066-KAE.xml,CGS - Charles Snow Projects,METTRP - Methow Smolt Trap at McFarland Creek Road Bridge,5/2/2021,METHR - Methow River,5/3/2021,A,Pacific Lamprey,"10MM TAG, AMMOCOETE",110,1
3D9.1A4FA1048E,CGS-2021-066-KAE.xml,CGS - Charles Snow Projects,METTRP - Methow Smolt Trap at McFarland Creek Road Bridge,5/2/2021,METHR - Methow River,5/3/2021,A,Pacific Lamprey,"10MM TAG, AMMOCOETE",132,1
3D9.1A4FA1048F,CGS-2021-066-KAE.xml,CGS - Charles Snow Projects,METTRP - Methow Smolt Trap at McFarland Creek Road Bridge,5/2/2021,METHR - Methow River,5/3/2021,A,Pacific Lamprey,"10MM TAG, AMMOCOETE",120,1
3D9.1A4FA10490,CGS-2021-066-KAE.xml,CGS - Charles Snow Projects,METTRP - Methow Smolt Trap at McFarland Creek Road Bridge,5/2/2021,METHR - Methow River,5/3/2021,A,Pacific Lamprey,"10MM TAG, AMMOCOETE",113,1
3D9.1A4FA10491,CGS-2021-066-KAE.xml,CGS - Charles Snow Projects,METTRP - Methow Smolt Trap at McFarland Creek Road Bridge,5/2/2021,METHR - Methow River,5/3/2021,A,Pacific Lamprey,"10MM TAG, AMMOCOETE",131,1
3D9.1A4FA10492,CGS-2021-066-KAE.xml,CGS - Charles Snow Projects,METTRP - Methow Smolt Trap at McFarland Creek Road Bridge,5/2/2021,METHR - Methow River,5/3/2021,A,Pacific Lamprey,"10MM TAG, AMMOCOETE",130,1
3D9.1A4FA10493,CGS-2021-066-KAE.xml,CGS - Charles Snow Projects,METTRP - Methow Smolt Trap at McFarland Creek Road Bridge,5/2/2021,METHR - Methow River,5/3/2021,A,Pacific Lamprey,"10MM TAG, AMMOCOETE",114,1
3D9.1A4FA10495,CGS-2021-066-KAE.xml,CGS - Charles Snow Projects,METTRP - Methow Smolt Trap at McFarland Creek Road Bridge,5/2/2021,METHR - Methow River,5/3/2021,A,Pacific Lamprey,"10MM TAG, AMMOCOETE",131,1
3D9.1A4FA10496,CGS-2021-066-KAE.xml,CGS - Charles Snow Projects,METTRP - Methow Smolt Trap at McFarland Creek Road Bridge,5/2/2021,METHR - Methow River,5/3/2021,A,Pacific Lamprey,"10MM TAG, AMMOCOETE",129,1
3D9.1A4FA10497,CGS-2021-066-KAE.xml,CGS - Charles Snow Projects,METTRP - Methow Smolt Trap at McFarland Creek Road Bridge,5/2/2021,METHR - Methow River,5/3/2021,A,Pacific Lamprey,"10MM TAG, AMMOCOETE",118,1
3D9.1A4FA10498,CGS-2021-066-KAE.xml,CGS - Charles Snow Projects,METTRP - Methow Smolt Trap at McFarland Creek Road Bridge,5/2/2021,METHR - Methow River,5/3/2021,A,Pacific Lamprey,"10MM TAG, AMMOCOETE",126,1
3D9.1A4FA10499,CGS-2021-066-KAE.xml,CGS - Charles Snow Projects,METTRP - Methow Smolt Trap at McFarland Creek Road Bridge,5/2/2021,METHR - Methow River,5/3/2021,A,Pacific Lamprey,"10MM TAG, AMMOCOETE",119,1
3D9.1A4FA1049A,CGS-2021-066-KAE.xml,CGS - Charles Snow Projects,METTRP - Methow Smolt Trap at McFarland Creek Road Bridge,5/2/2021,METHR - Methow River,5/3/2021,A,Pacific Lamprey,"10MM TAG, AMMOCOETE",109,1
3D9.1A4FA1049B,CGS-2021-066-KAE.xml,CGS - Charles Snow Projects,METTRP - Methow Smolt Trap at McFarland Creek Road Bridge,5/2/2021,METHR - Methow River,5/3/2021,A,Pacific Lamprey,"10MM TAG, AMMOCOETE",107,1
3D9.1A4FA1049C,CGS-2021-066-KAE.xml,CGS - Charles Snow Projects,METTRP - Methow Smolt Trap at McFarland Creek Road Bridge,5/2/2021,METHR - Methow River,5/3/2021,A,Pacific Lamprey,"10MM TAG, AMMOCOETE",130,1
3D9.1A4FA1049D,CGS-2021-066-KAE.xml,CGS - Charles Snow Projects,METTRP - Methow Smolt Trap at McFarland Creek Road Bridge,5/2/2021,METHR - Methow River,5/3/2021,A,Pacific Lamprey,"10MM TAG, AMMOCOETE",112,1
3D9.1A4FA1049E,CGS-2021-066-KAE.xml,CGS - Charles Snow Projects,METTRP - Methow Smolt Trap at McFarland Creek Road Bridge,5/2/2021,METHR - Methow River,5/3/2021,A,Pacific Lamprey,"10MM TAG, AMMOCOETE",106,1
3D9.1A4FA1049F,CGS-2021-066-KAE.xml,CGS - Charles Snow Projects,METTRP - Methow Smolt Trap at McFarland Creek Road Bridge,5/2/2021,METHR - Methow River,5/3/2021,A,Pacific Lamprey,"10MM TAG, MACROPHTHALMIA",126,1
3D9.1A4FA104A0,CGS-2021-066-KAE.xml,CGS - Charles Snow Projects,METTRP - Methow Smolt Trap at McFarland Creek Road Bridge,5/2/2021,METHR - Methow River,5/3/2021,A,Pacific Lamprey,"10MM TAG, AMMOCOETE",138,1
3D9.1A4FA104A2,CGS-2021-066-KAE.xml,CGS - Charles Snow Projects,METTRP - Methow Smolt Trap at McFarland Creek Road Bridge,5/2/2021,METHR - Methow River,5/3/2021,A,Pacific Lamprey,"10MM TAG, AMMOCOETE",118,1
3D9.1A4FA104A3,CGS-2021-066-KAE.xml,CGS - Charles Snow Projects,METTRP - Methow Smolt Trap at McFarland Creek Road Bridge,5/2/2021,METHR - Methow River,5/3/2021,A,Pacific Lamprey,"10MM TAG, AMMOCOETE",115,1
3D9.1A4FA104A4,CGS-2021-066-KAE.xml,CGS - Charles Snow Projects,METTRP - Methow Smolt Trap at McFarland Creek Road Bridge,5/2/2021,METHR - Methow River,5/3/2021,A,Pacific Lamprey,"10MM TAG, AMMOCOETE",96,1
3D9.1A4FA104A5,CGS-2021-066-KAE.xml,CGS - Charles Snow Projects,METTRP - Methow Smolt Trap at McFarland Creek Road Bridge,5/2/2021,METHR - Methow River,5/3/2021,A,Pacific Lamprey,"10MM TAG, AMMOCOETE",129,1
3D9.1A4FA104A6,CGS-2021-066-KAE.xml,CGS - Charles Snow Projects,METTRP - Methow Smolt Trap at McFarland Creek Road Bridge,5/2/2021,METHR - Methow River,5/3/2021,A,Pacific Lamprey,"10MM TAG, AMMOCOETE",114,1
3D9.1A4FA104A7,CGS-2021-066-KAE.xml,CGS - Charles Snow Projects,METTRP - Methow Smolt Trap at McFarland Creek Road Bridge,5/2/2021,METHR - Methow River,5/3/2021,A,Pacific Lamprey,"10MM TAG, AMMOCOETE",133,1
3D9.1A4FA104A8,CGS-2021-066-KAE.xml,CGS - Charles Snow Projects,METTRP - Methow Smolt Trap at McFarland Creek Road Bridge,5/2/2021,METHR - Methow River,5/3/2021,A,Pacific Lamprey,"10MM TAG, AMMOCOETE",131,1
3D9.1A4FA104A9,CGS-2021-066-KAE.xml,CGS - Charles Snow Projects,METTRP - Methow Smolt Trap at McFarland Creek Road Bridge,5/2/2021,METHR - Methow River,5/3/2021,A,Pacific Lamprey,"10MM TAG, AMMOCOETE",134,1
3D9.1A4FA104AA,CGS-2021-066-KAE.xml,CGS - Charles Snow Projects,METTRP - Methow Smolt Trap at McFarland Creek Road Bridge,5/2/2021,METHR - Methow River,5/3/2021,A,Pacific Lamprey,"10MM TAG, AMMOCOETE",108,1
3D9.1A4FA104AB,CGS-2021-066-KAE.xml,CGS - Charles Snow Projects,METTRP - Methow Smolt Trap at McFarland Creek Road Bridge,5/2/2021,METHR - Methow River,5/3/2021,A,Pacific Lamprey,"10MM TAG, AMMOCOETE",124,1
3D9.1A4FA104AC,CGS-2021-066-KAE.xml,CGS - Charles Snow Projects,METTRP - Methow Smolt Trap at McFarland Creek Road Bridge,5/2/2021,METHR - Methow River,5/3/2021,A,Pacific Lamprey,"10MM TAG, AMMOCOETE",132,1
3D9.1A4FA104AD,CGS-2021-066-KAE.xml,CGS - Charles Snow Projects,METTRP - Methow Smolt Trap at McFarland Creek Road Bridge,5/2/2021,METHR - Methow River,5/3/2021,A,Pacific Lamprey,"10MM TAG, AMMOCOETE",125,1
3D9.1A4FA104AE,CGS-2021-066-KAE.xml,CGS - Charles Snow Projects,METTRP - Methow Smolt Trap at McFarland Creek Road Bridge,5/2/2021,METHR - Methow River,5/3/2021,A,Pacific Lamprey,"10MM TAG, AMMOCOETE",131,1
3D9.1A4FA104AF,CGS-2021-066-KAE.xml,CGS - Charles Snow Projects,METTRP - Methow Smolt Trap at McFarland Creek Road Bridge,5/2/2021,METHR - Methow River,5/3/2021,A,Pacific Lamprey,"10MM TAG, AMMOCOETE",127,1
3D9.1A4FA104B0,CGS-2021-066-KAE.xml,CGS - Charles Snow Projects,METTRP - Methow Smolt Trap at McFarland Creek Road Bridge,5/2/2021,METHR - Methow River,5/3/2021,A,Pacific Lamprey,"10MM TAG, AMMOCOETE",132,1
3D9.1A4FA104B1,CGS-2021-066-KAE.xml,CGS - Charles Snow Projects,METTRP - Methow Smolt Trap at McFarland Creek Road Bridge,5/2/2021,METHR - Methow River,5/3/2021,A,Pacific Lamprey,"10MM TAG, AMMOCOETE",133,1
3D9.1A4FA104B2,CGS-2021-066-KAE.xml,CGS - Charles Snow Projects,METTRP - Methow Smolt Trap at McFarland Creek Road Bridge,5/2/2021,METHR - Methow River,5/3/2021,A,Pacific Lamprey,"10MM TAG, AMMOCOETE",108,1
3D9.1A4FA104B3,CGS-2021-066-KAE.xml,CGS - Charles Snow Projects,METTRP - Methow Smolt Trap at McFarland Creek Road Bridge,5/2/2021,METHR - Methow River,5/3/2021,A,Pacific Lamprey,"10MM TAG, AMMOCOETE",113,1
3D9.1A4FA104B4,CGS-2021-066-KAE.xml,CGS - Charles Snow Projects,METTRP - Methow Smolt Trap at McFarland Creek Road Bridge,5/2/2021,METHR - Methow River,5/3/2021,A,Pacific Lamprey,"10MM TAG, AMMOCOETE",125,1
3D9.1A4FA104B5,CGS-2021-066-KAE.xml,CGS - Charles Snow Projects,METTRP - Methow Smolt Trap at McFarland Creek Road Bridge,5/2/2021,METHR - Methow River,5/3/2021,A,Pacific Lamprey,"10MM TAG, AMMOCOETE",127,1
3D9.1A4FA104B6,CGS-2021-066-KAE.xml,CGS - Charles Snow Projects,METTRP - Methow Smolt Trap at McFarland Creek Road Bridge,5/2/2021,METHR - Methow River,5/3/2021,A,Pacific Lamprey,"10MM TAG, AMMOCOETE",137,1
3D9.1A4FA104B7,CGS-2021-066-KAE.xml,CGS - Charles Snow Projects,METTRP - Methow Smolt Trap at McFarland Creek Road Bridge,5/2/2021,METHR - Methow River,5/3/2021,A,Pacific Lamprey,"10MM TAG, AMMOCOETE",108,1
3D9.1A4FA104B8,CGS-2021-066-KAE.xml,CGS - Charles Snow Projects,METTRP - Methow Smolt Trap at McFarland Creek Road Bridge,5/2/2021,METHR - Methow River,5/3/2021,A,Pacific Lamprey,"10MM TAG, AMMOCOETE",129,1
3D9.1A4FA104BA,CGS-2021-066-KAE.xml,CGS - Charles Snow Projects,METTRP - Methow Smolt Trap at McFarland Creek Road Bridge,5/2/2021,METHR - Methow River,5/3/2021,A,Pacific Lamprey,"10MM TAG, AMMOCOETE",117,1
3D9.1A4FA104BB,CGS-2021-066-KAE.xml,CGS - Charles Snow Projects,METTRP - Methow Smolt Trap at McFarland Creek Road Bridge,5/2/2021,METHR - Methow River,5/3/2021,A,Pacific Lamprey,"10MM TAG, AMMOCOETE",129,1
3D9.1A4FA104BC,CGS-2021-066-KAE.xml,CGS - Charles Snow Projects,METTRP - Methow Smolt Trap at McFarland Creek Road Bridge,5/4/2021,METTRP - Methow Smolt Trap at McFarland Creek Road Bridge,5/4/2021,A,Pacific Lamprey,"10MM TAG, AMMOCOETE",101,1
3D9.1A4FA104BD,CGS-2021-066-KAE.xml,CGS - Charles Snow Projects,METTRP - Methow Smolt Trap at McFarland Creek Road Bridge,5/3/2021,METHR - Methow River,5/3/2021,A,Pacific Lamprey,"10MM TAG, AMMOCOETE",105,1
3D9.1A4FA104BE,CGS-2021-066-KAE.xml,CGS - Charles Snow Projects,METTRP - Methow Smolt Trap at McFarland Creek Road Bridge,5/4/2021,METTRP - Methow Smolt Trap at McFarland Creek Road Bridge,5/4/2021,A,Pacific Lamprey,"10MM TAG, AMMOCOETE",124,1
3D9.1A4FA104BF,CGS-2021-066-KAE.xml,CGS - Charles Snow Projects,METTRP - Methow Smolt Trap at McFarland Creek Road Bridge,5/5/2021,METTRP - Methow Smolt Trap at McFarland Creek Road Bridge,5/5/2021,A,Pacific Lamprey,"10MM TAG, AMMOCOETE",102,1
3D9.1A4FA104C0,CGS-2021-066-KAE.xml,CGS - Charles Snow Projects,METTRP - Methow Smolt Trap at McFarland Creek Road Bridge,5/5/2021,METTRP - Methow Smolt Trap at McFarland Creek Road Bridge,5/5/2021,A,Pacific Lamprey,"10MM TAG, AMMOCOETE",131,1
3D9.1A4FA104C1,CGS-2021-066-KAE.xml,CGS - Charles Snow Projects,METTRP - Methow Smolt Trap at McFarland Creek Road Bridge,5/3/2021,METHR - Methow River,5/3/2021,A,Pacific Lamprey,"10MM TAG, AMMOCOETE",117,1
3D9.1A4FA104C2,CGS-2021-066-KAE.xml,CGS - Charles Snow Projects,METTRP - Methow Smolt Trap at McFarland Creek Road Bridge,5/3/2021,METHR - Methow River,5/3/2021,A,Pacific Lamprey,"10MM TAG, AMMOCOETE",134,1
3D9.1A4FA104C3,CGS-2021-066-KAE.xml,CGS - Charles Snow Projects,METTRP - Methow Smolt Trap at McFarland Creek Road Bridge,5/4/2021,METTRP - Methow Smolt Trap at McFarland Creek Road Bridge,5/4/2021,A,Pacific Lamprey,"10MM TAG, AMMOCOETE",119,1
3D9.1A4FA104C4,CGS-2021-066-KAE.xml,CGS - Charles Snow Projects,METTRP - Methow Smolt Trap at McFarland Creek Road Bridge,5/4/2021,METTRP - Methow Smolt Trap at McFarland Creek Road Bridge,5/4/2021,A,Pacific Lamprey,"10MM TAG, AMMOCOETE",109,1
3D9.1A4FA104C5,CGS-2021-066-KAE.xml,CGS - Charles Snow Projects,METTRP - Methow Smolt Trap at McFarland Creek Road Bridge,5/5/2021,METTRP - Methow Smolt Trap at McFarland Creek Road Bridge,5/5/2021,A,Pacific Lamprey,"10MM TAG, AMMOCOETE",100,1
3D9.1A4FA104C6,CGS-2021-066-KAE.xml,CGS - Charles Snow Projects,METTRP - Methow Smolt Trap at McFarland Creek Road Bridge,5/5/2021,METTRP - Methow Smolt Trap at McFarland Creek Road Bridge,5/5/2021,A,Pacific Lamprey,"10MM TAG, AMMOCOETE",122,1
3D9.1A4FA104C7,CGS-2021-066-KAE.xml,CGS - Charles Snow Projects,METTRP - Methow Smolt Trap at McFarland Creek Road Bridge,5/5/2021,METTRP - Methow Smolt Trap at McFarland Creek Road Bridge,5/5/2021,A,Pacific Lamprey,"10MM TAG, AMMOCOETE",84,1
3D9.1A4FA104C8,CGS-2021-066-KAE.xml,CGS - Charles Snow Projects,METTRP - Methow Smolt Trap at McFarland Creek Road Bridge,5/4/2021,METTRP - Methow Smolt Trap at McFarland Creek Road Bridge,5/4/2021,A,Pacific Lamprey,"10MM TAG, AMMOCOETE",99,1
3D9.1A4FA104C9,CGS-2021-066-KAE.xml,CGS - Charles Snow Projects,METTRP - Methow Smolt Trap at McFarland Creek Road Bridge,5/4/2021,METTRP - Methow Smolt Trap at McFarland Creek Road Bridge,5/4/2021,A,Pacific Lamprey,"10MM TAG, AMMOCOETE",120,1
3D9.1A4FA104CA,CGS-2021-066-KAE.xml,CGS - Charles Snow Projects,METTRP - Methow Smolt Trap at McFarland Creek Road Bridge,5/3/2021,METHR - Methow River,5/3/2021,A,Pacific Lamprey,"10MM TAG, AMMOCOETE",118,1
3D9.1A4FA104CB,CGS-2021-066-KAE.xml,CGS - Charles Snow Projects,METTRP - Methow Smolt Trap at McFarland Creek Road Bridge,5/4/2021,METTRP - Methow Smolt Trap at McFarland Creek Road Bridge,5/4/2021,A,Pacific Lamprey,"10MM TAG, AMMOCOETE",107,1
3D9.1A4FA104CC,CGS-2021-066-KAE.xml,CGS - Charles Snow Projects,METTRP - Methow Smolt Trap at McFarland Creek Road Bridge,5/4/2021,METTRP - Methow Smolt Trap at McFarland Creek Road Bridge,5/4/2021,A,Pacific Lamprey,"10MM TAG, AMMOCOETE",113,1
3D9.1A4FA104CD,CGS-2021-066-KAE.xml,CGS - Charles Snow Projects,METTRP - Methow Smolt Trap at McFarland Creek Road Bridge,5/4/2021,METTRP - Methow Smolt Trap at McFarland Creek Road Bridge,5/4/2021,A,Pacific Lamprey,"10MM TAG, AMMOCOETE",96,1
3D9.1A4FA104CE,CGS-2021-066-KAE.xml,CGS - Charles Snow Projects,METTRP - Methow Smolt Trap at McFarland Creek Road Bridge,5/3/2021,METHR - Methow River,5/3/2021,A,Pacific Lamprey,"10MM TAG, AMMOCOETE",138,1
3D9.1A4FA104CF,CGS-2021-066-KAE.xml,CGS - Charles Snow Projects,METTRP - Methow Smolt Trap at McFarland Creek Road Bridge,5/5/2021,METTRP - Methow Smolt Trap at McFarland Creek Road Bridge,5/5/2021,A,Pacific Lamprey,"10MM TAG, AMMOCOETE",115,1
3D9.1A4FA104D0,CGS-2021-066-KAE.xml,CGS - Charles Snow Projects,METTRP - Methow Smolt Trap at McFarland Creek Road Bridge,5/3/2021,METHR - Methow River,5/3/2021,A,Pacific Lamprey,"10MM TAG, AMMOCOETE",113,1
3D9.1A4FA104D1,CGS-2021-066-KAE.xml,CGS - Charles Snow Projects,METTRP - Methow Smolt Trap at McFarland Creek Road Bridge,5/4/2021,METTRP - Methow Smolt Trap at McFarland Creek Road Bridge,5/4/2021,A,Pacific Lamprey,"10MM TAG, AMMOCOETE",111,1
3D9.1A4FA104D2,CGS-2021-066-KAE.xml,CGS - Charles Snow Projects,METTRP - Methow Smolt Trap at McFarland Creek Road Bridge,5/3/2021,METHR - Methow River,5/3/2021,A,Pacific Lamprey,"10MM TAG, AMMOCOETE",115,1
3D9.1A4FA104D3,CGS-2021-066-KAE.xml,CGS - Charles Snow Projects,METTRP - Methow Smolt Trap at McFarland Creek Road Bridge,5/4/2021,METTRP - Methow Smolt Trap at McFarland Creek Road Bridge,5/4/2021,A,Pacific Lamprey,"10MM TAG, AMMOCOETE",123,1
3D9.1A4FA104D4,CGS-2021-066-KAE.xml,CGS - Charles Snow Projects,METTRP - Methow Smolt Trap at McFarland Creek Road Bridge,5/3/2021,METHR - Methow River,5/3/2021,A,Pacific Lamprey,"10MM TAG, AMMOCOETE",123,1
3D9.1A4FA104D5,CGS-2021-066-KAE.xml,CGS - Charles Snow Projects,METTRP - Methow Smolt Trap at McFarland Creek Road Bridge,5/4/2021,METTRP - Methow Smolt Trap at McFarland Creek Road Bridge,5/4/2021,A,Pacific Lamprey,"10MM TAG, AMMOCOETE",100,1
3D9.1A4FA104D6,CGS-2021-066-KAE.xml,CGS - Charles Snow Projects,METTRP - Methow Smolt Trap at McFarland Creek Road Bridge,5/3/2021,METHR - Methow River,5/3/2021,A,Pacific Lamprey,"10MM TAG, AMMOCOETE",134,1
3D9.1A4FA104D7,CGS-2021-066-KAE.xml,CGS - Charles Snow Projects,METTRP - Methow Smolt Trap at McFarland Creek Road Bridge,5/4/2021,METTRP - Methow Smolt Trap at McFarland Creek Road Bridge,5/4/2021,A,Pacific Lamprey,"10MM TAG, AMMOCOETE",121,1
3D9.1A4FA104D8,CGS-2021-066-KAE.xml,CGS - Charles Snow Projects,METTRP - Methow Smolt Trap at McFarland Creek Road Bridge,5/4/2021,METTRP - Methow Smolt Trap at McFarland Creek Road Bridge,5/4/2021,A,Pacific Lamprey,"10MM TAG, AMMOCOETE",126,1
3D9.1A4FA104D9,CGS-2021-066-KAE.xml,CGS - Charles Snow Projects,METTRP - Methow Smolt Trap at McFarland Creek Road Bridge,5/5/2021,METTRP - Methow Smolt Trap at McFarland Creek Road Bridge,5/5/2021,A,Pacific Lamprey,"10MM TAG, AMMOCOETE",88,1
3D9.1A4FA104DA,CGS-2021-066-KAE.xml,CGS - Charles Snow Projects,METTRP - Methow Smolt Trap at McFarland Creek Road Bridge,5/4/2021,METTRP - Methow Smolt Trap at McFarland Creek Road Bridge,5/4/2021,A,Pacific Lamprey,"10MM TAG, AMMOCOETE",106,1
3D9.1A4FA104DB,CGS-2021-066-KAE.xml,CGS - Charles Snow Projects,METTRP - Methow Smolt Trap at McFarland Creek Road Bridge,5/4/2021,METTRP - Methow Smolt Trap at McFarland Creek Road Bridge,5/4/2021,A,Pacific Lamprey,"10MM TAG, AMMOCOETE",124,1
3D9.1A4FA104DC,CGS-2021-066-KAE.xml,CGS - Charles Snow Projects,METTRP - Methow Smolt Trap at McFarland Creek Road Bridge,5/4/2021,METTRP - Methow Smolt Trap at McFarland Creek Road Bridge,5/4/2021,A,Pacific Lamprey,"10MM TAG, AMMOCOETE",132,1
3D9.1A4FA104DD,CGS-2021-066-KAE.xml,CGS - Charles Snow Projects,METTRP - Methow Smolt Trap at McFarland Creek Road Bridge,5/3/2021,METHR - Methow River,5/3/2021,A,Pacific Lamprey,"10MM TAG, AMMOCOETE",109,1
3D9.1A4FA104DF,CGS-2021-066-KAE.xml,CGS - Charles Snow Projects,METTRP - Methow Smolt Trap at McFarland Creek Road Bridge,5/3/2021,METHR - Methow River,5/3/2021,A,Pacific Lamprey,"10MM TAG, AMMOCOETE",88,1
3D9.1A4FA104E0,CGS-2021-066-KAE.xml,CGS - Charles Snow Projects,METTRP - Methow Smolt Trap at McFarland Creek Road Bridge,5/3/2021,METHR - Methow River,5/3/2021,A,Pacific Lamprey,"10MM TAG, AMMOCOETE",99,1
3D9.1A4FA104E1,CGS-2021-066-KAE.xml,CGS - Charles Snow Projects,METTRP - Methow Smolt Trap at McFarland Creek Road Bridge,5/3/2021,METHR - Methow River,5/3/2021,A,Pacific Lamprey,"10MM TAG, AMMOCOETE",123,1
3D9.1A4FA104E2,CGS-2021-066-KAE.xml,CGS - Charles Snow Projects,METTRP - Methow Smolt Trap at McFarland Creek Road Bridge,5/3/2021,METHR - Methow River,5/3/2021,A,Pacific Lamprey,"10MM TAG, AMMOCOETE",114,1
3D9.1A4FA104E3,CGS-2021-066-KAE.xml,CGS - Charles Snow Projects,METTRP - Methow Smolt Trap at McFarland Creek Road Bridge,5/5/2021,METTRP - Methow Smolt Trap at McFarland Creek Road Bridge,5/5/2021,A,Pacific Lamprey,"10MM TAG, AMMOCOETE",123,1
3D9.1A4FA104E4,CGS-2021-066-KAE.xml,CGS - Charles Snow Projects,METTRP - Methow Smolt Trap at McFarland Creek Road Bridge,5/3/2021,METHR - Methow River,5/3/2021,A,Pacific Lamprey,"10MM TAG, AMMOCOETE",132,1
3D9.1A4FA104E5,CGS-2021-066-KAE.xml,CGS - Charles Snow Projects,METTRP - Methow Smolt Trap at McFarland Creek Road Bridge,5/3/2021,METHR - Methow River,5/3/2021,A,Pacific Lamprey,"10MM TAG, AMMOCOETE",127,1
3D9.1A4FA104E6,CGS-2021-066-KAE.xml,CGS - Charles Snow Projects,METTRP - Methow Smolt Trap at McFarland Creek Road Bridge,5/4/2021,METTRP - Methow Smolt Trap at McFarland Creek Road Bridge,5/4/2021,A,Pacific Lamprey,"10MM TAG, AMMOCOETE",114,1
3D9.1A4FA104E7,CGS-2021-066-KAE.xml,CGS - Charles Snow Projects,METTRP - Methow Smolt Trap at McFarland Creek Road Bridge,5/5/2021,METTRP - Methow Smolt Trap at McFarland Creek Road Bridge,5/5/2021,A,Pacific Lamprey,"10MM TAG, AMMOCOETE",130,1
3D9.1A4FA104E8,CGS-2021-066-KAE.xml,CGS - Charles Snow Projects,METTRP - Methow Smolt Trap at McFarland Creek Road Bridge,5/3/2021,METHR - Methow River,5/3/2021,A,Pacific Lamprey,"10MM TAG, AMMOCOETE",132,1
3D9.1A4FA104E9,CGS-2021-066-KAE.xml,CGS - Charles Snow Projects,METTRP - Methow Smolt Trap at McFarland Creek Road Bridge,5/4/2021,METTRP - Methow Smolt Trap at McFarland Creek Road Bridge,5/4/2021,A,Pacific Lamprey,"10MM TAG, AMMOCOETE",124,1
3D9.1A4FA104EA,CGS-2021-066-KAE.xml,CGS - Charles Snow Projects,METTRP - Methow Smolt Trap at McFarland Creek Road Bridge,5/5/2021,METTRP - Methow Smolt Trap at McFarland Creek Road Bridge,5/5/2021,A,Pacific Lamprey,"10MM TAG, AMMOCOETE",106,1
3D9.1A4FA104EB,CGS-2021-066-KAE.xml,CGS - Charles Snow Projects,METTRP - Methow Smolt Trap at McFarland Creek Road Bridge,5/4/2021,METTRP - Methow Smolt Trap at McFarland Creek Road Bridge,5/4/2021,A,Pacific Lamprey,"10MM TAG, AMMOCOETE",113,1
3D9.1A4FA104EC,CGS-2021-066-KAE.xml,CGS - Charles Snow Projects,METTRP - Methow Smolt Trap at McFarland Creek Road Bridge,5/4/2021,METTRP - Methow Smolt Trap at McFarland Creek Road Bridge,5/4/2021,A,Pacific Lamprey,"10MM TAG, AMMOCOETE",94,1
3D9.1A4FA104ED,CGS-2021-066-KAE.xml,CGS - Charles Snow Projects,METTRP - Methow Smolt Trap at McFarland Creek Road Bridge,5/5/2021,METTRP - Methow Smolt Trap at McFarland Creek Road Bridge,5/5/2021,A,Pacific Lamprey,"10MM TAG, AMMOCOETE",92,1
3D9.1A4FA104EE,CGS-2021-066-KAE.xml,CGS - Charles Snow Projects,METTRP - Methow Smolt Trap at McFarland Creek Road Bridge,5/4/2021,METTRP - Methow Smolt Trap at McFarland Creek Road Bridge,5/4/2021,A,Pacific Lamprey,"10MM TAG, AMMOCOETE",130,1
3D9.1A4FA104EF,CGS-2021-066-KAE.xml,CGS - Charles Snow Projects,METTRP - Methow Smolt Trap at McFarland Creek Road Bridge,5/4/2021,METTRP - Methow Smolt Trap at McFarland Creek Road Bridge,5/4/2021,A,Pacific Lamprey,"10MM TAG, AMMOCOETE",125,1
3D9.1A4FA104F0,CGS-2021-066-KAE.xml,CGS - Charles Snow Projects,METTRP - Methow Smolt Trap at McFarland Creek Road Bridge,5/5/2021,METTRP - Methow Smolt Trap at McFarland Creek Road Bridge,5/5/2021,A,Pacific Lamprey,"10MM TAG, AMMOCOETE",123,1
3D9.1A4FA104F1,CGS-2021-066-KAE.xml,CGS - Charles Snow Projects,METTRP - Methow Smolt Trap at McFarland Creek Road Bridge,5/3/2021,METHR - Methow River,5/3/2021,A,Pacific Lamprey,"10MM TAG, AMMOCOETE",124,1
3D9.1A4FA104F2,CGS-2021-066-KAE.xml,CGS - Charles Snow Projects,METTRP - Methow Smolt Trap at McFarland Creek Road Bridge,5/3/2021,METHR - Methow River,5/3/2021,A,Pacific Lamprey,"10MM TAG, AMMOCOETE",131,1
3D9.1A4FA104F3,CGS-2021-066-KAE.xml,CGS - Charles Snow Projects,METTRP - Methow Smolt Trap at McFarland Creek Road Bridge,5/4/2021,METTRP - Methow Smolt Trap at McFarland Creek Road Bridge,5/4/2021,A,Pacific Lamprey,"10MM TAG, AMMOCOETE",92,1
3D9.1A4FA104F4,CGS-2021-066-KAE.xml,CGS - Charles Snow Projects,METTRP - Methow Smolt Trap at McFarland Creek Road Bridge,5/3/2021,METHR - Methow River,5/3/2021,A,Pacific Lamprey,"10MM TAG, AMMOCOETE",92,1
3D9.1A4FA104F5,CGS-2021-066-KAE.xml,CGS - Charles Snow Projects,METTRP - Methow Smolt Trap at McFarland Creek Road Bridge,5/5/2021,METTRP - Methow Smolt Trap at McFarland Creek Road Bridge,5/5/2021,A,Pacific Lamprey,"10MM TAG, AMMOCOETE",99,1
3D9.1A4FA104F6,CGS-2021-066-KAE.xml,CGS - Charles Snow Projects,METTRP - Methow Smolt Trap at McFarland Creek Road Bridge,5/3/2021,METHR - Methow River,5/3/2021,A,Pacific Lamprey,"10MM TAG, AMMOCOETE",131,1
3D9.1A4FA104F7,CGS-2021-066-KAE.xml,CGS - Charles Snow Projects,METTRP - Methow Smolt Trap at McFarland Creek Road Bridge,5/3/2021,METHR - Methow River,5/3/2021,A,Pacific Lamprey,"10MM TAG, AMMOCOETE",133,1
3D9.1A4FA104F8,CGS-2021-066-KAE.xml,CGS - Charles Snow Projects,METTRP - Methow Smolt Trap at McFarland Creek Road Bridge,5/4/2021,METTRP - Methow Smolt Trap at McFarland Creek Road Bridge,5/4/2021,A,Pacific Lamprey,"10MM TAG, AMMOCOETE",99,1
3D9.1A4FA104F9,CGS-2021-066-KAE.xml,CGS - Charles Snow Projects,METTRP - Methow Smolt Trap at McFarland Creek Road Bridge,5/3/2021,METHR - Methow River,5/3/2021,A,Pacific Lamprey,"10MM TAG, AMMOCOETE",93,1
3D9.1A4FA104FA,CGS-2021-066-KAE.xml,CGS - Charles Snow Projects,METTRP - Methow Smolt Trap at McFarland Creek Road Bridge,5/4/2021,METTRP - Methow Smolt Trap at McFarland Creek Road Bridge,5/4/2021,A,Pacific Lamprey,"10MM TAG, AMMOCOETE",115,1
3D9.1A4FA104FB,CGS-2021-066-KAE.xml,CGS - Charles Snow Projects,METTRP - Methow Smolt Trap at McFarland Creek Road Bridge,5/4/2021,METTRP - Methow Smolt Trap at McFarland Creek Road Bridge,5/4/2021,A,Pacific Lamprey,"10MM TAG, AMMOCOETE",85,1
3D9.1A4FA104FC,CGS-2021-066-KAE.xml,CGS - Charles Snow Projects,METTRP - Methow Smolt Trap at McFarland Creek Road Bridge,5/6/2021,METTRP - Methow Smolt Trap at McFarland Creek Road Bridge,5/6/2021,A,Pacific Lamprey,"10MM TAG, AMMOCOETE",101,1
3D9.1A4FA104FD,CGS-2021-066-KAE.xml,CGS - Charles Snow Projects,METTRP - Methow Smolt Trap at McFarland Creek Road Bridge,5/3/2021,METHR - Methow River,5/3/2021,A,Pacific Lamprey,"10MM TAG, AMMOCOETE",112,1
3D9.1A4FA104FE,CGS-2021-066-KAE.xml,CGS - Charles Snow Projects,METTRP - Methow Smolt Trap at McFarland Creek Road Bridge,5/4/2021,METTRP - Methow Smolt Trap at McFarland Creek Road Bridge,5/4/2021,A,Pacific Lamprey,"10MM TAG, AMMOCOETE",124,1
3D9.1A4FA104FF,CGS-2021-066-KAE.xml,CGS - Charles Snow Projects,METTRP - Methow Smolt Trap at McFarland Creek Road Bridge,5/3/2021,METHR - Methow River,5/3/2021,A,Pacific Lamprey,"10MM TAG, AMMOCOETE",101,1
3D9.1A4FA10500,CGS-2021-066-KAE.xml,CGS - Charles Snow Projects,METTRP - Methow Smolt Trap at McFarland Creek Road Bridge,5/4/2021,METTRP - Methow Smolt Trap at McFarland Creek Road Bridge,5/4/2021,A,Pacific Lamprey,"10MM TAG, AMMOCOETE",106,1
3D9.1A4FA10501,CGS-2021-066-KAE.xml,CGS - Charles Snow Projects,METTRP - Methow Smolt Trap at McFarland Creek Road Bridge,5/3/2021,METHR - Methow River,5/3/2021,A,Pacific Lamprey,"10MM TAG, AMMOCOETE",85,1
3D9.1A4FA10502,CGS-2021-066-KAE.xml,CGS - Charles Snow Projects,METTRP - Methow Smolt Trap at McFarland Creek Road Bridge,5/5/2021,METTRP - Methow Smolt Trap at McFarland Creek Road Bridge,5/5/2021,A,Pacific Lamprey,"10MM TAG, AMMOCOETE",123,1
3D9.1A4FA10503,CGS-2021-066-KAE.xml,CGS - Charles Snow Projects,METTRP - Methow Smolt Trap at McFarland Creek Road Bridge,5/3/2021,METHR - Methow River,5/3/2021,A,Pacific Lamprey,"10MM TAG, AMMOCOETE",108,1
3D9.1A4FA10504,CGS-2021-066-KAE.xml,CGS - Charles Snow Projects,METTRP - Methow Smolt Trap at McFarland Creek Road Bridge,5/3/2021,METHR - Methow River,5/3/2021,A,Pacific Lamprey,"10MM TAG, AMMOCOETE",110,1
3D9.1A4FA10505,CGS-2021-066-KAE.xml,CGS - Charles Snow Projects,METTRP - Methow Smolt Trap at McFarland Creek Road Bridge,5/5/2021,METTRP - Methow Smolt Trap at McFarland Creek Road Bridge,5/5/2021,A,Pacific Lamprey,"10MM TAG, AMMOCOETE",78,1
3D9.1A4FA10506,CGS-2021-066-KAE.xml,CGS - Charles Snow Projects,METTRP - Methow Smolt Trap at McFarland Creek Road Bridge,5/4/2021,METTRP - Methow Smolt Trap at McFarland Creek Road Bridge,5/4/2021,A,Pacific Lamprey,"10MM TAG, AMMOCOETE",126,1
3D9.1A4FA10507,CGS-2021-066-KAE.xml,CGS - Charles Snow Projects,METTRP - Methow Smolt Trap at McFarland Creek Road Bridge,5/5/2021,METTRP - Methow Smolt Trap at McFarland Creek Road Bridge,5/5/2021,A,Pacific Lamprey,"10MM TAG, AMMOCOETE",115,1
3D9.1A4FA10508,CGS-2021-066-KAE.xml,CGS - Charles Snow Projects,METTRP - Methow Smolt Trap at McFarland Creek Road Bridge,5/3/2021,METHR - Methow River,5/3/2021,A,Pacific Lamprey,"10MM TAG, AMMOCOETE",102,1
3D9.1A4FA10509,CGS-2021-066-KAE.xml,CGS - Charles Snow Projects,METTRP - Methow Smolt Trap at McFarland Creek Road Bridge,5/3/2021,METHR - Methow River,5/3/2021,A,Pacific Lamprey,"10MM TAG, AMMOCOETE",132,1
3D9.1A4FA1050A,CGS-2021-066-KAE.xml,CGS - Charles Snow Projects,METTRP - Methow Smolt Trap at McFarland Creek Road Bridge,5/3/2021,METHR - Methow River,5/3/2021,A,Pacific Lamprey,"10MM TAG, AMMOCOETE",127,1
3D9.1A4FA1050B,CGS-2021-066-KAE.xml,CGS - Charles Snow Projects,METTRP - Methow Smolt Trap at McFarland Creek Road Bridge,5/5/2021,METTRP - Methow Smolt Trap at McFarland Creek Road Bridge,5/5/2021,A,Pacific Lamprey,"10MM TAG, AMMOCOETE",86,1
3D9.1A4FA1050C,CGS-2021-066-KAE.xml,CGS - Charles Snow Projects,METTRP - Methow Smolt Trap at McFarland Creek Road Bridge,5/3/2021,METHR - Methow River,5/3/2021,A,Pacific Lamprey,"10MM TAG, AMMOCOETE",120,1
3D9.1A4FA1050D,CGS-2021-066-KAE.xml,CGS - Charles Snow Projects,METTRP - Methow Smolt Trap at McFarland Creek Road Bridge,5/4/2021,METTRP - Methow Smolt Trap at McFarland Creek Road Bridge,5/4/2021,A,Pacific Lamprey,"10MM TAG, AMMOCOETE",131,1
3D9.1A4FA1050E,CGS-2021-066-KAE.xml,CGS - Charles Snow Projects,METTRP - Methow Smolt Trap at McFarland Creek Road Bridge,5/4/2021,METTRP - Methow Smolt Trap at McFarland Creek Road Bridge,5/4/2021,A,Pacific Lamprey,"10MM TAG, AMMOCOETE",128,1
3D9.1A4FA1050F,CGS-2021-066-KAE.xml,CGS - Charles Snow Projects,METTRP - Methow Smolt Trap at McFarland Creek Road Bridge,5/3/2021,METHR - Methow River,5/3/2021,A,Pacific Lamprey,"10MM TAG, AMMOCOETE",118,1
3D9.1A4FA10510,CGS-2021-066-KAE.xml,CGS - Charles Snow Projects,METTRP - Methow Smolt Trap at McFarland Creek Road Bridge,5/3/2021,METHR - Methow River,5/3/2021,A,Pacific Lamprey,"10MM TAG, AMMOCOETE",111,1
3D9.1A4FA10511,CGS-2021-066-KAE.xml,CGS - Charles Snow Projects,METTRP - Methow Smolt Trap at McFarland Creek Road Bridge,5/3/2021,METHR - Methow River,5/3/2021,A,Pacific Lamprey,"10MM TAG, AMMOCOETE",130,1
3D9.1A4FA10512,CGS-2021-066-KAE.xml,CGS - Charles Snow Projects,METTRP - Methow Smolt Trap at McFarland Creek Road Bridge,5/5/2021,METTRP - Methow Smolt Trap at McFarland Creek Road Bridge,5/5/2021,A,Pacific Lamprey,"10MM TAG, AMMOCOETE",90,1
3D9.1A4FA10513,CGS-2021-066-KAE.xml,CGS - Charles Snow Projects,METTRP - Methow Smolt Trap at McFarland Creek Road Bridge,5/3/2021,METHR - Methow River,5/3/2021,A,Pacific Lamprey,"10MM TAG, AMMOCOETE",129,1
3D9.1A4FA10514,CGS-2021-066-KAE.xml,CGS - Charles Snow Projects,METTRP - Methow Smolt Trap at McFarland Creek Road Bridge,5/5/2021,METTRP - Methow Smolt Trap at McFarland Creek Road Bridge,5/5/2021,A,Pacific Lamprey,"10MM TAG, AMMOCOETE",128,1
3D9.1A4FA10515,CGS-2021-066-KAE.xml,CGS - Charles Snow Projects,METTRP - Methow Smolt Trap at McFarland Creek Road Bridge,5/5/2021,METTRP - Methow Smolt Trap at McFarland Creek Road Bridge,5/5/2021,A,Pacific Lamprey,"10MM TAG, AMMOCOETE",125,1
3D9.1A4FA10516,CGS-2021-066-KAE.xml,CGS - Charles Snow Projects,METTRP - Methow Smolt Trap at McFarland Creek Road Bridge,5/3/2021,METHR - Methow River,5/3/2021,A,Pacific Lamprey,"10MM TAG, AMMOCOETE",113,1
3D9.1A4FA10517,CGS-2021-066-KAE.xml,CGS - Charles Snow Projects,METTRP - Methow Smolt Trap at McFarland Creek Road Bridge,5/3/2021,METHR - Methow River,5/3/2021,A,Pacific Lamprey,"10MM TAG, AMMOCOETE",109,1
3D9.1A4FA10518,CGS-2021-066-KAE.xml,CGS - Charles Snow Projects,METTRP - Methow Smolt Trap at McFarland Creek Road Bridge,5/6/2021,METTRP - Methow Smolt Trap at McFarland Creek Road Bridge,5/6/2021,A,Pacific Lamprey,"10MM TAG, AMMOCOETE",101,1
3D9.1A4FA10519,CGS-2021-066-KAE.xml,CGS - Charles Snow Projects,METTRP - Methow Smolt Trap at McFarland Creek Road Bridge,5/3/2021,METHR - Methow River,5/3/2021,A,Pacific Lamprey,"10MM TAG, AMMOCOETE",124,1
3D9.1A4FA1051A,CGS-2021-066-KAE.xml,CGS - Charles Snow Projects,METTRP - Methow Smolt Trap at McFarland Creek Road Bridge,5/2/2021,METHR - Methow River,5/3/2021,A,Pacific Lamprey,"10MM TAG, AMMOCOETE",100,1
3D9.1A4FA1051B,CGS-2021-066-KAE.xml,CGS - Charles Snow Projects,METTRP - Methow Smolt Trap at McFarland Creek Road Bridge,5/3/2021,METHR - Methow River,5/3/2021,A,Pacific Lamprey,"10MM TAG, AMMOCOETE",110,1
3D9.1A4FA1051C,CGS-2021-066-KAE.xml,CGS - Charles Snow Projects,METTRP - Methow Smolt Trap at McFarland Creek Road Bridge,5/4/2021,METTRP - Methow Smolt Trap at McFarland Creek Road Bridge,5/4/2021,A,Pacific Lamprey,"10MM TAG, AMMOCOETE",105,1
3D9.1A4FA1051D,CGS-2021-066-KAE.xml,CGS - Charles Snow Projects,METTRP - Methow Smolt Trap at McFarland Creek Road Bridge,5/5/2021,METTRP - Methow Smolt Trap at McFarland Creek Road Bridge,5/5/2021,A,Pacific Lamprey,"10MM TAG, AMMOCOETE",123,1
3D9.1A4FA1051E,CGS-2021-066-KAE.xml,CGS - Charles Snow Projects,METTRP - Methow Smolt Trap at McFarland Creek Road Bridge,5/3/2021,METHR - Methow River,5/3/2021,A,Pacific Lamprey,"10MM TAG, AMMOCOETE",107,1
3D9.1A4FA1051F,CGS-2021-066-KAE.xml,CGS - Charles Snow Projects,METTRP - Methow Smolt Trap at McFarland Creek Road Bridge,5/3/2021,METHR - Methow River,5/3/2021,A,Pacific Lamprey,"10MM TAG, AMMOCOETE",125,1
3D9.1A4FA10520,CGS-2021-066-KAE.xml,CGS - Charles Snow Projects,METTRP - Methow Smolt Trap at McFarland Creek Road Bridge,5/10/2021,METHR - Methow River,5/10/2021,A,Pacific Lamprey,"10MM TAG, AMMOCOETE",130,1
3D9.1A4FA10521,CGS-2021-066-KAE.xml,CGS - Charles Snow Projects,METTRP - Methow Smolt Trap at McFarland Creek Road Bridge,5/15/2021,METTRP - Methow Smolt Trap at McFarland Creek Road Bridge,5/15/2021,A,Pacific Lamprey,"10MM TAG, AMMOCOETE",121,1
3D9.1A4FA10522,CGS-2021-066-KAE.xml,CGS - Charles Snow Projects,METTRP - Methow Smolt Trap at McFarland Creek Road Bridge,5/14/2021,METTRP - Methow Smolt Trap at McFarland Creek Road Bridge,5/14/2021,A,Pacific Lamprey,"10MM TAG, AMMOCOETE",113,1
3D9.1A4FA10523,CGS-2022-051-KAE.xml,CGS - Charles Snow Projects,METTRP - Methow Smolt Trap at McFarland Creek Road Bridge,5/27/2022,METTRP - Methow Smolt Trap at McFarland Creek Road Bridge,5/28/2022,A,Pacific Lamprey,"10MM TAG, MACROPHTHALMIA",130,1
3D9.1A4FA10524,CGS-2021-066-KAE.xml,CGS - Charles Snow Projects,METTRP - Methow Smolt Trap at McFarland Creek Road Bridge,5/14/2021,METTRP - Methow Smolt Trap at McFarland Creek Road Bridge,5/14/2021,A,Pacific Lamprey,"10MM TAG, AMMOCOETE",116,1
3D9.1A4FA10525,CGS-2021-066-KAE.xml,CGS - Charles Snow Projects,METTRP - Methow Smolt Trap at McFarland Creek Road Bridge,5/16/2021,METTRP - Methow Smolt Trap at McFarland Creek Road Bridge,5/16/2021,A,Pacific Lamprey,"10MM TAG, AMMOCOETE",116,1
3D9.1A4FA10526,CGS-2021-066-KAE.xml,CGS - Charles Snow Projects,METTRP - Methow Smolt Trap at McFarland Creek Road Bridge,5/10/2021,METHR - Methow River,5/10/2021,A,Pacific Lamprey,"10MM TAG, AMMOCOETE",126,1
3D9.1A4FA10527,CGS-2023-084-KAE.xml,CGS - Charles Snow Projects,METTRP - Methow Smolt Trap at McFarland Creek Road Bridge,4/13/2023,METHR - Methow River,4/13/2023,A,Pacific Lamprey,"10MM TAG, AMMOCOETE",135,1
3D9.1A4FA10528,CGS-2022-051-KAE.xml,CGS - Charles Snow Projects,METTRP - Methow Smolt Trap at McFarland Creek Road Bridge,5/28/2022,METTRP - Methow Smolt Trap at McFarland Creek Road Bridge,5/29/2022,A,Pacific Lamprey,"10MM TAG, MACROPHTHALMIA",134,1
3D9.1A4FA10529,CGS-2021-066-KAE.xml,CGS - Charles Snow Projects,METTRP - Methow Smolt Trap at McFarland Creek Road Bridge,5/15/2021,METTRP - Methow Smolt Trap at McFarland Creek Road Bridge,5/15/2021,A,Pacific Lamprey,"10MM TAG, AMMOCOETE",131,1
3D9.1A4FA1052A,CGS-2021-066-KAE.xml,CGS - Charles Snow Projects,METTRP - Methow Smolt Trap at McFarland Creek Road Bridge,5/14/2021,METTRP - Methow Smolt Trap at McFarland Creek Road Bridge,5/14/2021,A,Pacific Lamprey,"10MM TAG, AMMOCOETE",130,1
3D9.1A4FA1052B,CGS-2023-084-KAE.xml,CGS - Charles Snow Projects,METTRP - Methow Smolt Trap at McFarland Creek Road Bridge,4/10/2023,METHR - Methow River,4/13/2023,A,Pacific Lamprey,"10MM TAG, AMMOCOETE, LIKELY SHED TAG PRIOR TO RELEASE?",130,1
3D9.1A4FA1052C,CGS-2021-066-KAE.xml,CGS - Charles Snow Projects,METTRP - Methow Smolt Trap at McFarland Creek Road Bridge,5/10/2021,METHR - Methow River,5/10/2021,A,Pacific Lamprey,"10MM TAG, AMMOCOETE",100,1
3D9.1A4FA1052D,CGS-2021-066-KAE.xml,CGS - Charles Snow Projects,METTRP - Methow Smolt Trap at McFarland Creek Road Bridge,5/10/2021,METHR - Methow River,5/10/2021,A,Pacific Lamprey,"10MM TAG, AMMOCOETE",117,1
3D9.1A4FA1052E,CGS-2022-051-KAE.xml,CGS - Charles Snow Projects,METTRP - Methow Smolt Trap at McFarland Creek Road Bridge,5/28/2022,METTRP - Methow Smolt Trap at McFarland Creek Road Bridge,5/28/2022,A,Pacific Lamprey,"10MM TAG, MACROPHTHALMIA",130,1
3D9.1A4FA1052F,CGS-2021-066-KAE.xml,CGS - Charles Snow Projects,METTRP - Methow Smolt Trap at McFarland Creek Road Bridge,5/10/2021,METHR - Methow River,5/10/2021,A,Pacific Lamprey,"10MM TAG, AMMOCOETE",122,1
3D9.1A4FA10530,CGS-2021-066-KAE.xml,CGS - Charles Snow Projects,METTRP - Methow Smolt Trap at McFarland Creek Road Bridge,5/16/2021,METTRP - Methow Smolt Trap at McFarland Creek Road Bridge,5/16/2021,A,Pacific Lamprey,"10MM TAG, AMMOCOETE",113,1
3D9.1A4FA10531,CGS-2021-066-KAE.xml,CGS - Charles Snow Projects,METTRP - Methow Smolt Trap at McFarland Creek Road Bridge,5/16/2021,METTRP - Methow Smolt Trap at McFarland Creek Road Bridge,5/16/2021,A,Pacific Lamprey,"10MM TAG, AMMOCOETE",120,1
3D9.1A4FA10532,CGS-2021-066-KAE.xml,CGS - Charles Snow Projects,METTRP - Methow Smolt Trap at McFarland Creek Road Bridge,5/17/2021,METTRP - Methow Smolt Trap at McFarland Creek Road Bridge,5/17/2021,A,Pacific Lamprey,"10MM TAG, AMMOCOETE",128,1
3D9.1A4FA10533,CGS-2022-051-KAE.xml,CGS - Charles Snow Projects,METTRP - Methow Smolt Trap at McFarland Creek Road Bridge,6/2/2022,METTRP - Methow Smolt Trap at McFarland Creek Road Bridge,6/3/2022,A,Pacific Lamprey,"10MM TAG, MACROPHTHALMIA",133,1
3D9.1A4FA10535,CGS-2021-066-KAE.xml,CGS - Charles Snow Projects,METTRP - Methow Smolt Trap at McFarland Creek Road Bridge,5/12/2021,METTRP - Methow Smolt Trap at McFarland Creek Road Bridge,5/12/2021,A,Pacific Lamprey,"10MM TAG, AMMOCOETE",134,1
3D9.1A4FA10536,CGS-2023-084-KAE.xml,CGS - Charles Snow Projects,METTRP - Methow Smolt Trap at McFarland Creek Road Bridge,4/10/2023,METHR - Methow River,4/13/2023,A,Pacific Lamprey,"10MM TAG, AMMOCOETE",129,1
3D9.1A4FA10537,CGS-2022-051-KAE.xml,CGS - Charles Snow Projects,METTRP - Methow Smolt Trap at McFarland Creek Road Bridge,5/27/2022,METTRP - Methow Smolt Trap at McFarland Creek Road Bridge,5/27/2022,A,Pacific Lamprey,"10MM TAG, MACROPHTHALMIA",134,1
3D9.1A4FA10538,CGS-2021-066-KAE.xml,CGS - Charles Snow Projects,METTRP - Methow Smolt Trap at McFarland Creek Road Bridge,5/13/2021,METTRP - Methow Smolt Trap at McFarland Creek Road Bridge,5/13/2021,A,Pacific Lamprey,"10MM TAG, AMMOCOETE",115,1
3D9.1A4FA10539,CGS-2021-066-KAE.xml,CGS - Charles Snow Projects,METTRP - Methow Smolt Trap at McFarland Creek Road Bridge,5/11/2021,METTRP - Methow Smolt Trap at McFarland Creek Road Bridge,5/11/2021,A,Pacific Lamprey,"10MM TAG, AMMOCOETE",119,1
3D9.1A4FA1053B,CGS-2021-066-KAE.xml,CGS - Charles Snow Projects,METTRP - Methow Smolt Trap at McFarland Creek Road Bridge,5/10/2021,METHR - Methow River,5/10/2021,A,Pacific Lamprey,"10MM TAG, AMMOCOETE",108,1
3D9.1A4FA1053C,CGS-2021-066-KAE.xml,CGS - Charles Snow Projects,METTRP - Methow Smolt Trap at McFarland Creek Road Bridge,5/16/2021,METTRP - Methow Smolt Trap at McFarland Creek Road Bridge,5/16/2021,A,Pacific Lamprey,"10MM TAG, AMMOCOETE",131,1
3D9.1A4FA1053D,CGS-2021-066-KAE.xml,CGS - Charles Snow Projects,METTRP - Methow Smolt Trap at McFarland Creek Road Bridge,5/10/2021,METHR - Methow River,5/10/2021,A,Pacific Lamprey,"10MM TAG, AMMOCOETE",102,1
3D9.1A4FA1053E,CGS-2021-066-KAE.xml,CGS - Charles Snow Projects,METTRP - Methow Smolt Trap at McFarland Creek Road Bridge,5/12/2021,METTRP - Methow Smolt Trap at McFarland Creek Road Bridge,5/12/2021,A,Pacific Lamprey,"10MM TAG, AMMOCOETE",103,1
3D9.1A4FA1053F,CGS-2021-066-KAE.xml,CGS - Charles Snow Projects,METTRP - Methow Smolt Trap at McFarland Creek Road Bridge,5/15/2021,METTRP - Methow Smolt Trap at McFarland Creek Road Bridge,5/15/2021,A,Pacific Lamprey,"10MM TAG, AMMOCOETE",124,1
3D9.1A4FA10540,CGS-2021-066-KAE.xml,CGS - Charles Snow Projects,METTRP - Methow Smolt Trap at McFarland Creek Road Bridge,5/10/2021,METHR - Methow River,5/10/2021,A,Pacific Lamprey,"10MM TAG, AMMOCOETE",114,1
3D9.1A4FA10541,CGS-2021-066-KAE.xml,CGS - Charles Snow Projects,METTRP - Methow Smolt Trap at McFarland Creek Road Bridge,5/16/2021,METTRP - Methow Smolt Trap at McFarland Creek Road Bridge,5/16/2021,A,Pacific Lamprey,"10MM TAG, AMMOCOETE",124,1
3D9.1A4FA10542,CGS-2022-051-KAE.xml,CGS - Charles Snow Projects,METTRP - Methow Smolt Trap at McFarland Creek Road Bridge,5/27/2022,METTRP - Methow Smolt Trap at McFarland Creek Road Bridge,5/27/2022,A,Pacific Lamprey,"10MM TAG, MACROPHTHALMIA",127,1
3D9.1A4FA10543,CGS-2022-051-KAE.xml,CGS - Charles Snow Projects,METTRP - Methow Smolt Trap at McFarland Creek Road Bridge,6/3/2022,METTRP - Methow Smolt Trap at McFarland Creek Road Bridge,6/3/2022,A,Pacific Lamprey,"10MM TAG, MACROPHTHALMIA",131,1
3D9.1A4FA10544,CGS-2021-066-KAE.xml,CGS - Charles Snow Projects,METTRP - Methow Smolt Trap at McFarland Creek Road Bridge,5/11/2021,METTRP - Methow Smolt Trap at McFarland Creek Road Bridge,5/11/2021,A,Pacific Lamprey,"10MM TAG, AMMOCOETE",120,1
3D9.1A4FA10545,CGS-2021-066-KAE.xml,CGS - Charles Snow Projects,METTRP - Methow Smolt Trap at McFarland Creek Road Bridge,5/15/2021,METTRP - Methow Smolt Trap at McFarland Creek Road Bridge,5/15/2021,A,Pacific Lamprey,"10MM TAG, AMMOCOETE",127,1
3D9.1A4FA10546,CGS-2021-066-KAE.xml,CGS - Charles Snow Projects,METTRP - Methow Smolt Trap at McFarland Creek Road Bridge,5/11/2021,METTRP - Methow Smolt Trap at McFarland Creek Road Bridge,5/11/2021,A,Pacific Lamprey,"10MM TAG, AMMOCOETE",125,1
3D9.1A4FA10547,CGS-2022-051-KAE.xml,CGS - Charles Snow Projects,METTRP - Methow Smolt Trap at McFarland Creek Road Bridge,5/28/2022,METTRP - Methow Smolt Trap at McFarland Creek Road Bridge,5/28/2022,A,Pacific Lamprey,"10MM TAG, MACROPHTHALMIA",120,1
3D9.1A4FA10549,CGS-2021-066-KAE.xml,CGS - Charles Snow Projects,METTRP - Methow Smolt Trap at McFarland Creek Road Bridge,5/14/2021,METTRP - Methow Smolt Trap at McFarland Creek Road Bridge,5/14/2021,A,Pacific Lamprey,"10MM TAG, AMMOCOETE",107,1
3D9.1A4FA1054A,CGS-2021-066-KAE.xml,CGS - Charles Snow Projects,METTRP - Methow Smolt Trap at McFarland Creek Road Bridge,5/15/2021,METTRP - Methow Smolt Trap at McFarland Creek Road Bridge,5/15/2021,A,Pacific Lamprey,"10MM TAG, AMMOCOETE",124,1
3D9.1A4FA1054B,CGS-2023-084-KAE.xml,CGS - Charles Snow Projects,METTRP - Methow Smolt Trap at McFarland Creek Road Bridge,4/14/2023,METHR - Methow River,4/16/2023,A,Pacific Lamprey,"10MM TAG, AMMOCOETE",126,1
3D9.1A4FA1054C,CGS-2022-051-KAE.xml,CGS - Charles Snow Projects,METTRP - Methow Smolt Trap at McFarland Creek Road Bridge,5/28/2022,METTRP - Methow Smolt Trap at McFarland Creek Road Bridge,5/29/2022,A,Pacific Lamprey,"10MM TAG, MACROPHTHALMIA",134,1
3D9.1A4FA1054D,CGS-2022-051-KAE.xml,CGS - Charles Snow Projects,METTRP - Methow Smolt Trap at McFarland Creek Road Bridge,5/26/2022,METTRP - Methow Smolt Trap at McFarland Creek Road Bridge,5/26/2022,A,Pacific Lamprey,"10MM TAG, MACROPHTHALMIA",133,1
3D9.1A4FA1054E,CGS-2021-066-KAE.xml,CGS - Charles Snow Projects,METTRP - Methow Smolt Trap at McFarland Creek Road Bridge,5/16/2021,METTRP - Methow Smolt Trap at McFarland Creek Road Bridge,5/16/2021,A,Pacific Lamprey,"10MM TAG, AMMOCOETE",127,1
3D9.1A4FA1054F,CGS-2023-084-KAE.xml,CGS - Charles Snow Projects,METTRP - Methow Smolt Trap at McFarland Creek Road Bridge,4/10/2023,METHR - Methow River,4/13/2023,A,Pacific Lamprey,"10MM TAG, AMMOCOETE",119,1
3D9.1A4FA10550,CGS-2021-066-KAE.xml,CGS - Charles Snow Projects,METTRP - Methow Smolt Trap at McFarland Creek Road Bridge,5/16/2021,METTRP - Methow Smolt Trap at McFarland Creek Road Bridge,5/16/2021,A,Pacific Lamprey,"10MM TAG, AMMOCOETE",118,1
3D9.1A4FA10551,CGS-2021-066-KAE.xml,CGS - Charles Snow Projects,METTRP - Methow Smolt Trap at McFarland Creek Road Bridge,5/14/2021,METTRP - Methow Smolt Trap at McFarland Creek Road Bridge,5/14/2021,A,Pacific Lamprey,"10MM TAG, AMMOCOETE",97,1
3D9.1A4FA10554,CGS-2021-066-KAE.xml,CGS - Charles Snow Projects,METTRP - Methow Smolt Trap at McFarland Creek Road Bridge,5/11/2021,METTRP - Methow Smolt Trap at McFarland Creek Road Bridge,5/11/2021,A,Pacific Lamprey,"10MM TAG, AMMOCOETE",101,1
3D9.1A4FA10555,CGS-2021-066-KAE.xml,CGS - Charles Snow Projects,METTRP - Methow Smolt Trap at McFarland Creek Road Bridge,5/16/2021,METTRP - Methow Smolt Trap at McFarland Creek Road Bridge,5/16/2021,A,Pacific Lamprey,"10MM TAG, AMMOCOETE",131,1
3D9.1A4FA10556,CGS-2021-066-KAE.xml,CGS - Charles Snow Projects,METTRP - Methow Smolt Trap at McFarland Creek Road Bridge,5/11/2021,METTRP - Methow Smolt Trap at McFarland Creek Road Bridge,5/11/2021,A,Pacific Lamprey,"10MM TAG, AMMOCOETE",100,1
3D9.1A4FA10557,CGS-2023-084-KAE.xml,CGS - Charles Snow Projects,METTRP - Methow Smolt Trap at McFarland Creek Road Bridge,4/14/2023,METHR - Methow River,4/16/2023,A,Pacific Lamprey,"10MM TAG, AMMOCOETE",126,1
3D9.1A4FA10558,CGS-2021-066-KAE.xml,CGS - Charles Snow Projects,METTRP - Methow Smolt Trap at McFarland Creek Road Bridge,5/17/2021,METTRP - Methow Smolt Trap at McFarland Creek Road Bridge,5/17/2021,A,Pacific Lamprey,"10MM TAG, AMMOCOETE",128,1
3D9.1A4FA10559,CGS-2021-066-KAE.xml,CGS - Charles Snow Projects,METTRP - Methow Smolt Trap at McFarland Creek Road Bridge,5/11/2021,METTRP - Methow Smolt Trap at McFarland Creek Road Bridge,5/11/2021,A,Pacific Lamprey,"10MM TAG, AMMOCOETE",107,1
3D9.1A4FA1055A,CGS-2023-084-KAE.xml,CGS - Charles Snow Projects,METTRP - Methow Smolt Trap at McFarland Creek Road Bridge,4/11/2023,METHR - Methow River,4/13/2023,A,Pacific Lamprey,"10MM TAG, AMMOCOETE",124,1
3D9.1A4FA1055B,CGS-2021-066-KAE.xml,CGS - Charles Snow Projects,METTRP - Methow Smolt Trap at McFarland Creek Road Bridge,5/12/2021,METTRP - Methow Smolt Trap at McFarland Creek Road Bridge,5/12/2021,A,Pacific Lamprey,"10MM TAG, AMMOCOETE",134,1
3D9.1A4FA1055C,CGS-2021-066-KAE.xml,CGS - Charles Snow Projects,METTRP - Methow Smolt Trap at McFarland Creek Road Bridge,5/13/2021,METTRP - Methow Smolt Trap at McFarland Creek Road Bridge,5/13/2021,A,Pacific Lamprey,"10MM TAG, AMMOCOETE",102,1
3D9.1A4FA1055D,CGS-2023-084-KAE.xml,CGS - Charles Snow Projects,METTRP - Methow Smolt Trap at McFarland Creek Road Bridge,4/15/2023,METHR - Methow River,4/16/2023,A,Pacific Lamprey,"10MM TAG, AMMOCOETE",122,1
3D9.1A4FA1055E,CGS-2021-066-KAE.xml,CGS - Charles Snow Projects,METTRP - Methow Smolt Trap at McFarland Creek Road Bridge,5/11/2021,METTRP - Methow Smolt Trap at McFarland Creek Road Bridge,5/11/2021,A,Pacific Lamprey,"10MM TAG, AMMOCOETE",137,1
3D9.1A4FA1055F,CGS-2021-066-KAE.xml,CGS - Charles Snow Projects,METTRP - Methow Smolt Trap at McFarland Creek Road Bridge,5/10/2021,METHR - Methow River,5/10/2021,A,Pacific Lamprey,"10MM TAG, AMMOCOETE",113,1
3D9.1A4FA10560,CGS-2023-084-KAE.xml,CGS - Charles Snow Projects,METTRP - Methow Smolt Trap at McFarland Creek Road Bridge,4/22/2023,METHR - Methow River,4/22/2023,A,Pacific Lamprey,"10MM TAG, AMMOCOETE",120,1
3D9.1A4FA10561,CGS-2021-066-KAE.xml,CGS - Charles Snow Projects,METTRP - Methow Smolt Trap at McFarland Creek Road Bridge,5/11/2021,METTRP - Methow Smolt Trap at McFarland Creek Road Bridge,5/11/2021,A,Pacific Lamprey,"10MM TAG, AMMOCOETE",116,1
3D9.1A4FA10562,CGS-2021-066-KAE.xml,CGS - Charles Snow Projects,METTRP - Methow Smolt Trap at McFarland Creek Road Bridge,5/11/2021,METTRP - Methow Smolt Trap at McFarland Creek Road Bridge,5/11/2021,A,Pacific Lamprey,"10MM TAG, AMMOCOETE",110,1
3D9.1A4FA10563,CGS-2022-051-KAE.xml,CGS - Charles Snow Projects,METTRP - Methow Smolt Trap at McFarland Creek Road Bridge,5/28/2022,METTRP - Methow Smolt Trap at McFarland Creek Road Bridge,5/29/2022,A,Pacific Lamprey,"10MM TAG, MACROPHTHALMIA",121,1
3D9.1A4FA10564,CGS-2021-066-KAE.xml,CGS - Charles Snow Projects,METTRP - Methow Smolt Trap at McFarland Creek Road Bridge,5/14/2021,METTRP - Methow Smolt Trap at McFarland Creek Road Bridge,5/14/2021,A,Pacific Lamprey,"10MM TAG, AMMOCOETE",126,1
3D9.1A4FA10565,CGS-2022-051-KAE.xml,CGS - Charles Snow Projects,METTRP - Methow Smolt Trap at McFarland Creek Road Bridge,5/28/2022,METTRP - Methow Smolt Trap at McFarland Creek Road Bridge,5/29/2022,A,Pacific Lamprey,"10MM TAG, MACROPHTHALMIA",133,1
3D9.1A4FA10566,CGS-2023-084-KAE.xml,CGS - Charles Snow Projects,METTRP - Methow Smolt Trap at McFarland Creek Road Bridge,4/10/2023,METHR - Methow River,4/13/2023,A,Pacific Lamprey,"10MM TAG, AMMOCOETE",123,1
3D9.1A4FA10567,CGS-2021-066-KAE.xml,CGS - Charles Snow Projects,METTRP - Methow Smolt Trap at McFarland Creek Road Bridge,5/13/2021,METTRP - Methow Smolt Trap at McFarland Creek Road Bridge,5/13/2021,A,Pacific Lamprey,"10MM TAG, AMMOCOETE",115,1
3D9.1A4FA10568,CGS-2021-066-KAE.xml,CGS - Charles Snow Projects,METTRP - Methow Smolt Trap at McFarland Creek Road Bridge,5/12/2021,METTRP - Methow Smolt Trap at McFarland Creek Road Bridge,5/12/2021,A,Pacific Lamprey,"10MM TAG, AMMOCOETE",116,1
3D9.1A4FA10569,CGS-2023-084-KAE.xml,CGS - Charles Snow Projects,METTRP - Methow Smolt Trap at McFarland Creek Road Bridge,4/11/2023,METHR - Methow River,4/13/2023,A,Pacific Lamprey,"10MM TAG, AMMOCOETE",111,1
3D9.1A4FA1056B,CGS-2023-084-KAE.xml,CGS - Charles Snow Projects,METTRP - Methow Smolt Trap at McFarland Creek Road Bridge,4/18/2023,METHR - Methow River,4/19/2023,A,Pacific Lamprey,"10MM TAG, AMMOCOETE",113,1
3D9.1A4FA1056C,CGS-2021-066-KAE.xml,CGS - Charles Snow Projects,METTRP - Methow Smolt Trap at McFarland Creek Road Bridge,5/16/2021,METTRP - Methow Smolt Trap at McFarland Creek Road Bridge,5/16/2021,A,Pacific Lamprey,"10MM TAG, AMMOCOETE",122,1
3D9.1A4FA1056D,CGS-2021-066-KAE.xml,CGS - Charles Snow Projects,METTRP - Methow Smolt Trap at McFarland Creek Road Bridge,5/15/2021,METTRP - Methow Smolt Trap at McFarland Creek Road Bridge,5/15/2021,A,Pacific Lamprey,"10MM TAG, AMMOCOETE",126,1
3D9.1A4FA1056E,CGS-2021-066-KAE.xml,CGS - Charles Snow Projects,METTRP - Methow Smolt Trap at McFarland Creek Road Bridge,5/17/2021,METTRP - Methow Smolt Trap at McFarland Creek Road Bridge,5/17/2021,A,Pacific Lamprey,"10MM TAG, AMMOCOETE",130,1
3D9.1A4FA1056F,CGS-2023-084-KAE.xml,CGS - Charles Snow Projects,METTRP - Methow Smolt Trap at McFarland Creek Road Bridge,4/9/2023,METHR - Methow River,4/9/2023,A,Pacific Lamprey,"10MM TAG, AMMOCOETE",111,1
3D9.1A4FA10570,CGS-2021-066-KAE.xml,CGS - Charles Snow Projects,METTRP - Methow Smolt Trap at McFarland Creek Road Bridge,5/11/2021,METTRP - Methow Smolt Trap at McFarland Creek Road Bridge,5/11/2021,A,Pacific Lamprey,"10MM TAG, AMMOCOETE",131,1
3D9.1A4FA10571,CGS-2021-066-KAE.xml,CGS - Charles Snow Projects,METTRP - Methow Smolt Trap at McFarland Creek Road Bridge,5/14/2021,METTRP - Methow Smolt Trap at McFarland Creek Road Bridge,5/14/2021,A,Pacific Lamprey,"10MM TAG, AMMOCOETE",98,1
3D9.1A4FA10572,CGS-2021-066-KAE.xml,CGS - Charles Snow Projects,METTRP - Methow Smolt Trap at McFarland Creek Road Bridge,5/15/2021,METTRP - Methow Smolt Trap at McFarland Creek Road Bridge,5/15/2021,A,Pacific Lamprey,"10MM TAG, AMMOCOETE",130,1
3D9.1A4FA10573,CGS-2021-066-KAE.xml,CGS - Charles Snow Projects,METTRP - Methow Smolt Trap at McFarland Creek Road Bridge,5/15/2021,METTRP - Methow Smolt Trap at McFarland Creek Road Bridge,5/15/2021,A,Pacific Lamprey,"10MM TAG, AMMOCOETE",130,1
3D9.1A4FA10574,CGS-2021-066-KAE.xml,CGS - Charles Snow Projects,METTRP - Methow Smolt Trap at McFarland Creek Road Bridge,5/11/2021,METTRP - Methow Smolt Trap at McFarland Creek Road Bridge,5/11/2021,A,Pacific Lamprey,"10MM TAG, AMMOCOETE",105,1
3D9.1A4FA10575,CGS-2021-066-KAE.xml,CGS - Charles Snow Projects,METTRP - Methow Smolt Trap at McFarland Creek Road Bridge,5/13/2021,METTRP - Methow Smolt Trap at McFarland Creek Road Bridge,5/13/2021,A,Pacific Lamprey,"10MM TAG, AMMOCOETE",105,1
3D9.1A4FA10576,CGS-2021-066-KAE.xml,CGS - Charles Snow Projects,METTRP - Methow Smolt Trap at McFarland Creek Road Bridge,5/13/2021,METTRP - Methow Smolt Trap at McFarland Creek Road Bridge,5/13/2021,A,Pacific Lamprey,"10MM TAG, AMMOCOETE",128,1
3D9.1A4FA10577,CGS-2021-066-KAE.xml,CGS - Charles Snow Projects,METTRP - Methow Smolt Trap at McFarland Creek Road Bridge,5/13/2021,METTRP - Methow Smolt Trap at McFarland Creek Road Bridge,5/13/2021,A,Pacific Lamprey,"10MM TAG, AMMOCOETE",124,1
3D9.1A4FA10578,CGS-2021-066-KAE.xml,CGS - Charles Snow Projects,METTRP - Methow Smolt Trap at McFarland Creek Road Bridge,5/16/2021,METTRP - Methow Smolt Trap at McFarland Creek Road Bridge,5/16/2021,A,Pacific Lamprey,"10MM TAG, AMMOCOETE",132,1
3D9.1A4FA10579,CGS-2022-051-KAE.xml,CGS - Charles Snow Projects,METTRP - Methow Smolt Trap at McFarland Creek Road Bridge,5/28/2022,METTRP - Methow Smolt Trap at McFarland Creek Road Bridge,5/29/2022,A,Pacific Lamprey,"10MM TAG, MACROPHTHALMIA",134,1
3D9.1A4FA1057A,CGS-2021-066-KAE.xml,CGS - Charles Snow Projects,METTRP - Methow Smolt Trap at McFarland Creek Road Bridge,5/16/2021,METTRP - Methow Smolt Trap at McFarland Creek Road Bridge,5/16/2021,A,Pacific Lamprey,"10MM TAG, AMMOCOETE",120,1
3D9.1A4FA1057B,CGS-2022-051-KAE.xml,CGS - Charles Snow Projects,METTRP - Methow Smolt Trap at McFarland Creek Road Bridge,5/11/2022,METTRP - Methow Smolt Trap at McFarland Creek Road Bridge,5/11/2022,A,Pacific Lamprey,"10MM TAG, MACROPHTHALMIA",128,1
3D9.1A4FA1057C,CGS-2023-084-KAE.xml,CGS - Charles Snow Projects,METTRP - Methow Smolt Trap at McFarland Creek Road Bridge,4/21/2023,METHR - Methow River,4/22/2023,A,Pacific Lamprey,"10MM TAG, AMMOCOETE",123,1
3D9.1A4FA1057D,CGS-2021-066-KAE.xml,CGS - Charles Snow Projects,METTRP - Methow Smolt Trap at McFarland Creek Road Bridge,5/16/2021,METTRP - Methow Smolt Trap at McFarland Creek Road Bridge,5/16/2021,A,Pacific Lamprey,"10MM TAG, AMMOCOETE",120,1
3D9.1A4FA1057F,CGS-2021-066-KAE.xml,CGS - Charles Snow Projects,METTRP - Methow Smolt Trap at McFarland Creek Road Bridge,5/13/2021,METTRP - Methow Smolt Trap at McFarland Creek Road Bridge,5/13/2021,A,Pacific Lamprey,"10MM TAG, AMMOCOETE",121,1
3D9.1A4FA10580,CGS-2021-066-KAE.xml,CGS - Charles Snow Projects,METTRP - Methow Smolt Trap at McFarland Creek Road Bridge,5/13/2021,METTRP - Methow Smolt Trap at McFarland Creek Road Bridge,5/13/2021,A,Pacific Lamprey,"10MM TAG, AMMOCOETE",135,1
3D9.1A4FA10581,CGS-2021-066-KAE.xml,CGS - Charles Snow Projects,METTRP - Methow Smolt Trap at McFarland Creek Road Bridge,5/16/2021,METTRP - Methow Smolt Trap at McFarland Creek Road Bridge,5/16/2021,A,Pacific Lamprey,"10MM TAG, AMMOCOETE",122,1
3D9.1A4FA10582,CGS-2023-084-KAE.xml,CGS - Charles Snow Projects,METTRP - Methow Smolt Trap at McFarland Creek Road Bridge,4/19/2023,METHR - Methow River,4/19/2023,A,Pacific Lamprey,"10MM TAG, AMMOCOETE",124,1
3D9.1A4FA10583,CGS-2021-066-KAE.xml,CGS - Charles Snow Projects,METTRP - Methow Smolt Trap at McFarland Creek Road Bridge,5/11/2021,METTRP - Methow Smolt Trap at McFarland Creek Road Bridge,5/11/2021,A,Pacific Lamprey,"10MM TAG, AMMOCOETE",95,1
3D9.1A4FA10584,CGS-2021-066-KAE.xml,CGS - Charles Snow Projects,METTRP - Methow Smolt Trap at McFarland Creek Road Bridge,5/8/2021,METHR - Methow River,5/10/2021,A,Pacific Lamprey,"10MM TAG, AMMOCOETE",132,1
3D9.1A4FA10585,CGS-2021-066-KAE.xml,CGS - Charles Snow Projects,METTRP - Methow Smolt Trap at McFarland Creek Road Bridge,5/7/2021,METTRP - Methow Smolt Trap at McFarland Creek Road Bridge,5/7/2021,A,Pacific Lamprey,"10MM TAG, AMMOCOETE",117,1
3D9.1A4FA10586,CGS-2021-066-KAE.xml,CGS - Charles Snow Projects,METTRP - Methow Smolt Trap at McFarland Creek Road Bridge,5/8/2021,METHR - Methow River,5/10/2021,A,Pacific Lamprey,"10MM TAG, AMMOCOETE",102,1
3D9.1A4FA10587,CGS-2021-066-KAE.xml,CGS - Charles Snow Projects,METTRP - Methow Smolt Trap at McFarland Creek Road Bridge,5/7/2021,METTRP - Methow Smolt Trap at McFarland Creek Road Bridge,5/7/2021,A,Pacific Lamprey,"10MM TAG, AMMOCOETE",128,1
3D9.1A4FA10588,CGS-2021-066-KAE.xml,CGS - Charles Snow Projects,METTRP - Methow Smolt Trap at McFarland Creek Road Bridge,5/8/2021,METHR - Methow River,5/10/2021,A,Pacific Lamprey,"10MM TAG, AMMOCOETE",94,1
3D9.1A4FA10589,CGS-2021-066-KAE.xml,CGS - Charles Snow Projects,METTRP - Methow Smolt Trap at McFarland Creek Road Bridge,5/8/2021,METHR - Methow River,5/10/2021,A,Pacific Lamprey,"10MM TAG, AMMOCOETE",129,1
3D9.1A4FA1058A,CGS-2021-066-KAE.xml,CGS - Charles Snow Projects,METTRP - Methow Smolt Trap at McFarland Creek Road Bridge,5/8/2021,METHR - Methow River,5/10/2021,A,Pacific Lamprey,"10MM TAG, AMMOCOETE",124,1
3D9.1A4FA1058B,CGS-2021-066-KAE.xml,CGS - Charles Snow Projects,METTRP - Methow Smolt Trap at McFarland Creek Road Bridge,5/8/2021,METHR - Methow River,5/10/2021,A,Pacific Lamprey,"10MM TAG, AMMOCOETE",131,1
3D9.1A4FA1058C,CGS-2021-066-KAE.xml,CGS - Charles Snow Projects,METTRP - Methow Smolt Trap at McFarland Creek Road Bridge,5/8/2021,METHR - Methow River,5/10/2021,A,Pacific Lamprey,"10MM TAG, AMMOCOETE",132,1
3D9.1A4FA1058D,CGS-2021-066-KAE.xml,CGS - Charles Snow Projects,METTRP - Methow Smolt Trap at McFarland Creek Road Bridge,5/6/2021,METTRP - Methow Smolt Trap at McFarland Creek Road Bridge,5/6/2021,A,Pacific Lamprey,"10MM TAG, AMMOCOETE",125,1
3D9.1A4FA1058E,CGS-2021-066-KAE.xml,CGS - Charles Snow Projects,METTRP - Methow Smolt Trap at McFarland Creek Road Bridge,5/8/2021,METHR - Methow River,5/10/2021,A,Pacific Lamprey,"10MM TAG, AMMOCOETE",132,1
3D9.1A4FA1058F,CGS-2021-066-KAE.xml,CGS - Charles Snow Projects,METTRP - Methow Smolt Trap at McFarland Creek Road Bridge,5/8/2021,METHR - Methow River,5/10/2021,A,Pacific Lamprey,"10MM TAG, AMMOCOETE",100,1
3D9.1A4FA10590,CGS-2021-066-KAE.xml,CGS - Charles Snow Projects,METTRP - Methow Smolt Trap at McFarland Creek Road Bridge,5/6/2021,METTRP - Methow Smolt Trap at McFarland Creek Road Bridge,5/6/2021,A,Pacific Lamprey,"10MM TAG, AMMOCOETE",99,1
3D9.1A4FA10591,CGS-2021-066-KAE.xml,CGS - Charles Snow Projects,METTRP - Methow Smolt Trap at McFarland Creek Road Bridge,5/8/2021,METHR - Methow River,5/10/2021,A,Pacific Lamprey,"10MM TAG, AMMOCOETE",101,1
3D9.1A4FA10592,CGS-2021-066-KAE.xml,CGS - Charles Snow Projects,METTRP - Methow Smolt Trap at McFarland Creek Road Bridge,5/8/2021,METHR - Methow River,5/10/2021,A,Pacific Lamprey,"10MM TAG, AMMOCOETE",107,1
3D9.1A4FA10593,CGS-2021-066-KAE.xml,CGS - Charles Snow Projects,METTRP - Methow Smolt Trap at McFarland Creek Road Bridge,5/8/2021,METHR - Methow River,5/10/2021,A,Pacific Lamprey,"10MM TAG, AMMOCOETE",123,1
3D9.1A4FA10594,CGS-2021-066-KAE.xml,CGS - Charles Snow Projects,METTRP - Methow Smolt Trap at McFarland Creek Road Bridge,5/6/2021,METTRP - Methow Smolt Trap at McFarland Creek Road Bridge,5/6/2021,A,Pacific Lamprey,"10MM TAG, AMMOCOETE",119,1
3D9.1A4FA10595,CGS-2021-066-KAE.xml,CGS - Charles Snow Projects,METTRP - Methow Smolt Trap at McFarland Creek Road Bridge,5/8/2021,METHR - Methow River,5/10/2021,A,Pacific Lamprey,"10MM TAG, AMMOCOETE",130,1
3D9.1A4FA10596,CGS-2021-066-KAE.xml,CGS - Charles Snow Projects,METTRP - Methow Smolt Trap at McFarland Creek Road Bridge,5/8/2021,METTRP - Methow Smolt Trap at McFarland Creek Road Bridge,5/10/2021,A,Pacific Lamprey,"10MM TAG, AMMOCOETE",113,1
3D9.1A4FA10597,CGS-2021-066-KAE.xml,CGS - Charles Snow Projects,METTRP - Methow Smolt Trap at McFarland Creek Road Bridge,5/8/2021,METHR - Methow River,5/10/2021,A,Pacific Lamprey,"10MM TAG, AMMOCOETE",105,1
3D9.1A4FA10598,CGS-2021-066-KAE.xml,CGS - Charles Snow Projects,METTRP - Methow Smolt Trap at McFarland Creek Road Bridge,5/8/2021,METHR - Methow River,5/10/2021,A,Pacific Lamprey,"10MM TAG, AMMOCOETE",102,1
3D9.1A4FA10599,CGS-2021-066-KAE.xml,CGS - Charles Snow Projects,METTRP - Methow Smolt Trap at McFarland Creek Road Bridge,5/8/2021,METHR - Methow River,5/10/2021,A,Pacific Lamprey,"10MM TAG, AMMOCOETE",110,1
3D9.1A4FA1059A,CGS-2021-066-KAE.xml,CGS - Charles Snow Projects,METTRP - Methow Smolt Trap at McFarland Creek Road Bridge,5/7/2021,METTRP - Methow Smolt Trap at McFarland Creek Road Bridge,5/7/2021,A,Pacific Lamprey,"10MM TAG, AMMOCOETE",115,1
3D9.1A4FA1059B,CGS-2021-066-KAE.xml,CGS - Charles Snow Projects,METTRP - Methow Smolt Trap at McFarland Creek Road Bridge,5/6/2021,METTRP - Methow Smolt Trap at McFarland Creek Road Bridge,5/6/2021,A,Pacific Lamprey,"10MM TAG, AMMOCOETE",84,1
3D9.1A4FA1059D,CGS-2021-066-KAE.xml,CGS - Charles Snow Projects,METTRP - Methow Smolt Trap at McFarland Creek Road Bridge,5/6/2021,METTRP - Methow Smolt Trap at McFarland Creek Road Bridge,5/6/2021,A,Pacific Lamprey,"10MM TAG, AMMOCOETE",91,1
3D9.1A4FA1059E,CGS-2021-066-KAE.xml,CGS - Charles Snow Projects,METTRP - Methow Smolt Trap at McFarland Creek Road Bridge,5/6/2021,METTRP - Methow Smolt Trap at McFarland Creek Road Bridge,5/6/2021,A,Pacific Lamprey,"10MM TAG, AMMOCOETE",118,1
3D9.1A4FA1059F,CGS-2021-066-KAE.xml,CGS - Charles Snow Projects,METTRP - Methow Smolt Trap at McFarland Creek Road Bridge,5/7/2021,METTRP - Methow Smolt Trap at McFarland Creek Road Bridge,5/7/2021,A,Pacific Lamprey,"10MM TAG, AMMOCOETE",112,1
3D9.1A4FA105A0,CGS-2021-066-KAE.xml,CGS - Charles Snow Projects,METTRP - Methow Smolt Trap at McFarland Creek Road Bridge,5/8/2021,METHR - Methow River,5/10/2021,A,Pacific Lamprey,"10MM TAG, AMMOCOETE",119,1
3D9.1A4FA105A1,CGS-2021-066-KAE.xml,CGS - Charles Snow Projects,METTRP - Methow Smolt Trap at McFarland Creek Road Bridge,5/9/2021,METHR - Methow River,5/10/2021,A,Pacific Lamprey,"10MM TAG, AMMOCOETE",122,1
3D9.1A4FA105A2,CGS-2021-066-KAE.xml,CGS - Charles Snow Projects,METTRP - Methow Smolt Trap at McFarland Creek Road Bridge,5/9/2021,METHR - Methow River,5/10/2021,A,Pacific Lamprey,"10MM TAG, AMMOCOETE",106,1
3D9.1A4FA105A3,CGS-2021-066-KAE.xml,CGS - Charles Snow Projects,METTRP - Methow Smolt Trap at McFarland Creek Road Bridge,5/6/2021,METTRP - Methow Smolt Trap at McFarland Creek Road Bridge,5/6/2021,A,Pacific Lamprey,"10MM TAG, AMMOCOETE",110,1
3D9.1A4FA105A4,CGS-2021-066-KAE.xml,CGS - Charles Snow Projects,METTRP - Methow Smolt Trap at McFarland Creek Road Bridge,5/8/2021,METHR - Methow River,5/10/2021,A,Pacific Lamprey,"10MM TAG, AMMOCOETE",128,1
3D9.1A4FA105A5,CGS-2021-066-KAE.xml,CGS - Charles Snow Projects,METTRP - Methow Smolt Trap at McFarland Creek Road Bridge,5/9/2021,METHR - Methow River,5/10/2021,A,Pacific Lamprey,"10MM TAG, AMMOCOETE",122,1
3D9.1A4FA105A6,CGS-2021-066-KAE.xml,CGS - Charles Snow Projects,METTRP - Methow Smolt Trap at McFarland Creek Road Bridge,5/7/2021,METTRP - Methow Smolt Trap at McFarland Creek Road Bridge,5/7/2021,A,Pacific Lamprey,"10MM TAG, AMMOCOETE",117,1
3D9.1A4FA105A7,CGS-2021-066-KAE.xml,CGS - Charles Snow Projects,METTRP - Methow Smolt Trap at McFarland Creek Road Bridge,5/7/2021,METTRP - Methow Smolt Trap at McFarland Creek Road Bridge,5/7/2021,A,Pacific Lamprey,"10MM TAG, AMMOCOETE",91,1
3D9.1A4FA105A8,CGS-2021-066-KAE.xml,CGS - Charles Snow Projects,METTRP - Methow Smolt Trap at McFarland Creek Road Bridge,5/8/2021,METHR - Methow River,5/10/2021,A,Pacific Lamprey,"10MM TAG, AMMOCOETE",117,1
3D9.1A4FA105A9,CGS-2021-066-KAE.xml,CGS - Charles Snow Projects,METTRP - Methow Smolt Trap at McFarland Creek Road Bridge,5/8/2021,METHR - Methow River,5/10/2021,A,Pacific Lamprey,"10MM TAG, AMMOCOETE",118,1
3D9.1A4FA105AA,CGS-2021-066-KAE.xml,CGS - Charles Snow Projects,METTRP - Methow Smolt Trap at McFarland Creek Road Bridge,5/8/2021,METHR - Methow River,5/10/2021,A,Pacific Lamprey,"10MM TAG, AMMOCOETE",119,1
3D9.1A4FA105AB,CGS-2021-066-KAE.xml,CGS - Charles Snow Projects,METTRP - Methow Smolt Trap at McFarland Creek Road Bridge,5/8/2021,METHR - Methow River,5/10/2021,A,Pacific Lamprey,"10MM TAG, AMMOCOETE",127,1
3D9.1A4FA105AC,CGS-2021-066-KAE.xml,CGS - Charles Snow Projects,METTRP - Methow Smolt Trap at McFarland Creek Road Bridge,5/6/2021,METTRP - Methow Smolt Trap at McFarland Creek Road Bridge,5/6/2021,A,Pacific Lamprey,"10MM TAG, AMMOCOETE",123,1
3D9.1A4FA105AD,CGS-2021-066-KAE.xml,CGS - Charles Snow Projects,METTRP - Methow Smolt Trap at McFarland Creek Road Bridge,5/7/2021,METTRP - Methow Smolt Trap at McFarland Creek Road Bridge,5/7/2021,A,Pacific Lamprey,"10MM TAG, AMMOCOETE",119,1
3D9.1A4FA105AE,CGS-2021-066-KAE.xml,CGS - Charles Snow Projects,METTRP - Methow Smolt Trap at McFarland Creek Road Bridge,5/7/2021,METTRP - Methow Smolt Trap at McFarland Creek Road Bridge,5/7/2021,A,Pacific Lamprey,"10MM TAG, AMMOCOETE",112,1
3D9.1A4FA105AF,CGS-2021-066-KAE.xml,CGS - Charles Snow Projects,METTRP - Methow Smolt Trap at McFarland Creek Road Bridge,5/9/2021,METHR - Methow River,5/10/2021,A,Pacific Lamprey,"10MM TAG, AMMOCOETE",98,1
3D9.1A4FA105B0,CGS-2021-066-KAE.xml,CGS - Charles Snow Projects,METTRP - Methow Smolt Trap at McFarland Creek Road Bridge,5/8/2021,METHR - Methow River,5/10/2021,A,Pacific Lamprey,"10MM TAG, AMMOCOETE",100,1
3D9.1A4FA105B1,CGS-2021-066-KAE.xml,CGS - Charles Snow Projects,METTRP - Methow Smolt Trap at McFarland Creek Road Bridge,5/6/2021,METTRP - Methow Smolt Trap at McFarland Creek Road Bridge,5/6/2021,A,Pacific Lamprey,"10MM TAG, AMMOCOETE",114,1
3D9.1A4FA105B2,CGS-2021-066-KAE.xml,CGS - Charles Snow Projects,METTRP - Methow Smolt Trap at McFarland Creek Road Bridge,5/9/2021,METHR - Methow River,5/10/2021,A,Pacific Lamprey,"10MM TAG, AMMOCOETE",115,1
3D9.1A4FA105B3,CGS-2021-066-KAE.xml,CGS - Charles Snow Projects,METTRP - Methow Smolt Trap at McFarland Creek Road Bridge,5/8/2021,METHR - Methow River,5/10/2021,A,Pacific Lamprey,"10MM TAG, AMMOCOETE",88,1
3D9.1A4FA105B4,CGS-2021-066-KAE.xml,CGS - Charles Snow Projects,METTRP - Methow Smolt Trap at McFarland Creek Road Bridge,5/6/2021,METTRP - Methow Smolt Trap at McFarland Creek Road Bridge,5/6/2021,A,Pacific Lamprey,"10MM TAG, AMMOCOETE",96,1
3D9.1A4FA105B5,CGS-2021-066-KAE.xml,CGS - Charles Snow Projects,METTRP - Methow Smolt Trap at McFarland Creek Road Bridge,5/8/2021,METHR - Methow River,5/10/2021,A,Pacific Lamprey,"10MM TAG, AMMOCOETE",104,1
3D9.1A4FA105B6,CGS-2021-066-KAE.xml,CGS - Charles Snow Projects,METTRP - Methow Smolt Trap at McFarland Creek Road Bridge,5/9/2021,METHR - Methow River,5/10/2021,A,Pacific Lamprey,"10MM TAG, AMMOCOETE",114,1
3D9.1A4FA105B7,CGS-2021-066-KAE.xml,CGS - Charles Snow Projects,METTRP - Methow Smolt Trap at McFarland Creek Road Bridge,5/6/2021,METTRP - Methow Smolt Trap at McFarland Creek Road Bridge,5/6/2021,A,Pacific Lamprey,"10MM TAG, AMMOCOETE",104,1
3D9.1A4FA105B8,CGS-2021-066-KAE.xml,CGS - Charles Snow Projects,METTRP - Methow Smolt Trap at McFarland Creek Road Bridge,5/10/2021,METHR - Methow River,5/10/2021,A,Pacific Lamprey,"10MM TAG, AMMOCOETE",129,1
3D9.1A4FA105B9,CGS-2021-066-KAE.xml,CGS - Charles Snow Projects,METTRP - Methow Smolt Trap at McFarland Creek Road Bridge,5/9/2021,METHR - Methow River,5/10/2021,A,Pacific Lamprey,"10MM TAG, AMMOCOETE",118,1
3D9.1A4FA105BA,CGS-2021-066-KAE.xml,CGS - Charles Snow Projects,METTRP - Methow Smolt Trap at McFarland Creek Road Bridge,5/8/2021,METHR - Methow River,5/10/2021,A,Pacific Lamprey,"10MM TAG, AMMOCOETE",118,1
3D9.1A4FA105BB,CGS-2021-066-KAE.xml,CGS - Charles Snow Projects,METTRP - Methow Smolt Trap at McFarland Creek Road Bridge,5/8/2021,METHR - Methow River,5/10/2021,A,Pacific Lamprey,"10MM TAG, AMMOCOETE",123,1
3D9.1A4FA105BC,CGS-2021-066-KAE.xml,CGS - Charles Snow Projects,METTRP - Methow Smolt Trap at McFarland Creek Road Bridge,5/7/2021,METTRP - Methow Smolt Trap at McFarland Creek Road Bridge,5/7/2021,A,Pacific Lamprey,"10MM TAG, AMMOCOETE",103,1
3D9.1A4FA105BD,CGS-2021-066-KAE.xml,CGS - Charles Snow Projects,METTRP - Methow Smolt Trap at McFarland Creek Road Bridge,5/8/2021,METHR - Methow River,5/10/2021,A,Pacific Lamprey,"10MM TAG, AMMOCOETE",95,1
3D9.1A4FA105BE,CGS-2021-066-KAE.xml,CGS - Charles Snow Projects,METTRP - Methow Smolt Trap at McFarland Creek Road Bridge,5/8/2021,METHR - Methow River,5/10/2021,A,Pacific Lamprey,"10MM TAG, AMMOCOETE",104,1
3D9.1A4FA105BF,CGS-2021-066-KAE.xml,CGS - Charles Snow Projects,METTRP - Methow Smolt Trap at McFarland Creek Road Bridge,5/6/2021,METTRP - Methow Smolt Trap at McFarland Creek Road Bridge,5/6/2021,A,Pacific Lamprey,"10MM TAG, AMMOCOETE",118,1
3D9.1A4FA105C0,CGS-2021-066-KAE.xml,CGS - Charles Snow Projects,METTRP - Methow Smolt Trap at McFarland Creek Road Bridge,5/8/2021,METHR - Methow River,5/10/2021,A,Pacific Lamprey,"10MM TAG, AMMOCOETE",134,1
3D9.1A4FA105C1,CGS-2021-066-KAE.xml,CGS - Charles Snow Projects,METTRP - Methow Smolt Trap at McFarland Creek Road Bridge,5/7/2021,METTRP - Methow Smolt Trap at McFarland Creek Road Bridge,5/7/2021,A,Pacific Lamprey,"10MM TAG, AMMOCOETE",133,1
3D9.1A4FA105C2,CGS-2021-066-KAE.xml,CGS - Charles Snow Projects,METTRP - Methow Smolt Trap at McFarland Creek Road Bridge,5/6/2021,METTRP - Methow Smolt Trap at McFarland Creek Road Bridge,5/6/2021,A,Pacific Lamprey,"10MM TAG, AMMOCOETE",125,1
3D9.1A4FA105C3,CGS-2021-066-KAE.xml,CGS - Charles Snow Projects,METTRP - Methow Smolt Trap at McFarland Creek Road Bridge,5/7/2021,METTRP - Methow Smolt Trap at McFarland Creek Road Bridge,5/7/2021,A,Pacific Lamprey,"10MM TAG, AMMOCOETE",110,1
3D9.1A4FA105C4,CGS-2021-066-KAE.xml,CGS - Charles Snow Projects,METTRP - Methow Smolt Trap at McFarland Creek Road Bridge,5/8/2021,METHR - Methow River,5/10/2021,A,Pacific Lamprey,"10MM TAG, AMMOCOETE",129,1
3D9.1A4FA105C6,CGS-2021-066-KAE.xml,CGS - Charles Snow Projects,METTRP - Methow Smolt Trap at McFarland Creek Road Bridge,5/9/2021,METHR - Methow River,5/10/2021,A,Pacific Lamprey,"10MM TAG, AMMOCOETE",106,1
3D9.1A4FA105C7,CGS-2021-066-KAE.xml,CGS - Charles Snow Projects,METTRP - Methow Smolt Trap at McFarland Creek Road Bridge,5/8/2021,METHR - Methow River,5/10/2021,A,Pacific Lamprey,"10MM TAG, AMMOCOETE",132,1
3D9.1A4FA105C8,CGS-2021-066-KAE.xml,CGS - Charles Snow Projects,METTRP - Methow Smolt Trap at McFarland Creek Road Bridge,5/10/2021,METHR - Methow River,5/10/2021,A,Pacific Lamprey,"10MM TAG, AMMOCOETE",122,1
3D9.1A4FA105C9,CGS-2021-066-KAE.xml,CGS - Charles Snow Projects,METTRP - Methow Smolt Trap at McFarland Creek Road Bridge,5/8/2021,METHR - Methow River,5/10/2021,A,Pacific Lamprey,"10MM TAG, AMMOCOETE",139,1
3D9.1A4FA105CA,CGS-2021-066-KAE.xml,CGS - Charles Snow Projects,METTRP - Methow Smolt Trap at McFarland Creek Road Bridge,5/8/2021,METHR - Methow River,5/10/2021,A,Pacific Lamprey,"10MM TAG, AMMOCOETE",132,1
3D9.1A4FA105CB,CGS-2021-066-KAE.xml,CGS - Charles Snow Projects,METTRP - Methow Smolt Trap at McFarland Creek Road Bridge,5/6/2021,METTRP - Methow Smolt Trap at McFarland Creek Road Bridge,5/6/2021,A,Pacific Lamprey,"10MM TAG, AMMOCOETE",115,1
3D9.1A4FA105CC,CGS-2021-066-KAE.xml,CGS - Charles Snow Projects,METTRP - Methow Smolt Trap at McFarland Creek Road Bridge,5/6/2021,METTRP - Methow Smolt Trap at McFarland Creek Road Bridge,5/6/2021,A,Pacific Lamprey,"10MM TAG, AMMOCOETE",96,1
3D9.1A4FA105CD,CGS-2021-066-KAE.xml,CGS - Charles Snow Projects,METTRP - Methow Smolt Trap at McFarland Creek Road Bridge,5/7/2021,METTRP - Methow Smolt Trap at McFarland Creek Road Bridge,5/7/2021,A,Pacific Lamprey,"10MM TAG, AMMOCOETE",133,1
3D9.1A4FA105CE,CGS-2021-066-KAE.xml,CGS - Charles Snow Projects,METTRP - Methow Smolt Trap at McFarland Creek Road Bridge,5/9/2021,METHR - Methow River,5/10/2021,A,Pacific Lamprey,"10MM TAG, AMMOCOETE",112,1
3D9.1A4FA105CF,CGS-2021-066-KAE.xml,CGS - Charles Snow Projects,METTRP - Methow Smolt Trap at McFarland Creek Road Bridge,5/9/2021,METHR - Methow River,5/10/2021,A,Pacific Lamprey,"10MM TAG, AMMOCOETE",133,1
3D9.1A4FA105D0,CGS-2021-066-KAE.xml,CGS - Charles Snow Projects,METTRP - Methow Smolt Trap at McFarland Creek Road Bridge,5/9/2021,METHR - Methow River,5/10/2021,A,Pacific Lamprey,"10MM TAG, AMMOCOETE",100,1
3D9.1A4FA105D1,CGS-2021-066-KAE.xml,CGS - Charles Snow Projects,METTRP - Methow Smolt Trap at McFarland Creek Road Bridge,5/6/2021,METTRP - Methow Smolt Trap at McFarland Creek Road Bridge,5/6/2021,A,Pacific Lamprey,"10MM TAG, AMMOCOETE",116,1
3D9.1A4FA105D2,CGS-2021-066-KAE.xml,CGS - Charles Snow Projects,METTRP - Methow Smolt Trap at McFarland Creek Road Bridge,5/7/2021,METTRP - Methow Smolt Trap at McFarland Creek Road Bridge,5/7/2021,A,Pacific Lamprey,"10MM TAG, AMMOCOETE",129,1
3D9.1A4FA105D3,CGS-2021-066-KAE.xml,CGS - Charles Snow Projects,METTRP - Methow Smolt Trap at McFarland Creek Road Bridge,5/8/2021,METHR - Methow River,5/10/2021,A,Pacific Lamprey,"10MM TAG, AMMOCOETE",116,1
3D9.1A4FA105D4,CGS-2021-066-KAE.xml,CGS - Charles Snow Projects,METTRP - Methow Smolt Trap at McFarland Creek Road Bridge,5/6/2021,METTRP - Methow Smolt Trap at McFarland Creek Road Bridge,5/6/2021,A,Pacific Lamprey,"10MM TAG, AMMOCOETE",109,1
3D9.1A4FA105D5,CGS-2021-066-KAE.xml,CGS - Charles Snow Projects,METTRP - Methow Smolt Trap at McFarland Creek Road Bridge,5/8/2021,METHR - Methow River,5/10/2021,A,Pacific Lamprey,"10MM TAG, AMMOCOETE",104,1
3D9.1A4FA105D6,CGS-2021-066-KAE.xml,CGS - Charles Snow Projects,METTRP - Methow Smolt Trap at McFarland Creek Road Bridge,5/6/2021,METTRP - Methow Smolt Trap at McFarland Creek Road Bridge,5/6/2021,A,Pacific Lamprey,"10MM TAG, AMMOCOETE",129,1
3D9.1A4FA105D7,CGS-2021-066-KAE.xml,CGS - Charles Snow Projects,METTRP - Methow Smolt Trap at McFarland Creek Road Bridge,5/8/2021,METHR - Methow River,5/10/2021,A,Pacific Lamprey,"10MM TAG, AMMOCOETE",125,1
3D9.1A4FA105D8,CGS-2021-066-KAE.xml,CGS - Charles Snow Projects,METTRP - Methow Smolt Trap at McFarland Creek Road Bridge,5/7/2021,METTRP - Methow Smolt Trap at McFarland Creek Road Bridge,5/7/2021,A,Pacific Lamprey,"10MM TAG, AMMOCOETE",109,1
3D9.1A4FA105D9,CGS-2021-066-KAE.xml,CGS - Charles Snow Projects,METTRP - Methow Smolt Trap at McFarland Creek Road Bridge,5/8/2021,METHR - Methow River,5/10/2021,A,Pacific Lamprey,"10MM TAG, AMMOCOETE",104,1
3D9.1A4FA105DA,CGS-2021-066-KAE.xml,CGS - Charles Snow Projects,METTRP - Methow Smolt Trap at McFarland Creek Road Bridge,5/6/2021,METTRP - Methow Smolt Trap at McFarland Creek Road Bridge,5/6/2021,A,Pacific Lamprey,"10MM TAG, AMMOCOETE",107,1
3D9.1A4FA105DB,CGS-2021-066-KAE.xml,CGS - Charles Snow Projects,METTRP - Methow Smolt Trap at McFarland Creek Road Bridge,5/6/2021,METTRP - Methow Smolt Trap at McFarland Creek Road Bridge,5/6/2021,A,Pacific Lamprey,"10MM TAG, AMMOCOETE",121,1
3D9.1A4FA105DC,CGS-2021-066-KAE.xml,CGS - Charles Snow Projects,METTRP - Methow Smolt Trap at McFarland Creek Road Bridge,5/6/2021,METTRP - Methow Smolt Trap at McFarland Creek Road Bridge,5/6/2021,A,Pacific Lamprey,"10MM TAG, AMMOCOETE",114,1
3D9.1A4FA105DD,CGS-2021-066-KAE.xml,CGS - Charles Snow Projects,METTRP - Methow Smolt Trap at McFarland Creek Road Bridge,5/6/2021,METTRP - Methow Smolt Trap at McFarland Creek Road Bridge,5/6/2021,A,Pacific Lamprey,"10MM TAG, AMMOCOETE",110,1
3D9.1A4FA105DE,CGS-2021-066-KAE.xml,CGS - Charles Snow Projects,METTRP - Methow Smolt Trap at McFarland Creek Road Bridge,5/6/2021,METTRP - Methow Smolt Trap at McFarland Creek Road Bridge,5/6/2021,A,Pacific Lamprey,"10MM TAG, AMMOCOETE",121,1
3D9.1A4FA105DF,CGS-2021-066-KAE.xml,CGS - Charles Snow Projects,METTRP - Methow Smolt Trap at McFarland Creek Road Bridge,5/8/2021,METHR - Methow River,5/10/2021,A,Pacific Lamprey,"10MM TAG, AMMOCOETE",125,1
3D9.1A4FA105E0,CGS-2021-066-KAE.xml,CGS - Charles Snow Projects,METTRP - Methow Smolt Trap at McFarland Creek Road Bridge,5/6/2021,METTRP - Methow Smolt Trap at McFarland Creek Road Bridge,5/6/2021,A,Pacific Lamprey,"10MM TAG, AMMOCOETE",118,1
3D9.1A4FA105E1,CGS-2021-066-KAE.xml,CGS - Charles Snow Projects,METTRP - Methow Smolt Trap at McFarland Creek Road Bridge,5/10/2021,METHR - Methow River,5/10/2021,A,Pacific Lamprey,"10MM TAG, AMMOCOETE",123,1
3D9.1A4FA105E2,CGS-2021-066-KAE.xml,CGS - Charles Snow Projects,METTRP - Methow Smolt Trap at McFarland Creek Road Bridge,5/8/2021,METHR - Methow River,5/10/2021,A,Pacific Lamprey,"10MM TAG, AMMOCOETE",97,1
3D9.1A4FA105E3,CGS-2021-066-KAE.xml,CGS - Charles Snow Projects,METTRP - Methow Smolt Trap at McFarland Creek Road Bridge,5/6/2021,METTRP - Methow Smolt Trap at McFarland Creek Road Bridge,5/6/2021,A,Pacific Lamprey,"10MM TAG, AMMOCOETE",124,1
3D9.1A4FA105E4,CGS-2021-066-KAE.xml,CGS - Charles Snow Projects,METTRP - Methow Smolt Trap at McFarland Creek Road Bridge,5/8/2021,METHR - Methow River,5/10/2021,A,Pacific Lamprey,"10MM TAG, AMMOCOETE",125,1
3D9.1A4FA105E5,CGS-2021-066-KAE.xml,CGS - Charles Snow Projects,METTRP - Methow Smolt Trap at McFarland Creek Road Bridge,5/8/2021,METHR - Methow River,5/10/2021,A,Pacific Lamprey,"10MM TAG, AMMOCOETE",100,1
3D9.1A4FA105E6,CGS-2021-066-KAE.xml,CGS - Charles Snow Projects,METTRP - Methow Smolt Trap at McFarland Creek Road Bridge,5/6/2021,METTRP - Methow Smolt Trap at McFarland Creek Road Bridge,5/6/2021,A,Pacific Lamprey,"10MM TAG, AMMOCOETE",108,1
3D9.1A4FA105E7,CGS-2021-066-KAE.xml,CGS - Charles Snow Projects,METTRP - Methow Smolt Trap at McFarland Creek Road Bridge,5/8/2021,METHR - Methow River,5/10/2021,A,Pacific Lamprey,"10MM TAG, AMMOCOETE",139,1
3D9.1A4FA12E96,CGS-2022-051-KAE.xml,CGS - Charles Snow Projects,METTRP - Methow Smolt Trap at McFarland Creek Road Bridge,5/4/2022,METTRP - Methow Smolt Trap at McFarland Creek Road Bridge,5/5/2022,A,Pacific Lamprey,"10MM TAG, MACROPHTHALMIA",126,1
3D9.1A4FA12E97,CGS-2022-051-KAE.xml,CGS - Charles Snow Projects,METTRP - Methow Smolt Trap at McFarland Creek Road Bridge,5/6/2022,METTRP - Methow Smolt Trap at McFarland Creek Road Bridge,5/6/2022,A,Pacific Lamprey,"10MM TAG, MACROPHTHALMIA",135,1
3D9.1A4FA12E98,CGS-2022-051-KAE.xml,CGS - Charles Snow Projects,METTRP - Methow Smolt Trap at McFarland Creek Road Bridge,5/6/2022,METTRP - Methow Smolt Trap at McFarland Creek Road Bridge,5/6/2022,A,Pacific Lamprey,"10MM TAG, MACROPHTHALMIA",128,1
3D9.1A4FA12E99,CGS-2022-051-KAE.xml,CGS - Charles Snow Projects,METTRP - Methow Smolt Trap at McFarland Creek Road Bridge,5/6/2022,METTRP - Methow Smolt Trap at McFarland Creek Road Bridge,5/6/2022,A,Pacific Lamprey,"10MM TAG, MACROPHTHALMIA",130,1
3D9.1A4FA12E9A,CGS-2022-051-KAE.xml,CGS - Charles Snow Projects,METTRP - Methow Smolt Trap at McFarland Creek Road Bridge,5/6/2022,METTRP - Methow Smolt Trap at McFarland Creek Road Bridge,5/6/2022,A,Pacific Lamprey,"10MM TAG, MACROPHTHALMIA",130,1
3D9.1A4FA12E9B,CGS-2022-051-KAE.xml,CGS - Charles Snow Projects,METTRP - Methow Smolt Trap at McFarland Creek Road Bridge,5/6/2022,METTRP - Methow Smolt Trap at McFarland Creek Road Bridge,5/6/2022,A,Pacific Lamprey,"10MM TAG, MACROPHTHALMIA",126,1
3D9.1A4FA12E9C,CGS-2022-051-KAE.xml,CGS - Charles Snow Projects,METTRP - Methow Smolt Trap at McFarland Creek Road Bridge,5/6/2022,METTRP - Methow Smolt Trap at McFarland Creek Road Bridge,5/6/2022,A,Pacific Lamprey,"10MM TAG, MACROPHTHALMIA",125,1
3D9.1A4FA12E9D,CGS-2022-051-KAE.xml,CGS - Charles Snow Projects,METTRP - Methow Smolt Trap at McFarland Creek Road Bridge,5/30/2022,METTRP - Methow Smolt Trap at McFarland Creek Road Bridge,5/30/2022,A,Pacific Lamprey,"10MM TAG, MACROPHTHALMIA",130,1
3D9.1A4FA12E9E,CGS-2022-051-KAE.xml,CGS - Charles Snow Projects,METTRP - Methow Smolt Trap at McFarland Creek Road Bridge,5/6/2022,METTRP - Methow Smolt Trap at McFarland Creek Road Bridge,5/6/2022,A,Pacific Lamprey,"10MM TAG, MACROPHTHALMIA",134,1
3D9.1A4FA12E9F,CGS-2022-051-KAE.xml,CGS - Charles Snow Projects,METTRP - Methow Smolt Trap at McFarland Creek Road Bridge,5/5/2022,METTRP - Methow Smolt Trap at McFarland Creek Road Bridge,5/5/2022,A,Pacific Lamprey,"10MM TAG, MACROPHTHALMIA",125,1
3D9.1A4FA12EA0,CGS-2023-084-KAE.xml,CGS - Charles Snow Projects,METTRP - Methow Smolt Trap at McFarland Creek Road Bridge,4/16/2023,METHR - Methow River,4/16/2023,A,Pacific Lamprey,"10MM TAG, AMMOCOETE",125,1
3D9.1A4FA12EA1,CGS-2022-051-KAE.xml,CGS - Charles Snow Projects,METTRP - Methow Smolt Trap at McFarland Creek Road Bridge,5/6/2022,METTRP - Methow Smolt Trap at McFarland Creek Road Bridge,5/6/2022,A,Pacific Lamprey,"10MM TAG, MACROPHTHALMIA",125,1
3D9.1A4FA12EA2,CGS-2023-084-KAE.xml,CGS - Charles Snow Projects,METTRP - Methow Smolt Trap at McFarland Creek Road Bridge,4/13/2023,METHR - Methow River,4/13/2023,A,Pacific Lamprey,"10MM TAG, AMMOCOETE",126,1
3D9.1A4FA12EA3,CGS-2023-084-KAE.xml,CGS - Charles Snow Projects,METTRP - Methow Smolt Trap at McFarland Creek Road Bridge,4/18/2023,METHR - Methow River,4/19/2023,A,Pacific Lamprey,"10MM TAG, AMMOCOETE",125,1
3D9.1A4FA12EA4,CGS-2023-084-KAE.xml,CGS - Charles Snow Projects,METTRP - Methow Smolt Trap at McFarland Creek Road Bridge,4/13/2023,METHR - Methow River,4/13/2023,A,Pacific Lamprey,"10MM TAG, AMMOCOETE, LIKELY SHED TAG PRIOR TO RELEASE?",130,1
3D9.1A4FA12EA5,CGS-2022-051-KAE.xml,CGS - Charles Snow Projects,METTRP - Methow Smolt Trap at McFarland Creek Road Bridge,5/27/2022,METTRP - Methow Smolt Trap at McFarland Creek Road Bridge,5/28/2022,A,Pacific Lamprey,"10MM TAG, MACROPHTHALMIA",128,1
3D9.1A4FA12EA6,CGS-2023-084-KAE.xml,CGS - Charles Snow Projects,METTRP - Methow Smolt Trap at McFarland Creek Road Bridge,4/18/2023,METHR - Methow River,4/19/2023,A,Pacific Lamprey,"10MM TAG, AMMOCOETE",123,1
3D9.1A4FA12EA7,CGS-2022-051-KAE.xml,CGS - Charles Snow Projects,METTRP - Methow Smolt Trap at McFarland Creek Road Bridge,5/7/2022,METTRP - Methow Smolt Trap at McFarland Creek Road Bridge,5/7/2022,A,Pacific Lamprey,"10MM TAG, MACROPHTHALMIA",128,1
3D9.1A4FA12EA8,CGS-2022-051-KAE.xml,CGS - Charles Snow Projects,METTRP - Methow Smolt Trap at McFarland Creek Road Bridge,5/7/2022,METTRP - Methow Smolt Trap at McFarland Creek Road Bridge,5/7/2022,A,Pacific Lamprey,"10MM TAG, MACROPHTHALMIA",126,1
3D9.1A4FA12EAA,CGS-2023-084-KAE.xml,CGS - Charles Snow Projects,METTRP - Methow Smolt Trap at McFarland Creek Road Bridge,4/22/2023,METHR - Methow River,4/22/2023,A,Pacific Lamprey,"10MM TAG, AMMOCOETE",123,1
3D9.1A4FA12EAB,CGS-2022-051-KAE.xml,CGS - Charles Snow Projects,METTRP - Methow Smolt Trap at McFarland Creek Road Bridge,5/19/2022,METTRP - Methow Smolt Trap at McFarland Creek Road Bridge,5/19/2022,A,Pacific Lamprey,"10MM TAG, MACROPHTHALMIA",122,1
3D9.1A4FA12EAC,CGS-2023-084-KAE.xml,CGS - Charles Snow Projects,METTRP - Methow Smolt Trap at McFarland Creek Road Bridge,4/14/2023,METHR - Methow River,4/16/2023,A,Pacific Lamprey,"10MM TAG, AMMOCOETE",131,1
3D9.1A4FA12EAD,CGS-2022-051-KAE.xml,CGS - Charles Snow Projects,METTRP - Methow Smolt Trap at McFarland Creek Road Bridge,5/28/2022,METTRP - Methow Smolt Trap at McFarland Creek Road Bridge,5/29/2022,A,Pacific Lamprey,"10MM TAG, MACROPHTHALMIA",131,1
3D9.1A4FA12EAE,CGS-2022-051-KAE.xml,CGS - Charles Snow Projects,METTRP - Methow Smolt Trap at McFarland Creek Road Bridge,5/5/2022,METTRP - Methow Smolt Trap at McFarland Creek Road Bridge,5/5/2022,A,Pacific Lamprey,"10MM TAG, MACROPHTHALMIA",128,1
3D9.1A4FA12EAF,CGS-2022-051-KAE.xml,CGS - Charles Snow Projects,METTRP - Methow Smolt Trap at McFarland Creek Road Bridge,5/6/2022,METTRP - Methow Smolt Trap at McFarland Creek Road Bridge,5/6/2022,A,Pacific Lamprey,"10MM TAG, MACROPHTHALMIA",134,1
3D9.1A4FA12EB1,CGS-2022-051-KAE.xml,CGS - Charles Snow Projects,METTRP - Methow Smolt Trap at McFarland Creek Road Bridge,5/6/2022,METTRP - Methow Smolt Trap at McFarland Creek Road Bridge,5/6/2022,A,Pacific Lamprey,"10MM TAG, MACROPHTHALMIA",127,1
3D9.1A4FA12EB2,CGS-2022-051-KAE.xml,CGS - Charles Snow Projects,METTRP - Methow Smolt Trap at McFarland Creek Road Bridge,5/6/2022,METTRP - Methow Smolt Trap at McFarland Creek Road Bridge,5/6/2022,A,Pacific Lamprey,"10MM TAG, MACROPHTHALMIA",123,1
3D9.1A4FA12EB3,CGS-2022-051-KAE.xml,CGS - Charles Snow Projects,METTRP - Methow Smolt Trap at McFarland Creek Road Bridge,5/5/2022,METTRP - Methow Smolt Trap at McFarland Creek Road Bridge,5/5/2022,A,Pacific Lamprey,"10MM TAG, MACROPHTHALMIA",129,1
3D9.1A4FA12EB4,CGS-2022-051-KAE.xml,CGS - Charles Snow Projects,METTRP - Methow Smolt Trap at McFarland Creek Road Bridge,5/5/2022,METTRP - Methow Smolt Trap at McFarland Creek Road Bridge,5/5/2022,A,Pacific Lamprey,"10MM TAG, MACROPHTHALMIA",127,1
3D9.1A4FA12EB5,CGS-2022-051-KAE.xml,CGS - Charles Snow Projects,METTRP - Methow Smolt Trap at McFarland Creek Road Bridge,5/5/2022,METTRP - Methow Smolt Trap at McFarland Creek Road Bridge,5/5/2022,A,Pacific Lamprey,"10MM TAG, MACROPHTHALMIA",132,1
3D9.1A4FA12EB6,CGS-2022-051-KAE.xml,CGS - Charles Snow Projects,METTRP - Methow Smolt Trap at McFarland Creek Road Bridge,5/7/2022,METTRP - Methow Smolt Trap at McFarland Creek Road Bridge,5/7/2022,A,Pacific Lamprey,"10MM TAG, MACROPHTHALMIA",124,1
3D9.1A4FA12EB7,CGS-2022-051-KAE.xml,CGS - Charles Snow Projects,METTRP - Methow Smolt Trap at McFarland Creek Road Bridge,5/7/2022,METTRP - Methow Smolt Trap at McFarland Creek Road Bridge,5/7/2022,A,Pacific Lamprey,"10MM TAG, MACROPHTHALMIA",141,1
3D9.1A4FA12EB8,CGS-2023-084-KAE.xml,CGS - Charles Snow Projects,METTRP - Methow Smolt Trap at McFarland Creek Road Bridge,4/10/2023,METHR - Methow River,4/13/2023,A,Pacific Lamprey,"10MM TAG, AMMOCOETE",107,1
3D9.1A4FA12EB9,CGS-2022-051-KAE.xml,CGS - Charles Snow Projects,METTRP - Methow Smolt Trap at McFarland Creek Road Bridge,5/5/2022,METTRP - Methow Smolt Trap at McFarland Creek Road Bridge,5/5/2022,A,Pacific Lamprey,"10MM TAG, MACROPHTHALMIA",127,1
3D9.1A4FA12EBA,CGS-2022-051-KAE.xml,CGS - Charles Snow Projects,METTRP - Methow Smolt Trap at McFarland Creek Road Bridge,5/6/2022,METTRP - Methow Smolt Trap at McFarland Creek Road Bridge,5/6/2022,A,Pacific Lamprey,"10MM TAG, MACROPHTHALMIA",131,1
3D9.1A4FA12EBB,CGS-2023-084-KAE.xml,CGS - Charles Snow Projects,METTRP - Methow Smolt Trap at McFarland Creek Road Bridge,4/13/2023,METHR - Methow River,4/13/2023,A,Pacific Lamprey,"10MM TAG, AMMOCOETE",132,1
3D9.1A4FA12EBC,CGS-2022-051-KAE.xml,CGS - Charles Snow Projects,METTRP - Methow Smolt Trap at McFarland Creek Road Bridge,5/5/2022,METTRP - Methow Smolt Trap at McFarland Creek Road Bridge,5/5/2022,A,Pacific Lamprey,"10MM TAG, MACROPHTHALMIA",130,1
3D9.1A4FA12EBE,CGS-2022-051-KAE.xml,CGS - Charles Snow Projects,METTRP - Methow Smolt Trap at McFarland Creek Road Bridge,5/4/2022,METTRP - Methow Smolt Trap at McFarland Creek Road Bridge,5/5/2022,A,Pacific Lamprey,"10MM TAG, MACROPHTHALMIA",125,1
3D9.1A4FA12EBF,CGS-2022-051-KAE.xml,CGS - Charles Snow Projects,METTRP - Methow Smolt Trap at McFarland Creek Road Bridge,5/7/2022,METTRP - Methow Smolt Trap at McFarland Creek Road Bridge,5/7/2022,A,Pacific Lamprey,"10MM TAG, MACROPHTHALMIA",129,1
3D9.1A4FA12EC0,CGS-2023-084-KAE.xml,CGS - Charles Snow Projects,METTRP - Methow Smolt Trap at McFarland Creek Road Bridge,4/11/2023,METHR - Methow River,4/13/2023,A,Pacific Lamprey,"10MM TAG, AMMOCOETE",114,1
3D9.1A4FA12EC1,CGS-2022-051-KAE.xml,CGS - Charles Snow Projects,METTRP - Methow Smolt Trap at McFarland Creek Road Bridge,5/6/2022,METTRP - Methow Smolt Trap at McFarland Creek Road Bridge,5/6/2022,A,Pacific Lamprey,"10MM TAG, MACROPHTHALMIA",128,1
3D9.1A4FA12EC2,CGS-2023-084-KAE.xml,CGS - Charles Snow Projects,METTRP - Methow Smolt Trap at McFarland Creek Road Bridge,4/19/2023,METHR - Methow River,4/19/2023,A,Pacific Lamprey,"10MM TAG, AMMOCOETE",121,1
3D9.1A4FA12EC3,CGS-2022-051-KAE.xml,CGS - Charles Snow Projects,METTRP - Methow Smolt Trap at McFarland Creek Road Bridge,5/4/2022,METTRP - Methow Smolt Trap at McFarland Creek Road Bridge,5/4/2022,A,Pacific Lamprey,"10MM TAG, MACROPHTHALMIA",122,1
3D9.1A4FA12EC4,CGS-2022-051-KAE.xml,CGS - Charles Snow Projects,METTRP - Methow Smolt Trap at McFarland Creek Road Bridge,5/6/2022,METTRP - Methow Smolt Trap at McFarland Creek Road Bridge,5/6/2022,A,Pacific Lamprey,"10MM TAG, MACROPHTHALMIA",131,1
3D9.1A4FA12EC5,CGS-2022-051-KAE.xml,CGS - Charles Snow Projects,METTRP - Methow Smolt Trap at McFarland Creek Road Bridge,5/6/2022,METTRP - Methow Smolt Trap at McFarland Creek Road Bridge,5/6/2022,A,Pacific Lamprey,"10MM TAG, MACROPHTHALMIA",132,1
3D9.1A4FA12EC7,CGS-2022-051-KAE.xml,CGS - Charles Snow Projects,METTRP - Methow Smolt Trap at McFarland Creek Road Bridge,5/6/2022,METTRP - Methow Smolt Trap at McFarland Creek Road Bridge,5/6/2022,A,Pacific Lamprey,"10MM TAG, MACROPHTHALMIA",128,1
3D9.1A4FA12EC9,CGS-2023-084-KAE.xml,CGS - Charles Snow Projects,METTRP - Methow Smolt Trap at McFarland Creek Road Bridge,4/13/2023,METHR - Methow River,4/13/2023,A,Pacific Lamprey,"10MM TAG, AMMOCOETE",130,1
3D9.1A4FA12ECA,CGS-2022-051-KAE.xml,CGS - Charles Snow Projects,METTRP - Methow Smolt Trap at McFarland Creek Road Bridge,5/6/2022,METTRP - Methow Smolt Trap at McFarland Creek Road Bridge,5/6/2022,A,Pacific Lamprey,"10MM TAG, MACROPHTHALMIA",129,1
3D9.1A4FA12ECB,CGS-2022-051-KAE.xml,CGS - Charles Snow Projects,METTRP - Methow Smolt Trap at McFarland Creek Road Bridge,5/6/2022,METTRP - Methow Smolt Trap at McFarland Creek Road Bridge,5/6/2022,A,Pacific Lamprey,"10MM TAG, MACROPHTHALMIA",131,1
3D9.1A4FA12ECC,CGS-2023-084-KAE.xml,CGS - Charles Snow Projects,METTRP - Methow Smolt Trap at McFarland Creek Road Bridge,4/10/2023,METHR - Methow River,4/13/2023,A,Pacific Lamprey,"10MM TAG, AMMOCOETE",131,1
3D9.1A4FA12ECD,CGS-2023-084-KAE.xml,CGS - Charles Snow Projects,METTRP - Methow Smolt Trap at McFarland Creek Road Bridge,4/15/2023,METHR - Methow River,4/16/2023,A,Pacific Lamprey,"10MM TAG, AMMOCOETE",136,1
3D9.1A4FA12ECE,CGS-2022-051-KAE.xml,CGS - Charles Snow Projects,METTRP - Methow Smolt Trap at McFarland Creek Road Bridge,5/6/2022,METTRP - Methow Smolt Trap at McFarland Creek Road Bridge,5/6/2022,A,Pacific Lamprey,"10MM TAG, MACROPHTHALMIA",130,1
3D9.1A4FA12ECF,CGS-2022-051-KAE.xml,CGS - Charles Snow Projects,METTRP - Methow Smolt Trap at McFarland Creek Road Bridge,5/6/2022,METTRP - Methow Smolt Trap at McFarland Creek Road Bridge,5/6/2022,A,Pacific Lamprey,"10MM TAG, MACROPHTHALMIA",128,1
3D9.1A4FA12ED0,CGS-2022-051-KAE.xml,CGS - Charles Snow Projects,METTRP - Methow Smolt Trap at McFarland Creek Road Bridge,6/3/2022,METTRP - Methow Smolt Trap at McFarland Creek Road Bridge,6/3/2022,A,Pacific Lamprey,"10MM TAG, MACROPHTHALMIA",130,1
3D9.1A4FA12ED1,CGS-2022-051-KAE.xml,CGS - Charles Snow Projects,METTRP - Methow Smolt Trap at McFarland Creek Road Bridge,5/7/2022,METTRP - Methow Smolt Trap at McFarland Creek Road Bridge,5/7/2022,A,Pacific Lamprey,"10MM TAG, MACROPHTHALMIA",128,1
3D9.1A4FA12ED2,CGS-2022-051-KAE.xml,CGS - Charles Snow Projects,METTRP - Methow Smolt Trap at McFarland Creek Road Bridge,5/7/2022,METTRP - Methow Smolt Trap at McFarland Creek Road Bridge,5/7/2022,A,Pacific Lamprey,"10MM TAG, MACROPHTHALMIA",129,1
3D9.1A4FA12ED3,CGS-2023-084-KAE.xml,CGS - Charles Snow Projects,METTRP - Methow Smolt Trap at McFarland Creek Road Bridge,4/15/2023,METHR - Methow River,4/16/2023,A,Pacific Lamprey,"10MM TAG, AMMOCOETE",128,1
3D9.1A4FA12ED4,CGS-2022-051-KAE.xml,CGS - Charles Snow Projects,METTRP - Methow Smolt Trap at McFarland Creek Road Bridge,5/6/2022,METTRP - Methow Smolt Trap at McFarland Creek Road Bridge,5/6/2022,A,Pacific Lamprey,"10MM TAG, MACROPHTHALMIA",125,1
3D9.1A4FA12ED5,CGS-2022-051-KAE.xml,CGS - Charles Snow Projects,METTRP - Methow Smolt Trap at McFarland Creek Road Bridge,5/6/2022,METTRP - Methow Smolt Trap at McFarland Creek Road Bridge,5/6/2022,A,Pacific Lamprey,"10MM TAG, MACROPHTHALMIA",133,1
3D9.1A4FA12ED6,CGS-2022-051-KAE.xml,CGS - Charles Snow Projects,METTRP - Methow Smolt Trap at McFarland Creek Road Bridge,5/7/2022,METTRP - Methow Smolt Trap at McFarland Creek Road Bridge,5/7/2022,A,Pacific Lamprey,"10MM TAG, MACROPHTHALMIA",130,1
3D9.1A4FA12ED7,CGS-2022-051-KAE.xml,CGS - Charles Snow Projects,METTRP - Methow Smolt Trap at McFarland Creek Road Bridge,5/5/2022,METTRP - Methow Smolt Trap at McFarland Creek Road Bridge,5/5/2022,A,Pacific Lamprey,"10MM TAG, MACROPHTHALMIA",119,1
3D9.1A4FA12ED9,CGS-2022-051-KAE.xml,CGS - Charles Snow Projects,METTRP - Methow Smolt Trap at McFarland Creek Road Bridge,5/28/2022,METTRP - Methow Smolt Trap at McFarland Creek Road Bridge,5/29/2022,A,Pacific Lamprey,"10MM TAG, MACROPHTHALMIA",128,1
3D9.1A4FA12EDA,CGS-2022-051-KAE.xml,CGS - Charles Snow Projects,METTRP - Methow Smolt Trap at McFarland Creek Road Bridge,5/5/2022,METTRP - Methow Smolt Trap at McFarland Creek Road Bridge,5/5/2022,A,Pacific Lamprey,"10MM TAG, MACROPHTHALMIA",134,1
3D9.1A4FA12EDB,CGS-2022-051-KAE.xml,CGS - Charles Snow Projects,METTRP - Methow Smolt Trap at McFarland Creek Road Bridge,5/6/2022,METTRP - Methow Smolt Trap at McFarland Creek Road Bridge,5/6/2022,A,Pacific Lamprey,"10MM TAG, MACROPHTHALMIA",127,1
3D9.1A4FA12EDC,CGS-2022-051-KAE.xml,CGS - Charles Snow Projects,METTRP - Methow Smolt Trap at McFarland Creek Road Bridge,5/6/2022,METTRP - Methow Smolt Trap at McFarland Creek Road Bridge,5/6/2022,A,Pacific Lamprey,"10MM TAG, MACROPHTHALMIA",129,1
3D9.1A4FA12EDD,CGS-2022-051-KAE.xml,CGS - Charles Snow Projects,METTRP - Methow Smolt Trap at McFarland Creek Road Bridge,5/5/2022,METTRP - Methow Smolt Trap at McFarland Creek Road Bridge,5/5/2022,A,Pacific Lamprey,"10MM TAG, MACROPHTHALMIA",130,1
3D9.1A4FA12EDE,CGS-2023-084-KAE.xml,CGS - Charles Snow Projects,METTRP - Methow Smolt Trap at McFarland Creek Road Bridge,4/11/2023,METHR - Methow River,4/13/2023,A,Pacific Lamprey,"10MM TAG, AMMOCOETE",125,1
3D9.1A4FA12EDF,CGS-2023-084-KAE.xml,CGS - Charles Snow Projects,METTRP - Methow Smolt Trap at McFarland Creek Road Bridge,4/5/2023,METHR - Methow River,4/6/2023,A,Pacific Lamprey,"10MM TAG, AMMOCOETE",108,1
3D9.1A4FA12EE0,CGS-2023-084-KAE.xml,CGS - Charles Snow Projects,METTRP - Methow Smolt Trap at McFarland Creek Road Bridge,4/11/2023,METHR - Methow River,4/13/2023,A,Pacific Lamprey,"10MM TAG, AMMOCOETE",127,1
3D9.1A4FA12EE1,CGS-2022-051-KAE.xml,CGS - Charles Snow Projects,METTRP - Methow Smolt Trap at McFarland Creek Road Bridge,5/6/2022,METTRP - Methow Smolt Trap at McFarland Creek Road Bridge,5/6/2022,A,Pacific Lamprey,"10MM TAG, MACROPHTHALMIA",123,1
3D9.1A4FA12EE2,CGS-2023-084-KAE.xml,CGS - Charles Snow Projects,METTRP - Methow Smolt Trap at McFarland Creek Road Bridge,4/14/2023,METHR - Methow River,4/16/2023,A,Pacific Lamprey,"10MM TAG, AMMOCOETE, LIKELY SHED TAG PRIOR TO RELEASE?",120,1
3D9.1A4FA12EE3,CGS-2023-084-KAE.xml,CGS - Charles Snow Projects,METTRP - Methow Smolt Trap at McFarland Creek Road Bridge,4/10/2023,METHR - Methow River,4/13/2023,A,Pacific Lamprey,"10MM TAG, AMMOCOETE",134,1
3D9.1A4FA12EE5,CGS-2022-051-KAE.xml,CGS - Charles Snow Projects,METTRP - Methow Smolt Trap at McFarland Creek Road Bridge,5/7/2022,METTRP - Methow Smolt Trap at McFarland Creek Road Bridge,5/7/2022,A,Pacific Lamprey,"10MM TAG, MACROPHTHALMIA",126,1
3D9.1A4FA12EE6,CGS-2023-084-KAE.xml,CGS - Charles Snow Projects,METTRP - Methow Smolt Trap at McFarland Creek Road Bridge,4/16/2023,METHR - Methow River,4/16/2023,A,Pacific Lamprey,"10MM TAG, AMMOCOETE",123,1
3D9.1A4FA12EE7,CGS-2022-051-KAE.xml,CGS - Charles Snow Projects,METTRP - Methow Smolt Trap at McFarland Creek Road Bridge,5/6/2022,METTRP - Methow Smolt Trap at McFarland Creek Road Bridge,5/6/2022,A,Pacific Lamprey,"10MM TAG, MACROPHTHALMIA",135,1
3D9.1A4FA12EE8,CGS-2022-051-KAE.xml,CGS - Charles Snow Projects,METTRP - Methow Smolt Trap at McFarland Creek Road Bridge,5/5/2022,METTRP - Methow Smolt Trap at McFarland Creek Road Bridge,5/5/2022,A,Pacific Lamprey,"10MM TAG, MACROPHTHALMIA",128,1
3D9.1A4FA12EE9,CGS-2022-051-KAE.xml,CGS - Charles Snow Projects,METTRP - Methow Smolt Trap at McFarland Creek Road Bridge,5/4/2022,METTRP - Methow Smolt Trap at McFarland Creek Road Bridge,5/5/2022,A,Pacific Lamprey,"10MM TAG, MACROPHTHALMIA",117,1
3D9.1A4FA12EEA,CGS-2023-084-KAE.xml,CGS - Charles Snow Projects,METTRP - Methow Smolt Trap at McFarland Creek Road Bridge,4/16/2023,METHR - Methow River,4/16/2023,A,Pacific Lamprey,"10MM TAG, AMMOCOETE",124,1
3D9.1A4FA12EEB,CGS-2022-051-KAE.xml,CGS - Charles Snow Projects,METTRP - Methow Smolt Trap at McFarland Creek Road Bridge,5/6/2022,METTRP - Methow Smolt Trap at McFarland Creek Road Bridge,5/6/2022,A,Pacific Lamprey,"10MM TAG, MACROPHTHALMIA",126,1
3D9.1A4FA12EEC,CGS-2022-051-KAE.xml,CGS - Charles Snow Projects,METTRP - Methow Smolt Trap at McFarland Creek Road Bridge,5/6/2022,METTRP - Methow Smolt Trap at McFarland Creek Road Bridge,5/6/2022,A,Pacific Lamprey,"10MM TAG, MACROPHTHALMIA",124,1
3D9.1A4FA12EED,CGS-2022-051-KAE.xml,CGS - Charles Snow Projects,METTRP - Methow Smolt Trap at McFarland Creek Road Bridge,5/5/2022,METTRP - Methow Smolt Trap at McFarland Creek Road Bridge,5/5/2022,A,Pacific Lamprey,"10MM TAG, MACROPHTHALMIA",134,1
3D9.1A4FA12EEE,CGS-2022-051-KAE.xml,CGS - Charles Snow Projects,METTRP - Methow Smolt Trap at McFarland Creek Road Bridge,5/7/2022,METTRP - Methow Smolt Trap at McFarland Creek Road Bridge,5/7/2022,A,Pacific Lamprey,"10MM TAG, MACROPHTHALMIA",136,1
3D9.1A4FA12EEF,CGS-2022-051-KAE.xml,CGS - Charles Snow Projects,METTRP - Methow Smolt Trap at McFarland Creek Road Bridge,5/6/2022,METTRP - Methow Smolt Trap at McFarland Creek Road Bridge,5/6/2022,A,Pacific Lamprey,"10MM TAG, MACROPHTHALMIA",127,1
3D9.1A4FA12EF0,CGS-2023-084-KAE.xml,CGS - Charles Snow Projects,METTRP - Methow Smolt Trap at McFarland Creek Road Bridge,4/20/2023,METHR - Methow River,4/22/2023,A,Pacific Lamprey,"10MM TAG, AMMOCOETE",122,1
3D9.1A4FA12EF2,CGS-2022-051-KAE.xml,CGS - Charles Snow Projects,METTRP - Methow Smolt Trap at McFarland Creek Road Bridge,5/5/2022,METTRP - Methow Smolt Trap at McFarland Creek Road Bridge,5/5/2022,A,Pacific Lamprey,"10MM TAG, MACROPHTHALMIA",130,1
3D9.1A4FA12EF3,CGS-2023-084-KAE.xml,CGS - Charles Snow Projects,METTRP - Methow Smolt Trap at McFarland Creek Road Bridge,4/10/2023,METHR - Methow River,4/13/2023,A,Pacific Lamprey,"10MM TAG, AMMOCOETE",137,1
3D9.1A4FA12EF4,CGS-2023-084-KAE.xml,CGS - Charles Snow Projects,METTRP - Methow Smolt Trap at McFarland Creek Road Bridge,4/16/2023,METHR - Methow River,4/16/2023,A,Pacific Lamprey,"10MM TAG, AMMOCOETE",122,1
3D9.1A4FA12EF5,CGS-2022-051-KAE.xml,CGS - Charles Snow Projects,METTRP - Methow Smolt Trap at McFarland Creek Road Bridge,5/5/2022,METTRP - Methow Smolt Trap at McFarland Creek Road Bridge,5/5/2022,A,Pacific Lamprey,"10MM TAG, MACROPHTHALMIA",132,1
3D9.1A4FA12EF6,CGS-2022-051-KAE.xml,CGS - Charles Snow Projects,METTRP - Methow Smolt Trap at McFarland Creek Road Bridge,5/7/2022,METTRP - Methow Smolt Trap at McFarland Creek Road Bridge,5/7/2022,A,Pacific Lamprey,"10MM TAG, MACROPHTHALMIA",120,1
3D9.1A4FA12EF7,CGS-2022-051-KAE.xml,CGS - Charles Snow Projects,METTRP - Methow Smolt Trap at McFarland Creek Road Bridge,5/30/2022,METTRP - Methow Smolt Trap at McFarland Creek Road Bridge,5/30/2022,A,Pacific Lamprey,"10MM TAG, MACROPHTHALMIA",129,1
3D9.1A4FA12EF8,CGS-2022-051-KAE.xml,CGS - Charles Snow Projects,METTRP - Methow Smolt Trap at McFarland Creek Road Bridge,5/6/2022,METTRP - Methow Smolt Trap at McFarland Creek Road Bridge,5/6/2022,A,Pacific Lamprey,"10MM TAG, MACROPHTHALMIA",134,1
3D9.1A4FA12EF9,CGS-2022-051-KAE.xml,CGS - Charles Snow Projects,METTRP - Methow Smolt Trap at McFarland Creek Road Bridge,5/6/2022,METTRP - Methow Smolt Trap at McFarland Creek Road Bridge,5/6/2022,A,Pacific Lamprey,"10MM TAG, MACROPHTHALMIA",135,1
3D9.1A4FAAAA87,CGS-2023-084-KAE.xml,CGS - Charles Snow Projects,METTRP - Methow Smolt Trap at McFarland Creek Road Bridge,6/12/2023,METHR - Methow River,6/14/2023,A,Pacific Lamprey,"10MM TAG, AMMOCOETE",118,1
3D9.1A4FAAAA88,CGS-2023-084-KAE.xml,CGS - Charles Snow Projects,METTRP - Methow Smolt Trap at McFarland Creek Road Bridge,6/9/2023,METHR - Methow River,6/10/2023,A,Pacific Lamprey,"10MM TAG, AMMOCOETE",125,1
3D9.1A4FAAAA89,CGS-2023-084-KAE.xml,CGS - Charles Snow Projects,METTRP - Methow Smolt Trap at McFarland Creek Road Bridge,6/10/2023,METHR - Methow River,6/10/2023,A,Pacific Lamprey,"10MM TAG, AMMOCOETE",114,1
3D9.1A4FAAAA8A,CGS-2023-084-KAE.xml,CGS - Charles Snow Projects,METTRP - Methow Smolt Trap at McFarland Creek Road Bridge,6/10/2023,METHR - Methow River,6/10/2023,A,Pacific Lamprey,"10MM TAG, AMMOCOETE",100,1
3D9.1A4FAAAA8B,CGS-2023-084-KAE.xml,CGS - Charles Snow Projects,METTRP - Methow Smolt Trap at McFarland Creek Road Bridge,6/5/2023,METHR - Methow River,6/7/2023,A,Pacific Lamprey,"10MM TAG, AMMOCOETE",100,1
3D9.1A4FAAAA8E,CGS-2023-084-KAE.xml,CGS - Charles Snow Projects,METTRP - Methow Smolt Trap at McFarland Creek Road Bridge,6/8/2023,METHR - Methow River,6/10/2023,A,Pacific Lamprey,"10MM TAG, AMMOCOETE",90,1
3D9.1A4FAAAA8F,CGS-2023-084-KAE.xml,CGS - Charles Snow Projects,METTRP - Methow Smolt Trap at McFarland Creek Road Bridge,6/9/2023,METHR - Methow River,6/10/2023,A,Pacific Lamprey,"10MM TAG, AMMOCOETE",127,1
3D9.1A4FAAAA90,CGS-2023-084-KAE.xml,CGS - Charles Snow Projects,METTRP - Methow Smolt Trap at McFarland Creek Road Bridge,6/12/2023,METHR - Methow River,6/14/2023,A,Pacific Lamprey,"10MM TAG, AMMOCOETE",115,1
3D9.1A4FAAAA91,CGS-2023-084-KAE.xml,CGS - Charles Snow Projects,METTRP - Methow Smolt Trap at McFarland Creek Road Bridge,6/11/2023,METHR - Methow River,6/14/2023,A,Pacific Lamprey,"10MM TAG, AMMOCOETE",105,1
3D9.1A4FAAAA92,CGS-2023-084-KAE.xml,CGS - Charles Snow Projects,METTRP - Methow Smolt Trap at McFarland Creek Road Bridge,6/8/2023,METHR - Methow River,6/10/2023,A,Pacific Lamprey,"10MM TAG, AMMOCOETE",94,1
3D9.1A4FAAAA93,CGS-2023-084-KAE.xml,CGS - Charles Snow Projects,METTRP - Methow Smolt Trap at McFarland Creek Road Bridge,6/11/2023,METHR - Methow River,6/14/2023,A,Pacific Lamprey,"10MM TAG, AMMOCOETE",101,1
3D9.1A4FAAAA95,CGS-2023-084-KAE.xml,CGS - Charles Snow Projects,METTRP - Methow Smolt Trap at McFarland Creek Road Bridge,6/5/2023,METHR - Methow River,6/7/2023,A,Pacific Lamprey,"10MM TAG, AMMOCOETE",118,1
3D9.1A4FAAAA96,CGS-2023-084-KAE.xml,CGS - Charles Snow Projects,METTRP - Methow Smolt Trap at McFarland Creek Road Bridge,6/11/2023,METHR - Methow River,6/14/2023,A,Pacific Lamprey,"10MM TAG, AMMOCOETE",112,1
3D9.1A4FAAAA97,CGS-2023-084-KAE.xml,CGS - Charles Snow Projects,METTRP - Methow Smolt Trap at McFarland Creek Road Bridge,6/9/2023,METHR - Methow River,6/10/2023,A,Pacific Lamprey,"10MM TAG, AMMOCOETE",105,1
3D9.1A4FAAAA98,CGS-2023-084-KAE.xml,CGS - Charles Snow Projects,METTRP - Methow Smolt Trap at McFarland Creek Road Bridge,6/9/2023,METHR - Methow River,6/10/2023,A,Pacific Lamprey,"10MM TAG, AMMOCOETE",126,1
3D9.1A4FAAAA99,CGS-2023-084-KAE.xml,CGS - Charles Snow Projects,METTRP - Methow Smolt Trap at McFarland Creek Road Bridge,6/10/2023,METHR - Methow River,6/10/2023,A,Pacific Lamprey,"10MM TAG, AMMOCOETE",105,1
3D9.1A4FAAAA9A,CGS-2023-084-KAE.xml,CGS - Charles Snow Projects,METTRP - Methow Smolt Trap at McFarland Creek Road Bridge,6/5/2023,METHR - Methow River,6/7/2023,A,Pacific Lamprey,"10MM TAG, AMMOCOETE",112,1
3D9.1A4FAAAA9B,CGS-2023-084-KAE.xml,CGS - Charles Snow Projects,METTRP - Methow Smolt Trap at McFarland Creek Road Bridge,6/11/2023,METHR - Methow River,6/14/2023,A,Pacific Lamprey,"10MM TAG, AMMOCOETE",97,1
3D9.1A4FAAAA9C,CGS-2023-084-KAE.xml,CGS - Charles Snow Projects,METTRP - Methow Smolt Trap at McFarland Creek Road Bridge,6/9/2023,METHR - Methow River,6/10/2023,A,Pacific Lamprey,"10MM TAG, AMMOCOETE",108,1
3D9.1A4FAAAA9D,CGS-2023-084-KAE.xml,CGS - Charles Snow Projects,METTRP - Methow Smolt Trap at McFarland Creek Road Bridge,6/5/2023,METHR - Methow River,6/7/2023,A,Pacific Lamprey,"10MM TAG, AMMOCOETE",108,1
3D9.1A4FAAAA9E,CGS-2023-084-KAE.xml,CGS - Charles Snow Projects,METTRP - Methow Smolt Trap at McFarland Creek Road Bridge,6/8/2023,METHR - Methow River,6/10/2023,A,Pacific Lamprey,"10MM TAG, AMMOCOETE",109,1
3D9.1A4FAAAA9F,CGS-2023-084-KAE.xml,CGS - Charles Snow Projects,METTRP - Methow Smolt Trap at McFarland Creek Road Bridge,6/12/2023,METHR - Methow River,6/14/2023,A,Pacific Lamprey,"10MM TAG, AMMOCOETE",100,1
3D9.1A4FAAAAA0,CGS-2023-084-KAE.xml,CGS - Charles Snow Projects,METTRP - Methow Smolt Trap at McFarland Creek Road Bridge,6/5/2023,METHR - Methow River,6/7/2023,A,Pacific Lamprey,"10MM TAG, AMMOCOETE",129,1
3D9.1A4FAAAAA1,CGS-2023-084-KAE.xml,CGS - Charles Snow Projects,METTRP - Methow Smolt Trap at McFarland Creek Road Bridge,6/12/2023,METHR - Methow River,6/14/2023,A,Pacific Lamprey,"10MM TAG, AMMOCOETE",112,1
3D9.1A4FAAAAA2,CGS-2023-084-KAE.xml,CGS - Charles Snow Projects,METTRP - Methow Smolt Trap at McFarland Creek Road Bridge,6/5/2023,METHR - Methow River,6/7/2023,A,Pacific Lamprey,"10MM TAG, AMMOCOETE",109,1
3D9.1A4FAAAAA3,CGS-2023-084-KAE.xml,CGS - Charles Snow Projects,METTRP - Methow Smolt Trap at McFarland Creek Road Bridge,6/11/2023,METHR - Methow River,6/14/2023,A,Pacific Lamprey,"10MM TAG, AMMOCOETE",116,1
3D9.1A4FAAAAA4,CGS-2023-084-KAE.xml,CGS - Charles Snow Projects,METTRP - Methow Smolt Trap at McFarland Creek Road Bridge,6/11/2023,METHR - Methow River,6/14/2023,A,Pacific Lamprey,"10MM TAG, AMMOCOETE",99,1
3D9.1A4FAAAAA5,CGS-2023-084-KAE.xml,CGS - Charles Snow Projects,METTRP - Methow Smolt Trap at McFarland Creek Road Bridge,6/9/2023,METHR - Methow River,6/10/2023,A,Pacific Lamprey,"10MM TAG, AMMOCOETE",112,1
3D9.1A4FAAAAA6,CGS-2023-084-KAE.xml,CGS - Charles Snow Projects,METTRP - Methow Smolt Trap at McFarland Creek Road Bridge,6/11/2023,METHR - Methow River,6/14/2023,A,Pacific Lamprey,"10MM TAG, AMMOCOETE",124,1
3D9.1A4FAAAAA7,CGS-2023-084-KAE.xml,CGS - Charles Snow Projects,METTRP - Methow Smolt Trap at McFarland Creek Road Bridge,6/10/2023,METHR - Methow River,6/10/2023,A,Pacific Lamprey,"10MM TAG, AMMOCOETE",106,1
3D9.1A4FAAAAA8,CGS-2023-084-KAE.xml,CGS - Charles Snow Projects,METTRP - Methow Smolt Trap at McFarland Creek Road Bridge,6/11/2023,METHR - Methow River,6/14/2023,A,Pacific Lamprey,"10MM TAG, AMMOCOETE",124,1
3D9.1A4FAAAAA9,CGS-2023-084-KAE.xml,CGS - Charles Snow Projects,METTRP - Methow Smolt Trap at McFarland Creek Road Bridge,6/9/2023,METHR - Methow River,6/10/2023,A,Pacific Lamprey,"10MM TAG, AMMOCOETE",132,1
3D9.1A4FAAAAAA,CGS-2023-084-KAE.xml,CGS - Charles Snow Projects,METTRP - Methow Smolt Trap at McFarland Creek Road Bridge,6/9/2023,METHR - Methow River,6/10/2023,A,Pacific Lamprey,"10MM TAG, AMMOCOETE",112,1
3D9.1A4FAAAAAB,CGS-2023-084-KAE.xml,CGS - Charles Snow Projects,METTRP - Methow Smolt Trap at McFarland Creek Road Bridge,6/8/2023,METHR - Methow River,6/10/2023,A,Pacific Lamprey,"10MM TAG, AMMOCOETE",114,1
3D9.1A4FAAAAAD,CGS-2023-084-KAE.xml,CGS - Charles Snow Projects,METTRP - Methow Smolt Trap at McFarland Creek Road Bridge,6/11/2023,METHR - Methow River,6/14/2023,A,Pacific Lamprey,"10MM TAG, AMMOCOETE",123,1
3D9.1A4FAAAAAE,CGS-2023-084-KAE.xml,CGS - Charles Snow Projects,METTRP - Methow Smolt Trap at McFarland Creek Road Bridge,6/11/2023,METHR - Methow River,6/14/2023,A,Pacific Lamprey,"10MM TAG, AMMOCOETE",103,1
3D9.1A4FAAAAAF,CGS-2023-084-KAE.xml,CGS - Charles Snow Projects,METTRP - Methow Smolt Trap at McFarland Creek Road Bridge,6/5/2023,METHR - Methow River,6/7/2023,A,Pacific Lamprey,"10MM TAG, AMMOCOETE",101,1
3D9.1A4FAAAAB0,CGS-2023-084-KAE.xml,CGS - Charles Snow Projects,METTRP - Methow Smolt Trap at McFarland Creek Road Bridge,6/8/2023,METHR - Methow River,6/10/2023,A,Pacific Lamprey,"10MM TAG, AMMOCOETE",107,1
3D9.1A4FAAAAB1,CGS-2023-084-KAE.xml,CGS - Charles Snow Projects,METTRP - Methow Smolt Trap at McFarland Creek Road Bridge,6/12/2023,METHR - Methow River,6/14/2023,A,Pacific Lamprey,"10MM TAG, AMMOCOETE",116,1
3D9.1A4FAAAAB2,CGS-2023-084-KAE.xml,CGS - Charles Snow Projects,METTRP - Methow Smolt Trap at McFarland Creek Road Bridge,6/9/2023,METHR - Methow River,6/10/2023,A,Pacific Lamprey,"10MM TAG, AMMOCOETE",106,1
3D9.1A4FAAAAB4,CGS-2023-084-KAE.xml,CGS - Charles Snow Projects,METTRP - Methow Smolt Trap at McFarland Creek Road Bridge,6/10/2023,METHR - Methow River,6/10/2023,A,Pacific Lamprey,"10MM TAG, AMMOCOETE",100,1
3D9.1A4FAAAAB5,CGS-2023-084-KAE.xml,CGS - Charles Snow Projects,METTRP - Methow Smolt Trap at McFarland Creek Road Bridge,6/9/2023,METHR - Methow River,6/10/2023,A,Pacific Lamprey,"10MM TAG, AMMOCOETE",117,1
3D9.1A4FAAAAB6,CGS-2023-084-KAE.xml,CGS - Charles Snow Projects,METTRP - Methow Smolt Trap at McFarland Creek Road Bridge,6/8/2023,METHR - Methow River,6/10/2023,A,Pacific Lamprey,"10MM TAG, AMMOCOETE",99,1
3D9.1A4FAAAAB8,CGS-2023-084-KAE.xml,CGS - Charles Snow Projects,METTRP - Methow Smolt Trap at McFarland Creek Road Bridge,6/9/2023,METHR - Methow River,6/10/2023,A,Pacific Lamprey,"10MM TAG, AMMOCOETE",130,1
3D9.1A4FAAAAB9,CGS-2023-084-KAE.xml,CGS - Charles Snow Projects,METTRP - Methow Smolt Trap at McFarland Creek Road Bridge,6/10/2023,METHR - Methow River,6/10/2023,A,Pacific Lamprey,"10MM TAG, AMMOCOETE",111,1
3D9.1A4FAAAABA,CGS-2023-084-KAE.xml,CGS - Charles Snow Projects,METTRP - Methow Smolt Trap at McFarland Creek Road Bridge,6/8/2023,METHR - Methow River,6/10/2023,A,Pacific Lamprey,"10MM TAG, AMMOCOETE",109,1
3D9.1A4FAAAABC,CGS-2023-084-KAE.xml,CGS - Charles Snow Projects,METTRP - Methow Smolt Trap at McFarland Creek Road Bridge,6/10/2023,METHR - Methow River,6/10/2023,A,Pacific Lamprey,"10MM TAG, AMMOCOETE",81,1
3D9.1A4FAAAABD,CGS-2023-084-KAE.xml,CGS - Charles Snow Projects,METTRP - Methow Smolt Trap at McFarland Creek Road Bridge,6/10/2023,METHR - Methow River,6/10/2023,A,Pacific Lamprey,"10MM TAG, AMMOCOETE",105,1
3D9.1A4FAAAABE,CGS-2023-084-KAE.xml,CGS - Charles Snow Projects,METTRP - Methow Smolt Trap at McFarland Creek Road Bridge,6/10/2023,METHR - Methow River,6/10/2023,A,Pacific Lamprey,"10MM TAG, AMMOCOETE",111,1
3D9.1A4FAAAABF,CGS-2023-084-KAE.xml,CGS - Charles Snow Projects,METTRP - Methow Smolt Trap at McFarland Creek Road Bridge,6/5/2023,METHR - Methow River,6/7/2023,A,Pacific Lamprey,"10MM TAG, AMMOCOETE",98,1
3D9.1A4FAAAAC0,CGS-2023-084-KAE.xml,CGS - Charles Snow Projects,METTRP - Methow Smolt Trap at McFarland Creek Road Bridge,6/11/2023,METHR - Methow River,6/14/2023,A,Pacific Lamprey,"10MM TAG, AMMOCOETE",113,1
3D9.1A4FAAAAC1,CGS-2023-084-KAE.xml,CGS - Charles Snow Projects,METTRP - Methow Smolt Trap at McFarland Creek Road Bridge,6/10/2023,METHR - Methow River,6/10/2023,A,Pacific Lamprey,"10MM TAG, AMMOCOETE",98,1
3D9.1A4FAAAAC2,CGS-2023-084-KAE.xml,CGS - Charles Snow Projects,METTRP - Methow Smolt Trap at McFarland Creek Road Bridge,6/10/2023,METHR - Methow River,6/10/2023,A,Pacific Lamprey,"10MM TAG, AMMOCOETE",102,1
3D9.1A4FAAAAC3,CGS-2023-084-KAE.xml,CGS - Charles Snow Projects,METTRP - Methow Smolt Trap at McFarland Creek Road Bridge,6/9/2023,METHR - Methow River,6/10/2023,A,Pacific Lamprey,"10MM TAG, AMMOCOETE",102,1
3D9.1A4FAAAAC4,CGS-2023-084-KAE.xml,CGS - Charles Snow Projects,METTRP - Methow Smolt Trap at McFarland Creek Road Bridge,6/9/2023,METHR - Methow River,6/10/2023,A,Pacific Lamprey,"10MM TAG, AMMOCOETE",150,1
3D9.1A4FAAAAC7,CGS-2023-084-KAE.xml,CGS - Charles Snow Projects,METTRP - Methow Smolt Trap at McFarland Creek Road Bridge,6/10/2023,METHR - Methow River,6/10/2023,A,Pacific Lamprey,"10MM TAG, AMMOCOETE",115,1
3D9.1A4FAAAAC8,CGS-2023-084-KAE.xml,CGS - Charles Snow Projects,METTRP - Methow Smolt Trap at McFarland Creek Road Bridge,6/9/2023,METHR - Methow River,6/10/2023,A,Pacific Lamprey,"10MM TAG, AMMOCOETE",107,1
3D9.1A4FAAAAC9,CGS-2023-084-KAE.xml,CGS - Charles Snow Projects,METTRP - Methow Smolt Trap at McFarland Creek Road Bridge,6/5/2023,METHR - Methow River,6/7/2023,A,Pacific Lamprey,"10MM TAG, AMMOCOETE",125,1
3D9.1A4FAAAACA,CGS-2023-084-KAE.xml,CGS - Charles Snow Projects,METTRP - Methow Smolt Trap at McFarland Creek Road Bridge,6/9/2023,METHR - Methow River,6/10/2023,A,Pacific Lamprey,"10MM TAG, AMMOCOETE",101,1
3D9.1A4FAAAACB,CGS-2023-084-KAE.xml,CGS - Charles Snow Projects,METTRP - Methow Smolt Trap at McFarland Creek Road Bridge,6/10/2023,METHR - Methow River,6/10/2023,A,Pacific Lamprey,"10MM TAG, AMMOCOETE",120,1
3D9.1A4FAAAACC,CGS-2023-084-KAE.xml,CGS - Charles Snow Projects,METTRP - Methow Smolt Trap at McFarland Creek Road Bridge,6/5/2023,METHR - Methow River,6/7/2023,A,Pacific Lamprey,"10MM TAG, AMMOCOETE",98,1
3D9.1A4FAAAACD,CGS-2023-084-KAE.xml,CGS - Charles Snow Projects,METTRP - Methow Smolt Trap at McFarland Creek Road Bridge,6/9/2023,METHR - Methow River,6/10/2023,A,Pacific Lamprey,"10MM TAG, AMMOCOETE",110,1
3D9.1A4FAAAACE,CGS-2023-084-KAE.xml,CGS - Charles Snow Projects,METTRP - Methow Smolt Trap at McFarland Creek Road Bridge,6/10/2023,METHR - Methow River,6/10/2023,A,Pacific Lamprey,"10MM TAG, AMMOCOETE",90,1
3D9.1A4FAAAACF,CGS-2023-084-KAE.xml,CGS - Charles Snow Projects,METTRP - Methow Smolt Trap at McFarland Creek Road Bridge,6/10/2023,METHR - Methow River,6/10/2023,A,Pacific Lamprey,"10MM TAG, AMMOCOETE",111,1
3D9.1A4FAAAAD0,CGS-2023-084-KAE.xml,CGS - Charles Snow Projects,METTRP - Methow Smolt Trap at McFarland Creek Road Bridge,6/11/2023,METHR - Methow River,6/14/2023,A,Pacific Lamprey,"10MM TAG, AMMOCOETE",121,1
3D9.1A4FAAAAD1,CGS-2023-084-KAE.xml,CGS - Charles Snow Projects,METTRP - Methow Smolt Trap at McFarland Creek Road Bridge,6/12/2023,METHR - Methow River,6/14/2023,A,Pacific Lamprey,"10MM TAG, AMMOCOETE",117,1
3D9.1A4FAAAAD2,CGS-2023-084-KAE.xml,CGS - Charles Snow Projects,METTRP - Methow Smolt Trap at McFarland Creek Road Bridge,6/10/2023,METHR - Methow River,6/10/2023,A,Pacific Lamprey,"10MM TAG, AMMOCOETE",100,1
3D9.1A4FAAAAD4,CGS-2023-084-KAE.xml,CGS - Charles Snow Projects,METTRP - Methow Smolt Trap at McFarland Creek Road Bridge,6/9/2023,METHR - Methow River,6/10/2023,A,Pacific Lamprey,"10MM TAG, AMMOCOETE",115,1
3D9.1A4FAAAAD5,CGS-2023-084-KAE.xml,CGS - Charles Snow Projects,METTRP - Methow Smolt Trap at McFarland Creek Road Bridge,6/8/2023,METHR - Methow River,6/10/2023,A,Pacific Lamprey,"10MM TAG, AMMOCOETE",104,1
3D9.1A4FAAAAD6,CGS-2023-084-KAE.xml,CGS - Charles Snow Projects,METTRP - Methow Smolt Trap at McFarland Creek Road Bridge,6/9/2023,METHR - Methow River,6/10/2023,A,Pacific Lamprey,"10MM TAG, AMMOCOETE",115,1
3D9.1A4FAAAAD7,CGS-2023-084-KAE.xml,CGS - Charles Snow Projects,METTRP - Methow Smolt Trap at McFarland Creek Road Bridge,6/8/2023,METHR - Methow River,6/10/2023,A,Pacific Lamprey,"10MM TAG, AMMOCOETE",90,1
3D9.1A4FAAAAD8,CGS-2023-084-KAE.xml,CGS - Charles Snow Projects,METTRP - Methow Smolt Trap at McFarland Creek Road Bridge,6/5/2023,METHR - Methow River,6/7/2023,A,Pacific Lamprey,"10MM TAG, AMMOCOETE",98,1
3D9.1A4FAAAAD9,CGS-2023-084-KAE.xml,CGS - Charles Snow Projects,METTRP - Methow Smolt Trap at McFarland Creek Road Bridge,6/8/2023,METHR - Methow River,6/10/2023,A,Pacific Lamprey,"10MM TAG, AMMOCOETE",104,1
3D9.1A4FAAAADA,CGS-2023-084-KAE.xml,CGS - Charles Snow Projects,METTRP - Methow Smolt Trap at McFarland Creek Road Bridge,6/11/2023,METHR - Methow River,6/14/2023,A,Pacific Lamprey,"10MM TAG, AMMOCOETE",96,1
3D9.1A4FAAAADB,CGS-2023-084-KAE.xml,CGS - Charles Snow Projects,METTRP - Methow Smolt Trap at McFarland Creek Road Bridge,6/11/2023,METHR - Methow River,6/14/2023,A,Pacific Lamprey,"10MM TAG, AMMOCOETE",108,1
3D9.1A4FAAAADC,CGS-2023-084-KAE.xml,CGS - Charles Snow Projects,METTRP - Methow Smolt Trap at McFarland Creek Road Bridge,6/5/2023,METHR - Methow River,6/7/2023,A,Pacific Lamprey,"10MM TAG, AMMOCOETE",117,1
3D9.1A4FAAAADD,CGS-2023-084-KAE.xml,CGS - Charles Snow Projects,METTRP - Methow Smolt Trap at McFarland Creek Road Bridge,6/8/2023,METHR - Methow River,6/10/2023,A,Pacific Lamprey,"10MM TAG, AMMOCOETE",93,1
3D9.1A4FAAAADE,CGS-2023-084-KAE.xml,CGS - Charles Snow Projects,METTRP - Methow Smolt Trap at McFarland Creek Road Bridge,6/10/2023,METHR - Methow River,6/10/2023,A,Pacific Lamprey,"10MM TAG, AMMOCOETE",100,1
3D9.1A4FAAAADF,CGS-2023-084-KAE.xml,CGS - Charles Snow Projects,METTRP - Methow Smolt Trap at McFarland Creek Road Bridge,6/5/2023,METHR - Methow River,6/7/2023,A,Pacific Lamprey,"10MM TAG, AMMOCOETE",103,1
3D9.1A4FAAAAE0,CGS-2023-084-KAE.xml,CGS - Charles Snow Projects,METTRP - Methow Smolt Trap at McFarland Creek Road Bridge,6/11/2023,METHR - Methow River,6/14/2023,A,Pacific Lamprey,"10MM TAG, AMMOCOETE",111,1
3D9.1A4FAAAAE1,CGS-2023-084-KAE.xml,CGS - Charles Snow Projects,METTRP - Methow Smolt Trap at McFarland Creek Road Bridge,6/10/2023,METHR - Methow River,6/10/2023,A,Pacific Lamprey,"10MM TAG, AMMOCOETE",120,1
3D9.1A4FAAAAE3,CGS-2023-084-KAE.xml,CGS - Charles Snow Projects,METTRP - Methow Smolt Trap at McFarland Creek Road Bridge,6/9/2023,METHR - Methow River,6/10/2023,A,Pacific Lamprey,"10MM TAG, AMMOCOETE",104,1
3D9.1A4FAAAAE4,CGS-2023-084-KAE.xml,CGS - Charles Snow Projects,METTRP - Methow Smolt Trap at McFarland Creek Road Bridge,6/5/2023,METHR - Methow River,6/7/2023,A,Pacific Lamprey,"10MM TAG, AMMOCOETE",105,1
3D9.1A4FAAAAE5,CGS-2023-084-KAE.xml,CGS - Charles Snow Projects,METTRP - Methow Smolt Trap at McFarland Creek Road Bridge,6/11/2023,METHR - Methow River,6/14/2023,A,Pacific Lamprey,"10MM TAG, AMMOCOETE",115,1
3D9.1A4FAAAAE6,CGS-2023-084-KAE.xml,CGS - Charles Snow Projects,METTRP - Methow Smolt Trap at McFarland Creek Road Bridge,6/8/2023,METHR - Methow River,6/10/2023,A,Pacific Lamprey,"10MM TAG, AMMOCOETE",112,1
3D9.1A4FAAAAE7,CGS-2023-084-KAE.xml,CGS - Charles Snow Projects,METTRP - Methow Smolt Trap at McFarland Creek Road Bridge,6/10/2023,METHR - Methow River,6/10/2023,A,Pacific Lamprey,"10MM TAG, AMMOCOETE",97,1
3D9.1A4FAAAAE8,CGS-2023-084-KAE.xml,CGS - Charles Snow Projects,METTRP - Methow Smolt Trap at McFarland Creek Road Bridge,6/5/2023,METHR - Methow River,6/7/2023,A,Pacific Lamprey,"10MM TAG, AMMOCOETE",92,1
3D9.1A4FAAAAEA,CGS-2023-084-KAE.xml,CGS - Charles Snow Projects,METTRP - Methow Smolt Trap at McFarland Creek Road Bridge,6/11/2023,METHR - Methow River,6/14/2023,A,Pacific Lamprey,"10MM TAG, AMMOCOETE",112,1
3D9.1A4FAAAAEB,CGS-2023-084-KAE.xml,CGS - Charles Snow Projects,METTRP - Methow Smolt Trap at McFarland Creek Road Bridge,6/5/2023,METHR - Methow River,6/7/2023,A,Pacific Lamprey,"10MM TAG, AMMOCOETE",113,1
3D9.1A4FAAAAEC,CGS-2023-084-KAE.xml,CGS - Charles Snow Projects,METTRP - Methow Smolt Trap at McFarland Creek Road Bridge,5/27/2023,METHR - Methow River,5/29/2023,A,Pacific Lamprey,"10MM TAG, AMMOCOETE",121,1
3D9.1A4FAAAAED,CGS-2023-084-KAE.xml,CGS - Charles Snow Projects,METTRP - Methow Smolt Trap at McFarland Creek Road Bridge,5/28/2023,METHR - Methow River,5/29/2023,A,Pacific Lamprey,"10MM TAG, AMMOCOETE",126,1
3D9.1A4FAAAAEE,CGS-2023-084-KAE.xml,CGS - Charles Snow Projects,METTRP - Methow Smolt Trap at McFarland Creek Road Bridge,5/27/2023,METHR - Methow River,5/29/2023,A,Pacific Lamprey,"10MM TAG, AMMOCOETE",128,1
3D9.1A4FAAAAEF,CGS-2023-084-KAE.xml,CGS - Charles Snow Projects,METTRP - Methow Smolt Trap at McFarland Creek Road Bridge,5/29/2023,METHR - Methow River,5/29/2023,A,Pacific Lamprey,"10MM TAG, AMMOCOETE",130,1
3D9.1A4FAAAAF0,CGS-2023-084-KAE.xml,CGS - Charles Snow Projects,METTRP - Methow Smolt Trap at McFarland Creek Road Bridge,5/27/2023,METHR - Methow River,5/29/2023,A,Pacific Lamprey,"10MM TAG, AMMOCOETE",121,1
3D9.1A4FAAAAF1,CGS-2023-084-KAE.xml,CGS - Charles Snow Projects,METTRP - Methow Smolt Trap at McFarland Creek Road Bridge,4/24/2023,METHR - Methow River,4/25/2023,A,Pacific Lamprey,"10MM TAG, AMMOCOETE",126,1
3D9.1A4FAAAAF2,CGS-2023-084-KAE.xml,CGS - Charles Snow Projects,METTRP - Methow Smolt Trap at McFarland Creek Road Bridge,5/24/2023,METHR - Methow River,5/26/2023,A,Pacific Lamprey,"10MM TAG, AMMOCOETE",131,1
3D9.1A4FAAAAF3,CGS-2023-084-KAE.xml,CGS - Charles Snow Projects,METTRP - Methow Smolt Trap at McFarland Creek Road Bridge,5/31/2023,METHR - Methow River,6/1/2023,A,Pacific Lamprey,"10MM TAG, AMMOCOETE",123,1
3D9.1A4FAAAAF4,CGS-2023-084-KAE.xml,CGS - Charles Snow Projects,METTRP - Methow Smolt Trap at McFarland Creek Road Bridge,5/30/2023,METHR - Methow River,6/1/2023,A,Pacific Lamprey,"10MM TAG, AMMOCOETE",124,1
3D9.1A4FAAAAF5,CGS-2023-084-KAE.xml,CGS - Charles Snow Projects,METTRP - Methow Smolt Trap at McFarland Creek Road Bridge,5/27/2023,METHR - Methow River,5/29/2023,A,Pacific Lamprey,"10MM TAG, AMMOCOETE",125,1
3D9.1A4FAAAAF6,CGS-2023-084-KAE.xml,CGS - Charles Snow Projects,METTRP - Methow Smolt Trap at McFarland Creek Road Bridge,4/28/2023,METHR - Methow River,4/28/2023,A,Pacific Lamprey,"10MM TAG, MACROPHTHALMIA",133,1
3D9.1A4FAAAAF7,CGS-2023-084-KAE.xml,CGS - Charles Snow Projects,METTRP - Methow Smolt Trap at McFarland Creek Road Bridge,6/2/2023,METHR - Methow River,6/4/2023,A,Pacific Lamprey,"10MM TAG, AMMOCOETE",106,1
3D9.1A4FAAAAF8,CGS-2023-084-KAE.xml,CGS - Charles Snow Projects,METTRP - Methow Smolt Trap at McFarland Creek Road Bridge,5/29/2023,METHR - Methow River,5/29/2023,A,Pacific Lamprey,"10MM TAG, AMMOCOETE",133,1
3D9.1A4FAAAAF9,CGS-2023-084-KAE.xml,CGS - Charles Snow Projects,METTRP - Methow Smolt Trap at McFarland Creek Road Bridge,4/26/2023,METHR - Methow River,4/28/2023,A,Pacific Lamprey,"10MM TAG, AMMOCOETE",126,1
3D9.1A4FAAAAFA,CGS-2023-084-KAE.xml,CGS - Charles Snow Projects,METTRP - Methow Smolt Trap at McFarland Creek Road Bridge,4/22/2023,METHR - Methow River,4/22/2023,A,Pacific Lamprey,"10MM TAG, AMMOCOETE",115,1
3D9.1A4FAAAAFB,CGS-2023-084-KAE.xml,CGS - Charles Snow Projects,METTRP - Methow Smolt Trap at McFarland Creek Road Bridge,5/26/2023,METHR - Methow River,5/26/2023,A,Pacific Lamprey,"10MM TAG, AMMOCOETE",132,1
3D9.1A4FAAAAFC,CGS-2023-084-KAE.xml,CGS - Charles Snow Projects,METTRP - Methow Smolt Trap at McFarland Creek Road Bridge,5/28/2023,METHR - Methow River,5/29/2023,A,Pacific Lamprey,"10MM TAG, AMMOCOETE",116,1
3D9.1A4FAAAAFD,CGS-2023-084-KAE.xml,CGS - Charles Snow Projects,METTRP - Methow Smolt Trap at McFarland Creek Road Bridge,4/25/2023,METHR - Methow River,4/25/2023,A,Pacific Lamprey,"10MM TAG, AMMOCOETE",121,1
3D9.1A4FAAAAFE,CGS-2023-084-KAE.xml,CGS - Charles Snow Projects,METTRP - Methow Smolt Trap at McFarland Creek Road Bridge,5/30/2023,METHR - Methow River,6/1/2023,A,Pacific Lamprey,"10MM TAG, AMMOCOETE",125,1
3D9.1A4FAAAAFF,CGS-2023-084-KAE.xml,CGS - Charles Snow Projects,METTRP - Methow Smolt Trap at McFarland Creek Road Bridge,5/26/2023,METHR - Methow River,5/26/2023,A,Pacific Lamprey,"10MM TAG, AMMOCOETE",132,1
3D9.1A4FAAAB00,CGS-2023-084-KAE.xml,CGS - Charles Snow Projects,METTRP - Methow Smolt Trap at McFarland Creek Road Bridge,4/29/2023,METHR - Methow River,5/1/2023,A,Pacific Lamprey,"10MM TAG, MACROPHTHALMIA",135,1
3D9.1A4FAAAB01,CGS-2023-084-KAE.xml,CGS - Charles Snow Projects,METTRP - Methow Smolt Trap at McFarland Creek Road Bridge,4/25/2023,METHR - Methow River,4/25/2023,A,Pacific Lamprey,"10MM TAG, AMMOCOETE",127,1
3D9.1A4FAAAB02,CGS-2023-084-KAE.xml,CGS - Charles Snow Projects,METTRP - Methow Smolt Trap at McFarland Creek Road Bridge,5/27/2023,METHR - Methow River,5/29/2023,A,Pacific Lamprey,"10MM TAG, AMMOCOETE",124,1
3D9.1A4FAAAB03,CGS-2023-084-KAE.xml,CGS - Charles Snow Projects,METTRP - Methow Smolt Trap at McFarland Creek Road Bridge,5/2/2023,METTRP - Methow Smolt Trap at McFarland Creek Road Bridge,5/5/2023,A,Pacific Lamprey,"10MM TAG, MACROPHTHALMIA",130,1
3D9.1A4FAAAB04,CGS-2023-084-KAE.xml,CGS - Charles Snow Projects,METTRP - Methow Smolt Trap at McFarland Creek Road Bridge,5/26/2023,METHR - Methow River,5/26/2023,A,Pacific Lamprey,"10MM TAG, AMMOCOETE",131,1
3D9.1A4FAAAB05,CGS-2023-084-KAE.xml,CGS - Charles Snow Projects,METTRP - Methow Smolt Trap at McFarland Creek Road Bridge,4/26/2023,METHR - Methow River,4/28/2023,A,Pacific Lamprey,"10MM TAG, AMMOCOETE",132,1
3D9.1A4FAAAB06,CGS-2023-084-KAE.xml,CGS - Charles Snow Projects,METTRP - Methow Smolt Trap at McFarland Creek Road Bridge,5/26/2023,METHR - Methow River,5/26/2023,A,Pacific Lamprey,"10MM TAG, AMMOCOETE",130,1
3D9.1A4FAAAB07,CGS-2023-084-KAE.xml,CGS - Charles Snow Projects,METTRP - Methow Smolt Trap at McFarland Creek Road Bridge,5/29/2023,METHR - Methow River,5/29/2023,A,Pacific Lamprey,"10MM TAG, AMMOCOETE",126,1
3D9.1A4FAAAB08,CGS-2023-084-KAE.xml,CGS - Charles Snow Projects,METTRP - Methow Smolt Trap at McFarland Creek Road Bridge,5/30/2023,METHR - Methow River,6/1/2023,A,Pacific Lamprey,"10MM TAG, AMMOCOETE",129,1
3D9.1A4FAAAB09,CGS-2023-084-KAE.xml,CGS - Charles Snow Projects,METTRP - Methow Smolt Trap at McFarland Creek Road Bridge,4/30/2023,METHR - Methow River,5/1/2023,A,Pacific Lamprey,"10MM TAG, MACROPHTHALMIA",141,1
3D9.1A4FAAAB0A,CGS-2023-084-KAE.xml,CGS - Charles Snow Projects,METTRP - Methow Smolt Trap at McFarland Creek Road Bridge,5/26/2023,METHR - Methow River,5/26/2023,A,Pacific Lamprey,"10MM TAG, AMMOCOETE",104,1
3D9.1A4FAAAB0B,CGS-2023-084-KAE.xml,CGS - Charles Snow Projects,METTRP - Methow Smolt Trap at McFarland Creek Road Bridge,5/30/2023,METHR - Methow River,6/1/2023,A,Pacific Lamprey,"10MM TAG, AMMOCOETE",109,1
3D9.1A4FAAAB0C,CGS-2023-084-KAE.xml,CGS - Charles Snow Projects,METTRP - Methow Smolt Trap at McFarland Creek Road Bridge,4/29/2023,METHR - Methow River,5/1/2023,A,Pacific Lamprey,"10MM TAG, MACROPHTHALMIA",151,1
3D9.1A4FAAAB0D,CGS-2023-084-KAE.xml,CGS - Charles Snow Projects,METTRP - Methow Smolt Trap at McFarland Creek Road Bridge,5/29/2023,METHR - Methow River,5/29/2023,A,Pacific Lamprey,"10MM TAG, AMMOCOETE",127,1
3D9.1A4FAAAB0E,CGS-2023-084-KAE.xml,CGS - Charles Snow Projects,METTRP - Methow Smolt Trap at McFarland Creek Road Bridge,5/28/2023,METHR - Methow River,5/29/2023,A,Pacific Lamprey,"10MM TAG, AMMOCOETE",120,1
3D9.1A4FAAAB0F,CGS-2023-084-KAE.xml,CGS - Charles Snow Projects,METTRP - Methow Smolt Trap at McFarland Creek Road Bridge,5/28/2023,METHR - Methow River,5/29/2023,A,Pacific Lamprey,"10MM TAG, AMMOCOETE",105,1
3D9.1A4FAAAB10,CGS-2023-084-KAE.xml,CGS - Charles Snow Projects,METTRP - Methow Smolt Trap at McFarland Creek Road Bridge,5/31/2023,METHR - Methow River,6/1/2023,A,Pacific Lamprey,"10MM TAG, AMMOCOETE",123,1
3D9.1A4FAAAB11,CGS-2023-084-KAE.xml,CGS - Charles Snow Projects,METTRP - Methow Smolt Trap at McFarland Creek Road Bridge,5/29/2023,METHR - Methow River,5/29/2023,A,Pacific Lamprey,"10MM TAG, AMMOCOETE",114,1
3D9.1A4FAAAB12,CGS-2023-084-KAE.xml,CGS - Charles Snow Projects,METTRP - Methow Smolt Trap at McFarland Creek Road Bridge,5/31/2023,METHR - Methow River,6/1/2023,A,Pacific Lamprey,"10MM TAG, AMMOCOETE",116,1
3D9.1A4FAAAB14,CGS-2023-084-KAE.xml,CGS - Charles Snow Projects,METTRP - Methow Smolt Trap at McFarland Creek Road Bridge,5/29/2023,METHR - Methow River,5/29/2023,A,Pacific Lamprey,"10MM TAG, AMMOCOETE",128,1
3D9.1A4FAAAB15,CGS-2023-084-KAE.xml,CGS - Charles Snow Projects,METTRP - Methow Smolt Trap at McFarland Creek Road Bridge,4/26/2023,METHR - Methow River,4/28/2023,A,Pacific Lamprey,"10MM TAG, AMMOCOETE",131,1
3D9.1A4FAAAB16,CGS-2023-084-KAE.xml,CGS - Charles Snow Projects,METTRP - Methow Smolt Trap at McFarland Creek Road Bridge,5/28/2023,METHR - Methow River,5/29/2023,A,Pacific Lamprey,"10MM TAG, AMMOCOETE",115,1
3D9.1A4FAAAB17,CGS-2023-084-KAE.xml,CGS - Charles Snow Projects,METTRP - Methow Smolt Trap at McFarland Creek Road Bridge,5/29/2023,METHR - Methow River,5/29/2023,A,Pacific Lamprey,"10MM TAG, AMMOCOETE",124,1
3D9.1A4FAAAB18,CGS-2023-084-KAE.xml,CGS - Charles Snow Projects,METTRP - Methow Smolt Trap at McFarland Creek Road Bridge,5/27/2023,METHR - Methow River,5/29/2023,A,Pacific Lamprey,"10MM TAG, AMMOCOETE",129,1
3D9.1A4FAAAB19,CGS-2023-084-KAE.xml,CGS - Charles Snow Projects,METTRP - Methow Smolt Trap at McFarland Creek Road Bridge,4/29/2023,METHR - Methow River,5/1/2023,A,Pacific Lamprey,"10MM TAG, MACROPHTHALMIA",141,1
3D9.1A4FAAAB1A,CGS-2023-084-KAE.xml,CGS - Charles Snow Projects,METTRP - Methow Smolt Trap at McFarland Creek Road Bridge,5/26/2023,METHR - Methow River,5/26/2023,A,Pacific Lamprey,"10MM TAG, AMMOCOETE",112,1
3D9.1A4FAAAB1B,CGS-2023-084-KAE.xml,CGS - Charles Snow Projects,METTRP - Methow Smolt Trap at McFarland Creek Road Bridge,4/25/2023,METHR - Methow River,4/25/2023,A,Pacific Lamprey,"10MM TAG, AMMOCOETE",126,1
3D9.1A4FAAAB1C,CGS-2023-084-KAE.xml,CGS - Charles Snow Projects,METTRP - Methow Smolt Trap at McFarland Creek Road Bridge,5/30/2023,METHR - Methow River,6/1/2023,A,Pacific Lamprey,"10MM TAG, AMMOCOETE",106,1
3D9.1A4FAAAB1D,CGS-2023-084-KAE.xml,CGS - Charles Snow Projects,METTRP - Methow Smolt Trap at McFarland Creek Road Bridge,5/27/2023,METHR - Methow River,5/29/2023,A,Pacific Lamprey,"10MM TAG, AMMOCOETE",127,1
3D9.1A4FAAAB1F,CGS-2023-084-KAE.xml,CGS - Charles Snow Projects,METTRP - Methow Smolt Trap at McFarland Creek Road Bridge,5/28/2023,METHR - Methow River,5/29/2023,A,Pacific Lamprey,"10MM TAG, AMMOCOETE",122,1
3D9.1A4FAAAB20,CGS-2023-084-KAE.xml,CGS - Charles Snow Projects,METTRP - Methow Smolt Trap at McFarland Creek Road Bridge,5/27/2023,METHR - Methow River,5/29/2023,A,Pacific Lamprey,"10MM TAG, AMMOCOETE",116,1
3D9.1A4FAAAB21,CGS-2023-084-KAE.xml,CGS - Charles Snow Projects,METTRP - Methow Smolt Trap at McFarland Creek Road Bridge,5/29/2023,METHR - Methow River,5/29/2023,A,Pacific Lamprey,"10MM TAG, AMMOCOETE",127,1
3D9.1A4FAAAB22,CGS-2023-084-KAE.xml,CGS - Charles Snow Projects,METTRP - Methow Smolt Trap at McFarland Creek Road Bridge,4/29/2023,METHR - Methow River,5/1/2023,A,Pacific Lamprey,"10MM TAG, MACROPHTHALMIA",135,1
3D9.1A4FAAAB23,CGS-2023-084-KAE.xml,CGS - Charles Snow Projects,METTRP - Methow Smolt Trap at McFarland Creek Road Bridge,5/26/2023,METHR - Methow River,5/26/2023,A,Pacific Lamprey,"10MM TAG, AMMOCOETE",107,1
3D9.1A4FAAAB24,CGS-2023-084-KAE.xml,CGS - Charles Snow Projects,METTRP - Methow Smolt Trap at McFarland Creek Road Bridge,4/26/2023,METHR - Methow River,4/28/2023,A,Pacific Lamprey,"10MM TAG, AMMOCOETE",131,1
3D9.1A4FAAAB25,CGS-2023-084-KAE.xml,CGS - Charles Snow Projects,METTRP - Methow Smolt Trap at McFarland Creek Road Bridge,4/29/2023,METHR - Methow River,5/1/2023,A,Pacific Lamprey,"10MM TAG, MACROPHTHALMIA",138,1
3D9.1A4FAAAB26,CGS-2023-084-KAE.xml,CGS - Charles Snow Projects,METTRP - Methow Smolt Trap at McFarland Creek Road Bridge,5/28/2023,METHR - Methow River,5/29/2023,A,Pacific Lamprey,"10MM TAG, AMMOCOETE",125,1
3D9.1A4FAAAB28,CGS-2023-084-KAE.xml,CGS - Charles Snow Projects,METTRP - Methow Smolt Trap at McFarland Creek Road Bridge,5/28/2023,METHR - Methow River,5/29/2023,A,Pacific Lamprey,"10MM TAG, AMMOCOETE",122,1
3D9.1A4FAAAB29,CGS-2023-084-KAE.xml,CGS - Charles Snow Projects,METTRP - Methow Smolt Trap at McFarland Creek Road Bridge,5/26/2023,METHR - Methow River,5/26/2023,A,Pacific Lamprey,"10MM TAG, AMMOCOETE",97,1
3D9.1A4FAAAB2A,CGS-2023-084-KAE.xml,CGS - Charles Snow Projects,METTRP - Methow Smolt Trap at McFarland Creek Road Bridge,5/27/2023,METHR - Methow River,5/29/2023,A,Pacific Lamprey,"10MM TAG, AMMOCOETE",127,1
3D9.1A4FAAAB2B,CGS-2023-084-KAE.xml,CGS - Charles Snow Projects,METTRP - Methow Smolt Trap at McFarland Creek Road Bridge,5/31/2023,METHR - Methow River,6/1/2023,A,Pacific Lamprey,"10MM TAG, AMMOCOETE",124,1
3D9.1A4FAAAB2C,CGS-2023-084-KAE.xml,CGS - Charles Snow Projects,METTRP - Methow Smolt Trap at McFarland Creek Road Bridge,5/29/2023,METHR - Methow River,5/29/2023,A,Pacific Lamprey,"10MM TAG, AMMOCOETE",125,1
3D9.1A4FAAAB2E,CGS-2023-084-KAE.xml,CGS - Charles Snow Projects,METTRP - Methow Smolt Trap at McFarland Creek Road Bridge,5/31/2023,METHR - Methow River,6/1/2023,A,Pacific Lamprey,"10MM TAG, AMMOCOETE",124,1
3D9.1A4FAAAB2F,CGS-2023-084-KAE.xml,CGS - Charles Snow Projects,METTRP - Methow Smolt Trap at McFarland Creek Road Bridge,5/30/2023,METHR - Methow River,6/1/2023,A,Pacific Lamprey,"10MM TAG, AMMOCOETE",116,1
3D9.1A4FAAAB31,CGS-2023-084-KAE.xml,CGS - Charles Snow Projects,METTRP - Methow Smolt Trap at McFarland Creek Road Bridge,5/29/2023,METHR - Methow River,5/29/2023,A,Pacific Lamprey,"10MM TAG, AMMOCOETE",121,1
3D9.1A4FAAAB32,CGS-2023-084-KAE.xml,CGS - Charles Snow Projects,METTRP - Methow Smolt Trap at McFarland Creek Road Bridge,4/26/2023,METHR - Methow River,4/28/2023,A,Pacific Lamprey,"10MM TAG, AMMOCOETE",128,1
3D9.1A4FAAAB33,CGS-2023-084-KAE.xml,CGS - Charles Snow Projects,METTRP - Methow Smolt Trap at McFarland Creek Road Bridge,5/13/2023,METTRP - Methow Smolt Trap at McFarland Creek Road Bridge,5/15/2023,A,Pacific Lamprey,"10MM TAG, AMMOCOETE",141,1
3D9.1A4FAAAB34,CGS-2023-084-KAE.xml,CGS - Charles Snow Projects,METTRP - Methow Smolt Trap at McFarland Creek Road Bridge,5/28/2023,METHR - Methow River,5/29/2023,A,Pacific Lamprey,"10MM TAG, AMMOCOETE",105,1
3D9.1A4FAAAB35,CGS-2023-084-KAE.xml,CGS - Charles Snow Projects,METTRP - Methow Smolt Trap at McFarland Creek Road Bridge,5/26/2023,METHR - Methow River,5/26/2023,A,Pacific Lamprey,"10MM TAG, AMMOCOETE",91,1
3D9.1A4FAAAB36,CGS-2023-084-KAE.xml,CGS - Charles Snow Projects,METTRP - Methow Smolt Trap at McFarland Creek Road Bridge,5/30/2023,METHR - Methow River,6/1/2023,A,Pacific Lamprey,"10MM TAG, AMMOCOETE",116,1
3D9.1A4FAAAB37,CGS-2023-084-KAE.xml,CGS - Charles Snow Projects,METTRP - Methow Smolt Trap at McFarland Creek Road Bridge,5/28/2023,METHR - Methow River,5/29/2023,A,Pacific Lamprey,"10MM TAG, AMMOCOETE",119,1
3D9.1A4FAAAB39,CGS-2023-084-KAE.xml,CGS - Charles Snow Projects,METTRP - Methow Smolt Trap at McFarland Creek Road Bridge,6/1/2023,METHR - Methow River,6/1/2023,A,Pacific Lamprey,"10MM TAG, AMMOCOETE",126,1
3D9.1A4FAAAB3A,CGS-2023-084-KAE.xml,CGS - Charles Snow Projects,METTRP - Methow Smolt Trap at McFarland Creek Road Bridge,5/28/2023,METHR - Methow River,5/29/2023,A,Pacific Lamprey,"10MM TAG, AMMOCOETE",106,1
3D9.1A4FAAAB3B,CGS-2023-084-KAE.xml,CGS - Charles Snow Projects,METTRP - Methow Smolt Trap at McFarland Creek Road Bridge,5/27/2023,METHR - Methow River,5/29/2023,A,Pacific Lamprey,"10MM TAG, AMMOCOETE",121,1
3D9.1A4FAAAB3C,CGS-2023-084-KAE.xml,CGS - Charles Snow Projects,METTRP - Methow Smolt Trap at McFarland Creek Road Bridge,5/30/2023,METHR - Methow River,6/1/2023,A,Pacific Lamprey,"10MM TAG, AMMOCOETE",105,1
3D9.1A4FAAAB3D,CGS-2023-084-KAE.xml,CGS - Charles Snow Projects,METTRP - Methow Smolt Trap at McFarland Creek Road Bridge,5/30/2023,METHR - Methow River,6/1/2023,A,Pacific Lamprey,"10MM TAG, AMMOCOETE",123,1
3D9.1A4FAAAB3E,CGS-2023-084-KAE.xml,CGS - Charles Snow Projects,METTRP - Methow Smolt Trap at McFarland Creek Road Bridge,4/26/2023,METHR - Methow River,4/28/2023,A,Pacific Lamprey,"10MM TAG, AMMOCOETE",130,1
3D9.1A4FAAAB3F,CGS-2023-084-KAE.xml,CGS - Charles Snow Projects,METTRP - Methow Smolt Trap at McFarland Creek Road Bridge,5/28/2023,METHR - Methow River,5/29/2023,A,Pacific Lamprey,"10MM TAG, AMMOCOETE",116,1
3D9.1A4FAAAB40,CGS-2023-084-KAE.xml,CGS - Charles Snow Projects,METTRP - Methow Smolt Trap at McFarland Creek Road Bridge,4/23/2023,METHR - Methow River,4/25/2023,A,Pacific Lamprey,"10MM TAG, AMMOCOETE",131,1
3D9.1A4FAAAB41,CGS-2023-084-KAE.xml,CGS - Charles Snow Projects,METTRP - Methow Smolt Trap at McFarland Creek Road Bridge,5/29/2023,METHR - Methow River,5/29/2023,A,Pacific Lamprey,"10MM TAG, AMMOCOETE",124,1
3D9.1A4FAAAB42,CGS-2023-084-KAE.xml,CGS - Charles Snow Projects,METTRP - Methow Smolt Trap at McFarland Creek Road Bridge,4/25/2023,METHR - Methow River,4/25/2023,A,Pacific Lamprey,"10MM TAG, AMMOCOETE",119,1
3D9.1A4FAAAB43,CGS-2023-084-KAE.xml,CGS - Charles Snow Projects,METTRP - Methow Smolt Trap at McFarland Creek Road Bridge,5/26/2023,METHR - Methow River,5/26/2023,A,Pacific Lamprey,"10MM TAG, AMMOCOETE",132,1
3D9.1A4FAAAB45,CGS-2023-084-KAE.xml,CGS - Charles Snow Projects,METTRP - Methow Smolt Trap at McFarland Creek Road Bridge,5/26/2023,METHR - Methow River,5/26/2023,A,Pacific Lamprey,"10MM TAG, AMMOCOETE",117,1
3D9.1A4FAAAB46,CGS-2023-084-KAE.xml,CGS - Charles Snow Projects,METTRP - Methow Smolt Trap at McFarland Creek Road Bridge,5/29/2023,METHR - Methow River,5/29/2023,A,Pacific Lamprey,"10MM TAG, AMMOCOETE",132,1
3D9.1A4FAAAB47,CGS-2023-084-KAE.xml,CGS - Charles Snow Projects,METTRP - Methow Smolt Trap at McFarland Creek Road Bridge,4/22/2023,METHR - Methow River,4/22/2023,A,Pacific Lamprey,"10MM TAG, AMMOCOETE",116,1
3D9.1A4FAAAB48,CGS-2023-084-KAE.xml,CGS - Charles Snow Projects,METTRP - Methow Smolt Trap at McFarland Creek Road Bridge,5/26/2023,METHR - Methow River,5/26/2023,A,Pacific Lamprey,"10MM TAG, AMMOCOETE",131,1
3D9.1A4FAAAB49,CGS-2023-084-KAE.xml,CGS - Charles Snow Projects,METTRP - Methow Smolt Trap at McFarland Creek Road Bridge,5/28/2023,METHR - Methow River,5/29/2023,A,Pacific Lamprey,"10MM TAG, AMMOCOETE",117,1
3D9.1A4FAAAB4A,CGS-2023-084-KAE.xml,CGS - Charles Snow Projects,METTRP - Methow Smolt Trap at McFarland Creek Road Bridge,5/28/2023,METHR - Methow River,5/29/2023,A,Pacific Lamprey,"10MM TAG, AMMOCOETE",107,1
3D9.1A4FAAAB4B,CGS-2023-084-KAE.xml,CGS - Charles Snow Projects,METTRP - Methow Smolt Trap at McFarland Creek Road Bridge,5/29/2023,METHR - Methow River,5/29/2023,A,Pacific Lamprey,"10MM TAG, AMMOCOETE",132,1
3D9.1A4FAAAB4C,CGS-2023-084-KAE.xml,CGS - Charles Snow Projects,METTRP - Methow Smolt Trap at McFarland Creek Road Bridge,5/28/2023,METHR - Methow River,5/29/2023,A,Pacific Lamprey,"10MM TAG, AMMOCOETE",120,1
3D9.1A4FAAAB4D,CGS-2023-084-KAE.xml,CGS - Charles Snow Projects,METTRP - Methow Smolt Trap at McFarland Creek Road Bridge,5/27/2023,METHR - Methow River,5/29/2023,A,Pacific Lamprey,"10MM TAG, AMMOCOETE",125,1
3D9.1A4FAAAB4F,CGS-2023-084-KAE.xml,CGS - Charles Snow Projects,METTRP - Methow Smolt Trap at McFarland Creek Road Bridge,5/31/2023,METHR - Methow River,6/1/2023,A,Pacific Lamprey,"10MM TAG, AMMOCOETE",118,1
3D9.1A4FAAAC7C,CGS-2023-084-KAE.xml,CGS - Charles Snow Projects,METTRP - Methow Smolt Trap at McFarland Creek Road Bridge,6/1/2023,METHR - Methow River,6/1/2023,A,Pacific Lamprey,"10MM TAG, AMMOCOETE",114,1
3D9.1A4FAAAC7D,CGS-2023-084-KAE.xml,CGS - Charles Snow Projects,METTRP - Methow Smolt Trap at McFarland Creek Road Bridge,6/1/2023,METHR - Methow River,6/1/2023,A,Pacific Lamprey,"10MM TAG, AMMOCOETE",129,1
3D9.1A4FAAAC7E,CGS-2023-084-KAE.xml,CGS - Charles Snow Projects,METTRP - Methow Smolt Trap at McFarland Creek Road Bridge,6/3/2023,METHR - Methow River,6/4/2023,A,Pacific Lamprey,"10MM TAG, AMMOCOETE",115,1
3D9.1A4FAAAC7F,CGS-2023-084-KAE.xml,CGS - Charles Snow Projects,METTRP - Methow Smolt Trap at McFarland Creek Road Bridge,6/4/2023,METHR - Methow River,6/4/2023,A,Pacific Lamprey,"10MM TAG, AMMOCOETE",128,1
3D9.1A4FAAAC80,CGS-2023-084-KAE.xml,CGS - Charles Snow Projects,METTRP - Methow Smolt Trap at McFarland Creek Road Bridge,5/30/2023,METHR - Methow River,6/1/2023,A,Pacific Lamprey,"10MM TAG, AMMOCOETE",120,1
3D9.1A4FAAAC81,CGS-2023-084-KAE.xml,CGS - Charles Snow Projects,METTRP - Methow Smolt Trap at McFarland Creek Road Bridge,6/1/2023,METHR - Methow River,6/1/2023,A,Pacific Lamprey,"10MM TAG, AMMOCOETE",114,1
3D9.1A4FAAAC82,CGS-2023-084-KAE.xml,CGS - Charles Snow Projects,METTRP - Methow Smolt Trap at McFarland Creek Road Bridge,6/3/2023,METHR - Methow River,6/4/2023,A,Pacific Lamprey,"10MM TAG, AMMOCOETE",112,1
3D9.1A4FAAAC83,CGS-2023-084-KAE.xml,CGS - Charles Snow Projects,METTRP - Methow Smolt Trap at McFarland Creek Road Bridge,6/4/2023,METHR - Methow River,6/4/2023,A,Pacific Lamprey,"10MM TAG, AMMOCOETE",102,1
3D9.1A4FAAAC84,CGS-2023-084-KAE.xml,CGS - Charles Snow Projects,METTRP - Methow Smolt Trap at McFarland Creek Road Bridge,5/31/2023,METHR - Methow River,6/1/2023,A,Pacific Lamprey,"10MM TAG, AMMOCOETE",111,1
3D9.1A4FAAAC85,CGS-2023-084-KAE.xml,CGS - Charles Snow Projects,METTRP - Methow Smolt Trap at McFarland Creek Road Bridge,6/3/2023,METHR - Methow River,6/4/2023,A,Pacific Lamprey,"10MM TAG, AMMOCOETE",117,1
3D9.1A4FAAAC86,CGS-2023-084-KAE.xml,CGS - Charles Snow Projects,METTRP - Methow Smolt Trap at McFarland Creek Road Bridge,6/4/2023,METHR - Methow River,6/4/2023,A,Pacific Lamprey,"10MM TAG, AMMOCOETE",104,1
3D9.1A4FAAAC87,CGS-2023-084-KAE.xml,CGS - Charles Snow Projects,METTRP - Methow Smolt Trap at McFarland Creek Road Bridge,6/1/2023,METHR - Methow River,6/1/2023,A,Pacific Lamprey,"10MM TAG, AMMOCOETE",110,1
3D9.1A4FAAAC88,CGS-2023-084-KAE.xml,CGS - Charles Snow Projects,METTRP - Methow Smolt Trap at McFarland Creek Road Bridge,6/4/2023,METHR - Methow River,6/4/2023,A,Pacific Lamprey,"10MM TAG, AMMOCOETE",116,1
3D9.1A4FAAAC89,CGS-2023-084-KAE.xml,CGS - Charles Snow Projects,METTRP - Methow Smolt Trap at McFarland Creek Road Bridge,6/4/2023,METHR - Methow River,6/4/2023,A,Pacific Lamprey,"10MM TAG, AMMOCOETE",99,1
3D9.1A4FAAAC8A,CGS-2023-084-KAE.xml,CGS - Charles Snow Projects,METTRP - Methow Smolt Trap at McFarland Creek Road Bridge,6/1/2023,METHR - Methow River,6/1/2023,A,Pacific Lamprey,"10MM TAG, AMMOCOETE",125,1
3D9.1A4FAAAC8B,CGS-2023-084-KAE.xml,CGS - Charles Snow Projects,METTRP - Methow Smolt Trap at McFarland Creek Road Bridge,5/31/2023,METHR - Methow River,6/1/2023,A,Pacific Lamprey,"10MM TAG, AMMOCOETE",132,1
3D9.1A4FAAAC8C,CGS-2023-084-KAE.xml,CGS - Charles Snow Projects,METTRP - Methow Smolt Trap at McFarland Creek Road Bridge,6/2/2023,METHR - Methow River,6/4/2023,A,Pacific Lamprey,"10MM TAG, AMMOCOETE",125,1
3D9.1A4FAAAC8D,CGS-2023-084-KAE.xml,CGS - Charles Snow Projects,METTRP - Methow Smolt Trap at McFarland Creek Road Bridge,6/1/2023,METHR - Methow River,6/1/2023,A,Pacific Lamprey,"10MM TAG, AMMOCOETE",92,1
3D9.1A4FAAAC8E,CGS-2023-084-KAE.xml,CGS - Charles Snow Projects,METTRP - Methow Smolt Trap at McFarland Creek Road Bridge,6/4/2023,METHR - Methow River,6/4/2023,A,Pacific Lamprey,"10MM TAG, AMMOCOETE",101,1
3D9.1A4FAAAC8F,CGS-2023-084-KAE.xml,CGS - Charles Snow Projects,METTRP - Methow Smolt Trap at McFarland Creek Road Bridge,6/2/2023,METHR - Methow River,6/4/2023,A,Pacific Lamprey,"10MM TAG, AMMOCOETE",107,1
3D9.1A4FAAAC90,CGS-2023-084-KAE.xml,CGS - Charles Snow Projects,METTRP - Methow Smolt Trap at McFarland Creek Road Bridge,6/2/2023,METHR - Methow River,6/4/2023,A,Pacific Lamprey,"10MM TAG, AMMOCOETE",118,1
3D9.1A4FAAAC91,CGS-2023-084-KAE.xml,CGS - Charles Snow Projects,METTRP - Methow Smolt Trap at McFarland Creek Road Bridge,5/31/2023,METHR - Methow River,6/1/2023,A,Pacific Lamprey,"10MM TAG, AMMOCOETE",127,1
3D9.1A4FAAAC92,CGS-2023-084-KAE.xml,CGS - Charles Snow Projects,METTRP - Methow Smolt Trap at McFarland Creek Road Bridge,6/1/2023,METHR - Methow River,6/1/2023,A,Pacific Lamprey,"10MM TAG, AMMOCOETE",105,1
3D9.1A4FAAAC93,CGS-2023-084-KAE.xml,CGS - Charles Snow Projects,METTRP - Methow Smolt Trap at McFarland Creek Road Bridge,6/4/2023,METHR - Methow River,6/4/2023,A,Pacific Lamprey,"10MM TAG, AMMOCOETE",128,1
3D9.1A4FAAAC94,CGS-2023-084-KAE.xml,CGS - Charles Snow Projects,METTRP - Methow Smolt Trap at McFarland Creek Road Bridge,6/4/2023,METHR - Methow River,6/4/2023,A,Pacific Lamprey,"10MM TAG, AMMOCOETE",109,1
3D9.1A4FAAAC95,CGS-2023-084-KAE.xml,CGS - Charles Snow Projects,METTRP - Methow Smolt Trap at McFarland Creek Road Bridge,6/3/2023,METHR - Methow River,6/4/2023,A,Pacific Lamprey,"10MM TAG, AMMOCOETE",122,1
3D9.1A4FAAAC96,CGS-2023-084-KAE.xml,CGS - Charles Snow Projects,METTRP - Methow Smolt Trap at McFarland Creek Road Bridge,5/31/2023,METHR - Methow River,6/1/2023,A,Pacific Lamprey,"10MM TAG, AMMOCOETE",104,1
3D9.1A4FAAAC98,CGS-2023-084-KAE.xml,CGS - Charles Snow Projects,METTRP - Methow Smolt Trap at McFarland Creek Road Bridge,6/5/2023,METHR - Methow River,6/7/2023,A,Pacific Lamprey,"10MM TAG, AMMOCOETE",126,1
3D9.1A4FAAAC99,CGS-2023-084-KAE.xml,CGS - Charles Snow Projects,METTRP - Methow Smolt Trap at McFarland Creek Road Bridge,6/4/2023,METHR - Methow River,6/4/2023,A,Pacific Lamprey,"10MM TAG, AMMOCOETE",122,1
3D9.1A4FAAAC9A,CGS-2023-084-KAE.xml,CGS - Charles Snow Projects,METTRP - Methow Smolt Trap at McFarland Creek Road Bridge,6/3/2023,METHR - Methow River,6/4/2023,A,Pacific Lamprey,"10MM TAG, AMMOCOETE",131,1
3D9.1A4FAAAC9B,CGS-2023-084-KAE.xml,CGS - Charles Snow Projects,METTRP - Methow Smolt Trap at McFarland Creek Road Bridge,6/4/2023,METHR - Methow River,6/4/2023,A,Pacific Lamprey,"10MM TAG, AMMOCOETE",111,1
3D9.1A4FAAAC9C,CGS-2023-084-KAE.xml,CGS - Charles Snow Projects,METTRP - Methow Smolt Trap at McFarland Creek Road Bridge,6/4/2023,METHR - Methow River,6/4/2023,A,Pacific Lamprey,"10MM TAG, AMMOCOETE",106,1
3D9.1A4FAAAC9D,CGS-2023-084-KAE.xml,CGS - Charles Snow Projects,METTRP - Methow Smolt Trap at McFarland Creek Road Bridge,6/1/2023,METHR - Methow River,6/1/2023,A,Pacific Lamprey,"10MM TAG, AMMOCOETE",107,1
3D9.1A4FAAAC9E,CGS-2023-084-KAE.xml,CGS - Charles Snow Projects,METTRP - Methow Smolt Trap at McFarland Creek Road Bridge,6/4/2023,METHR - Methow River,6/4/2023,A,Pacific Lamprey,"10MM TAG, AMMOCOETE",126,1
3D9.1A4FAAAC9F,CGS-2023-084-KAE.xml,CGS - Charles Snow Projects,METTRP - Methow Smolt Trap at McFarland Creek Road Bridge,5/30/2023,METHR - Methow River,6/1/2023,A,Pacific Lamprey,"10MM TAG, AMMOCOETE",112,1
3D9.1A4FAAACA0,CGS-2023-084-KAE.xml,CGS - Charles Snow Projects,METTRP - Methow Smolt Trap at McFarland Creek Road Bridge,6/2/2023,METHR - Methow River,6/4/2023,A,Pacific Lamprey,"10MM TAG, AMMOCOETE",118,1
3D9.1A4FAAACA1,CGS-2023-084-KAE.xml,CGS - Charles Snow Projects,METTRP - Methow Smolt Trap at McFarland Creek Road Bridge,6/1/2023,METHR - Methow River,6/1/2023,A,Pacific Lamprey,"10MM TAG, AMMOCOETE",93,1
3D9.1A4FAAACA2,CGS-2023-084-KAE.xml,CGS - Charles Snow Projects,METTRP - Methow Smolt Trap at McFarland Creek Road Bridge,6/2/2023,METHR - Methow River,6/4/2023,A,Pacific Lamprey,"10MM TAG, AMMOCOETE",118,1
3D9.1A4FAAACA3,CGS-2023-084-KAE.xml,CGS - Charles Snow Projects,METTRP - Methow Smolt Trap at McFarland Creek Road Bridge,6/3/2023,METHR - Methow River,6/4/2023,A,Pacific Lamprey,"10MM TAG, AMMOCOETE",124,1
3D9.1A4FAAACA4,CGS-2023-084-KAE.xml,CGS - Charles Snow Projects,METTRP - Methow Smolt Trap at McFarland Creek Road Bridge,6/4/2023,METHR - Methow River,6/4/2023,A,Pacific Lamprey,"10MM TAG, AMMOCOETE",109,1
3D9.1A4FAAACA5,CGS-2023-084-KAE.xml,CGS - Charles Snow Projects,METTRP - Methow Smolt Trap at McFarland Creek Road Bridge,6/5/2023,METHR - Methow River,6/7/2023,A,Pacific Lamprey,"10MM TAG, AMMOCOETE",109,1
3D9.1A4FAAACA6,CGS-2023-084-KAE.xml,CGS - Charles Snow Projects,METTRP - Methow Smolt Trap at McFarland Creek Road Bridge,5/31/2023,METHR - Methow River,6/1/2023,A,Pacific Lamprey,"10MM TAG, AMMOCOETE",130,1
3D9.1A4FAAACA7,CGS-2023-084-KAE.xml,CGS - Charles Snow Projects,METTRP - Methow Smolt Trap at McFarland Creek Road Bridge,5/30/2023,METHR - Methow River,6/1/2023,A,Pacific Lamprey,"10MM TAG, AMMOCOETE",114,1
3D9.1A4FAAACA8,CGS-2023-084-KAE.xml,CGS - Charles Snow Projects,METTRP - Methow Smolt Trap at McFarland Creek Road Bridge,5/31/2023,METHR - Methow River,6/1/2023,A,Pacific Lamprey,"10MM TAG, AMMOCOETE",104,1
3D9.1A4FAAACA9,CGS-2023-084-KAE.xml,CGS - Charles Snow Projects,METTRP - Methow Smolt Trap at McFarland Creek Road Bridge,6/1/2023,METHR - Methow River,6/1/2023,A,Pacific Lamprey,"10MM TAG, AMMOCOETE",118,1
3D9.1A4FAAACAA,CGS-2023-084-KAE.xml,CGS - Charles Snow Projects,METTRP - Methow Smolt Trap at McFarland Creek Road Bridge,6/2/2023,METHR - Methow River,6/4/2023,A,Pacific Lamprey,"10MM TAG, AMMOCOETE",118,1
3D9.1A4FAAACAB,CGS-2023-084-KAE.xml,CGS - Charles Snow Projects,METTRP - Methow Smolt Trap at McFarland Creek Road Bridge,6/8/2023,METHR - Methow River,6/10/2023,A,Pacific Lamprey,"10MM TAG, AMMOCOETE",97,1
3D9.1A4FAAACAC,CGS-2023-084-KAE.xml,CGS - Charles Snow Projects,METTRP - Methow Smolt Trap at McFarland Creek Road Bridge,6/3/2023,METHR - Methow River,6/4/2023,A,Pacific Lamprey,"10MM TAG, AMMOCOETE",112,1
3D9.1A4FAAACAD,CGS-2023-084-KAE.xml,CGS - Charles Snow Projects,METTRP - Methow Smolt Trap at McFarland Creek Road Bridge,6/4/2023,METHR - Methow River,6/4/2023,A,Pacific Lamprey,"10MM TAG, AMMOCOETE",104,1
3D9.1A4FAAACAE,CGS-2023-084-KAE.xml,CGS - Charles Snow Projects,METTRP - Methow Smolt Trap at McFarland Creek Road Bridge,5/30/2023,METHR - Methow River,6/1/2023,A,Pacific Lamprey,"10MM TAG, AMMOCOETE",124,1
3D9.1A4FAAACAF,CGS-2023-084-KAE.xml,CGS - Charles Snow Projects,METTRP - Methow Smolt Trap at McFarland Creek Road Bridge,6/3/2023,METHR - Methow River,6/4/2023,A,Pacific Lamprey,"10MM TAG, AMMOCOETE",127,1
3D9.1A4FAAACB0,CGS-2023-084-KAE.xml,CGS - Charles Snow Projects,METTRP - Methow Smolt Trap at McFarland Creek Road Bridge,6/3/2023,METHR - Methow River,6/4/2023,A,Pacific Lamprey,"10MM TAG, AMMOCOETE",114,1
3D9.1A4FAAACB1,CGS-2023-084-KAE.xml,CGS - Charles Snow Projects,METTRP - Methow Smolt Trap at McFarland Creek Road Bridge,6/1/2023,METHR - Methow River,6/1/2023,A,Pacific Lamprey,"10MM TAG, AMMOCOETE",99,1
3D9.1A4FAAACB2,CGS-2023-084-KAE.xml,CGS - Charles Snow Projects,METTRP - Methow Smolt Trap at McFarland Creek Road Bridge,6/5/2023,METHR - Methow River,6/7/2023,A,Pacific Lamprey,"10MM TAG, AMMOCOETE",120,1
3D9.1A4FAAACB3,CGS-2023-084-KAE.xml,CGS - Charles Snow Projects,METTRP - Methow Smolt Trap at McFarland Creek Road Bridge,6/8/2023,METHR - Methow River,6/10/2023,A,Pacific Lamprey,"10MM TAG, AMMOCOETE",90,1
3D9.1A4FAAACB4,CGS-2023-084-KAE.xml,CGS - Charles Snow Projects,METTRP - Methow Smolt Trap at McFarland Creek Road Bridge,6/2/2023,METHR - Methow River,6/4/2023,A,Pacific Lamprey,"10MM TAG, AMMOCOETE",117,1
3D9.1A4FAAACB5,CGS-2023-084-KAE.xml,CGS - Charles Snow Projects,METTRP - Methow Smolt Trap at McFarland Creek Road Bridge,6/2/2023,METHR - Methow River,6/4/2023,A,Pacific Lamprey,"10MM TAG, AMMOCOETE",122,1
3D9.1A4FAAACB6,CGS-2023-084-KAE.xml,CGS - Charles Snow Projects,METTRP - Methow Smolt Trap at McFarland Creek Road Bridge,6/2/2023,METHR - Methow River,6/4/2023,A,Pacific Lamprey,"10MM TAG, AMMOCOETE",114,1
3D9.1A4FAAACB7,CGS-2023-084-KAE.xml,CGS - Charles Snow Projects,METTRP - Methow Smolt Trap at McFarland Creek Road Bridge,6/3/2023,METHR - Methow River,6/4/2023,A,Pacific Lamprey,"10MM TAG, AMMOCOETE",127,1
3D9.1A4FAAACB8,CGS-2023-084-KAE.xml,CGS - Charles Snow Projects,METTRP - Methow Smolt Trap at McFarland Creek Road Bridge,5/31/2023,METHR - Methow River,6/1/2023,A,Pacific Lamprey,"10MM TAG, AMMOCOETE",115,1
3D9.1A4FAAACB9,CGS-2023-084-KAE.xml,CGS - Charles Snow Projects,METTRP - Methow Smolt Trap at McFarland Creek Road Bridge,6/4/2023,METHR - Methow River,6/4/2023,A,Pacific Lamprey,"10MM TAG, AMMOCOETE",120,1
3D9.1A4FAAACBA,CGS-2023-084-KAE.xml,CGS - Charles Snow Projects,METTRP - Methow Smolt Trap at McFarland Creek Road Bridge,5/30/2023,METHR - Methow River,6/1/2023,A,Pacific Lamprey,"10MM TAG, AMMOCOETE",125,1
3D9.1A4FAAACBB,CGS-2023-084-KAE.xml,CGS - Charles Snow Projects,METTRP - Methow Smolt Trap at McFarland Creek Road Bridge,6/2/2023,METHR - Methow River,6/4/2023,A,Pacific Lamprey,"10MM TAG, AMMOCOETE",131,1
3D9.1A4FAAACBC,CGS-2023-084-KAE.xml,CGS - Charles Snow Projects,METTRP - Methow Smolt Trap at McFarland Creek Road Bridge,6/1/2023,METHR - Methow River,6/1/2023,A,Pacific Lamprey,"10MM TAG, AMMOCOETE",124,1
3D9.1A4FAAACBD,CGS-2023-084-KAE.xml,CGS - Charles Snow Projects,METTRP - Methow Smolt Trap at McFarland Creek Road Bridge,6/3/2023,METHR - Methow River,6/4/2023,A,Pacific Lamprey,"10MM TAG, AMMOCOETE",111,1
3D9.1A4FAAACBE,CGS-2023-084-KAE.xml,CGS - Charles Snow Projects,METTRP - Methow Smolt Trap at McFarland Creek Road Bridge,6/3/2023,METHR - Methow River,6/4/2023,A,Pacific Lamprey,"10MM TAG, AMMOCOETE",110,1
3D9.1A4FAAACBF,CGS-2023-084-KAE.xml,CGS - Charles Snow Projects,METTRP - Methow Smolt Trap at McFarland Creek Road Bridge,6/1/2023,METHR - Methow River,6/1/2023,A,Pacific Lamprey,"10MM TAG, AMMOCOETE",106,1
3D9.1A4FAAACC0,CGS-2023-084-KAE.xml,CGS - Charles Snow Projects,METTRP - Methow Smolt Trap at McFarland Creek Road Bridge,6/1/2023,METHR - Methow River,6/1/2023,A,Pacific Lamprey,"10MM TAG, AMMOCOETE",104,1
3D9.1A4FAAACC1,CGS-2023-084-KAE.xml,CGS - Charles Snow Projects,METTRP - Methow Smolt Trap at McFarland Creek Road Bridge,6/8/2023,METHR - Methow River,6/10/2023,A,Pacific Lamprey,"10MM TAG, AMMOCOETE",117,1
3D9.1A4FAAACC2,CGS-2023-084-KAE.xml,CGS - Charles Snow Projects,METTRP - Methow Smolt Trap at McFarland Creek Road Bridge,6/3/2023,METHR - Methow River,6/4/2023,A,Pacific Lamprey,"10MM TAG, AMMOCOETE",116,1
3D9.1A4FAAACC3,CGS-2023-084-KAE.xml,CGS - Charles Snow Projects,METTRP - Methow Smolt Trap at McFarland Creek Road Bridge,6/2/2023,METHR - Methow River,6/4/2023,A,Pacific Lamprey,"10MM TAG, AMMOCOETE",109,1
3D9.1A4FAAACC4,CGS-2023-084-KAE.xml,CGS - Charles Snow Projects,METTRP - Methow Smolt Trap at McFarland Creek Road Bridge,6/2/2023,METHR - Methow River,6/4/2023,A,Pacific Lamprey,"10MM TAG, AMMOCOETE",116,1
3D9.1A4FAAACC5,CGS-2023-084-KAE.xml,CGS - Charles Snow Projects,METTRP - Methow Smolt Trap at McFarland Creek Road Bridge,6/3/2023,METHR - Methow River,6/4/2023,A,Pacific Lamprey,"10MM TAG, AMMOCOETE",104,1
3D9.1A4FAAACC6,CGS-2023-084-KAE.xml,CGS - Charles Snow Projects,METTRP - Methow Smolt Trap at McFarland Creek Road Bridge,6/1/2023,METHR - Methow River,6/1/2023,A,Pacific Lamprey,"10MM TAG, AMMOCOETE",110,1
3D9.1A4FAAACC7,CGS-2023-084-KAE.xml,CGS - Charles Snow Projects,METTRP - Methow Smolt Trap at McFarland Creek Road Bridge,6/4/2023,METHR - Methow River,6/4/2023,A,Pacific Lamprey,"10MM TAG, AMMOCOETE",106,1
3D9.1A4FAAACC8,CGS-2023-084-KAE.xml,CGS - Charles Snow Projects,METTRP - Methow Smolt Trap at McFarland Creek Road Bridge,6/2/2023,METHR - Methow River,6/4/2023,A,Pacific Lamprey,"10MM TAG, AMMOCOETE",120,1
3D9.1A4FAAACC9,CGS-2023-084-KAE.xml,CGS - Charles Snow Projects,METTRP - Methow Smolt Trap at McFarland Creek Road Bridge,6/4/2023,METHR - Methow River,6/4/2023,A,Pacific Lamprey,"10MM TAG, AMMOCOETE",123,1
3D9.1A4FAAACCA,CGS-2023-084-KAE.xml,CGS - Charles Snow Projects,METTRP - Methow Smolt Trap at McFarland Creek Road Bridge,6/4/2023,METHR - Methow River,6/4/2023,A,Pacific Lamprey,"10MM TAG, AMMOCOETE",117,1
3D9.1A4FAAACCB,CGS-2023-084-KAE.xml,CGS - Charles Snow Projects,METTRP - Methow Smolt Trap at McFarland Creek Road Bridge,5/31/2023,METHR - Methow River,6/1/2023,A,Pacific Lamprey,"10MM TAG, AMMOCOETE",119,1
3D9.1A4FAAACCC,CGS-2023-084-KAE.xml,CGS - Charles Snow Projects,METTRP - Methow Smolt Trap at McFarland Creek Road Bridge,6/4/2023,METHR - Methow River,6/4/2023,A,Pacific Lamprey,"10MM TAG, AMMOCOETE",106,1
3D9.1A4FAAACCD,CGS-2023-084-KAE.xml,CGS - Charles Snow Projects,METTRP - Methow Smolt Trap at McFarland Creek Road Bridge,5/30/2023,METHR - Methow River,6/1/2023,A,Pacific Lamprey,"10MM TAG, AMMOCOETE",133,1
3D9.1A4FAAACCE,CGS-2023-084-KAE.xml,CGS - Charles Snow Projects,METTRP - Methow Smolt Trap at McFarland Creek Road Bridge,6/3/2023,METHR - Methow River,6/4/2023,A,Pacific Lamprey,"10MM TAG, AMMOCOETE",123,1
3D9.1A4FAAACCF,CGS-2023-084-KAE.xml,CGS - Charles Snow Projects,METTRP - Methow Smolt Trap at McFarland Creek Road Bridge,5/31/2023,METHR - Methow River,6/1/2023,A,Pacific Lamprey,"10MM TAG, AMMOCOETE",128,1
3D9.1A4FAAACD0,CGS-2023-084-KAE.xml,CGS - Charles Snow Projects,METTRP - Methow Smolt Trap at McFarland Creek Road Bridge,6/1/2023,METHR - Methow River,6/1/2023,A,Pacific Lamprey,"10MM TAG, AMMOCOETE",130,1
3D9.1A4FAAACD1,CGS-2023-084-KAE.xml,CGS - Charles Snow Projects,METTRP - Methow Smolt Trap at McFarland Creek Road Bridge,5/30/2023,METHR - Methow River,6/1/2023,A,Pacific Lamprey,"10MM TAG, AMMOCOETE",120,1
3D9.1A4FAAACD2,CGS-2023-084-KAE.xml,CGS - Charles Snow Projects,METTRP - Methow Smolt Trap at McFarland Creek Road Bridge,5/31/2023,METHR - Methow River,6/1/2023,A,Pacific Lamprey,"10MM TAG, AMMOCOETE",120,1
3D9.1A4FAAACD3,CGS-2023-084-KAE.xml,CGS - Charles Snow Projects,METTRP - Methow Smolt Trap at McFarland Creek Road Bridge,5/31/2023,METHR - Methow River,6/1/2023,A,Pacific Lamprey,"10MM TAG, AMMOCOETE",109,1
3D9.1A4FAAACD4,CGS-2023-084-KAE.xml,CGS - Charles Snow Projects,METTRP - Methow Smolt Trap at McFarland Creek Road Bridge,6/3/2023,METHR - Methow River,6/4/2023,A,Pacific Lamprey,"10MM TAG, AMMOCOETE",121,1
3D9.1A4FAAACD5,CGS-2023-084-KAE.xml,CGS - Charles Snow Projects,METTRP - Methow Smolt Trap at McFarland Creek Road Bridge,6/2/2023,METHR - Methow River,6/4/2023,A,Pacific Lamprey,"10MM TAG, AMMOCOETE",112,1
3D9.1A4FAAACD6,CGS-2023-084-KAE.xml,CGS - Charles Snow Projects,METTRP - Methow Smolt Trap at McFarland Creek Road Bridge,6/3/2023,METHR - Methow River,6/4/2023,A,Pacific Lamprey,"10MM TAG, AMMOCOETE",112,1
3D9.1A4FAAACD7,CGS-2023-084-KAE.xml,CGS - Charles Snow Projects,METTRP - Methow Smolt Trap at McFarland Creek Road Bridge,6/1/2023,METHR - Methow River,6/1/2023,A,Pacific Lamprey,"10MM TAG, AMMOCOETE",120,1
3D9.1A4FAAACD8,CGS-2023-084-KAE.xml,CGS - Charles Snow Projects,METTRP - Methow Smolt Trap at McFarland Creek Road Bridge,6/2/2023,METHR - Methow River,6/4/2023,A,Pacific Lamprey,"10MM TAG, AMMOCOETE",124,1
3D9.1A4FAAACD9,CGS-2023-084-KAE.xml,CGS - Charles Snow Projects,METTRP - Methow Smolt Trap at McFarland Creek Road Bridge,6/8/2023,METHR - Methow River,6/10/2023,A,Pacific Lamprey,"10MM TAG, AMMOCOETE",100,1
3D9.1A4FAAACDA,CGS-2023-084-KAE.xml,CGS - Charles Snow Projects,METTRP - Methow Smolt Trap at McFarland Creek Road Bridge,6/3/2023,METHR - Methow River,6/4/2023,A,Pacific Lamprey,"10MM TAG, AMMOCOETE",109,1
3D9.1A4FAAACDC,CGS-2023-084-KAE.xml,CGS - Charles Snow Projects,METTRP - Methow Smolt Trap at McFarland Creek Road Bridge,6/3/2023,METHR - Methow River,6/4/2023,A,Pacific Lamprey,"10MM TAG, AMMOCOETE",118,1
3D9.1A4FAAACDD,CGS-2023-084-KAE.xml,CGS - Charles Snow Projects,METTRP - Methow Smolt Trap at McFarland Creek Road Bridge,6/2/2023,METHR - Methow River,6/4/2023,A,Pacific Lamprey,"10MM TAG, AMMOCOETE",129,1
3D9.1A4FAAACDE,CGS-2023-084-KAE.xml,CGS - Charles Snow Projects,METTRP - Methow Smolt Trap at McFarland Creek Road Bridge,6/2/2023,METHR - Methow River,6/4/2023,A,Pacific Lamprey,"10MM TAG, AMMOCOETE",114,1
3D9.1A4FAAACDF,CGS-2023-084-KAE.xml,CGS - Charles Snow Projects,METTRP - Methow Smolt Trap at McFarland Creek Road Bridge,5/30/2023,METHR - Methow River,6/1/2023,A,Pacific Lamprey,"10MM TAG, AMMOCOETE",128,1
3D9.1A4FD26DC1,CGS-2024-033-KAE.xml,CGS - Charles Snow Projects,METTRP - Methow Smolt Trap at McFarland Creek Road Bridge,2/2/2024,METTRP - Methow Smolt Trap at McFarland Creek Road Bridge,2/2/2024,A,Pacific Lamprey,"10MM TAG, AMMOCOETE",101,1
3D9.1A4FD26DC2,CGS-2024-033-KAE.xml,CGS - Charles Snow Projects,METTRP - Methow Smolt Trap at McFarland Creek Road Bridge,3/22/2024,METHR - Methow River,3/23/2024,A,Pacific Lamprey,"10MM TAG, AMMOCOETE",122,1
3D9.1A4FD26DC3,CGS-2024-033-KAE.xml,CGS - Charles Snow Projects,METTRP - Methow Smolt Trap at McFarland Creek Road Bridge,3/19/2024,METHR - Methow River,3/20/2024,A,Pacific Lamprey,"10MM TAG, AMMOCOETE",130,1
3D9.1A4FD26DC4,CGS-2023-084-KAE.xml,CGS - Charles Snow Projects,METTRP - Methow Smolt Trap at McFarland Creek Road Bridge,11/20/2023,METHR - Methow River,11/20/2023,A,Pacific Lamprey,"10MM TAG, AMMOCOETE",110,1
3D9.1A4FD26DC6,CGS-2024-033-KAE.xml,CGS - Charles Snow Projects,METTRP - Methow Smolt Trap at McFarland Creek Road Bridge,3/18/2024,METHR - Methow River,3/20/2024,A,Pacific Lamprey,"10MM TAG, AMMOCOETE",120,1
3D9.1A4FD26DC7,CGS-2024-033-KAE.xml,CGS - Charles Snow Projects,METTRP - Methow Smolt Trap at McFarland Creek Road Bridge,3/6/2024,METHR - Methow River,3/8/2024,A,Pacific Lamprey,"10MM TAG, AMMOCOETE",101,1
3D9.1A4FD26DC8,CGS-2023-084-KAE.xml,CGS - Charles Snow Projects,METTRP - Methow Smolt Trap at McFarland Creek Road Bridge,11/12/2023,METHR - Methow River,11/14/2023,A,Pacific Lamprey,"10MM TAG, AMMOCOETE",107,1
3D9.1A4FD26DC9,CGS-2024-033-KAE.xml,CGS - Charles Snow Projects,METTRP - Methow Smolt Trap at McFarland Creek Road Bridge,2/2/2024,METTRP - Methow Smolt Trap at McFarland Creek Road Bridge,2/2/2024,A,Pacific Lamprey,"10MM TAG, AMMOCOETE",126,1
3D9.1A4FD26DCB,CGS-2023-084-KAE.xml,CGS - Charles Snow Projects,METTRP - Methow Smolt Trap at McFarland Creek Road Bridge,12/14/2023,METHR - Methow River,12/14/2023,A,Pacific Lamprey,"10MM TAG, AMMOCOETE",86,1
3D9.1A4FD26DCD,CGS-2023-084-KAE.xml,CGS - Charles Snow Projects,METTRP - Methow Smolt Trap at McFarland Creek Road Bridge,11/8/2023,METHR - Methow River,11/8/2023,A,Pacific Lamprey,"10MM TAG, AMMOCOETE",115,1
3D9.1A4FD26DCE,CGS-2023-084-KAE.xml,CGS - Charles Snow Projects,METTRP - Methow Smolt Trap at McFarland Creek Road Bridge,11/15/2023,METHR - Methow River,11/17/2023,A,Pacific Lamprey,"10MM TAG, AMMOCOETE",123,1
3D9.1A4FD26DCF,CGS-2024-033-KAE.xml,CGS - Charles Snow Projects,METTRP - Methow Smolt Trap at McFarland Creek Road Bridge,3/19/2024,METHR - Methow River,3/20/2024,A,Pacific Lamprey,"10MM TAG, AMMOCOETE",106,1
3D9.1A4FD26DD0,CGS-2023-084-KAE.xml,CGS - Charles Snow Projects,METTRP - Methow Smolt Trap at McFarland Creek Road Bridge,11/6/2023,METHR - Methow River,11/8/2023,A,Pacific Lamprey,"10MM TAG, AMMOCOETE",115,1
3D9.1A4FD26DD1,CGS-2023-084-KAE.xml,CGS - Charles Snow Projects,METTRP - Methow Smolt Trap at McFarland Creek Road Bridge,11/17/2023,METHR - Methow River,11/17/2023,A,Pacific Lamprey,"10MM TAG, AMMOCOETE",125,1
3D9.1A4FD26DD3,CGS-2024-033-KAE.xml,CGS - Charles Snow Projects,METTRP - Methow Smolt Trap at McFarland Creek Road Bridge,3/19/2024,METHR - Methow River,3/20/2024,A,Pacific Lamprey,"10MM TAG, AMMOCOETE",114,1
3D9.1A4FD26DD4,CGS-2024-033-KAE.xml,CGS - Charles Snow Projects,METTRP - Methow Smolt Trap at McFarland Creek Road Bridge,3/21/2024,METHR - Methow River,3/23/2024,A,Pacific Lamprey,"10MM TAG, AMMOCOETE",122,1
3D9.1A4FD26DD5,CGS-2023-084-KAE.xml,CGS - Charles Snow Projects,METTRP - Methow Smolt Trap at McFarland Creek Road Bridge,12/20/2023,METHR - Methow River,12/20/2023,A,Pacific Lamprey,"10MM TAG, AMMOCOETE",122,1
3D9.1A4FD26DD6,CGS-2023-084-KAE.xml,CGS - Charles Snow Projects,METTRP - Methow Smolt Trap at McFarland Creek Road Bridge,12/29/2023,METHR - Methow River,12/29/2023,A,Pacific Lamprey,"10MM TAG, AMMOCOETE",120,1
3D9.1A4FD26DD8,CGS-2024-033-KAE.xml,CGS - Charles Snow Projects,METTRP - Methow Smolt Trap at McFarland Creek Road Bridge,3/24/2024,METHR - Methow River,3/26/2024,A,Pacific Lamprey,"10MM TAG, AMMOCOETE",120,1
3D9.1A4FD26DD9,CGS-2024-033-KAE.xml,CGS - Charles Snow Projects,METTRP - Methow Smolt Trap at McFarland Creek Road Bridge,3/19/2024,METHR - Methow River,3/20/2024,A,Pacific Lamprey,"10MM TAG, AMMOCOETE",122,1
3D9.1A4FD26DDB,CGS-2024-033-KAE.xml,CGS - Charles Snow Projects,METTRP - Methow Smolt Trap at McFarland Creek Road Bridge,3/24/2024,METHR - Methow River,3/26/2024,A,Pacific Lamprey,"10MM TAG, AMMOCOETE",122,1
3D9.1A4FD26DDC,CGS-2024-033-KAE.xml,CGS - Charles Snow Projects,METTRP - Methow Smolt Trap at McFarland Creek Road Bridge,3/18/2024,METHR - Methow River,3/20/2024,A,Pacific Lamprey,"10MM TAG, AMMOCOETE",126,1
3D9.1A4FD26DDD,CGS-2024-033-KAE.xml,CGS - Charles Snow Projects,METTRP - Methow Smolt Trap at McFarland Creek Road Bridge,2/27/2024,METHR - Methow River,2/28/2024,A,Pacific Lamprey,"10MM TAG, AMMOCOETE",130,1
3D9.1A4FD26DDE,CGS-2023-084-KAE.xml,CGS - Charles Snow Projects,METTRP - Methow Smolt Trap at McFarland Creek Road Bridge,11/3/2023,METHR - Methow River,11/5/2023,A,Pacific Lamprey,"10MM TAG, AMMOCOETE",81,1
3D9.1A4FD26DDF,CGS-2023-084-KAE.xml,CGS - Charles Snow Projects,METTRP - Methow Smolt Trap at McFarland Creek Road Bridge,11/5/2023,METHR - Methow River,11/5/2023,A,Pacific Lamprey,"10MM TAG, AMMOCOETE",116,1
3D9.1A4FD26DE0,CGS-2023-084-KAE.xml,CGS - Charles Snow Projects,METTRP - Methow Smolt Trap at McFarland Creek Road Bridge,11/9/2023,METHR - Methow River,11/11/2023,A,Pacific Lamprey,"10MM TAG, AMMOCOETE",100,1
3D9.1A4FD26DE1,CGS-2023-084-KAE.xml,CGS - Charles Snow Projects,METTRP - Methow Smolt Trap at McFarland Creek Road Bridge,12/19/2023,METHR - Methow River,12/20/2023,A,Pacific Lamprey,"10MM TAG, AMMOCOETE",126,1
3D9.1A4FD26DE2,CGS-2023-084-KAE.xml,CGS - Charles Snow Projects,METTRP - Methow Smolt Trap at McFarland Creek Road Bridge,11/6/2023,METHR - Methow River,11/8/2023,A,Pacific Lamprey,"10MM TAG, AMMOCOETE",116,1
3D9.1A4FD26DE3,CGS-2023-084-KAE.xml,CGS - Charles Snow Projects,METTRP - Methow Smolt Trap at McFarland Creek Road Bridge,11/6/2023,METHR - Methow River,11/8/2023,A,Pacific Lamprey,"10MM TAG, AMMOCOETE",129,1
3D9.1A4FD26DE4,CGS-2023-084-KAE.xml,CGS - Charles Snow Projects,METTRP - Methow Smolt Trap at McFarland Creek Road Bridge,12/6/2023,METHR - Methow River,12/8/2023,A,Pacific Lamprey,"10MM TAG, AMMOCOETE",125,1
3D9.1A4FD26DE5,CGS-2023-084-KAE.xml,CGS - Charles Snow Projects,METTRP - Methow Smolt Trap at McFarland Creek Road Bridge,12/16/2023,METHR - Methow River,12/17/2023,A,Pacific Lamprey,"10MM TAG, AMMOCOETE",104,1
3D9.1A4FD26DE6,CGS-2023-084-KAE.xml,CGS - Charles Snow Projects,METTRP - Methow Smolt Trap at McFarland Creek Road Bridge,11/13/2023,METHR - Methow River,11/14/2023,A,Pacific Lamprey,"10MM TAG, AMMOCOETE",125,1
3D9.1A4FD26DE8,CGS-2024-033-KAE.xml,CGS - Charles Snow Projects,METTRP - Methow Smolt Trap at McFarland Creek Road Bridge,2/25/2024,METHR - Methow River,2/25/2024,A,Pacific Lamprey,"10MM TAG, AMMOCOETE",129,1
3D9.1A4FD26DE9,CGS-2023-084-KAE.xml,CGS - Charles Snow Projects,METTRP - Methow Smolt Trap at McFarland Creek Road Bridge,11/6/2023,METHR - Methow River,11/8/2023,A,Pacific Lamprey,"10MM TAG, AMMOCOETE",129,1
3D9.1A4FD26DEA,CGS-2023-084-KAE.xml,CGS - Charles Snow Projects,METTRP - Methow Smolt Trap at McFarland Creek Road Bridge,12/16/2023,METHR - Methow River,12/17/2023,A,Pacific Lamprey,"10MM TAG, AMMOCOETE",121,1
3D9.1A4FD26DEB,CGS-2023-084-KAE.xml,CGS - Charles Snow Projects,METTRP - Methow Smolt Trap at McFarland Creek Road Bridge,12/15/2023,METHR - Methow River,12/17/2023,A,Pacific Lamprey,"10MM TAG, AMMOCOETE",125,1
3D9.1A4FD26DEC,CGS-2024-033-KAE.xml,CGS - Charles Snow Projects,METTRP - Methow Smolt Trap at McFarland Creek Road Bridge,3/21/2024,METHR - Methow River,3/23/2024,A,Pacific Lamprey,"10MM TAG, AMMOCOETE",130,1
3D9.1A4FD26DED,CGS-2024-033-KAE.xml,CGS - Charles Snow Projects,METTRP - Methow Smolt Trap at McFarland Creek Road Bridge,3/24/2024,METHR - Methow River,3/26/2024,A,Pacific Lamprey,"10MM TAG, AMMOCOETE",113,1
3D9.1A4FD26DEE,CGS-2023-084-KAE.xml,CGS - Charles Snow Projects,METTRP - Methow Smolt Trap at McFarland Creek Road Bridge,11/4/2023,METHR - Methow River,11/5/2023,A,Pacific Lamprey,"10MM TAG, AMMOCOETE",111,1
3D9.1A4FD26DEF,CGS-2023-084-KAE.xml,CGS - Charles Snow Projects,METTRP - Methow Smolt Trap at McFarland Creek Road Bridge,11/7/2023,METHR - Methow River,11/8/2023,A,Pacific Lamprey,"10MM TAG, AMMOCOETE",124,1
3D9.1A4FD26DF0,CGS-2023-084-KAE.xml,CGS - Charles Snow Projects,METTRP - Methow Smolt Trap at McFarland Creek Road Bridge,12/14/2023,METHR - Methow River,12/14/2023,A,Pacific Lamprey,"10MM TAG, AMMOCOETE",92,1
3D9.1A4FD26DF1,CGS-2024-033-KAE.xml,CGS - Charles Snow Projects,METTRP - Methow Smolt Trap at McFarland Creek Road Bridge,2/2/2024,METTRP - Methow Smolt Trap at McFarland Creek Road Bridge,2/2/2024,A,Pacific Lamprey,"10MM TAG, AMMOCOETE",115,1
3D9.1A4FD26DF2,CGS-2024-033-KAE.xml,CGS - Charles Snow Projects,METTRP - Methow Smolt Trap at McFarland Creek Road Bridge,3/24/2024,METHR - Methow River,3/26/2024,A,Pacific Lamprey,"10MM TAG, AMMOCOETE",120,1
3D9.1A4FD26DF3,CGS-2024-033-KAE.xml,CGS - Charles Snow Projects,METTRP - Methow Smolt Trap at McFarland Creek Road Bridge,3/19/2024,METHR - Methow River,3/20/2024,A,Pacific Lamprey,"10MM TAG, AMMOCOETE",119,1
3D9.1A4FD26DF5,CGS-2023-084-KAE.xml,CGS - Charles Snow Projects,METTRP - Methow Smolt Trap at McFarland Creek Road Bridge,11/9/2023,METHR - Methow River,11/11/2023,A,Pacific Lamprey,"10MM TAG, AMMOCOETE",119,1
3D9.1A4FD26DF6,CGS-2023-084-KAE.xml,CGS - Charles Snow Projects,METTRP - Methow Smolt Trap at McFarland Creek Road Bridge,1/5/2024,METHR - Methow River,1/7/2024,A,Pacific Lamprey,"10MM TAG, AMMOCOETE",115,1
3D9.1A4FD26DF7,CGS-2024-033-KAE.xml,CGS - Charles Snow Projects,METTRP - Methow Smolt Trap at McFarland Creek Road Bridge,2/2/2024,METTRP - Methow Smolt Trap at McFarland Creek Road Bridge,2/2/2024,A,Pacific Lamprey,"10MM TAG, AMMOCOETE",132,1
3D9.1A4FD26DF8,CGS-2024-033-KAE.xml,CGS - Charles Snow Projects,METTRP - Methow Smolt Trap at McFarland Creek Road Bridge,2/2/2024,METTRP - Methow Smolt Trap at McFarland Creek Road Bridge,2/2/2024,A,Pacific Lamprey,"10MM TAG, AMMOCOETE",126,1
3D9.1A4FD26DFA,CGS-2023-084-KAE.xml,CGS - Charles Snow Projects,METTRP - Methow Smolt Trap at McFarland Creek Road Bridge,11/4/2023,METHR - Methow River,11/5/2023,A,Pacific Lamprey,"10MM TAG, AMMOCOETE",112,1
3D9.1A4FD26DFB,CGS-2023-084-KAE.xml,CGS - Charles Snow Projects,METTRP - Methow Smolt Trap at McFarland Creek Road Bridge,10/23/2023,METHR - Methow River,10/24/2023,A,Pacific Lamprey,"10MM TAG, AMMOCOETE",128,1
3D9.1A4FD26DFC,CGS-2024-033-KAE.xml,CGS - Charles Snow Projects,METTRP - Methow Smolt Trap at McFarland Creek Road Bridge,2/14/2024,METHR - Methow River,2/16/2024,A,Pacific Lamprey,"10MM TAG, AMMOCOETE",127,1
3D9.1A4FD26DFD,CGS-2024-033-KAE.xml,CGS - Charles Snow Projects,METTRP - Methow Smolt Trap at McFarland Creek Road Bridge,3/24/2024,METHR - Methow River,3/26/2024,A,Pacific Lamprey,"10MM TAG, AMMOCOETE",125,1
3D9.1A4FD26DFE,CGS-2024-033-KAE.xml,CGS - Charles Snow Projects,METTRP - Methow Smolt Trap at McFarland Creek Road Bridge,3/19/2024,METHR - Methow River,3/20/2024,A,Pacific Lamprey,"10MM TAG, AMMOCOETE",98,1
3D9.1A4FD26DFF,CGS-2024-033-KAE.xml,CGS - Charles Snow Projects,METTRP - Methow Smolt Trap at McFarland Creek Road Bridge,3/19/2024,METHR - Methow River,3/20/2024,A,Pacific Lamprey,"10MM TAG, AMMOCOETE",107,1
3D9.1A4FD26E00,CGS-2024-033-KAE.xml,CGS - Charles Snow Projects,METTRP - Methow Smolt Trap at McFarland Creek Road Bridge,3/24/2024,METHR - Methow River,3/26/2024,A,Pacific Lamprey,"10MM TAG, AMMOCOETE",131,1
3D9.1A4FD26E01,CGS-2023-084-KAE.xml,CGS - Charles Snow Projects,METTRP - Methow Smolt Trap at McFarland Creek Road Bridge,11/11/2023,METHR - Methow River,11/11/2023,A,Pacific Lamprey,"10MM TAG, AMMOCOETE",109,1
3D9.1A4FD26E02,CGS-2023-084-KAE.xml,CGS - Charles Snow Projects,METTRP - Methow Smolt Trap at McFarland Creek Road Bridge,11/14/2023,METHR - Methow River,11/14/2023,A,Pacific Lamprey,"10MM TAG, AMMOCOETE",114,1
3D9.1A4FD26E03,CGS-2024-033-KAE.xml,CGS - Charles Snow Projects,METTRP - Methow Smolt Trap at McFarland Creek Road Bridge,3/25/2024,METHR - Methow River,3/26/2024,A,Pacific Lamprey,"10MM TAG, AMMOCOETE",124,1
3D9.1A4FD26E04,CGS-2023-084-KAE.xml,CGS - Charles Snow Projects,METTRP - Methow Smolt Trap at McFarland Creek Road Bridge,11/12/2023,METHR - Methow River,11/14/2023,A,Pacific Lamprey,"10MM TAG, AMMOCOETE",128,1
3D9.1A4FD26E05,CGS-2023-084-KAE.xml,CGS - Charles Snow Projects,METTRP - Methow Smolt Trap at McFarland Creek Road Bridge,11/7/2023,METHR - Methow River,11/8/2023,A,Pacific Lamprey,"10MM TAG, AMMOCOETE",126,1
3D9.1A4FD26E06,CGS-2023-084-KAE.xml,CGS - Charles Snow Projects,METTRP - Methow Smolt Trap at McFarland Creek Road Bridge,11/4/2023,METHR - Methow River,11/5/2023,A,Pacific Lamprey,"10MM TAG, AMMOCOETE",110,1
3D9.1A4FD26E08,CGS-2024-033-KAE.xml,CGS - Charles Snow Projects,METTRP - Methow Smolt Trap at McFarland Creek Road Bridge,3/19/2024,METHR - Methow River,3/20/2024,A,Pacific Lamprey,"10MM TAG, AMMOCOETE",104,1
3D9.1A4FD26E09,CGS-2024-033-KAE.xml,CGS - Charles Snow Projects,METTRP - Methow Smolt Trap at McFarland Creek Road Bridge,3/19/2024,METHR - Methow River,3/20/2024,A,Pacific Lamprey,"10MM TAG, AMMOCOETE",109,1
3D9.1A4FD26E0A,CGS-2023-084-KAE.xml,CGS - Charles Snow Projects,METTRP - Methow Smolt Trap at McFarland Creek Road Bridge,11/13/2023,METHR - Methow River,11/14/2023,A,Pacific Lamprey,"10MM TAG, AMMOCOETE",115,1
3D9.1A4FD26E0B,CGS-2024-033-KAE.xml,CGS - Charles Snow Projects,METTRP - Methow Smolt Trap at McFarland Creek Road Bridge,2/2/2024,METTRP - Methow Smolt Trap at McFarland Creek Road Bridge,2/2/2024,A,Pacific Lamprey,"10MM TAG, AMMOCOETE",123,1
3D9.1A4FD26E0C,CGS-2023-084-KAE.xml,CGS - Charles Snow Projects,METTRP - Methow Smolt Trap at McFarland Creek Road Bridge,11/20/2023,METHR - Methow River,11/20/2023,A,Pacific Lamprey,"10MM TAG, AMMOCOETE",125,1
3D9.1A4FD26E0D,CGS-2023-084-KAE.xml,CGS - Charles Snow Projects,METTRP - Methow Smolt Trap at McFarland Creek Road Bridge,11/13/2023,METHR - Methow River,11/14/2023,A,Pacific Lamprey,"10MM TAG, AMMOCOETE",105,1
3D9.1A4FD26E0F,CGS-2024-033-KAE.xml,CGS - Charles Snow Projects,METTRP - Methow Smolt Trap at McFarland Creek Road Bridge,3/19/2024,METHR - Methow River,3/20/2024,A,Pacific Lamprey,"10MM TAG, AMMOCOETE",130,1
3D9.1A4FD26E10,CGS-2023-084-KAE.xml,CGS - Charles Snow Projects,METTRP - Methow Smolt Trap at McFarland Creek Road Bridge,11/9/2023,METHR - Methow River,11/11/2023,A,Pacific Lamprey,"10MM TAG, AMMOCOETE",102,1
3D9.1A4FD26E11,CGS-2024-033-KAE.xml,CGS - Charles Snow Projects,METTRP - Methow Smolt Trap at McFarland Creek Road Bridge,2/2/2024,METTRP - Methow Smolt Trap at McFarland Creek Road Bridge,2/2/2024,A,Pacific Lamprey,"10MM TAG, AMMOCOETE",129,1
3D9.1A4FD26E12,CGS-2024-033-KAE.xml,CGS - Charles Snow Projects,METTRP - Methow Smolt Trap at McFarland Creek Road Bridge,3/25/2024,METHR - Methow River,3/26/2024,A,Pacific Lamprey,"10MM TAG, AMMOCOETE",113,1
3D9.1A4FD26E13,CGS-2024-033-KAE.xml,CGS - Charles Snow Projects,METTRP - Methow Smolt Trap at McFarland Creek Road Bridge,3/25/2024,METHR - Methow River,3/26/2024,A,Pacific Lamprey,"10MM TAG, AMMOCOETE",123,1
3D9.1A4FD26E14,CGS-2024-033-KAE.xml,CGS - Charles Snow Projects,METTRP - Methow Smolt Trap at McFarland Creek Road Bridge,2/2/2024,METTRP - Methow Smolt Trap at McFarland Creek Road Bridge,2/2/2024,A,Pacific Lamprey,"10MM TAG, AMMOCOETE",119,1
3D9.1A4FD26E15,CGS-2024-033-KAE.xml,CGS - Charles Snow Projects,METTRP - Methow Smolt Trap at McFarland Creek Road Bridge,3/22/2024,METHR - Methow River,3/23/2024,A,Pacific Lamprey,"10MM TAG, AMMOCOETE",126,1
3D9.1A4FD26E16,CGS-2024-033-KAE.xml,CGS - Charles Snow Projects,METTRP - Methow Smolt Trap at McFarland Creek Road Bridge,3/21/2024,METHR - Methow River,3/23/2024,A,Pacific Lamprey,"10MM TAG, AMMOCOETE",130,1
3D9.1A4FD26E18,CGS-2024-033-KAE.xml,CGS - Charles Snow Projects,METTRP - Methow Smolt Trap at McFarland Creek Road Bridge,3/25/2024,METHR - Methow River,3/26/2024,A,Pacific Lamprey,"10MM TAG, AMMOCOETE",126,1
3D9.1A4FD26E19,CGS-2023-084-KAE.xml,CGS - Charles Snow Projects,METTRP - Methow Smolt Trap at McFarland Creek Road Bridge,11/6/2023,METHR - Methow River,11/8/2023,A,Pacific Lamprey,"10MM TAG, AMMOCOETE",99,1
3D9.1A4FD26E1A,CGS-2023-084-KAE.xml,CGS - Charles Snow Projects,METTRP - Methow Smolt Trap at McFarland Creek Road Bridge,12/14/2023,METHR - Methow River,12/14/2023,A,Pacific Lamprey,"10MM TAG, AMMOCOETE",115,1
3D9.1A4FD26E1C,CGS-2024-033-KAE.xml,CGS - Charles Snow Projects,METTRP - Methow Smolt Trap at McFarland Creek Road Bridge,3/24/2024,METHR - Methow River,3/26/2024,A,Pacific Lamprey,"10MM TAG, AMMOCOETE",124,1
3D9.1A4FD26E1F,CGS-2023-084-KAE.xml,CGS - Charles Snow Projects,METTRP - Methow Smolt Trap at McFarland Creek Road Bridge,12/19/2023,METHR - Methow River,12/20/2023,A,Pacific Lamprey,"10MM TAG, AMMOCOETE",130,1
3D9.1A4FD26E20,CGS-2023-084-KAE.xml,CGS - Charles Snow Projects,METTRP - Methow Smolt Trap at McFarland Creek Road Bridge,12/17/2023,METHR - Methow River,12/17/2023,A,Pacific Lamprey,"10MM TAG, AMMOCOETE",104,1
3D9.1A4FD26E21,CGS-2023-084-KAE.xml,CGS - Charles Snow Projects,METTRP - Methow Smolt Trap at McFarland Creek Road Bridge,12/15/2023,METHR - Methow River,12/17/2023,A,Pacific Lamprey,"10MM TAG, AMMOCOETE",100,1
3D9.1A4FD26E22,CGS-2023-084-KAE.xml,CGS - Charles Snow Projects,METTRP - Methow Smolt Trap at McFarland Creek Road Bridge,11/8/2023,METHR - Methow River,11/8/2023,A,Pacific Lamprey,"10MM TAG, AMMOCOETE",120,1
3D9.1A4FD26E23,CGS-2023-084-KAE.xml,CGS - Charles Snow Projects,METTRP - Methow Smolt Trap at McFarland Creek Road Bridge,11/13/2023,METHR - Methow River,11/14/2023,A,Pacific Lamprey,"10MM TAG, AMMOCOETE",116,1
3D9.1A4FD26E24,CGS-2024-033-KAE.xml,CGS - Charles Snow Projects,METTRP - Methow Smolt Trap at McFarland Creek Road Bridge,2/23/2024,METHR - Methow River,2/25/2024,A,Pacific Lamprey,"10MM TAG, AMMOCOETE",121,1
3D9.1A4FD26E25,CGS-2024-033-KAE.xml,CGS - Charles Snow Projects,METTRP - Methow Smolt Trap at McFarland Creek Road Bridge,4/30/2024,METHR - Methow River,5/1/2024,A,Pacific Lamprey,"10MM TAG, MACROPHTHALMIA",129,1
3D9.1A4FD26E26,CGS-2024-033-KAE.xml,CGS - Charles Snow Projects,METTRP - Methow Smolt Trap at McFarland Creek Road Bridge,4/30/2024,METHR - Methow River,5/1/2024,A,Pacific Lamprey,"10MM TAG, AMMOCOETE",116,1
3D9.1A4FD26E27,CGS-2024-033-KAE.xml,CGS - Charles Snow Projects,METTRP - Methow Smolt Trap at McFarland Creek Road Bridge,3/27/2024,METHR - Methow River,3/29/2024,A,Pacific Lamprey,"10MM TAG, AMMOCOETE",128,1
3D9.1A4FD26E28,CGS-2024-033-KAE.xml,CGS - Charles Snow Projects,METTRP - Methow Smolt Trap at McFarland Creek Road Bridge,4/30/2024,METHR - Methow River,5/1/2024,A,Pacific Lamprey,"10MM TAG, MACROPHTHALMIA",129,1
3D9.1A4FD26E29,CGS-2024-033-KAE.xml,CGS - Charles Snow Projects,METTRP - Methow Smolt Trap at McFarland Creek Road Bridge,4/20/2024,METHR - Methow River,4/22/2024,A,Pacific Lamprey,"10MM TAG, MACROPHTHALMIA",130,1
3D9.1A4FD26E2A,CGS-2024-033-KAE.xml,CGS - Charles Snow Projects,METTRP - Methow Smolt Trap at McFarland Creek Road Bridge,5/2/2024,METHR - Methow River,5/4/2024,A,Pacific Lamprey,"10MM TAG, AMMOCOETE",126,1
3D9.1A4FD26E2B,CGS-2024-033-KAE.xml,CGS - Charles Snow Projects,METTRP - Methow Smolt Trap at McFarland Creek Road Bridge,4/26/2024,METHR - Methow River,4/28/2024,A,Pacific Lamprey,"10MM TAG, AMMOCOETE",120,1
3D9.1A4FD26E2C,CGS-2024-033-KAE.xml,CGS - Charles Snow Projects,METTRP - Methow Smolt Trap at McFarland Creek Road Bridge,5/1/2024,METHR - Methow River,5/1/2024,A,Pacific Lamprey,"10MM TAG, AMMOCOETE",119,1
3D9.1A4FD26E2D,CGS-2024-033-KAE.xml,CGS - Charles Snow Projects,METTRP - Methow Smolt Trap at McFarland Creek Road Bridge,5/2/2024,METHR - Methow River,5/4/2024,A,Pacific Lamprey,"10MM TAG, MACROPHTHALMIA",135,1
3D9.1A4FD26E2E,CGS-2024-033-KAE.xml,CGS - Charles Snow Projects,METTRP - Methow Smolt Trap at McFarland Creek Road Bridge,4/26/2024,METHR - Methow River,4/28/2024,A,Pacific Lamprey,"10MM TAG, AMMOCOETE",128,1
3D9.1A4FD26E2F,CGS-2024-033-KAE.xml,CGS - Charles Snow Projects,METTRP - Methow Smolt Trap at McFarland Creek Road Bridge,5/2/2024,METHR - Methow River,5/4/2024,A,Pacific Lamprey,"10MM TAG, AMMOCOETE",126,1
3D9.1A4FD26E30,CGS-2024-033-KAE.xml,CGS - Charles Snow Projects,METTRP - Methow Smolt Trap at McFarland Creek Road Bridge,4/18/2024,METHR - Methow River,4/19/2024,A,Pacific Lamprey,"10MM TAG, MACROPHTHALMIA",134,1
3D9.1A4FD26E31,CGS-2024-033-KAE.xml,CGS - Charles Snow Projects,METTRP - Methow Smolt Trap at McFarland Creek Road Bridge,4/15/2024,METHR - Methow River,4/16/2024,A,Pacific Lamprey,"10MM TAG, AMMOCOETE",126,1
3D9.1A4FD26E32,CGS-2024-033-KAE.xml,CGS - Charles Snow Projects,METTRP - Methow Smolt Trap at McFarland Creek Road Bridge,4/16/2024,METHR - Methow River,4/16/2024,A,Pacific Lamprey,"10MM TAG, AMMOCOETE",132,1
3D9.1A4FD26E33,CGS-2024-033-KAE.xml,CGS - Charles Snow Projects,METTRP - Methow Smolt Trap at McFarland Creek Road Bridge,4/24/2024,METHR - Methow River,4/25/2024,A,Pacific Lamprey,"10MM TAG, AMMOCOETE",127,1
3D9.1A4FD26E34,CGS-2024-033-KAE.xml,CGS - Charles Snow Projects,METTRP - Methow Smolt Trap at McFarland Creek Road Bridge,4/20/2024,METHR - Methow River,4/22/2024,A,Pacific Lamprey,"10MM TAG, AMMOCOETE",131,1
3D9.1A4FD26E35,CGS-2024-033-KAE.xml,CGS - Charles Snow Projects,METTRP - Methow Smolt Trap at McFarland Creek Road Bridge,4/27/2024,METHR - Methow River,4/28/2024,A,Pacific Lamprey,"10MM TAG, AMMOCOETE",107,1
3D9.1A4FD26E36,CGS-2024-033-KAE.xml,CGS - Charles Snow Projects,METTRP - Methow Smolt Trap at McFarland Creek Road Bridge,5/1/2024,METHR - Methow River,5/1/2024,A,Pacific Lamprey,"10MM TAG, AMMOCOETE",127,1
3D9.1A4FD26E37,CGS-2024-033-KAE.xml,CGS - Charles Snow Projects,METTRP - Methow Smolt Trap at McFarland Creek Road Bridge,4/30/2024,METHR - Methow River,5/1/2024,A,Pacific Lamprey,"10MM TAG, AMMOCOETE",130,1
3D9.1A4FD26E39,CGS-2024-033-KAE.xml,CGS - Charles Snow Projects,METTRP - Methow Smolt Trap at McFarland Creek Road Bridge,4/30/2024,METHR - Methow River,5/1/2024,A,Pacific Lamprey,"10MM TAG, AMMOCOETE",122,1
3D9.1A4FD26E3A,CGS-2024-033-KAE.xml,CGS - Charles Snow Projects,METTRP - Methow Smolt Trap at McFarland Creek Road Bridge,5/1/2024,METHR - Methow River,5/1/2024,A,Pacific Lamprey,"10MM TAG, MACROPHTHALMIA",129,1
3D9.1A4FD26E3B,CGS-2024-033-KAE.xml,CGS - Charles Snow Projects,METTRP - Methow Smolt Trap at McFarland Creek Road Bridge,4/28/2024,METHR - Methow River,4/28/2024,A,Pacific Lamprey,"10MM TAG, AMMOCOETE",130,1
3D9.1A4FD26E3C,CGS-2024-033-KAE.xml,CGS - Charles Snow Projects,METTRP - Methow Smolt Trap at McFarland Creek Road Bridge,5/1/2024,METHR - Methow River,5/1/2024,A,Pacific Lamprey,"10MM TAG, AMMOCOETE",126,1
3D9.1A4FD26E3D,CGS-2024-033-KAE.xml,CGS - Charles Snow Projects,METTRP - Methow Smolt Trap at McFarland Creek Road Bridge,4/16/2024,METHR - Methow River,4/16/2024,A,Pacific Lamprey,"10MM TAG, AMMOCOETE",125,1
3D9.1A4FD26E3E,CGS-2024-033-KAE.xml,CGS - Charles Snow Projects,METTRP - Methow Smolt Trap at McFarland Creek Road Bridge,4/27/2024,METHR - Methow River,4/28/2024,A,Pacific Lamprey,"10MM TAG, AMMOCOETE",125,1
3D9.1A4FD26E3F,CGS-2024-033-KAE.xml,CGS - Charles Snow Projects,METTRP - Methow Smolt Trap at McFarland Creek Road Bridge,4/27/2024,METHR - Methow River,4/28/2024,A,Pacific Lamprey,"10MM TAG, AMMOCOETE",130,1
3D9.1A4FD26E40,CGS-2024-033-KAE.xml,CGS - Charles Snow Projects,METTRP - Methow Smolt Trap at McFarland Creek Road Bridge,4/28/2024,METHR - Methow River,4/28/2024,A,Pacific Lamprey,"10MM TAG, AMMOCOETE",130,1
3D9.1A4FD26E41,CGS-2024-033-KAE.xml,CGS - Charles Snow Projects,METTRP - Methow Smolt Trap at McFarland Creek Road Bridge,4/16/2024,METHR - Methow River,4/16/2024,A,Pacific Lamprey,"10MM TAG, MACROPHTHALMIA",140,1
3D9.1A4FD26E42,CGS-2024-033-KAE.xml,CGS - Charles Snow Projects,METTRP - Methow Smolt Trap at McFarland Creek Road Bridge,4/27/2024,METHR - Methow River,4/28/2024,A,Pacific Lamprey,"10MM TAG, AMMOCOETE",120,1
3D9.1A4FD26E43,CGS-2024-033-KAE.xml,CGS - Charles Snow Projects,METTRP - Methow Smolt Trap at McFarland Creek Road Bridge,4/5/2024,METHR - Methow River,4/7/2024,A,Pacific Lamprey,"10MM TAG, AMMOCOETE",129,1
3D9.1A4FD26E44,CGS-2024-033-KAE.xml,CGS - Charles Snow Projects,METTRP - Methow Smolt Trap at McFarland Creek Road Bridge,4/28/2024,METHR - Methow River,4/28/2024,A,Pacific Lamprey,"10MM TAG, AMMOCOETE",122,1
3D9.1A4FD26E45,CGS-2024-033-KAE.xml,CGS - Charles Snow Projects,METTRP - Methow Smolt Trap at McFarland Creek Road Bridge,4/27/2024,METHR - Methow River,4/28/2024,A,Pacific Lamprey,"10MM TAG, AMMOCOETE",115,1
3D9.1A4FD26E46,CGS-2024-033-KAE.xml,CGS - Charles Snow Projects,METTRP - Methow Smolt Trap at McFarland Creek Road Bridge,4/24/2024,METHR - Methow River,4/25/2024,A,Pacific Lamprey,"10MM TAG, AMMOCOETE",124,1
3D9.1A4FD26E47,CGS-2024-033-KAE.xml,CGS - Charles Snow Projects,METTRP - Methow Smolt Trap at McFarland Creek Road Bridge,4/28/2024,METHR - Methow River,4/28/2024,A,Pacific Lamprey,"10MM TAG, AMMOCOETE",130,1
3D9.1A4FD26E48,CGS-2024-033-KAE.xml,CGS - Charles Snow Projects,METTRP - Methow Smolt Trap at McFarland Creek Road Bridge,4/30/2024,METHR - Methow River,5/1/2024,A,Pacific Lamprey,"10MM TAG, AMMOCOETE",127,1
3D9.1A4FD26E49,CGS-2024-033-KAE.xml,CGS - Charles Snow Projects,METTRP - Methow Smolt Trap at McFarland Creek Road Bridge,4/30/2024,METHR - Methow River,5/1/2024,A,Pacific Lamprey,"10MM TAG, AMMOCOETE",125,1
3D9.1A4FD26E4A,CGS-2024-033-KAE.xml,CGS - Charles Snow Projects,METTRP - Methow Smolt Trap at McFarland Creek Road Bridge,4/18/2024,METHR - Methow River,4/19/2024,A,Pacific Lamprey,"10MM TAG, AMMOCOETE",129,1
3D9.1A4FD26E4B,CGS-2024-033-KAE.xml,CGS - Charles Snow Projects,METTRP - Methow Smolt Trap at McFarland Creek Road Bridge,4/30/2024,METHR - Methow River,5/1/2024,A,Pacific Lamprey,"10MM TAG, AMMOCOETE",125,1
3D9.1A4FD26E4C,CGS-2024-033-KAE.xml,CGS - Charles Snow Projects,METTRP - Methow Smolt Trap at McFarland Creek Road Bridge,4/29/2024,METHR - Methow River,5/1/2024,A,Pacific Lamprey,"10MM TAG, MACROPHTHALMIA",141,1
3D9.1A4FD26E4D,CGS-2024-033-KAE.xml,CGS - Charles Snow Projects,METTRP - Methow Smolt Trap at McFarland Creek Road Bridge,3/26/2024,METHR - Methow River,3/26/2024,A,Pacific Lamprey,"10MM TAG, AMMOCOETE",125,1
3D9.1A4FD26E4E,CGS-2024-033-KAE.xml,CGS - Charles Snow Projects,METTRP - Methow Smolt Trap at McFarland Creek Road Bridge,4/30/2024,METHR - Methow River,5/1/2024,A,Pacific Lamprey,"10MM TAG, AMMOCOETE",92,1
3D9.1A4FD26E4F,CGS-2024-033-KAE.xml,CGS - Charles Snow Projects,METTRP - Methow Smolt Trap at McFarland Creek Road Bridge,4/17/2024,METHR - Methow River,4/19/2024,A,Pacific Lamprey,"10MM TAG, MACROPHTHALMIA",127,1
3D9.1A4FD26E50,CGS-2024-033-KAE.xml,CGS - Charles Snow Projects,METTRP - Methow Smolt Trap at McFarland Creek Road Bridge,4/5/2024,METHR - Methow River,4/7/2024,A,Pacific Lamprey,"10MM TAG, AMMOCOETE",127,1
3D9.1A4FD26E51,CGS-2024-033-KAE.xml,CGS - Charles Snow Projects,METTRP - Methow Smolt Trap at McFarland Creek Road Bridge,5/1/2024,METHR - Methow River,5/1/2024,A,Pacific Lamprey,"10MM TAG, AMMOCOETE",113,1
3D9.1A4FD26E52,CGS-2024-033-KAE.xml,CGS - Charles Snow Projects,METTRP - Methow Smolt Trap at McFarland Creek Road Bridge,4/30/2024,METHR - Methow River,5/1/2024,A,Pacific Lamprey,"10MM TAG, AMMOCOETE",128,1
3D9.1A4FD26E53,CGS-2024-033-KAE.xml,CGS - Charles Snow Projects,METTRP - Methow Smolt Trap at McFarland Creek Road Bridge,4/26/2024,METHR - Methow River,4/28/2024,A,Pacific Lamprey,"10MM TAG, AMMOCOETE",126,1
3D9.1A4FD26E54,CGS-2024-033-KAE.xml,CGS - Charles Snow Projects,METTRP - Methow Smolt Trap at McFarland Creek Road Bridge,4/30/2024,METHR - Methow River,5/1/2024,A,Pacific Lamprey,"10MM TAG, AMMOCOETE",129,1
3D9.1A4FD26E55,CGS-2024-033-KAE.xml,CGS - Charles Snow Projects,METTRP - Methow Smolt Trap at McFarland Creek Road Bridge,4/16/2024,METHR - Methow River,4/16/2024,A,Pacific Lamprey,"10MM TAG, MACROPHTHALMIA",131,1
3D9.1A4FD26E56,CGS-2025-064-KAE.xml,CGS - Charles Snow Projects,METTRP - Methow Smolt Trap at McFarland Creek Road Bridge,6/3/2025,METTRP - Methow Smolt Trap at McFarland Creek Road Bridge,6/3/2025,A,Pacific Lamprey,"10MM TAG, AMMOCOETE",125,1
3D9.1A4FD26E58,CGS-2024-033-KAE.xml,CGS - Charles Snow Projects,METTRP - Methow Smolt Trap at McFarland Creek Road Bridge,5/1/2024,METHR - Methow River,5/1/2024,A,Pacific Lamprey,"10MM TAG, AMMOCOETE",130,1
3D9.1A4FD26E59,CGS-2024-033-KAE.xml,CGS - Charles Snow Projects,METTRP - Methow Smolt Trap at McFarland Creek Road Bridge,5/2/2024,METHR - Methow River,5/4/2024,A,Pacific Lamprey,"10MM TAG, AMMOCOETE",123,1
3D9.1A4FD26E5A,CGS-2024-033-KAE.xml,CGS - Charles Snow Projects,METTRP - Methow Smolt Trap at McFarland Creek Road Bridge,4/27/2024,METHR - Methow River,4/28/2024,A,Pacific Lamprey,"10MM TAG, AMMOCOETE",120,1
3D9.1A4FD26E5B,CGS-2024-033-KAE.xml,CGS - Charles Snow Projects,METTRP - Methow Smolt Trap at McFarland Creek Road Bridge,4/15/2024,METHR - Methow River,4/16/2024,A,Pacific Lamprey,"10MM TAG, AMMOCOETE",124,1
3D9.1A4FD26E5C,CGS-2024-033-KAE.xml,CGS - Charles Snow Projects,METTRP - Methow Smolt Trap at McFarland Creek Road Bridge,4/30/2024,METHR - Methow River,5/1/2024,A,Pacific Lamprey,"10MM TAG, MACROPHTHALMIA",130,1
3D9.1A4FD26E5D,CGS-2024-033-KAE.xml,CGS - Charles Snow Projects,METTRP - Methow Smolt Trap at McFarland Creek Road Bridge,4/30/2024,METHR - Methow River,5/1/2024,A,Pacific Lamprey,"10MM TAG, MACROPHTHALMIA",136,1
3D9.1A4FD26E5E,CGS-2024-033-KAE.xml,CGS - Charles Snow Projects,METTRP - Methow Smolt Trap at McFarland Creek Road Bridge,4/28/2024,METHR - Methow River,4/28/2024,A,Pacific Lamprey,"10MM TAG, AMMOCOETE",133,1
3D9.1A4FD26E5F,CGS-2024-033-KAE.xml,CGS - Charles Snow Projects,METTRP - Methow Smolt Trap at McFarland Creek Road Bridge,4/30/2024,METHR - Methow River,5/1/2024,A,Pacific Lamprey,"10MM TAG, AMMOCOETE",130,1
3D9.1A4FD26E60,CGS-2024-033-KAE.xml,CGS - Charles Snow Projects,METTRP - Methow Smolt Trap at McFarland Creek Road Bridge,4/27/2024,METHR - Methow River,4/28/2024,A,Pacific Lamprey,"10MM TAG, AMMOCOETE",129,1
3D9.1A4FD26E61,CGS-2024-033-KAE.xml,CGS - Charles Snow Projects,METTRP - Methow Smolt Trap at McFarland Creek Road Bridge,4/5/2024,METHR - Methow River,4/7/2024,A,Pacific Lamprey,"10MM TAG, AMMOCOETE",124,1
3D9.1A4FD26E62,CGS-2024-033-KAE.xml,CGS - Charles Snow Projects,METTRP - Methow Smolt Trap at McFarland Creek Road Bridge,4/27/2024,METHR - Methow River,4/28/2024,A,Pacific Lamprey,"10MM TAG, AMMOCOETE",119,1
3D9.1A4FD26E63,CGS-2024-033-KAE.xml,CGS - Charles Snow Projects,METTRP - Methow Smolt Trap at McFarland Creek Road Bridge,4/27/2024,METHR - Methow River,4/28/2024,A,Pacific Lamprey,"10MM TAG, AMMOCOETE",107,1
3D9.1A4FD26E64,CGS-2024-033-KAE.xml,CGS - Charles Snow Projects,METTRP - Methow Smolt Trap at McFarland Creek Road Bridge,4/28/2024,METHR - Methow River,4/28/2024,A,Pacific Lamprey,"10MM TAG, AMMOCOETE",113,1
3D9.1A4FD26E65,CGS-2024-033-KAE.xml,CGS - Charles Snow Projects,METTRP - Methow Smolt Trap at McFarland Creek Road Bridge,5/2/2024,METHR - Methow River,5/4/2024,A,Pacific Lamprey,"10MM TAG, MACROPHTHALMIA",132,1
3D9.1A4FD26E66,CGS-2024-033-KAE.xml,CGS - Charles Snow Projects,METTRP - Methow Smolt Trap at McFarland Creek Road Bridge,4/30/2024,METHR - Methow River,5/1/2024,A,Pacific Lamprey,"10MM TAG, AMMOCOETE",126,1
3D9.1A4FD26E67,CGS-2024-033-KAE.xml,CGS - Charles Snow Projects,METTRP - Methow Smolt Trap at McFarland Creek Road Bridge,4/15/2024,METHR - Methow River,4/16/2024,A,Pacific Lamprey,"10MM TAG, AMMOCOETE",120,1
3D9.1A4FD26E68,CGS-2024-033-KAE.xml,CGS - Charles Snow Projects,METTRP - Methow Smolt Trap at McFarland Creek Road Bridge,4/15/2024,METHR - Methow River,4/16/2024,A,Pacific Lamprey,"10MM TAG, AMMOCOETE",131,1
3D9.1A4FD26E69,CGS-2024-033-KAE.xml,CGS - Charles Snow Projects,METTRP - Methow Smolt Trap at McFarland Creek Road Bridge,4/28/2024,METHR - Methow River,4/28/2024,A,Pacific Lamprey,"10MM TAG, AMMOCOETE",130,1
3D9.1A4FD26E6A,CGS-2024-033-KAE.xml,CGS - Charles Snow Projects,METTRP - Methow Smolt Trap at McFarland Creek Road Bridge,4/18/2024,METHR - Methow River,4/19/2024,A,Pacific Lamprey,"10MM TAG, MACROPHTHALMIA",135,1
3D9.1A4FD26E6B,CGS-2024-033-KAE.xml,CGS - Charles Snow Projects,METTRP - Methow Smolt Trap at McFarland Creek Road Bridge,4/30/2024,METHR - Methow River,5/1/2024,A,Pacific Lamprey,"10MM TAG, AMMOCOETE",124,1
3D9.1A4FD26E6C,CGS-2024-033-KAE.xml,CGS - Charles Snow Projects,METTRP - Methow Smolt Trap at McFarland Creek Road Bridge,4/29/2024,METHR - Methow River,5/1/2024,A,Pacific Lamprey,"10MM TAG, AMMOCOETE",133,1
3D9.1A4FD26E6D,CGS-2024-033-KAE.xml,CGS - Charles Snow Projects,METTRP - Methow Smolt Trap at McFarland Creek Road Bridge,4/26/2024,METHR - Methow River,4/28/2024,A,Pacific Lamprey,"10MM TAG, AMMOCOETE",122,1
3D9.1A4FD26E6E,CGS-2024-033-KAE.xml,CGS - Charles Snow Projects,METTRP - Methow Smolt Trap at McFarland Creek Road Bridge,4/21/2024,METHR - Methow River,4/22/2024,A,Pacific Lamprey,"10MM TAG, AMMOCOETE",120,1
3D9.1A4FD26E6F,CGS-2024-033-KAE.xml,CGS - Charles Snow Projects,METTRP - Methow Smolt Trap at McFarland Creek Road Bridge,4/27/2024,METHR - Methow River,4/28/2024,A,Pacific Lamprey,"10MM TAG, AMMOCOETE",127,1
3D9.1A4FD26E70,CGS-2024-033-KAE.xml,CGS - Charles Snow Projects,METTRP - Methow Smolt Trap at McFarland Creek Road Bridge,4/30/2024,METHR - Methow River,5/1/2024,A,Pacific Lamprey,"10MM TAG, AMMOCOETE",131,1
3D9.1A4FD26E71,CGS-2024-033-KAE.xml,CGS - Charles Snow Projects,METTRP - Methow Smolt Trap at McFarland Creek Road Bridge,5/2/2024,METHR - Methow River,5/4/2024,A,Pacific Lamprey,"10MM TAG, AMMOCOETE",130,1
3D9.1A4FD26E72,CGS-2024-033-KAE.xml,CGS - Charles Snow Projects,METTRP - Methow Smolt Trap at McFarland Creek Road Bridge,4/7/2024,METHR - Methow River,4/7/2024,A,Pacific Lamprey,"10MM TAG, AMMOCOETE",120,1
3D9.1A4FD26E73,CGS-2024-033-KAE.xml,CGS - Charles Snow Projects,METTRP - Methow Smolt Trap at McFarland Creek Road Bridge,5/1/2024,METHR - Methow River,5/1/2024,A,Pacific Lamprey,"10MM TAG, AMMOCOETE",122,1
3D9.1A4FD26E74,CGS-2024-033-KAE.xml,CGS - Charles Snow Projects,METTRP - Methow Smolt Trap at McFarland Creek Road Bridge,4/5/2024,METHR - Methow River,4/7/2024,A,Pacific Lamprey,"10MM TAG, AMMOCOETE",101,1
3D9.1A4FD26E75,CGS-2024-033-KAE.xml,CGS - Charles Snow Projects,METTRP - Methow Smolt Trap at McFarland Creek Road Bridge,4/27/2024,METHR - Methow River,4/28/2024,A,Pacific Lamprey,"10MM TAG, AMMOCOETE",120,1
3D9.1A4FD26E76,CGS-2024-033-KAE.xml,CGS - Charles Snow Projects,METTRP - Methow Smolt Trap at McFarland Creek Road Bridge,4/16/2024,METHR - Methow River,4/16/2024,A,Pacific Lamprey,"10MM TAG, AMMOCOETE",109,1
3D9.1A4FD26E77,CGS-2024-033-KAE.xml,CGS - Charles Snow Projects,METTRP - Methow Smolt Trap at McFarland Creek Road Bridge,5/2/2024,METHR - Methow River,5/4/2024,A,Pacific Lamprey,"10MM TAG, AMMOCOETE",126,1
3D9.1A4FD26E78,CGS-2024-033-KAE.xml,CGS - Charles Snow Projects,METTRP - Methow Smolt Trap at McFarland Creek Road Bridge,4/16/2024,METHR - Methow River,4/16/2024,A,Pacific Lamprey,"10MM TAG, AMMOCOETE",116,1
3D9.1A4FD26E79,CGS-2024-033-KAE.xml,CGS - Charles Snow Projects,METTRP - Methow Smolt Trap at McFarland Creek Road Bridge,4/29/2024,METHR - Methow River,5/1/2024,A,Pacific Lamprey,"10MM TAG, MACROPHTHALMIA",135,1
3D9.1A4FD26E7A,CGS-2024-033-KAE.xml,CGS - Charles Snow Projects,METTRP - Methow Smolt Trap at McFarland Creek Road Bridge,3/25/2024,METHR - Methow River,3/26/2024,A,Pacific Lamprey,"10MM TAG, AMMOCOETE",91,1
3D9.1A4FD26E7B,CGS-2024-033-KAE.xml,CGS - Charles Snow Projects,METTRP - Methow Smolt Trap at McFarland Creek Road Bridge,4/16/2024,METHR - Methow River,4/16/2024,A,Pacific Lamprey,"10MM TAG, AMMOCOETE",113,1
3D9.1A4FD26E7C,CGS-2024-033-KAE.xml,CGS - Charles Snow Projects,METTRP - Methow Smolt Trap at McFarland Creek Road Bridge,5/1/2024,METHR - Methow River,5/1/2024,A,Pacific Lamprey,"10MM TAG, MACROPHTHALMIA",137,1
3D9.1A4FD26E7D,CGS-2024-033-KAE.xml,CGS - Charles Snow Projects,METTRP - Methow Smolt Trap at McFarland Creek Road Bridge,5/1/2024,METHR - Methow River,5/1/2024,A,Pacific Lamprey,"10MM TAG, MACROPHTHALMIA",141,1
3D9.1A4FD26E7E,CGS-2024-033-KAE.xml,CGS - Charles Snow Projects,METTRP - Methow Smolt Trap at McFarland Creek Road Bridge,5/1/2024,METHR - Methow River,5/1/2024,A,Pacific Lamprey,"10MM TAG, MACROPHTHALMIA",120,1
3D9.1A4FD26E7F,CGS-2024-033-KAE.xml,CGS - Charles Snow Projects,METTRP - Methow Smolt Trap at McFarland Creek Road Bridge,4/30/2024,METHR - Methow River,5/1/2024,A,Pacific Lamprey,"10MM TAG, AMMOCOETE",117,1
3D9.1A4FD26E80,CGS-2024-033-KAE.xml,CGS - Charles Snow Projects,METTRP - Methow Smolt Trap at McFarland Creek Road Bridge,4/30/2024,METHR - Methow River,5/1/2024,A,Pacific Lamprey,"10MM TAG, AMMOCOETE",126,1
3D9.1A4FD26E81,CGS-2024-033-KAE.xml,CGS - Charles Snow Projects,METTRP - Methow Smolt Trap at McFarland Creek Road Bridge,4/30/2024,METHR - Methow River,5/1/2024,A,Pacific Lamprey,"10MM TAG, AMMOCOETE",123,1
3D9.1A4FD26E82,CGS-2024-033-KAE.xml,CGS - Charles Snow Projects,METTRP - Methow Smolt Trap at McFarland Creek Road Bridge,4/28/2024,METHR - Methow River,4/28/2024,A,Pacific Lamprey,"10MM TAG, AMMOCOETE",125,1
3D9.1A4FD26E83,CGS-2024-033-KAE.xml,CGS - Charles Snow Projects,METTRP - Methow Smolt Trap at McFarland Creek Road Bridge,4/30/2024,METHR - Methow River,5/1/2024,A,Pacific Lamprey,"10MM TAG, AMMOCOETE",127,1
3D9.1A4FD26E84,CGS-2024-033-KAE.xml,CGS - Charles Snow Projects,METTRP - Methow Smolt Trap at McFarland Creek Road Bridge,4/26/2024,METHR - Methow River,4/28/2024,A,Pacific Lamprey,"10MM TAG, AMMOCOETE",118,1
3D9.1A4FD26E85,CGS-2024-033-KAE.xml,CGS - Charles Snow Projects,METTRP - Methow Smolt Trap at McFarland Creek Road Bridge,5/1/2024,METHR - Methow River,5/1/2024,A,Pacific Lamprey,"10MM TAG, AMMOCOETE",127,1
3D9.1A4FD26E86,CGS-2024-033-KAE.xml,CGS - Charles Snow Projects,METTRP - Methow Smolt Trap at McFarland Creek Road Bridge,5/1/2024,METHR - Methow River,5/1/2024,A,Pacific Lamprey,"10MM TAG, MACROPHTHALMIA",129,1
3D9.1A4FD26E87,CGS-2024-033-KAE.xml,CGS - Charles Snow Projects,METTRP - Methow Smolt Trap at McFarland Creek Road Bridge,5/1/2024,METHR - Methow River,5/1/2024,A,Pacific Lamprey,"10MM TAG, AMMOCOETE",129,1
3D9.1A4FD26E88,CGS-2024-033-KAE.xml,CGS - Charles Snow Projects,METTRP - Methow Smolt Trap at McFarland Creek Road Bridge,4/29/2024,METHR - Methow River,5/1/2024,A,Pacific Lamprey,"10MM TAG, MACROPHTHALMIA",138,1
3D9.1A4FD26E89,CGS-2024-033-KAE.xml,CGS - Charles Snow Projects,METTRP - Methow Smolt Trap at McFarland Creek Road Bridge,5/6/2024,METHR - Methow River,5/7/2024,A,Pacific Lamprey,"10MM TAG, AMMOCOETE",127,1
3D9.1A4FD26E8A,CGS-2024-033-KAE.xml,CGS - Charles Snow Projects,METTRP - Methow Smolt Trap at McFarland Creek Road Bridge,5/11/2024,METHR - Methow River,5/13/2024,A,Pacific Lamprey,"10MM TAG, MACROPHTHALMIA",130,1
3D9.1A4FD26E8B,CGS-2024-033-KAE.xml,CGS - Charles Snow Projects,METTRP - Methow Smolt Trap at McFarland Creek Road Bridge,5/10/2024,METHR - Methow River,5/10/2024,A,Pacific Lamprey,"10MM TAG, AMMOCOETE",80,1
3D9.1A4FD26E8C,CGS-2024-033-KAE.xml,CGS - Charles Snow Projects,METTRP - Methow Smolt Trap at McFarland Creek Road Bridge,5/10/2024,METHR - Methow River,5/10/2024,A,Pacific Lamprey,"10MM TAG, AMMOCOETE",115,1
3D9.1A4FD26E8D,CGS-2024-033-KAE.xml,CGS - Charles Snow Projects,METTRP - Methow Smolt Trap at McFarland Creek Road Bridge,5/10/2024,METHR - Methow River,5/10/2024,A,Pacific Lamprey,"10MM TAG, AMMOCOETE",112,1
3D9.1A4FD26E8E,CGS-2024-033-KAE.xml,CGS - Charles Snow Projects,METTRP - Methow Smolt Trap at McFarland Creek Road Bridge,5/7/2024,METHR - Methow River,5/7/2024,A,Pacific Lamprey,"10MM TAG, MACROPHTHALMIA",133,1
3D9.1A4FD26E8F,CGS-2024-033-KAE.xml,CGS - Charles Snow Projects,METTRP - Methow Smolt Trap at McFarland Creek Road Bridge,5/8/2024,METHR - Methow River,5/10/2024,A,Pacific Lamprey,"10MM TAG, AMMOCOETE",131,1
3D9.1A4FD26E90,CGS-2024-033-KAE.xml,CGS - Charles Snow Projects,METTRP - Methow Smolt Trap at McFarland Creek Road Bridge,5/10/2024,METHR - Methow River,5/10/2024,A,Pacific Lamprey,"10MM TAG, AMMOCOETE",125,1
3D9.1A4FD26E91,CGS-2024-033-KAE.xml,CGS - Charles Snow Projects,METTRP - Methow Smolt Trap at McFarland Creek Road Bridge,5/7/2024,METHR - Methow River,5/7/2024,A,Pacific Lamprey,"10MM TAG, MACROPHTHALMIA",120,1
3D9.1A4FD26E92,CGS-2024-033-KAE.xml,CGS - Charles Snow Projects,METTRP - Methow Smolt Trap at McFarland Creek Road Bridge,5/10/2024,METHR - Methow River,5/13/2024,A,Pacific Lamprey,"10MM TAG, MACROPHTHALMIA",111,1
3D9.1A4FD26E93,CGS-2024-033-KAE.xml,CGS - Charles Snow Projects,METTRP - Methow Smolt Trap at McFarland Creek Road Bridge,5/7/2024,METHR - Methow River,5/7/2024,A,Pacific Lamprey,"10MM TAG, MACROPHTHALMIA",128,1
3D9.1A4FD26E94,CGS-2024-033-KAE.xml,CGS - Charles Snow Projects,METTRP - Methow Smolt Trap at McFarland Creek Road Bridge,5/10/2024,METHR - Methow River,5/13/2024,A,Pacific Lamprey,"10MM TAG, MACROPHTHALMIA",124,1
3D9.1A4FD26E95,CGS-2024-033-KAE.xml,CGS - Charles Snow Projects,METTRP - Methow Smolt Trap at McFarland Creek Road Bridge,5/14/2024,METHR - Methow River,5/16/2024,A,Pacific Lamprey,"10MM TAG, MACROPHTHALMIA",125,1
3D9.1A4FD26E96,CGS-2024-033-KAE.xml,CGS - Charles Snow Projects,METTRP - Methow Smolt Trap at McFarland Creek Road Bridge,5/9/2024,METHR - Methow River,5/10/2024,A,Pacific Lamprey,"10MM TAG, AMMOCOETE",128,1
3D9.1A4FD26E97,CGS-2024-033-KAE.xml,CGS - Charles Snow Projects,METTRP - Methow Smolt Trap at McFarland Creek Road Bridge,5/14/2024,METHR - Methow River,5/16/2024,A,Pacific Lamprey,"10MM TAG, AMMOCOETE",111,1
3D9.1A4FD26E98,CGS-2024-033-KAE.xml,CGS - Charles Snow Projects,METTRP - Methow Smolt Trap at McFarland Creek Road Bridge,5/10/2024,METHR - Methow River,5/13/2024,A,Pacific Lamprey,"10MM TAG, MACROPHTHALMIA",120,1
3D9.1A4FD26E99,CGS-2024-033-KAE.xml,CGS - Charles Snow Projects,METTRP - Methow Smolt Trap at McFarland Creek Road Bridge,5/10/2024,METHR - Methow River,5/13/2024,A,Pacific Lamprey,"10MM TAG, MACROPHTHALMIA",133,1
3D9.1A4FD26E9B,CGS-2024-033-KAE.xml,CGS - Charles Snow Projects,METTRP - Methow Smolt Trap at McFarland Creek Road Bridge,5/10/2024,METHR - Methow River,5/10/2024,A,Pacific Lamprey,"10MM TAG, AMMOCOETE",126,1
3D9.1A4FD26E9C,CGS-2024-033-KAE.xml,CGS - Charles Snow Projects,METTRP - Methow Smolt Trap at McFarland Creek Road Bridge,5/14/2024,METHR - Methow River,5/16/2024,A,Pacific Lamprey,"10MM TAG, MACROPHTHALMIA",127,1
3D9.1A4FD26E9D,CGS-2024-033-KAE.xml,CGS - Charles Snow Projects,METTRP - Methow Smolt Trap at McFarland Creek Road Bridge,5/11/2024,METHR - Methow River,5/13/2024,A,Pacific Lamprey,"10MM TAG, MACROPHTHALMIA",130,1
3D9.1A4FD26E9E,CGS-2024-033-KAE.xml,CGS - Charles Snow Projects,METTRP - Methow Smolt Trap at McFarland Creek Road Bridge,5/16/2024,METHR - Methow River,5/16/2024,A,Pacific Lamprey,"10MM TAG, AMMOCOETE",131,1
3D9.1A4FD26E9F,CGS-2024-033-KAE.xml,CGS - Charles Snow Projects,METTRP - Methow Smolt Trap at McFarland Creek Road Bridge,5/9/2024,METHR - Methow River,5/10/2024,A,Pacific Lamprey,"10MM TAG, AMMOCOETE",120,1
3D9.1A4FD26EA0,CGS-2024-033-KAE.xml,CGS - Charles Snow Projects,METTRP - Methow Smolt Trap at McFarland Creek Road Bridge,5/12/2024,METHR - Methow River,5/13/2024,A,Pacific Lamprey,"10MM TAG, MACROPHTHALMIA",120,1
3D9.1A4FD26EA1,CGS-2024-033-KAE.xml,CGS - Charles Snow Projects,METTRP - Methow Smolt Trap at McFarland Creek Road Bridge,5/11/2024,METHR - Methow River,5/13/2024,A,Pacific Lamprey,"10MM TAG, MACROPHTHALMIA",128,1
3D9.1A4FD26EA2,CGS-2024-033-KAE.xml,CGS - Charles Snow Projects,METTRP - Methow Smolt Trap at McFarland Creek Road Bridge,5/12/2024,METHR - Methow River,5/13/2024,A,Pacific Lamprey,"10MM TAG, MACROPHTHALMIA",131,1
3D9.1A4FD26EA3,CGS-2024-033-KAE.xml,CGS - Charles Snow Projects,METTRP - Methow Smolt Trap at McFarland Creek Road Bridge,5/10/2024,METHR - Methow River,5/13/2024,A,Pacific Lamprey,"10MM TAG, MACROPHTHALMIA",129,1
3D9.1A4FD26EA4,CGS-2024-033-KAE.xml,CGS - Charles Snow Projects,METTRP - Methow Smolt Trap at McFarland Creek Road Bridge,5/9/2024,METHR - Methow River,5/10/2024,A,Pacific Lamprey,"10MM TAG, AMMOCOETE",96,1
3D9.1A4FD26EA5,CGS-2024-033-KAE.xml,CGS - Charles Snow Projects,METTRP - Methow Smolt Trap at McFarland Creek Road Bridge,5/10/2024,METHR - Methow River,5/13/2024,A,Pacific Lamprey,"10MM TAG, MACROPHTHALMIA",132,1
3D9.1A4FD26EA6,CGS-2024-033-KAE.xml,CGS - Charles Snow Projects,METTRP - Methow Smolt Trap at McFarland Creek Road Bridge,5/9/2024,METHR - Methow River,5/10/2024,A,Pacific Lamprey,"10MM TAG, AMMOCOETE",129,1
3D9.1A4FD26EA7,CGS-2024-033-KAE.xml,CGS - Charles Snow Projects,METTRP - Methow Smolt Trap at McFarland Creek Road Bridge,5/8/2024,METHR - Methow River,5/10/2024,A,Pacific Lamprey,"10MM TAG, MACROPHTHALMIA",128,1
3D9.1A4FD26EA8,CGS-2024-033-KAE.xml,CGS - Charles Snow Projects,METTRP - Methow Smolt Trap at McFarland Creek Road Bridge,5/3/2024,METHR - Methow River,5/4/2024,A,Pacific Lamprey,"10MM TAG, MACROPHTHALMIA",144,1
3D9.1A4FD26EA9,CGS-2024-033-KAE.xml,CGS - Charles Snow Projects,METTRP - Methow Smolt Trap at McFarland Creek Road Bridge,5/9/2024,METHR - Methow River,5/10/2024,A,Pacific Lamprey,"10MM TAG, AMMOCOETE",130,1
3D9.1A4FD26EAA,CGS-2024-033-KAE.xml,CGS - Charles Snow Projects,METTRP - Methow Smolt Trap at McFarland Creek Road Bridge,5/6/2024,METHR - Methow River,5/7/2024,A,Pacific Lamprey,"10MM TAG, AMMOCOETE",123,1
3D9.1A4FD26EAB,CGS-2024-033-KAE.xml,CGS - Charles Snow Projects,METTRP - Methow Smolt Trap at McFarland Creek Road Bridge,5/10/2024,METHR - Methow River,5/10/2024,A,Pacific Lamprey,"10MM TAG, AMMOCOETE",128,1
3D9.1A4FD26EAC,CGS-2024-033-KAE.xml,CGS - Charles Snow Projects,METTRP - Methow Smolt Trap at McFarland Creek Road Bridge,5/4/2024,METHR - Methow River,5/4/2024,A,Pacific Lamprey,"10MM TAG, AMMOCOETE",125,1
3D9.1A4FD26EAD,CGS-2024-033-KAE.xml,CGS - Charles Snow Projects,METTRP - Methow Smolt Trap at McFarland Creek Road Bridge,5/7/2024,METHR - Methow River,5/7/2024,A,Pacific Lamprey,"10MM TAG, AMMOCOETE",135,1
3D9.1A4FD26EAE,CGS-2024-033-KAE.xml,CGS - Charles Snow Projects,METTRP - Methow Smolt Trap at McFarland Creek Road Bridge,5/8/2024,METHR - Methow River,5/10/2024,A,Pacific Lamprey,"10MM TAG, MACROPHTHALMIA",134,1
3D9.1A4FD26EAF,CGS-2024-033-KAE.xml,CGS - Charles Snow Projects,METTRP - Methow Smolt Trap at McFarland Creek Road Bridge,5/14/2024,METHR - Methow River,5/16/2024,A,Pacific Lamprey,"10MM TAG, AMMOCOETE",127,1
3D9.1A4FD26EB0,CGS-2024-033-KAE.xml,CGS - Charles Snow Projects,METTRP - Methow Smolt Trap at McFarland Creek Road Bridge,5/14/2024,METHR - Methow River,5/16/2024,A,Pacific Lamprey,"10MM TAG, AMMOCOETE",124,1
3D9.1A4FD26EB1,CGS-2024-033-KAE.xml,CGS - Charles Snow Projects,METTRP - Methow Smolt Trap at McFarland Creek Road Bridge,5/10/2024,METHR - Methow River,5/10/2024,A,Pacific Lamprey,"10MM TAG, AMMOCOETE",123,1
3D9.1A4FD26EB2,CGS-2024-033-KAE.xml,CGS - Charles Snow Projects,METTRP - Methow Smolt Trap at McFarland Creek Road Bridge,5/10/2024,METHR - Methow River,5/13/2024,A,Pacific Lamprey,"10MM TAG, MACROPHTHALMIA",122,1
3D9.1A4FD26EB3,CGS-2024-033-KAE.xml,CGS - Charles Snow Projects,METTRP - Methow Smolt Trap at McFarland Creek Road Bridge,5/12/2024,METHR - Methow River,5/13/2024,A,Pacific Lamprey,"10MM TAG, MACROPHTHALMIA",132,1
3D9.1A4FD26EB4,CGS-2024-033-KAE.xml,CGS - Charles Snow Projects,METTRP - Methow Smolt Trap at McFarland Creek Road Bridge,5/3/2024,METHR - Methow River,5/4/2024,A,Pacific Lamprey,"10MM TAG, AMMOCOETE",136,1
3D9.1A4FD26EB5,CGS-2024-033-KAE.xml,CGS - Charles Snow Projects,METTRP - Methow Smolt Trap at McFarland Creek Road Bridge,5/4/2024,METHR - Methow River,5/4/2024,A,Pacific Lamprey,"10MM TAG, AMMOCOETE",129,1
3D9.1A4FD26EB6,CGS-2024-033-KAE.xml,CGS - Charles Snow Projects,METTRP - Methow Smolt Trap at McFarland Creek Road Bridge,5/12/2024,METHR - Methow River,5/13/2024,A,Pacific Lamprey,"10MM TAG, MACROPHTHALMIA",131,1
3D9.1A4FD26EB7,CGS-2024-033-KAE.xml,CGS - Charles Snow Projects,METTRP - Methow Smolt Trap at McFarland Creek Road Bridge,5/7/2024,METHR - Methow River,5/7/2024,A,Pacific Lamprey,"10MM TAG, AMMOCOETE",128,1
3D9.1A4FD26EB8,CGS-2024-033-KAE.xml,CGS - Charles Snow Projects,METTRP - Methow Smolt Trap at McFarland Creek Road Bridge,5/16/2024,METHR - Methow River,5/16/2024,A,Pacific Lamprey,"10MM TAG, AMMOCOETE",130,1
3D9.1A4FD26EB9,CGS-2024-033-KAE.xml,CGS - Charles Snow Projects,METTRP - Methow Smolt Trap at McFarland Creek Road Bridge,5/10/2024,METHR - Methow River,5/10/2024,A,Pacific Lamprey,"10MM TAG, AMMOCOETE",120,1
3D9.1A4FD26EBA,CGS-2024-033-KAE.xml,CGS - Charles Snow Projects,METTRP - Methow Smolt Trap at McFarland Creek Road Bridge,5/8/2024,METHR - Methow River,5/10/2024,A,Pacific Lamprey,"10MM TAG, MACROPHTHALMIA",131,1
3D9.1A4FD26EBB,CGS-2024-033-KAE.xml,CGS - Charles Snow Projects,METTRP - Methow Smolt Trap at McFarland Creek Road Bridge,5/7/2024,METHR - Methow River,5/7/2024,A,Pacific Lamprey,"10MM TAG, AMMOCOETE",127,1
3D9.1A4FD26EBC,CGS-2024-033-KAE.xml,CGS - Charles Snow Projects,METTRP - Methow Smolt Trap at McFarland Creek Road Bridge,5/14/2024,METHR - Methow River,5/16/2024,A,Pacific Lamprey,"10MM TAG, AMMOCOETE",122,1
3D9.1A4FD26EBD,CGS-2024-033-KAE.xml,CGS - Charles Snow Projects,METTRP - Methow Smolt Trap at McFarland Creek Road Bridge,5/10/2024,METHR - Methow River,5/13/2024,A,Pacific Lamprey,"10MM TAG, MACROPHTHALMIA",122,1
3D9.1A4FD26EBE,CGS-2024-033-KAE.xml,CGS - Charles Snow Projects,METTRP - Methow Smolt Trap at McFarland Creek Road Bridge,5/3/2024,METHR - Methow River,5/4/2024,A,Pacific Lamprey,"10MM TAG, AMMOCOETE",134,1
3D9.1A4FD26EBF,CGS-2024-033-KAE.xml,CGS - Charles Snow Projects,METTRP - Methow Smolt Trap at McFarland Creek Road Bridge,5/4/2024,METHR - Methow River,5/4/2024,A,Pacific Lamprey,"10MM TAG, AMMOCOETE",134,1
3D9.1A4FD26EC0,CGS-2024-033-KAE.xml,CGS - Charles Snow Projects,METTRP - Methow Smolt Trap at McFarland Creek Road Bridge,5/14/2024,METHR - Methow River,5/16/2024,A,Pacific Lamprey,"10MM TAG, AMMOCOETE",106,1
3D9.1A4FD26EC1,CGS-2024-033-KAE.xml,CGS - Charles Snow Projects,METTRP - Methow Smolt Trap at McFarland Creek Road Bridge,5/14/2024,METHR - Methow River,5/16/2024,A,Pacific Lamprey,"10MM TAG, AMMOCOETE",131,1
3D9.1A4FD26EC2,CGS-2024-033-KAE.xml,CGS - Charles Snow Projects,METTRP - Methow Smolt Trap at McFarland Creek Road Bridge,5/8/2024,METHR - Methow River,5/10/2024,A,Pacific Lamprey,"10MM TAG, MACROPHTHALMIA",129,1
3D9.1A4FD26EC3,CGS-2024-033-KAE.xml,CGS - Charles Snow Projects,METTRP - Methow Smolt Trap at McFarland Creek Road Bridge,5/12/2024,METHR - Methow River,5/13/2024,A,Pacific Lamprey,"10MM TAG, MACROPHTHALMIA",132,1
3D9.1A4FD26EC4,CGS-2024-033-KAE.xml,CGS - Charles Snow Projects,METTRP - Methow Smolt Trap at McFarland Creek Road Bridge,5/3/2024,METHR - Methow River,5/4/2024,A,Pacific Lamprey,"10MM TAG, AMMOCOETE",130,1
3D9.1A4FD26EC5,CGS-2024-033-KAE.xml,CGS - Charles Snow Projects,METTRP - Methow Smolt Trap at McFarland Creek Road Bridge,5/4/2024,METHR - Methow River,5/4/2024,A,Pacific Lamprey,"10MM TAG, AMMOCOETE",125,1
3D9.1A4FD26EC6,CGS-2024-033-KAE.xml,CGS - Charles Snow Projects,METTRP - Methow Smolt Trap at McFarland Creek Road Bridge,5/8/2024,METHR - Methow River,5/10/2024,A,Pacific Lamprey,"10MM TAG, AMMOCOETE",124,1
3D9.1A4FD26EC7,CGS-2024-033-KAE.xml,CGS - Charles Snow Projects,METTRP - Methow Smolt Trap at McFarland Creek Road Bridge,5/12/2024,METHR - Methow River,5/13/2024,A,Pacific Lamprey,"10MM TAG, MACROPHTHALMIA",127,1
3D9.1A4FD26EC8,CGS-2024-033-KAE.xml,CGS - Charles Snow Projects,METTRP - Methow Smolt Trap at McFarland Creek Road Bridge,5/14/2024,METHR - Methow River,5/16/2024,A,Pacific Lamprey,"10MM TAG, AMMOCOETE",119,1
3D9.1A4FD26EC9,CGS-2024-033-KAE.xml,CGS - Charles Snow Projects,METTRP - Methow Smolt Trap at McFarland Creek Road Bridge,5/14/2024,METHR - Methow River,5/16/2024,A,Pacific Lamprey,"10MM TAG, AMMOCOETE",125,1
3D9.1A4FD26ECA,CGS-2024-033-KAE.xml,CGS - Charles Snow Projects,METTRP - Methow Smolt Trap at McFarland Creek Road Bridge,5/14/2024,METHR - Methow River,5/16/2024,A,Pacific Lamprey,"10MM TAG, AMMOCOETE",130,1
3D9.1A4FD26ECB,CGS-2024-033-KAE.xml,CGS - Charles Snow Projects,METTRP - Methow Smolt Trap at McFarland Creek Road Bridge,5/14/2024,METHR - Methow River,5/16/2024,A,Pacific Lamprey,"10MM TAG, AMMOCOETE",127,1
3D9.1A4FD26ECC,CGS-2024-033-KAE.xml,CGS - Charles Snow Projects,METTRP - Methow Smolt Trap at McFarland Creek Road Bridge,5/5/2024,METHR - Methow River,5/7/2024,A,Pacific Lamprey,"10MM TAG, AMMOCOETE",134,1
3D9.1A4FD26ECE,CGS-2024-033-KAE.xml,CGS - Charles Snow Projects,METTRP - Methow Smolt Trap at McFarland Creek Road Bridge,5/6/2024,METHR - Methow River,5/7/2024,A,Pacific Lamprey,"10MM TAG, AMMOCOETE",123,1
3D9.1A4FD26ECF,CGS-2024-033-KAE.xml,CGS - Charles Snow Projects,METTRP - Methow Smolt Trap at McFarland Creek Road Bridge,5/10/2024,METHR - Methow River,5/10/2024,A,Pacific Lamprey,"10MM TAG, AMMOCOETE",125,1
3D9.1A4FD26ED0,CGS-2024-033-KAE.xml,CGS - Charles Snow Projects,METTRP - Methow Smolt Trap at McFarland Creek Road Bridge,5/5/2024,METHR - Methow River,5/7/2024,A,Pacific Lamprey,"10MM TAG, MACROPHTHALMIA",138,1
3D9.1A4FD26ED1,CGS-2024-033-KAE.xml,CGS - Charles Snow Projects,METTRP - Methow Smolt Trap at McFarland Creek Road Bridge,5/3/2024,METHR - Methow River,5/4/2024,A,Pacific Lamprey,"10MM TAG, AMMOCOETE",131,1
3D9.1A4FD26ED2,CGS-2024-033-KAE.xml,CGS - Charles Snow Projects,METTRP - Methow Smolt Trap at McFarland Creek Road Bridge,5/14/2024,METHR - Methow River,5/16/2024,A,Pacific Lamprey,"10MM TAG, AMMOCOETE",127,1
3D9.1A4FD26ED3,CGS-2024-033-KAE.xml,CGS - Charles Snow Projects,METTRP - Methow Smolt Trap at McFarland Creek Road Bridge,5/8/2024,METHR - Methow River,5/10/2024,A,Pacific Lamprey,"10MM TAG, AMMOCOETE",127,1
3D9.1A4FD26ED4,CGS-2024-033-KAE.xml,CGS - Charles Snow Projects,METTRP - Methow Smolt Trap at McFarland Creek Road Bridge,5/11/2024,METHR - Methow River,5/13/2024,A,Pacific Lamprey,"10MM TAG, MACROPHTHALMIA",131,1
3D9.1A4FD26ED5,CGS-2024-033-KAE.xml,CGS - Charles Snow Projects,METTRP - Methow Smolt Trap at McFarland Creek Road Bridge,5/5/2024,METHR - Methow River,5/7/2024,A,Pacific Lamprey,"10MM TAG, AMMOCOETE",123,1
3D9.1A4FD26ED6,CGS-2024-033-KAE.xml,CGS - Charles Snow Projects,METTRP - Methow Smolt Trap at McFarland Creek Road Bridge,5/10/2024,METHR - Methow River,5/13/2024,A,Pacific Lamprey,"10MM TAG, MACROPHTHALMIA",126,1
3D9.1A4FD26ED7,CGS-2024-033-KAE.xml,CGS - Charles Snow Projects,METTRP - Methow Smolt Trap at McFarland Creek Road Bridge,5/9/2024,METHR - Methow River,5/10/2024,A,Pacific Lamprey,"10MM TAG, AMMOCOETE",125,1
3D9.1A4FD26ED8,CGS-2024-033-KAE.xml,CGS - Charles Snow Projects,METTRP - Methow Smolt Trap at McFarland Creek Road Bridge,5/9/2024,METHR - Methow River,5/10/2024,A,Pacific Lamprey,"10MM TAG, AMMOCOETE",105,1
3D9.1A4FD26ED9,CGS-2024-033-KAE.xml,CGS - Charles Snow Projects,METTRP - Methow Smolt Trap at McFarland Creek Road Bridge,5/10/2024,METHR - Methow River,5/10/2024,A,Pacific Lamprey,"10MM TAG, AMMOCOETE",122,1
3D9.1A4FD26EDA,CGS-2024-033-KAE.xml,CGS - Charles Snow Projects,METTRP - Methow Smolt Trap at McFarland Creek Road Bridge,5/12/2024,METHR - Methow River,5/13/2024,A,Pacific Lamprey,"10MM TAG, MACROPHTHALMIA",126,1
3D9.1A4FD26EDB,CGS-2024-033-KAE.xml,CGS - Charles Snow Projects,METTRP - Methow Smolt Trap at McFarland Creek Road Bridge,5/12/2024,METHR - Methow River,5/13/2024,A,Pacific Lamprey,"10MM TAG, MACROPHTHALMIA",126,1
3D9.1A4FD26EDC,CGS-2024-033-KAE.xml,CGS - Charles Snow Projects,METTRP - Methow Smolt Trap at McFarland Creek Road Bridge,5/9/2024,METHR - Methow River,5/10/2024,A,Pacific Lamprey,"10MM TAG, MACROPHTHALMIA",133,1
3D9.1A4FD26EDD,CGS-2024-033-KAE.xml,CGS - Charles Snow Projects,METTRP - Methow Smolt Trap at McFarland Creek Road Bridge,5/5/2024,METHR - Methow River,5/7/2024,A,Pacific Lamprey,"10MM TAG, AMMOCOETE",131,1
3D9.1A4FD26EDE,CGS-2024-033-KAE.xml,CGS - Charles Snow Projects,METTRP - Methow Smolt Trap at McFarland Creek Road Bridge,5/14/2024,METHR - Methow River,5/16/2024,A,Pacific Lamprey,"10MM TAG, AMMOCOETE",123,1
3D9.1A4FD26EDF,CGS-2024-033-KAE.xml,CGS - Charles Snow Projects,METTRP - Methow Smolt Trap at McFarland Creek Road Bridge,5/10/2024,METHR - Methow River,5/10/2024,A,Pacific Lamprey,"10MM TAG, AMMOCOETE",125,1
3D9.1A4FD26EE0,CGS-2024-033-KAE.xml,CGS - Charles Snow Projects,METTRP - Methow Smolt Trap at McFarland Creek Road Bridge,5/14/2024,METHR - Methow River,5/16/2024,A,Pacific Lamprey,"10MM TAG, AMMOCOETE",115,1
3D9.1A4FD26EE1,CGS-2024-033-KAE.xml,CGS - Charles Snow Projects,METTRP - Methow Smolt Trap at McFarland Creek Road Bridge,5/10/2024,METHR - Methow River,5/13/2024,A,Pacific Lamprey,"10MM TAG, MACROPHTHALMIA",131,1
3D9.1A4FD26EE2,CGS-2024-033-KAE.xml,CGS - Charles Snow Projects,METTRP - Methow Smolt Trap at McFarland Creek Road Bridge,5/4/2024,METHR - Methow River,5/4/2024,A,Pacific Lamprey,"10MM TAG, MACROPHTHALMIA",135,1
3D9.1A4FD26EE3,CGS-2024-033-KAE.xml,CGS - Charles Snow Projects,METTRP - Methow Smolt Trap at McFarland Creek Road Bridge,5/11/2024,METHR - Methow River,5/13/2024,A,Pacific Lamprey,"10MM TAG, MACROPHTHALMIA",131,1
3D9.1A4FD26EE4,CGS-2024-033-KAE.xml,CGS - Charles Snow Projects,METTRP - Methow Smolt Trap at McFarland Creek Road Bridge,5/2/2024,METHR - Methow River,5/4/2024,A,Pacific Lamprey,"10MM TAG, AMMOCOETE",94,1
3D9.1A4FD26EE5,CGS-2024-033-KAE.xml,CGS - Charles Snow Projects,METTRP - Methow Smolt Trap at McFarland Creek Road Bridge,5/14/2024,METHR - Methow River,5/16/2024,A,Pacific Lamprey,"10MM TAG, AMMOCOETE",124,1
3D9.1A4FD26EE7,CGS-2024-033-KAE.xml,CGS - Charles Snow Projects,METTRP - Methow Smolt Trap at McFarland Creek Road Bridge,5/11/2024,METHR - Methow River,5/13/2024,A,Pacific Lamprey,"10MM TAG, MACROPHTHALMIA",134,1
3D9.1A4FD26EE8,CGS-2024-033-KAE.xml,CGS - Charles Snow Projects,METTRP - Methow Smolt Trap at McFarland Creek Road Bridge,5/10/2024,METHR - Methow River,5/10/2024,A,Pacific Lamprey,"10MM TAG, AMMOCOETE",110,1
3D9.1A4FD26EE9,CGS-2024-033-KAE.xml,CGS - Charles Snow Projects,METTRP - Methow Smolt Trap at McFarland Creek Road Bridge,5/12/2024,METHR - Methow River,5/13/2024,A,Pacific Lamprey,"10MM TAG, MACROPHTHALMIA",127,1
3D9.1A4FD26EEA,CGS-2024-033-KAE.xml,CGS - Charles Snow Projects,METTRP - Methow Smolt Trap at McFarland Creek Road Bridge,5/14/2024,METHR - Methow River,5/16/2024,A,Pacific Lamprey,"10MM TAG, AMMOCOETE",116,1
3D9.1A4FD26EEB,CGS-2024-033-KAE.xml,CGS - Charles Snow Projects,METTRP - Methow Smolt Trap at McFarland Creek Road Bridge,5/5/2024,METHR - Methow River,5/7/2024,A,Pacific Lamprey,"10MM TAG, AMMOCOETE",135,1
3D9.1A4FD26EEC,CGS-2024-033-KAE.xml,CGS - Charles Snow Projects,METTRP - Methow Smolt Trap at McFarland Creek Road Bridge,5/14/2024,METHR - Methow River,5/16/2024,A,Pacific Lamprey,"10MM TAG, AMMOCOETE",125,1
3D9.1A4FD26EED,CGS-2024-033-KAE.xml,CGS - Charles Snow Projects,METTRP - Methow Smolt Trap at McFarland Creek Road Bridge,6/5/2024,METHR - Methow River,6/6/2024,A,Pacific Lamprey,"10MM TAG, AMMOCOETE",108,1
3D9.1A4FD26EEE,CGS-2024-033-KAE.xml,CGS - Charles Snow Projects,METTRP - Methow Smolt Trap at McFarland Creek Road Bridge,5/26/2024,METHR - Methow River,5/28/2024,A,Pacific Lamprey,"10MM TAG, AMMOCOETE",123,1
3D9.1A4FD26EEF,CGS-2024-033-KAE.xml,CGS - Charles Snow Projects,METTRP - Methow Smolt Trap at McFarland Creek Road Bridge,5/26/2024,METHR - Methow River,5/28/2024,A,Pacific Lamprey,"10MM TAG, AMMOCOETE",128,1
3D9.1A4FD26EF0,CGS-2024-033-KAE.xml,CGS - Charles Snow Projects,METTRP - Methow Smolt Trap at McFarland Creek Road Bridge,6/2/2024,METHR - Methow River,6/3/2024,A,Pacific Lamprey,"10MM TAG, AMMOCOETE",127,1
3D9.1A4FD26EF1,CGS-2024-033-KAE.xml,CGS - Charles Snow Projects,METTRP - Methow Smolt Trap at McFarland Creek Road Bridge,5/18/2024,METHR - Methow River,5/19/2024,A,Pacific Lamprey,"10MM TAG, AMMOCOETE",131,1
3D9.1A4FD26EF2,CGS-2024-033-KAE.xml,CGS - Charles Snow Projects,METTRP - Methow Smolt Trap at McFarland Creek Road Bridge,5/22/2024,METHR - Methow River,5/22/2024,A,Pacific Lamprey,"10MM TAG, AMMOCOETE",122,1
3D9.1A4FD26EF3,CGS-2024-033-KAE.xml,CGS - Charles Snow Projects,METTRP - Methow Smolt Trap at McFarland Creek Road Bridge,5/28/2024,METHR - Methow River,5/28/2024,A,Pacific Lamprey,"10MM TAG, AMMOCOETE",123,1
3D9.1A4FD26EF4,CGS-2024-033-KAE.xml,CGS - Charles Snow Projects,METTRP - Methow Smolt Trap at McFarland Creek Road Bridge,6/5/2024,METHR - Methow River,6/6/2024,A,Pacific Lamprey,"10MM TAG, AMMOCOETE",130,1
3D9.1A4FD26EF5,CGS-2024-033-KAE.xml,CGS - Charles Snow Projects,METTRP - Methow Smolt Trap at McFarland Creek Road Bridge,5/18/2024,METHR - Methow River,5/19/2024,A,Pacific Lamprey,"10MM TAG, AMMOCOETE",130,1
3D9.1A4FD26EF6,CGS-2024-033-KAE.xml,CGS - Charles Snow Projects,METTRP - Methow Smolt Trap at McFarland Creek Road Bridge,5/23/2024,METTRP - Methow Smolt Trap at McFarland Creek Road Bridge,5/25/2024,A,Pacific Lamprey,"10MM TAG, AMMOCOETE",130,1
3D9.1A4FD26EF7,CGS-2024-033-KAE.xml,CGS - Charles Snow Projects,METTRP - Methow Smolt Trap at McFarland Creek Road Bridge,5/20/2024,METHR - Methow River,5/22/2024,A,Pacific Lamprey,"10MM TAG, AMMOCOETE",130,1
3D9.1A4FD26EF8,CGS-2024-033-KAE.xml,CGS - Charles Snow Projects,METTRP - Methow Smolt Trap at McFarland Creek Road Bridge,5/22/2024,METHR - Methow River,5/22/2024,A,Pacific Lamprey,"10MM TAG, AMMOCOETE",115,1
3D9.1A4FD26EF9,CGS-2024-033-KAE.xml,CGS - Charles Snow Projects,METTRP - Methow Smolt Trap at McFarland Creek Road Bridge,5/25/2024,METTRP - Methow Smolt Trap at McFarland Creek Road Bridge,5/25/2024,A,Pacific Lamprey,"10MM TAG, AMMOCOETE",126,1
3D9.1A4FD26EFA,CGS-2024-033-KAE.xml,CGS - Charles Snow Projects,METTRP - Methow Smolt Trap at McFarland Creek Road Bridge,5/25/2024,METTRP - Methow Smolt Trap at McFarland Creek Road Bridge,5/25/2024,A,Pacific Lamprey,"10MM TAG, AMMOCOETE",125,1
3D9.1A4FD26EFB,CGS-2024-033-KAE.xml,CGS - Charles Snow Projects,METTRP - Methow Smolt Trap at McFarland Creek Road Bridge,5/27/2024,METHR - Methow River,5/28/2024,A,Pacific Lamprey,"10MM TAG, AMMOCOETE",130,1
3D9.1A4FD26EFC,CGS-2024-033-KAE.xml,CGS - Charles Snow Projects,METTRP - Methow Smolt Trap at McFarland Creek Road Bridge,5/29/2024,METHR - Methow River,5/31/2024,A,Pacific Lamprey,"10MM TAG, AMMOCOETE",131,1
3D9.1A4FD26EFD,CGS-2024-033-KAE.xml,CGS - Charles Snow Projects,METTRP - Methow Smolt Trap at McFarland Creek Road Bridge,5/26/2024,METHR - Methow River,5/28/2024,A,Pacific Lamprey,"10MM TAG, AMMOCOETE",121,1
3D9.1A4FD26EFE,CGS-2024-033-KAE.xml,CGS - Charles Snow Projects,METTRP - Methow Smolt Trap at McFarland Creek Road Bridge,5/22/2024,METHR - Methow River,5/22/2024,A,Pacific Lamprey,"10MM TAG, AMMOCOETE",124,1
3D9.1A4FD26EFF,CGS-2024-033-KAE.xml,CGS - Charles Snow Projects,METTRP - Methow Smolt Trap at McFarland Creek Road Bridge,6/1/2024,METHR - Methow River,6/3/2024,A,Pacific Lamprey,"10MM TAG, AMMOCOETE",130,1
3D9.1A4FD26F00,CGS-2024-033-KAE.xml,CGS - Charles Snow Projects,METTRP - Methow Smolt Trap at McFarland Creek Road Bridge,5/27/2024,METHR - Methow River,5/28/2024,A,Pacific Lamprey,"10MM TAG, AMMOCOETE",130,1
3D9.1A4FD26F01,CGS-2024-033-KAE.xml,CGS - Charles Snow Projects,METTRP - Methow Smolt Trap at McFarland Creek Road Bridge,5/24/2024,METTRP - Methow Smolt Trap at McFarland Creek Road Bridge,5/25/2024,A,Pacific Lamprey,"10MM TAG, AMMOCOETE",118,1
3D9.1A4FD26F02,CGS-2024-033-KAE.xml,CGS - Charles Snow Projects,METTRP - Methow Smolt Trap at McFarland Creek Road Bridge,5/28/2024,METHR - Methow River,5/28/2024,A,Pacific Lamprey,"10MM TAG, AMMOCOETE",113,1
3D9.1A4FD26F03,CGS-2024-033-KAE.xml,CGS - Charles Snow Projects,METTRP - Methow Smolt Trap at McFarland Creek Road Bridge,6/1/2024,METHR - Methow River,6/3/2024,A,Pacific Lamprey,"10MM TAG, AMMOCOETE",127,1
3D9.1A4FD26F04,CGS-2024-033-KAE.xml,CGS - Charles Snow Projects,METTRP - Methow Smolt Trap at McFarland Creek Road Bridge,5/28/2024,METHR - Methow River,5/28/2024,A,Pacific Lamprey,"10MM TAG, AMMOCOETE",126,1
3D9.1A4FD26F05,CGS-2024-033-KAE.xml,CGS - Charles Snow Projects,METTRP - Methow Smolt Trap at McFarland Creek Road Bridge,5/19/2024,METHR - Methow River,5/19/2024,A,Pacific Lamprey,"10MM TAG, AMMOCOETE",130,1
3D9.1A4FD26F06,CGS-2024-033-KAE.xml,CGS - Charles Snow Projects,METTRP - Methow Smolt Trap at McFarland Creek Road Bridge,5/23/2024,METTRP - Methow Smolt Trap at McFarland Creek Road Bridge,5/25/2024,A,Pacific Lamprey,"10MM TAG, AMMOCOETE",120,1
3D9.1A4FD26F07,CGS-2024-033-KAE.xml,CGS - Charles Snow Projects,METTRP - Methow Smolt Trap at McFarland Creek Road Bridge,5/17/2024,METHR - Methow River,5/19/2024,A,Pacific Lamprey,"10MM TAG, AMMOCOETE",131,1
3D9.1A4FD26F08,CGS-2024-033-KAE.xml,CGS - Charles Snow Projects,METTRP - Methow Smolt Trap at McFarland Creek Road Bridge,5/28/2024,METHR - Methow River,5/28/2024,A,Pacific Lamprey,"10MM TAG, AMMOCOETE",133,1
3D9.1A4FD26F09,CGS-2024-033-KAE.xml,CGS - Charles Snow Projects,METTRP - Methow Smolt Trap at McFarland Creek Road Bridge,5/22/2024,METHR - Methow River,5/22/2024,A,Pacific Lamprey,"10MM TAG, AMMOCOETE",125,1
3D9.1A4FD26F0A,CGS-2024-033-KAE.xml,CGS - Charles Snow Projects,METTRP - Methow Smolt Trap at McFarland Creek Road Bridge,5/17/2024,METHR - Methow River,5/19/2024,A,Pacific Lamprey,"10MM TAG, AMMOCOETE",127,1
3D9.1A4FD26F0B,CGS-2024-033-KAE.xml,CGS - Charles Snow Projects,METTRP - Methow Smolt Trap at McFarland Creek Road Bridge,5/24/2024,METTRP - Methow Smolt Trap at McFarland Creek Road Bridge,5/25/2024,A,Pacific Lamprey,"10MM TAG, AMMOCOETE",125,1
3D9.1A4FD26F0C,CGS-2024-033-KAE.xml,CGS - Charles Snow Projects,METTRP - Methow Smolt Trap at McFarland Creek Road Bridge,6/5/2024,METHR - Methow River,6/6/2024,A,Pacific Lamprey,"10MM TAG, AMMOCOETE",120,1
3D9.1A4FD26F0D,CGS-2024-033-KAE.xml,CGS - Charles Snow Projects,METTRP - Methow Smolt Trap at McFarland Creek Road Bridge,5/16/2024,METHR - Methow River,5/16/2024,A,Pacific Lamprey,"10MM TAG, AMMOCOETE",130,1
3D9.1A4FD26F0E,CGS-2024-033-KAE.xml,CGS - Charles Snow Projects,METTRP - Methow Smolt Trap at McFarland Creek Road Bridge,5/22/2024,METHR - Methow River,5/22/2024,A,Pacific Lamprey,"10MM TAG, AMMOCOETE",122,1
3D9.1A4FD26F0F,CGS-2024-033-KAE.xml,CGS - Charles Snow Projects,METTRP - Methow Smolt Trap at McFarland Creek Road Bridge,5/26/2024,METHR - Methow River,5/28/2024,A,Pacific Lamprey,"10MM TAG, AMMOCOETE",123,1
3D9.1A4FD26F10,CGS-2024-033-KAE.xml,CGS - Charles Snow Projects,METTRP - Methow Smolt Trap at McFarland Creek Road Bridge,5/17/2024,METHR - Methow River,5/19/2024,A,Pacific Lamprey,"10MM TAG, AMMOCOETE",120,1
3D9.1A4FD26F11,CGS-2024-033-KAE.xml,CGS - Charles Snow Projects,METTRP - Methow Smolt Trap at McFarland Creek Road Bridge,6/5/2024,METHR - Methow River,6/6/2024,A,Pacific Lamprey,"10MM TAG, AMMOCOETE",130,1
3D9.1A4FD26F12,CGS-2024-033-KAE.xml,CGS - Charles Snow Projects,METTRP - Methow Smolt Trap at McFarland Creek Road Bridge,5/19/2024,METHR - Methow River,5/19/2024,A,Pacific Lamprey,"10MM TAG, AMMOCOETE",128,1
3D9.1A4FD26F13,CGS-2024-033-KAE.xml,CGS - Charles Snow Projects,METTRP - Methow Smolt Trap at McFarland Creek Road Bridge,5/26/2024,METHR - Methow River,5/28/2024,A,Pacific Lamprey,"10MM TAG, AMMOCOETE",122,1
3D9.1A4FD26F14,CGS-2024-033-KAE.xml,CGS - Charles Snow Projects,METTRP - Methow Smolt Trap at McFarland Creek Road Bridge,5/16/2024,METHR - Methow River,5/16/2024,A,Pacific Lamprey,"10MM TAG, AMMOCOETE",124,1
3D9.1A4FD26F15,CGS-2024-033-KAE.xml,CGS - Charles Snow Projects,METTRP - Methow Smolt Trap at McFarland Creek Road Bridge,5/19/2024,METHR - Methow River,5/19/2024,A,Pacific Lamprey,"10MM TAG, AMMOCOETE",110,1
3D9.1A4FD26F16,CGS-2024-033-KAE.xml,CGS - Charles Snow Projects,METTRP - Methow Smolt Trap at McFarland Creek Road Bridge,5/17/2024,METHR - Methow River,5/19/2024,A,Pacific Lamprey,"10MM TAG, AMMOCOETE",126,1
3D9.1A4FD26F17,CGS-2024-033-KAE.xml,CGS - Charles Snow Projects,METTRP - Methow Smolt Trap at McFarland Creek Road Bridge,6/5/2024,METHR - Methow River,6/6/2024,A,Pacific Lamprey,"10MM TAG, AMMOCOETE",130,1
3D9.1A4FD26F18,CGS-2024-033-KAE.xml,CGS - Charles Snow Projects,METTRP - Methow Smolt Trap at McFarland Creek Road Bridge,5/23/2024,METTRP - Methow Smolt Trap at McFarland Creek Road Bridge,5/25/2024,A,Pacific Lamprey,"10MM TAG, AMMOCOETE",126,1
3D9.1A4FD26F19,CGS-2024-033-KAE.xml,CGS - Charles Snow Projects,METTRP - Methow Smolt Trap at McFarland Creek Road Bridge,5/29/2024,METHR - Methow River,5/31/2024,A,Pacific Lamprey,"10MM TAG, AMMOCOETE",120,1
3D9.1A4FD26F1A,CGS-2024-033-KAE.xml,CGS - Charles Snow Projects,METTRP - Methow Smolt Trap at McFarland Creek Road Bridge,5/19/2024,METHR - Methow River,5/19/2024,A,Pacific Lamprey,"10MM TAG, AMMOCOETE",130,1
3D9.1A4FD26F1B,CGS-2024-033-KAE.xml,CGS - Charles Snow Projects,METTRP - Methow Smolt Trap at McFarland Creek Road Bridge,5/27/2024,METHR - Methow River,5/28/2024,A,Pacific Lamprey,"10MM TAG, AMMOCOETE",128,1
3D9.1A4FD26F1C,CGS-2024-033-KAE.xml,CGS - Charles Snow Projects,METTRP - Methow Smolt Trap at McFarland Creek Road Bridge,6/5/2024,METHR - Methow River,6/6/2024,A,Pacific Lamprey,"10MM TAG, AMMOCOETE",115,1
3D9.1A4FD26F1D,CGS-2024-033-KAE.xml,CGS - Charles Snow Projects,METTRP - Methow Smolt Trap at McFarland Creek Road Bridge,5/29/2024,METHR - Methow River,5/31/2024,A,Pacific Lamprey,"10MM TAG, AMMOCOETE",130,1
3D9.1A4FD26F1E,CGS-2024-033-KAE.xml,CGS - Charles Snow Projects,METTRP - Methow Smolt Trap at McFarland Creek Road Bridge,5/16/2024,METHR - Methow River,5/16/2024,A,Pacific Lamprey,"10MM TAG, AMMOCOETE",116,1
3D9.1A4FD26F1F,CGS-2024-033-KAE.xml,CGS - Charles Snow Projects,METTRP - Methow Smolt Trap at McFarland Creek Road Bridge,6/1/2024,METHR - Methow River,6/3/2024,A,Pacific Lamprey,"10MM TAG, AMMOCOETE",123,1
3D9.1A4FD26F20,CGS-2024-033-KAE.xml,CGS - Charles Snow Projects,METTRP - Methow Smolt Trap at McFarland Creek Road Bridge,5/17/2024,METHR - Methow River,5/19/2024,A,Pacific Lamprey,"10MM TAG, AMMOCOETE",131,1
3D9.1A4FD26F21,CGS-2024-033-KAE.xml,CGS - Charles Snow Projects,METTRP - Methow Smolt Trap at McFarland Creek Road Bridge,5/22/2024,METHR - Methow River,5/22/2024,A,Pacific Lamprey,"10MM TAG, AMMOCOETE",131,1
3D9.1A4FD26F22,CGS-2024-033-KAE.xml,CGS - Charles Snow Projects,METTRP - Methow Smolt Trap at McFarland Creek Road Bridge,5/22/2024,METHR - Methow River,5/22/2024,A,Pacific Lamprey,"10MM TAG, AMMOCOETE",119,1
3D9.1A4FD26F23,CGS-2024-033-KAE.xml,CGS - Charles Snow Projects,METTRP - Methow Smolt Trap at McFarland Creek Road Bridge,5/18/2024,METHR - Methow River,5/19/2024,A,Pacific Lamprey,"10MM TAG, AMMOCOETE",129,1
3D9.1A4FD26F24,CGS-2024-033-KAE.xml,CGS - Charles Snow Projects,METTRP - Methow Smolt Trap at McFarland Creek Road Bridge,5/30/2024,METHR - Methow River,5/31/2024,A,Pacific Lamprey,"10MM TAG, AMMOCOETE",126,1
3D9.1A4FD26F25,CGS-2024-033-KAE.xml,CGS - Charles Snow Projects,METTRP - Methow Smolt Trap at McFarland Creek Road Bridge,6/5/2024,METHR - Methow River,6/6/2024,A,Pacific Lamprey,"10MM TAG, AMMOCOETE",126,1
3D9.1A4FD26F26,CGS-2024-033-KAE.xml,CGS - Charles Snow Projects,METTRP - Methow Smolt Trap at McFarland Creek Road Bridge,5/28/2024,METHR - Methow River,5/28/2024,A,Pacific Lamprey,"10MM TAG, AMMOCOETE",133,1
3D9.1A4FD26F27,CGS-2024-033-KAE.xml,CGS - Charles Snow Projects,METTRP - Methow Smolt Trap at McFarland Creek Road Bridge,5/18/2024,METHR - Methow River,5/19/2024,A,Pacific Lamprey,"10MM TAG, AMMOCOETE",131,1
3D9.1A4FD26F28,CGS-2024-033-KAE.xml,CGS - Charles Snow Projects,METTRP - Methow Smolt Trap at McFarland Creek Road Bridge,5/28/2024,METHR - Methow River,5/28/2024,A,Pacific Lamprey,"10MM TAG, AMMOCOETE",125,1
3D9.1A4FD26F29,CGS-2024-033-KAE.xml,CGS - Charles Snow Projects,METTRP - Methow Smolt Trap at McFarland Creek Road Bridge,5/19/2024,METHR - Methow River,5/19/2024,A,Pacific Lamprey,"10MM TAG, AMMOCOETE",113,1
3D9.1A4FD26F2A,CGS-2024-033-KAE.xml,CGS - Charles Snow Projects,METTRP - Methow Smolt Trap at McFarland Creek Road Bridge,5/16/2024,METHR - Methow River,5/16/2024,A,Pacific Lamprey,"10MM TAG, AMMOCOETE",106,1
3D9.1A4FD26F2B,CGS-2024-033-KAE.xml,CGS - Charles Snow Projects,METTRP - Methow Smolt Trap at McFarland Creek Road Bridge,6/5/2024,METHR - Methow River,6/6/2024,A,Pacific Lamprey,"10MM TAG, AMMOCOETE",129,1
3D9.1A4FD26F2C,CGS-2024-033-KAE.xml,CGS - Charles Snow Projects,METTRP - Methow Smolt Trap at McFarland Creek Road Bridge,5/26/2024,METHR - Methow River,5/28/2024,A,Pacific Lamprey,"10MM TAG, AMMOCOETE",127,1
3D9.1A4FD26F2D,CGS-2024-033-KAE.xml,CGS - Charles Snow Projects,METTRP - Methow Smolt Trap at McFarland Creek Road Bridge,5/23/2024,METTRP - Methow Smolt Trap at McFarland Creek Road Bridge,5/25/2024,A,Pacific Lamprey,"10MM TAG, AMMOCOETE",127,1
3D9.1A4FD26F2E,CGS-2024-033-KAE.xml,CGS - Charles Snow Projects,METTRP - Methow Smolt Trap at McFarland Creek Road Bridge,6/2/2024,METHR - Methow River,6/3/2024,A,Pacific Lamprey,"10MM TAG, AMMOCOETE",126,1
3D9.1A4FD26F2F,CGS-2024-033-KAE.xml,CGS - Charles Snow Projects,METTRP - Methow Smolt Trap at McFarland Creek Road Bridge,5/18/2024,METHR - Methow River,5/19/2024,A,Pacific Lamprey,"10MM TAG, AMMOCOETE",118,1
3D9.1A4FD26F30,CGS-2024-033-KAE.xml,CGS - Charles Snow Projects,METTRP - Methow Smolt Trap at McFarland Creek Road Bridge,5/18/2024,METHR - Methow River,5/19/2024,A,Pacific Lamprey,"10MM TAG, AMMOCOETE",116,1
3D9.1A4FD26F31,CGS-2024-033-KAE.xml,CGS - Charles Snow Projects,METTRP - Methow Smolt Trap at McFarland Creek Road Bridge,5/26/2024,METHR - Methow River,5/28/2024,A,Pacific Lamprey,"10MM TAG, AMMOCOETE",97,1
3D9.1A4FD26F32,CGS-2024-033-KAE.xml,CGS - Charles Snow Projects,METTRP - Methow Smolt Trap at McFarland Creek Road Bridge,5/29/2024,METHR - Methow River,5/31/2024,A,Pacific Lamprey,"10MM TAG, AMMOCOETE",129,1
3D9.1A4FD26F33,CGS-2024-033-KAE.xml,CGS - Charles Snow Projects,METTRP - Methow Smolt Trap at McFarland Creek Road Bridge,6/1/2024,METHR - Methow River,6/3/2024,A,Pacific Lamprey,"10MM TAG, AMMOCOETE",129,1
3D9.1A4FD26F34,CGS-2024-033-KAE.xml,CGS - Charles Snow Projects,METTRP - Methow Smolt Trap at McFarland Creek Road Bridge,5/30/2024,METHR - Methow River,5/31/2024,A,Pacific Lamprey,"10MM TAG, AMMOCOETE",130,1
3D9.1A4FD26F35,CGS-2024-033-KAE.xml,CGS - Charles Snow Projects,METTRP - Methow Smolt Trap at McFarland Creek Road Bridge,6/1/2024,METHR - Methow River,6/3/2024,A,Pacific Lamprey,"10MM TAG, AMMOCOETE",123,1
3D9.1A4FD26F36,CGS-2024-033-KAE.xml,CGS - Charles Snow Projects,METTRP - Methow Smolt Trap at McFarland Creek Road Bridge,5/20/2024,METHR - Methow River,5/22/2024,A,Pacific Lamprey,"10MM TAG, AMMOCOETE",130,1
3D9.1A4FD26F37,CGS-2024-033-KAE.xml,CGS - Charles Snow Projects,METTRP - Methow Smolt Trap at McFarland Creek Road Bridge,5/16/2024,METHR - Methow River,5/16/2024,A,Pacific Lamprey,"10MM TAG, AMMOCOETE",131,1
3D9.1A4FD26F38,CGS-2024-033-KAE.xml,CGS - Charles Snow Projects,METTRP - Methow Smolt Trap at McFarland Creek Road Bridge,5/27/2024,METHR - Methow River,5/28/2024,A,Pacific Lamprey,"10MM TAG, AMMOCOETE",130,1
3D9.1A4FD26F39,CGS-2024-033-KAE.xml,CGS - Charles Snow Projects,METTRP - Methow Smolt Trap at McFarland Creek Road Bridge,5/28/2024,METHR - Methow River,5/28/2024,A,Pacific Lamprey,"10MM TAG, AMMOCOETE",119,1
3D9.1A4FD26F3A,CGS-2024-033-KAE.xml,CGS - Charles Snow Projects,METTRP - Methow Smolt Trap at McFarland Creek Road Bridge,5/16/2024,METHR - Methow River,5/16/2024,A,Pacific Lamprey,"10MM TAG, AMMOCOETE",128,1
3D9.1A4FD26F3B,CGS-2024-033-KAE.xml,CGS - Charles Snow Projects,METTRP - Methow Smolt Trap at McFarland Creek Road Bridge,5/22/2024,METHR - Methow River,5/22/2024,A,Pacific Lamprey,"10MM TAG, AMMOCOETE",121,1
3D9.1A4FD26F3C,CGS-2024-033-KAE.xml,CGS - Charles Snow Projects,METTRP - Methow Smolt Trap at McFarland Creek Road Bridge,5/21/2024,METHR - Methow River,5/22/2024,A,Pacific Lamprey,"10MM TAG, AMMOCOETE",138,1
3D9.1A4FD26F3D,CGS-2024-033-KAE.xml,CGS - Charles Snow Projects,METTRP - Methow Smolt Trap at McFarland Creek Road Bridge,5/18/2024,METHR - Methow River,5/19/2024,A,Pacific Lamprey,"10MM TAG, AMMOCOETE",126,1
3D9.1A4FD26F3E,CGS-2024-033-KAE.xml,CGS - Charles Snow Projects,METTRP - Methow Smolt Trap at McFarland Creek Road Bridge,5/17/2024,METHR - Methow River,5/19/2024,A,Pacific Lamprey,"10MM TAG, AMMOCOETE",131,1
3D9.1A4FD26F3F,CGS-2024-033-KAE.xml,CGS - Charles Snow Projects,METTRP - Methow Smolt Trap at McFarland Creek Road Bridge,6/1/2024,METHR - Methow River,6/3/2024,A,Pacific Lamprey,"10MM TAG, AMMOCOETE",124,1
3D9.1A4FD26F40,CGS-2024-033-KAE.xml,CGS - Charles Snow Projects,METTRP - Methow Smolt Trap at McFarland Creek Road Bridge,5/21/2024,METHR - Methow River,5/22/2024,A,Pacific Lamprey,"10MM TAG, AMMOCOETE",130,1
3D9.1A4FD26F41,CGS-2024-033-KAE.xml,CGS - Charles Snow Projects,METTRP - Methow Smolt Trap at McFarland Creek Road Bridge,5/18/2024,METHR - Methow River,5/19/2024,A,Pacific Lamprey,"10MM TAG, AMMOCOETE",125,1
3D9.1A4FD26F42,CGS-2024-033-KAE.xml,CGS - Charles Snow Projects,METTRP - Methow Smolt Trap at McFarland Creek Road Bridge,5/21/2024,METHR - Methow River,5/22/2024,A,Pacific Lamprey,"10MM TAG, AMMOCOETE",132,1
3D9.1A4FD26F43,CGS-2024-033-KAE.xml,CGS - Charles Snow Projects,METTRP - Methow Smolt Trap at McFarland Creek Road Bridge,5/30/2024,METHR - Methow River,5/31/2024,A,Pacific Lamprey,"10MM TAG, AMMOCOETE",117,1
3D9.1A4FD26F44,CGS-2024-033-KAE.xml,CGS - Charles Snow Projects,METTRP - Methow Smolt Trap at McFarland Creek Road Bridge,5/18/2024,METHR - Methow River,5/19/2024,A,Pacific Lamprey,"10MM TAG, AMMOCOETE",126,1
3D9.1A4FD26F45,CGS-2024-033-KAE.xml,CGS - Charles Snow Projects,METTRP - Methow Smolt Trap at McFarland Creek Road Bridge,5/23/2024,METTRP - Methow Smolt Trap at McFarland Creek Road Bridge,5/25/2024,A,Pacific Lamprey,"10MM TAG, AMMOCOETE",90,1
3D9.1A4FD26F46,CGS-2024-033-KAE.xml,CGS - Charles Snow Projects,METTRP - Methow Smolt Trap at McFarland Creek Road Bridge,6/1/2024,METHR - Methow River,6/3/2024,A,Pacific Lamprey,"10MM TAG, AMMOCOETE",127,1
3D9.1A4FD26F47,CGS-2024-033-KAE.xml,CGS - Charles Snow Projects,METTRP - Methow Smolt Trap at McFarland Creek Road Bridge,5/26/2024,METHR - Methow River,5/28/2024,A,Pacific Lamprey,"10MM TAG, AMMOCOETE",122,1
3D9.1A4FD26F48,CGS-2024-033-KAE.xml,CGS - Charles Snow Projects,METTRP - Methow Smolt Trap at McFarland Creek Road Bridge,5/25/2024,METTRP - Methow Smolt Trap at McFarland Creek Road Bridge,5/25/2024,A,Pacific Lamprey,"10MM TAG, AMMOCOETE",132,1
3D9.1A4FD26F49,CGS-2024-033-KAE.xml,CGS - Charles Snow Projects,METTRP - Methow Smolt Trap at McFarland Creek Road Bridge,5/18/2024,METHR - Methow River,5/19/2024,A,Pacific Lamprey,"10MM TAG, AMMOCOETE",129,1
3D9.1A4FD26F4A,CGS-2024-033-KAE.xml,CGS - Charles Snow Projects,METTRP - Methow Smolt Trap at McFarland Creek Road Bridge,5/24/2024,METTRP - Methow Smolt Trap at McFarland Creek Road Bridge,5/25/2024,A,Pacific Lamprey,"10MM TAG, AMMOCOETE",125,1
3D9.1A4FD26F4B,CGS-2024-033-KAE.xml,CGS - Charles Snow Projects,METTRP - Methow Smolt Trap at McFarland Creek Road Bridge,5/27/2024,METHR - Methow River,5/28/2024,A,Pacific Lamprey,"10MM TAG, AMMOCOETE",126,1
3D9.1A4FD26F4C,CGS-2024-033-KAE.xml,CGS - Charles Snow Projects,METTRP - Methow Smolt Trap at McFarland Creek Road Bridge,5/23/2024,METTRP - Methow Smolt Trap at McFarland Creek Road Bridge,5/25/2024,A,Pacific Lamprey,"10MM TAG, AMMOCOETE",127,1
3D9.1A4FD26F4D,CGS-2024-033-KAE.xml,CGS - Charles Snow Projects,METTRP - Methow Smolt Trap at McFarland Creek Road Bridge,5/18/2024,METHR - Methow River,5/19/2024,A,Pacific Lamprey,"10MM TAG, AMMOCOETE",127,1
3D9.1A4FD26F4E,CGS-2024-033-KAE.xml,CGS - Charles Snow Projects,METTRP - Methow Smolt Trap at McFarland Creek Road Bridge,5/21/2024,METHR - Methow River,5/22/2024,A,Pacific Lamprey,"10MM TAG, AMMOCOETE",130,1
3D9.1A4FD26F4F,CGS-2024-033-KAE.xml,CGS - Charles Snow Projects,METTRP - Methow Smolt Trap at McFarland Creek Road Bridge,5/27/2024,METHR - Methow River,5/28/2024,A,Pacific Lamprey,"10MM TAG, AMMOCOETE",130,1
3D9.1A4FD26F50,CGS-2024-033-KAE.xml,CGS - Charles Snow Projects,METTRP - Methow Smolt Trap at McFarland Creek Road Bridge,5/16/2024,METHR - Methow River,5/16/2024,A,Pacific Lamprey,"10MM TAG, AMMOCOETE",101,1
3D9.1A4FD26F51,CGS-2024-033-KAE.xml,CGS - Charles Snow Projects,METTRP - Methow Smolt Trap at McFarland Creek Road Bridge,6/16/2024,METHR - Methow River,6/18/2024,A,Pacific Lamprey,"10MM TAG, AMMOCOETE",127,1
3D9.1A4FD26F52,CGS-2024-033-KAE.xml,CGS - Charles Snow Projects,METTRP - Methow Smolt Trap at McFarland Creek Road Bridge,6/10/2024,METHR - Methow River,6/10/2024,A,Pacific Lamprey,"10MM TAG, AMMOCOETE",133,1
3D9.1A4FD26F53,CGS-2024-033-KAE.xml,CGS - Charles Snow Projects,METTRP - Methow Smolt Trap at McFarland Creek Road Bridge,6/10/2024,METHR - Methow River,6/10/2024,A,Pacific Lamprey,"10MM TAG, AMMOCOETE",124,1
3D9.1A4FD26F54,CGS-2025-064-KAE.xml,CGS - Charles Snow Projects,METTRP - Methow Smolt Trap at McFarland Creek Road Bridge,3/30/2025,METTRP - Methow Smolt Trap at McFarland Creek Road Bridge,3/30/2025,A,Pacific Lamprey,"10MM TAG, MACROPHTHALMIA",127,1
3D9.1A4FD26F55,CGS-2025-064-KAE.xml,CGS - Charles Snow Projects,METTRP - Methow Smolt Trap at McFarland Creek Road Bridge,4/2/2025,METTRP - Methow Smolt Trap at McFarland Creek Road Bridge,4/2/2025,A,Pacific Lamprey,"10MM TAG, AMMOCOETE",130,1
3D9.1A4FD26F56,CGS-2024-033-KAE.xml,CGS - Charles Snow Projects,METTRP - Methow Smolt Trap at McFarland Creek Road Bridge,6/10/2024,METHR - Methow River,6/10/2024,A,Pacific Lamprey,"10MM TAG, AMMOCOETE",138,1
3D9.1A4FD26F57,CGS-2025-064-KAE.xml,CGS - Charles Snow Projects,METTRP - Methow Smolt Trap at McFarland Creek Road Bridge,4/8/2025,METTRP - Methow Smolt Trap at McFarland Creek Road Bridge,4/9/2025,A,Pacific Lamprey,"10MM TAG, MACROPHTHALMIA",121,1
3D9.1A4FD26F58,CGS-2025-064-KAE.xml,CGS - Charles Snow Projects,METTRP - Methow Smolt Trap at McFarland Creek Road Bridge,3/30/2025,METTRP - Methow Smolt Trap at McFarland Creek Road Bridge,3/30/2025,A,Pacific Lamprey,"10MM TAG, AMMOCOETE",123,1
3D9.1A4FD26F59,CGS-2025-064-KAE.xml,CGS - Charles Snow Projects,METTRP - Methow Smolt Trap at McFarland Creek Road Bridge,4/8/2025,METTRP - Methow Smolt Trap at McFarland Creek Road Bridge,4/9/2025,A,Pacific Lamprey,"10MM TAG, MACROPHTHALMIA",132,1
3D9.1A4FD26F5A,CGS-2024-033-KAE.xml,CGS - Charles Snow Projects,METTRP - Methow Smolt Trap at McFarland Creek Road Bridge,6/10/2024,METHR - Methow River,6/10/2024,A,Pacific Lamprey,"10MM TAG, AMMOCOETE",126,1
3D9.1A4FD26F5B,CGS-2024-033-KAE.xml,CGS - Charles Snow Projects,METTRP - Methow Smolt Trap at McFarland Creek Road Bridge,6/9/2024,METHR - Methow River,6/10/2024,A,Pacific Lamprey,"10MM TAG, AMMOCOETE",120,1
3D9.1A4FD26F5C,CGS-2024-033-KAE.xml,CGS - Charles Snow Projects,METTRP - Methow Smolt Trap at McFarland Creek Road Bridge,6/11/2024,METHR - Methow River,6/13/2024,A,Pacific Lamprey,"10MM TAG, AMMOCOETE",125,1
3D9.1A4FD26F5D,CGS-2025-064-KAE.xml,CGS - Charles Snow Projects,METTRP - Methow Smolt Trap at McFarland Creek Road Bridge,3/31/2025,METTRP - Methow Smolt Trap at McFarland Creek Road Bridge,3/31/2025,A,Pacific Lamprey,"10MM TAG, AMMOCOETE",130,1
3D9.1A4FD26F5E,CGS-2025-064-KAE.xml,CGS - Charles Snow Projects,METTRP - Methow Smolt Trap at McFarland Creek Road Bridge,3/30/2025,METTRP - Methow Smolt Trap at McFarland Creek Road Bridge,3/30/2025,A,Pacific Lamprey,"10MM TAG, AMMOCOETE",130,1
3D9.1A4FD26F5F,CGS-2024-033-KAE.xml,CGS - Charles Snow Projects,METTRP - Methow Smolt Trap at McFarland Creek Road Bridge,6/6/2024,METHR - Methow River,6/6/2024,A,Pacific Lamprey,"10MM TAG, AMMOCOETE",131,1
3D9.1A4FD26F60,CGS-2024-033-KAE.xml,CGS - Charles Snow Projects,METTRP - Methow Smolt Trap at McFarland Creek Road Bridge,6/7/2024,METHR - Methow River,6/10/2024,A,Pacific Lamprey,"10MM TAG, AMMOCOETE",127,1
3D9.1A4FD26F61,CGS-2024-033-KAE.xml,CGS - Charles Snow Projects,METTRP - Methow Smolt Trap at McFarland Creek Road Bridge,6/11/2024,METHR - Methow River,6/13/2024,A,Pacific Lamprey,"10MM TAG, AMMOCOETE",129,1
3D9.1A4FD26F62,CGS-2024-033-KAE.xml,CGS - Charles Snow Projects,METTRP - Methow Smolt Trap at McFarland Creek Road Bridge,11/12/2024,METTRP - Methow Smolt Trap at McFarland Creek Road Bridge,11/12/2024,A,Pacific Lamprey,"10MM TAG, AMMOCOETE",93,1
3D9.1A4FD26F63,CGS-2024-033-KAE.xml,CGS - Charles Snow Projects,METTRP - Methow Smolt Trap at McFarland Creek Road Bridge,6/17/2024,METHR - Methow River,6/18/2024,A,Pacific Lamprey,"10MM TAG, AMMOCOETE",134,1
3D9.1A4FD26F64,CGS-2024-033-KAE.xml,CGS - Charles Snow Projects,METTRP - Methow Smolt Trap at McFarland Creek Road Bridge,6/11/2024,METHR - Methow River,6/13/2024,A,Pacific Lamprey,"10MM TAG, AMMOCOETE",115,1
3D9.1A4FD26F65,CGS-2024-033-KAE.xml,CGS - Charles Snow Projects,METTRP - Methow Smolt Trap at McFarland Creek Road Bridge,6/16/2024,METHR - Methow River,6/18/2024,A,Pacific Lamprey,"10MM TAG, AMMOCOETE",125,1
3D9.1A4FD26F66,CGS-2025-064-KAE.xml,CGS - Charles Snow Projects,METTRP - Methow Smolt Trap at McFarland Creek Road Bridge,3/31/2025,METTRP - Methow Smolt Trap at McFarland Creek Road Bridge,3/31/2025,A,Pacific Lamprey,"10MM TAG, AMMOCOETE",137,1
3D9.1A4FD26F67,CGS-2025-064-KAE.xml,CGS - Charles Snow Projects,METTRP - Methow Smolt Trap at McFarland Creek Road Bridge,4/9/2025,METTRP - Methow Smolt Trap at McFarland Creek Road Bridge,4/9/2025,A,Pacific Lamprey,"10MM TAG, MACROPHTHALMIA",137,1
3D9.1A4FD26F68,CGS-2024-033-KAE.xml,CGS - Charles Snow Projects,METTRP - Methow Smolt Trap at McFarland Creek Road Bridge,6/7/2024,METHR - Methow River,6/10/2024,A,Pacific Lamprey,"10MM TAG, AMMOCOETE",124,1
3D9.1A4FD26F69,CGS-2024-033-KAE.xml,CGS - Charles Snow Projects,METTRP - Methow Smolt Trap at McFarland Creek Road Bridge,6/10/2024,METHR - Methow River,6/10/2024,A,Pacific Lamprey,"10MM TAG, AMMOCOETE",91,1
3D9.1A4FD26F6A,CGS-2025-064-KAE.xml,CGS - Charles Snow Projects,METTRP - Methow Smolt Trap at McFarland Creek Road Bridge,3/30/2025,METTRP - Methow Smolt Trap at McFarland Creek Road Bridge,3/30/2025,A,Pacific Lamprey,"10MM TAG, AMMOCOETE",130,1
3D9.1A4FD26F6B,CGS-2024-033-KAE.xml,CGS - Charles Snow Projects,METTRP - Methow Smolt Trap at McFarland Creek Road Bridge,6/16/2024,METHR - Methow River,6/18/2024,A,Pacific Lamprey,"10MM TAG, AMMOCOETE",129,1
3D9.1A4FD26F6C,CGS-2024-033-KAE.xml,CGS - Charles Snow Projects,METTRP - Methow Smolt Trap at McFarland Creek Road Bridge,6/11/2024,METHR - Methow River,6/13/2024,A,Pacific Lamprey,"10MM TAG, AMMOCOETE",142,1
3D9.1A4FD26F6D,CGS-2024-033-KAE.xml,CGS - Charles Snow Projects,METTRP - Methow Smolt Trap at McFarland Creek Road Bridge,6/10/2024,METHR - Methow River,6/10/2024,A,Pacific Lamprey,"10MM TAG, AMMOCOETE",125,1
3D9.1A4FD26F6F,CGS-2024-033-KAE.xml,CGS - Charles Snow Projects,METTRP - Methow Smolt Trap at McFarland Creek Road Bridge,6/6/2024,METHR - Methow River,6/6/2024,A,Pacific Lamprey,"10MM TAG, AMMOCOETE",124,1
3D9.1A4FD26F70,CGS-2024-033-KAE.xml,CGS - Charles Snow Projects,METTRP - Methow Smolt Trap at McFarland Creek Road Bridge,6/8/2024,METHR - Methow River,6/10/2024,A,Pacific Lamprey,"10MM TAG, AMMOCOETE",127,1
3D9.1A4FD26F71,CGS-2025-064-KAE.xml,CGS - Charles Snow Projects,METTRP - Methow Smolt Trap at McFarland Creek Road Bridge,3/25/2025,METTRP - Methow Smolt Trap at McFarland Creek Road Bridge,3/25/2025,A,Pacific Lamprey,"10MM TAG, AMMOCOETE",122,1
3D9.1A4FD26F72,CGS-2024-033-KAE.xml,CGS - Charles Snow Projects,METTRP - Methow Smolt Trap at McFarland Creek Road Bridge,6/11/2024,METHR - Methow River,6/13/2024,A,Pacific Lamprey,"10MM TAG, AMMOCOETE",127,1
3D9.1A4FD26F73,CGS-2024-033-KAE.xml,CGS - Charles Snow Projects,METTRP - Methow Smolt Trap at McFarland Creek Road Bridge,6/16/2024,METHR - Methow River,6/18/2024,A,Pacific Lamprey,"10MM TAG, AMMOCOETE",124,1
3D9.1A4FD26F74,CGS-2024-033-KAE.xml,CGS - Charles Snow Projects,METTRP - Methow Smolt Trap at McFarland Creek Road Bridge,6/10/2024,METHR - Methow River,6/10/2024,A,Pacific Lamprey,"10MM TAG, AMMOCOETE",131,1
3D9.1A4FD26F75,CGS-2024-033-KAE.xml,CGS - Charles Snow Projects,METTRP - Methow Smolt Trap at McFarland Creek Road Bridge,6/10/2024,METHR - Methow River,6/10/2024,A,Pacific Lamprey,"10MM TAG, AMMOCOETE",129,1
3D9.1A4FD26F76,CGS-2024-033-KAE.xml,CGS - Charles Snow Projects,METTRP - Methow Smolt Trap at McFarland Creek Road Bridge,6/16/2024,METHR - Methow River,6/18/2024,A,Pacific Lamprey,"10MM TAG, AMMOCOETE",126,1
3D9.1A4FD26F77,CGS-2024-033-KAE.xml,CGS - Charles Snow Projects,METTRP - Methow Smolt Trap at McFarland Creek Road Bridge,6/11/2024,METHR - Methow River,6/13/2024,A,Pacific Lamprey,"10MM TAG, AMMOCOETE",134,1
3D9.1A4FD26F78,CGS-2024-033-KAE.xml,CGS - Charles Snow Projects,METTRP - Methow Smolt Trap at McFarland Creek Road Bridge,6/16/2024,METHR - Methow River,6/18/2024,A,Pacific Lamprey,"10MM TAG, AMMOCOETE",135,1
3D9.1A4FD26F79,CGS-2025-064-KAE.xml,CGS - Charles Snow Projects,METTRP - Methow Smolt Trap at McFarland Creek Road Bridge,3/31/2025,METTRP - Methow Smolt Trap at McFarland Creek Road Bridge,3/31/2025,A,Pacific Lamprey,"10MM TAG, AMMOCOETE",125,1
3D9.1A4FD26F7A,CGS-2025-064-KAE.xml,CGS - Charles Snow Projects,METTRP - Methow Smolt Trap at McFarland Creek Road Bridge,4/2/2025,METTRP - Methow Smolt Trap at McFarland Creek Road Bridge,4/2/2025,A,Pacific Lamprey,"10MM TAG, AMMOCOETE",125,1
3D9.1A4FD26F7B,CGS-2024-033-KAE.xml,CGS - Charles Snow Projects,METTRP - Methow Smolt Trap at McFarland Creek Road Bridge,6/6/2024,METHR - Methow River,6/6/2024,A,Pacific Lamprey,"10MM TAG, AMMOCOETE",127,1
3D9.1A4FD26F7C,CGS-2025-064-KAE.xml,CGS - Charles Snow Projects,METTRP - Methow Smolt Trap at McFarland Creek Road Bridge,3/30/2025,METTRP - Methow Smolt Trap at McFarland Creek Road Bridge,3/30/2025,A,Pacific Lamprey,"10MM TAG, MACROPHTHALMIA",127,1
3D9.1A4FD26F7D,CGS-2025-064-KAE.xml,CGS - Charles Snow Projects,METTRP - Methow Smolt Trap at McFarland Creek Road Bridge,3/30/2025,METTRP - Methow Smolt Trap at McFarland Creek Road Bridge,3/30/2025,A,Pacific Lamprey,"10MM TAG, AMMOCOETE",114,1
3D9.1A4FD26F7E,CGS-2024-033-KAE.xml,CGS - Charles Snow Projects,METTRP - Methow Smolt Trap at McFarland Creek Road Bridge,6/6/2024,METHR - Methow River,6/6/2024,A,Pacific Lamprey,"10MM TAG, AMMOCOETE",126,1
3D9.1A4FD26F7F,CGS-2024-033-KAE.xml,CGS - Charles Snow Projects,METTRP - Methow Smolt Trap at McFarland Creek Road Bridge,6/16/2024,METHR - Methow River,6/18/2024,A,Pacific Lamprey,"10MM TAG, AMMOCOETE",131,1
3D9.1A4FD26F80,CGS-2024-033-KAE.xml,CGS - Charles Snow Projects,METTRP - Methow Smolt Trap at McFarland Creek Road Bridge,6/11/2024,METHR - Methow River,6/13/2024,A,Pacific Lamprey,"10MM TAG, AMMOCOETE",144,1
3D9.1A4FD26F81,CGS-2024-033-KAE.xml,CGS - Charles Snow Projects,METTRP - Methow Smolt Trap at McFarland Creek Road Bridge,6/6/2024,METHR - Methow River,6/6/2024,A,Pacific Lamprey,"10MM TAG, AMMOCOETE",111,1
3D9.1A4FD26F82,CGS-2024-033-KAE.xml,CGS - Charles Snow Projects,METTRP - Methow Smolt Trap at McFarland Creek Road Bridge,6/7/2024,METHR - Methow River,6/10/2024,A,Pacific Lamprey,"10MM TAG, AMMOCOETE",119,1
3D9.1A4FD26F83,CGS-2024-033-KAE.xml,CGS - Charles Snow Projects,METTRP - Methow Smolt Trap at McFarland Creek Road Bridge,6/6/2024,METHR - Methow River,6/6/2024,A,Pacific Lamprey,"10MM TAG, AMMOCOETE",119,1
3D9.1A4FD26F84,CGS-2025-064-KAE.xml,CGS - Charles Snow Projects,METTRP - Methow Smolt Trap at McFarland Creek Road Bridge,3/30/2025,METTRP - Methow Smolt Trap at McFarland Creek Road Bridge,3/30/2025,A,Pacific Lamprey,"10MM TAG, AMMOCOETE",130,1
3D9.1A4FD26F85,CGS-2024-033-KAE.xml,CGS - Charles Snow Projects,METTRP - Methow Smolt Trap at McFarland Creek Road Bridge,6/17/2024,METHR - Methow River,6/18/2024,A,Pacific Lamprey,"10MM TAG, AMMOCOETE",128,1
3D9.1A4FD26F86,CGS-2025-064-KAE.xml,CGS - Charles Snow Projects,METTRP - Methow Smolt Trap at McFarland Creek Road Bridge,3/31/2025,METTRP - Methow Smolt Trap at McFarland Creek Road Bridge,3/31/2025,A,Pacific Lamprey,"10MM TAG, AMMOCOETE",134,1
3D9.1A4FD26F87,CGS-2025-064-KAE.xml,CGS - Charles Snow Projects,METTRP - Methow Smolt Trap at McFarland Creek Road Bridge,4/4/2025,METTRP - Methow Smolt Trap at McFarland Creek Road Bridge,4/4/2025,A,Pacific Lamprey,"10MM TAG, AMMOCOETE",107,1
3D9.1A4FD26F88,CGS-2024-033-KAE.xml,CGS - Charles Snow Projects,METTRP - Methow Smolt Trap at McFarland Creek Road Bridge,6/13/2024,METTRP - Methow Smolt Trap at McFarland Creek Road Bridge,6/13/2024,A,Pacific Lamprey,"10MM TAG, ADULT",480,1
3D9.1A4FD26F89,CGS-2024-033-KAE.xml,CGS - Charles Snow Projects,METTRP - Methow Smolt Trap at McFarland Creek Road Bridge,6/7/2024,METHR - Methow River,6/10/2024,A,Pacific Lamprey,"10MM TAG, AMMOCOETE",120,1
3D9.1A4FD26F8A,CGS-2024-033-KAE.xml,CGS - Charles Snow Projects,METTRP - Methow Smolt Trap at McFarland Creek Road Bridge,6/16/2024,METHR - Methow River,6/18/2024,A,Pacific Lamprey,"10MM TAG, AMMOCOETE",127,1
3D9.1A4FD26F8B,CGS-2024-033-KAE.xml,CGS - Charles Snow Projects,METTRP - Methow Smolt Trap at McFarland Creek Road Bridge,6/10/2024,METHR - Methow River,6/10/2024,A,Pacific Lamprey,"10MM TAG, AMMOCOETE",135,1
3D9.1A4FD26F8C,CGS-2024-033-KAE.xml,CGS - Charles Snow Projects,METTRP - Methow Smolt Trap at McFarland Creek Road Bridge,6/10/2024,METHR - Methow River,6/10/2024,A,Pacific Lamprey,"10MM TAG, AMMOCOETE",129,1
3D9.1A4FD26F8D,CGS-2025-064-KAE.xml,CGS - Charles Snow Projects,METTRP - Methow Smolt Trap at McFarland Creek Road Bridge,4/10/2025,METTRP - Methow Smolt Trap at McFarland Creek Road Bridge,4/10/2025,A,Pacific Lamprey,"10MM TAG, MACROPHTHALMIA",132,1
3D9.1A4FD26F8E,CGS-2025-064-KAE.xml,CGS - Charles Snow Projects,METTRP - Methow Smolt Trap at McFarland Creek Road Bridge,3/31/2025,METTRP - Methow Smolt Trap at McFarland Creek Road Bridge,3/31/2025,A,Pacific Lamprey,"10MM TAG, AMMOCOETE",124,1
3D9.1A4FD26F8F,CGS-2024-033-KAE.xml,CGS - Charles Snow Projects,METTRP - Methow Smolt Trap at McFarland Creek Road Bridge,6/8/2024,METHR - Methow River,6/10/2024,A,Pacific Lamprey,"10MM TAG, AMMOCOETE",127,1
3D9.1A4FD26F90,CGS-2025-064-KAE.xml,CGS - Charles Snow Projects,METTRP - Methow Smolt Trap at McFarland Creek Road Bridge,4/9/2025,METTRP - Methow Smolt Trap at McFarland Creek Road Bridge,4/9/2025,A,Pacific Lamprey,"10MM TAG, MACROPHTHALMIA",124,1
3D9.1A4FD26F91,CGS-2024-033-KAE.xml,CGS - Charles Snow Projects,METTRP - Methow Smolt Trap at McFarland Creek Road Bridge,6/16/2024,METHR - Methow River,6/18/2024,A,Pacific Lamprey,"10MM TAG, AMMOCOETE",91,1
3D9.1A4FD26F92,CGS-2024-033-KAE.xml,CGS - Charles Snow Projects,METTRP - Methow Smolt Trap at McFarland Creek Road Bridge,6/11/2024,METHR - Methow River,6/13/2024,A,Pacific Lamprey,"10MM TAG, AMMOCOETE",94,1
3D9.1A4FD26F93,CGS-2024-033-KAE.xml,CGS - Charles Snow Projects,METTRP - Methow Smolt Trap at McFarland Creek Road Bridge,10/7/2024,METTRP - Methow Smolt Trap at McFarland Creek Road Bridge,10/7/2024,A,Pacific Lamprey,"10MM TAG, MACROPHTHALMIA",123,1
3D9.1A4FD26F94,CGS-2024-033-KAE.xml,CGS - Charles Snow Projects,METTRP - Methow Smolt Trap at McFarland Creek Road Bridge,6/9/2024,METHR - Methow River,6/10/2024,A,Pacific Lamprey,"10MM TAG, AMMOCOETE",119,1
3D9.1A4FD26F95,CGS-2025-064-KAE.xml,CGS - Charles Snow Projects,METTRP - Methow Smolt Trap at McFarland Creek Road Bridge,4/4/2025,METTRP - Methow Smolt Trap at McFarland Creek Road Bridge,4/4/2025,A,Pacific Lamprey,"10MM TAG, AMMOCOETE",123,1
3D9.1A4FD26F97,CGS-2024-033-KAE.xml,CGS - Charles Snow Projects,METTRP - Methow Smolt Trap at McFarland Creek Road Bridge,6/17/2024,METHR - Methow River,6/18/2024,A,Pacific Lamprey,"10MM TAG, AMMOCOETE",135,1
3D9.1A4FD26F98,CGS-2024-033-KAE.xml,CGS - Charles Snow Projects,METTRP - Methow Smolt Trap at McFarland Creek Road Bridge,6/10/2024,METHR - Methow River,6/10/2024,A,Pacific Lamprey,"10MM TAG, AMMOCOETE",102,1
3D9.1A4FD26F99,CGS-2024-033-KAE.xml,CGS - Charles Snow Projects,METTRP - Methow Smolt Trap at McFarland Creek Road Bridge,6/11/2024,METHR - Methow River,6/13/2024,A,Pacific Lamprey,"10MM TAG, AMMOCOETE",101,1
3D9.1A4FD26F9A,CGS-2024-033-KAE.xml,CGS - Charles Snow Projects,METTRP - Methow Smolt Trap at McFarland Creek Road Bridge,6/16/2024,METHR - Methow River,6/18/2024,A,Pacific Lamprey,"10MM TAG, AMMOCOETE",99,1
3D9.1A4FD26F9B,CGS-2024-033-KAE.xml,CGS - Charles Snow Projects,METTRP - Methow Smolt Trap at McFarland Creek Road Bridge,6/16/2024,METHR - Methow River,6/18/2024,A,Pacific Lamprey,"10MM TAG, AMMOCOETE",111,1
3D9.1A4FD26F9C,CGS-2024-033-KAE.xml,CGS - Charles Snow Projects,METTRP - Methow Smolt Trap at McFarland Creek Road Bridge,6/11/2024,METHR - Methow River,6/13/2024,A,Pacific Lamprey,"10MM TAG, AMMOCOETE",121,1
3D9.1A4FD26F9D,CGS-2024-033-KAE.xml,CGS - Charles Snow Projects,METTRP - Methow Smolt Trap at McFarland Creek Road Bridge,6/10/2024,METHR - Methow River,6/10/2024,A,Pacific Lamprey,"10MM TAG, AMMOCOETE",135,1
3D9.1A4FD26F9E,CGS-2024-033-KAE.xml,CGS - Charles Snow Projects,METTRP - Methow Smolt Trap at McFarland Creek Road Bridge,6/16/2024,METHR - Methow River,6/18/2024,A,Pacific Lamprey,"10MM TAG, AMMOCOETE",112,1
3D9.1A4FD26F9F,CGS-2024-033-KAE.xml,CGS - Charles Snow Projects,METTRP - Methow Smolt Trap at McFarland Creek Road Bridge,6/6/2024,METHR - Methow River,6/6/2024,A,Pacific Lamprey,"10MM TAG, AMMOCOETE",114,1
3D9.1A4FD26FA0,CGS-2024-033-KAE.xml,CGS - Charles Snow Projects,METTRP - Methow Smolt Trap at McFarland Creek Road Bridge,6/10/2024,METHR - Methow River,6/10/2024,A,Pacific Lamprey,"10MM TAG, AMMOCOETE",135,1
3D9.1A4FD26FA1,CGS-2024-033-KAE.xml,CGS - Charles Snow Projects,METTRP - Methow Smolt Trap at McFarland Creek Road Bridge,6/10/2024,METHR - Methow River,6/10/2024,A,Pacific Lamprey,"10MM TAG, AMMOCOETE",98,1
3D9.1A4FD26FA2,CGS-2025-064-KAE.xml,CGS - Charles Snow Projects,METTRP - Methow Smolt Trap at McFarland Creek Road Bridge,4/8/2025,METTRP - Methow Smolt Trap at McFarland Creek Road Bridge,4/9/2025,A,Pacific Lamprey,"10MM TAG, MACROPHTHALMIA",137,1
3D9.1A4FD26FA3,CGS-2024-033-KAE.xml,CGS - Charles Snow Projects,METTRP - Methow Smolt Trap at McFarland Creek Road Bridge,6/10/2024,METHR - Methow River,6/10/2024,A,Pacific Lamprey,"10MM TAG, AMMOCOETE",140,1
3D9.1A4FD26FA4,CGS-2024-033-KAE.xml,CGS - Charles Snow Projects,METTRP - Methow Smolt Trap at McFarland Creek Road Bridge,6/9/2024,METHR - Methow River,6/10/2024,A,Pacific Lamprey,"10MM TAG, AMMOCOETE",121,1
3D9.1A4FD26FA5,CGS-2024-033-KAE.xml,CGS - Charles Snow Projects,METTRP - Methow Smolt Trap at McFarland Creek Road Bridge,6/10/2024,METHR - Methow River,6/10/2024,A,Pacific Lamprey,"10MM TAG, AMMOCOETE",117,1
3D9.1A4FD26FA6,CGS-2024-033-KAE.xml,CGS - Charles Snow Projects,METTRP - Methow Smolt Trap at McFarland Creek Road Bridge,6/7/2024,METHR - Methow River,6/10/2024,A,Pacific Lamprey,"10MM TAG, AMMOCOETE",134,1
3D9.1A4FD26FA7,CGS-2024-033-KAE.xml,CGS - Charles Snow Projects,METTRP - Methow Smolt Trap at McFarland Creek Road Bridge,6/7/2024,METHR - Methow River,6/10/2024,A,Pacific Lamprey,"10MM TAG, AMMOCOETE",134,1
3D9.1A4FD26FA8,CGS-2025-064-KAE.xml,CGS - Charles Snow Projects,METTRP - Methow Smolt Trap at McFarland Creek Road Bridge,3/13/2025,METTRP - Methow Smolt Trap at McFarland Creek Road Bridge,3/15/2025,A,Pacific Lamprey,"10MM TAG, AMMOCOETE",122,1
3D9.1A4FD26FA9,CGS-2024-033-KAE.xml,CGS - Charles Snow Projects,METTRP - Methow Smolt Trap at McFarland Creek Road Bridge,11/15/2024,METHR - Methow River,11/15/2024,A,Pacific Lamprey,"10MM TAG, AMMOCOETE",119,1
3D9.1A4FD26FAA,CGS-2024-033-KAE.xml,CGS - Charles Snow Projects,METTRP - Methow Smolt Trap at McFarland Creek Road Bridge,6/16/2024,METHR - Methow River,6/18/2024,A,Pacific Lamprey,"10MM TAG, AMMOCOETE",120,1
3D9.1A4FD26FAB,CGS-2025-064-KAE.xml,CGS - Charles Snow Projects,METTRP - Methow Smolt Trap at McFarland Creek Road Bridge,4/9/2025,METTRP - Methow Smolt Trap at McFarland Creek Road Bridge,4/9/2025,A,Pacific Lamprey,"10MM TAG, MACROPHTHALMIA",135,1
3D9.1A4FD26FAD,CGS-2024-033-KAE.xml,CGS - Charles Snow Projects,METTRP - Methow Smolt Trap at McFarland Creek Road Bridge,6/16/2024,METHR - Methow River,6/18/2024,A,Pacific Lamprey,"10MM TAG, AMMOCOETE",134,1
3D9.1A4FD26FAE,CGS-2024-033-KAE.xml,CGS - Charles Snow Projects,METTRP - Methow Smolt Trap at McFarland Creek Road Bridge,6/10/2024,METHR - Methow River,6/10/2024,A,Pacific Lamprey,"10MM TAG, AMMOCOETE",131,1
3D9.1A4FD26FAF,CGS-2024-033-KAE.xml,CGS - Charles Snow Projects,METTRP - Methow Smolt Trap at McFarland Creek Road Bridge,6/16/2024,METHR - Methow River,6/18/2024,A,Pacific Lamprey,"10MM TAG, AMMOCOETE",95,1
3D9.1A4FD26FB0,CGS-2024-033-KAE.xml,CGS - Charles Snow Projects,METTRP - Methow Smolt Trap at McFarland Creek Road Bridge,6/6/2024,METHR - Methow River,6/6/2024,A,Pacific Lamprey,"10MM TAG, AMMOCOETE",118,1
3D9.1A4FD26FB1,CGS-2024-033-KAE.xml,CGS - Charles Snow Projects,METTRP - Methow Smolt Trap at McFarland Creek Road Bridge,6/8/2024,METHR - Methow River,6/10/2024,A,Pacific Lamprey,"10MM TAG, AMMOCOETE",124,1
3D9.1A4FD26FB2,CGS-2024-033-KAE.xml,CGS - Charles Snow Projects,METTRP - Methow Smolt Trap at McFarland Creek Road Bridge,6/10/2024,METHR - Methow River,6/10/2024,A,Pacific Lamprey,"10MM TAG, AMMOCOETE",108,1
3D9.1A4FD26FB3,CGS-2024-033-KAE.xml,CGS - Charles Snow Projects,METTRP - Methow Smolt Trap at McFarland Creek Road Bridge,6/16/2024,METHR - Methow River,6/18/2024,A,Pacific Lamprey,"10MM TAG, AMMOCOETE",127,1
3D9.1A4FD26FB4,CGS-2024-033-KAE.xml,CGS - Charles Snow Projects,METTRP - Methow Smolt Trap at McFarland Creek Road Bridge,6/7/2024,METHR - Methow River,6/10/2024,A,Pacific Lamprey,"10MM TAG, AMMOCOETE",135,1
3D9.1A4FD29F5E,CGS-2025-064-KAE.xml,CGS - Charles Snow Projects,METTRP - Methow Smolt Trap at McFarland Creek Road Bridge,4/23/2025,METTRP - Methow Smolt Trap at McFarland Creek Road Bridge,4/23/2025,A,Pacific Lamprey,"10MM TAG, AMMOCOETE",131,1
3D9.1A4FD29F5F,CGS-2025-064-KAE.xml,CGS - Charles Snow Projects,METTRP - Methow Smolt Trap at McFarland Creek Road Bridge,4/22/2025,METTRP - Methow Smolt Trap at McFarland Creek Road Bridge,4/23/2025,A,Pacific Lamprey,"10MM TAG, AMMOCOETE",126,1
3D9.1A4FD29F60,CGS-2025-064-KAE.xml,CGS - Charles Snow Projects,METTRP - Methow Smolt Trap at McFarland Creek Road Bridge,4/23/2025,METTRP - Methow Smolt Trap at McFarland Creek Road Bridge,4/23/2025,A,Pacific Lamprey,"10MM TAG, AMMOCOETE",104,1
3D9.1A4FD29F61,CGS-2025-064-KAE.xml,CGS - Charles Snow Projects,METTRP - Methow Smolt Trap at McFarland Creek Road Bridge,4/20/2025,METTRP - Methow Smolt Trap at McFarland Creek Road Bridge,4/20/2025,A,Pacific Lamprey,"10MM TAG, MACROPHTHALMIA",157,1
3D9.1A4FD29F62,CGS-2025-064-KAE.xml,CGS - Charles Snow Projects,METTRP - Methow Smolt Trap at McFarland Creek Road Bridge,4/20/2025,METTRP - Methow Smolt Trap at McFarland Creek Road Bridge,4/20/2025,A,Pacific Lamprey,"10MM TAG, MACROPHTHALMIA",135,1
3D9.1A4FD29F64,CGS-2025-064-KAE.xml,CGS - Charles Snow Projects,METTRP - Methow Smolt Trap at McFarland Creek Road Bridge,4/25/2025,METTRP - Methow Smolt Trap at McFarland Creek Road Bridge,4/25/2025,A,Pacific Lamprey,"10MM TAG, AMMOCOETE",121,1
3D9.1A4FD29F65,CGS-2025-064-KAE.xml,CGS - Charles Snow Projects,METTRP - Methow Smolt Trap at McFarland Creek Road Bridge,4/23/2025,METTRP - Methow Smolt Trap at McFarland Creek Road Bridge,4/23/2025,A,Pacific Lamprey,"10MM TAG, AMMOCOETE",110,1
3D9.1A4FD29F66,CGS-2025-064-KAE.xml,CGS - Charles Snow Projects,METTRP - Methow Smolt Trap at McFarland Creek Road Bridge,4/21/2025,METTRP - Methow Smolt Trap at McFarland Creek Road Bridge,4/22/2025,A,Pacific Lamprey,"10MM TAG, MACROPHTHALMIA",130,1
3D9.1A4FD29F67,CGS-2025-064-KAE.xml,CGS - Charles Snow Projects,METTRP - Methow Smolt Trap at McFarland Creek Road Bridge,4/20/2025,METTRP - Methow Smolt Trap at McFarland Creek Road Bridge,4/20/2025,A,Pacific Lamprey,"10MM TAG, MACROPHTHALMIA",143,1
3D9.1A4FD29F68,CGS-2025-064-KAE.xml,CGS - Charles Snow Projects,METTRP - Methow Smolt Trap at McFarland Creek Road Bridge,4/16/2025,METTRP - Methow Smolt Trap at McFarland Creek Road Bridge,4/16/2025,A,Pacific Lamprey,"10MM TAG, MACROPHTHALMIA",120,1
3D9.1A4FD29F69,CGS-2025-064-KAE.xml,CGS - Charles Snow Projects,METTRP - Methow Smolt Trap at McFarland Creek Road Bridge,4/23/2025,METTRP - Methow Smolt Trap at McFarland Creek Road Bridge,4/23/2025,A,Pacific Lamprey,"10MM TAG, AMMOCOETE",119,1
3D9.1A4FD29F6A,CGS-2025-064-KAE.xml,CGS - Charles Snow Projects,METTRP - Methow Smolt Trap at McFarland Creek Road Bridge,4/20/2025,METTRP - Methow Smolt Trap at McFarland Creek Road Bridge,4/20/2025,A,Pacific Lamprey,"10MM TAG, MACROPHTHALMIA",174,1
3D9.1A4FD29F6B,CGS-2025-064-KAE.xml,CGS - Charles Snow Projects,METTRP - Methow Smolt Trap at McFarland Creek Road Bridge,4/23/2025,METTRP - Methow Smolt Trap at McFarland Creek Road Bridge,4/23/2025,A,Pacific Lamprey,"10MM TAG, AMMOCOETE",130,1
3D9.1A4FD29F6C,CGS-2025-064-KAE.xml,CGS - Charles Snow Projects,METTRP - Methow Smolt Trap at McFarland Creek Road Bridge,4/21/2025,METTRP - Methow Smolt Trap at McFarland Creek Road Bridge,4/22/2025,A,Pacific Lamprey,"10MM TAG, MACROPHTHALMIA",126,1
3D9.1A4FD29F6D,CGS-2025-064-KAE.xml,CGS - Charles Snow Projects,METTRP - Methow Smolt Trap at McFarland Creek Road Bridge,4/15/2025,METTRP - Methow Smolt Trap at McFarland Creek Road Bridge,4/15/2025,A,Pacific Lamprey,"10MM TAG, MACROPHTHALMIA",123,1
3D9.1A4FD29F6E,CGS-2025-064-KAE.xml,CGS - Charles Snow Projects,METTRP - Methow Smolt Trap at McFarland Creek Road Bridge,4/10/2025,METTRP - Methow Smolt Trap at McFarland Creek Road Bridge,4/10/2025,A,Pacific Lamprey,"10MM TAG, AMMOCOETE",115,1
3D9.1A4FD29F6F,CGS-2025-064-KAE.xml,CGS - Charles Snow Projects,METTRP - Methow Smolt Trap at McFarland Creek Road Bridge,4/23/2025,METTRP - Methow Smolt Trap at McFarland Creek Road Bridge,4/23/2025,A,Pacific Lamprey,"10MM TAG, AMMOCOETE",114,1
3D9.1A4FD29F70,CGS-2025-064-KAE.xml,CGS - Charles Snow Projects,METTRP - Methow Smolt Trap at McFarland Creek Road Bridge,4/23/2025,METTRP - Methow Smolt Trap at McFarland Creek Road Bridge,4/23/2025,A,Pacific Lamprey,"10MM TAG, AMMOCOETE",90,1
3D9.1A4FD29F71,CGS-2025-064-KAE.xml,CGS - Charles Snow Projects,METTRP - Methow Smolt Trap at McFarland Creek Road Bridge,4/22/2025,METTRP - Methow Smolt Trap at McFarland Creek Road Bridge,4/23/2025,A,Pacific Lamprey,"10MM TAG, AMMOCOETE",126,1
3D9.1A4FD29F72,CGS-2025-064-KAE.xml,CGS - Charles Snow Projects,METTRP - Methow Smolt Trap at McFarland Creek Road Bridge,4/20/2025,METTRP - Methow Smolt Trap at McFarland Creek Road Bridge,4/20/2025,A,Pacific Lamprey,"10MM TAG, MACROPHTHALMIA",138,1
3D9.1A4FD29F73,CGS-2025-064-KAE.xml,CGS - Charles Snow Projects,METTRP - Methow Smolt Trap at McFarland Creek Road Bridge,4/23/2025,METTRP - Methow Smolt Trap at McFarland Creek Road Bridge,4/23/2025,A,Pacific Lamprey,"10MM TAG, MACROPHTHALMIA",129,1
3D9.1A4FD29F74,CGS-2025-064-KAE.xml,CGS - Charles Snow Projects,METTRP - Methow Smolt Trap at McFarland Creek Road Bridge,4/23/2025,METTRP - Methow Smolt Trap at McFarland Creek Road Bridge,4/23/2025,A,Pacific Lamprey,"10MM TAG, AMMOCOETE",103,1
3D9.1A4FD29F75,CGS-2025-064-KAE.xml,CGS - Charles Snow Projects,METTRP - Methow Smolt Trap at McFarland Creek Road Bridge,4/23/2025,METTRP - Methow Smolt Trap at McFarland Creek Road Bridge,4/23/2025,A,Pacific Lamprey,"10MM TAG, AMMOCOETE",131,1
3D9.1A4FD29F76,CGS-2025-064-KAE.xml,CGS - Charles Snow Projects,METTRP - Methow Smolt Trap at McFarland Creek Road Bridge,4/20/2025,METTRP - Methow Smolt Trap at McFarland Creek Road Bridge,4/20/2025,A,Pacific Lamprey,"10MM TAG, MACROPHTHALMIA",127,1
3D9.1A4FD29F77,CGS-2025-064-KAE.xml,CGS - Charles Snow Projects,METTRP - Methow Smolt Trap at McFarland Creek Road Bridge,4/22/2025,METTRP - Methow Smolt Trap at McFarland Creek Road Bridge,4/23/2025,A,Pacific Lamprey,"10MM TAG, AMMOCOETE",130,1
3D9.1A4FD29F78,CGS-2025-064-KAE.xml,CGS - Charles Snow Projects,METTRP - Methow Smolt Trap at McFarland Creek Road Bridge,4/23/2025,METTRP - Methow Smolt Trap at McFarland Creek Road Bridge,4/23/2025,A,Pacific Lamprey,"10MM TAG, AMMOCOETE",104,1
3D9.1A4FD29F79,CGS-2025-064-KAE.xml,CGS - Charles Snow Projects,METTRP - Methow Smolt Trap at McFarland Creek Road Bridge,4/23/2025,METTRP - Methow Smolt Trap at McFarland Creek Road Bridge,4/23/2025,A,Pacific Lamprey,"10MM TAG, AMMOCOETE",129,1
3D9.1A4FD29F7A,CGS-2025-064-KAE.xml,CGS - Charles Snow Projects,METTRP - Methow Smolt Trap at McFarland Creek Road Bridge,4/18/2025,METTRP - Methow Smolt Trap at McFarland Creek Road Bridge,4/19/2025,A,Pacific Lamprey,"10MM TAG, MACROPHTHALMIA",135,1
3D9.1A4FD29F7B,CGS-2025-064-KAE.xml,CGS - Charles Snow Projects,METTRP - Methow Smolt Trap at McFarland Creek Road Bridge,4/23/2025,METTRP - Methow Smolt Trap at McFarland Creek Road Bridge,4/23/2025,A,Pacific Lamprey,"10MM TAG, AMMOCOETE",106,1
3D9.1A4FD29F7C,CGS-2025-064-KAE.xml,CGS - Charles Snow Projects,METTRP - Methow Smolt Trap at McFarland Creek Road Bridge,4/24/2025,METTRP - Methow Smolt Trap at McFarland Creek Road Bridge,4/24/2025,A,Pacific Lamprey,"10MM TAG, AMMOCOETE",115,1
3D9.1A4FD29F7D,CGS-2025-064-KAE.xml,CGS - Charles Snow Projects,METTRP - Methow Smolt Trap at McFarland Creek Road Bridge,4/22/2025,METTRP - Methow Smolt Trap at McFarland Creek Road Bridge,4/23/2025,A,Pacific Lamprey,"10MM TAG, AMMOCOETE",124,1
3D9.1A4FD29F7E,CGS-2025-064-KAE.xml,CGS - Charles Snow Projects,METTRP - Methow Smolt Trap at McFarland Creek Road Bridge,4/20/2025,METTRP - Methow Smolt Trap at McFarland Creek Road Bridge,4/20/2025,A,Pacific Lamprey,"10MM TAG, MACROPHTHALMIA",139,1
3D9.1A4FD29F7F,CGS-2025-064-KAE.xml,CGS - Charles Snow Projects,METTRP - Methow Smolt Trap at McFarland Creek Road Bridge,4/18/2025,METTRP - Methow Smolt Trap at McFarland Creek Road Bridge,4/19/2025,A,Pacific Lamprey,"10MM TAG, MACROPHTHALMIA",136,1
3D9.1A4FD29F80,CGS-2025-064-KAE.xml,CGS - Charles Snow Projects,METTRP - Methow Smolt Trap at McFarland Creek Road Bridge,4/21/2025,METTRP - Methow Smolt Trap at McFarland Creek Road Bridge,4/22/2025,A,Pacific Lamprey,"10MM TAG, MACROPHTHALMIA",127,1
3D9.1A4FD29F81,CGS-2025-064-KAE.xml,CGS - Charles Snow Projects,METTRP - Methow Smolt Trap at McFarland Creek Road Bridge,4/23/2025,METTRP - Methow Smolt Trap at McFarland Creek Road Bridge,4/23/2025,A,Pacific Lamprey,"10MM TAG, AMMOCOETE",111,1
3D9.1A4FD29F82,CGS-2025-064-KAE.xml,CGS - Charles Snow Projects,METTRP - Methow Smolt Trap at McFarland Creek Road Bridge,4/19/2025,METTRP - Methow Smolt Trap at McFarland Creek Road Bridge,4/19/2025,A,Pacific Lamprey,"10MM TAG, MACROPHTHALMIA",127,1
3D9.1A4FD29F83,CGS-2025-064-KAE.xml,CGS - Charles Snow Projects,METTRP - Methow Smolt Trap at McFarland Creek Road Bridge,4/21/2025,METTRP - Methow Smolt Trap at McFarland Creek Road Bridge,4/22/2025,A,Pacific Lamprey,"10MM TAG, MACROPHTHALMIA",130,1
3D9.1A4FD29F84,CGS-2025-064-KAE.xml,CGS - Charles Snow Projects,METTRP - Methow Smolt Trap at McFarland Creek Road Bridge,4/24/2025,METTRP - Methow Smolt Trap at McFarland Creek Road Bridge,4/24/2025,A,Pacific Lamprey,"10MM TAG, AMMOCOETE",127,1
3D9.1A4FD29F85,CGS-2025-064-KAE.xml,CGS - Charles Snow Projects,METTRP - Methow Smolt Trap at McFarland Creek Road Bridge,4/23/2025,METTRP - Methow Smolt Trap at McFarland Creek Road Bridge,4/23/2025,A,Pacific Lamprey,"10MM TAG, AMMOCOETE",99,1
3D9.1A4FD29F86,CGS-2025-064-KAE.xml,CGS - Charles Snow Projects,METTRP - Methow Smolt Trap at McFarland Creek Road Bridge,4/23/2025,METTRP - Methow Smolt Trap at McFarland Creek Road Bridge,4/23/2025,A,Pacific Lamprey,"10MM TAG, AMMOCOETE",88,1
3D9.1A4FD29F87,CGS-2025-064-KAE.xml,CGS - Charles Snow Projects,METTRP - Methow Smolt Trap at McFarland Creek Road Bridge,4/23/2025,METTRP - Methow Smolt Trap at McFarland Creek Road Bridge,4/23/2025,A,Pacific Lamprey,"10MM TAG, AMMOCOETE",118,1
3D9.1A4FD29F88,CGS-2025-064-KAE.xml,CGS - Charles Snow Projects,METTRP - Methow Smolt Trap at McFarland Creek Road Bridge,4/22/2025,METTRP - Methow Smolt Trap at McFarland Creek Road Bridge,4/22/2025,A,Pacific Lamprey,"10MM TAG, MACROPHTHALMIA",131,1
3D9.1A4FD29F89,CGS-2025-064-KAE.xml,CGS - Charles Snow Projects,METTRP - Methow Smolt Trap at McFarland Creek Road Bridge,4/12/2025,METTRP - Methow Smolt Trap at McFarland Creek Road Bridge,4/12/2025,A,Pacific Lamprey,"10MM TAG, MACROPHTHALMIA",141,1
3D9.1A4FD29F8A,CGS-2025-064-KAE.xml,CGS - Charles Snow Projects,METTRP - Methow Smolt Trap at McFarland Creek Road Bridge,4/23/2025,METTRP - Methow Smolt Trap at McFarland Creek Road Bridge,4/23/2025,A,Pacific Lamprey,"10MM TAG, AMMOCOETE",112,1
3D9.1A4FD29F8B,CGS-2025-064-KAE.xml,CGS - Charles Snow Projects,METTRP - Methow Smolt Trap at McFarland Creek Road Bridge,4/24/2025,METTRP - Methow Smolt Trap at McFarland Creek Road Bridge,4/24/2025,A,Pacific Lamprey,"10MM TAG, AMMOCOETE",127,1
3D9.1A4FD29F8C,CGS-2025-064-KAE.xml,CGS - Charles Snow Projects,METTRP - Methow Smolt Trap at McFarland Creek Road Bridge,4/10/2025,METTRP - Methow Smolt Trap at McFarland Creek Road Bridge,4/10/2025,A,Pacific Lamprey,"10MM TAG, AMMOCOETE",120,1
3D9.1A4FD29F8D,CGS-2025-064-KAE.xml,CGS - Charles Snow Projects,METTRP - Methow Smolt Trap at McFarland Creek Road Bridge,4/22/2025,METTRP - Methow Smolt Trap at McFarland Creek Road Bridge,4/23/2025,A,Pacific Lamprey,"10MM TAG, AMMOCOETE",125,1
3D9.1A4FD29F8E,CGS-2025-064-KAE.xml,CGS - Charles Snow Projects,METTRP - Methow Smolt Trap at McFarland Creek Road Bridge,4/23/2025,METTRP - Methow Smolt Trap at McFarland Creek Road Bridge,4/23/2025,A,Pacific Lamprey,"10MM TAG, AMMOCOETE",116,1
3D9.1A4FD29F8F,CGS-2025-064-KAE.xml,CGS - Charles Snow Projects,METTRP - Methow Smolt Trap at McFarland Creek Road Bridge,4/23/2025,METTRP - Methow Smolt Trap at McFarland Creek Road Bridge,4/23/2025,A,Pacific Lamprey,"10MM TAG, AMMOCOETE",100,1
3D9.1A4FD29F90,CGS-2025-064-KAE.xml,CGS - Charles Snow Projects,METTRP - Methow Smolt Trap at McFarland Creek Road Bridge,4/18/2025,METTRP - Methow Smolt Trap at McFarland Creek Road Bridge,4/19/2025,A,Pacific Lamprey,"10MM TAG, MACROPHTHALMIA",150,1
3D9.1A4FD29F91,CGS-2025-064-KAE.xml,CGS - Charles Snow Projects,METTRP - Methow Smolt Trap at McFarland Creek Road Bridge,4/23/2025,METTRP - Methow Smolt Trap at McFarland Creek Road Bridge,4/23/2025,A,Pacific Lamprey,"10MM TAG, AMMOCOETE",108,1
3D9.1A4FD29F92,CGS-2025-064-KAE.xml,CGS - Charles Snow Projects,METTRP - Methow Smolt Trap at McFarland Creek Road Bridge,4/16/2025,METTRP - Methow Smolt Trap at McFarland Creek Road Bridge,4/16/2025,A,Pacific Lamprey,"10MM TAG, MACROPHTHALMIA",128,1
3D9.1A4FD29F93,CGS-2025-064-KAE.xml,CGS - Charles Snow Projects,METTRP - Methow Smolt Trap at McFarland Creek Road Bridge,4/23/2025,METTRP - Methow Smolt Trap at McFarland Creek Road Bridge,4/23/2025,A,Pacific Lamprey,"10MM TAG, AMMOCOETE",130,1
3D9.1A4FD29F94,CGS-2025-064-KAE.xml,CGS - Charles Snow Projects,METTRP - Methow Smolt Trap at McFarland Creek Road Bridge,4/22/2025,METTRP - Methow Smolt Trap at McFarland Creek Road Bridge,4/22/2025,A,Pacific Lamprey,"10MM TAG, MACROPHTHALMIA",129,1
3D9.1A4FD29F95,CGS-2025-064-KAE.xml,CGS - Charles Snow Projects,METTRP - Methow Smolt Trap at McFarland Creek Road Bridge,4/23/2025,METTRP - Methow Smolt Trap at McFarland Creek Road Bridge,4/23/2025,A,Pacific Lamprey,"10MM TAG, AMMOCOETE",122,1
3D9.1A4FD29F96,CGS-2025-064-KAE.xml,CGS - Charles Snow Projects,METTRP - Methow Smolt Trap at McFarland Creek Road Bridge,4/23/2025,METTRP - Methow Smolt Trap at McFarland Creek Road Bridge,4/23/2025,A,Pacific Lamprey,"10MM TAG, AMMOCOETE",127,1
3D9.1A4FD29F97,CGS-2025-064-KAE.xml,CGS - Charles Snow Projects,METTRP - Methow Smolt Trap at McFarland Creek Road Bridge,4/23/2025,METTRP - Methow Smolt Trap at McFarland Creek Road Bridge,4/23/2025,A,Pacific Lamprey,"10MM TAG, AMMOCOETE",101,1
3D9.1A4FD29F98,CGS-2025-064-KAE.xml,CGS - Charles Snow Projects,METTRP - Methow Smolt Trap at McFarland Creek Road Bridge,4/21/2025,METTRP - Methow Smolt Trap at McFarland Creek Road Bridge,4/22/2025,A,Pacific Lamprey,"10MM TAG, MACROPHTHALMIA",130,1
3D9.1A4FD29F99,CGS-2025-064-KAE.xml,CGS - Charles Snow Projects,METTRP - Methow Smolt Trap at McFarland Creek Road Bridge,4/19/2025,METTRP - Methow Smolt Trap at McFarland Creek Road Bridge,4/19/2025,A,Pacific Lamprey,"10MM TAG, MACROPHTHALMIA",133,1
3D9.1A4FD29F9A,CGS-2025-064-KAE.xml,CGS - Charles Snow Projects,METTRP - Methow Smolt Trap at McFarland Creek Road Bridge,4/23/2025,METTRP - Methow Smolt Trap at McFarland Creek Road Bridge,4/23/2025,A,Pacific Lamprey,"10MM TAG, AMMOCOETE",113,1
3D9.1A4FD29F9B,CGS-2025-064-KAE.xml,CGS - Charles Snow Projects,METTRP - Methow Smolt Trap at McFarland Creek Road Bridge,4/23/2025,METTRP - Methow Smolt Trap at McFarland Creek Road Bridge,4/23/2025,A,Pacific Lamprey,"10MM TAG, AMMOCOETE",122,1
3D9.1A4FD29F9C,CGS-2025-064-KAE.xml,CGS - Charles Snow Projects,METTRP - Methow Smolt Trap at McFarland Creek Road Bridge,4/24/2025,METTRP - Methow Smolt Trap at McFarland Creek Road Bridge,4/25/2025,A,Pacific Lamprey,"10MM TAG, AMMOCOETE",113,1
3D9.1A4FD29F9D,CGS-2025-064-KAE.xml,CGS - Charles Snow Projects,METTRP - Methow Smolt Trap at McFarland Creek Road Bridge,4/21/2025,METTRP - Methow Smolt Trap at McFarland Creek Road Bridge,4/22/2025,A,Pacific Lamprey,"10MM TAG, MACROPHTHALMIA",125,1
3D9.1A4FD29F9E,CGS-2025-064-KAE.xml,CGS - Charles Snow Projects,METTRP - Methow Smolt Trap at McFarland Creek Road Bridge,4/22/2025,METTRP - Methow Smolt Trap at McFarland Creek Road Bridge,4/23/2025,A,Pacific Lamprey,"10MM TAG, AMMOCOETE",96,1
3D9.1A4FD29F9F,CGS-2025-064-KAE.xml,CGS - Charles Snow Projects,METTRP - Methow Smolt Trap at McFarland Creek Road Bridge,4/23/2025,METTRP - Methow Smolt Trap at McFarland Creek Road Bridge,4/23/2025,A,Pacific Lamprey,"10MM TAG, AMMOCOETE",110,1
3D9.1A4FD29FA0,CGS-2025-064-KAE.xml,CGS - Charles Snow Projects,METTRP - Methow Smolt Trap at McFarland Creek Road Bridge,4/23/2025,METTRP - Methow Smolt Trap at McFarland Creek Road Bridge,4/23/2025,A,Pacific Lamprey,"10MM TAG, AMMOCOETE",130,1
3D9.1A4FD29FA1,CGS-2025-064-KAE.xml,CGS - Charles Snow Projects,METTRP - Methow Smolt Trap at McFarland Creek Road Bridge,4/25/2025,METTRP - Methow Smolt Trap at McFarland Creek Road Bridge,4/25/2025,A,Pacific Lamprey,"10MM TAG, AMMOCOETE",121,1
3D9.1A4FD29FA2,CGS-2025-064-KAE.xml,CGS - Charles Snow Projects,METTRP - Methow Smolt Trap at McFarland Creek Road Bridge,4/24/2025,METTRP - Methow Smolt Trap at McFarland Creek Road Bridge,4/25/2025,A,Pacific Lamprey,"10MM TAG, AMMOCOETE",130,1
3D9.1A4FD29FA3,CGS-2025-064-KAE.xml,CGS - Charles Snow Projects,METTRP - Methow Smolt Trap at McFarland Creek Road Bridge,4/23/2025,METTRP - Methow Smolt Trap at McFarland Creek Road Bridge,4/23/2025,A,Pacific Lamprey,"10MM TAG, MACROPHTHALMIA",114,1
3D9.1A4FD29FA4,CGS-2025-064-KAE.xml,CGS - Charles Snow Projects,METTRP - Methow Smolt Trap at McFarland Creek Road Bridge,4/23/2025,METTRP - Methow Smolt Trap at McFarland Creek Road Bridge,4/23/2025,A,Pacific Lamprey,"10MM TAG, AMMOCOETE",115,1
3D9.1A4FD29FA5,CGS-2025-064-KAE.xml,CGS - Charles Snow Projects,METTRP - Methow Smolt Trap at McFarland Creek Road Bridge,4/20/2025,METTRP - Methow Smolt Trap at McFarland Creek Road Bridge,4/20/2025,A,Pacific Lamprey,"10MM TAG, MACROPHTHALMIA",138,1
3D9.1A4FD29FA6,CGS-2025-064-KAE.xml,CGS - Charles Snow Projects,METTRP - Methow Smolt Trap at McFarland Creek Road Bridge,4/23/2025,METTRP - Methow Smolt Trap at McFarland Creek Road Bridge,4/23/2025,A,Pacific Lamprey,"10MM TAG, MACROPHTHALMIA",129,1
3D9.1A4FD29FA7,CGS-2025-064-KAE.xml,CGS - Charles Snow Projects,METTRP - Methow Smolt Trap at McFarland Creek Road Bridge,4/24/2025,METTRP - Methow Smolt Trap at McFarland Creek Road Bridge,4/24/2025,A,Pacific Lamprey,"10MM TAG, MACROPHTHALMIA",123,1
3D9.1A4FD29FA8,CGS-2025-064-KAE.xml,CGS - Charles Snow Projects,METTRP - Methow Smolt Trap at McFarland Creek Road Bridge,4/23/2025,METTRP - Methow Smolt Trap at McFarland Creek Road Bridge,4/23/2025,A,Pacific Lamprey,"10MM TAG, AMMOCOETE",107,1
3D9.1A4FD29FA9,CGS-2025-064-KAE.xml,CGS - Charles Snow Projects,METTRP - Methow Smolt Trap at McFarland Creek Road Bridge,4/23/2025,METTRP - Methow Smolt Trap at McFarland Creek Road Bridge,4/23/2025,A,Pacific Lamprey,"10MM TAG, AMMOCOETE",105,1
3D9.1A4FD29FAA,CGS-2025-064-KAE.xml,CGS - Charles Snow Projects,METTRP - Methow Smolt Trap at McFarland Creek Road Bridge,4/22/2025,METTRP - Methow Smolt Trap at McFarland Creek Road Bridge,4/23/2025,A,Pacific Lamprey,"10MM TAG, AMMOCOETE",123,1
3D9.1A4FD29FAB,CGS-2025-064-KAE.xml,CGS - Charles Snow Projects,METTRP - Methow Smolt Trap at McFarland Creek Road Bridge,4/10/2025,METTRP - Methow Smolt Trap at McFarland Creek Road Bridge,4/10/2025,A,Pacific Lamprey,"10MM TAG, AMMOCOETE",125,1
3D9.1A4FD29FAC,CGS-2025-064-KAE.xml,CGS - Charles Snow Projects,METTRP - Methow Smolt Trap at McFarland Creek Road Bridge,4/10/2025,METTRP - Methow Smolt Trap at McFarland Creek Road Bridge,4/10/2025,A,Pacific Lamprey,"10MM TAG, AMMOCOETE",124,1
3D9.1A4FD29FAD,CGS-2025-064-KAE.xml,CGS - Charles Snow Projects,METTRP - Methow Smolt Trap at McFarland Creek Road Bridge,4/20/2025,METTRP - Methow Smolt Trap at McFarland Creek Road Bridge,4/20/2025,A,Pacific Lamprey,"10MM TAG, MACROPHTHALMIA",140,1
3D9.1A4FD29FAE,CGS-2025-064-KAE.xml,CGS - Charles Snow Projects,METTRP - Methow Smolt Trap at McFarland Creek Road Bridge,4/25/2025,METTRP - Methow Smolt Trap at McFarland Creek Road Bridge,4/25/2025,A,Pacific Lamprey,"10MM TAG, AMMOCOETE",122,1
3D9.1A4FD29FAF,CGS-2025-064-KAE.xml,CGS - Charles Snow Projects,METTRP - Methow Smolt Trap at McFarland Creek Road Bridge,4/23/2025,METTRP - Methow Smolt Trap at McFarland Creek Road Bridge,4/23/2025,A,Pacific Lamprey,"10MM TAG, AMMOCOETE",99,1
3D9.1A4FD29FB0,CGS-2025-064-KAE.xml,CGS - Charles Snow Projects,METTRP - Methow Smolt Trap at McFarland Creek Road Bridge,4/23/2025,METTRP - Methow Smolt Trap at McFarland Creek Road Bridge,4/23/2025,A,Pacific Lamprey,"10MM TAG, AMMOCOETE",104,1
3D9.1A4FD29FB1,CGS-2025-064-KAE.xml,CGS - Charles Snow Projects,METTRP - Methow Smolt Trap at McFarland Creek Road Bridge,4/21/2025,METTRP - Methow Smolt Trap at McFarland Creek Road Bridge,4/22/2025,A,Pacific Lamprey,"10MM TAG, MACROPHTHALMIA",125,1
3D9.1A4FD29FB2,CGS-2025-064-KAE.xml,CGS - Charles Snow Projects,METTRP - Methow Smolt Trap at McFarland Creek Road Bridge,4/20/2025,METTRP - Methow Smolt Trap at McFarland Creek Road Bridge,4/20/2025,A,Pacific Lamprey,"10MM TAG, MACROPHTHALMIA",137,1
3D9.1A4FD29FB3,CGS-2025-064-KAE.xml,CGS - Charles Snow Projects,METTRP - Methow Smolt Trap at McFarland Creek Road Bridge,4/22/2025,METTRP - Methow Smolt Trap at McFarland Creek Road Bridge,4/23/2025,A,Pacific Lamprey,"10MM TAG, AMMOCOETE",122,1
3D9.1A4FD29FB4,CGS-2025-064-KAE.xml,CGS - Charles Snow Projects,METTRP - Methow Smolt Trap at McFarland Creek Road Bridge,4/22/2025,METTRP - Methow Smolt Trap at McFarland Creek Road Bridge,4/23/2025,A,Pacific Lamprey,"10MM TAG, AMMOCOETE",132,1
3D9.1A4FD29FB5,CGS-2025-064-KAE.xml,CGS - Charles Snow Projects,METTRP - Methow Smolt Trap at McFarland Creek Road Bridge,4/25/2025,METTRP - Methow Smolt Trap at McFarland Creek Road Bridge,4/25/2025,A,Pacific Lamprey,"10MM TAG, AMMOCOETE",130,1
3D9.1A4FD29FB6,CGS-2025-064-KAE.xml,CGS - Charles Snow Projects,METTRP - Methow Smolt Trap at McFarland Creek Road Bridge,4/23/2025,METTRP - Methow Smolt Trap at McFarland Creek Road Bridge,4/23/2025,A,Pacific Lamprey,"10MM TAG, MACROPHTHALMIA",130,1
3D9.1A4FD29FB7,CGS-2025-064-KAE.xml,CGS - Charles Snow Projects,METTRP - Methow Smolt Trap at McFarland Creek Road Bridge,4/16/2025,METTRP - Methow Smolt Trap at McFarland Creek Road Bridge,4/16/2025,A,Pacific Lamprey,"10MM TAG, MACROPHTHALMIA",125,1
3D9.1A4FD29FB8,CGS-2025-064-KAE.xml,CGS - Charles Snow Projects,METTRP - Methow Smolt Trap at McFarland Creek Road Bridge,4/23/2025,METTRP - Methow Smolt Trap at McFarland Creek Road Bridge,4/23/2025,A,Pacific Lamprey,"10MM TAG, AMMOCOETE",112,1
3D9.1A4FD29FB9,CGS-2025-064-KAE.xml,CGS - Charles Snow Projects,METTRP - Methow Smolt Trap at McFarland Creek Road Bridge,4/23/2025,METTRP - Methow Smolt Trap at McFarland Creek Road Bridge,4/23/2025,A,Pacific Lamprey,"10MM TAG, AMMOCOETE",129,1
3D9.1A4FD29FBA,CGS-2025-064-KAE.xml,CGS - Charles Snow Projects,METTRP - Methow Smolt Trap at McFarland Creek Road Bridge,4/23/2025,METTRP - Methow Smolt Trap at McFarland Creek Road Bridge,4/23/2025,A,Pacific Lamprey,"10MM TAG, AMMOCOETE",121,1
3D9.1A4FD29FBB,CGS-2025-064-KAE.xml,CGS - Charles Snow Projects,METTRP - Methow Smolt Trap at McFarland Creek Road Bridge,4/23/2025,METTRP - Methow Smolt Trap at McFarland Creek Road Bridge,4/23/2025,A,Pacific Lamprey,"10MM TAG, AMMOCOETE",115,1
3D9.1A4FD29FBC,CGS-2025-064-KAE.xml,CGS - Charles Snow Projects,METTRP - Methow Smolt Trap at McFarland Creek Road Bridge,4/23/2025,METTRP - Methow Smolt Trap at McFarland Creek Road Bridge,4/23/2025,A,Pacific Lamprey,"10MM TAG, AMMOCOETE",119,1
3D9.1A4FD29FBD,CGS-2025-064-KAE.xml,CGS - Charles Snow Projects,METTRP - Methow Smolt Trap at McFarland Creek Road Bridge,4/23/2025,METTRP - Methow Smolt Trap at McFarland Creek Road Bridge,4/23/2025,A,Pacific Lamprey,"10MM TAG, AMMOCOETE",117,1
3D9.1A4FD29FBE,CGS-2025-064-KAE.xml,CGS - Charles Snow Projects,METTRP - Methow Smolt Trap at McFarland Creek Road Bridge,4/20/2025,METTRP - Methow Smolt Trap at McFarland Creek Road Bridge,4/20/2025,A,Pacific Lamprey,"10MM TAG, MACROPHTHALMIA",129,1
3D9.1A4FD29FBF,CGS-2025-064-KAE.xml,CGS - Charles Snow Projects,METTRP - Methow Smolt Trap at McFarland Creek Road Bridge,4/23/2025,METTRP - Methow Smolt Trap at McFarland Creek Road Bridge,4/23/2025,A,Pacific Lamprey,"10MM TAG, AMMOCOETE",110,1
3D9.1A4FD29FC0,CGS-2025-064-KAE.xml,CGS - Charles Snow Projects,METTRP - Methow Smolt Trap at McFarland Creek Road Bridge,4/24/2025,METTRP - Methow Smolt Trap at McFarland Creek Road Bridge,4/24/2025,A,Pacific Lamprey,"10MM TAG, AMMOCOETE",107,1
3D9.1A4FD29FC1,CGS-2025-064-KAE.xml,CGS - Charles Snow Projects,METTRP - Methow Smolt Trap at McFarland Creek Road Bridge,4/23/2025,METTRP - Methow Smolt Trap at McFarland Creek Road Bridge,4/23/2025,A,Pacific Lamprey,"10MM TAG, AMMOCOETE",99,1
3D9.1A4FD29FC2,CGS-2025-064-KAE.xml,CGS - Charles Snow Projects,METTRP - Methow Smolt Trap at McFarland Creek Road Bridge,4/23/2025,METTRP - Methow Smolt Trap at McFarland Creek Road Bridge,4/23/2025,A,Pacific Lamprey,"10MM TAG, AMMOCOETE",122,1
3D9.1A4FD29FC3,CGS-2025-064-KAE.xml,CGS - Charles Snow Projects,METTRP - Methow Smolt Trap at McFarland Creek Road Bridge,4/30/2025,METTRP - Methow Smolt Trap at McFarland Creek Road Bridge,4/30/2025,A,Pacific Lamprey,"10MM TAG, AMMOCOETE",130,1
3D9.1A4FD29FC4,CGS-2025-064-KAE.xml,CGS - Charles Snow Projects,METTRP - Methow Smolt Trap at McFarland Creek Road Bridge,4/30/2025,METTRP - Methow Smolt Trap at McFarland Creek Road Bridge,4/30/2025,A,Pacific Lamprey,"10MM TAG, AMMOCOETE",120,1
3D9.1A4FD29FC5,CGS-2025-064-KAE.xml,CGS - Charles Snow Projects,METTRP - Methow Smolt Trap at McFarland Creek Road Bridge,4/30/2025,METTRP - Methow Smolt Trap at McFarland Creek Road Bridge,4/30/2025,A,Pacific Lamprey,"10MM TAG, AMMOCOETE",95,1
3D9.1A4FD29FC6,CGS-2025-064-KAE.xml,CGS - Charles Snow Projects,METTRP - Methow Smolt Trap at McFarland Creek Road Bridge,4/29/2025,METTRP - Methow Smolt Trap at McFarland Creek Road Bridge,4/29/2025,A,Pacific Lamprey,"10MM TAG, AMMOCOETE",94,1
3D9.1A4FD29FC7,CGS-2025-064-KAE.xml,CGS - Charles Snow Projects,METTRP - Methow Smolt Trap at McFarland Creek Road Bridge,4/29/2025,METTRP - Methow Smolt Trap at McFarland Creek Road Bridge,4/29/2025,A,Pacific Lamprey,"10MM TAG, MACROPHTHALMIA",132,1
3D9.1A4FD29FC8,CGS-2025-064-KAE.xml,CGS - Charles Snow Projects,METTRP - Methow Smolt Trap at McFarland Creek Road Bridge,4/26/2025,METTRP - Methow Smolt Trap at McFarland Creek Road Bridge,4/26/2025,A,Pacific Lamprey,"10MM TAG, MACROPHTHALMIA",129,1
3D9.1A4FD29FC9,CGS-2025-064-KAE.xml,CGS - Charles Snow Projects,METTRP - Methow Smolt Trap at McFarland Creek Road Bridge,4/29/2025,METTRP - Methow Smolt Trap at McFarland Creek Road Bridge,4/29/2025,A,Pacific Lamprey,"10MM TAG, AMMOCOETE",132,1
3D9.1A4FD29FCA,CGS-2025-064-KAE.xml,CGS - Charles Snow Projects,METTRP - Methow Smolt Trap at McFarland Creek Road Bridge,4/29/2025,METTRP - Methow Smolt Trap at McFarland Creek Road Bridge,4/30/2025,A,Pacific Lamprey,"10MM TAG, MACROPHTHALMIA",134,1
3D9.1A4FD29FCB,CGS-2025-064-KAE.xml,CGS - Charles Snow Projects,METTRP - Methow Smolt Trap at McFarland Creek Road Bridge,5/1/2025,METTRP - Methow Smolt Trap at McFarland Creek Road Bridge,5/1/2025,A,Pacific Lamprey,"10MM TAG, MACROPHTHALMIA",119,1
3D9.1A4FD29FCC,CGS-2025-064-KAE.xml,CGS - Charles Snow Projects,METTRP - Methow Smolt Trap at McFarland Creek Road Bridge,4/29/2025,METTRP - Methow Smolt Trap at McFarland Creek Road Bridge,4/30/2025,A,Pacific Lamprey,"10MM TAG, MACROPHTHALMIA",130,1
3D9.1A4FD29FCD,CGS-2025-064-KAE.xml,CGS - Charles Snow Projects,METTRP - Methow Smolt Trap at McFarland Creek Road Bridge,4/29/2025,METTRP - Methow Smolt Trap at McFarland Creek Road Bridge,4/29/2025,A,Pacific Lamprey,"10MM TAG, AMMOCOETE",123,1
3D9.1A4FD29FCE,CGS-2025-064-KAE.xml,CGS - Charles Snow Projects,METTRP - Methow Smolt Trap at McFarland Creek Road Bridge,4/30/2025,METTRP - Methow Smolt Trap at McFarland Creek Road Bridge,4/30/2025,A,Pacific Lamprey,"10MM TAG, AMMOCOETE",131,1
3D9.1A4FD29FCF,CGS-2025-064-KAE.xml,CGS - Charles Snow Projects,METTRP - Methow Smolt Trap at McFarland Creek Road Bridge,5/1/2025,METTRP - Methow Smolt Trap at McFarland Creek Road Bridge,5/1/2025,A,Pacific Lamprey,"10MM TAG, MACROPHTHALMIA",120,1
3D9.1A4FD29FD0,CGS-2025-064-KAE.xml,CGS - Charles Snow Projects,METTRP - Methow Smolt Trap at McFarland Creek Road Bridge,4/27/2025,METTRP - Methow Smolt Trap at McFarland Creek Road Bridge,4/28/2025,A,Pacific Lamprey,"10MM TAG, MACROPHTHALMIA",125,1
3D9.1A4FD29FD1,CGS-2025-064-KAE.xml,CGS - Charles Snow Projects,METTRP - Methow Smolt Trap at McFarland Creek Road Bridge,4/29/2025,METTRP - Methow Smolt Trap at McFarland Creek Road Bridge,4/30/2025,A,Pacific Lamprey,"10MM TAG, MACROPHTHALMIA",133,1
3D9.1A4FD29FD2,CGS-2025-064-KAE.xml,CGS - Charles Snow Projects,METTRP - Methow Smolt Trap at McFarland Creek Road Bridge,5/1/2025,METTRP - Methow Smolt Trap at McFarland Creek Road Bridge,5/1/2025,A,Pacific Lamprey,"10MM TAG, MACROPHTHALMIA",131,1
3D9.1A4FD29FD3,CGS-2025-064-KAE.xml,CGS - Charles Snow Projects,METTRP - Methow Smolt Trap at McFarland Creek Road Bridge,4/29/2025,METTRP - Methow Smolt Trap at McFarland Creek Road Bridge,4/29/2025,A,Pacific Lamprey,"10MM TAG, AMMOCOETE",125,1
3D9.1A4FD29FD4,CGS-2025-064-KAE.xml,CGS - Charles Snow Projects,METTRP - Methow Smolt Trap at McFarland Creek Road Bridge,4/29/2025,METTRP - Methow Smolt Trap at McFarland Creek Road Bridge,4/29/2025,A,Pacific Lamprey,"10MM TAG, AMMOCOETE",123,1
3D9.1A4FD29FD5,CGS-2025-064-KAE.xml,CGS - Charles Snow Projects,METTRP - Methow Smolt Trap at McFarland Creek Road Bridge,4/29/2025,METTRP - Methow Smolt Trap at McFarland Creek Road Bridge,4/30/2025,A,Pacific Lamprey,"10MM TAG, MACROPHTHALMIA",134,1
3D9.1A4FD29FD6,CGS-2025-064-KAE.xml,CGS - Charles Snow Projects,METTRP - Methow Smolt Trap at McFarland Creek Road Bridge,4/29/2025,METTRP - Methow Smolt Trap at McFarland Creek Road Bridge,4/29/2025,A,Pacific Lamprey,"10MM TAG, MACROPHTHALMIA",133,1
3D9.1A4FD29FD7,CGS-2025-064-KAE.xml,CGS - Charles Snow Projects,METTRP - Methow Smolt Trap at McFarland Creek Road Bridge,4/29/2025,METTRP - Methow Smolt Trap at McFarland Creek Road Bridge,4/30/2025,A,Pacific Lamprey,"10MM TAG, MACROPHTHALMIA",125,1
3D9.1A4FD29FD8,CGS-2025-064-KAE.xml,CGS - Charles Snow Projects,METTRP - Methow Smolt Trap at McFarland Creek Road Bridge,4/27/2025,METTRP - Methow Smolt Trap at McFarland Creek Road Bridge,4/27/2025,A,Pacific Lamprey,"10MM TAG, MACROPHTHALMIA",132,1
3D9.1A4FD29FD9,CGS-2025-064-KAE.xml,CGS - Charles Snow Projects,METTRP - Methow Smolt Trap at McFarland Creek Road Bridge,4/27/2025,METTRP - Methow Smolt Trap at McFarland Creek Road Bridge,4/28/2025,A,Pacific Lamprey,"10MM TAG, MACROPHTHALMIA",132,1
3D9.1A4FD29FDA,CGS-2025-064-KAE.xml,CGS - Charles Snow Projects,METTRP - Methow Smolt Trap at McFarland Creek Road Bridge,4/29/2025,METTRP - Methow Smolt Trap at McFarland Creek Road Bridge,4/29/2025,A,Pacific Lamprey,"10MM TAG, MACROPHTHALMIA",127,1
3D9.1A4FD29FDB,CGS-2025-064-KAE.xml,CGS - Charles Snow Projects,METTRP - Methow Smolt Trap at McFarland Creek Road Bridge,4/29/2025,METTRP - Methow Smolt Trap at McFarland Creek Road Bridge,4/30/2025,A,Pacific Lamprey,"10MM TAG, MACROPHTHALMIA",130,1
3D9.1A4FD29FDC,CGS-2025-064-KAE.xml,CGS - Charles Snow Projects,METTRP - Methow Smolt Trap at McFarland Creek Road Bridge,5/1/2025,METTRP - Methow Smolt Trap at McFarland Creek Road Bridge,5/1/2025,A,Pacific Lamprey,"10MM TAG, MACROPHTHALMIA",127,1
3D9.1A4FD29FDD,CGS-2025-064-KAE.xml,CGS - Charles Snow Projects,METTRP - Methow Smolt Trap at McFarland Creek Road Bridge,4/27/2025,METTRP - Methow Smolt Trap at McFarland Creek Road Bridge,4/27/2025,A,Pacific Lamprey,"10MM TAG, MACROPHTHALMIA",131,1
3D9.1A4FD29FDE,CGS-2025-064-KAE.xml,CGS - Charles Snow Projects,METTRP - Methow Smolt Trap at McFarland Creek Road Bridge,4/29/2025,METTRP - Methow Smolt Trap at McFarland Creek Road Bridge,4/30/2025,A,Pacific Lamprey,"10MM TAG, MACROPHTHALMIA",133,1
3D9.1A4FD29FDF,CGS-2025-064-KAE.xml,CGS - Charles Snow Projects,METTRP - Methow Smolt Trap at McFarland Creek Road Bridge,4/29/2025,METTRP - Methow Smolt Trap at McFarland Creek Road Bridge,4/29/2025,A,Pacific Lamprey,"10MM TAG, MACROPHTHALMIA",121,1
3D9.1A4FD29FE0,CGS-2025-064-KAE.xml,CGS - Charles Snow Projects,METTRP - Methow Smolt Trap at McFarland Creek Road Bridge,5/1/2025,METTRP - Methow Smolt Trap at McFarland Creek Road Bridge,5/1/2025,A,Pacific Lamprey,"10MM TAG, MACROPHTHALMIA",132,1
3D9.1A4FD29FE1,CGS-2025-064-KAE.xml,CGS - Charles Snow Projects,METTRP - Methow Smolt Trap at McFarland Creek Road Bridge,5/1/2025,METTRP - Methow Smolt Trap at McFarland Creek Road Bridge,5/1/2025,A,Pacific Lamprey,"10MM TAG, MACROPHTHALMIA",128,1
3D9.1A4FD29FE2,CGS-2025-064-KAE.xml,CGS - Charles Snow Projects,METTRP - Methow Smolt Trap at McFarland Creek Road Bridge,4/25/2025,METTRP - Methow Smolt Trap at McFarland Creek Road Bridge,4/25/2025,A,Pacific Lamprey,"10MM TAG, AMMOCOETE",117,1
3D9.1A4FD29FE3,CGS-2025-064-KAE.xml,CGS - Charles Snow Projects,METTRP - Methow Smolt Trap at McFarland Creek Road Bridge,4/30/2025,METTRP - Methow Smolt Trap at McFarland Creek Road Bridge,4/30/2025,A,Pacific Lamprey,"10MM TAG, AMMOCOETE",126,1
3D9.1A4FD29FE4,CGS-2025-064-KAE.xml,CGS - Charles Snow Projects,METTRP - Methow Smolt Trap at McFarland Creek Road Bridge,4/25/2025,METTRP - Methow Smolt Trap at McFarland Creek Road Bridge,4/25/2025,A,Pacific Lamprey,"10MM TAG, MACROPHTHALMIA",127,1
3D9.1A4FD29FE5,CGS-2025-064-KAE.xml,CGS - Charles Snow Projects,METTRP - Methow Smolt Trap at McFarland Creek Road Bridge,4/29/2025,METTRP - Methow Smolt Trap at McFarland Creek Road Bridge,4/29/2025,A,Pacific Lamprey,"10MM TAG, MACROPHTHALMIA",131,1
3D9.1A4FD29FE6,CGS-2025-064-KAE.xml,CGS - Charles Snow Projects,METTRP - Methow Smolt Trap at McFarland Creek Road Bridge,4/29/2025,METTRP - Methow Smolt Trap at McFarland Creek Road Bridge,4/29/2025,A,Pacific Lamprey,"10MM TAG, AMMOCOETE",118,1
3D9.1A4FD29FE7,CGS-2025-064-KAE.xml,CGS - Charles Snow Projects,METTRP - Methow Smolt Trap at McFarland Creek Road Bridge,4/29/2025,METTRP - Methow Smolt Trap at McFarland Creek Road Bridge,4/30/2025,A,Pacific Lamprey,"10MM TAG, MACROPHTHALMIA",132,1
3D9.1A4FD29FE8,CGS-2025-064-KAE.xml,CGS - Charles Snow Projects,METTRP - Methow Smolt Trap at McFarland Creek Road Bridge,4/27/2025,METTRP - Methow Smolt Trap at McFarland Creek Road Bridge,4/28/2025,A,Pacific Lamprey,"10MM TAG, MACROPHTHALMIA",140,1
3D9.1A4FD29FE9,CGS-2025-064-KAE.xml,CGS - Charles Snow Projects,METTRP - Methow Smolt Trap at McFarland Creek Road Bridge,4/25/2025,METTRP - Methow Smolt Trap at McFarland Creek Road Bridge,4/25/2025,A,Pacific Lamprey,"10MM TAG, AMMOCOETE",122,1
3D9.1A4FD29FEA,CGS-2025-064-KAE.xml,CGS - Charles Snow Projects,METTRP - Methow Smolt Trap at McFarland Creek Road Bridge,4/25/2025,METTRP - Methow Smolt Trap at McFarland Creek Road Bridge,4/25/2025,A,Pacific Lamprey,"10MM TAG, MACROPHTHALMIA",127,1
3D9.1A4FD29FEB,CGS-2025-064-KAE.xml,CGS - Charles Snow Projects,METTRP - Methow Smolt Trap at McFarland Creek Road Bridge,4/27/2025,METTRP - Methow Smolt Trap at McFarland Creek Road Bridge,4/27/2025,A,Pacific Lamprey,"10MM TAG, MACROPHTHALMIA",142,1
3D9.1A4FD29FEC,CGS-2025-064-KAE.xml,CGS - Charles Snow Projects,METTRP - Methow Smolt Trap at McFarland Creek Road Bridge,4/26/2025,METTRP - Methow Smolt Trap at McFarland Creek Road Bridge,4/26/2025,A,Pacific Lamprey,"10MM TAG, MACROPHTHALMIA",127,1
3D9.1A4FD29FED,CGS-2025-064-KAE.xml,CGS - Charles Snow Projects,METTRP - Methow Smolt Trap at McFarland Creek Road Bridge,5/1/2025,METTRP - Methow Smolt Trap at McFarland Creek Road Bridge,5/1/2025,A,Pacific Lamprey,"10MM TAG, MACROPHTHALMIA",128,1
3D9.1A4FD29FEE,CGS-2025-064-KAE.xml,CGS - Charles Snow Projects,METTRP - Methow Smolt Trap at McFarland Creek Road Bridge,4/29/2025,METTRP - Methow Smolt Trap at McFarland Creek Road Bridge,4/29/2025,A,Pacific Lamprey,"10MM TAG, MACROPHTHALMIA",125,1
3D9.1A4FD29FEF,CGS-2025-064-KAE.xml,CGS - Charles Snow Projects,METTRP - Methow Smolt Trap at McFarland Creek Road Bridge,4/29/2025,METTRP - Methow Smolt Trap at McFarland Creek Road Bridge,4/30/2025,A,Pacific Lamprey,"10MM TAG, AMMOCOETE",132,1
3D9.1A4FD29FF0,CGS-2025-064-KAE.xml,CGS - Charles Snow Projects,METTRP - Methow Smolt Trap at McFarland Creek Road Bridge,4/29/2025,METTRP - Methow Smolt Trap at McFarland Creek Road Bridge,4/29/2025,A,Pacific Lamprey,"10MM TAG, AMMOCOETE",124,1
3D9.1A4FD29FF1,CGS-2025-064-KAE.xml,CGS - Charles Snow Projects,METTRP - Methow Smolt Trap at McFarland Creek Road Bridge,4/25/2025,METTRP - Methow Smolt Trap at McFarland Creek Road Bridge,4/25/2025,A,Pacific Lamprey,"10MM TAG, MACROPHTHALMIA",131,1
3D9.1A4FD29FF2,CGS-2025-064-KAE.xml,CGS - Charles Snow Projects,METTRP - Methow Smolt Trap at McFarland Creek Road Bridge,5/1/2025,METTRP - Methow Smolt Trap at McFarland Creek Road Bridge,5/1/2025,A,Pacific Lamprey,"10MM TAG, MACROPHTHALMIA",125,1
3D9.1A4FD29FF3,CGS-2025-064-KAE.xml,CGS - Charles Snow Projects,METTRP - Methow Smolt Trap at McFarland Creek Road Bridge,4/29/2025,METTRP - Methow Smolt Trap at McFarland Creek Road Bridge,4/29/2025,A,Pacific Lamprey,"10MM TAG, AMMOCOETE",129,1
3D9.1A4FD29FF4,CGS-2025-064-KAE.xml,CGS - Charles Snow Projects,METTRP - Methow Smolt Trap at McFarland Creek Road Bridge,4/29/2025,METTRP - Methow Smolt Trap at McFarland Creek Road Bridge,4/29/2025,A,Pacific Lamprey,"10MM TAG, AMMOCOETE",127,1
3D9.1A4FD29FF5,CGS-2025-064-KAE.xml,CGS - Charles Snow Projects,METTRP - Methow Smolt Trap at McFarland Creek Road Bridge,4/29/2025,METTRP - Methow Smolt Trap at McFarland Creek Road Bridge,4/29/2025,A,Pacific Lamprey,"10MM TAG, AMMOCOETE",108,1
3D9.1A4FD29FF6,CGS-2025-064-KAE.xml,CGS - Charles Snow Projects,METTRP - Methow Smolt Trap at McFarland Creek Road Bridge,4/29/2025,METTRP - Methow Smolt Trap at McFarland Creek Road Bridge,4/30/2025,A,Pacific Lamprey,"10MM TAG, MACROPHTHALMIA",115,1
3D9.1A4FD29FF7,CGS-2025-064-KAE.xml,CGS - Charles Snow Projects,METTRP - Methow Smolt Trap at McFarland Creek Road Bridge,4/26/2025,METTRP - Methow Smolt Trap at McFarland Creek Road Bridge,4/26/2025,A,Pacific Lamprey,"10MM TAG, MACROPHTHALMIA",133,1
3D9.1A4FD29FF8,CGS-2025-064-KAE.xml,CGS - Charles Snow Projects,METTRP - Methow Smolt Trap at McFarland Creek Road Bridge,4/29/2025,METTRP - Methow Smolt Trap at McFarland Creek Road Bridge,4/30/2025,A,Pacific Lamprey,"10MM TAG, AMMOCOETE",130,1
3D9.1A4FD29FF9,CGS-2025-064-KAE.xml,CGS - Charles Snow Projects,METTRP - Methow Smolt Trap at McFarland Creek Road Bridge,4/29/2025,METTRP - Methow Smolt Trap at McFarland Creek Road Bridge,4/29/2025,A,Pacific Lamprey,"10MM TAG, AMMOCOETE",130,1
3D9.1A4FD29FFA,CGS-2025-064-KAE.xml,CGS - Charles Snow Projects,METTRP - Methow Smolt Trap at McFarland Creek Road Bridge,4/25/2025,METTRP - Methow Smolt Trap at McFarland Creek Road Bridge,4/25/2025,A,Pacific Lamprey,"10MM TAG, AMMOCOETE",95,1
3D9.1A4FD29FFB,CGS-2025-064-KAE.xml,CGS - Charles Snow Projects,METTRP - Methow Smolt Trap at McFarland Creek Road Bridge,4/27/2025,METTRP - Methow Smolt Trap at McFarland Creek Road Bridge,4/27/2025,A,Pacific Lamprey,"10MM TAG, MACROPHTHALMIA",136,1
3D9.1A4FD29FFC,CGS-2025-064-KAE.xml,CGS - Charles Snow Projects,METTRP - Methow Smolt Trap at McFarland Creek Road Bridge,4/26/2025,METTRP - Methow Smolt Trap at McFarland Creek Road Bridge,4/26/2025,A,Pacific Lamprey,"10MM TAG, MACROPHTHALMIA",125,1
3D9.1A4FD29FFD,CGS-2025-064-KAE.xml,CGS - Charles Snow Projects,METTRP - Methow Smolt Trap at McFarland Creek Road Bridge,4/27/2025,METTRP - Methow Smolt Trap at McFarland Creek Road Bridge,4/27/2025,A,Pacific Lamprey,"10MM TAG, MACROPHTHALMIA",123,1
3D9.1A4FD29FFE,CGS-2025-064-KAE.xml,CGS - Charles Snow Projects,METTRP - Methow Smolt Trap at McFarland Creek Road Bridge,5/1/2025,METTRP - Methow Smolt Trap at McFarland Creek Road Bridge,5/1/2025,A,Pacific Lamprey,"10MM TAG, MACROPHTHALMIA",130,1
3D9.1A4FD29FFF,CGS-2025-064-KAE.xml,CGS - Charles Snow Projects,METTRP - Methow Smolt Trap at McFarland Creek Road Bridge,4/29/2025,METTRP - Methow Smolt Trap at McFarland Creek Road Bridge,4/29/2025,A,Pacific Lamprey,"10MM TAG, AMMOCOETE",120,1
3D9.1A4FD2A000,CGS-2025-064-KAE.xml,CGS - Charles Snow Projects,METTRP - Methow Smolt Trap at McFarland Creek Road Bridge,4/29/2025,METTRP - Methow Smolt Trap at McFarland Creek Road Bridge,4/29/2025,A,Pacific Lamprey,"10MM TAG, MACROPHTHALMIA",128,1
3D9.1A4FD2A001,CGS-2025-064-KAE.xml,CGS - Charles Snow Projects,METTRP - Methow Smolt Trap at McFarland Creek Road Bridge,4/29/2025,METTRP - Methow Smolt Trap at McFarland Creek Road Bridge,4/29/2025,A,Pacific Lamprey,"10MM TAG, MACROPHTHALMIA",129,1
3D9.1A4FD2A002,CGS-2025-064-KAE.xml,CGS - Charles Snow Projects,METTRP - Methow Smolt Trap at McFarland Creek Road Bridge,4/29/2025,METTRP - Methow Smolt Trap at McFarland Creek Road Bridge,4/29/2025,A,Pacific Lamprey,"10MM TAG, MACROPHTHALMIA",128,1
3D9.1A4FD2A003,CGS-2025-064-KAE.xml,CGS - Charles Snow Projects,METTRP - Methow Smolt Trap at McFarland Creek Road Bridge,4/25/2025,METTRP - Methow Smolt Trap at McFarland Creek Road Bridge,4/25/2025,A,Pacific Lamprey,"10MM TAG, AMMOCOETE",100,1
3D9.1A4FD2A004,CGS-2025-064-KAE.xml,CGS - Charles Snow Projects,METTRP - Methow Smolt Trap at McFarland Creek Road Bridge,4/29/2025,METTRP - Methow Smolt Trap at McFarland Creek Road Bridge,4/29/2025,A,Pacific Lamprey,"10MM TAG, MACROPHTHALMIA",127,1
3D9.1A4FD2A005,CGS-2025-064-KAE.xml,CGS - Charles Snow Projects,METTRP - Methow Smolt Trap at McFarland Creek Road Bridge,5/1/2025,METTRP - Methow Smolt Trap at McFarland Creek Road Bridge,5/1/2025,A,Pacific Lamprey,"10MM TAG, MACROPHTHALMIA",121,1
3D9.1A4FD2A006,CGS-2025-064-KAE.xml,CGS - Charles Snow Projects,METTRP - Methow Smolt Trap at McFarland Creek Road Bridge,4/26/2025,METTRP - Methow Smolt Trap at McFarland Creek Road Bridge,4/26/2025,A,Pacific Lamprey,"10MM TAG, MACROPHTHALMIA",130,1
3D9.1A4FD2A007,CGS-2025-064-KAE.xml,CGS - Charles Snow Projects,METTRP - Methow Smolt Trap at McFarland Creek Road Bridge,5/1/2025,METTRP - Methow Smolt Trap at McFarland Creek Road Bridge,5/1/2025,A,Pacific Lamprey,"10MM TAG, MACROPHTHALMIA",125,1
3D9.1A4FD2A008,CGS-2025-064-KAE.xml,CGS - Charles Snow Projects,METTRP - Methow Smolt Trap at McFarland Creek Road Bridge,4/29/2025,METTRP - Methow Smolt Trap at McFarland Creek Road Bridge,4/29/2025,A,Pacific Lamprey,"10MM TAG, AMMOCOETE",133,1
3D9.1A4FD2A009,CGS-2025-064-KAE.xml,CGS - Charles Snow Projects,METTRP - Methow Smolt Trap at McFarland Creek Road Bridge,4/29/2025,METTRP - Methow Smolt Trap at McFarland Creek Road Bridge,4/30/2025,A,Pacific Lamprey,"10MM TAG, MACROPHTHALMIA",122,1
3D9.1A4FD2A00A,CGS-2025-064-KAE.xml,CGS - Charles Snow Projects,METTRP - Methow Smolt Trap at McFarland Creek Road Bridge,4/26/2025,METTRP - Methow Smolt Trap at McFarland Creek Road Bridge,4/26/2025,A,Pacific Lamprey,"10MM TAG, MACROPHTHALMIA",132,1
3D9.1A4FD2A00B,CGS-2025-064-KAE.xml,CGS - Charles Snow Projects,METTRP - Methow Smolt Trap at McFarland Creek Road Bridge,4/29/2025,METTRP - Methow Smolt Trap at McFarland Creek Road Bridge,4/29/2025,A,Pacific Lamprey,"10MM TAG, MACROPHTHALMIA",129,1
3D9.1A4FD2A00C,CGS-2025-064-KAE.xml,CGS - Charles Snow Projects,METTRP - Methow Smolt Trap at McFarland Creek Road Bridge,4/25/2025,METTRP - Methow Smolt Trap at McFarland Creek Road Bridge,4/25/2025,A,Pacific Lamprey,"10MM TAG, AMMOCOETE",104,1
3D9.1A4FD2A00D,CGS-2025-064-KAE.xml,CGS - Charles Snow Projects,METTRP - Methow Smolt Trap at McFarland Creek Road Bridge,4/29/2025,METTRP - Methow Smolt Trap at McFarland Creek Road Bridge,4/29/2025,A,Pacific Lamprey,"10MM TAG, MACROPHTHALMIA",127,1
3D9.1A4FD2A00E,CGS-2025-064-KAE.xml,CGS - Charles Snow Projects,METTRP - Methow Smolt Trap at McFarland Creek Road Bridge,4/27/2025,METTRP - Methow Smolt Trap at McFarland Creek Road Bridge,4/28/2025,A,Pacific Lamprey,"10MM TAG, MACROPHTHALMIA",131,1
3D9.1A4FD2A00F,CGS-2025-064-KAE.xml,CGS - Charles Snow Projects,METTRP - Methow Smolt Trap at McFarland Creek Road Bridge,4/29/2025,METTRP - Methow Smolt Trap at McFarland Creek Road Bridge,4/30/2025,A,Pacific Lamprey,"10MM TAG, MACROPHTHALMIA",136,1
3D9.1A4FD2A010,CGS-2025-064-KAE.xml,CGS - Charles Snow Projects,METTRP - Methow Smolt Trap at McFarland Creek Road Bridge,4/27/2025,METTRP - Methow Smolt Trap at McFarland Creek Road Bridge,4/28/2025,A,Pacific Lamprey,"10MM TAG, MACROPHTHALMIA",126,1
3D9.1A4FD2A011,CGS-2025-064-KAE.xml,CGS - Charles Snow Projects,METTRP - Methow Smolt Trap at McFarland Creek Road Bridge,4/29/2025,METTRP - Methow Smolt Trap at McFarland Creek Road Bridge,4/29/2025,A,Pacific Lamprey,"10MM TAG, MACROPHTHALMIA",122,1
3D9.1A4FD2A012,CGS-2025-064-KAE.xml,CGS - Charles Snow Projects,METTRP - Methow Smolt Trap at McFarland Creek Road Bridge,4/30/2025,METTRP - Methow Smolt Trap at McFarland Creek Road Bridge,4/30/2025,A,Pacific Lamprey,"10MM TAG, AMMOCOETE",130,1
3D9.1A4FD2A013,CGS-2025-064-KAE.xml,CGS - Charles Snow Projects,METTRP - Methow Smolt Trap at McFarland Creek Road Bridge,4/30/2025,METTRP - Methow Smolt Trap at McFarland Creek Road Bridge,4/30/2025,A,Pacific Lamprey,"10MM TAG, AMMOCOETE",126,1
3D9.1A4FD2A014,CGS-2025-064-KAE.xml,CGS - Charles Snow Projects,METTRP - Methow Smolt Trap at McFarland Creek Road Bridge,4/25/2025,METTRP - Methow Smolt Trap at McFarland Creek Road Bridge,4/25/2025,A,Pacific Lamprey,"10MM TAG, AMMOCOETE",105,1
3D9.1A4FD2A015,CGS-2025-064-KAE.xml,CGS - Charles Snow Projects,METTRP - Methow Smolt Trap at McFarland Creek Road Bridge,4/26/2025,METTRP - Methow Smolt Trap at McFarland Creek Road Bridge,4/26/2025,A,Pacific Lamprey,"10MM TAG, MACROPHTHALMIA",125,1
3D9.1A4FD2A016,CGS-2025-064-KAE.xml,CGS - Charles Snow Projects,METTRP - Methow Smolt Trap at McFarland Creek Road Bridge,4/29/2025,METTRP - Methow Smolt Trap at McFarland Creek Road Bridge,4/29/2025,A,Pacific Lamprey,"10MM TAG, AMMOCOETE",125,1
3D9.1A4FD2A017,CGS-2025-064-KAE.xml,CGS - Charles Snow Projects,METTRP - Methow Smolt Trap at McFarland Creek Road Bridge,4/29/2025,METTRP - Methow Smolt Trap at McFarland Creek Road Bridge,4/29/2025,A,Pacific Lamprey,"10MM TAG, MACROPHTHALMIA",130,1
3D9.1A4FD2A018,CGS-2025-064-KAE.xml,CGS - Charles Snow Projects,METTRP - Methow Smolt Trap at McFarland Creek Road Bridge,5/2/2025,METTRP - Methow Smolt Trap at McFarland Creek Road Bridge,5/2/2025,A,Pacific Lamprey,"10MM TAG, MACROPHTHALMIA",122,1
3D9.1A4FD2A019,CGS-2025-064-KAE.xml,CGS - Charles Snow Projects,METTRP - Methow Smolt Trap at McFarland Creek Road Bridge,5/1/2025,METTRP - Methow Smolt Trap at McFarland Creek Road Bridge,5/1/2025,A,Pacific Lamprey,"10MM TAG, MACROPHTHALMIA",127,1
3D9.1A4FD2A01A,CGS-2025-064-KAE.xml,CGS - Charles Snow Projects,METTRP - Methow Smolt Trap at McFarland Creek Road Bridge,4/27/2025,METTRP - Methow Smolt Trap at McFarland Creek Road Bridge,4/28/2025,A,Pacific Lamprey,"10MM TAG, MACROPHTHALMIA",133,1
3D9.1A4FD2A01B,CGS-2025-064-KAE.xml,CGS - Charles Snow Projects,METTRP - Methow Smolt Trap at McFarland Creek Road Bridge,4/27/2025,METTRP - Methow Smolt Trap at McFarland Creek Road Bridge,4/28/2025,A,Pacific Lamprey,"10MM TAG, MACROPHTHALMIA",133,1
3D9.1A4FD2A01C,CGS-2025-064-KAE.xml,CGS - Charles Snow Projects,METTRP - Methow Smolt Trap at McFarland Creek Road Bridge,4/29/2025,METTRP - Methow Smolt Trap at McFarland Creek Road Bridge,4/29/2025,A,Pacific Lamprey,"10MM TAG, MACROPHTHALMIA",117,1
3D9.1A4FD2A01D,CGS-2025-064-KAE.xml,CGS - Charles Snow Projects,METTRP - Methow Smolt Trap at McFarland Creek Road Bridge,4/29/2025,METTRP - Methow Smolt Trap at McFarland Creek Road Bridge,4/29/2025,A,Pacific Lamprey,"10MM TAG, MACROPHTHALMIA",124,1
3D9.1A4FD2A01E,CGS-2025-064-KAE.xml,CGS - Charles Snow Projects,METTRP - Methow Smolt Trap at McFarland Creek Road Bridge,5/1/2025,METTRP - Methow Smolt Trap at McFarland Creek Road Bridge,5/1/2025,A,Pacific Lamprey,"10MM TAG, MACROPHTHALMIA",126,1
3D9.1A4FD2A01F,CGS-2025-064-KAE.xml,CGS - Charles Snow Projects,METTRP - Methow Smolt Trap at McFarland Creek Road Bridge,4/27/2025,METTRP - Methow Smolt Trap at McFarland Creek Road Bridge,4/27/2025,A,Pacific Lamprey,"10MM TAG, MACROPHTHALMIA",132,1
3D9.1A4FD2A020,CGS-2025-064-KAE.xml,CGS - Charles Snow Projects,METTRP - Methow Smolt Trap at McFarland Creek Road Bridge,5/1/2025,METTRP - Methow Smolt Trap at McFarland Creek Road Bridge,5/1/2025,A,Pacific Lamprey,"10MM TAG, MACROPHTHALMIA",130,1
3D9.1A4FD2A021,CGS-2025-064-KAE.xml,CGS - Charles Snow Projects,METTRP - Methow Smolt Trap at McFarland Creek Road Bridge,4/29/2025,METTRP - Methow Smolt Trap at McFarland Creek Road Bridge,4/29/2025,A,Pacific Lamprey,"10MM TAG, MACROPHTHALMIA",122,1
3D9.1A4FD2A022,CGS-2025-064-KAE.xml,CGS - Charles Snow Projects,METTRP - Methow Smolt Trap at McFarland Creek Road Bridge,4/29/2025,METTRP - Methow Smolt Trap at McFarland Creek Road Bridge,4/30/2025,A,Pacific Lamprey,"10MM TAG, MACROPHTHALMIA",128,1
3D9.1A4FD2A023,CGS-2025-064-KAE.xml,CGS - Charles Snow Projects,METTRP - Methow Smolt Trap at McFarland Creek Road Bridge,4/29/2025,METTRP - Methow Smolt Trap at McFarland Creek Road Bridge,4/29/2025,A,Pacific Lamprey,"10MM TAG, AMMOCOETE",118,1
3D9.1A4FD2A024,CGS-2025-064-KAE.xml,CGS - Charles Snow Projects,METTRP - Methow Smolt Trap at McFarland Creek Road Bridge,4/27/2025,METTRP - Methow Smolt Trap at McFarland Creek Road Bridge,4/28/2025,A,Pacific Lamprey,"10MM TAG, MACROPHTHALMIA",127,1
3D9.1A4FD2A025,CGS-2025-064-KAE.xml,CGS - Charles Snow Projects,METTRP - Methow Smolt Trap at McFarland Creek Road Bridge,4/25/2025,METTRP - Methow Smolt Trap at McFarland Creek Road Bridge,4/25/2025,A,Pacific Lamprey,"10MM TAG, AMMOCOETE",107,1
3D9.1A4FD2A026,CGS-2025-064-KAE.xml,CGS - Charles Snow Projects,METTRP - Methow Smolt Trap at McFarland Creek Road Bridge,4/29/2025,METTRP - Methow Smolt Trap at McFarland Creek Road Bridge,4/30/2025,A,Pacific Lamprey,"10MM TAG, MACROPHTHALMIA",120,1
3D9.1A4FD2A027,CGS-2025-064-KAE.xml,CGS - Charles Snow Projects,METTRP - Methow Smolt Trap at McFarland Creek Road Bridge,5/2/2025,METTRP - Methow Smolt Trap at McFarland Creek Road Bridge,5/2/2025,A,Pacific Lamprey,"10MM TAG, MACROPHTHALMIA",130,1
3D9.1A4FD2A028,CGS-2025-064-KAE.xml,CGS - Charles Snow Projects,METTRP - Methow Smolt Trap at McFarland Creek Road Bridge,5/2/2025,METTRP - Methow Smolt Trap at McFarland Creek Road Bridge,5/2/2025,A,Pacific Lamprey,"10MM TAG, MACROPHTHALMIA",132,1
3D9.1A4FD2A029,CGS-2025-064-KAE.xml,CGS - Charles Snow Projects,METTRP - Methow Smolt Trap at McFarland Creek Road Bridge,5/2/2025,METTRP - Methow Smolt Trap at McFarland Creek Road Bridge,5/2/2025,A,Pacific Lamprey,"10MM TAG, MACROPHTHALMIA",124,1
3D9.1A4FD2A02A,CGS-2025-064-KAE.xml,CGS - Charles Snow Projects,METTRP - Methow Smolt Trap at McFarland Creek Road Bridge,5/5/2025,METTRP - Methow Smolt Trap at McFarland Creek Road Bridge,5/5/2025,A,Pacific Lamprey,"10MM TAG, AMMOCOETE",127,1
3D9.1A4FD2A02B,CGS-2025-064-KAE.xml,CGS - Charles Snow Projects,METTRP - Methow Smolt Trap at McFarland Creek Road Bridge,5/6/2025,METTRP - Methow Smolt Trap at McFarland Creek Road Bridge,5/6/2025,A,Pacific Lamprey,"10MM TAG, AMMOCOETE",125,1
3D9.1A4FD2A02C,CGS-2025-064-KAE.xml,CGS - Charles Snow Projects,METTRP - Methow Smolt Trap at McFarland Creek Road Bridge,5/14/2025,METTRP - Methow Smolt Trap at McFarland Creek Road Bridge,5/14/2025,A,Pacific Lamprey,"10MM TAG, AMMOCOETE",128,1
3D9.1A4FD2A02D,CGS-2025-064-KAE.xml,CGS - Charles Snow Projects,METTRP - Methow Smolt Trap at McFarland Creek Road Bridge,5/9/2025,METTRP - Methow Smolt Trap at McFarland Creek Road Bridge,5/9/2025,A,Pacific Lamprey,"10MM TAG, AMMOCOETE",116,1
3D9.1A4FD2A02E,CGS-2025-064-KAE.xml,CGS - Charles Snow Projects,METTRP - Methow Smolt Trap at McFarland Creek Road Bridge,5/3/2025,METTRP - Methow Smolt Trap at McFarland Creek Road Bridge,5/3/2025,A,Pacific Lamprey,"10MM TAG, MACROPHTHALMIA",135,1
3D9.1A4FD2A02F,CGS-2025-064-KAE.xml,CGS - Charles Snow Projects,METTRP - Methow Smolt Trap at McFarland Creek Road Bridge,5/2/2025,METTRP - Methow Smolt Trap at McFarland Creek Road Bridge,5/2/2025,A,Pacific Lamprey,"10MM TAG, MACROPHTHALMIA",125,1
3D9.1A4FD2A030,CGS-2025-064-KAE.xml,CGS - Charles Snow Projects,METTRP - Methow Smolt Trap at McFarland Creek Road Bridge,5/2/2025,METTRP - Methow Smolt Trap at McFarland Creek Road Bridge,5/2/2025,A,Pacific Lamprey,"10MM TAG, MACROPHTHALMIA",130,1
3D9.1A4FD2A031,CGS-2025-064-KAE.xml,CGS - Charles Snow Projects,METTRP - Methow Smolt Trap at McFarland Creek Road Bridge,5/9/2025,METTRP - Methow Smolt Trap at McFarland Creek Road Bridge,5/9/2025,A,Pacific Lamprey,"10MM TAG, AMMOCOETE",125,1
3D9.1A4FD2A032,CGS-2025-064-KAE.xml,CGS - Charles Snow Projects,METTRP - Methow Smolt Trap at McFarland Creek Road Bridge,5/3/2025,METTRP - Methow Smolt Trap at McFarland Creek Road Bridge,5/3/2025,A,Pacific Lamprey,"10MM TAG, MACROPHTHALMIA",140,1
3D9.1A4FD2A033,CGS-2025-064-KAE.xml,CGS - Charles Snow Projects,METTRP - Methow Smolt Trap at McFarland Creek Road Bridge,5/7/2025,METTRP - Methow Smolt Trap at McFarland Creek Road Bridge,5/8/2025,A,Pacific Lamprey,"10MM TAG, AMMOCOETE",125,1
3D9.1A4FD2A034,CGS-2025-064-KAE.xml,CGS - Charles Snow Projects,METTRP - Methow Smolt Trap at McFarland Creek Road Bridge,5/9/2025,METTRP - Methow Smolt Trap at McFarland Creek Road Bridge,5/9/2025,A,Pacific Lamprey,"10MM TAG, AMMOCOETE",115,1
3D9.1A4FD2A035,CGS-2025-064-KAE.xml,CGS - Charles Snow Projects,METTRP - Methow Smolt Trap at McFarland Creek Road Bridge,5/9/2025,METTRP - Methow Smolt Trap at McFarland Creek Road Bridge,5/9/2025,A,Pacific Lamprey,"10MM TAG, AMMOCOETE",128,1
3D9.1A4FD2A036,CGS-2025-064-KAE.xml,CGS - Charles Snow Projects,METTRP - Methow Smolt Trap at McFarland Creek Road Bridge,5/10/2025,METTRP - Methow Smolt Trap at McFarland Creek Road Bridge,5/10/2025,A,Pacific Lamprey,"10MM TAG, AMMOCOETE",115,1
3D9.1A4FD2A037,CGS-2025-064-KAE.xml,CGS - Charles Snow Projects,METTRP - Methow Smolt Trap at McFarland Creek Road Bridge,5/14/2025,METTRP - Methow Smolt Trap at McFarland Creek Road Bridge,5/14/2025,A,Pacific Lamprey,"10MM TAG, AMMOCOETE",130,1
3D9.1A4FD2A038,CGS-2025-064-KAE.xml,CGS - Charles Snow Projects,METTRP - Methow Smolt Trap at McFarland Creek Road Bridge,5/5/2025,METTRP - Methow Smolt Trap at McFarland Creek Road Bridge,5/5/2025,A,Pacific Lamprey,"10MM TAG, AMMOCOETE",128,1
3D9.1A4FD2A039,CGS-2025-064-KAE.xml,CGS - Charles Snow Projects,METTRP - Methow Smolt Trap at McFarland Creek Road Bridge,5/16/2025,METTRP - Methow Smolt Trap at McFarland Creek Road Bridge,5/16/2025,A,Pacific Lamprey,"10MM TAG, AMMOCOETE",130,1
3D9.1A4FD2A03A,CGS-2025-064-KAE.xml,CGS - Charles Snow Projects,METTRP - Methow Smolt Trap at McFarland Creek Road Bridge,5/4/2025,METTRP - Methow Smolt Trap at McFarland Creek Road Bridge,5/4/2025,A,Pacific Lamprey,"10MM TAG, MACROPHTHALMIA",136,1
3D9.1A4FD2A03B,CGS-2025-064-KAE.xml,CGS - Charles Snow Projects,METTRP - Methow Smolt Trap at McFarland Creek Road Bridge,5/5/2025,METTRP - Methow Smolt Trap at McFarland Creek Road Bridge,5/6/2025,A,Pacific Lamprey,"10MM TAG, AMMOCOETE",115,1
3D9.1A4FD2A03C,CGS-2025-064-KAE.xml,CGS - Charles Snow Projects,METTRP - Methow Smolt Trap at McFarland Creek Road Bridge,5/4/2025,METTRP - Methow Smolt Trap at McFarland Creek Road Bridge,5/4/2025,A,Pacific Lamprey,"10MM TAG, MACROPHTHALMIA",132,1
3D9.1A4FD2A03D,CGS-2025-064-KAE.xml,CGS - Charles Snow Projects,METTRP - Methow Smolt Trap at McFarland Creek Road Bridge,5/5/2025,METTRP - Methow Smolt Trap at McFarland Creek Road Bridge,5/5/2025,A,Pacific Lamprey,"10MM TAG, AMMOCOETE",140,1
3D9.1A4FD2A03E,CGS-2025-064-KAE.xml,CGS - Charles Snow Projects,METTRP - Methow Smolt Trap at McFarland Creek Road Bridge,5/9/2025,METTRP - Methow Smolt Trap at McFarland Creek Road Bridge,5/9/2025,A,Pacific Lamprey,"10MM TAG, AMMOCOETE",98,1
3D9.1A4FD2A03F,CGS-2025-064-KAE.xml,CGS - Charles Snow Projects,METTRP - Methow Smolt Trap at McFarland Creek Road Bridge,5/14/2025,METTRP - Methow Smolt Trap at McFarland Creek Road Bridge,5/14/2025,A,Pacific Lamprey,"10MM TAG, AMMOCOETE",125,1
3D9.1A4FD2A040,CGS-2025-064-KAE.xml,CGS - Charles Snow Projects,METTRP - Methow Smolt Trap at McFarland Creek Road Bridge,5/2/2025,METTRP - Methow Smolt Trap at McFarland Creek Road Bridge,5/2/2025,A,Pacific Lamprey,"10MM TAG, MACROPHTHALMIA",127,1
3D9.1A4FD2A041,CGS-2025-064-KAE.xml,CGS - Charles Snow Projects,METTRP - Methow Smolt Trap at McFarland Creek Road Bridge,5/17/2025,METTRP - Methow Smolt Trap at McFarland Creek Road Bridge,5/17/2025,A,Pacific Lamprey,"10MM TAG, AMMOCOETE",130,1
3D9.1A4FD2A042,CGS-2025-064-KAE.xml,CGS - Charles Snow Projects,METTRP - Methow Smolt Trap at McFarland Creek Road Bridge,5/5/2025,METTRP - Methow Smolt Trap at McFarland Creek Road Bridge,5/5/2025,A,Pacific Lamprey,"10MM TAG, AMMOCOETE",137,1
3D9.1A4FD2A043,CGS-2025-064-KAE.xml,CGS - Charles Snow Projects,METTRP - Methow Smolt Trap at McFarland Creek Road Bridge,5/2/2025,METTRP - Methow Smolt Trap at McFarland Creek Road Bridge,5/2/2025,A,Pacific Lamprey,"10MM TAG, MACROPHTHALMIA",126,1
3D9.1A4FD2A044,CGS-2025-064-KAE.xml,CGS - Charles Snow Projects,METTRP - Methow Smolt Trap at McFarland Creek Road Bridge,5/3/2025,METTRP - Methow Smolt Trap at McFarland Creek Road Bridge,5/3/2025,A,Pacific Lamprey,"10MM TAG, MACROPHTHALMIA",137,1
3D9.1A4FD2A045,CGS-2025-064-KAE.xml,CGS - Charles Snow Projects,METTRP - Methow Smolt Trap at McFarland Creek Road Bridge,5/14/2025,METTRP - Methow Smolt Trap at McFarland Creek Road Bridge,5/14/2025,A,Pacific Lamprey,"10MM TAG, AMMOCOETE",97,1
3D9.1A4FD2A046,CGS-2025-064-KAE.xml,CGS - Charles Snow Projects,METTRP - Methow Smolt Trap at McFarland Creek Road Bridge,5/13/2025,METTRP - Methow Smolt Trap at McFarland Creek Road Bridge,5/13/2025,A,Pacific Lamprey,"10MM TAG, AMMOCOETE",132,1
3D9.1A4FD2A047,CGS-2025-064-KAE.xml,CGS - Charles Snow Projects,METTRP - Methow Smolt Trap at McFarland Creek Road Bridge,5/10/2025,METTRP - Methow Smolt Trap at McFarland Creek Road Bridge,5/10/2025,A,Pacific Lamprey,"10MM TAG, AMMOCOETE",132,1
3D9.1A4FD2A048,CGS-2025-064-KAE.xml,CGS - Charles Snow Projects,METTRP - Methow Smolt Trap at McFarland Creek Road Bridge,5/4/2025,METTRP - Methow Smolt Trap at McFarland Creek Road Bridge,5/4/2025,A,Pacific Lamprey,"10MM TAG, MACROPHTHALMIA",134,1
3D9.1A4FD2A049,CGS-2025-064-KAE.xml,CGS - Charles Snow Projects,METTRP - Methow Smolt Trap at McFarland Creek Road Bridge,5/16/2025,METTRP - Methow Smolt Trap at McFarland Creek Road Bridge,5/16/2025,A,Pacific Lamprey,"10MM TAG, AMMOCOETE",112,1
3D9.1A4FD2A04A,CGS-2025-064-KAE.xml,CGS - Charles Snow Projects,METTRP - Methow Smolt Trap at McFarland Creek Road Bridge,5/5/2025,METTRP - Methow Smolt Trap at McFarland Creek Road Bridge,5/6/2025,A,Pacific Lamprey,"10MM TAG, AMMOCOETE",131,1
3D9.1A4FD2A04B,CGS-2025-064-KAE.xml,CGS - Charles Snow Projects,METTRP - Methow Smolt Trap at McFarland Creek Road Bridge,5/15/2025,METTRP - Methow Smolt Trap at McFarland Creek Road Bridge,5/15/2025,A,Pacific Lamprey,"10MM TAG, AMMOCOETE",128,1
3D9.1A4FD2A04C,CGS-2025-064-KAE.xml,CGS - Charles Snow Projects,METTRP - Methow Smolt Trap at McFarland Creek Road Bridge,5/16/2025,METTRP - Methow Smolt Trap at McFarland Creek Road Bridge,5/16/2025,A,Pacific Lamprey,"10MM TAG, AMMOCOETE",131,1
3D9.1A4FD2A04D,CGS-2025-064-KAE.xml,CGS - Charles Snow Projects,METTRP - Methow Smolt Trap at McFarland Creek Road Bridge,5/14/2025,METTRP - Methow Smolt Trap at McFarland Creek Road Bridge,5/14/2025,A,Pacific Lamprey,"10MM TAG, AMMOCOETE",126,1
3D9.1A4FD2A04E,CGS-2025-064-KAE.xml,CGS - Charles Snow Projects,METTRP - Methow Smolt Trap at McFarland Creek Road Bridge,5/3/2025,METTRP - Methow Smolt Trap at McFarland Creek Road Bridge,5/3/2025,A,Pacific Lamprey,"10MM TAG, MACROPHTHALMIA",138,1
3D9.1A4FD2A04F,CGS-2025-064-KAE.xml,CGS - Charles Snow Projects,METTRP - Methow Smolt Trap at McFarland Creek Road Bridge,5/6/2025,METTRP - Methow Smolt Trap at McFarland Creek Road Bridge,5/6/2025,A,Pacific Lamprey,"10MM TAG, AMMOCOETE",100,1
3D9.1A4FD2A050,CGS-2025-064-KAE.xml,CGS - Charles Snow Projects,METTRP - Methow Smolt Trap at McFarland Creek Road Bridge,5/16/2025,METTRP - Methow Smolt Trap at McFarland Creek Road Bridge,5/16/2025,A,Pacific Lamprey,"10MM TAG, AMMOCOETE",121,1
3D9.1A4FD2A051,CGS-2025-064-KAE.xml,CGS - Charles Snow Projects,METTRP - Methow Smolt Trap at McFarland Creek Road Bridge,5/6/2025,METTRP - Methow Smolt Trap at McFarland Creek Road Bridge,5/6/2025,A,Pacific Lamprey,"10MM TAG, AMMOCOETE",127,1
3D9.1A4FD2A052,CGS-2025-064-KAE.xml,CGS - Charles Snow Projects,METTRP - Methow Smolt Trap at McFarland Creek Road Bridge,5/7/2025,METTRP - Methow Smolt Trap at McFarland Creek Road Bridge,5/8/2025,A,Pacific Lamprey,"10MM TAG, AMMOCOETE",121,1
3D9.1A4FD2A053,CGS-2025-064-KAE.xml,CGS - Charles Snow Projects,METTRP - Methow Smolt Trap at McFarland Creek Road Bridge,5/6/2025,METTRP - Methow Smolt Trap at McFarland Creek Road Bridge,5/6/2025,A,Pacific Lamprey,"10MM TAG, AMMOCOETE",125,1
3D9.1A4FD2A054,CGS-2025-064-KAE.xml,CGS - Charles Snow Projects,METTRP - Methow Smolt Trap at McFarland Creek Road Bridge,5/2/2025,METTRP - Methow Smolt Trap at McFarland Creek Road Bridge,5/2/2025,A,Pacific Lamprey,"10MM TAG, MACROPHTHALMIA",116,1
3D9.1A4FD2A055,CGS-2025-064-KAE.xml,CGS - Charles Snow Projects,METTRP - Methow Smolt Trap at McFarland Creek Road Bridge,5/10/2025,METTRP - Methow Smolt Trap at McFarland Creek Road Bridge,5/10/2025,A,Pacific Lamprey,"10MM TAG, AMMOCOETE",133,1
3D9.1A4FD2A056,CGS-2025-064-KAE.xml,CGS - Charles Snow Projects,METTRP - Methow Smolt Trap at McFarland Creek Road Bridge,5/5/2025,METTRP - Methow Smolt Trap at McFarland Creek Road Bridge,5/5/2025,A,Pacific Lamprey,"10MM TAG, AMMOCOETE",143,1
3D9.1A4FD2A057,CGS-2025-064-KAE.xml,CGS - Charles Snow Projects,METTRP - Methow Smolt Trap at McFarland Creek Road Bridge,5/11/2025,METTRP - Methow Smolt Trap at McFarland Creek Road Bridge,5/11/2025,A,Pacific Lamprey,"10MM TAG, AMMOCOETE",140,1
3D9.1A4FD2A058,CGS-2025-064-KAE.xml,CGS - Charles Snow Projects,METTRP - Methow Smolt Trap at McFarland Creek Road Bridge,5/11/2025,METTRP - Methow Smolt Trap at McFarland Creek Road Bridge,5/11/2025,A,Pacific Lamprey,"10MM TAG, AMMOCOETE",142,1
3D9.1A4FD2A059,CGS-2025-064-KAE.xml,CGS - Charles Snow Projects,METTRP - Methow Smolt Trap at McFarland Creek Road Bridge,5/2/2025,METTRP - Methow Smolt Trap at McFarland Creek Road Bridge,5/2/2025,A,Pacific Lamprey,"10MM TAG, MACROPHTHALMIA",129,1
3D9.1A4FD2A05A,CGS-2025-064-KAE.xml,CGS - Charles Snow Projects,METTRP - Methow Smolt Trap at McFarland Creek Road Bridge,5/4/2025,METTRP - Methow Smolt Trap at McFarland Creek Road Bridge,5/4/2025,A,Pacific Lamprey,"10MM TAG, MACROPHTHALMIA",135,1
3D9.1A4FD2A05B,CGS-2025-064-KAE.xml,CGS - Charles Snow Projects,METTRP - Methow Smolt Trap at McFarland Creek Road Bridge,5/5/2025,METTRP - Methow Smolt Trap at McFarland Creek Road Bridge,5/5/2025,A,Pacific Lamprey,"10MM TAG, MACROPHTHALMIA",140,1
3D9.1A4FD2A05C,CGS-2025-064-KAE.xml,CGS - Charles Snow Projects,METTRP - Methow Smolt Trap at McFarland Creek Road Bridge,5/4/2025,METTRP - Methow Smolt Trap at McFarland Creek Road Bridge,5/4/2025,A,Pacific Lamprey,"10MM TAG, MACROPHTHALMIA",130,1
3D9.1A4FD2A05D,CGS-2025-064-KAE.xml,CGS - Charles Snow Projects,METTRP - Methow Smolt Trap at McFarland Creek Road Bridge,5/13/2025,METTRP - Methow Smolt Trap at McFarland Creek Road Bridge,5/13/2025,A,Pacific Lamprey,"10MM TAG, AMMOCOETE",140,1
3D9.1A4FD2A05E,CGS-2025-064-KAE.xml,CGS - Charles Snow Projects,METTRP - Methow Smolt Trap at McFarland Creek Road Bridge,5/2/2025,METTRP - Methow Smolt Trap at McFarland Creek Road Bridge,5/2/2025,A,Pacific Lamprey,"10MM TAG, MACROPHTHALMIA",126,1
3D9.1A4FD2A05F,CGS-2025-064-KAE.xml,CGS - Charles Snow Projects,METTRP - Methow Smolt Trap at McFarland Creek Road Bridge,5/6/2025,METTRP - Methow Smolt Trap at McFarland Creek Road Bridge,5/6/2025,A,Pacific Lamprey,"10MM TAG, AMMOCOETE",110,1
3D9.1A4FD2A060,CGS-2025-064-KAE.xml,CGS - Charles Snow Projects,METTRP - Methow Smolt Trap at McFarland Creek Road Bridge,5/5/2025,METTRP - Methow Smolt Trap at McFarland Creek Road Bridge,5/5/2025,A,Pacific Lamprey,"10MM TAG, AMMOCOETE",130,1
3D9.1A4FD2A061,CGS-2025-064-KAE.xml,CGS - Charles Snow Projects,METTRP - Methow Smolt Trap at McFarland Creek Road Bridge,5/10/2025,METTRP - Methow Smolt Trap at McFarland Creek Road Bridge,5/10/2025,A,Pacific Lamprey,"10MM TAG, AMMOCOETE",114,1
3D9.1A4FD2A062,CGS-2025-064-KAE.xml,CGS - Charles Snow Projects,METTRP - Methow Smolt Trap at McFarland Creek Road Bridge,5/13/2025,METTRP - Methow Smolt Trap at McFarland Creek Road Bridge,5/13/2025,A,Pacific Lamprey,"10MM TAG, AMMOCOETE",129,1
3D9.1A4FD2A063,CGS-2025-064-KAE.xml,CGS - Charles Snow Projects,METTRP - Methow Smolt Trap at McFarland Creek Road Bridge,5/13/2025,METTRP - Methow Smolt Trap at McFarland Creek Road Bridge,5/13/2025,A,Pacific Lamprey,"10MM TAG, AMMOCOETE",128,1
3D9.1A4FD2A064,CGS-2025-064-KAE.xml,CGS - Charles Snow Projects,METTRP - Methow Smolt Trap at McFarland Creek Road Bridge,5/15/2025,METTRP - Methow Smolt Trap at McFarland Creek Road Bridge,5/15/2025,A,Pacific Lamprey,"10MM TAG, AMMOCOETE",127,1
3D9.1A4FD2A065,CGS-2025-064-KAE.xml,CGS - Charles Snow Projects,METTRP - Methow Smolt Trap at McFarland Creek Road Bridge,5/6/2025,METTRP - Methow Smolt Trap at McFarland Creek Road Bridge,5/6/2025,A,Pacific Lamprey,"10MM TAG, AMMOCOETE",125,1
3D9.1A4FD2A066,CGS-2025-064-KAE.xml,CGS - Charles Snow Projects,METTRP - Methow Smolt Trap at McFarland Creek Road Bridge,5/15/2025,METTRP - Methow Smolt Trap at McFarland Creek Road Bridge,5/15/2025,A,Pacific Lamprey,"10MM TAG, AMMOCOETE",125,1
3D9.1A4FD2A067,CGS-2025-064-KAE.xml,CGS - Charles Snow Projects,METTRP - Methow Smolt Trap at McFarland Creek Road Bridge,5/4/2025,METTRP - Methow Smolt Trap at McFarland Creek Road Bridge,5/4/2025,A,Pacific Lamprey,"10MM TAG, MACROPHTHALMIA",134,1
3D9.1A4FD2A068,CGS-2025-064-KAE.xml,CGS - Charles Snow Projects,METTRP - Methow Smolt Trap at McFarland Creek Road Bridge,5/10/2025,METTRP - Methow Smolt Trap at McFarland Creek Road Bridge,5/10/2025,A,Pacific Lamprey,"10MM TAG, AMMOCOETE",128,1
3D9.1A4FD2A069,CGS-2025-064-KAE.xml,CGS - Charles Snow Projects,METTRP - Methow Smolt Trap at McFarland Creek Road Bridge,5/14/2025,METTRP - Methow Smolt Trap at McFarland Creek Road Bridge,5/14/2025,A,Pacific Lamprey,"10MM TAG, AMMOCOETE",130,1
3D9.1A4FD2A06A,CGS-2025-064-KAE.xml,CGS - Charles Snow Projects,METTRP - Methow Smolt Trap at McFarland Creek Road Bridge,5/13/2025,METTRP - Methow Smolt Trap at McFarland Creek Road Bridge,5/13/2025,A,Pacific Lamprey,"10MM TAG, AMMOCOETE",127,1
3D9.1A4FD2A06B,CGS-2025-064-KAE.xml,CGS - Charles Snow Projects,METTRP - Methow Smolt Trap at McFarland Creek Road Bridge,5/13/2025,METTRP - Methow Smolt Trap at McFarland Creek Road Bridge,5/13/2025,A,Pacific Lamprey,"10MM TAG, AMMOCOETE",131,1
3D9.1A4FD2A06C,CGS-2025-064-KAE.xml,CGS - Charles Snow Projects,METTRP - Methow Smolt Trap at McFarland Creek Road Bridge,5/5/2025,METTRP - Methow Smolt Trap at McFarland Creek Road Bridge,5/6/2025,A,Pacific Lamprey,"10MM TAG, AMMOCOETE",128,1
3D9.1A4FD2A06D,CGS-2025-064-KAE.xml,CGS - Charles Snow Projects,METTRP - Methow Smolt Trap at McFarland Creek Road Bridge,5/5/2025,METTRP - Methow Smolt Trap at McFarland Creek Road Bridge,5/6/2025,A,Pacific Lamprey,"10MM TAG, AMMOCOETE",118,1
3D9.1A4FD2A06E,CGS-2025-064-KAE.xml,CGS - Charles Snow Projects,METTRP - Methow Smolt Trap at McFarland Creek Road Bridge,5/15/2025,METTRP - Methow Smolt Trap at McFarland Creek Road Bridge,5/15/2025,A,Pacific Lamprey,"10MM TAG, AMMOCOETE",128,1
3D9.1A4FD2A06F,CGS-2025-064-KAE.xml,CGS - Charles Snow Projects,METTRP - Methow Smolt Trap at McFarland Creek Road Bridge,5/3/2025,METTRP - Methow Smolt Trap at McFarland Creek Road Bridge,5/3/2025,A,Pacific Lamprey,"10MM TAG, MACROPHTHALMIA",132,1
3D9.1A4FD2A070,CGS-2025-064-KAE.xml,CGS - Charles Snow Projects,METTRP - Methow Smolt Trap at McFarland Creek Road Bridge,5/9/2025,METTRP - Methow Smolt Trap at McFarland Creek Road Bridge,5/9/2025,A,Pacific Lamprey,"10MM TAG, AMMOCOETE",96,1
3D9.1A4FD2A071,CGS-2025-064-KAE.xml,CGS - Charles Snow Projects,METTRP - Methow Smolt Trap at McFarland Creek Road Bridge,5/3/2025,METTRP - Methow Smolt Trap at McFarland Creek Road Bridge,5/3/2025,A,Pacific Lamprey,"10MM TAG, MACROPHTHALMIA",132,1
3D9.1A4FD2A072,CGS-2025-064-KAE.xml,CGS - Charles Snow Projects,METTRP - Methow Smolt Trap at McFarland Creek Road Bridge,5/5/2025,METTRP - Methow Smolt Trap at McFarland Creek Road Bridge,5/5/2025,A,Pacific Lamprey,"10MM TAG, AMMOCOETE",141,1
3D9.1A4FD2A073,CGS-2025-064-KAE.xml,CGS - Charles Snow Projects,METTRP - Methow Smolt Trap at McFarland Creek Road Bridge,5/3/2025,METTRP - Methow Smolt Trap at McFarland Creek Road Bridge,5/3/2025,A,Pacific Lamprey,"10MM TAG, MACROPHTHALMIA",136,1
3D9.1A4FD2A074,CGS-2025-064-KAE.xml,CGS - Charles Snow Projects,METTRP - Methow Smolt Trap at McFarland Creek Road Bridge,5/7/2025,METTRP - Methow Smolt Trap at McFarland Creek Road Bridge,5/8/2025,A,Pacific Lamprey,"10MM TAG, AMMOCOETE",125,1
3D9.1A4FD2A075,CGS-2025-064-KAE.xml,CGS - Charles Snow Projects,METTRP - Methow Smolt Trap at McFarland Creek Road Bridge,5/9/2025,METTRP - Methow Smolt Trap at McFarland Creek Road Bridge,5/9/2025,A,Pacific Lamprey,"10MM TAG, AMMOCOETE",107,1
3D9.1A4FD2A076,CGS-2025-064-KAE.xml,CGS - Charles Snow Projects,METTRP - Methow Smolt Trap at McFarland Creek Road Bridge,5/2/2025,METTRP - Methow Smolt Trap at McFarland Creek Road Bridge,5/2/2025,A,Pacific Lamprey,"10MM TAG, MACROPHTHALMIA",121,1
3D9.1A4FD2A077,CGS-2025-064-KAE.xml,CGS - Charles Snow Projects,METTRP - Methow Smolt Trap at McFarland Creek Road Bridge,5/14/2025,METTRP - Methow Smolt Trap at McFarland Creek Road Bridge,5/14/2025,A,Pacific Lamprey,"10MM TAG, AMMOCOETE",125,1
3D9.1A4FD2A078,CGS-2025-064-KAE.xml,CGS - Charles Snow Projects,METTRP - Methow Smolt Trap at McFarland Creek Road Bridge,5/3/2025,METTRP - Methow Smolt Trap at McFarland Creek Road Bridge,5/3/2025,A,Pacific Lamprey,"10MM TAG, MACROPHTHALMIA",142,1
3D9.1A4FD2A079,CGS-2025-064-KAE.xml,CGS - Charles Snow Projects,METTRP - Methow Smolt Trap at McFarland Creek Road Bridge,5/13/2025,METTRP - Methow Smolt Trap at McFarland Creek Road Bridge,5/13/2025,A,Pacific Lamprey,"10MM TAG, AMMOCOETE",125,1
3D9.1A4FD2A07A,CGS-2025-064-KAE.xml,CGS - Charles Snow Projects,METTRP - Methow Smolt Trap at McFarland Creek Road Bridge,5/13/2025,METTRP - Methow Smolt Trap at McFarland Creek Road Bridge,5/13/2025,A,Pacific Lamprey,"10MM TAG, AMMOCOETE",134,1
3D9.1A4FD2A07B,CGS-2025-064-KAE.xml,CGS - Charles Snow Projects,METTRP - Methow Smolt Trap at McFarland Creek Road Bridge,5/15/2025,METTRP - Methow Smolt Trap at McFarland Creek Road Bridge,5/15/2025,A,Pacific Lamprey,"10MM TAG, AMMOCOETE",131,1
3D9.1A4FD2A07C,CGS-2025-064-KAE.xml,CGS - Charles Snow Projects,METTRP - Methow Smolt Trap at McFarland Creek Road Bridge,5/4/2025,METTRP - Methow Smolt Trap at McFarland Creek Road Bridge,5/4/2025,A,Pacific Lamprey,"10MM TAG, MACROPHTHALMIA",135,1
3D9.1A4FD2A07D,CGS-2025-064-KAE.xml,CGS - Charles Snow Projects,METTRP - Methow Smolt Trap at McFarland Creek Road Bridge,5/5/2025,METTRP - Methow Smolt Trap at McFarland Creek Road Bridge,5/6/2025,A,Pacific Lamprey,"10MM TAG, AMMOCOETE",129,1
3D9.1A4FD2A07E,CGS-2025-064-KAE.xml,CGS - Charles Snow Projects,METTRP - Methow Smolt Trap at McFarland Creek Road Bridge,5/5/2025,METTRP - Methow Smolt Trap at McFarland Creek Road Bridge,5/5/2025,A,Pacific Lamprey,"10MM TAG, AMMOCOETE",132,1
3D9.1A4FD2A07F,CGS-2025-064-KAE.xml,CGS - Charles Snow Projects,METTRP - Methow Smolt Trap at McFarland Creek Road Bridge,5/10/2025,METTRP - Methow Smolt Trap at McFarland Creek Road Bridge,5/10/2025,A,Pacific Lamprey,"10MM TAG, AMMOCOETE",126,1
3D9.1A4FD2A080,CGS-2025-064-KAE.xml,CGS - Charles Snow Projects,METTRP - Methow Smolt Trap at McFarland Creek Road Bridge,5/13/2025,METTRP - Methow Smolt Trap at McFarland Creek Road Bridge,5/13/2025,A,Pacific Lamprey,"10MM TAG, AMMOCOETE",135,1
3D9.1A4FD2A081,CGS-2025-064-KAE.xml,CGS - Charles Snow Projects,METTRP - Methow Smolt Trap at McFarland Creek Road Bridge,5/4/2025,METTRP - Methow Smolt Trap at McFarland Creek Road Bridge,5/4/2025,A,Pacific Lamprey,"10MM TAG, MACROPHTHALMIA",147,1
3D9.1A4FD2A082,CGS-2025-064-KAE.xml,CGS - Charles Snow Projects,METTRP - Methow Smolt Trap at McFarland Creek Road Bridge,5/2/2025,METTRP - Methow Smolt Trap at McFarland Creek Road Bridge,5/2/2025,A,Pacific Lamprey,"10MM TAG, MACROPHTHALMIA",135,1
3D9.1A4FD2A083,CGS-2025-064-KAE.xml,CGS - Charles Snow Projects,METTRP - Methow Smolt Trap at McFarland Creek Road Bridge,5/3/2025,METTRP - Methow Smolt Trap at McFarland Creek Road Bridge,5/3/2025,A,Pacific Lamprey,"10MM TAG, MACROPHTHALMIA",125,1
3D9.1A4FD2A084,CGS-2025-064-KAE.xml,CGS - Charles Snow Projects,METTRP - Methow Smolt Trap at McFarland Creek Road Bridge,5/4/2025,METTRP - Methow Smolt Trap at McFarland Creek Road Bridge,5/4/2025,A,Pacific Lamprey,"10MM TAG, MACROPHTHALMIA",165,1
3D9.1A4FD2A085,CGS-2025-064-KAE.xml,CGS - Charles Snow Projects,METTRP - Methow Smolt Trap at McFarland Creek Road Bridge,5/15/2025,METTRP - Methow Smolt Trap at McFarland Creek Road Bridge,5/15/2025,A,Pacific Lamprey,"10MM TAG, AMMOCOETE",129,1
3D9.1A4FD2A086,CGS-2025-064-KAE.xml,CGS - Charles Snow Projects,METTRP - Methow Smolt Trap at McFarland Creek Road Bridge,5/4/2025,METTRP - Methow Smolt Trap at McFarland Creek Road Bridge,5/4/2025,A,Pacific Lamprey,"10MM TAG, MACROPHTHALMIA",130,1
3D9.1A4FD2A087,CGS-2025-064-KAE.xml,CGS - Charles Snow Projects,METTRP - Methow Smolt Trap at McFarland Creek Road Bridge,5/9/2025,METTRP - Methow Smolt Trap at McFarland Creek Road Bridge,5/9/2025,A,Pacific Lamprey,"10MM TAG, AMMOCOETE",121,1
3D9.1A4FD2A088,CGS-2025-064-KAE.xml,CGS - Charles Snow Projects,METTRP - Methow Smolt Trap at McFarland Creek Road Bridge,5/3/2025,METTRP - Methow Smolt Trap at McFarland Creek Road Bridge,5/3/2025,A,Pacific Lamprey,"10MM TAG, MACROPHTHALMIA",137,1
3D9.1A4FD2A089,CGS-2025-064-KAE.xml,CGS - Charles Snow Projects,METTRP - Methow Smolt Trap at McFarland Creek Road Bridge,5/9/2025,METTRP - Methow Smolt Trap at McFarland Creek Road Bridge,5/9/2025,A,Pacific Lamprey,"10MM TAG, AMMOCOETE",127,1
3D9.1A4FD2A08A,CGS-2025-064-KAE.xml,CGS - Charles Snow Projects,METTRP - Methow Smolt Trap at McFarland Creek Road Bridge,5/6/2025,METTRP - Methow Smolt Trap at McFarland Creek Road Bridge,5/6/2025,A,Pacific Lamprey,"10MM TAG, AMMOCOETE",106,1
3D9.1A4FD2A08B,CGS-2025-064-KAE.xml,CGS - Charles Snow Projects,METTRP - Methow Smolt Trap at McFarland Creek Road Bridge,5/17/2025,METTRP - Methow Smolt Trap at McFarland Creek Road Bridge,5/17/2025,A,Pacific Lamprey,"10MM TAG, AMMOCOETE",126,1
3D9.1A4FD2A08C,CGS-2025-064-KAE.xml,CGS - Charles Snow Projects,METTRP - Methow Smolt Trap at McFarland Creek Road Bridge,5/22/2025,METTRP - Methow Smolt Trap at McFarland Creek Road Bridge,5/22/2025,A,Pacific Lamprey,"10MM TAG, AMMOCOETE",129,1
3D9.1A4FD2A08D,CGS-2025-064-KAE.xml,CGS - Charles Snow Projects,METTRP - Methow Smolt Trap at McFarland Creek Road Bridge,5/19/2025,METTRP - Methow Smolt Trap at McFarland Creek Road Bridge,5/19/2025,A,Pacific Lamprey,"10MM TAG, AMMOCOETE",132,1
3D9.1A4FD2A08E,CGS-2025-064-KAE.xml,CGS - Charles Snow Projects,METTRP - Methow Smolt Trap at McFarland Creek Road Bridge,5/23/2025,METTRP - Methow Smolt Trap at McFarland Creek Road Bridge,5/23/2025,A,Pacific Lamprey,"10MM TAG, AMMOCOETE",127,1
3D9.1A4FD2A08F,CGS-2025-064-KAE.xml,CGS - Charles Snow Projects,METTRP - Methow Smolt Trap at McFarland Creek Road Bridge,5/18/2025,METTRP - Methow Smolt Trap at McFarland Creek Road Bridge,5/18/2025,A,Pacific Lamprey,"10MM TAG, AMMOCOETE",123,1
3D9.1A4FD2A090,CGS-2025-064-KAE.xml,CGS - Charles Snow Projects,METTRP - Methow Smolt Trap at McFarland Creek Road Bridge,5/30/2025,METTRP - Methow Smolt Trap at McFarland Creek Road Bridge,5/30/2025,A,Pacific Lamprey,"10MM TAG, AMMOCOETE",131,1
3D9.1A4FD2A091,CGS-2025-064-KAE.xml,CGS - Charles Snow Projects,METTRP - Methow Smolt Trap at McFarland Creek Road Bridge,5/28/2025,METTRP - Methow Smolt Trap at McFarland Creek Road Bridge,5/28/2025,A,Pacific Lamprey,"10MM TAG, AMMOCOETE",134,1
3D9.1A4FD2A092,CGS-2025-064-KAE.xml,CGS - Charles Snow Projects,METTRP - Methow Smolt Trap at McFarland Creek Road Bridge,6/3/2025,METTRP - Methow Smolt Trap at McFarland Creek Road Bridge,6/3/2025,A,Pacific Lamprey,"10MM TAG, AMMOCOETE",128,1
3D9.1A4FD2A093,CGS-2025-064-KAE.xml,CGS - Charles Snow Projects,METTRP - Methow Smolt Trap at McFarland Creek Road Bridge,5/24/2025,METTRP - Methow Smolt Trap at McFarland Creek Road Bridge,5/24/2025,A,Pacific Lamprey,"10MM TAG, AMMOCOETE",128,1
3D9.1A4FD2A094,CGS-2025-064-KAE.xml,CGS - Charles Snow Projects,METTRP - Methow Smolt Trap at McFarland Creek Road Bridge,6/1/2025,METTRP - Methow Smolt Trap at McFarland Creek Road Bridge,6/1/2025,A,Pacific Lamprey,"10MM TAG, AMMOCOETE",131,1
3D9.1A4FD2A095,CGS-2025-064-KAE.xml,CGS - Charles Snow Projects,METTRP - Methow Smolt Trap at McFarland Creek Road Bridge,5/26/2025,METTRP - Methow Smolt Trap at McFarland Creek Road Bridge,5/26/2025,A,Pacific Lamprey,"10MM TAG, AMMOCOETE",134,1
3D9.1A4FD2A096,CGS-2025-064-KAE.xml,CGS - Charles Snow Projects,METTRP - Methow Smolt Trap at McFarland Creek Road Bridge,5/27/2025,METTRP - Methow Smolt Trap at McFarland Creek Road Bridge,5/27/2025,A,Pacific Lamprey,"10MM TAG, AMMOCOETE",119,1
3D9.1A4FD2A097,CGS-2025-064-KAE.xml,CGS - Charles Snow Projects,METTRP - Methow Smolt Trap at McFarland Creek Road Bridge,6/2/2025,METTRP - Methow Smolt Trap at McFarland Creek Road Bridge,6/2/2025,A,Pacific Lamprey,"10MM TAG, AMMOCOETE",125,1
3D9.1A4FD2A098,CGS-2025-064-KAE.xml,CGS - Charles Snow Projects,METTRP - Methow Smolt Trap at McFarland Creek Road Bridge,5/19/2025,METTRP - Methow Smolt Trap at McFarland Creek Road Bridge,5/19/2025,A,Pacific Lamprey,"10MM TAG, AMMOCOETE",126,1
3D9.1A4FD2A099,CGS-2025-064-KAE.xml,CGS - Charles Snow Projects,METTRP - Methow Smolt Trap at McFarland Creek Road Bridge,5/17/2025,METTRP - Methow Smolt Trap at McFarland Creek Road Bridge,5/17/2025,A,Pacific Lamprey,"10MM TAG, AMMOCOETE",125,1
3D9.1A4FD2A09A,CGS-2025-064-KAE.xml,CGS - Charles Snow Projects,METTRP - Methow Smolt Trap at McFarland Creek Road Bridge,5/29/2025,METTRP - Methow Smolt Trap at McFarland Creek Road Bridge,5/29/2025,A,Pacific Lamprey,"10MM TAG, AMMOCOETE",128,1
3D9.1A4FD2A09B,CGS-2025-064-KAE.xml,CGS - Charles Snow Projects,METTRP - Methow Smolt Trap at McFarland Creek Road Bridge,5/31/2025,METTRP - Methow Smolt Trap at McFarland Creek Road Bridge,5/31/2025,A,Pacific Lamprey,"10MM TAG, MACROPHTHALMIA",140,1
3D9.1A4FD2A09C,CGS-2025-064-KAE.xml,CGS - Charles Snow Projects,METTRP - Methow Smolt Trap at McFarland Creek Road Bridge,5/29/2025,METTRP - Methow Smolt Trap at McFarland Creek Road Bridge,5/29/2025,A,Pacific Lamprey,"10MM TAG, AMMOCOETE",120,1
3D9.1A4FD2A09D,CGS-2025-064-KAE.xml,CGS - Charles Snow Projects,METTRP - Methow Smolt Trap at McFarland Creek Road Bridge,5/18/2025,METTRP - Methow Smolt Trap at McFarland Creek Road Bridge,5/18/2025,A,Pacific Lamprey,"10MM TAG, AMMOCOETE",119,1
3D9.1A4FD2A09E,CGS-2025-064-KAE.xml,CGS - Charles Snow Projects,METTRP - Methow Smolt Trap at McFarland Creek Road Bridge,5/28/2025,METTRP - Methow Smolt Trap at McFarland Creek Road Bridge,5/28/2025,A,Pacific Lamprey,"10MM TAG, AMMOCOETE",135,1
3D9.1A4FD2A09F,CGS-2025-064-KAE.xml,CGS - Charles Snow Projects,METTRP - Methow Smolt Trap at McFarland Creek Road Bridge,5/29/2025,METTRP - Methow Smolt Trap at McFarland Creek Road Bridge,5/29/2025,A,Pacific Lamprey,"10MM TAG, AMMOCOETE",128,1
3D9.1A4FD2A0A0,CGS-2025-064-KAE.xml,CGS - Charles Snow Projects,METTRP - Methow Smolt Trap at McFarland Creek Road Bridge,5/21/2025,METTRP - Methow Smolt Trap at McFarland Creek Road Bridge,5/21/2025,A,Pacific Lamprey,"10MM TAG, AMMOCOETE",136,1
3D9.1A4FD2A0A1,CGS-2025-064-KAE.xml,CGS - Charles Snow Projects,METTRP - Methow Smolt Trap at McFarland Creek Road Bridge,5/27/2025,METTRP - Methow Smolt Trap at McFarland Creek Road Bridge,5/27/2025,A,Pacific Lamprey,"10MM TAG, AMMOCOETE",130,1
3D9.1A4FD2A0A2,CGS-2025-064-KAE.xml,CGS - Charles Snow Projects,METTRP - Methow Smolt Trap at McFarland Creek Road Bridge,5/21/2025,METTRP - Methow Smolt Trap at McFarland Creek Road Bridge,5/21/2025,A,Pacific Lamprey,"10MM TAG, AMMOCOETE",136,1
3D9.1A4FD2A0A3,CGS-2025-064-KAE.xml,CGS - Charles Snow Projects,METTRP - Methow Smolt Trap at McFarland Creek Road Bridge,5/26/2025,METTRP - Methow Smolt Trap at McFarland Creek Road Bridge,5/26/2025,A,Pacific Lamprey,"10MM TAG, AMMOCOETE",135,1
3D9.1A4FD2A0A4,CGS-2025-064-KAE.xml,CGS - Charles Snow Projects,METTRP - Methow Smolt Trap at McFarland Creek Road Bridge,5/31/2025,METTRP - Methow Smolt Trap at McFarland Creek Road Bridge,5/31/2025,A,Pacific Lamprey,"10MM TAG, AMMOCOETE",135,1
3D9.1A4FD2A0A5,CGS-2025-064-KAE.xml,CGS - Charles Snow Projects,METTRP - Methow Smolt Trap at McFarland Creek Road Bridge,5/31/2025,METTRP - Methow Smolt Trap at McFarland Creek Road Bridge,5/31/2025,A,Pacific Lamprey,"10MM TAG, AMMOCOETE",123,1
3D9.1A4FD2A0A6,CGS-2025-064-KAE.xml,CGS - Charles Snow Projects,METTRP - Methow Smolt Trap at McFarland Creek Road Bridge,5/31/2025,METTRP - Methow Smolt Trap at McFarland Creek Road Bridge,5/31/2025,A,Pacific Lamprey,"10MM TAG, AMMOCOETE",117,1
3D9.1A4FD2A0A7,CGS-2025-064-KAE.xml,CGS - Charles Snow Projects,METTRP - Methow Smolt Trap at McFarland Creek Road Bridge,5/21/2025,METTRP - Methow Smolt Trap at McFarland Creek Road Bridge,5/21/2025,A,Pacific Lamprey,"10MM TAG, AMMOCOETE",132,1
3D9.1A4FD2A0A8,CGS-2025-064-KAE.xml,CGS - Charles Snow Projects,METTRP - Methow Smolt Trap at McFarland Creek Road Bridge,5/18/2025,METTRP - Methow Smolt Trap at McFarland Creek Road Bridge,5/18/2025,A,Pacific Lamprey,"10MM TAG, AMMOCOETE",117,1
3D9.1A4FD2A0A9,CGS-2025-064-KAE.xml,CGS - Charles Snow Projects,METTRP - Methow Smolt Trap at McFarland Creek Road Bridge,5/18/2025,METTRP - Methow Smolt Trap at McFarland Creek Road Bridge,5/18/2025,A,Pacific Lamprey,"10MM TAG, AMMOCOETE",125,1
3D9.1A4FD2A0AA,CGS-2025-064-KAE.xml,CGS - Charles Snow Projects,METTRP - Methow Smolt Trap at McFarland Creek Road Bridge,5/24/2025,METTRP - Methow Smolt Trap at McFarland Creek Road Bridge,5/24/2025,A,Pacific Lamprey,"10MM TAG, AMMOCOETE",120,1
3D9.1A4FD2A0AB,CGS-2025-064-KAE.xml,CGS - Charles Snow Projects,METTRP - Methow Smolt Trap at McFarland Creek Road Bridge,5/17/2025,METTRP - Methow Smolt Trap at McFarland Creek Road Bridge,5/17/2025,A,Pacific Lamprey,"10MM TAG, AMMOCOETE",126,1
3D9.1A4FD2A0AC,CGS-2025-064-KAE.xml,CGS - Charles Snow Projects,METTRP - Methow Smolt Trap at McFarland Creek Road Bridge,5/31/2025,METTRP - Methow Smolt Trap at McFarland Creek Road Bridge,5/31/2025,A,Pacific Lamprey,"10MM TAG, AMMOCOETE",125,1
3D9.1A4FD2A0AD,CGS-2025-064-KAE.xml,CGS - Charles Snow Projects,METTRP - Methow Smolt Trap at McFarland Creek Road Bridge,5/21/2025,METTRP - Methow Smolt Trap at McFarland Creek Road Bridge,5/21/2025,A,Pacific Lamprey,"10MM TAG, AMMOCOETE",133,1
3D9.1A4FD2A0AE,CGS-2025-064-KAE.xml,CGS - Charles Snow Projects,METTRP - Methow Smolt Trap at McFarland Creek Road Bridge,5/23/2025,METTRP - Methow Smolt Trap at McFarland Creek Road Bridge,5/23/2025,A,Pacific Lamprey,"10MM TAG, AMMOCOETE",121,1
3D9.1A4FD2A0AF,CGS-2025-064-KAE.xml,CGS - Charles Snow Projects,METTRP - Methow Smolt Trap at McFarland Creek Road Bridge,5/18/2025,METTRP - Methow Smolt Trap at McFarland Creek Road Bridge,5/18/2025,A,Pacific Lamprey,"10MM TAG, AMMOCOETE",123,1
3D9.1A4FD2A0B0,CGS-2025-064-KAE.xml,CGS - Charles Snow Projects,METTRP - Methow Smolt Trap at McFarland Creek Road Bridge,5/31/2025,METTRP - Methow Smolt Trap at McFarland Creek Road Bridge,5/31/2025,A,Pacific Lamprey,"10MM TAG, AMMOCOETE",131,1
3D9.1A4FD2A0B1,CGS-2025-064-KAE.xml,CGS - Charles Snow Projects,METTRP - Methow Smolt Trap at McFarland Creek Road Bridge,5/29/2025,METTRP - Methow Smolt Trap at McFarland Creek Road Bridge,5/29/2025,A,Pacific Lamprey,"10MM TAG, AMMOCOETE",120,1
3D9.1A4FD2A0B2,CGS-2025-064-KAE.xml,CGS - Charles Snow Projects,METTRP - Methow Smolt Trap at McFarland Creek Road Bridge,5/25/2025,METTRP - Methow Smolt Trap at McFarland Creek Road Bridge,5/25/2025,A,Pacific Lamprey,"10MM TAG, AMMOCOETE",125,1
3D9.1A4FD2A0B3,CGS-2025-064-KAE.xml,CGS - Charles Snow Projects,METTRP - Methow Smolt Trap at McFarland Creek Road Bridge,5/21/2025,METTRP - Methow Smolt Trap at McFarland Creek Road Bridge,5/21/2025,A,Pacific Lamprey,"10MM TAG, AMMOCOETE",139,1
3D9.1A4FD2A0B4,CGS-2025-064-KAE.xml,CGS - Charles Snow Projects,METTRP - Methow Smolt Trap at McFarland Creek Road Bridge,5/17/2025,METTRP - Methow Smolt Trap at McFarland Creek Road Bridge,5/17/2025,A,Pacific Lamprey,"10MM TAG, AMMOCOETE",130,1
3D9.1A4FD2A0B5,CGS-2025-064-KAE.xml,CGS - Charles Snow Projects,METTRP - Methow Smolt Trap at McFarland Creek Road Bridge,5/28/2025,METTRP - Methow Smolt Trap at McFarland Creek Road Bridge,5/28/2025,A,Pacific Lamprey,"10MM TAG, AMMOCOETE",138,1
3D9.1A4FD2A0B6,CGS-2025-064-KAE.xml,CGS - Charles Snow Projects,METTRP - Methow Smolt Trap at McFarland Creek Road Bridge,5/21/2025,METTRP - Methow Smolt Trap at McFarland Creek Road Bridge,5/21/2025,A,Pacific Lamprey,"10MM TAG, AMMOCOETE",142,1
3D9.1A4FD2A0B7,CGS-2025-064-KAE.xml,CGS - Charles Snow Projects,METTRP - Methow Smolt Trap at McFarland Creek Road Bridge,5/21/2025,METTRP - Methow Smolt Trap at McFarland Creek Road Bridge,5/21/2025,A,Pacific Lamprey,"10MM TAG, AMMOCOETE",140,1
3D9.1A4FD2A0B8,CGS-2025-064-KAE.xml,CGS - Charles Snow Projects,METTRP - Methow Smolt Trap at McFarland Creek Road Bridge,5/30/2025,METTRP - Methow Smolt Trap at McFarland Creek Road Bridge,5/30/2025,A,Pacific Lamprey,"10MM TAG, AMMOCOETE",114,1
3D9.1A4FD2A0B9,CGS-2025-064-KAE.xml,CGS - Charles Snow Projects,METTRP - Methow Smolt Trap at McFarland Creek Road Bridge,5/25/2025,METTRP - Methow Smolt Trap at McFarland Creek Road Bridge,5/25/2025,A,Pacific Lamprey,"10MM TAG, AMMOCOETE",132,1
3D9.1A4FD2A0BA,CGS-2025-064-KAE.xml,CGS - Charles Snow Projects,METTRP - Methow Smolt Trap at McFarland Creek Road Bridge,5/25/2025,METTRP - Methow Smolt Trap at McFarland Creek Road Bridge,5/25/2025,A,Pacific Lamprey,"10MM TAG, AMMOCOETE",130,1
3D9.1A4FD2A0BB,CGS-2025-064-KAE.xml,CGS - Charles Snow Projects,METTRP - Methow Smolt Trap at McFarland Creek Road Bridge,5/28/2025,METTRP - Methow Smolt Trap at McFarland Creek Road Bridge,5/28/2025,A,Pacific Lamprey,"10MM TAG, AMMOCOETE",136,1
3D9.1A4FD2A0BC,CGS-2025-064-KAE.xml,CGS - Charles Snow Projects,METTRP - Methow Smolt Trap at McFarland Creek Road Bridge,5/18/2025,METTRP - Methow Smolt Trap at McFarland Creek Road Bridge,5/18/2025,A,Pacific Lamprey,"10MM TAG, AMMOCOETE",132,1
3D9.1A4FD2A0BD,CGS-2025-064-KAE.xml,CGS - Charles Snow Projects,METTRP - Methow Smolt Trap at McFarland Creek Road Bridge,5/19/2025,METTRP - Methow Smolt Trap at McFarland Creek Road Bridge,5/19/2025,A,Pacific Lamprey,"10MM TAG, AMMOCOETE",135,1
3D9.1A4FD2A0BE,CGS-2025-064-KAE.xml,CGS - Charles Snow Projects,METTRP - Methow Smolt Trap at McFarland Creek Road Bridge,5/30/2025,METTRP - Methow Smolt Trap at McFarland Creek Road Bridge,5/30/2025,A,Pacific Lamprey,"10MM TAG, AMMOCOETE",132,1
3D9.1A4FD2A0BF,CGS-2025-064-KAE.xml,CGS - Charles Snow Projects,METTRP - Methow Smolt Trap at McFarland Creek Road Bridge,5/26/2025,METTRP - Methow Smolt Trap at McFarland Creek Road Bridge,5/26/2025,A,Pacific Lamprey,"10MM TAG, AMMOCOETE",129,1
3D9.1A4FD2A0C0,CGS-2025-064-KAE.xml,CGS - Charles Snow Projects,METTRP - Methow Smolt Trap at McFarland Creek Road Bridge,5/25/2025,METTRP - Methow Smolt Trap at McFarland Creek Road Bridge,5/25/2025,A,Pacific Lamprey,"10MM TAG, AMMOCOETE",129,1
3D9.1A4FD2A0C1,CGS-2025-064-KAE.xml,CGS - Charles Snow Projects,METTRP - Methow Smolt Trap at McFarland Creek Road Bridge,6/2/2025,METTRP - Methow Smolt Trap at McFarland Creek Road Bridge,6/2/2025,A,Pacific Lamprey,"10MM TAG, AMMOCOETE",135,1
3D9.1A4FD2A0C2,CGS-2025-064-KAE.xml,CGS - Charles Snow Projects,METTRP - Methow Smolt Trap at McFarland Creek Road Bridge,6/2/2025,METTRP - Methow Smolt Trap at McFarland Creek Road Bridge,6/2/2025,A,Pacific Lamprey,"10MM TAG, AMMOCOETE",134,1
3D9.1A4FD2A0C3,CGS-2025-064-KAE.xml,CGS - Charles Snow Projects,METTRP - Methow Smolt Trap at McFarland Creek Road Bridge,5/29/2025,METTRP - Methow Smolt Trap at McFarland Creek Road Bridge,5/29/2025,A,Pacific Lamprey,"10MM TAG, MACROPHTHALMIA",125,1
3D9.1A4FD2A0C4,CGS-2025-064-KAE.xml,CGS - Charles Snow Projects,METTRP - Methow Smolt Trap at McFarland Creek Road Bridge,5/30/2025,METTRP - Methow Smolt Trap at McFarland Creek Road Bridge,5/30/2025,A,Pacific Lamprey,"10MM TAG, MACROPHTHALMIA",121,1
3D9.1A4FD2A0C5,CGS-2025-064-KAE.xml,CGS - Charles Snow Projects,METTRP - Methow Smolt Trap at McFarland Creek Road Bridge,5/31/2025,METTRP - Methow Smolt Trap at McFarland Creek Road Bridge,5/31/2025,A,Pacific Lamprey,"10MM TAG, AMMOCOETE",116,1
3D9.1A4FD2A0C6,CGS-2025-064-KAE.xml,CGS - Charles Snow Projects,METTRP - Methow Smolt Trap at McFarland Creek Road Bridge,6/2/2025,METTRP - Methow Smolt Trap at McFarland Creek Road Bridge,6/2/2025,A,Pacific Lamprey,"10MM TAG, AMMOCOETE",126,1
3D9.1A4FD2A0C7,CGS-2025-064-KAE.xml,CGS - Charles Snow Projects,METTRP - Methow Smolt Trap at McFarland Creek Road Bridge,5/17/2025,METTRP - Methow Smolt Trap at McFarland Creek Road Bridge,5/17/2025,A,Pacific Lamprey,"10MM TAG, AMMOCOETE",132,1
3D9.1A4FD2A0C8,CGS-2025-064-KAE.xml,CGS - Charles Snow Projects,METTRP - Methow Smolt Trap at McFarland Creek Road Bridge,6/1/2025,METTRP - Methow Smolt Trap at McFarland Creek Road Bridge,6/1/2025,A,Pacific Lamprey,"10MM TAG, AMMOCOETE",120,1
3D9.1A4FD2A0C9,CGS-2025-064-KAE.xml,CGS - Charles Snow Projects,METTRP - Methow Smolt Trap at McFarland Creek Road Bridge,5/28/2025,METTRP - Methow Smolt Trap at McFarland Creek Road Bridge,5/28/2025,A,Pacific Lamprey,"10MM TAG, AMMOCOETE",130,1
3D9.1A4FD2A0CA,CGS-2025-064-KAE.xml,CGS - Charles Snow Projects,METTRP - Methow Smolt Trap at McFarland Creek Road Bridge,5/18/2025,METTRP - Methow Smolt Trap at McFarland Creek Road Bridge,5/18/2025,A,Pacific Lamprey,"10MM TAG, AMMOCOETE",130,1
3D9.1A4FD2A0CB,CGS-2025-064-KAE.xml,CGS - Charles Snow Projects,METTRP - Methow Smolt Trap at McFarland Creek Road Bridge,5/19/2025,METTRP - Methow Smolt Trap at McFarland Creek Road Bridge,5/19/2025,A,Pacific Lamprey,"10MM TAG, AMMOCOETE",127,1
3D9.1A4FD2A0CC,CGS-2025-064-KAE.xml,CGS - Charles Snow Projects,METTRP - Methow Smolt Trap at McFarland Creek Road Bridge,5/28/2025,METTRP - Methow Smolt Trap at McFarland Creek Road Bridge,5/28/2025,A,Pacific Lamprey,"10MM TAG, AMMOCOETE",140,1
3D9.1A4FD2A0CD,CGS-2025-064-KAE.xml,CGS - Charles Snow Projects,METTRP - Methow Smolt Trap at McFarland Creek Road Bridge,5/25/2025,METTRP - Methow Smolt Trap at McFarland Creek Road Bridge,5/25/2025,A,Pacific Lamprey,"10MM TAG, AMMOCOETE",128,1
3D9.1A4FD2A0CE,CGS-2025-064-KAE.xml,CGS - Charles Snow Projects,METTRP - Methow Smolt Trap at McFarland Creek Road Bridge,5/22/2025,METTRP - Methow Smolt Trap at McFarland Creek Road Bridge,5/22/2025,A,Pacific Lamprey,"10MM TAG, AMMOCOETE",133,1
3D9.1A4FD2A0CF,CGS-2025-064-KAE.xml,CGS - Charles Snow Projects,METTRP - Methow Smolt Trap at McFarland Creek Road Bridge,5/26/2025,METTRP - Methow Smolt Trap at McFarland Creek Road Bridge,5/26/2025,A,Pacific Lamprey,"10MM TAG, AMMOCOETE",130,1
3D9.1A4FD2A0D0,CGS-2025-064-KAE.xml,CGS - Charles Snow Projects,METTRP - Methow Smolt Trap at McFarland Creek Road Bridge,5/23/2025,METTRP - Methow Smolt Trap at McFarland Creek Road Bridge,5/23/2025,A,Pacific Lamprey,"10MM TAG, AMMOCOETE",132,1
3D9.1A4FD2A0D1,CGS-2025-064-KAE.xml,CGS - Charles Snow Projects,METTRP - Methow Smolt Trap at McFarland Creek Road Bridge,5/25/2025,METTRP - Methow Smolt Trap at McFarland Creek Road Bridge,5/25/2025,A,Pacific Lamprey,"10MM TAG, AMMOCOETE",125,1
3D9.1A4FD2A0D2,CGS-2025-064-KAE.xml,CGS - Charles Snow Projects,METTRP - Methow Smolt Trap at McFarland Creek Road Bridge,5/21/2025,METTRP - Methow Smolt Trap at McFarland Creek Road Bridge,5/21/2025,A,Pacific Lamprey,"10MM TAG, AMMOCOETE",138,1
3D9.1A4FD2A0D3,CGS-2025-064-KAE.xml,CGS - Charles Snow Projects,METTRP - Methow Smolt Trap at McFarland Creek Road Bridge,5/17/2025,METTRP - Methow Smolt Trap at McFarland Creek Road Bridge,5/17/2025,A,Pacific Lamprey,"10MM TAG, AMMOCOETE",134,1
3D9.1A4FD2A0D4,CGS-2025-064-KAE.xml,CGS - Charles Snow Projects,METTRP - Methow Smolt Trap at McFarland Creek Road Bridge,5/29/2025,METTRP - Methow Smolt Trap at McFarland Creek Road Bridge,5/29/2025,A,Pacific Lamprey,"10MM TAG, AMMOCOETE",112,1
3D9.1A4FD2A0D5,CGS-2025-064-KAE.xml,CGS - Charles Snow Projects,METTRP - Methow Smolt Trap at McFarland Creek Road Bridge,5/28/2025,METTRP - Methow Smolt Trap at McFarland Creek Road Bridge,5/28/2025,A,Pacific Lamprey,"10MM TAG, AMMOCOETE",130,1
3D9.1A4FD2A0D6,CGS-2025-064-KAE.xml,CGS - Charles Snow Projects,METTRP - Methow Smolt Trap at McFarland Creek Road Bridge,5/19/2025,METTRP - Methow Smolt Trap at McFarland Creek Road Bridge,5/19/2025,A,Pacific Lamprey,"10MM TAG, AMMOCOETE",119,1
3D9.1A4FD2A0D7,CGS-2025-064-KAE.xml,CGS - Charles Snow Projects,METTRP - Methow Smolt Trap at McFarland Creek Road Bridge,5/28/2025,METTRP - Methow Smolt Trap at McFarland Creek Road Bridge,5/28/2025,A,Pacific Lamprey,"10MM TAG, AMMOCOETE",130,1
3D9.1A4FD2A0D8,CGS-2025-064-KAE.xml,CGS - Charles Snow Projects,METTRP - Methow Smolt Trap at McFarland Creek Road Bridge,5/19/2025,METTRP - Methow Smolt Trap at McFarland Creek Road Bridge,5/19/2025,A,Pacific Lamprey,"10MM TAG, AMMOCOETE",122,1
3D9.1A4FD2A0D9,CGS-2025-064-KAE.xml,CGS - Charles Snow Projects,METTRP - Methow Smolt Trap at McFarland Creek Road Bridge,5/22/2025,METTRP - Methow Smolt Trap at McFarland Creek Road Bridge,5/22/2025,A,Pacific Lamprey,"10MM TAG, AMMOCOETE",133,1
3D9.1A4FD2A0DA,CGS-2025-064-KAE.xml,CGS - Charles Snow Projects,METTRP - Methow Smolt Trap at McFarland Creek Road Bridge,5/26/2025,METTRP - Methow Smolt Trap at McFarland Creek Road Bridge,5/26/2025,A,Pacific Lamprey,"10MM TAG, AMMOCOETE",121,1
3D9.1A4FD2A0DB,CGS-2025-064-KAE.xml,CGS - Charles Snow Projects,METTRP - Methow Smolt Trap at McFarland Creek Road Bridge,5/27/2025,METTRP - Methow Smolt Trap at McFarland Creek Road Bridge,5/27/2025,A,Pacific Lamprey,"10MM TAG, MACROPHTHALMIA",129,1
3D9.1A4FD2A0DC,CGS-2025-064-KAE.xml,CGS - Charles Snow Projects,METTRP - Methow Smolt Trap at McFarland Creek Road Bridge,5/19/2025,METTRP - Methow Smolt Trap at McFarland Creek Road Bridge,5/19/2025,A,Pacific Lamprey,"10MM TAG, AMMOCOETE",127,1
3D9.1A4FD2A0DD,CGS-2025-064-KAE.xml,CGS - Charles Snow Projects,METTRP - Methow Smolt Trap at McFarland Creek Road Bridge,5/18/2025,METTRP - Methow Smolt Trap at McFarland Creek Road Bridge,5/18/2025,A,Pacific Lamprey,"10MM TAG, AMMOCOETE",125,1
3D9.1A4FD2A0DE,CGS-2025-064-KAE.xml,CGS - Charles Snow Projects,METTRP - Methow Smolt Trap at McFarland Creek Road Bridge,5/26/2025,METTRP - Methow Smolt Trap at McFarland Creek Road Bridge,5/26/2025,A,Pacific Lamprey,"10MM TAG, AMMOCOETE",121,1
3D9.1A4FD2A0DF,CGS-2025-064-KAE.xml,CGS - Charles Snow Projects,METTRP - Methow Smolt Trap at McFarland Creek Road Bridge,5/31/2025,METTRP - Methow Smolt Trap at McFarland Creek Road Bridge,5/31/2025,A,Pacific Lamprey,"10MM TAG, AMMOCOETE",135,1
3D9.1A4FD2A0E0,CGS-2025-064-KAE.xml,CGS - Charles Snow Projects,METTRP - Methow Smolt Trap at McFarland Creek Road Bridge,5/20/2025,METTRP - Methow Smolt Trap at McFarland Creek Road Bridge,5/20/2025,A,Pacific Lamprey,"10MM TAG, AMMOCOETE",129,1
3D9.1A4FD2A0E1,CGS-2025-064-KAE.xml,CGS - Charles Snow Projects,METTRP - Methow Smolt Trap at McFarland Creek Road Bridge,5/28/2025,METTRP - Methow Smolt Trap at McFarland Creek Road Bridge,5/28/2025,A,Pacific Lamprey,"10MM TAG, AMMOCOETE",136,1
3D9.1A4FD2A0E2,CGS-2025-064-KAE.xml,CGS - Charles Snow Projects,METTRP - Methow Smolt Trap at McFarland Creek Road Bridge,5/20/2025,METTRP - Methow Smolt Trap at McFarland Creek Road Bridge,5/20/2025,A,Pacific Lamprey,"10MM TAG, AMMOCOETE",132,1
3D9.1A4FD2A0E3,CGS-2025-064-KAE.xml,CGS - Charles Snow Projects,METTRP - Methow Smolt Trap at McFarland Creek Road Bridge,5/19/2025,METTRP - Methow Smolt Trap at McFarland Creek Road Bridge,5/19/2025,A,Pacific Lamprey,"10MM TAG, AMMOCOETE",106,1
3D9.1A4FD2A0E4,CGS-2025-064-KAE.xml,CGS - Charles Snow Projects,METTRP - Methow Smolt Trap at McFarland Creek Road Bridge,5/28/2025,METTRP - Methow Smolt Trap at McFarland Creek Road Bridge,5/28/2025,A,Pacific Lamprey,"10MM TAG, AMMOCOETE",137,1
3D9.1A4FD2A0E5,CGS-2025-064-KAE.xml,CGS - Charles Snow Projects,METTRP - Methow Smolt Trap at McFarland Creek Road Bridge,5/19/2025,METTRP - Methow Smolt Trap at McFarland Creek Road Bridge,5/19/2025,A,Pacific Lamprey,"10MM TAG, AMMOCOETE",127,1
3D9.1A4FD2A0E6,CGS-2025-064-KAE.xml,CGS - Charles Snow Projects,METTRP - Methow Smolt Trap at McFarland Creek Road Bridge,5/17/2025,METTRP - Methow Smolt Trap at McFarland Creek Road Bridge,5/17/2025,A,Pacific Lamprey,"10MM TAG, AMMOCOETE",128,1
3D9.1A4FD2A0E7,CGS-2025-064-KAE.xml,CGS - Charles Snow Projects,METTRP - Methow Smolt Trap at McFarland Creek Road Bridge,6/2/2025,METTRP - Methow Smolt Trap at McFarland Creek Road Bridge,6/2/2025,A,Pacific Lamprey,"10MM TAG, AMMOCOETE",130,1
3D9.1A4FD2A0E8,CGS-2025-064-KAE.xml,CGS - Charles Snow Projects,METTRP - Methow Smolt Trap at McFarland Creek Road Bridge,5/17/2025,METTRP - Methow Smolt Trap at McFarland Creek Road Bridge,5/17/2025,A,Pacific Lamprey,"10MM TAG, AMMOCOETE",118,1
3D9.1A4FD2A0E9,CGS-2025-064-KAE.xml,CGS - Charles Snow Projects,METTRP - Methow Smolt Trap at McFarland Creek Road Bridge,5/17/2025,METTRP - Methow Smolt Trap at McFarland Creek Road Bridge,5/17/2025,A,Pacific Lamprey,"10MM TAG, AMMOCOETE",116,1
3D9.1A4FD2A0EA,CGS-2025-064-KAE.xml,CGS - Charles Snow Projects,METTRP - Methow Smolt Trap at McFarland Creek Road Bridge,5/19/2025,METTRP - Methow Smolt Trap at McFarland Creek Road Bridge,5/19/2025,A,Pacific Lamprey,"10MM TAG, AMMOCOETE",114,1
3D9.1A4FD2A0EB,CGS-2025-064-KAE.xml,CGS - Charles Snow Projects,METTRP - Methow Smolt Trap at McFarland Creek Road Bridge,5/18/2025,METTRP - Methow Smolt Trap at McFarland Creek Road Bridge,5/18/2025,A,Pacific Lamprey,"10MM TAG, AMMOCOETE",123,1
3D9.1A4FD2A0EC,CGS-2025-064-KAE.xml,CGS - Charles Snow Projects,METTRP - Methow Smolt Trap at McFarland Creek Road Bridge,5/24/2025,METTRP - Methow Smolt Trap at McFarland Creek Road Bridge,5/24/2025,A,Pacific Lamprey,"10MM TAG, AMMOCOETE",128,1
3D9.1A4FD2A0ED,CGS-2025-064-KAE.xml,CGS - Charles Snow Projects,METTRP - Methow Smolt Trap at McFarland Creek Road Bridge,5/18/2025,METTRP - Methow Smolt Trap at McFarland Creek Road Bridge,5/18/2025,A,Pacific Lamprey,"10MM TAG, AMMOCOETE",117,1
3D9.1A4FD2A0EE,CGS-2025-064-KAE.xml,CGS - Charles Snow Projects,METTRP - Methow Smolt Trap at McFarland Creek Road Bridge,5/29/2025,METTRP - Methow Smolt Trap at McFarland Creek Road Bridge,5/29/2025,A,Pacific Lamprey,"10MM TAG, AMMOCOETE",125,1
3D9.1A4FD2A0F0,CGS-2025-065-LAE.xml,CGS - Charles Snow Projects,TWITRP - Twisp River rotary smolt trap,11/19/2025,TWITRP - Twisp River rotary smolt trap,11/19/2025,A,Pacific Lamprey,"10MM TAG, AMMOCOETE",132,1
3D9.1A4FD2A0F1,CGS-2025-065-LAE.xml,CGS - Charles Snow Projects,TWITRP - Twisp River rotary smolt trap,12/20/2025,TWITRP - Twisp River rotary smolt trap,12/20/2025,A,Pacific Lamprey,"10MM TAG, AMMOCOETE",133,1
3D9.1A4FD2A0F3,CGS-2025-065-LAE.xml,CGS - Charles Snow Projects,TWITRP - Twisp River rotary smolt trap,12/23/2025,TWITRP - Twisp River rotary smolt trap,12/23/2025,A,Pacific Lamprey,"10MM TAG, AMMOCOETE",122,1
3D9.1A4FD2A0F9,CGS-2025-065-LAE.xml,CGS - Charles Snow Projects,TWITRP - Twisp River rotary smolt trap,11/15/2025,TWITRP - Twisp River rotary smolt trap,11/15/2025,A,Pacific Lamprey,"10MM TAG, AMMOCOETE",96,1
3D9.1A4FD2A0FB,CGS-2025-065-LAE.xml,CGS - Charles Snow Projects,TWITRP - Twisp River rotary smolt trap,12/15/2025,TWITRP - Twisp River rotary smolt trap,12/15/2025,A,Pacific Lamprey,"10MM TAG, AMMOCOETE",117,1
3D9.1A4FD2A0FE,CGS-2025-065-LAE.xml,CGS - Charles Snow Projects,TWITRP - Twisp River rotary smolt trap,1/3/2026,TWITRP - Twisp River rotary smolt trap,1/3/2026,A,Pacific Lamprey,"10MM TAG, AMMOCOETE",132,1
3D9.1A4FD2A0FF,CGS-2025-065-LAE.xml,CGS - Charles Snow Projects,TWITRP - Twisp River rotary smolt trap,11/17/2025,TWITRP - Twisp River rotary smolt trap,11/17/2025,A,Pacific Lamprey,"10MM TAG, AMMOCOETE",140,1
3D9.1A4FD2A100,CGS-2025-065-LAE.xml,CGS - Charles Snow Projects,TWITRP - Twisp River rotary smolt trap,11/17/2025,TWITRP - Twisp River rotary smolt trap,11/17/2025,A,Pacific Lamprey,"10MM TAG, AMMOCOETE",127,1
3D9.1A4FD2A103,CGS-2025-065-LAE.xml,CGS - Charles Snow Projects,TWITRP - Twisp River rotary smolt trap,11/15/2025,TWITRP - Twisp River rotary smolt trap,11/15/2025,A,Pacific Lamprey,"10MM TAG, AMMOCOETE",139,1
3D9.1A4FD2A104,CGS-2025-065-LAE.xml,CGS - Charles Snow Projects,TWITRP - Twisp River rotary smolt trap,11/19/2025,TWITRP - Twisp River rotary smolt trap,11/19/2025,A,Pacific Lamprey,"10MM TAG, AMMOCOETE",107,1
3D9.1A4FD2A105,CGS-2025-065-LAE.xml,CGS - Charles Snow Projects,TWITRP - Twisp River rotary smolt trap,12/10/2025,TWITRP - Twisp River rotary smolt trap,12/10/2025,A,Pacific Lamprey,"10MM TAG, AMMOCOETE",115,1
3D9.1A4FD2A106,CGS-2025-065-LAE.xml,CGS - Charles Snow Projects,TWITRP - Twisp River rotary smolt trap,11/17/2025,TWITRP - Twisp River rotary smolt trap,11/17/2025,A,Pacific Lamprey,"10MM TAG, AMMOCOETE",124,1
3D9.1A4FD2A10B,CGS-2025-065-LAE.xml,CGS - Charles Snow Projects,TWITRP - Twisp River rotary smolt trap,11/15/2025,TWITRP - Twisp River rotary smolt trap,11/15/2025,A,Pacific Lamprey,"10MM TAG, AMMOCOETE",122,1
3D9.1A4FD2A10C,CGS-2025-065-LAE.xml,CGS - Charles Snow Projects,TWITRP - Twisp River rotary smolt trap,11/15/2025,TWITRP - Twisp River rotary smolt trap,11/15/2025,A,Pacific Lamprey,"10MM TAG, AMMOCOETE",156,1
3D9.1A4FD2A111,CGS-2025-065-LAE.xml,CGS - Charles Snow Projects,TWITRP - Twisp River rotary smolt trap,11/16/2025,TWITRP - Twisp River rotary smolt trap,11/16/2025,A,Pacific Lamprey,"10MM TAG, AMMOCOETE",125,1
3D9.1A4FD2A112,CGS-2025-065-LAE.xml,CGS - Charles Snow Projects,TWITRP - Twisp River rotary smolt trap,11/19/2025,TWITRP - Twisp River rotary smolt trap,11/19/2025,A,Pacific Lamprey,"10MM TAG, AMMOCOETE",143,1
3D9.1A4FD2A113,CGS-2025-065-LAE.xml,CGS - Charles Snow Projects,TWITRP - Twisp River rotary smolt trap,12/15/2025,TWITRP - Twisp River rotary smolt trap,12/15/2025,A,Pacific Lamprey,"10MM TAG, AMMOCOETE",130,1
3D9.1A4FD2A117,CGS-2025-065-LAE.xml,CGS - Charles Snow Projects,TWITRP - Twisp River rotary smolt trap,12/10/2025,TWITRP - Twisp River rotary smolt trap,12/10/2025,A,Pacific Lamprey,"10MM TAG, AMMOCOETE",124,1
3D9.1A4FD2A11A,CGS-2025-065-LAE.xml,CGS - Charles Snow Projects,TWITRP - Twisp River rotary smolt trap,11/16/2025,TWITRP - Twisp River rotary smolt trap,11/16/2025,A,Pacific Lamprey,"10MM TAG, AMMOCOETE",120,1
3D9.1A4FD2A11B,CGS-2025-065-LAE.xml,CGS - Charles Snow Projects,TWITRP - Twisp River rotary smolt trap,11/16/2025,TWITRP - Twisp River rotary smolt trap,11/16/2025,A,Pacific Lamprey,"10MM TAG, AMMOCOETE",121,1
3D9.1A4FD2A11D,CGS-2025-065-LAE.xml,CGS - Charles Snow Projects,TWITRP - Twisp River rotary smolt trap,12/15/2025,TWITRP - Twisp River rotary smolt trap,12/15/2025,A,Pacific Lamprey,"10MM TAG, AMMOCOETE",112,1
3D9.1A4FD2A11F,CGS-2025-065-LAE.xml,CGS - Charles Snow Projects,TWITRP - Twisp River rotary smolt trap,11/16/2025,TWITRP - Twisp River rotary smolt trap,11/16/2025,A,Pacific Lamprey,"10MM TAG, AMMOCOETE",122,1
3D9.1A4FD2A120,CGS-2025-065-LAE.xml,CGS - Charles Snow Projects,TWITRP - Twisp River rotary smolt trap,11/16/2025,TWITRP - Twisp River rotary smolt trap,11/16/2025,A,Pacific Lamprey,"10MM TAG, AMMOCOETE",125,1
3D9.1A4FD2A121,CGS-2025-065-LAE.xml,CGS - Charles Snow Projects,TWITRP - Twisp River rotary smolt trap,12/5/2025,TWITRP - Twisp River rotary smolt trap,12/5/2025,A,Pacific Lamprey,"10MM TAG, AMMOCOETE",130,1
3D9.1A4FD2A123,CGS-2025-065-LAE.xml,CGS - Charles Snow Projects,TWITRP - Twisp River rotary smolt trap,12/1/2025,TWITRP - Twisp River rotary smolt trap,12/1/2025,A,Pacific Lamprey,"10MM TAG, AMMOCOETE",126,1
3D9.1A4FD2A124,CGS-2025-065-LAE.xml,CGS - Charles Snow Projects,TWITRP - Twisp River rotary smolt trap,1/4/2026,TWITRP - Twisp River rotary smolt trap,1/4/2026,A,Pacific Lamprey,"10MM TAG, AMMOCOETE",120,1
3D9.1A4FD2A127,CGS-2025-065-LAE.xml,CGS - Charles Snow Projects,TWITRP - Twisp River rotary smolt trap,11/17/2025,TWITRP - Twisp River rotary smolt trap,11/17/2025,A,Pacific Lamprey,"10MM TAG, AMMOCOETE",151,1
3D9.1A4FD2A128,CGS-2025-065-LAE.xml,CGS - Charles Snow Projects,TWITRP - Twisp River rotary smolt trap,11/15/2025,TWITRP - Twisp River rotary smolt trap,11/15/2025,A,Pacific Lamprey,"10MM TAG, AMMOCOETE",91,1
3D9.1A4FD2A12A,CGS-2025-065-LAE.xml,CGS - Charles Snow Projects,TWITRP - Twisp River rotary smolt trap,12/19/2025,TWITRP - Twisp River rotary smolt trap,12/19/2025,A,Pacific Lamprey,"10MM TAG, AMMOCOETE",125,1
3D9.1A4FD2A12B,CGS-2025-065-LAE.xml,CGS - Charles Snow Projects,TWITRP - Twisp River rotary smolt trap,12/22/2025,TWITRP - Twisp River rotary smolt trap,12/22/2025,A,Pacific Lamprey,"10MM TAG, AMMOCOETE",117,1
3D9.1A4FD2A12D,CGS-2025-065-LAE.xml,CGS - Charles Snow Projects,TWITRP - Twisp River rotary smolt trap,11/15/2025,TWITRP - Twisp River rotary smolt trap,11/15/2025,A,Pacific Lamprey,"10MM TAG, AMMOCOETE",107,1
3D9.1A4FD2A12F,CGS-2025-065-LAE.xml,CGS - Charles Snow Projects,TWITRP - Twisp River rotary smolt trap,11/16/2025,TWITRP - Twisp River rotary smolt trap,11/16/2025,A,Pacific Lamprey,"10MM TAG, AMMOCOETE",131,1
3D9.1A4FD2A131,CGS-2025-065-LAE.xml,CGS - Charles Snow Projects,TWITRP - Twisp River rotary smolt trap,12/3/2025,TWITRP - Twisp River rotary smolt trap,12/3/2025,A,Pacific Lamprey,"10MM TAG, AMMOCOETE",116,1
3D9.1A4FD2A132,CGS-2025-065-LAE.xml,CGS - Charles Snow Projects,TWITRP - Twisp River rotary smolt trap,11/17/2025,TWITRP - Twisp River rotary smolt trap,11/17/2025,A,Pacific Lamprey,"10MM TAG, AMMOCOETE",107,1
3D9.1A4FD2A133,CGS-2025-065-LAE.xml,CGS - Charles Snow Projects,TWITRP - Twisp River rotary smolt trap,12/21/2025,TWITRP - Twisp River rotary smolt trap,12/21/2025,A,Pacific Lamprey,"10MM TAG, AMMOCOETE",134,1
3D9.1A4FD2A134,CGS-2025-065-LAE.xml,CGS - Charles Snow Projects,TWITRP - Twisp River rotary smolt trap,11/21/2025,TWITRP - Twisp River rotary smolt trap,11/21/2025,A,Pacific Lamprey,"10MM TAG, AMMOCOETE",140,1
3D9.1A4FD2A136,CGS-2025-065-LAE.xml,CGS - Charles Snow Projects,TWITRP - Twisp River rotary smolt trap,11/16/2025,TWITRP - Twisp River rotary smolt trap,11/16/2025,A,Pacific Lamprey,"10MM TAG, AMMOCOETE",90,1
3D9.1A4FD2A138,CGS-2025-065-LAE.xml,CGS - Charles Snow Projects,TWITRP - Twisp River rotary smolt trap,12/15/2025,TWITRP - Twisp River rotary smolt trap,12/15/2025,A,Pacific Lamprey,"10MM TAG, AMMOCOETE",136,1
3D9.1A4FD2A139,CGS-2025-065-LAE.xml,CGS - Charles Snow Projects,TWITRP - Twisp River rotary smolt trap,11/15/2025,TWITRP - Twisp River rotary smolt trap,11/15/2025,A,Pacific Lamprey,"10MM TAG, AMMOCOETE",139,1
3D9.1A4FD2A13C,CGS-2025-065-LAE.xml,CGS - Charles Snow Projects,TWITRP - Twisp River rotary smolt trap,12/15/2025,TWITRP - Twisp River rotary smolt trap,12/15/2025,A,Pacific Lamprey,"10MM TAG, AMMOCOETE",120,1
3D9.1A4FD2A13D,CGS-2025-065-LAE.xml,CGS - Charles Snow Projects,TWITRP - Twisp River rotary smolt trap,12/21/2025,TWITRP - Twisp River rotary smolt trap,12/21/2025,A,Pacific Lamprey,"10MM TAG, AMMOCOETE",127,1
3D9.1A4FD2A13E,CGS-2025-065-LAE.xml,CGS - Charles Snow Projects,TWITRP - Twisp River rotary smolt trap,11/15/2025,TWITRP - Twisp River rotary smolt trap,11/15/2025,A,Pacific Lamprey,"10MM TAG, AMMOCOETE",132,1
3D9.1A4FD2A13F,CGS-2025-065-LAE.xml,CGS - Charles Snow Projects,TWITRP - Twisp River rotary smolt trap,11/16/2025,TWITRP - Twisp River rotary smolt trap,11/16/2025,A,Pacific Lamprey,"10MM TAG, AMMOCOETE",120,1
3D9.1A4FD2A141,CGS-2025-065-LAE.xml,CGS - Charles Snow Projects,TWITRP - Twisp River rotary smolt trap,11/15/2025,TWITRP - Twisp River rotary smolt trap,11/15/2025,A,Pacific Lamprey,"10MM TAG, AMMOCOETE",121,1
3D9.1A4FD2A142,CGS-2025-065-LAE.xml,CGS - Charles Snow Projects,TWITRP - Twisp River rotary smolt trap,11/16/2025,TWITRP - Twisp River rotary smolt trap,11/16/2025,A,Pacific Lamprey,"10MM TAG, AMMOCOETE",90,1
3D9.1A4FD2A143,CGS-2025-065-LAE.xml,CGS - Charles Snow Projects,TWITRP - Twisp River rotary smolt trap,12/15/2025,TWITRP - Twisp River rotary smolt trap,12/15/2025,A,Pacific Lamprey,"10MM TAG, AMMOCOETE",145,1
3D9.1A4FD2A144,CGS-2025-065-LAE.xml,CGS - Charles Snow Projects,TWITRP - Twisp River rotary smolt trap,11/19/2025,TWITRP - Twisp River rotary smolt trap,11/19/2025,A,Pacific Lamprey,"10MM TAG, AMMOCOETE",119,1
3D9.1A4FD2A145,CGS-2025-065-LAE.xml,CGS - Charles Snow Projects,TWITRP - Twisp River rotary smolt trap,12/23/2025,TWITRP - Twisp River rotary smolt trap,12/23/2025,A,Pacific Lamprey,"10MM TAG, AMMOCOETE",128,1
3D9.1A4FD2A146,CGS-2025-065-LAE.xml,CGS - Charles Snow Projects,TWITRP - Twisp River rotary smolt trap,11/19/2025,TWITRP - Twisp River rotary smolt trap,11/19/2025,A,Pacific Lamprey,"10MM TAG, AMMOCOETE",116,1
3D9.1A4FD2A147,CGS-2025-065-LAE.xml,CGS - Charles Snow Projects,TWITRP - Twisp River rotary smolt trap,1/4/2026,TWITRP - Twisp River rotary smolt trap,1/4/2026,A,Pacific Lamprey,"10MM TAG, AMMOCOETE",116,1
3D9.1A4FD2A148,CGS-2025-065-LAE.xml,CGS - Charles Snow Projects,TWITRP - Twisp River rotary smolt trap,11/17/2025,TWITRP - Twisp River rotary smolt trap,11/17/2025,A,Pacific Lamprey,"10MM TAG, AMMOCOETE",139,1
3D9.1A4FD2A14A,CGS-2025-065-LAE.xml,CGS - Charles Snow Projects,TWITRP - Twisp River rotary smolt trap,12/22/2025,TWITRP - Twisp River rotary smolt trap,12/22/2025,A,Pacific Lamprey,"10MM TAG, AMMOCOETE",130,1
3D9.1A4FD2A14B,CGS-2025-065-LAE.xml,CGS - Charles Snow Projects,TWITRP - Twisp River rotary smolt trap,11/16/2025,TWITRP - Twisp River rotary smolt trap,11/16/2025,A,Pacific Lamprey,"10MM TAG, AMMOCOETE",94,1
3D9.1A4FD2A14C,CGS-2025-065-LAE.xml,CGS - Charles Snow Projects,TWITRP - Twisp River rotary smolt trap,12/21/2025,TWITRP - Twisp River rotary smolt trap,12/21/2025,A,Pacific Lamprey,"10MM TAG, AMMOCOETE",123,1
3D9.1A4FD2A14D,CGS-2025-065-LAE.xml,CGS - Charles Snow Projects,TWITRP - Twisp River rotary smolt trap,11/17/2025,TWITRP - Twisp River rotary smolt trap,11/17/2025,A,Pacific Lamprey,"10MM TAG, AMMOCOETE",124,1
3D9.1A4FD2A14F,CGS-2025-065-LAE.xml,CGS - Charles Snow Projects,TWITRP - Twisp River rotary smolt trap,12/19/2025,TWITRP - Twisp River rotary smolt trap,12/19/2025,A,Pacific Lamprey,"10MM TAG, AMMOCOETE",130,1
3D9.1A4FD2A150,CGS-2025-065-LAE.xml,CGS - Charles Snow Projects,TWITRP - Twisp River rotary smolt trap,11/15/2025,TWITRP - Twisp River rotary smolt trap,11/15/2025,A,Pacific Lamprey,"10MM TAG, AMMOCOETE",111,1
3D9.1A4FD2A151,CGS-2025-065-LAE.xml,CGS - Charles Snow Projects,TWITRP - Twisp River rotary smolt trap,11/19/2025,TWITRP - Twisp River rotary smolt trap,11/19/2025,A,Pacific Lamprey,"10MM TAG, AMMOCOETE",147,1
3DD.003D670F1C,CGS-2022-051-KAE.xml,CGS - Charles Snow Projects,METTRP - Methow Smolt Trap at McFarland Creek Road Bridge,6/20/2022,METTRP - Methow Smolt Trap at McFarland Creek Road Bridge,6/20/2022,A,Pacific Lamprey,"10MM TAG, AMMOCOETE",147,1
3DD.003D670F1E,CGS-2023-084-KAE.xml,CGS - Charles Snow Projects,METTRP - Methow Smolt Trap at McFarland Creek Road Bridge,4/29/2023,METHR - Methow River,5/1/2023,A,Pacific Lamprey,"12MM TAG, MACROPHTHALMIA",148,1
3DD.003D670F23,CGS-2022-051-KAE.xml,CGS - Charles Snow Projects,METTRP - Methow Smolt Trap at McFarland Creek Road Bridge,6/20/2022,METTRP - Methow Smolt Trap at McFarland Creek Road Bridge,6/20/2022,A,Pacific Lamprey,"12MM TAG, AMMOCOETE",140,1
3DD.003D670F3C,CGS-2023-084-KAE.xml,CGS - Charles Snow Projects,METTRP - Methow Smolt Trap at McFarland Creek Road Bridge,5/24/2023,METHR - Methow River,5/26/2023,A,Pacific Lamprey,"12MM TAG, AMMOCOETE",145,1
3DD.003D670F41,CGS-2023-084-KAE.xml,CGS - Charles Snow Projects,METTRP - Methow Smolt Trap at McFarland Creek Road Bridge,5/13/2023,METTRP - Methow Smolt Trap at McFarland Creek Road Bridge,5/15/2023,A,Pacific Lamprey,"12MM TAG, AMMOCOETE",136,1
3DD.003D670F4C,CGS-2023-084-KAE.xml,CGS - Charles Snow Projects,METTRP - Methow Smolt Trap at McFarland Creek Road Bridge,5/13/2023,METTRP - Methow Smolt Trap at McFarland Creek Road Bridge,5/15/2023,A,Pacific Lamprey,"12MM TAG, AMMOCOETE",132,1
3DD.003D670F5E,CGS-2023-084-KAE.xml,CGS - Charles Snow Projects,METTRP - Methow Smolt Trap at McFarland Creek Road Bridge,5/24/2023,METHR - Methow River,5/26/2023,A,Pacific Lamprey,"12MM TAG, AMMOCOETE",152,1
3DD.003D670F61,CGS-2023-084-KAE.xml,CGS - Charles Snow Projects,METTRP - Methow Smolt Trap at McFarland Creek Road Bridge,4/24/2023,METHR - Methow River,4/25/2023,A,Pacific Lamprey,"12MM TAG, AMMOCOETE",139,1
3DD.003D670F63,CGS-2023-084-KAE.xml,CGS - Charles Snow Projects,METTRP - Methow Smolt Trap at McFarland Creek Road Bridge,4/24/2023,METHR - Methow River,4/25/2023,A,Pacific Lamprey,"12MM TAG, AMMOCOETE",132,1
3DD.003D670F7C,CGS-2023-084-KAE.xml,CGS - Charles Snow Projects,METTRP - Methow Smolt Trap at McFarland Creek Road Bridge,5/13/2023,METTRP - Methow Smolt Trap at McFarland Creek Road Bridge,5/15/2023,A,Pacific Lamprey,"12MM TAG, AMMOCOETE",146,1
3DD.003D67110F,CGS-2023-084-KAE.xml,CGS - Charles Snow Projects,METTRP - Methow Smolt Trap at McFarland Creek Road Bridge,5/24/2023,METHR - Methow River,5/26/2023,A,Pacific Lamprey,"12MM TAG, AMMOCOETE",142,1
3DD.003D671159,CGS-2023-084-KAE.xml,CGS - Charles Snow Projects,METTRP - Methow Smolt Trap at McFarland Creek Road Bridge,5/13/2023,METTRP - Methow Smolt Trap at McFarland Creek Road Bridge,5/15/2023,A,Pacific Lamprey,"12MM TAG, AMMOCOETE",139,1
3DD.003D67115B,CGS-2023-084-KAE.xml,CGS - Charles Snow Projects,METTRP - Methow Smolt Trap at McFarland Creek Road Bridge,4/11/2023,METHR - Methow River,4/13/2023,A,Pacific Lamprey,"12MM TAG, AMMOCOETE",131,1
3DD.003D9374D2,CGS-2021-066-KAE.xml,CGS - Charles Snow Projects,METTRP - Methow Smolt Trap at McFarland Creek Road Bridge,5/1/2021,METTRP - Methow Smolt Trap at McFarland Creek Road Bridge,5/1/2021,A,Pacific Lamprey,"12MM TAG, AMMOCOETE",140,1
3DD.003D9374D3,CGS-2021-066-KAE.xml,CGS - Charles Snow Projects,METTRP - Methow Smolt Trap at McFarland Creek Road Bridge,5/2/2021,METHR - Methow River,5/3/2021,A,Pacific Lamprey,"12MM TAG, AMMOCOETE",146,1
3DD.003D9374D4,CGS-2021-066-KAE.xml,CGS - Charles Snow Projects,METTRP - Methow Smolt Trap at McFarland Creek Road Bridge,5/5/2021,METTRP - Methow Smolt Trap at McFarland Creek Road Bridge,5/5/2021,A,Pacific Lamprey,"12MM TAG, AMMOCOETE",135,1
3DD.003D9374D5,CGS-2021-066-KAE.xml,CGS - Charles Snow Projects,METTRP - Methow Smolt Trap at McFarland Creek Road Bridge,4/27/2021,METTRP - Methow Smolt Trap at McFarland Creek Road Bridge,4/28/2021,A,Pacific Lamprey,"12MM TAG, AMMOCOETE",139,1
3DD.003D9374D6,CGS-2021-066-KAE.xml,CGS - Charles Snow Projects,METTRP - Methow Smolt Trap at McFarland Creek Road Bridge,5/1/2021,METHR - Methow River,5/3/2021,A,Pacific Lamprey,"12MM TAG, AMMOCOETE",151,1
3DD.003D9374D7,CGS-2021-066-KAE.xml,CGS - Charles Snow Projects,METTRP - Methow Smolt Trap at McFarland Creek Road Bridge,5/1/2021,METTRP - Methow Smolt Trap at McFarland Creek Road Bridge,5/1/2021,A,Pacific Lamprey,"12MM TAG, AMMOCOETE",150,1
3DD.003D9374D8,CGS-2021-066-KAE.xml,CGS - Charles Snow Projects,METTRP - Methow Smolt Trap at McFarland Creek Road Bridge,5/4/2021,METTRP - Methow Smolt Trap at McFarland Creek Road Bridge,5/4/2021,A,Pacific Lamprey,"12MM TAG, AMMOCOETE",143,1
3DD.003D9374D9,CGS-2021-066-KAE.xml,CGS - Charles Snow Projects,METTRP - Methow Smolt Trap at McFarland Creek Road Bridge,5/1/2021,METTRP - Methow Smolt Trap at McFarland Creek Road Bridge,5/1/2021,A,Pacific Lamprey,"12MM TAG, AMMOCOETE",139,1
3DD.003D9374DA,CGS-2021-066-KAE.xml,CGS - Charles Snow Projects,METTRP - Methow Smolt Trap at McFarland Creek Road Bridge,5/1/2021,METTRP - Methow Smolt Trap at McFarland Creek Road Bridge,5/1/2021,A,Pacific Lamprey,"12MM TAG, AMMOCOETE",143,1
3DD.003D9374DB,CGS-2021-066-KAE.xml,CGS - Charles Snow Projects,METTRP - Methow Smolt Trap at McFarland Creek Road Bridge,5/4/2021,METTRP - Methow Smolt Trap at McFarland Creek Road Bridge,5/4/2021,A,Pacific Lamprey,"12MM TAG, AMMOCOETE",138,1
3DD.003D9374DC,CGS-2021-066-KAE.xml,CGS - Charles Snow Projects,METTRP - Methow Smolt Trap at McFarland Creek Road Bridge,5/2/2021,METHR - Methow River,5/3/2021,A,Pacific Lamprey,"12MM TAG, AMMOCOETE",139,1
3DD.003D9374DD,CGS-2021-066-KAE.xml,CGS - Charles Snow Projects,METTRP - Methow Smolt Trap at McFarland Creek Road Bridge,4/30/2021,METTRP - Methow Smolt Trap at McFarland Creek Road Bridge,4/30/2021,A,Pacific Lamprey,"12MM TAG, MACROPHTHALMIA",146,1
3DD.003D9374DE,CGS-2021-066-KAE.xml,CGS - Charles Snow Projects,METTRP - Methow Smolt Trap at McFarland Creek Road Bridge,5/6/2021,METTRP - Methow Smolt Trap at McFarland Creek Road Bridge,5/6/2021,A,Pacific Lamprey,"12MM TAG, AMMOCOETE",135,1
3DD.003D9374DF,CGS-2021-066-KAE.xml,CGS - Charles Snow Projects,METTRP - Methow Smolt Trap at McFarland Creek Road Bridge,5/2/2021,METHR - Methow River,5/3/2021,A,Pacific Lamprey,"12MM TAG, AMMOCOETE",155,1
3DD.003D9374E0,CGS-2021-066-KAE.xml,CGS - Charles Snow Projects,METTRP - Methow Smolt Trap at McFarland Creek Road Bridge,5/2/2021,METHR - Methow River,5/3/2021,A,Pacific Lamprey,"12MM TAG, AMMOCOETE",143,1
3DD.003D9374E1,CGS-2021-066-KAE.xml,CGS - Charles Snow Projects,METTRP - Methow Smolt Trap at McFarland Creek Road Bridge,5/2/2021,METHR - Methow River,5/3/2021,A,Pacific Lamprey,"12MM TAG, AMMOCOETE",137,1
3DD.003D9374E2,CGS-2021-066-KAE.xml,CGS - Charles Snow Projects,METTRP - Methow Smolt Trap at McFarland Creek Road Bridge,5/16/2021,METTRP - Methow Smolt Trap at McFarland Creek Road Bridge,5/16/2021,A,Pacific Lamprey,"12MM TAG, AMMOCOETE",140,1
3DD.003D9374E3,CGS-2021-066-KAE.xml,CGS - Charles Snow Projects,METTRP - Methow Smolt Trap at McFarland Creek Road Bridge,5/2/2021,METHR - Methow River,5/3/2021,A,Pacific Lamprey,"12MM TAG, AMMOCOETE",137,1
3DD.003D9374E4,CGS-2021-066-KAE.xml,CGS - Charles Snow Projects,METTRP - Methow Smolt Trap at McFarland Creek Road Bridge,5/2/2021,METHR - Methow River,5/3/2021,A,Pacific Lamprey,"12MM TAG, AMMOCOETE",141,1
3DD.003D9374E5,CGS-2021-066-KAE.xml,CGS - Charles Snow Projects,METTRP - Methow Smolt Trap at McFarland Creek Road Bridge,5/2/2021,METHR - Methow River,5/3/2021,A,Pacific Lamprey,"12MM TAG, AMMOCOETE",114,1
3DD.003D9374E7,CGS-2021-066-KAE.xml,CGS - Charles Snow Projects,METTRP - Methow Smolt Trap at McFarland Creek Road Bridge,5/2/2021,METHR - Methow River,5/3/2021,A,Pacific Lamprey,"12MM TAG, AMMOCOETE",142,1
3DD.003D9374E8,CGS-2021-066-KAE.xml,CGS - Charles Snow Projects,METTRP - Methow Smolt Trap at McFarland Creek Road Bridge,5/16/2021,METTRP - Methow Smolt Trap at McFarland Creek Road Bridge,5/16/2021,A,Pacific Lamprey,"12MM TAG, AMMOCOETE",144,1
3DD.003D9374E9,CGS-2021-066-KAE.xml,CGS - Charles Snow Projects,METTRP - Methow Smolt Trap at McFarland Creek Road Bridge,5/2/2021,METHR - Methow River,5/3/2021,A,Pacific Lamprey,"12MM TAG, AMMOCOETE",145,1
3DD.003D9374EA,CGS-2021-066-KAE.xml,CGS - Charles Snow Projects,METTRP - Methow Smolt Trap at McFarland Creek Road Bridge,5/17/2021,METTRP - Methow Smolt Trap at McFarland Creek Road Bridge,5/17/2021,A,Pacific Lamprey,"12MM TAG, AMMOCOETE",133,1
3DD.003D9374EB,CGS-2021-066-KAE.xml,CGS - Charles Snow Projects,METTRP - Methow Smolt Trap at McFarland Creek Road Bridge,4/30/2021,METTRP - Methow Smolt Trap at McFarland Creek Road Bridge,4/30/2021,A,Pacific Lamprey,"12MM TAG, AMMOCOETE",136,1
3DD.003D9374EC,CGS-2021-066-KAE.xml,CGS - Charles Snow Projects,METTRP - Methow Smolt Trap at McFarland Creek Road Bridge,5/2/2021,METHR - Methow River,5/3/2021,A,Pacific Lamprey,"12MM TAG, AMMOCOETE",161,1
3DD.003D9374ED,CGS-2021-066-KAE.xml,CGS - Charles Snow Projects,METTRP - Methow Smolt Trap at McFarland Creek Road Bridge,5/2/2021,METHR - Methow River,5/3/2021,A,Pacific Lamprey,"12MM TAG, AMMOCOETE",139,1
3DD.003D9374EE,CGS-2021-066-KAE.xml,CGS - Charles Snow Projects,METTRP - Methow Smolt Trap at McFarland Creek Road Bridge,5/8/2021,METHR - Methow River,5/10/2021,A,Pacific Lamprey,"12MM TAG, AMMOCOETE",146,1
3DD.003D9374EF,CGS-2021-066-KAE.xml,CGS - Charles Snow Projects,METTRP - Methow Smolt Trap at McFarland Creek Road Bridge,5/7/2021,METTRP - Methow Smolt Trap at McFarland Creek Road Bridge,5/7/2021,A,Pacific Lamprey,"12MM TAG, AMMOCOETE",135,1
3DD.003D9374F0,CGS-2021-066-KAE.xml,CGS - Charles Snow Projects,METTRP - Methow Smolt Trap at McFarland Creek Road Bridge,5/1/2021,METTRP - Methow Smolt Trap at McFarland Creek Road Bridge,5/1/2021,A,Pacific Lamprey,"12MM TAG, MACROPHTHALMIA",139,1
3DD.003D9374F1,CGS-2021-066-KAE.xml,CGS - Charles Snow Projects,METTRP - Methow Smolt Trap at McFarland Creek Road Bridge,5/9/2021,METHR - Methow River,5/10/2021,A,Pacific Lamprey,"12MM TAG, AMMOCOETE",145,1
3DD.003D9374F2,CGS-2021-066-KAE.xml,CGS - Charles Snow Projects,METTRP - Methow Smolt Trap at McFarland Creek Road Bridge,5/16/2021,METTRP - Methow Smolt Trap at McFarland Creek Road Bridge,5/16/2021,A,Pacific Lamprey,"12MM TAG, AMMOCOETE",136,1
3DD.003D9374F3,CGS-2021-066-KAE.xml,CGS - Charles Snow Projects,METTRP - Methow Smolt Trap at McFarland Creek Road Bridge,5/6/2021,METTRP - Methow Smolt Trap at McFarland Creek Road Bridge,5/6/2021,A,Pacific Lamprey,"12MM TAG, AMMOCOETE",133,1
3DD.003D9374F4,CGS-2021-066-KAE.xml,CGS - Charles Snow Projects,METTRP - Methow Smolt Trap at McFarland Creek Road Bridge,5/8/2021,METHR - Methow River,5/10/2021,A,Pacific Lamprey,"12MM TAG, AMMOCOETE",152,1
3DD.003D9374F5,CGS-2021-066-KAE.xml,CGS - Charles Snow Projects,METTRP - Methow Smolt Trap at McFarland Creek Road Bridge,5/2/2021,METHR - Methow River,5/3/2021,A,Pacific Lamprey,"12MM TAG, AMMOCOETE",148,1
3DD.003D9374F6,CGS-2021-066-KAE.xml,CGS - Charles Snow Projects,METTRP - Methow Smolt Trap at McFarland Creek Road Bridge,5/2/2021,METHR - Methow River,5/3/2021,A,Pacific Lamprey,"12MM TAG, MACROPHTHALMIA",145,1
3DD.003D9374F7,CGS-2021-066-KAE.xml,CGS - Charles Snow Projects,METTRP - Methow Smolt Trap at McFarland Creek Road Bridge,5/2/2021,METHR - Methow River,5/3/2021,A,Pacific Lamprey,"12MM TAG, AMMOCOETE",138,1
3DD.003D9374F8,CGS-2021-066-KAE.xml,CGS - Charles Snow Projects,METTRP - Methow Smolt Trap at McFarland Creek Road Bridge,5/1/2021,METHR - Methow River,5/3/2021,A,Pacific Lamprey,"12MM TAG, AMMOCOETE",141,1
3DD.003D9374F9,CGS-2021-066-KAE.xml,CGS - Charles Snow Projects,METTRP - Methow Smolt Trap at McFarland Creek Road Bridge,5/17/2021,METTRP - Methow Smolt Trap at McFarland Creek Road Bridge,5/17/2021,A,Pacific Lamprey,"12MM TAG, AMMOCOETE",144,1
3DD.003D9374FA,CGS-2021-066-KAE.xml,CGS - Charles Snow Projects,METTRP - Methow Smolt Trap at McFarland Creek Road Bridge,5/1/2021,METTRP - Methow Smolt Trap at McFarland Creek Road Bridge,5/1/2021,A,Pacific Lamprey,"12MM TAG, AMMOCOETE",144,1
3DD.003D9374FB,CGS-2021-066-KAE.xml,CGS - Charles Snow Projects,METTRP - Methow Smolt Trap at McFarland Creek Road Bridge,5/2/2021,METHR - Methow River,5/3/2021,A,Pacific Lamprey,"12MM TAG, AMMOCOETE",147,1
3DD.003D9374FC,CGS-2021-066-KAE.xml,CGS - Charles Snow Projects,METTRP - Methow Smolt Trap at McFarland Creek Road Bridge,5/7/2021,METTRP - Methow Smolt Trap at McFarland Creek Road Bridge,5/7/2021,A,Pacific Lamprey,"12MM TAG, AMMOCOETE",138,1
3DD.003D9374FD,CGS-2021-066-KAE.xml,CGS - Charles Snow Projects,METTRP - Methow Smolt Trap at McFarland Creek Road Bridge,5/7/2021,METTRP - Methow Smolt Trap at McFarland Creek Road Bridge,5/7/2021,A,Pacific Lamprey,"12MM TAG, AMMOCOETE",143,1
3DD.003D9374FE,CGS-2021-066-KAE.xml,CGS - Charles Snow Projects,METTRP - Methow Smolt Trap at McFarland Creek Road Bridge,4/30/2021,METTRP - Methow Smolt Trap at McFarland Creek Road Bridge,4/30/2021,A,Pacific Lamprey,"12MM TAG, AMMOCOETE",138,1
3DD.003D9374FF,CGS-2021-066-KAE.xml,CGS - Charles Snow Projects,METTRP - Methow Smolt Trap at McFarland Creek Road Bridge,5/8/2021,METHR - Methow River,5/10/2021,A,Pacific Lamprey,"12MM TAG, AMMOCOETE",135,1
3DD.003D937500,CGS-2021-066-KAE.xml,CGS - Charles Snow Projects,METTRP - Methow Smolt Trap at McFarland Creek Road Bridge,5/3/2021,METHR - Methow River,5/3/2021,A,Pacific Lamprey,"12MM TAG, AMMOCOETE",147,1
3DD.003D937501,CGS-2021-066-KAE.xml,CGS - Charles Snow Projects,METTRP - Methow Smolt Trap at McFarland Creek Road Bridge,5/6/2021,METTRP - Methow Smolt Trap at McFarland Creek Road Bridge,5/6/2021,A,Pacific Lamprey,"12MM TAG, AMMOCOETE",137,1
3DD.003D937502,CGS-2021-066-KAE.xml,CGS - Charles Snow Projects,METTRP - Methow Smolt Trap at McFarland Creek Road Bridge,5/2/2021,METHR - Methow River,5/3/2021,A,Pacific Lamprey,"12MM TAG, AMMOCOETE",147,1
3DD.003D937503,CGS-2021-066-KAE.xml,CGS - Charles Snow Projects,METTRP - Methow Smolt Trap at McFarland Creek Road Bridge,5/2/2021,METHR - Methow River,5/3/2021,A,Pacific Lamprey,"12MM TAG, AMMOCOETE",137,1
3DD.003D937504,CGS-2021-066-KAE.xml,CGS - Charles Snow Projects,METTRP - Methow Smolt Trap at McFarland Creek Road Bridge,5/16/2021,METTRP - Methow Smolt Trap at McFarland Creek Road Bridge,5/16/2021,A,Pacific Lamprey,"12MM TAG, AMMOCOETE",136,1
3DD.003D937505,CGS-2021-066-KAE.xml,CGS - Charles Snow Projects,METTRP - Methow Smolt Trap at McFarland Creek Road Bridge,5/8/2021,METHR - Methow River,5/10/2021,A,Pacific Lamprey,"12MM TAG, AMMOCOETE",138,1
3DD.003D937506,CGS-2021-066-KAE.xml,CGS - Charles Snow Projects,METTRP - Methow Smolt Trap at McFarland Creek Road Bridge,5/3/2021,METHR - Methow River,5/3/2021,A,Pacific Lamprey,"12MM TAG, AMMOCOETE",138,1
3DD.003D937507,CGS-2021-066-KAE.xml,CGS - Charles Snow Projects,METTRP - Methow Smolt Trap at McFarland Creek Road Bridge,5/2/2021,METHR - Methow River,5/3/2021,A,Pacific Lamprey,"12MM TAG, AMMOCOETE",141,1
3DD.003D937508,CGS-2021-066-KAE.xml,CGS - Charles Snow Projects,METTRP - Methow Smolt Trap at McFarland Creek Road Bridge,5/9/2021,METHR - Methow River,5/10/2021,A,Pacific Lamprey,"12MM TAG, AMMOCOETE",144,1
3DD.003D937509,CGS-2021-066-KAE.xml,CGS - Charles Snow Projects,METTRP - Methow Smolt Trap at McFarland Creek Road Bridge,5/8/2021,METHR - Methow River,5/10/2021,A,Pacific Lamprey,"12MM TAG, AMMOCOETE",138,1
3DD.003D93750A,CGS-2021-066-KAE.xml,CGS - Charles Snow Projects,METTRP - Methow Smolt Trap at McFarland Creek Road Bridge,5/2/2021,METHR - Methow River,5/3/2021,A,Pacific Lamprey,"12MM TAG, AMMOCOETE",143,1
3DD.003D93750B,CGS-2021-066-KAE.xml,CGS - Charles Snow Projects,METTRP - Methow Smolt Trap at McFarland Creek Road Bridge,5/2/2021,METHR - Methow River,5/3/2021,A,Pacific Lamprey,"12MM TAG, MACROPHTHALMIA",141,1
3DD.003D93750C,CGS-2021-066-KAE.xml,CGS - Charles Snow Projects,METTRP - Methow Smolt Trap at McFarland Creek Road Bridge,5/2/2021,METHR - Methow River,5/3/2021,A,Pacific Lamprey,"12MM TAG, AMMOCOETE",144,1
3DD.003D93750D,CGS-2021-066-KAE.xml,CGS - Charles Snow Projects,METTRP - Methow Smolt Trap at McFarland Creek Road Bridge,5/18/2021,METTRP - Methow Smolt Trap at McFarland Creek Road Bridge,5/18/2021,A,Pacific Lamprey,"12MM TAG, AMMOCOETE",151,1
3DD.003D93750E,CGS-2021-066-KAE.xml,CGS - Charles Snow Projects,METTRP - Methow Smolt Trap at McFarland Creek Road Bridge,5/1/2021,METTRP - Methow Smolt Trap at McFarland Creek Road Bridge,5/1/2021,A,Pacific Lamprey,"12MM TAG, MACROPHTHALMIA",140,1
3DD.003D93750F,CGS-2021-066-KAE.xml,CGS - Charles Snow Projects,METTRP - Methow Smolt Trap at McFarland Creek Road Bridge,5/2/2021,METHR - Methow River,5/3/2021,A,Pacific Lamprey,"12MM TAG, AMMOCOETE",150,1
3DD.003D937510,CGS-2021-066-KAE.xml,CGS - Charles Snow Projects,METTRP - Methow Smolt Trap at McFarland Creek Road Bridge,5/15/2021,METTRP - Methow Smolt Trap at McFarland Creek Road Bridge,5/15/2021,A,Pacific Lamprey,"12MM TAG, AMMOCOETE",149,1
3DD.003D937511,CGS-2021-066-KAE.xml,CGS - Charles Snow Projects,METTRP - Methow Smolt Trap at McFarland Creek Road Bridge,5/1/2021,METHR - Methow River,5/3/2021,A,Pacific Lamprey,"12MM TAG, MACROPHTHALMIA",144,1
3DD.003D937512,CGS-2021-066-KAE.xml,CGS - Charles Snow Projects,METTRP - Methow Smolt Trap at McFarland Creek Road Bridge,5/1/2021,METTRP - Methow Smolt Trap at McFarland Creek Road Bridge,5/1/2021,A,Pacific Lamprey,"12MM TAG, AMMOCOETE",168,1
3DD.003D937513,CGS-2021-066-KAE.xml,CGS - Charles Snow Projects,METTRP - Methow Smolt Trap at McFarland Creek Road Bridge,5/7/2021,METTRP - Methow Smolt Trap at McFarland Creek Road Bridge,5/7/2021,A,Pacific Lamprey,"12MM TAG, AMMOCOETE",136,1
3DD.003D937514,CGS-2021-066-KAE.xml,CGS - Charles Snow Projects,METTRP - Methow Smolt Trap at McFarland Creek Road Bridge,5/1/2021,METTRP - Methow Smolt Trap at McFarland Creek Road Bridge,5/1/2021,A,Pacific Lamprey,"12MM TAG, AMMOCOETE",137,1
3DD.003D937515,CGS-2021-066-KAE.xml,CGS - Charles Snow Projects,METTRP - Methow Smolt Trap at McFarland Creek Road Bridge,5/3/2021,METHR - Methow River,5/3/2021,A,Pacific Lamprey,"12MM TAG, AMMOCOETE",138,1
3DD.003D937516,CGS-2021-066-KAE.xml,CGS - Charles Snow Projects,METTRP - Methow Smolt Trap at McFarland Creek Road Bridge,5/8/2021,METHR - Methow River,5/10/2021,A,Pacific Lamprey,"12MM TAG, AMMOCOETE",138,1
3DD.003D937517,CGS-2021-066-KAE.xml,CGS - Charles Snow Projects,METTRP - Methow Smolt Trap at McFarland Creek Road Bridge,5/15/2021,METTRP - Methow Smolt Trap at McFarland Creek Road Bridge,5/15/2021,A,Pacific Lamprey,"12MM TAG, AMMOCOETE",140,1
3DD.003D937518,CGS-2021-066-KAE.xml,CGS - Charles Snow Projects,METTRP - Methow Smolt Trap at McFarland Creek Road Bridge,5/2/2021,METHR - Methow River,5/3/2021,A,Pacific Lamprey,"12MM TAG, AMMOCOETE",144,1
3DD.003D937519,CGS-2021-066-KAE.xml,CGS - Charles Snow Projects,METTRP - Methow Smolt Trap at McFarland Creek Road Bridge,5/2/2021,METHR - Methow River,5/3/2021,A,Pacific Lamprey,"12MM TAG, AMMOCOETE",138,1
3DD.003D93751A,CGS-2021-066-KAE.xml,CGS - Charles Snow Projects,METTRP - Methow Smolt Trap at McFarland Creek Road Bridge,5/1/2021,METHR - Methow River,5/3/2021,A,Pacific Lamprey,"12MM TAG, AMMOCOETE",140,1
3DD.003D93751B,CGS-2021-066-KAE.xml,CGS - Charles Snow Projects,METTRP - Methow Smolt Trap at McFarland Creek Road Bridge,5/1/2021,METTRP - Methow Smolt Trap at McFarland Creek Road Bridge,5/1/2021,A,Pacific Lamprey,"12MM TAG, MACROPHTHALMIA",140,1
3DD.003D93751C,CGS-2021-066-KAE.xml,CGS - Charles Snow Projects,METTRP - Methow Smolt Trap at McFarland Creek Road Bridge,5/8/2021,METHR - Methow River,5/10/2021,A,Pacific Lamprey,"12MM TAG, AMMOCOETE",143,1
3DD.003D93751D,CGS-2021-066-KAE.xml,CGS - Charles Snow Projects,METTRP - Methow Smolt Trap at McFarland Creek Road Bridge,4/30/2021,METTRP - Methow Smolt Trap at McFarland Creek Road Bridge,4/30/2021,A,Pacific Lamprey,"12MM TAG, AMMOCOETE",138,1
3DD.003D93751E,CGS-2021-066-KAE.xml,CGS - Charles Snow Projects,METTRP - Methow Smolt Trap at McFarland Creek Road Bridge,5/3/2021,METHR - Methow River,5/3/2021,A,Pacific Lamprey,"12MM TAG, AMMOCOETE",139,1
3DD.003D93751F,CGS-2021-066-KAE.xml,CGS - Charles Snow Projects,METTRP - Methow Smolt Trap at McFarland Creek Road Bridge,5/2/2021,METHR - Methow River,5/3/2021,A,Pacific Lamprey,"12MM TAG, AMMOCOETE",148,1
3DD.003D937520,CGS-2021-066-KAE.xml,CGS - Charles Snow Projects,METTRP - Methow Smolt Trap at McFarland Creek Road Bridge,5/1/2021,METTRP - Methow Smolt Trap at McFarland Creek Road Bridge,5/1/2021,A,Pacific Lamprey,"12MM TAG, AMMOCOETE",139,1
3DD.003D937521,CGS-2021-066-KAE.xml,CGS - Charles Snow Projects,METTRP - Methow Smolt Trap at McFarland Creek Road Bridge,5/4/2021,METTRP - Methow Smolt Trap at McFarland Creek Road Bridge,5/4/2021,A,Pacific Lamprey,"12MM TAG, AMMOCOETE",136,1
3DD.003D937522,CGS-2021-066-KAE.xml,CGS - Charles Snow Projects,METTRP - Methow Smolt Trap at McFarland Creek Road Bridge,5/4/2021,METTRP - Methow Smolt Trap at McFarland Creek Road Bridge,5/4/2021,A,Pacific Lamprey,"12MM TAG, AMMOCOETE",139,1
3DD.003D937523,CGS-2021-066-KAE.xml,CGS - Charles Snow Projects,METTRP - Methow Smolt Trap at McFarland Creek Road Bridge,5/1/2021,METHR - Methow River,5/3/2021,A,Pacific Lamprey,"12MM TAG, MACROPHTHALMIA",143,1
3DD.003D937524,CGS-2021-066-KAE.xml,CGS - Charles Snow Projects,METTRP - Methow Smolt Trap at McFarland Creek Road Bridge,5/2/2021,METHR - Methow River,5/3/2021,A,Pacific Lamprey,"12MM TAG, AMMOCOETE",142,1
3DD.003D937525,CGS-2021-066-KAE.xml,CGS - Charles Snow Projects,METTRP - Methow Smolt Trap at McFarland Creek Road Bridge,5/2/2021,METHR - Methow River,5/3/2021,A,Pacific Lamprey,"12MM TAG, AMMOCOETE",142,1
3DD.003D937527,CGS-2021-066-KAE.xml,CGS - Charles Snow Projects,METTRP - Methow Smolt Trap at McFarland Creek Road Bridge,5/15/2021,METTRP - Methow Smolt Trap at McFarland Creek Road Bridge,5/15/2021,A,Pacific Lamprey,"12MM TAG, AMMOCOETE",136,1
3DD.003D937528,CGS-2021-066-KAE.xml,CGS - Charles Snow Projects,METTRP - Methow Smolt Trap at McFarland Creek Road Bridge,5/1/2021,METHR - Methow River,5/3/2021,A,Pacific Lamprey,"12MM TAG, AMMOCOETE",139,1
3DD.003D937529,CGS-2021-066-KAE.xml,CGS - Charles Snow Projects,METTRP - Methow Smolt Trap at McFarland Creek Road Bridge,5/6/2021,METTRP - Methow Smolt Trap at McFarland Creek Road Bridge,5/6/2021,A,Pacific Lamprey,"12MM TAG, AMMOCOETE",142,1
3DD.003D93752A,CGS-2021-066-KAE.xml,CGS - Charles Snow Projects,METTRP - Methow Smolt Trap at McFarland Creek Road Bridge,5/2/2021,METHR - Methow River,5/3/2021,A,Pacific Lamprey,"12MM TAG, AMMOCOETE",139,1
3DD.003D93752B,CGS-2021-066-KAE.xml,CGS - Charles Snow Projects,METTRP - Methow Smolt Trap at McFarland Creek Road Bridge,5/4/2021,METTRP - Methow Smolt Trap at McFarland Creek Road Bridge,5/4/2021,A,Pacific Lamprey,"12MM TAG, AMMOCOETE",137,1
3DD.003D93752C,CGS-2021-066-KAE.xml,CGS - Charles Snow Projects,METTRP - Methow Smolt Trap at McFarland Creek Road Bridge,5/1/2021,METHR - Methow River,5/3/2021,A,Pacific Lamprey,"12MM TAG, AMMOCOETE",138,1
3DD.003D93752D,CGS-2021-066-KAE.xml,CGS - Charles Snow Projects,METTRP - Methow Smolt Trap at McFarland Creek Road Bridge,5/2/2021,METHR - Methow River,5/3/2021,A,Pacific Lamprey,"12MM TAG, AMMOCOETE",145,1
3DD.003D93752E,CGS-2021-066-KAE.xml,CGS - Charles Snow Projects,METTRP - Methow Smolt Trap at McFarland Creek Road Bridge,4/28/2021,METTRP - Methow Smolt Trap at McFarland Creek Road Bridge,4/29/2021,A,Pacific Lamprey,"12MM TAG, AMMOCOETE",140,1
3DD.003D93752F,CGS-2021-066-KAE.xml,CGS - Charles Snow Projects,METTRP - Methow Smolt Trap at McFarland Creek Road Bridge,5/1/2021,METTRP - Methow Smolt Trap at McFarland Creek Road Bridge,5/1/2021,A,Pacific Lamprey,"12MM TAG, AMMOCOETE",147,1
3DD.003D937530,CGS-2021-066-KAE.xml,CGS - Charles Snow Projects,METTRP - Methow Smolt Trap at McFarland Creek Road Bridge,5/2/2021,METHR - Methow River,5/3/2021,A,Pacific Lamprey,"12MM TAG, AMMOCOETE",147,1
3DD.003D937531,CGS-2021-066-KAE.xml,CGS - Charles Snow Projects,METTRP - Methow Smolt Trap at McFarland Creek Road Bridge,5/2/2021,METHR - Methow River,5/3/2021,A,Pacific Lamprey,"12MM TAG, AMMOCOETE",140,1
3DD.003D937532,CGS-2021-066-KAE.xml,CGS - Charles Snow Projects,METTRP - Methow Smolt Trap at McFarland Creek Road Bridge,4/30/2021,METTRP - Methow Smolt Trap at McFarland Creek Road Bridge,4/30/2021,A,Pacific Lamprey,"12MM TAG, AMMOCOETE",137,1
3DD.003D937533,CGS-2021-066-KAE.xml,CGS - Charles Snow Projects,METTRP - Methow Smolt Trap at McFarland Creek Road Bridge,5/12/2021,METTRP - Methow Smolt Trap at McFarland Creek Road Bridge,5/12/2021,A,Pacific Lamprey,"12MM TAG, AMMOCOETE",142,1
3DD.003D937534,CGS-2021-066-KAE.xml,CGS - Charles Snow Projects,METTRP - Methow Smolt Trap at McFarland Creek Road Bridge,5/8/2021,METHR - Methow River,5/10/2021,A,Pacific Lamprey,"12MM TAG, AMMOCOETE",135,1
3DD.003D937535,CGS-2021-066-KAE.xml,CGS - Charles Snow Projects,METTRP - Methow Smolt Trap at McFarland Creek Road Bridge,5/2/2021,METHR - Methow River,5/3/2021,A,Pacific Lamprey,"12MM TAG, AMMOCOETE",139,1
3DD.003D9378BA,CGS-2021-066-KAE.xml,CGS - Charles Snow Projects,METTRP - Methow Smolt Trap at McFarland Creek Road Bridge,6/3/2021,METTRP - Methow Smolt Trap at McFarland Creek Road Bridge,6/3/2021,A,Pacific Lamprey,"12MM TAG, AMMOCOETE",143,1
3DD.003D9378BB,CGS-2022-051-KAE.xml,CGS - Charles Snow Projects,METTRP - Methow Smolt Trap at McFarland Creek Road Bridge,5/6/2022,METTRP - Methow Smolt Trap at McFarland Creek Road Bridge,5/6/2022,A,Pacific Lamprey,"12MM TAG, MACROPHTHALMIA",137,1
3DD.003D9378BC,CGS-2021-066-KAE.xml,CGS - Charles Snow Projects,METTRP - Methow Smolt Trap at McFarland Creek Road Bridge,6/3/2021,METTRP - Methow Smolt Trap at McFarland Creek Road Bridge,6/3/2021,A,Pacific Lamprey,"12MM TAG, AMMOCOETE",142,1
3DD.003D9378BD,CGS-2021-066-KAE.xml,CGS - Charles Snow Projects,METTRP - Methow Smolt Trap at McFarland Creek Road Bridge,5/16/2021,METTRP - Methow Smolt Trap at McFarland Creek Road Bridge,5/16/2021,A,Pacific Lamprey,"12MM TAG, AMMOCOETE",138,1
3DD.003D9378BE,CGS-2021-066-KAE.xml,CGS - Charles Snow Projects,METTRP - Methow Smolt Trap at McFarland Creek Road Bridge,5/16/2021,METTRP - Methow Smolt Trap at McFarland Creek Road Bridge,5/16/2021,A,Pacific Lamprey,"12MM TAG, AMMOCOETE",144,1
3DD.003D9378BF,CGS-2021-066-KAE.xml,CGS - Charles Snow Projects,METTRP - Methow Smolt Trap at McFarland Creek Road Bridge,5/16/2021,METTRP - Methow Smolt Trap at McFarland Creek Road Bridge,5/16/2021,A,Pacific Lamprey,"12MM TAG, AMMOCOETE",141,1
3DD.003D9378C0,CGS-2021-066-KAE.xml,CGS - Charles Snow Projects,METTRP - Methow Smolt Trap at McFarland Creek Road Bridge,5/16/2021,METTRP - Methow Smolt Trap at McFarland Creek Road Bridge,5/16/2021,A,Pacific Lamprey,"12MM TAG, AMMOCOETE",139,1
3DD.003D9378C1,CGS-2021-066-KAE.xml,CGS - Charles Snow Projects,METTRP - Methow Smolt Trap at McFarland Creek Road Bridge,6/3/2021,METTRP - Methow Smolt Trap at McFarland Creek Road Bridge,6/3/2021,A,Pacific Lamprey,"12MM TAG, AMMOCOETE",136,1
3DD.003D9378C2,CGS-2022-063-LAE.xml,CGS - Charles Snow Projects,TWITRP - Twisp River rotary smolt trap,5/6/2022,TWISPR - Twisp River,5/6/2022,A,Pacific Lamprey,"12MM TAG, AMMOCOETE",162,1
3DD.003D9378C3,CGS-2021-066-KAE.xml,CGS - Charles Snow Projects,METTRP - Methow Smolt Trap at McFarland Creek Road Bridge,6/2/2021,METTRP - Methow Smolt Trap at McFarland Creek Road Bridge,6/2/2021,A,Pacific Lamprey,"12MM TAG, AMMOCOETE",150,1
3DD.003D9378C4,CGS-2021-066-KAE.xml,CGS - Charles Snow Projects,METTRP - Methow Smolt Trap at McFarland Creek Road Bridge,6/3/2021,METTRP - Methow Smolt Trap at McFarland Creek Road Bridge,6/3/2021,A,Pacific Lamprey,"12MM TAG, AMMOCOETE",144,1
3DD.003D9378C5,CGS-2021-066-KAE.xml,CGS - Charles Snow Projects,METTRP - Methow Smolt Trap at McFarland Creek Road Bridge,6/13/2021,METTRP - Methow Smolt Trap at McFarland Creek Road Bridge,6/13/2021,A,Pacific Lamprey,"12MM TAG, AMMOCOETE",143,1
3DD.003D9378C6,CGS-2021-066-KAE.xml,CGS - Charles Snow Projects,METTRP - Methow Smolt Trap at McFarland Creek Road Bridge,6/3/2021,METTRP - Methow Smolt Trap at McFarland Creek Road Bridge,6/3/2021,A,Pacific Lamprey,"12MM TAG, AMMOCOETE",135,1
3DD.003D9378C7,CGS-2021-066-KAE.xml,CGS - Charles Snow Projects,METTRP - Methow Smolt Trap at McFarland Creek Road Bridge,6/6/2021,METTRP - Methow Smolt Trap at McFarland Creek Road Bridge,6/6/2021,A,Pacific Lamprey,"12MM TAG, AMMOCOETE",141,1
3DD.003D9378C8,CGS-2021-066-KAE.xml,CGS - Charles Snow Projects,METTRP - Methow Smolt Trap at McFarland Creek Road Bridge,5/17/2021,METTRP - Methow Smolt Trap at McFarland Creek Road Bridge,5/17/2021,A,Pacific Lamprey,"12MM TAG, AMMOCOETE",133,1
3DD.003D9378C9,CGS-2021-066-KAE.xml,CGS - Charles Snow Projects,METTRP - Methow Smolt Trap at McFarland Creek Road Bridge,6/2/2021,METTRP - Methow Smolt Trap at McFarland Creek Road Bridge,6/2/2021,A,Pacific Lamprey,"12MM TAG, AMMOCOETE",136,1
3DD.003D9378CA,CGS-2021-066-KAE.xml,CGS - Charles Snow Projects,METTRP - Methow Smolt Trap at McFarland Creek Road Bridge,5/18/2021,METTRP - Methow Smolt Trap at McFarland Creek Road Bridge,5/18/2021,A,Pacific Lamprey,"12MM TAG, AMMOCOETE",143,1
3DD.003D9378CB,CGS-2021-066-KAE.xml,CGS - Charles Snow Projects,METTRP - Methow Smolt Trap at McFarland Creek Road Bridge,5/16/2021,METTRP - Methow Smolt Trap at McFarland Creek Road Bridge,5/16/2021,A,Pacific Lamprey,"12MM TAG, AMMOCOETE",138,1
3DD.003D9378CC,CGS-2021-066-KAE.xml,CGS - Charles Snow Projects,METTRP - Methow Smolt Trap at McFarland Creek Road Bridge,5/18/2021,METTRP - Methow Smolt Trap at McFarland Creek Road Bridge,5/18/2021,A,Pacific Lamprey,"12MM TAG, AMMOCOETE",165,1
3DD.003D9378CD,CGS-2021-066-KAE.xml,CGS - Charles Snow Projects,METTRP - Methow Smolt Trap at McFarland Creek Road Bridge,6/3/2021,METTRP - Methow Smolt Trap at McFarland Creek Road Bridge,6/3/2021,A,Pacific Lamprey,"12MM TAG, AMMOCOETE",143,1
3DD.003D9378CE,CGS-2021-066-KAE.xml,CGS - Charles Snow Projects,METTRP - Methow Smolt Trap at McFarland Creek Road Bridge,5/17/2021,METTRP - Methow Smolt Trap at McFarland Creek Road Bridge,5/17/2021,A,Pacific Lamprey,"12MM TAG, AMMOCOETE",141,1
3DD.003D9378CF,CGS-2021-066-KAE.xml,CGS - Charles Snow Projects,METTRP - Methow Smolt Trap at McFarland Creek Road Bridge,5/16/2021,METTRP - Methow Smolt Trap at McFarland Creek Road Bridge,5/16/2021,A,Pacific Lamprey,"12MM TAG, AMMOCOETE",134,1
3DD.003D9378D0,CGS-2021-066-KAE.xml,CGS - Charles Snow Projects,METTRP - Methow Smolt Trap at McFarland Creek Road Bridge,5/28/2021,METTRP - Methow Smolt Trap at McFarland Creek Road Bridge,5/28/2021,A,Pacific Lamprey,"12MM TAG, AMMOCOETE",138,1
3DD.003D9378D1,CGS-2021-066-KAE.xml,CGS - Charles Snow Projects,METTRP - Methow Smolt Trap at McFarland Creek Road Bridge,6/3/2021,METTRP - Methow Smolt Trap at McFarland Creek Road Bridge,6/3/2021,A,Pacific Lamprey,"12MM TAG, AMMOCOETE",155,1
3DD.003D9378D2,CGS-2022-063-LAE.xml,CGS - Charles Snow Projects,TWITRP - Twisp River rotary smolt trap,5/15/2022,TWISPR - Twisp River,5/15/2022,A,Pacific Lamprey,"12MM TAG, AMMOCOETE",148,1
3DD.003D9378D3,CGS-2022-063-LAE.xml,CGS - Charles Snow Projects,TWITRP - Twisp River rotary smolt trap,3/29/2022,TWISPR - Twisp River,3/29/2022,A,Pacific Lamprey,"12MM TAG, AMMOCOETE",175,1
3DD.003D9378D4,CGS-2021-066-KAE.xml,CGS - Charles Snow Projects,METTRP - Methow Smolt Trap at McFarland Creek Road Bridge,5/17/2021,METTRP - Methow Smolt Trap at McFarland Creek Road Bridge,5/17/2021,A,Pacific Lamprey,"12MM TAG, AMMOCOETE",140,1
3DD.003D9378D5,CGS-2021-066-KAE.xml,CGS - Charles Snow Projects,METTRP - Methow Smolt Trap at McFarland Creek Road Bridge,6/3/2021,METTRP - Methow Smolt Trap at McFarland Creek Road Bridge,6/3/2021,A,Pacific Lamprey,"12MM TAG, AMMOCOETE",138,1
3DD.003D9378D6,CGS-2021-066-KAE.xml,CGS - Charles Snow Projects,METTRP - Methow Smolt Trap at McFarland Creek Road Bridge,5/16/2021,METTRP - Methow Smolt Trap at McFarland Creek Road Bridge,5/16/2021,A,Pacific Lamprey,"12MM TAG, AMMOCOETE",140,1
3DD.003D9378D7,CGS-2021-066-KAE.xml,CGS - Charles Snow Projects,METTRP - Methow Smolt Trap at McFarland Creek Road Bridge,5/16/2021,METTRP - Methow Smolt Trap at McFarland Creek Road Bridge,5/16/2021,A,Pacific Lamprey,"12MM TAG, AMMOCOETE",132,1
3DD.003D9378D8,CGS-2022-063-LAE.xml,CGS - Charles Snow Projects,TWITRP - Twisp River rotary smolt trap,3/28/2022,TWISPR - Twisp River,3/28/2022,A,Pacific Lamprey,"12MM TAG, AMMOCOETE",175,1
3DD.003D9378D9,CGS-2021-066-KAE.xml,CGS - Charles Snow Projects,METTRP - Methow Smolt Trap at McFarland Creek Road Bridge,5/16/2021,METTRP - Methow Smolt Trap at McFarland Creek Road Bridge,5/16/2021,A,Pacific Lamprey,"12MM TAG, AMMOCOETE",138,1
3DD.003D9378DA,CGS-2021-066-KAE.xml,CGS - Charles Snow Projects,METTRP - Methow Smolt Trap at McFarland Creek Road Bridge,5/17/2021,METTRP - Methow Smolt Trap at McFarland Creek Road Bridge,5/17/2021,A,Pacific Lamprey,"12MM TAG, AMMOCOETE",135,1
3DD.003D9378DB,CGS-2021-066-KAE.xml,CGS - Charles Snow Projects,METTRP - Methow Smolt Trap at McFarland Creek Road Bridge,5/17/2021,METTRP - Methow Smolt Trap at McFarland Creek Road Bridge,5/17/2021,A,Pacific Lamprey,"12MM TAG, AMMOCOETE",146,1
3DD.003D9378DC,CGS-2021-066-KAE.xml,CGS - Charles Snow Projects,METTRP - Methow Smolt Trap at McFarland Creek Road Bridge,5/17/2021,METTRP - Methow Smolt Trap at McFarland Creek Road Bridge,5/17/2021,A,Pacific Lamprey,"12MM TAG, AMMOCOETE",138,1
3DD.003D9378DD,CGS-2021-066-KAE.xml,CGS - Charles Snow Projects,METTRP - Methow Smolt Trap at McFarland Creek Road Bridge,6/3/2021,METTRP - Methow Smolt Trap at McFarland Creek Road Bridge,6/3/2021,A,Pacific Lamprey,"12MM TAG, AMMOCOETE",139,1
3DD.003D9378DE,CGS-2022-063-LAE.xml,CGS - Charles Snow Projects,TWITRP - Twisp River rotary smolt trap,5/4/2022,TWISPR - Twisp River,5/4/2022,A,Pacific Lamprey,"12MM TAG, AMMOCOETE",146,1
3DD.003D9378DF,CGS-2021-066-KAE.xml,CGS - Charles Snow Projects,METTRP - Methow Smolt Trap at McFarland Creek Road Bridge,5/16/2021,METTRP - Methow Smolt Trap at McFarland Creek Road Bridge,5/16/2021,A,Pacific Lamprey,"12MM TAG, AMMOCOETE",134,1
3DD.003D9378E0,CGS-2021-066-KAE.xml,CGS - Charles Snow Projects,METTRP - Methow Smolt Trap at McFarland Creek Road Bridge,5/17/2021,METTRP - Methow Smolt Trap at McFarland Creek Road Bridge,5/17/2021,A,Pacific Lamprey,"12MM TAG, AMMOCOETE",139,1
3DD.003D9378E1,CGS-2022-063-LAE.xml,CGS - Charles Snow Projects,TWITRP - Twisp River rotary smolt trap,5/6/2022,TWISPR - Twisp River,5/6/2022,A,Pacific Lamprey,"12MM TAG, AMMOCOETE",167,1
3DD.003D9378E2,CGS-2022-051-KAE.xml,CGS - Charles Snow Projects,METTRP - Methow Smolt Trap at McFarland Creek Road Bridge,5/5/2022,METTRP - Methow Smolt Trap at McFarland Creek Road Bridge,5/5/2022,A,Pacific Lamprey,"12MM TAG, AMMOCOETE",136,1
3DD.003D9378E3,CGS-2022-051-KAE.xml,CGS - Charles Snow Projects,METTRP - Methow Smolt Trap at McFarland Creek Road Bridge,5/4/2022,METTRP - Methow Smolt Trap at McFarland Creek Road Bridge,5/5/2022,A,Pacific Lamprey,"12MM TAG, AMMOCOETE",145,1
3DD.003D9378E4,CGS-2022-063-LAE.xml,CGS - Charles Snow Projects,TWITRP - Twisp River rotary smolt trap,5/4/2022,TWISPR - Twisp River,5/4/2022,A,Pacific Lamprey,"12MM TAG, AMMOCOETE",147,1
3DD.003D9378E5,CGS-2021-066-KAE.xml,CGS - Charles Snow Projects,METTRP - Methow Smolt Trap at McFarland Creek Road Bridge,5/17/2021,METTRP - Methow Smolt Trap at McFarland Creek Road Bridge,5/17/2021,A,Pacific Lamprey,"12MM TAG, AMMOCOETE",137,1
3DD.003D9378E6,CGS-2021-066-KAE.xml,CGS - Charles Snow Projects,METTRP - Methow Smolt Trap at McFarland Creek Road Bridge,6/6/2021,METTRP - Methow Smolt Trap at McFarland Creek Road Bridge,6/6/2021,A,Pacific Lamprey,"12MM TAG, AMMOCOETE",142,1
3DD.003D9378E7,CGS-2021-066-KAE.xml,CGS - Charles Snow Projects,METTRP - Methow Smolt Trap at McFarland Creek Road Bridge,5/17/2021,METTRP - Methow Smolt Trap at McFarland Creek Road Bridge,5/17/2021,A,Pacific Lamprey,"12MM TAG, AMMOCOETE",133,1
3DD.003D9378E8,CGS-2021-066-KAE.xml,CGS - Charles Snow Projects,METTRP - Methow Smolt Trap at McFarland Creek Road Bridge,5/18/2021,METTRP - Methow Smolt Trap at McFarland Creek Road Bridge,5/18/2021,A,Pacific Lamprey,"12MM TAG, AMMOCOETE",132,1
3DD.003D9378E9,CGS-2022-063-LAE.xml,CGS - Charles Snow Projects,TWITRP - Twisp River rotary smolt trap,4/2/2022,TWISPR - Twisp River,4/2/2022,A,Pacific Lamprey,"12MM TAG, AMMOCOETE",139,1
3DD.003D9378EA,CGS-2021-066-KAE.xml,CGS - Charles Snow Projects,METTRP - Methow Smolt Trap at McFarland Creek Road Bridge,5/31/2021,METTRP - Methow Smolt Trap at McFarland Creek Road Bridge,5/31/2021,A,Pacific Lamprey,"12MM TAG, AMMOCOETE",145,1
3DD.003D9378EB,CGS-2021-066-KAE.xml,CGS - Charles Snow Projects,METTRP - Methow Smolt Trap at McFarland Creek Road Bridge,6/3/2021,METTRP - Methow Smolt Trap at McFarland Creek Road Bridge,6/3/2021,A,Pacific Lamprey,"12MM TAG, AMMOCOETE",140,1
3DD.003D9378EC,CGS-2021-066-KAE.xml,CGS - Charles Snow Projects,METTRP - Methow Smolt Trap at McFarland Creek Road Bridge,5/31/2021,METTRP - Methow Smolt Trap at McFarland Creek Road Bridge,5/31/2021,A,Pacific Lamprey,"12MM TAG, AMMOCOETE",143,1
3DD.003D9378ED,CGS-2021-066-KAE.xml,CGS - Charles Snow Projects,METTRP - Methow Smolt Trap at McFarland Creek Road Bridge,6/2/2021,METTRP - Methow Smolt Trap at McFarland Creek Road Bridge,6/2/2021,A,Pacific Lamprey,"12MM TAG, AMMOCOETE",137,1
3DD.003D9378EE,CGS-2022-063-LAE.xml,CGS - Charles Snow Projects,TWITRP - Twisp River rotary smolt trap,4/27/2022,TWISPR - Twisp River,4/27/2022,A,Pacific Lamprey,"12MM TAG, AMMOCOETE",167,1
3DD.003D9378EF,CGS-2021-066-KAE.xml,CGS - Charles Snow Projects,METTRP - Methow Smolt Trap at McFarland Creek Road Bridge,5/18/2021,METTRP - Methow Smolt Trap at McFarland Creek Road Bridge,5/18/2021,A,Pacific Lamprey,"12MM TAG, AMMOCOETE",155,1
3DD.003D9378F0,CGS-2021-066-KAE.xml,CGS - Charles Snow Projects,METTRP - Methow Smolt Trap at McFarland Creek Road Bridge,5/17/2021,METTRP - Methow Smolt Trap at McFarland Creek Road Bridge,5/17/2021,A,Pacific Lamprey,"12MM TAG, AMMOCOETE",132,1
3DD.003D9378F1,CGS-2021-066-KAE.xml,CGS - Charles Snow Projects,METTRP - Methow Smolt Trap at McFarland Creek Road Bridge,6/3/2021,METTRP - Methow Smolt Trap at McFarland Creek Road Bridge,6/3/2021,A,Pacific Lamprey,"12MM TAG, AMMOCOETE",134,1
3DD.003D9378F2,CGS-2021-066-KAE.xml,CGS - Charles Snow Projects,METTRP - Methow Smolt Trap at McFarland Creek Road Bridge,6/2/2021,METTRP - Methow Smolt Trap at McFarland Creek Road Bridge,6/2/2021,A,Pacific Lamprey,"12MM TAG, AMMOCOETE",138,1
3DD.003D9378F3,CGS-2021-066-KAE.xml,CGS - Charles Snow Projects,METTRP - Methow Smolt Trap at McFarland Creek Road Bridge,5/16/2021,METTRP - Methow Smolt Trap at McFarland Creek Road Bridge,5/16/2021,A,Pacific Lamprey,"12MM TAG, MACROPHTHALMIA",138,1
3DD.003D9378F4,CGS-2022-063-LAE.xml,CGS - Charles Snow Projects,TWITRP - Twisp River rotary smolt trap,5/4/2022,TWISPR - Twisp River,5/4/2022,A,Pacific Lamprey,"12MM TAG, AMMOCOETE",160,1
3DD.003D9378F5,CGS-2021-066-KAE.xml,CGS - Charles Snow Projects,METTRP - Methow Smolt Trap at McFarland Creek Road Bridge,5/17/2021,METTRP - Methow Smolt Trap at McFarland Creek Road Bridge,5/17/2021,A,Pacific Lamprey,"12MM TAG, AMMOCOETE",139,1
3DD.003D9378F6,CGS-2021-066-KAE.xml,CGS - Charles Snow Projects,METTRP - Methow Smolt Trap at McFarland Creek Road Bridge,5/17/2021,METTRP - Methow Smolt Trap at McFarland Creek Road Bridge,5/17/2021,A,Pacific Lamprey,"12MM TAG, AMMOCOETE",135,1
3DD.003D9378F7,CGS-2022-051-KAE.xml,CGS - Charles Snow Projects,METTRP - Methow Smolt Trap at McFarland Creek Road Bridge,5/4/2022,METTRP - Methow Smolt Trap at McFarland Creek Road Bridge,5/4/2022,A,Pacific Lamprey,"12MM TAG, AMMOCOETE",137,1
3DD.003D9378F8,CGS-2021-066-KAE.xml,CGS - Charles Snow Projects,METTRP - Methow Smolt Trap at McFarland Creek Road Bridge,6/2/2021,METTRP - Methow Smolt Trap at McFarland Creek Road Bridge,6/2/2021,A,Pacific Lamprey,"12MM TAG, AMMOCOETE",144,1
3DD.003D9378F9,CGS-2022-063-LAE.xml,CGS - Charles Snow Projects,TWITRP - Twisp River rotary smolt trap,4/25/2022,TWISPR - Twisp River,4/25/2022,A,Pacific Lamprey,"12MM TAG, AMMOCOETE",169,1
3DD.003D9378FA,CGS-2021-066-KAE.xml,CGS - Charles Snow Projects,METTRP - Methow Smolt Trap at McFarland Creek Road Bridge,6/2/2021,METTRP - Methow Smolt Trap at McFarland Creek Road Bridge,6/2/2021,A,Pacific Lamprey,"12MM TAG, AMMOCOETE",138,1
3DD.003D9378FB,CGS-2021-066-KAE.xml,CGS - Charles Snow Projects,METTRP - Methow Smolt Trap at McFarland Creek Road Bridge,5/17/2021,METTRP - Methow Smolt Trap at McFarland Creek Road Bridge,5/17/2021,A,Pacific Lamprey,"12MM TAG, AMMOCOETE",132,1
3DD.003D9378FC,CGS-2021-066-KAE.xml,CGS - Charles Snow Projects,METTRP - Methow Smolt Trap at McFarland Creek Road Bridge,6/6/2021,METTRP - Methow Smolt Trap at McFarland Creek Road Bridge,6/6/2021,A,Pacific Lamprey,"12MM TAG, AMMOCOETE",138,1
3DD.003D9378FD,CGS-2021-066-KAE.xml,CGS - Charles Snow Projects,METTRP - Methow Smolt Trap at McFarland Creek Road Bridge,5/16/2021,METTRP - Methow Smolt Trap at McFarland Creek Road Bridge,5/16/2021,A,Pacific Lamprey,"12MM TAG, AMMOCOETE",142,1
3DD.003D9378FE,CGS-2021-066-KAE.xml,CGS - Charles Snow Projects,METTRP - Methow Smolt Trap at McFarland Creek Road Bridge,5/18/2021,METTRP - Methow Smolt Trap at McFarland Creek Road Bridge,5/18/2021,A,Pacific Lamprey,"12MM TAG, AMMOCOETE",149,1
3DD.003D9378FF,CGS-2021-066-KAE.xml,CGS - Charles Snow Projects,METTRP - Methow Smolt Trap at McFarland Creek Road Bridge,5/17/2021,METTRP - Methow Smolt Trap at McFarland Creek Road Bridge,5/17/2021,A,Pacific Lamprey,"12MM TAG, AMMOCOETE",137,1
3DD.003D937900,CGS-2022-063-LAE.xml,CGS - Charles Snow Projects,TWITRP - Twisp River rotary smolt trap,5/4/2022,TWISPR - Twisp River,5/4/2022,A,Pacific Lamprey,"12MM TAG, AMMOCOETE",171,1
3DD.003D937901,CGS-2022-063-LAE.xml,CGS - Charles Snow Projects,TWITRP - Twisp River rotary smolt trap,3/28/2022,TWISPR - Twisp River,3/28/2022,A,Pacific Lamprey,"12MM TAG, AMMOCOETE",146,1
3DD.003D937902,CGS-2021-066-KAE.xml,CGS - Charles Snow Projects,METTRP - Methow Smolt Trap at McFarland Creek Road Bridge,6/3/2021,METTRP - Methow Smolt Trap at McFarland Creek Road Bridge,6/3/2021,A,Pacific Lamprey,"12MM TAG, AMMOCOETE",147,1
3DD.003D937903,CGS-2021-066-KAE.xml,CGS - Charles Snow Projects,METTRP - Methow Smolt Trap at McFarland Creek Road Bridge,6/3/2021,METTRP - Methow Smolt Trap at McFarland Creek Road Bridge,6/3/2021,A,Pacific Lamprey,"12MM TAG, AMMOCOETE",135,1
3DD.003D937904,CGS-2022-063-LAE.xml,CGS - Charles Snow Projects,TWITRP - Twisp River rotary smolt trap,5/22/2022,TWISPR - Twisp River,5/22/2022,A,Pacific Lamprey,"12MM TAG, AMMOCOETE",164,1
3DD.003D937905,CGS-2021-066-KAE.xml,CGS - Charles Snow Projects,METTRP - Methow Smolt Trap at McFarland Creek Road Bridge,6/3/2021,METTRP - Methow Smolt Trap at McFarland Creek Road Bridge,6/3/2021,A,Pacific Lamprey,"12MM TAG, AMMOCOETE",140,1
3DD.003D937906,CGS-2021-066-KAE.xml,CGS - Charles Snow Projects,METTRP - Methow Smolt Trap at McFarland Creek Road Bridge,5/17/2021,METTRP - Methow Smolt Trap at McFarland Creek Road Bridge,5/17/2021,A,Pacific Lamprey,"12MM TAG, AMMOCOETE",133,1
3DD.003D937907,CGS-2021-066-KAE.xml,CGS - Charles Snow Projects,METTRP - Methow Smolt Trap at McFarland Creek Road Bridge,5/17/2021,METTRP - Methow Smolt Trap at McFarland Creek Road Bridge,5/17/2021,A,Pacific Lamprey,"12MM TAG, AMMOCOETE",147,1
3DD.003D937908,CGS-2021-066-KAE.xml,CGS - Charles Snow Projects,METTRP - Methow Smolt Trap at McFarland Creek Road Bridge,5/17/2021,METTRP - Methow Smolt Trap at McFarland Creek Road Bridge,5/17/2021,A,Pacific Lamprey,"12MM TAG, AMMOCOETE",133,1
3DD.003D937909,CGS-2021-066-KAE.xml,CGS - Charles Snow Projects,METTRP - Methow Smolt Trap at McFarland Creek Road Bridge,5/17/2021,METTRP - Methow Smolt Trap at McFarland Creek Road Bridge,5/17/2021,A,Pacific Lamprey,"12MM TAG, AMMOCOETE",139,1
3DD.003D93790A,CGS-2022-063-LAE.xml,CGS - Charles Snow Projects,TWITRP - Twisp River rotary smolt trap,5/5/2022,TWISPR - Twisp River,5/5/2022,A,Pacific Lamprey,"12MM TAG, AMMOCOETE",145,1
3DD.003D93790B,CGS-2022-063-LAE.xml,CGS - Charles Snow Projects,TWITRP - Twisp River rotary smolt trap,5/2/2022,TWISPR - Twisp River,5/2/2022,A,Pacific Lamprey,"12MM TAG, AMMOCOETE",160,1
3DD.003D93790C,CGS-2021-066-KAE.xml,CGS - Charles Snow Projects,METTRP - Methow Smolt Trap at McFarland Creek Road Bridge,6/3/2021,METTRP - Methow Smolt Trap at McFarland Creek Road Bridge,6/3/2021,A,Pacific Lamprey,"12MM TAG, AMMOCOETE",149,1
3DD.003D93790D,CGS-2022-051-KAE.xml,CGS - Charles Snow Projects,METTRP - Methow Smolt Trap at McFarland Creek Road Bridge,5/5/2022,METTRP - Methow Smolt Trap at McFarland Creek Road Bridge,5/5/2022,A,Pacific Lamprey,"12MM TAG, AMMOCOETE",140,1
3DD.003D93790E,CGS-2021-066-KAE.xml,CGS - Charles Snow Projects,METTRP - Methow Smolt Trap at McFarland Creek Road Bridge,6/3/2021,METTRP - Methow Smolt Trap at McFarland Creek Road Bridge,6/3/2021,A,Pacific Lamprey,"12MM TAG, AMMOCOETE",146,1
3DD.003D93790F,CGS-2022-063-LAE.xml,CGS - Charles Snow Projects,TWITRP - Twisp River rotary smolt trap,5/3/2022,TWISPR - Twisp River,5/3/2022,A,Pacific Lamprey,"12MM TAG, AMMOCOETE",148,1
3DD.003D937910,CGS-2021-066-KAE.xml,CGS - Charles Snow Projects,METTRP - Methow Smolt Trap at McFarland Creek Road Bridge,6/3/2021,METTRP - Methow Smolt Trap at McFarland Creek Road Bridge,6/3/2021,A,Pacific Lamprey,"12MM TAG, AMMOCOETE",137,1
3DD.003D937911,CGS-2021-066-KAE.xml,CGS - Charles Snow Projects,METTRP - Methow Smolt Trap at McFarland Creek Road Bridge,6/2/2021,METTRP - Methow Smolt Trap at McFarland Creek Road Bridge,6/3/2021,A,Pacific Lamprey,"12MM TAG, AMMOCOETE",140,1
3DD.003D937912,CGS-2021-066-KAE.xml,CGS - Charles Snow Projects,METTRP - Methow Smolt Trap at McFarland Creek Road Bridge,5/30/2021,METTRP - Methow Smolt Trap at McFarland Creek Road Bridge,5/30/2021,A,Pacific Lamprey,"12MM TAG, AMMOCOETE",145,1
3DD.003D937913,CGS-2022-063-LAE.xml,CGS - Charles Snow Projects,TWITRP - Twisp River rotary smolt trap,5/5/2022,TWISPR - Twisp River,5/5/2022,A,Pacific Lamprey,"12MM TAG, AMMOCOETE",140,1
3DD.003D937914,CGS-2021-066-KAE.xml,CGS - Charles Snow Projects,METTRP - Methow Smolt Trap at McFarland Creek Road Bridge,6/3/2021,METTRP - Methow Smolt Trap at McFarland Creek Road Bridge,6/3/2021,A,Pacific Lamprey,"12MM TAG, AMMOCOETE",144,1
3DD.003D937915,CGS-2021-066-KAE.xml,CGS - Charles Snow Projects,METTRP - Methow Smolt Trap at McFarland Creek Road Bridge,6/3/2021,METTRP - Methow Smolt Trap at McFarland Creek Road Bridge,6/3/2021,A,Pacific Lamprey,"12MM TAG, AMMOCOETE",147,1
3DD.003D937916,CGS-2021-066-KAE.xml,CGS - Charles Snow Projects,METTRP - Methow Smolt Trap at McFarland Creek Road Bridge,6/3/2021,METTRP - Methow Smolt Trap at McFarland Creek Road Bridge,6/3/2021,A,Pacific Lamprey,"12MM TAG, AMMOCOETE",139,1
3DD.003D937917,CGS-2021-066-KAE.xml,CGS - Charles Snow Projects,METTRP - Methow Smolt Trap at McFarland Creek Road Bridge,6/3/2021,METTRP - Methow Smolt Trap at McFarland Creek Road Bridge,6/3/2021,A,Pacific Lamprey,"12MM TAG, AMMOCOETE",136,1
3DD.003D937918,CGS-2021-066-KAE.xml,CGS - Charles Snow Projects,METTRP - Methow Smolt Trap at McFarland Creek Road Bridge,5/17/2021,METTRP - Methow Smolt Trap at McFarland Creek Road Bridge,5/17/2021,A,Pacific Lamprey,"12MM TAG, AMMOCOETE",140,1
3DD.003D937919,CGS-2021-066-KAE.xml,CGS - Charles Snow Projects,METTRP - Methow Smolt Trap at McFarland Creek Road Bridge,6/3/2021,METTRP - Methow Smolt Trap at McFarland Creek Road Bridge,6/3/2021,A,Pacific Lamprey,"12MM TAG, AMMOCOETE",137,1
3DD.003D93791A,CGS-2022-063-LAE.xml,CGS - Charles Snow Projects,TWITRP - Twisp River rotary smolt trap,3/29/2022,TWISPR - Twisp River,3/29/2022,A,Pacific Lamprey,"12MM TAG, AMMOCOETE",142,1
3DD.003D93791B,CGS-2021-066-KAE.xml,CGS - Charles Snow Projects,METTRP - Methow Smolt Trap at McFarland Creek Road Bridge,5/17/2021,METTRP - Methow Smolt Trap at McFarland Creek Road Bridge,5/17/2021,A,Pacific Lamprey,"12MM TAG, AMMOCOETE",141,1
3DD.003D93791C,CGS-2021-066-KAE.xml,CGS - Charles Snow Projects,METTRP - Methow Smolt Trap at McFarland Creek Road Bridge,6/3/2021,METTRP - Methow Smolt Trap at McFarland Creek Road Bridge,6/3/2021,A,Pacific Lamprey,"12MM TAG, AMMOCOETE",139,1
3DD.003D93791D,CGS-2022-063-LAE.xml,CGS - Charles Snow Projects,TWITRP - Twisp River rotary smolt trap,3/29/2022,TWISPR - Twisp River,3/29/2022,A,Pacific Lamprey,"12MM TAG, AMMOCOETE",141,1
3DD.003D937AB1,CGS-2022-051-KAE.xml,CGS - Charles Snow Projects,METTRP - Methow Smolt Trap at McFarland Creek Road Bridge,5/27/2022,METTRP - Methow Smolt Trap at McFarland Creek Road Bridge,5/28/2022,A,Pacific Lamprey,"12MM TAG, MACROPHTHALMIA",146,1
3DD.003D937AB2,CGS-2022-051-KAE.xml,CGS - Charles Snow Projects,METTRP - Methow Smolt Trap at McFarland Creek Road Bridge,5/7/2022,METTRP - Methow Smolt Trap at McFarland Creek Road Bridge,5/7/2022,A,Pacific Lamprey,"12MM TAG, AMMOCOETE",153,1
3DD.003D937AB3,CGS-2022-051-KAE.xml,CGS - Charles Snow Projects,METTRP - Methow Smolt Trap at McFarland Creek Road Bridge,5/7/2022,METTRP - Methow Smolt Trap at McFarland Creek Road Bridge,5/7/2022,A,Pacific Lamprey,"12MM TAG, AMMOCOETE",153,1
3DD.003D937AB4,CGS-2022-051-KAE.xml,CGS - Charles Snow Projects,METTRP - Methow Smolt Trap at McFarland Creek Road Bridge,5/28/2022,METTRP - Methow Smolt Trap at McFarland Creek Road Bridge,5/28/2022,A,Pacific Lamprey,"12MM TAG, MACROPHTHALMIA",137,1
3DD.003D937AB5,CGS-2022-051-KAE.xml,CGS - Charles Snow Projects,METTRP - Methow Smolt Trap at McFarland Creek Road Bridge,5/27/2022,METTRP - Methow Smolt Trap at McFarland Creek Road Bridge,5/28/2022,A,Pacific Lamprey,"12MM TAG, AMMOCOETE",158,1
3DD.003D937AB6,CGS-2022-051-KAE.xml,CGS - Charles Snow Projects,METTRP - Methow Smolt Trap at McFarland Creek Road Bridge,5/28/2022,METTRP - Methow Smolt Trap at McFarland Creek Road Bridge,5/28/2022,A,Pacific Lamprey,"12MM TAG, MACROPHTHALMIA",139,1
3DD.003D937AB7,CGS-2022-051-KAE.xml,CGS - Charles Snow Projects,METTRP - Methow Smolt Trap at McFarland Creek Road Bridge,5/6/2022,METTRP - Methow Smolt Trap at McFarland Creek Road Bridge,5/6/2022,A,Pacific Lamprey,"12MM TAG, MACROPHTHALMIA",140,1
3DD.003D937AB8,CGS-2022-051-KAE.xml,CGS - Charles Snow Projects,METTRP - Methow Smolt Trap at McFarland Creek Road Bridge,5/28/2022,METTRP - Methow Smolt Trap at McFarland Creek Road Bridge,5/28/2022,A,Pacific Lamprey,"12MM TAG, AMMOCOETE",141,1
3DD.003D937AB9,CGS-2022-051-KAE.xml,CGS - Charles Snow Projects,METTRP - Methow Smolt Trap at McFarland Creek Road Bridge,5/7/2022,METTRP - Methow Smolt Trap at McFarland Creek Road Bridge,5/7/2022,A,Pacific Lamprey,"12MM TAG, AMMOCOETE",139,1
3DD.003D937ABA,CGS-2022-051-KAE.xml,CGS - Charles Snow Projects,METTRP - Methow Smolt Trap at McFarland Creek Road Bridge,5/28/2022,METTRP - Methow Smolt Trap at McFarland Creek Road Bridge,5/28/2022,A,Pacific Lamprey,"12MM TAG, AMMOCOETE",149,1
3DD.003D937ABB,CGS-2022-051-KAE.xml,CGS - Charles Snow Projects,METTRP - Methow Smolt Trap at McFarland Creek Road Bridge,5/6/2022,METTRP - Methow Smolt Trap at McFarland Creek Road Bridge,5/6/2022,A,Pacific Lamprey,"12MM TAG, MACROPHTHALMIA",163,1
3DD.003D937ABC,CGS-2022-051-KAE.xml,CGS - Charles Snow Projects,METTRP - Methow Smolt Trap at McFarland Creek Road Bridge,5/27/2022,METTRP - Methow Smolt Trap at McFarland Creek Road Bridge,5/27/2022,A,Pacific Lamprey,"12MM TAG, AMMOCOETE",144,1
3DD.003D937ABD,CGS-2022-051-KAE.xml,CGS - Charles Snow Projects,METTRP - Methow Smolt Trap at McFarland Creek Road Bridge,5/6/2022,METTRP - Methow Smolt Trap at McFarland Creek Road Bridge,5/6/2022,A,Pacific Lamprey,"12MM TAG, MACROPHTHALMIA",138,1
3DD.003D937ABE,CGS-2022-051-KAE.xml,CGS - Charles Snow Projects,METTRP - Methow Smolt Trap at McFarland Creek Road Bridge,6/3/2022,METTRP - Methow Smolt Trap at McFarland Creek Road Bridge,6/3/2022,A,Pacific Lamprey,"12MM TAG, AMMOCOETE",142,1
3DD.003D937ABF,CGS-2022-051-KAE.xml,CGS - Charles Snow Projects,METTRP - Methow Smolt Trap at McFarland Creek Road Bridge,5/7/2022,METTRP - Methow Smolt Trap at McFarland Creek Road Bridge,5/7/2022,A,Pacific Lamprey,"12MM TAG, AMMOCOETE",148,1
3DD.003D937AC0,CGS-2022-051-KAE.xml,CGS - Charles Snow Projects,METTRP - Methow Smolt Trap at McFarland Creek Road Bridge,5/7/2022,METTRP - Methow Smolt Trap at McFarland Creek Road Bridge,5/7/2022,A,Pacific Lamprey,"12MM TAG, AMMOCOETE",152,1
3DD.003D937AC1,CGS-2022-051-KAE.xml,CGS - Charles Snow Projects,METTRP - Methow Smolt Trap at McFarland Creek Road Bridge,5/6/2022,METTRP - Methow Smolt Trap at McFarland Creek Road Bridge,5/6/2022,A,Pacific Lamprey,"12MM TAG, MACROPHTHALMIA",148,1
3DD.003D937AC2,CGS-2022-051-KAE.xml,CGS - Charles Snow Projects,METTRP - Methow Smolt Trap at McFarland Creek Road Bridge,5/6/2022,METTRP - Methow Smolt Trap at McFarland Creek Road Bridge,5/6/2022,A,Pacific Lamprey,"12MM TAG, MACROPHTHALMIA",139,1
3DD.003D937AC3,CGS-2022-051-KAE.xml,CGS - Charles Snow Projects,METTRP - Methow Smolt Trap at McFarland Creek Road Bridge,5/27/2022,METTRP - Methow Smolt Trap at McFarland Creek Road Bridge,5/28/2022,A,Pacific Lamprey,"12MM TAG, AMMOCOETE",144,1
3DD.003D937AC4,CGS-2022-051-KAE.xml,CGS - Charles Snow Projects,METTRP - Methow Smolt Trap at McFarland Creek Road Bridge,5/18/2022,METTRP - Methow Smolt Trap at McFarland Creek Road Bridge,5/18/2022,A,Pacific Lamprey,"12MM TAG, AMMOCOETE",148,1
3DD.003D937AC5,CGS-2022-051-KAE.xml,CGS - Charles Snow Projects,METTRP - Methow Smolt Trap at McFarland Creek Road Bridge,5/5/2022,METTRP - Methow Smolt Trap at McFarland Creek Road Bridge,5/5/2022,A,Pacific Lamprey,"12MM TAG, MACROPHTHALMIA",142,1
3DD.003D937AC6,CGS-2022-051-KAE.xml,CGS - Charles Snow Projects,METTRP - Methow Smolt Trap at McFarland Creek Road Bridge,5/7/2022,METTRP - Methow Smolt Trap at McFarland Creek Road Bridge,5/7/2022,A,Pacific Lamprey,"12MM TAG, MACROPHTHALMIA",147,1
3DD.003D937AC7,CGS-2022-051-KAE.xml,CGS - Charles Snow Projects,METTRP - Methow Smolt Trap at McFarland Creek Road Bridge,5/6/2022,METTRP - Methow Smolt Trap at McFarland Creek Road Bridge,5/6/2022,A,Pacific Lamprey,"12MM TAG, MACROPHTHALMIA",149,1
3DD.003D937AC8,CGS-2022-051-KAE.xml,CGS - Charles Snow Projects,METTRP - Methow Smolt Trap at McFarland Creek Road Bridge,5/7/2022,METTRP - Methow Smolt Trap at McFarland Creek Road Bridge,5/7/2022,A,Pacific Lamprey,"12MM TAG, AMMOCOETE",140,1
3DD.003D937AC9,CGS-2022-051-KAE.xml,CGS - Charles Snow Projects,METTRP - Methow Smolt Trap at McFarland Creek Road Bridge,5/26/2022,METTRP - Methow Smolt Trap at McFarland Creek Road Bridge,5/26/2022,A,Pacific Lamprey,"12MM TAG, AMMOCOETE",140,1
3DD.003D937ACA,CGS-2022-051-KAE.xml,CGS - Charles Snow Projects,METTRP - Methow Smolt Trap at McFarland Creek Road Bridge,5/29/2022,METTRP - Methow Smolt Trap at McFarland Creek Road Bridge,5/29/2022,A,Pacific Lamprey,"12MM TAG, AMMOCOETE",157,1
3DD.003D937ACB,CGS-2022-051-KAE.xml,CGS - Charles Snow Projects,METTRP - Methow Smolt Trap at McFarland Creek Road Bridge,5/28/2022,METTRP - Methow Smolt Trap at McFarland Creek Road Bridge,5/28/2022,A,Pacific Lamprey,"12MM TAG, AMMOCOETE",155,1
3DD.003D937ACC,CGS-2022-051-KAE.xml,CGS - Charles Snow Projects,METTRP - Methow Smolt Trap at McFarland Creek Road Bridge,5/7/2022,METTRP - Methow Smolt Trap at McFarland Creek Road Bridge,5/7/2022,A,Pacific Lamprey,"12MM TAG, AMMOCOETE",151,1
3DD.003D937ACD,CGS-2022-051-KAE.xml,CGS - Charles Snow Projects,METTRP - Methow Smolt Trap at McFarland Creek Road Bridge,5/19/2022,METTRP - Methow Smolt Trap at McFarland Creek Road Bridge,5/19/2022,A,Pacific Lamprey,"12MM TAG, AMMOCOETE",180,1
3DD.003D937ACE,CGS-2022-051-KAE.xml,CGS - Charles Snow Projects,METTRP - Methow Smolt Trap at McFarland Creek Road Bridge,6/3/2022,METTRP - Methow Smolt Trap at McFarland Creek Road Bridge,6/3/2022,A,Pacific Lamprey,"12MM TAG, AMMOCOETE",146,1
3DD.003D937ACF,CGS-2022-051-KAE.xml,CGS - Charles Snow Projects,METTRP - Methow Smolt Trap at McFarland Creek Road Bridge,5/28/2022,METTRP - Methow Smolt Trap at McFarland Creek Road Bridge,5/28/2022,A,Pacific Lamprey,"12MM TAG, AMMOCOETE",151,1
3DD.003D937AD0,CGS-2022-051-KAE.xml,CGS - Charles Snow Projects,METTRP - Methow Smolt Trap at McFarland Creek Road Bridge,5/28/2022,METTRP - Methow Smolt Trap at McFarland Creek Road Bridge,5/28/2022,A,Pacific Lamprey,"12MM TAG, AMMOCOETE",139,1
3DD.003D937AD1,CGS-2022-051-KAE.xml,CGS - Charles Snow Projects,METTRP - Methow Smolt Trap at McFarland Creek Road Bridge,5/7/2022,METTRP - Methow Smolt Trap at McFarland Creek Road Bridge,5/7/2022,A,Pacific Lamprey,"12MM TAG, AMMOCOETE",148,1
3DD.003D937AD2,CGS-2022-051-KAE.xml,CGS - Charles Snow Projects,METTRP - Methow Smolt Trap at McFarland Creek Road Bridge,5/7/2022,METTRP - Methow Smolt Trap at McFarland Creek Road Bridge,5/7/2022,A,Pacific Lamprey,"12MM TAG, AMMOCOETE",148,1
3DD.003D937AD3,CGS-2022-051-KAE.xml,CGS - Charles Snow Projects,METTRP - Methow Smolt Trap at McFarland Creek Road Bridge,5/27/2022,METTRP - Methow Smolt Trap at McFarland Creek Road Bridge,5/28/2022,A,Pacific Lamprey,"12MM TAG, AMMOCOETE",135,1
3DD.003D937AD4,CGS-2022-051-KAE.xml,CGS - Charles Snow Projects,METTRP - Methow Smolt Trap at McFarland Creek Road Bridge,5/28/2022,METTRP - Methow Smolt Trap at McFarland Creek Road Bridge,5/28/2022,A,Pacific Lamprey,"12MM TAG, AMMOCOETE",145,1
3DD.003D937AD5,CGS-2022-051-KAE.xml,CGS - Charles Snow Projects,METTRP - Methow Smolt Trap at McFarland Creek Road Bridge,5/6/2022,METTRP - Methow Smolt Trap at McFarland Creek Road Bridge,5/6/2022,A,Pacific Lamprey,"12MM TAG, MACROPHTHALMIA",147,1
3DD.003D937AD6,CGS-2022-051-KAE.xml,CGS - Charles Snow Projects,METTRP - Methow Smolt Trap at McFarland Creek Road Bridge,5/28/2022,METTRP - Methow Smolt Trap at McFarland Creek Road Bridge,5/28/2022,A,Pacific Lamprey,"12MM TAG, AMMOCOETE",137,1
3DD.003D937AD7,CGS-2022-051-KAE.xml,CGS - Charles Snow Projects,METTRP - Methow Smolt Trap at McFarland Creek Road Bridge,5/2/2022,METTRP - Methow Smolt Trap at McFarland Creek Road Bridge,5/2/2022,A,Pacific Lamprey,"12MM TAG, AMMOCOETE",134,1
3DD.003D937AD8,CGS-2022-051-KAE.xml,CGS - Charles Snow Projects,METTRP - Methow Smolt Trap at McFarland Creek Road Bridge,5/5/2022,METTRP - Methow Smolt Trap at McFarland Creek Road Bridge,5/5/2022,A,Pacific Lamprey,"12MM TAG, AMMOCOETE",144,1
3DD.003D937AD9,CGS-2022-051-KAE.xml,CGS - Charles Snow Projects,METTRP - Methow Smolt Trap at McFarland Creek Road Bridge,5/6/2022,METTRP - Methow Smolt Trap at McFarland Creek Road Bridge,5/6/2022,A,Pacific Lamprey,"12MM TAG, MACROPHTHALMIA",138,1
3DD.003D937ADA,CGS-2022-051-KAE.xml,CGS - Charles Snow Projects,METTRP - Methow Smolt Trap at McFarland Creek Road Bridge,5/7/2022,METTRP - Methow Smolt Trap at McFarland Creek Road Bridge,5/7/2022,A,Pacific Lamprey,"12MM TAG, AMMOCOETE",141,1
3DD.003D937ADB,CGS-2022-051-KAE.xml,CGS - Charles Snow Projects,METTRP - Methow Smolt Trap at McFarland Creek Road Bridge,5/28/2022,METTRP - Methow Smolt Trap at McFarland Creek Road Bridge,5/28/2022,A,Pacific Lamprey,"12MM TAG, AMMOCOETE",135,1
3DD.003D937ADC,CGS-2022-051-KAE.xml,CGS - Charles Snow Projects,METTRP - Methow Smolt Trap at McFarland Creek Road Bridge,5/9/2022,METTRP - Methow Smolt Trap at McFarland Creek Road Bridge,5/9/2022,A,Pacific Lamprey,"12MM TAG, AMMOCOETE",139,1
3DD.003D937ADD,CGS-2022-051-KAE.xml,CGS - Charles Snow Projects,METTRP - Methow Smolt Trap at McFarland Creek Road Bridge,5/7/2022,METTRP - Methow Smolt Trap at McFarland Creek Road Bridge,5/7/2022,A,Pacific Lamprey,"12MM TAG, MACROPHTHALMIA",142,1
3DD.003D937ADE,CGS-2022-051-KAE.xml,CGS - Charles Snow Projects,METTRP - Methow Smolt Trap at McFarland Creek Road Bridge,5/7/2022,METTRP - Methow Smolt Trap at McFarland Creek Road Bridge,5/7/2022,A,Pacific Lamprey,"12MM TAG, AMMOCOETE",145,1
3DD.003D937ADF,CGS-2022-051-KAE.xml,CGS - Charles Snow Projects,METTRP - Methow Smolt Trap at McFarland Creek Road Bridge,5/7/2022,METTRP - Methow Smolt Trap at McFarland Creek Road Bridge,5/7/2022,A,Pacific Lamprey,"12MM TAG, AMMOCOETE",144,1
3DD.003D937AE0,CGS-2022-051-KAE.xml,CGS - Charles Snow Projects,METTRP - Methow Smolt Trap at McFarland Creek Road Bridge,5/7/2022,METTRP - Methow Smolt Trap at McFarland Creek Road Bridge,5/7/2022,A,Pacific Lamprey,"12MM TAG, MACROPHTHALMIA",137,1
3DD.003D937AE1,CGS-2022-051-KAE.xml,CGS - Charles Snow Projects,METTRP - Methow Smolt Trap at McFarland Creek Road Bridge,5/28/2022,METTRP - Methow Smolt Trap at McFarland Creek Road Bridge,5/28/2022,A,Pacific Lamprey,"12MM TAG, AMMOCOETE",160,1
3DD.003D937AE2,CGS-2022-051-KAE.xml,CGS - Charles Snow Projects,METTRP - Methow Smolt Trap at McFarland Creek Road Bridge,5/28/2022,METTRP - Methow Smolt Trap at McFarland Creek Road Bridge,5/28/2022,A,Pacific Lamprey,"12MM TAG, AMMOCOETE",165,1
3DD.003D937AE3,CGS-2022-051-KAE.xml,CGS - Charles Snow Projects,METTRP - Methow Smolt Trap at McFarland Creek Road Bridge,5/17/2022,METTRP - Methow Smolt Trap at McFarland Creek Road Bridge,5/17/2022,A,Pacific Lamprey,"12MM TAG, AMMOCOETE",137,1
3DD.003D937AE4,CGS-2022-051-KAE.xml,CGS - Charles Snow Projects,METTRP - Methow Smolt Trap at McFarland Creek Road Bridge,5/7/2022,METTRP - Methow Smolt Trap at McFarland Creek Road Bridge,5/7/2022,A,Pacific Lamprey,"12MM TAG, AMMOCOETE",141,1
3DD.003D937AE5,CGS-2022-051-KAE.xml,CGS - Charles Snow Projects,METTRP - Methow Smolt Trap at McFarland Creek Road Bridge,5/7/2022,METTRP - Methow Smolt Trap at McFarland Creek Road Bridge,5/7/2022,A,Pacific Lamprey,"12MM TAG, AMMOCOETE",148,1
3DD.003D937AE6,CGS-2022-051-KAE.xml,CGS - Charles Snow Projects,METTRP - Methow Smolt Trap at McFarland Creek Road Bridge,5/4/2022,METTRP - Methow Smolt Trap at McFarland Creek Road Bridge,5/4/2022,A,Pacific Lamprey,"12MM TAG, AMMOCOETE",136,1
3DD.003D937AE7,CGS-2022-051-KAE.xml,CGS - Charles Snow Projects,METTRP - Methow Smolt Trap at McFarland Creek Road Bridge,6/2/2022,METTRP - Methow Smolt Trap at McFarland Creek Road Bridge,6/3/2022,A,Pacific Lamprey,"12MM TAG, AMMOCOETE",138,1
3DD.003D937AE8,CGS-2022-051-KAE.xml,CGS - Charles Snow Projects,METTRP - Methow Smolt Trap at McFarland Creek Road Bridge,5/28/2022,METTRP - Methow Smolt Trap at McFarland Creek Road Bridge,5/28/2022,A,Pacific Lamprey,"12MM TAG, AMMOCOETE",141,1
3DD.003D937AE9,CGS-2022-051-KAE.xml,CGS - Charles Snow Projects,METTRP - Methow Smolt Trap at McFarland Creek Road Bridge,5/7/2022,METTRP - Methow Smolt Trap at McFarland Creek Road Bridge,5/7/2022,A,Pacific Lamprey,"12MM TAG, MACROPHTHALMIA",135,1
3DD.003D937AEA,CGS-2022-051-KAE.xml,CGS - Charles Snow Projects,METTRP - Methow Smolt Trap at McFarland Creek Road Bridge,5/5/2022,METTRP - Methow Smolt Trap at McFarland Creek Road Bridge,5/5/2022,A,Pacific Lamprey,"12MM TAG, AMMOCOETE",137,1
3DD.003D937AEB,CGS-2022-051-KAE.xml,CGS - Charles Snow Projects,METTRP - Methow Smolt Trap at McFarland Creek Road Bridge,5/3/2022,METTRP - Methow Smolt Trap at McFarland Creek Road Bridge,5/3/2022,A,Pacific Lamprey,"12MM TAG, AMMOCOETE",151,1
3DD.003D937AEC,CGS-2022-051-KAE.xml,CGS - Charles Snow Projects,METTRP - Methow Smolt Trap at McFarland Creek Road Bridge,5/7/2022,METTRP - Methow Smolt Trap at McFarland Creek Road Bridge,5/7/2022,A,Pacific Lamprey,"12MM TAG, AMMOCOETE",151,1
3DD.003D937AED,CGS-2022-051-KAE.xml,CGS - Charles Snow Projects,METTRP - Methow Smolt Trap at McFarland Creek Road Bridge,5/7/2022,METTRP - Methow Smolt Trap at McFarland Creek Road Bridge,5/7/2022,A,Pacific Lamprey,"12MM TAG, AMMOCOETE",146,1
3DD.003D937AEE,CGS-2022-051-KAE.xml,CGS - Charles Snow Projects,METTRP - Methow Smolt Trap at McFarland Creek Road Bridge,5/7/2022,METTRP - Methow Smolt Trap at McFarland Creek Road Bridge,5/7/2022,A,Pacific Lamprey,"12MM TAG, MACROPHTHALMIA",140,1
3DD.003D937AEF,CGS-2022-051-KAE.xml,CGS - Charles Snow Projects,METTRP - Methow Smolt Trap at McFarland Creek Road Bridge,5/4/2022,METTRP - Methow Smolt Trap at McFarland Creek Road Bridge,5/5/2022,A,Pacific Lamprey,"12MM TAG, MACROPHTHALMIA",133,1
3DD.003D937AF0,CGS-2022-051-KAE.xml,CGS - Charles Snow Projects,METTRP - Methow Smolt Trap at McFarland Creek Road Bridge,5/7/2022,METTRP - Methow Smolt Trap at McFarland Creek Road Bridge,5/7/2022,A,Pacific Lamprey,"12MM TAG, AMMOCOETE",143,1
3DD.003D937AF1,CGS-2022-051-KAE.xml,CGS - Charles Snow Projects,METTRP - Methow Smolt Trap at McFarland Creek Road Bridge,5/7/2022,METTRP - Methow Smolt Trap at McFarland Creek Road Bridge,5/7/2022,A,Pacific Lamprey,"12MM TAG, MACROPHTHALMIA",143,1
3DD.003D937AF2,CGS-2022-051-KAE.xml,CGS - Charles Snow Projects,METTRP - Methow Smolt Trap at McFarland Creek Road Bridge,5/28/2022,METTRP - Methow Smolt Trap at McFarland Creek Road Bridge,5/28/2022,A,Pacific Lamprey,"12MM TAG, MACROPHTHALMIA",136,1
3DD.003D937AF3,CGS-2022-051-KAE.xml,CGS - Charles Snow Projects,METTRP - Methow Smolt Trap at McFarland Creek Road Bridge,5/28/2022,METTRP - Methow Smolt Trap at McFarland Creek Road Bridge,5/28/2022,A,Pacific Lamprey,"12MM TAG, AMMOCOETE",140,1
3DD.003D937AF4,CGS-2022-051-KAE.xml,CGS - Charles Snow Projects,METTRP - Methow Smolt Trap at McFarland Creek Road Bridge,6/2/2022,METTRP - Methow Smolt Trap at McFarland Creek Road Bridge,6/3/2022,A,Pacific Lamprey,"12MM TAG, AMMOCOETE",141,1
3DD.003D937AF5,CGS-2022-051-KAE.xml,CGS - Charles Snow Projects,METTRP - Methow Smolt Trap at McFarland Creek Road Bridge,5/7/2022,METTRP - Methow Smolt Trap at McFarland Creek Road Bridge,5/7/2022,A,Pacific Lamprey,"12MM TAG, MACROPHTHALMIA",138,1
3DD.003D937AF6,CGS-2022-051-KAE.xml,CGS - Charles Snow Projects,METTRP - Methow Smolt Trap at McFarland Creek Road Bridge,5/5/2022,METTRP - Methow Smolt Trap at McFarland Creek Road Bridge,5/5/2022,A,Pacific Lamprey,"12MM TAG, AMMOCOETE",154,1
3DD.003D937AF8,CGS-2022-051-KAE.xml,CGS - Charles Snow Projects,METTRP - Methow Smolt Trap at McFarland Creek Road Bridge,5/6/2022,METTRP - Methow Smolt Trap at McFarland Creek Road Bridge,5/6/2022,A,Pacific Lamprey,"12MM TAG, MACROPHTHALMIA",169,1
3DD.003D937AF9,CGS-2022-051-KAE.xml,CGS - Charles Snow Projects,METTRP - Methow Smolt Trap at McFarland Creek Road Bridge,5/5/2022,METTRP - Methow Smolt Trap at McFarland Creek Road Bridge,5/5/2022,A,Pacific Lamprey,"12MM TAG, MACROPHTHALMIA",137,1
3DD.003D937AFA,CGS-2022-051-KAE.xml,CGS - Charles Snow Projects,METTRP - Methow Smolt Trap at McFarland Creek Road Bridge,5/7/2022,METTRP - Methow Smolt Trap at McFarland Creek Road Bridge,5/7/2022,A,Pacific Lamprey,"12MM TAG, AMMOCOETE",143,1
3DD.003D937AFB,CGS-2022-051-KAE.xml,CGS - Charles Snow Projects,METTRP - Methow Smolt Trap at McFarland Creek Road Bridge,5/7/2022,METTRP - Methow Smolt Trap at McFarland Creek Road Bridge,5/7/2022,A,Pacific Lamprey,"12MM TAG, AMMOCOETE",144,1
3DD.003D937AFC,CGS-2022-051-KAE.xml,CGS - Charles Snow Projects,METTRP - Methow Smolt Trap at McFarland Creek Road Bridge,5/7/2022,METTRP - Methow Smolt Trap at McFarland Creek Road Bridge,5/7/2022,A,Pacific Lamprey,"12MM TAG, MACROPHTHALMIA",138,1
3DD.003D937AFD,CGS-2022-051-KAE.xml,CGS - Charles Snow Projects,METTRP - Methow Smolt Trap at McFarland Creek Road Bridge,5/26/2022,METTRP - Methow Smolt Trap at McFarland Creek Road Bridge,5/26/2022,A,Pacific Lamprey,"12MM TAG, AMMOCOETE",155,1
3DD.003D937AFE,CGS-2022-051-KAE.xml,CGS - Charles Snow Projects,METTRP - Methow Smolt Trap at McFarland Creek Road Bridge,5/5/2022,METTRP - Methow Smolt Trap at McFarland Creek Road Bridge,5/5/2022,A,Pacific Lamprey,"12MM TAG, MACROPHTHALMIA",145,1
3DD.003D937AFF,CGS-2022-051-KAE.xml,CGS - Charles Snow Projects,METTRP - Methow Smolt Trap at McFarland Creek Road Bridge,5/26/2022,METTRP - Methow Smolt Trap at McFarland Creek Road Bridge,5/26/2022,A,Pacific Lamprey,"12MM TAG, AMMOCOETE",137,1
3DD.003D937B00,CGS-2022-051-KAE.xml,CGS - Charles Snow Projects,METTRP - Methow Smolt Trap at McFarland Creek Road Bridge,5/9/2022,METTRP - Methow Smolt Trap at McFarland Creek Road Bridge,5/9/2022,A,Pacific Lamprey,"12MM TAG, AMMOCOETE",139,1
3DD.003D937B01,CGS-2022-051-KAE.xml,CGS - Charles Snow Projects,METTRP - Methow Smolt Trap at McFarland Creek Road Bridge,5/6/2022,METTRP - Methow Smolt Trap at McFarland Creek Road Bridge,5/6/2022,A,Pacific Lamprey,"12MM TAG, MACROPHTHALMIA",141,1
3DD.003D937B02,CGS-2022-051-KAE.xml,CGS - Charles Snow Projects,METTRP - Methow Smolt Trap at McFarland Creek Road Bridge,5/6/2022,METTRP - Methow Smolt Trap at McFarland Creek Road Bridge,5/6/2022,A,Pacific Lamprey,"12MM TAG, MACROPHTHALMIA",143,1
3DD.003D937B03,CGS-2022-051-KAE.xml,CGS - Charles Snow Projects,METTRP - Methow Smolt Trap at McFarland Creek Road Bridge,5/5/2022,METTRP - Methow Smolt Trap at McFarland Creek Road Bridge,5/5/2022,A,Pacific Lamprey,"12MM TAG, MACROPHTHALMIA",135,1
3DD.003D937B04,CGS-2022-051-KAE.xml,CGS - Charles Snow Projects,METTRP - Methow Smolt Trap at McFarland Creek Road Bridge,6/3/2022,METTRP - Methow Smolt Trap at McFarland Creek Road Bridge,6/3/2022,A,Pacific Lamprey,"12MM TAG, AMMOCOETE",142,1
3DD.003D937B05,CGS-2022-051-KAE.xml,CGS - Charles Snow Projects,METTRP - Methow Smolt Trap at McFarland Creek Road Bridge,5/27/2022,METTRP - Methow Smolt Trap at McFarland Creek Road Bridge,5/28/2022,A,Pacific Lamprey,"12MM TAG, AMMOCOETE",151,1
3DD.003D937B06,CGS-2022-051-KAE.xml,CGS - Charles Snow Projects,METTRP - Methow Smolt Trap at McFarland Creek Road Bridge,5/5/2022,METTRP - Methow Smolt Trap at McFarland Creek Road Bridge,5/5/2022,A,Pacific Lamprey,"12MM TAG, AMMOCOETE",138,1
3DD.003D937B07,CGS-2022-051-KAE.xml,CGS - Charles Snow Projects,METTRP - Methow Smolt Trap at McFarland Creek Road Bridge,5/6/2022,METTRP - Methow Smolt Trap at McFarland Creek Road Bridge,5/6/2022,A,Pacific Lamprey,"12MM TAG, MACROPHTHALMIA",136,1
3DD.003D937B08,CGS-2022-051-KAE.xml,CGS - Charles Snow Projects,METTRP - Methow Smolt Trap at McFarland Creek Road Bridge,5/7/2022,METTRP - Methow Smolt Trap at McFarland Creek Road Bridge,5/7/2022,A,Pacific Lamprey,"12MM TAG, MACROPHTHALMIA",135,1
3DD.003D937B09,CGS-2022-051-KAE.xml,CGS - Charles Snow Projects,METTRP - Methow Smolt Trap at McFarland Creek Road Bridge,5/4/2022,METTRP - Methow Smolt Trap at McFarland Creek Road Bridge,5/5/2022,A,Pacific Lamprey,"12MM TAG, MACROPHTHALMIA",135,1
3DD.003D937B0A,CGS-2022-051-KAE.xml,CGS - Charles Snow Projects,METTRP - Methow Smolt Trap at McFarland Creek Road Bridge,5/17/2022,METTRP - Methow Smolt Trap at McFarland Creek Road Bridge,5/17/2022,A,Pacific Lamprey,"12MM TAG, AMMOCOETE",135,1
3DD.003D937B0B,CGS-2022-051-KAE.xml,CGS - Charles Snow Projects,METTRP - Methow Smolt Trap at McFarland Creek Road Bridge,5/28/2022,METTRP - Methow Smolt Trap at McFarland Creek Road Bridge,5/28/2022,A,Pacific Lamprey,"12MM TAG, AMMOCOETE",152,1
3DD.003D937B0C,CGS-2022-051-KAE.xml,CGS - Charles Snow Projects,METTRP - Methow Smolt Trap at McFarland Creek Road Bridge,5/28/2022,METTRP - Methow Smolt Trap at McFarland Creek Road Bridge,5/28/2022,A,Pacific Lamprey,"12MM TAG, AMMOCOETE",155,1
3DD.003D937B0D,CGS-2022-051-KAE.xml,CGS - Charles Snow Projects,METTRP - Methow Smolt Trap at McFarland Creek Road Bridge,5/26/2022,METTRP - Methow Smolt Trap at McFarland Creek Road Bridge,5/26/2022,A,Pacific Lamprey,"12MM TAG, AMMOCOETE",134,1
3DD.003D937B0E,CGS-2022-051-KAE.xml,CGS - Charles Snow Projects,METTRP - Methow Smolt Trap at McFarland Creek Road Bridge,5/4/2022,METTRP - Methow Smolt Trap at McFarland Creek Road Bridge,5/5/2022,A,Pacific Lamprey,"12MM TAG, AMMOCOETE",166,1
3DD.003D937B0F,CGS-2022-051-KAE.xml,CGS - Charles Snow Projects,METTRP - Methow Smolt Trap at McFarland Creek Road Bridge,5/27/2022,METTRP - Methow Smolt Trap at McFarland Creek Road Bridge,5/28/2022,A,Pacific Lamprey,"12MM TAG, MACROPHTHALMIA",133,1
3DD.003D937B10,CGS-2022-051-KAE.xml,CGS - Charles Snow Projects,METTRP - Methow Smolt Trap at McFarland Creek Road Bridge,5/27/2022,METTRP - Methow Smolt Trap at McFarland Creek Road Bridge,5/28/2022,A,Pacific Lamprey,"12MM TAG, AMMOCOETE",144,1
3DD.003D937B11,CGS-2022-051-KAE.xml,CGS - Charles Snow Projects,METTRP - Methow Smolt Trap at McFarland Creek Road Bridge,5/17/2022,METTRP - Methow Smolt Trap at McFarland Creek Road Bridge,5/17/2022,A,Pacific Lamprey,"12MM TAG, MACROPHTHALMIA",135,1
3DD.003D937B12,CGS-2022-051-KAE.xml,CGS - Charles Snow Projects,METTRP - Methow Smolt Trap at McFarland Creek Road Bridge,5/7/2022,METTRP - Methow Smolt Trap at McFarland Creek Road Bridge,5/7/2022,A,Pacific Lamprey,"12MM TAG, MACROPHTHALMIA",138,1
3DD.003D937B13,CGS-2022-051-KAE.xml,CGS - Charles Snow Projects,METTRP - Methow Smolt Trap at McFarland Creek Road Bridge,5/6/2022,METTRP - Methow Smolt Trap at McFarland Creek Road Bridge,5/6/2022,A,Pacific Lamprey,"12MM TAG, MACROPHTHALMIA",178,1
3DD.003D937B14,CGS-2022-051-KAE.xml,CGS - Charles Snow Projects,METTRP - Methow Smolt Trap at McFarland Creek Road Bridge,5/27/2022,METTRP - Methow Smolt Trap at McFarland Creek Road Bridge,5/28/2022,A,Pacific Lamprey,"12MM TAG, AMMOCOETE",142,1
3DD.003D937B1C,CGS-2023-084-KAE.xml,CGS - Charles Snow Projects,METTRP - Methow Smolt Trap at McFarland Creek Road Bridge,10/12/2023,METHR - Methow River,10/12/2023,A,Pacific Lamprey,"12MM TAG, AMMOCOETE",114,1
3DD.003D937B20,CGS-2023-084-KAE.xml,CGS - Charles Snow Projects,METTRP - Methow Smolt Trap at McFarland Creek Road Bridge,5/26/2023,METHR - Methow River,5/26/2023,A,Pacific Lamprey,"12MM TAG, AMMOCOETE",142,1
3DD.003D937B23,CGS-2023-084-KAE.xml,CGS - Charles Snow Projects,METTRP - Methow Smolt Trap at McFarland Creek Road Bridge,5/31/2023,METHR - Methow River,6/1/2023,A,Pacific Lamprey,"12MM TAG, AMMOCOETE",138,1
3DD.003D937B24,CGS-2024-033-KAE.xml,CGS - Charles Snow Projects,METTRP - Methow Smolt Trap at McFarland Creek Road Bridge,4/16/2024,METHR - Methow River,4/16/2024,A,Pacific Lamprey,"12MM TAG, AMMOCOETE",139,1
3DD.003D937B2B,CGS-2024-033-KAE.xml,CGS - Charles Snow Projects,METTRP - Methow Smolt Trap at McFarland Creek Road Bridge,4/16/2024,METHR - Methow River,4/16/2024,A,Pacific Lamprey,"12MM TAG, MACROPHTHALMIA",139,1
3DD.003D937B30,CGS-2024-033-KAE.xml,CGS - Charles Snow Projects,METTRP - Methow Smolt Trap at McFarland Creek Road Bridge,4/5/2024,METHR - Methow River,4/7/2024,A,Pacific Lamprey,"12MM TAG, AMMOCOETE",133,1
3DD.003D937B42,CGS-2023-084-KAE.xml,CGS - Charles Snow Projects,METTRP - Methow Smolt Trap at McFarland Creek Road Bridge,5/29/2023,METHR - Methow River,5/29/2023,A,Pacific Lamprey,"12MM TAG, AMMOCOETE",134,1
3DD.003D937B4A,CGS-2023-084-KAE.xml,CGS - Charles Snow Projects,METTRP - Methow Smolt Trap at McFarland Creek Road Bridge,5/29/2023,METHR - Methow River,5/29/2023,A,Pacific Lamprey,"12MM TAG, AMMOCOETE",138,1
3DD.003D937B4B,CGS-2023-084-KAE.xml,CGS - Charles Snow Projects,METTRP - Methow Smolt Trap at McFarland Creek Road Bridge,6/8/2023,METHR - Methow River,6/10/2023,A,Pacific Lamprey,"12MM TAG, AMMOCOETE",137,1
3DD.003D937B50,CGS-2023-084-KAE.xml,CGS - Charles Snow Projects,METTRP - Methow Smolt Trap at McFarland Creek Road Bridge,5/28/2023,METHR - Methow River,5/29/2023,A,Pacific Lamprey,"12MM TAG, AMMOCOETE",135,1
3DD.003D937B5D,CGS-2023-084-KAE.xml,CGS - Charles Snow Projects,METTRP - Methow Smolt Trap at McFarland Creek Road Bridge,5/29/2023,METHR - Methow River,5/29/2023,A,Pacific Lamprey,"12MM TAG, AMMOCOETE",140,1
3DD.003D937B62,CGS-2023-084-KAE.xml,CGS - Charles Snow Projects,METTRP - Methow Smolt Trap at McFarland Creek Road Bridge,6/3/2023,METHR - Methow River,6/4/2023,A,Pacific Lamprey,"12MM TAG, AMMOCOETE",137,1
3DD.003D937B6E,CGS-2023-084-KAE.xml,CGS - Charles Snow Projects,METTRP - Methow Smolt Trap at McFarland Creek Road Bridge,5/30/2023,METHR - Methow River,6/1/2023,A,Pacific Lamprey,"12MM TAG, AMMOCOETE",135,1
3DD.003D937B6F,CGS-2023-084-KAE.xml,CGS - Charles Snow Projects,METTRP - Methow Smolt Trap at McFarland Creek Road Bridge,5/25/2023,METHR - Methow River,5/26/2023,A,Pacific Lamprey,"12MM TAG, AMMOCOETE",145,1
3DD.003D937B72,CGS-2023-084-KAE.xml,CGS - Charles Snow Projects,METTRP - Methow Smolt Trap at McFarland Creek Road Bridge,5/25/2023,METHR - Methow River,5/26/2023,A,Pacific Lamprey,"12MM TAG, AMMOCOETE",137,1
3DD.003D937B73,CGS-2023-084-KAE.xml,CGS - Charles Snow Projects,METTRP - Methow Smolt Trap at McFarland Creek Road Bridge,6/1/2023,METHR - Methow River,6/1/2023,A,Pacific Lamprey,"12MM TAG, AMMOCOETE",135,1
3DD.003E215D44,CGS-2025-065-LAE.xml,CGS - Charles Snow Projects,TWITRP - Twisp River rotary smolt trap,11/14/2025,TWITRP - Twisp River rotary smolt trap,11/14/2025,A,Pacific Lamprey,"12MM TAG, AMMOCOETE",157,1
3DD.003E216192,CGS-2024-033-KAE.xml,CGS - Charles Snow Projects,METTRP - Methow Smolt Trap at McFarland Creek Road Bridge,5/24/2024,METTRP - Methow Smolt Trap at McFarland Creek Road Bridge,5/25/2024,A,Pacific Lamprey,"12MM TAG, AMMOCOETE",135,1
3DD.003E216193,CGS-2024-033-KAE.xml,CGS - Charles Snow Projects,METTRP - Methow Smolt Trap at McFarland Creek Road Bridge,6/1/2024,METHR - Methow River,6/3/2024,A,Pacific Lamprey,"12MM TAG, AMMOCOETE",136,1
3DD.003E216194,CGS-2024-033-KAE.xml,CGS - Charles Snow Projects,METTRP - Methow Smolt Trap at McFarland Creek Road Bridge,5/26/2024,METHR - Methow River,5/28/2024,A,Pacific Lamprey,"12MM TAG, AMMOCOETE",134,1
3DD.003E216195,CGS-2024-033-KAE.xml,CGS - Charles Snow Projects,METTRP - Methow Smolt Trap at McFarland Creek Road Bridge,5/18/2024,METHR - Methow River,5/19/2024,A,Pacific Lamprey,"12MM TAG, AMMOCOETE",132,1
3DD.003E216196,CGS-2024-033-KAE.xml,CGS - Charles Snow Projects,METTRP - Methow Smolt Trap at McFarland Creek Road Bridge,5/22/2024,METHR - Methow River,5/22/2024,A,Pacific Lamprey,"12MM TAG, AMMOCOETE",138,1
3DD.003E216197,CGS-2024-033-KAE.xml,CGS - Charles Snow Projects,METTRP - Methow Smolt Trap at McFarland Creek Road Bridge,5/29/2024,METHR - Methow River,5/31/2024,A,Pacific Lamprey,"12MM TAG, AMMOCOETE",134,1
3DD.003E216198,CGS-2024-033-KAE.xml,CGS - Charles Snow Projects,METTRP - Methow Smolt Trap at McFarland Creek Road Bridge,6/6/2024,METHR - Methow River,6/6/2024,A,Pacific Lamprey,"12MM TAG, AMMOCOETE",135,1
3DD.003E216199,CGS-2024-033-KAE.xml,CGS - Charles Snow Projects,METTRP - Methow Smolt Trap at McFarland Creek Road Bridge,5/23/2024,METTRP - Methow Smolt Trap at McFarland Creek Road Bridge,5/25/2024,A,Pacific Lamprey,"12MM TAG, AMMOCOETE",132,1
3DD.003E21619A,CGS-2024-033-KAE.xml,CGS - Charles Snow Projects,METTRP - Methow Smolt Trap at McFarland Creek Road Bridge,5/18/2024,METHR - Methow River,5/19/2024,A,Pacific Lamprey,"12MM TAG, AMMOCOETE",133,1
3DD.003E21619B,CGS-2024-033-KAE.xml,CGS - Charles Snow Projects,METTRP - Methow Smolt Trap at McFarland Creek Road Bridge,5/20/2024,METHR - Methow River,5/22/2024,A,Pacific Lamprey,"12MM TAG, AMMOCOETE",133,1
3DD.003E21619C,CGS-2024-033-KAE.xml,CGS - Charles Snow Projects,METTRP - Methow Smolt Trap at McFarland Creek Road Bridge,5/26/2024,METHR - Methow River,5/28/2024,A,Pacific Lamprey,"12MM TAG, AMMOCOETE",132,1
3DD.003E21619E,CGS-2024-033-KAE.xml,CGS - Charles Snow Projects,METTRP - Methow Smolt Trap at McFarland Creek Road Bridge,6/5/2024,METHR - Methow River,6/6/2024,A,Pacific Lamprey,"12MM TAG, AMMOCOETE",137,1
3DD.003E21619F,CGS-2024-033-KAE.xml,CGS - Charles Snow Projects,METTRP - Methow Smolt Trap at McFarland Creek Road Bridge,5/17/2024,METHR - Methow River,5/19/2024,A,Pacific Lamprey,"12MM TAG, AMMOCOETE",142,1
3DD.003E2161A0,CGS-2024-033-KAE.xml,CGS - Charles Snow Projects,METTRP - Methow Smolt Trap at McFarland Creek Road Bridge,5/17/2024,METHR - Methow River,5/19/2024,A,Pacific Lamprey,"12MM TAG, AMMOCOETE",135,1
3DD.003E2161A1,CGS-2024-033-KAE.xml,CGS - Charles Snow Projects,METTRP - Methow Smolt Trap at McFarland Creek Road Bridge,5/16/2024,METHR - Methow River,5/16/2024,A,Pacific Lamprey,"12MM TAG, AMMOCOETE",142,1
3DD.003E2161A2,CGS-2024-033-KAE.xml,CGS - Charles Snow Projects,METTRP - Methow Smolt Trap at McFarland Creek Road Bridge,6/2/2024,METHR - Methow River,6/3/2024,A,Pacific Lamprey,"12MM TAG, AMMOCOETE",140,1
3DD.003E2161A3,CGS-2024-033-KAE.xml,CGS - Charles Snow Projects,METTRP - Methow Smolt Trap at McFarland Creek Road Bridge,5/25/2024,METTRP - Methow Smolt Trap at McFarland Creek Road Bridge,5/25/2024,A,Pacific Lamprey,"12MM TAG, AMMOCOETE",137,1
3DD.003E2161A4,CGS-2024-033-KAE.xml,CGS - Charles Snow Projects,METTRP - Methow Smolt Trap at McFarland Creek Road Bridge,5/24/2024,METTRP - Methow Smolt Trap at McFarland Creek Road Bridge,5/25/2024,A,Pacific Lamprey,"12MM TAG, AMMOCOETE",134,1
3DD.003E2161A5,CGS-2024-033-KAE.xml,CGS - Charles Snow Projects,METTRP - Methow Smolt Trap at McFarland Creek Road Bridge,5/21/2024,METHR - Methow River,5/22/2024,A,Pacific Lamprey,"12MM TAG, AMMOCOETE",142,1
3DD.003E2161A6,CGS-2024-033-KAE.xml,CGS - Charles Snow Projects,METTRP - Methow Smolt Trap at McFarland Creek Road Bridge,5/25/2024,METTRP - Methow Smolt Trap at McFarland Creek Road Bridge,5/25/2024,A,Pacific Lamprey,"12MM TAG, AMMOCOETE",135,1
3DD.003E2161A8,CGS-2024-033-KAE.xml,CGS - Charles Snow Projects,METTRP - Methow Smolt Trap at McFarland Creek Road Bridge,5/18/2024,METHR - Methow River,5/19/2024,A,Pacific Lamprey,"12MM TAG, AMMOCOETE",141,1
3DD.003E2161A9,CGS-2024-033-KAE.xml,CGS - Charles Snow Projects,METTRP - Methow Smolt Trap at McFarland Creek Road Bridge,5/29/2024,METHR - Methow River,5/31/2024,A,Pacific Lamprey,"12MM TAG, AMMOCOETE",137,1
3DD.003E2161AA,CGS-2024-033-KAE.xml,CGS - Charles Snow Projects,METTRP - Methow Smolt Trap at McFarland Creek Road Bridge,5/25/2024,METTRP - Methow Smolt Trap at McFarland Creek Road Bridge,5/25/2024,A,Pacific Lamprey,"12MM TAG, AMMOCOETE",134,1
3DD.003E2161AB,CGS-2024-033-KAE.xml,CGS - Charles Snow Projects,METTRP - Methow Smolt Trap at McFarland Creek Road Bridge,5/21/2024,METHR - Methow River,5/22/2024,A,Pacific Lamprey,"12MM TAG, AMMOCOETE",138,1
3DD.003E2161AC,CGS-2024-033-KAE.xml,CGS - Charles Snow Projects,METTRP - Methow Smolt Trap at McFarland Creek Road Bridge,5/23/2024,METTRP - Methow Smolt Trap at McFarland Creek Road Bridge,5/25/2024,A,Pacific Lamprey,"12MM TAG, AMMOCOETE",148,1
3DD.003E2161AD,CGS-2024-033-KAE.xml,CGS - Charles Snow Projects,METTRP - Methow Smolt Trap at McFarland Creek Road Bridge,5/25/2024,METTRP - Methow Smolt Trap at McFarland Creek Road Bridge,5/25/2024,A,Pacific Lamprey,"12MM TAG, AMMOCOETE",137,1
3DD.003E2161AE,CGS-2024-033-KAE.xml,CGS - Charles Snow Projects,METTRP - Methow Smolt Trap at McFarland Creek Road Bridge,5/22/2024,METHR - Methow River,5/22/2024,A,Pacific Lamprey,"12MM TAG, AMMOCOETE",139,1
3DD.003E2161AF,CGS-2024-033-KAE.xml,CGS - Charles Snow Projects,METTRP - Methow Smolt Trap at McFarland Creek Road Bridge,5/16/2024,METHR - Methow River,5/16/2024,A,Pacific Lamprey,"12MM TAG, AMMOCOETE",137,1
3DD.003E2161B0,CGS-2024-033-KAE.xml,CGS - Charles Snow Projects,METTRP - Methow Smolt Trap at McFarland Creek Road Bridge,6/8/2024,METHR - Methow River,6/10/2024,A,Pacific Lamprey,"12MM TAG, AMMOCOETE",143,1
3DD.003E2161B1,CGS-2024-033-KAE.xml,CGS - Charles Snow Projects,METTRP - Methow Smolt Trap at McFarland Creek Road Bridge,5/16/2024,METHR - Methow River,5/16/2024,A,Pacific Lamprey,"12MM TAG, AMMOCOETE",136,1
3DD.003E2161B2,CGS-2024-033-KAE.xml,CGS - Charles Snow Projects,METTRP - Methow Smolt Trap at McFarland Creek Road Bridge,5/16/2024,METHR - Methow River,5/16/2024,A,Pacific Lamprey,"12MM TAG, AMMOCOETE",139,1
3DD.003E2161B3,CGS-2024-033-KAE.xml,CGS - Charles Snow Projects,METTRP - Methow Smolt Trap at McFarland Creek Road Bridge,5/18/2024,METHR - Methow River,5/19/2024,A,Pacific Lamprey,"12MM TAG, AMMOCOETE",157,1
3DD.003E2161B4,CGS-2024-033-KAE.xml,CGS - Charles Snow Projects,METTRP - Methow Smolt Trap at McFarland Creek Road Bridge,5/21/2024,METHR - Methow River,5/22/2024,A,Pacific Lamprey,"12MM TAG, AMMOCOETE",146,1
3DD.003E2161B5,CGS-2024-033-KAE.xml,CGS - Charles Snow Projects,METTRP - Methow Smolt Trap at McFarland Creek Road Bridge,6/1/2024,METHR - Methow River,6/3/2024,A,Pacific Lamprey,"12MM TAG, AMMOCOETE",149,1
3DD.003E2161B6,CGS-2024-033-KAE.xml,CGS - Charles Snow Projects,METTRP - Methow Smolt Trap at McFarland Creek Road Bridge,5/22/2024,METHR - Methow River,5/22/2024,A,Pacific Lamprey,"12MM TAG, AMMOCOETE",145,1
3DD.003E2161B7,CGS-2024-033-KAE.xml,CGS - Charles Snow Projects,METTRP - Methow Smolt Trap at McFarland Creek Road Bridge,5/17/2024,METHR - Methow River,5/19/2024,A,Pacific Lamprey,"12MM TAG, AMMOCOETE",132,1
3DD.003E2161B8,CGS-2024-033-KAE.xml,CGS - Charles Snow Projects,METTRP - Methow Smolt Trap at McFarland Creek Road Bridge,5/27/2024,METHR - Methow River,5/28/2024,A,Pacific Lamprey,"12MM TAG, AMMOCOETE",141,1
3DD.003E2161B9,CGS-2024-033-KAE.xml,CGS - Charles Snow Projects,METTRP - Methow Smolt Trap at McFarland Creek Road Bridge,5/19/2024,METHR - Methow River,5/19/2024,A,Pacific Lamprey,"12MM TAG, AMMOCOETE",141,1
3DD.003E2161BA,CGS-2024-033-KAE.xml,CGS - Charles Snow Projects,METTRP - Methow Smolt Trap at McFarland Creek Road Bridge,5/20/2024,METHR - Methow River,5/22/2024,A,Pacific Lamprey,"12MM TAG, AMMOCOETE",138,1
3DD.003E2161BB,CGS-2024-033-KAE.xml,CGS - Charles Snow Projects,METTRP - Methow Smolt Trap at McFarland Creek Road Bridge,5/19/2024,METHR - Methow River,5/19/2024,A,Pacific Lamprey,"12MM TAG, AMMOCOETE",140,1
3DD.003E2161BC,CGS-2024-033-KAE.xml,CGS - Charles Snow Projects,METTRP - Methow Smolt Trap at McFarland Creek Road Bridge,5/30/2024,METHR - Methow River,5/31/2024,A,Pacific Lamprey,"12MM TAG, AMMOCOETE",142,1
3DD.003E2161BD,CGS-2024-033-KAE.xml,CGS - Charles Snow Projects,METTRP - Methow Smolt Trap at McFarland Creek Road Bridge,5/27/2024,METHR - Methow River,5/28/2024,A,Pacific Lamprey,"12MM TAG, AMMOCOETE",137,1
3DD.003E2161BE,CGS-2024-033-KAE.xml,CGS - Charles Snow Projects,METTRP - Methow Smolt Trap at McFarland Creek Road Bridge,5/29/2024,METHR - Methow River,5/31/2024,A,Pacific Lamprey,"12MM TAG, AMMOCOETE",135,1
3DD.003E2161BF,CGS-2024-033-KAE.xml,CGS - Charles Snow Projects,METTRP - Methow Smolt Trap at McFarland Creek Road Bridge,5/30/2024,METHR - Methow River,5/31/2024,A,Pacific Lamprey,"12MM TAG, AMMOCOETE",142,1
3DD.003E2161C0,CGS-2024-033-KAE.xml,CGS - Charles Snow Projects,METTRP - Methow Smolt Trap at McFarland Creek Road Bridge,5/16/2024,METHR - Methow River,5/16/2024,A,Pacific Lamprey,"12MM TAG, AMMOCOETE",145,1
3DD.003E2161C1,CGS-2024-033-KAE.xml,CGS - Charles Snow Projects,METTRP - Methow Smolt Trap at McFarland Creek Road Bridge,5/17/2024,METHR - Methow River,5/19/2024,A,Pacific Lamprey,"12MM TAG, AMMOCOETE",143,1
3DD.003E2161C2,CGS-2024-033-KAE.xml,CGS - Charles Snow Projects,METTRP - Methow Smolt Trap at McFarland Creek Road Bridge,5/18/2024,METHR - Methow River,5/19/2024,A,Pacific Lamprey,"12MM TAG, AMMOCOETE",135,1
3DD.003E2161C3,CGS-2024-033-KAE.xml,CGS - Charles Snow Projects,METTRP - Methow Smolt Trap at McFarland Creek Road Bridge,5/23/2024,METTRP - Methow Smolt Trap at McFarland Creek Road Bridge,5/25/2024,A,Pacific Lamprey,"12MM TAG, AMMOCOETE",136,1
3DD.003E2161C4,CGS-2024-033-KAE.xml,CGS - Charles Snow Projects,METTRP - Methow Smolt Trap at McFarland Creek Road Bridge,6/2/2024,METHR - Methow River,6/3/2024,A,Pacific Lamprey,"12MM TAG, AMMOCOETE",141,1
3DD.003E2161C5,CGS-2024-033-KAE.xml,CGS - Charles Snow Projects,METTRP - Methow Smolt Trap at McFarland Creek Road Bridge,5/21/2024,METHR - Methow River,5/22/2024,A,Pacific Lamprey,"12MM TAG, AMMOCOETE",140,1
3DD.003E2161C6,CGS-2024-033-KAE.xml,CGS - Charles Snow Projects,METTRP - Methow Smolt Trap at McFarland Creek Road Bridge,6/6/2024,METHR - Methow River,6/6/2024,A,Pacific Lamprey,"12MM TAG, AMMOCOETE",135,1
3DD.003E2161C7,CGS-2024-033-KAE.xml,CGS - Charles Snow Projects,METTRP - Methow Smolt Trap at McFarland Creek Road Bridge,5/27/2024,METHR - Methow River,5/28/2024,A,Pacific Lamprey,"12MM TAG, AMMOCOETE",135,1
3DD.003E2161C8,CGS-2024-033-KAE.xml,CGS - Charles Snow Projects,METTRP - Methow Smolt Trap at McFarland Creek Road Bridge,5/18/2024,METHR - Methow River,5/19/2024,A,Pacific Lamprey,"12MM TAG, AMMOCOETE",140,1
3DD.003E2161C9,CGS-2024-033-KAE.xml,CGS - Charles Snow Projects,METTRP - Methow Smolt Trap at McFarland Creek Road Bridge,5/23/2024,METTRP - Methow Smolt Trap at McFarland Creek Road Bridge,5/25/2024,A,Pacific Lamprey,"12MM TAG, AMMOCOETE",134,1
3DD.003E2161CA,CGS-2024-033-KAE.xml,CGS - Charles Snow Projects,METTRP - Methow Smolt Trap at McFarland Creek Road Bridge,5/18/2024,METHR - Methow River,5/19/2024,A,Pacific Lamprey,"12MM TAG, AMMOCOETE",138,1
3DD.003E2161CB,CGS-2024-033-KAE.xml,CGS - Charles Snow Projects,METTRP - Methow Smolt Trap at McFarland Creek Road Bridge,6/5/2024,METHR - Methow River,6/6/2024,A,Pacific Lamprey,"12MM TAG, AMMOCOETE",134,1
3DD.003E2161CC,CGS-2024-033-KAE.xml,CGS - Charles Snow Projects,METTRP - Methow Smolt Trap at McFarland Creek Road Bridge,5/30/2024,METHR - Methow River,5/31/2024,A,Pacific Lamprey,"12MM TAG, AMMOCOETE",138,1
3DD.003E2161CD,CGS-2024-033-KAE.xml,CGS - Charles Snow Projects,METTRP - Methow Smolt Trap at McFarland Creek Road Bridge,5/24/2024,METTRP - Methow Smolt Trap at McFarland Creek Road Bridge,5/25/2024,A,Pacific Lamprey,"12MM TAG, AMMOCOETE",132,1
3DD.003E2161CE,CGS-2024-033-KAE.xml,CGS - Charles Snow Projects,METTRP - Methow Smolt Trap at McFarland Creek Road Bridge,5/19/2024,METHR - Methow River,5/19/2024,A,Pacific Lamprey,"12MM TAG, AMMOCOETE",140,1
3DD.003E2161CF,CGS-2024-033-KAE.xml,CGS - Charles Snow Projects,METTRP - Methow Smolt Trap at McFarland Creek Road Bridge,6/6/2024,METHR - Methow River,6/6/2024,A,Pacific Lamprey,"12MM TAG, AMMOCOETE",134,1
3DD.003E2161D0,CGS-2024-033-KAE.xml,CGS - Charles Snow Projects,METTRP - Methow Smolt Trap at McFarland Creek Road Bridge,5/20/2024,METHR - Methow River,5/22/2024,A,Pacific Lamprey,"12MM TAG, AMMOCOETE",147,1
3DD.003E2161D1,CGS-2024-033-KAE.xml,CGS - Charles Snow Projects,METTRP - Methow Smolt Trap at McFarland Creek Road Bridge,5/19/2024,METHR - Methow River,5/19/2024,A,Pacific Lamprey,"12MM TAG, AMMOCOETE",145,1
3DD.003E2161D2,CGS-2024-033-KAE.xml,CGS - Charles Snow Projects,METTRP - Methow Smolt Trap at McFarland Creek Road Bridge,5/21/2024,METHR - Methow River,5/22/2024,A,Pacific Lamprey,"12MM TAG, AMMOCOETE",140,1
3DD.003E2161D3,CGS-2024-033-KAE.xml,CGS - Charles Snow Projects,METTRP - Methow Smolt Trap at McFarland Creek Road Bridge,5/30/2024,METHR - Methow River,5/31/2024,A,Pacific Lamprey,"12MM TAG, AMMOCOETE",145,1
3DD.003E2161D4,CGS-2024-033-KAE.xml,CGS - Charles Snow Projects,METTRP - Methow Smolt Trap at McFarland Creek Road Bridge,5/26/2024,METHR - Methow River,5/28/2024,A,Pacific Lamprey,"12MM TAG, AMMOCOETE",137,1
3DD.003E2161D5,CGS-2024-033-KAE.xml,CGS - Charles Snow Projects,METTRP - Methow Smolt Trap at McFarland Creek Road Bridge,5/26/2024,METHR - Methow River,5/28/2024,A,Pacific Lamprey,"12MM TAG, AMMOCOETE",137,1
3DD.003E2161D6,CGS-2024-033-KAE.xml,CGS - Charles Snow Projects,METTRP - Methow Smolt Trap at McFarland Creek Road Bridge,5/17/2024,METHR - Methow River,5/19/2024,A,Pacific Lamprey,"12MM TAG, AMMOCOETE",146,1
3DD.003E2161D7,CGS-2024-033-KAE.xml,CGS - Charles Snow Projects,METTRP - Methow Smolt Trap at McFarland Creek Road Bridge,5/20/2024,METHR - Methow River,5/22/2024,A,Pacific Lamprey,"12MM TAG, AMMOCOETE",133,1
3DD.003E2161D8,CGS-2024-033-KAE.xml,CGS - Charles Snow Projects,METTRP - Methow Smolt Trap at McFarland Creek Road Bridge,6/1/2024,METHR - Methow River,6/3/2024,A,Pacific Lamprey,"12MM TAG, AMMOCOETE",137,1
3DD.003E2161D9,CGS-2024-033-KAE.xml,CGS - Charles Snow Projects,METTRP - Methow Smolt Trap at McFarland Creek Road Bridge,5/28/2024,METHR - Methow River,5/28/2024,A,Pacific Lamprey,"12MM TAG, AMMOCOETE",138,1
3DD.003E2161DA,CGS-2024-033-KAE.xml,CGS - Charles Snow Projects,METTRP - Methow Smolt Trap at McFarland Creek Road Bridge,5/24/2024,METTRP - Methow Smolt Trap at McFarland Creek Road Bridge,5/25/2024,A,Pacific Lamprey,"12MM TAG, AMMOCOETE",132,1
3DD.003E2161DB,CGS-2024-033-KAE.xml,CGS - Charles Snow Projects,METTRP - Methow Smolt Trap at McFarland Creek Road Bridge,6/2/2024,METHR - Methow River,6/3/2024,A,Pacific Lamprey,"12MM TAG, AMMOCOETE",136,1
3DD.003E2161DC,CGS-2024-033-KAE.xml,CGS - Charles Snow Projects,METTRP - Methow Smolt Trap at McFarland Creek Road Bridge,5/25/2024,METTRP - Methow Smolt Trap at McFarland Creek Road Bridge,5/25/2024,A,Pacific Lamprey,"12MM TAG, AMMOCOETE",139,1
3DD.003E2161DD,CGS-2024-033-KAE.xml,CGS - Charles Snow Projects,METTRP - Methow Smolt Trap at McFarland Creek Road Bridge,5/16/2024,METHR - Methow River,5/16/2024,A,Pacific Lamprey,"12MM TAG, AMMOCOETE",152,1
3DD.003E2161DE,CGS-2024-033-KAE.xml,CGS - Charles Snow Projects,METTRP - Methow Smolt Trap at McFarland Creek Road Bridge,5/16/2024,METHR - Methow River,5/16/2024,A,Pacific Lamprey,"12MM TAG, AMMOCOETE",149,1
3DD.003E2161DF,CGS-2024-033-KAE.xml,CGS - Charles Snow Projects,METTRP - Methow Smolt Trap at McFarland Creek Road Bridge,6/8/2024,METHR - Methow River,6/10/2024,A,Pacific Lamprey,"12MM TAG, AMMOCOETE",136,1
3DD.003E2161E0,CGS-2024-033-KAE.xml,CGS - Charles Snow Projects,METTRP - Methow Smolt Trap at McFarland Creek Road Bridge,5/25/2024,METTRP - Methow Smolt Trap at McFarland Creek Road Bridge,5/25/2024,A,Pacific Lamprey,"12MM TAG, AMMOCOETE",136,1
3DD.003E2161E1,CGS-2024-033-KAE.xml,CGS - Charles Snow Projects,METTRP - Methow Smolt Trap at McFarland Creek Road Bridge,5/17/2024,METHR - Methow River,5/19/2024,A,Pacific Lamprey,"12MM TAG, AMMOCOETE",159,1
3DD.003E2161E2,CGS-2024-033-KAE.xml,CGS - Charles Snow Projects,METTRP - Methow Smolt Trap at McFarland Creek Road Bridge,5/28/2024,METHR - Methow River,5/28/2024,A,Pacific Lamprey,"12MM TAG, AMMOCOETE",144,1
3DD.003E2161E3,CGS-2024-033-KAE.xml,CGS - Charles Snow Projects,METTRP - Methow Smolt Trap at McFarland Creek Road Bridge,5/29/2024,METHR - Methow River,5/31/2024,A,Pacific Lamprey,"12MM TAG, AMMOCOETE",133,1
3DD.003E2161E4,CGS-2024-033-KAE.xml,CGS - Charles Snow Projects,METTRP - Methow Smolt Trap at McFarland Creek Road Bridge,6/6/2024,METHR - Methow River,6/6/2024,A,Pacific Lamprey,"12MM TAG, AMMOCOETE",135,1
3DD.003E2161E5,CGS-2024-033-KAE.xml,CGS - Charles Snow Projects,METTRP - Methow Smolt Trap at McFarland Creek Road Bridge,5/17/2024,METHR - Methow River,5/19/2024,A,Pacific Lamprey,"12MM TAG, AMMOCOETE",132,1
3DD.003E2161E6,CGS-2024-033-KAE.xml,CGS - Charles Snow Projects,METTRP - Methow Smolt Trap at McFarland Creek Road Bridge,5/17/2024,METHR - Methow River,5/19/2024,A,Pacific Lamprey,"12MM TAG, AMMOCOETE",132,1
3DD.003E2161E7,CGS-2024-033-KAE.xml,CGS - Charles Snow Projects,METTRP - Methow Smolt Trap at McFarland Creek Road Bridge,5/20/2024,METHR - Methow River,5/22/2024,A,Pacific Lamprey,"12MM TAG, AMMOCOETE",133,1
3DD.003E2161E8,CGS-2024-033-KAE.xml,CGS - Charles Snow Projects,METTRP - Methow Smolt Trap at McFarland Creek Road Bridge,5/17/2024,METHR - Methow River,5/19/2024,A,Pacific Lamprey,"12MM TAG, AMMOCOETE",137,1
3DD.003E2161E9,CGS-2024-033-KAE.xml,CGS - Charles Snow Projects,METTRP - Methow Smolt Trap at McFarland Creek Road Bridge,5/17/2024,METHR - Methow River,5/19/2024,A,Pacific Lamprey,"12MM TAG, AMMOCOETE",137,1
3DD.003E2161EA,CGS-2024-033-KAE.xml,CGS - Charles Snow Projects,METTRP - Methow Smolt Trap at McFarland Creek Road Bridge,5/24/2024,METTRP - Methow Smolt Trap at McFarland Creek Road Bridge,5/25/2024,A,Pacific Lamprey,"12MM TAG, AMMOCOETE",135,1
3DD.003E2161EB,CGS-2024-033-KAE.xml,CGS - Charles Snow Projects,METTRP - Methow Smolt Trap at McFarland Creek Road Bridge,5/16/2024,METHR - Methow River,5/16/2024,A,Pacific Lamprey,"12MM TAG, AMMOCOETE",132,1
3DD.003E2161EC,CGS-2024-033-KAE.xml,CGS - Charles Snow Projects,METTRP - Methow Smolt Trap at McFarland Creek Road Bridge,5/29/2024,METHR - Methow River,5/31/2024,A,Pacific Lamprey,"12MM TAG, AMMOCOETE",134,1
3DD.003E2161ED,CGS-2024-033-KAE.xml,CGS - Charles Snow Projects,METTRP - Methow Smolt Trap at McFarland Creek Road Bridge,5/29/2024,METHR - Methow River,5/31/2024,A,Pacific Lamprey,"12MM TAG, AMMOCOETE",136,1
3DD.003E2161EE,CGS-2024-033-KAE.xml,CGS - Charles Snow Projects,METTRP - Methow Smolt Trap at McFarland Creek Road Bridge,5/17/2024,METHR - Methow River,5/19/2024,A,Pacific Lamprey,"12MM TAG, AMMOCOETE",144,1
3DD.003E2161EF,CGS-2024-033-KAE.xml,CGS - Charles Snow Projects,METTRP - Methow Smolt Trap at McFarland Creek Road Bridge,5/26/2024,METHR - Methow River,5/28/2024,A,Pacific Lamprey,"12MM TAG, AMMOCOETE",138,1
3DD.003E2161F0,CGS-2024-033-KAE.xml,CGS - Charles Snow Projects,METTRP - Methow Smolt Trap at McFarland Creek Road Bridge,5/19/2024,METHR - Methow River,5/19/2024,A,Pacific Lamprey,"12MM TAG, AMMOCOETE",136,1
3DD.003E2161F1,CGS-2024-033-KAE.xml,CGS - Charles Snow Projects,METTRP - Methow Smolt Trap at McFarland Creek Road Bridge,5/20/2024,METHR - Methow River,5/22/2024,A,Pacific Lamprey,"12MM TAG, AMMOCOETE",132,1
3DD.003E2161F2,CGS-2024-033-KAE.xml,CGS - Charles Snow Projects,METTRP - Methow Smolt Trap at McFarland Creek Road Bridge,5/27/2024,METHR - Methow River,5/28/2024,A,Pacific Lamprey,"12MM TAG, AMMOCOETE",134,1
3DD.003E2161F3,CGS-2024-033-KAE.xml,CGS - Charles Snow Projects,METTRP - Methow Smolt Trap at McFarland Creek Road Bridge,5/18/2024,METHR - Methow River,5/19/2024,A,Pacific Lamprey,"12MM TAG, AMMOCOETE",137,1
3DD.003E2161F4,CGS-2024-033-KAE.xml,CGS - Charles Snow Projects,METTRP - Methow Smolt Trap at McFarland Creek Road Bridge,5/18/2024,METHR - Methow River,5/19/2024,A,Pacific Lamprey,"12MM TAG, AMMOCOETE",135,1
3DD.003E2161F6,CGS-2024-033-KAE.xml,CGS - Charles Snow Projects,METTRP - Methow Smolt Trap at McFarland Creek Road Bridge,5/11/2024,METHR - Methow River,5/13/2024,A,Pacific Lamprey,"12MM TAG, MACROPHTHALMIA",140,1
3DD.003E2161F7,CGS-2024-033-KAE.xml,CGS - Charles Snow Projects,METTRP - Methow Smolt Trap at McFarland Creek Road Bridge,5/11/2024,METTRP - Methow Smolt Trap at McFarland Creek Road Bridge,5/11/2024,A,Pacific Lamprey,"12MM TAG, ADULT",500,1
3DD.003E2161F8,CGS-2024-033-KAE.xml,CGS - Charles Snow Projects,METTRP - Methow Smolt Trap at McFarland Creek Road Bridge,5/12/2024,METHR - Methow River,5/13/2024,A,Pacific Lamprey,"12MM TAG, MACROPHTHALMIA",144,1
3DD.003E2161F9,CGS-2024-033-KAE.xml,CGS - Charles Snow Projects,METTRP - Methow Smolt Trap at McFarland Creek Road Bridge,5/12/2024,METHR - Methow River,5/13/2024,A,Pacific Lamprey,"12MM TAG, MACROPHTHALMIA",144,1
3DD.003E2161FA,CGS-2024-033-KAE.xml,CGS - Charles Snow Projects,METTRP - Methow Smolt Trap at McFarland Creek Road Bridge,5/2/2024,METHR - Methow River,5/4/2024,A,Pacific Lamprey,"12MM TAG, AMMOCOETE",135,1
3DD.003E2161FB,CGS-2024-033-KAE.xml,CGS - Charles Snow Projects,METTRP - Methow Smolt Trap at McFarland Creek Road Bridge,4/30/2024,METHR - Methow River,5/1/2024,A,Pacific Lamprey,"12MM TAG, AMMOCOETE",132,1
3DD.003E2161FC,CGS-2024-033-KAE.xml,CGS - Charles Snow Projects,METTRP - Methow Smolt Trap at McFarland Creek Road Bridge,5/9/2024,METHR - Methow River,5/10/2024,A,Pacific Lamprey,"12MM TAG, AMMOCOETE",130,1
3DD.003E2161FD,CGS-2024-033-KAE.xml,CGS - Charles Snow Projects,METTRP - Methow Smolt Trap at McFarland Creek Road Bridge,5/11/2024,METHR - Methow River,5/13/2024,A,Pacific Lamprey,"12MM TAG, MACROPHTHALMIA",138,1
3DD.003E2161FE,CGS-2024-033-KAE.xml,CGS - Charles Snow Projects,METTRP - Methow Smolt Trap at McFarland Creek Road Bridge,5/14/2024,METHR - Methow River,5/16/2024,A,Pacific Lamprey,"12MM TAG, AMMOCOETE",135,1
3DD.003E2161FF,CGS-2024-033-KAE.xml,CGS - Charles Snow Projects,METTRP - Methow Smolt Trap at McFarland Creek Road Bridge,5/14/2024,METHR - Methow River,5/16/2024,A,Pacific Lamprey,"12MM TAG, MACROPHTHALMIA",137,1
3DD.003E216200,CGS-2024-033-KAE.xml,CGS - Charles Snow Projects,METTRP - Methow Smolt Trap at McFarland Creek Road Bridge,5/14/2024,METHR - Methow River,5/16/2024,A,Pacific Lamprey,"12MM TAG, AMMOCOETE",139,1
3DD.003E216201,CGS-2024-033-KAE.xml,CGS - Charles Snow Projects,METTRP - Methow Smolt Trap at McFarland Creek Road Bridge,5/25/2024,METTRP - Methow Smolt Trap at McFarland Creek Road Bridge,5/25/2024,A,Pacific Lamprey,"12MM TAG, AMMOCOETE",159,1
3DD.003E216202,CGS-2024-033-KAE.xml,CGS - Charles Snow Projects,METTRP - Methow Smolt Trap at McFarland Creek Road Bridge,5/20/2024,METHR - Methow River,5/22/2024,A,Pacific Lamprey,"12MM TAG, AMMOCOETE",132,1
3DD.003E216203,CGS-2024-033-KAE.xml,CGS - Charles Snow Projects,METTRP - Methow Smolt Trap at McFarland Creek Road Bridge,5/1/2024,METHR - Methow River,5/1/2024,A,Pacific Lamprey,"12MM TAG, AMMOCOETE",136,1
3DD.003E216204,CGS-2024-033-KAE.xml,CGS - Charles Snow Projects,METTRP - Methow Smolt Trap at McFarland Creek Road Bridge,5/2/2024,METHR - Methow River,5/4/2024,A,Pacific Lamprey,"12MM TAG, AMMOCOETE",133,1
3DD.003E216205,CGS-2024-033-KAE.xml,CGS - Charles Snow Projects,METTRP - Methow Smolt Trap at McFarland Creek Road Bridge,5/1/2024,METHR - Methow River,5/1/2024,A,Pacific Lamprey,"12MM TAG, AMMOCOETE",136,1
3DD.003E216206,CGS-2024-033-KAE.xml,CGS - Charles Snow Projects,METTRP - Methow Smolt Trap at McFarland Creek Road Bridge,5/12/2024,METHR - Methow River,5/13/2024,A,Pacific Lamprey,"12MM TAG, MACROPHTHALMIA",133,1
3DD.003E216207,CGS-2024-033-KAE.xml,CGS - Charles Snow Projects,METTRP - Methow Smolt Trap at McFarland Creek Road Bridge,5/14/2024,METHR - Methow River,5/16/2024,A,Pacific Lamprey,"12MM TAG, AMMOCOETE",138,1
3DD.003E216208,CGS-2024-033-KAE.xml,CGS - Charles Snow Projects,METTRP - Methow Smolt Trap at McFarland Creek Road Bridge,5/1/2024,METHR - Methow River,5/1/2024,A,Pacific Lamprey,"12MM TAG, AMMOCOETE",139,1
3DD.003E216209,CGS-2024-033-KAE.xml,CGS - Charles Snow Projects,METTRP - Methow Smolt Trap at McFarland Creek Road Bridge,4/18/2024,METHR - Methow River,4/19/2024,A,Pacific Lamprey,"12MM TAG, MACROPHTHALMIA",135,1
3DD.003E21620B,CGS-2024-033-KAE.xml,CGS - Charles Snow Projects,METTRP - Methow Smolt Trap at McFarland Creek Road Bridge,4/18/2024,METHR - Methow River,4/19/2024,A,Pacific Lamprey,"12MM TAG, AMMOCOETE",139,1
3DD.003E21620C,CGS-2024-033-KAE.xml,CGS - Charles Snow Projects,METTRP - Methow Smolt Trap at McFarland Creek Road Bridge,4/27/2024,METHR - Methow River,4/28/2024,A,Pacific Lamprey,"12MM TAG, AMMOCOETE",135,1
3DD.003E21620D,CGS-2024-033-KAE.xml,CGS - Charles Snow Projects,METTRP - Methow Smolt Trap at McFarland Creek Road Bridge,5/14/2024,METHR - Methow River,5/16/2024,A,Pacific Lamprey,"12MM TAG, MACROPHTHALMIA",140,1
3DD.003E21620E,CGS-2024-033-KAE.xml,CGS - Charles Snow Projects,METTRP - Methow Smolt Trap at McFarland Creek Road Bridge,5/22/2024,METHR - Methow River,5/22/2024,A,Pacific Lamprey,"12MM TAG, AMMOCOETE",141,1
3DD.003E21620F,CGS-2024-033-KAE.xml,CGS - Charles Snow Projects,METTRP - Methow Smolt Trap at McFarland Creek Road Bridge,5/11/2024,METHR - Methow River,5/13/2024,A,Pacific Lamprey,"12MM TAG, MACROPHTHALMIA",136,1
3DD.003E216210,CGS-2024-033-KAE.xml,CGS - Charles Snow Projects,METTRP - Methow Smolt Trap at McFarland Creek Road Bridge,5/8/2024,METHR - Methow River,5/10/2024,A,Pacific Lamprey,"12MM TAG, MACROPHTHALMIA",152,1
3DD.003E216211,CGS-2024-033-KAE.xml,CGS - Charles Snow Projects,METTRP - Methow Smolt Trap at McFarland Creek Road Bridge,4/30/2024,METHR - Methow River,5/1/2024,A,Pacific Lamprey,"12MM TAG, AMMOCOETE",131,1
3DD.003E216212,CGS-2024-033-KAE.xml,CGS - Charles Snow Projects,METTRP - Methow Smolt Trap at McFarland Creek Road Bridge,5/16/2024,METHR - Methow River,5/16/2024,A,Pacific Lamprey,"12MM TAG, AMMOCOETE",139,1
3DD.003E216213,CGS-2024-033-KAE.xml,CGS - Charles Snow Projects,METTRP - Methow Smolt Trap at McFarland Creek Road Bridge,5/30/2024,METHR - Methow River,5/31/2024,A,Pacific Lamprey,"12MM TAG, AMMOCOETE",134,1
3DD.003E216215,CGS-2024-033-KAE.xml,CGS - Charles Snow Projects,METTRP - Methow Smolt Trap at McFarland Creek Road Bridge,4/29/2024,METHR - Methow River,5/1/2024,A,Pacific Lamprey,"12MM TAG, AMMOCOETE",138,1
3DD.003E216216,CGS-2024-033-KAE.xml,CGS - Charles Snow Projects,METTRP - Methow Smolt Trap at McFarland Creek Road Bridge,5/10/2024,METHR - Methow River,5/10/2024,A,Pacific Lamprey,"12MM TAG, AMMOCOETE",139,1
3DD.003E216217,CGS-2024-033-KAE.xml,CGS - Charles Snow Projects,METTRP - Methow Smolt Trap at McFarland Creek Road Bridge,5/14/2024,METHR - Methow River,5/16/2024,A,Pacific Lamprey,"12MM TAG, AMMOCOETE",134,1
3DD.003E216218,CGS-2024-033-KAE.xml,CGS - Charles Snow Projects,METTRP - Methow Smolt Trap at McFarland Creek Road Bridge,5/2/2024,METHR - Methow River,5/4/2024,A,Pacific Lamprey,"12MM TAG, AMMOCOETE",133,1
3DD.003E216219,CGS-2024-033-KAE.xml,CGS - Charles Snow Projects,METTRP - Methow Smolt Trap at McFarland Creek Road Bridge,5/11/2024,METHR - Methow River,5/13/2024,A,Pacific Lamprey,"12MM TAG, MACROPHTHALMIA",133,1
3DD.003E21621A,CGS-2024-033-KAE.xml,CGS - Charles Snow Projects,METTRP - Methow Smolt Trap at McFarland Creek Road Bridge,5/10/2024,METHR - Methow River,5/10/2024,A,Pacific Lamprey,"12MM TAG, MACROPHTHALMIA",142,1
3DD.003E21621B,CGS-2024-033-KAE.xml,CGS - Charles Snow Projects,METTRP - Methow Smolt Trap at McFarland Creek Road Bridge,5/10/2024,METHR - Methow River,5/13/2024,A,Pacific Lamprey,"12MM TAG, MACROPHTHALMIA",140,1
3DD.003E21621C,CGS-2024-033-KAE.xml,CGS - Charles Snow Projects,METTRP - Methow Smolt Trap at McFarland Creek Road Bridge,4/30/2024,METHR - Methow River,5/1/2024,A,Pacific Lamprey,"12MM TAG, AMMOCOETE",135,1
3DD.003E21621D,CGS-2024-033-KAE.xml,CGS - Charles Snow Projects,METTRP - Methow Smolt Trap at McFarland Creek Road Bridge,5/1/2024,METHR - Methow River,5/1/2024,A,Pacific Lamprey,"12MM TAG, AMMOCOETE",136,1
3DD.003E21621E,CGS-2024-033-KAE.xml,CGS - Charles Snow Projects,METTRP - Methow Smolt Trap at McFarland Creek Road Bridge,5/17/2024,METHR - Methow River,5/19/2024,A,Pacific Lamprey,"12MM TAG, AMMOCOETE",142,1
3DD.003E21621F,CGS-2024-033-KAE.xml,CGS - Charles Snow Projects,METTRP - Methow Smolt Trap at McFarland Creek Road Bridge,5/14/2024,METHR - Methow River,5/16/2024,A,Pacific Lamprey,"12MM TAG, AMMOCOETE",136,1
3DD.003E216220,CGS-2024-033-KAE.xml,CGS - Charles Snow Projects,METTRP - Methow Smolt Trap at McFarland Creek Road Bridge,4/18/2024,METHR - Methow River,4/19/2024,A,Pacific Lamprey,"12MM TAG, AMMOCOETE",140,1
3DD.003E216221,CGS-2024-033-KAE.xml,CGS - Charles Snow Projects,METTRP - Methow Smolt Trap at McFarland Creek Road Bridge,5/10/2024,METHR - Methow River,5/13/2024,A,Pacific Lamprey,"12MM TAG, MACROPHTHALMIA",136,1
3DD.003E216222,CGS-2024-033-KAE.xml,CGS - Charles Snow Projects,METTRP - Methow Smolt Trap at McFarland Creek Road Bridge,4/30/2024,METHR - Methow River,5/1/2024,A,Pacific Lamprey,"12MM TAG, AMMOCOETE",132,1
3DD.003E216223,CGS-2024-033-KAE.xml,CGS - Charles Snow Projects,METTRP - Methow Smolt Trap at McFarland Creek Road Bridge,5/11/2024,METHR - Methow River,5/13/2024,A,Pacific Lamprey,"12MM TAG, MACROPHTHALMIA",138,1
3DD.003E216224,CGS-2024-033-KAE.xml,CGS - Charles Snow Projects,METTRP - Methow Smolt Trap at McFarland Creek Road Bridge,5/11/2024,METHR - Methow River,5/13/2024,A,Pacific Lamprey,"12MM TAG, MACROPHTHALMIA",137,1
3DD.003E216226,CGS-2024-033-KAE.xml,CGS - Charles Snow Projects,METTRP - Methow Smolt Trap at McFarland Creek Road Bridge,5/12/2024,METHR - Methow River,5/13/2024,A,Pacific Lamprey,"12MM TAG, MACROPHTHALMIA",140,1
3DD.003E216227,CGS-2024-033-KAE.xml,CGS - Charles Snow Projects,METTRP - Methow Smolt Trap at McFarland Creek Road Bridge,5/14/2024,METHR - Methow River,5/16/2024,A,Pacific Lamprey,"12MM TAG, AMMOCOETE",149,1
3DD.003E216228,CGS-2024-033-KAE.xml,CGS - Charles Snow Projects,METTRP - Methow Smolt Trap at McFarland Creek Road Bridge,4/27/2024,METHR - Methow River,4/28/2024,A,Pacific Lamprey,"12MM TAG, AMMOCOETE",136,1
3DD.003E216229,CGS-2024-033-KAE.xml,CGS - Charles Snow Projects,METTRP - Methow Smolt Trap at McFarland Creek Road Bridge,5/1/2024,METHR - Methow River,5/1/2024,A,Pacific Lamprey,"12MM TAG, AMMOCOETE",133,1
3DD.003E21622A,CGS-2024-033-KAE.xml,CGS - Charles Snow Projects,METTRP - Methow Smolt Trap at McFarland Creek Road Bridge,5/10/2024,METHR - Methow River,5/13/2024,A,Pacific Lamprey,"12MM TAG, MACROPHTHALMIA",137,1
3DD.003E21622B,CGS-2024-033-KAE.xml,CGS - Charles Snow Projects,METTRP - Methow Smolt Trap at McFarland Creek Road Bridge,4/30/2024,METHR - Methow River,5/1/2024,A,Pacific Lamprey,"12MM TAG, AMMOCOETE",134,1
3DD.003E21622C,CGS-2024-033-KAE.xml,CGS - Charles Snow Projects,METTRP - Methow Smolt Trap at McFarland Creek Road Bridge,5/11/2024,METHR - Methow River,5/13/2024,A,Pacific Lamprey,"12MM TAG, MACROPHTHALMIA",142,1
3DD.003E21622D,CGS-2024-033-KAE.xml,CGS - Charles Snow Projects,METTRP - Methow Smolt Trap at McFarland Creek Road Bridge,5/14/2024,METHR - Methow River,5/16/2024,A,Pacific Lamprey,"12MM TAG, AMMOCOETE",133,1
3DD.003E21622E,CGS-2024-033-KAE.xml,CGS - Charles Snow Projects,METTRP - Methow Smolt Trap at McFarland Creek Road Bridge,4/30/2024,METHR - Methow River,5/1/2024,A,Pacific Lamprey,"12MM TAG, AMMOCOETE",130,1
3DD.003E21622F,CGS-2024-033-KAE.xml,CGS - Charles Snow Projects,METTRP - Methow Smolt Trap at McFarland Creek Road Bridge,5/14/2024,METHR - Methow River,5/16/2024,A,Pacific Lamprey,"12MM TAG, AMMOCOETE",134,1
3DD.003E216230,CGS-2024-033-KAE.xml,CGS - Charles Snow Projects,METTRP - Methow Smolt Trap at McFarland Creek Road Bridge,5/10/2024,METHR - Methow River,5/10/2024,A,Pacific Lamprey,"12MM TAG, AMMOCOETE",142,1
3DD.003E216231,CGS-2024-033-KAE.xml,CGS - Charles Snow Projects,METTRP - Methow Smolt Trap at McFarland Creek Road Bridge,5/14/2024,METHR - Methow River,5/16/2024,A,Pacific Lamprey,"12MM TAG, AMMOCOETE",135,1
3DD.003E216232,CGS-2024-033-KAE.xml,CGS - Charles Snow Projects,METTRP - Methow Smolt Trap at McFarland Creek Road Bridge,4/29/2024,METHR - Methow River,5/1/2024,A,Pacific Lamprey,"12MM TAG, AMMOCOETE",144,1
3DD.003E216233,CGS-2024-033-KAE.xml,CGS - Charles Snow Projects,METTRP - Methow Smolt Trap at McFarland Creek Road Bridge,5/10/2024,METHR - Methow River,5/10/2024,A,Pacific Lamprey,"12MM TAG, AMMOCOETE",133,1
3DD.003E216234,CGS-2024-033-KAE.xml,CGS - Charles Snow Projects,METTRP - Methow Smolt Trap at McFarland Creek Road Bridge,4/29/2024,METHR - Methow River,5/1/2024,A,Pacific Lamprey,"12MM TAG, AMMOCOETE",139,1
3DD.003E216235,CGS-2024-033-KAE.xml,CGS - Charles Snow Projects,METTRP - Methow Smolt Trap at McFarland Creek Road Bridge,5/10/2024,METHR - Methow River,5/13/2024,A,Pacific Lamprey,"12MM TAG, MACROPHTHALMIA",134,1
3DD.003E216236,CGS-2024-033-KAE.xml,CGS - Charles Snow Projects,METTRP - Methow Smolt Trap at McFarland Creek Road Bridge,5/14/2024,METHR - Methow River,5/16/2024,A,Pacific Lamprey,"12MM TAG, AMMOCOETE",154,1
3DD.003E216237,CGS-2024-033-KAE.xml,CGS - Charles Snow Projects,METTRP - Methow Smolt Trap at McFarland Creek Road Bridge,5/12/2024,METHR - Methow River,5/13/2024,A,Pacific Lamprey,"12MM TAG, MACROPHTHALMIA",135,1
3DD.003E216239,CGS-2024-033-KAE.xml,CGS - Charles Snow Projects,METTRP - Methow Smolt Trap at McFarland Creek Road Bridge,5/14/2024,METHR - Methow River,5/16/2024,A,Pacific Lamprey,"12MM TAG, AMMOCOETE",140,1
3DD.003E21623A,CGS-2024-033-KAE.xml,CGS - Charles Snow Projects,METTRP - Methow Smolt Trap at McFarland Creek Road Bridge,5/14/2024,METHR - Methow River,5/16/2024,A,Pacific Lamprey,"12MM TAG, AMMOCOETE",136,1
3DD.003E21623B,CGS-2024-033-KAE.xml,CGS - Charles Snow Projects,METTRP - Methow Smolt Trap at McFarland Creek Road Bridge,5/14/2024,METHR - Methow River,5/16/2024,A,Pacific Lamprey,"12MM TAG, AMMOCOETE",144,1
3DD.003E21623C,CGS-2024-033-KAE.xml,CGS - Charles Snow Projects,METTRP - Methow Smolt Trap at McFarland Creek Road Bridge,4/27/2024,METHR - Methow River,4/28/2024,A,Pacific Lamprey,"12MM TAG, AMMOCOETE",134,1
3DD.003E21623D,CGS-2024-033-KAE.xml,CGS - Charles Snow Projects,METTRP - Methow Smolt Trap at McFarland Creek Road Bridge,5/16/2024,METHR - Methow River,5/16/2024,A,Pacific Lamprey,"12MM TAG, AMMOCOETE",138,1
3DD.003E21623E,CGS-2024-033-KAE.xml,CGS - Charles Snow Projects,METTRP - Methow Smolt Trap at McFarland Creek Road Bridge,5/17/2024,METHR - Methow River,5/19/2024,A,Pacific Lamprey,"12MM TAG, AMMOCOETE",145,1
3DD.003E21623F,CGS-2024-033-KAE.xml,CGS - Charles Snow Projects,METTRP - Methow Smolt Trap at McFarland Creek Road Bridge,5/2/2024,METHR - Methow River,5/4/2024,A,Pacific Lamprey,"12MM TAG, AMMOCOETE",135,1
3DD.003E216240,CGS-2024-033-KAE.xml,CGS - Charles Snow Projects,METTRP - Methow Smolt Trap at McFarland Creek Road Bridge,5/2/2024,METHR - Methow River,5/4/2024,A,Pacific Lamprey,"12MM TAG, MACROPHTHALMIA",144,1
3DD.003E216241,CGS-2024-033-KAE.xml,CGS - Charles Snow Projects,METTRP - Methow Smolt Trap at McFarland Creek Road Bridge,5/14/2024,METHR - Methow River,5/16/2024,A,Pacific Lamprey,"12MM TAG, AMMOCOETE",139,1
3DD.003E216242,CGS-2024-033-KAE.xml,CGS - Charles Snow Projects,METTRP - Methow Smolt Trap at McFarland Creek Road Bridge,5/10/2024,METHR - Methow River,5/13/2024,A,Pacific Lamprey,"12MM TAG, MACROPHTHALMIA",142,1
3DD.003E216243,CGS-2024-033-KAE.xml,CGS - Charles Snow Projects,METTRP - Methow Smolt Trap at McFarland Creek Road Bridge,4/28/2024,METHR - Methow River,4/28/2024,A,Pacific Lamprey,"12MM TAG, AMMOCOETE",135,1
3DD.003E216244,CGS-2024-033-KAE.xml,CGS - Charles Snow Projects,METTRP - Methow Smolt Trap at McFarland Creek Road Bridge,5/17/2024,METHR - Methow River,5/19/2024,A,Pacific Lamprey,"12MM TAG, AMMOCOETE",141,1
3DD.003E216245,CGS-2024-033-KAE.xml,CGS - Charles Snow Projects,METTRP - Methow Smolt Trap at McFarland Creek Road Bridge,5/10/2024,METHR - Methow River,5/13/2024,A,Pacific Lamprey,"12MM TAG, MACROPHTHALMIA",134,1
3DD.003E216246,CGS-2024-033-KAE.xml,CGS - Charles Snow Projects,METTRP - Methow Smolt Trap at McFarland Creek Road Bridge,4/30/2024,METHR - Methow River,5/1/2024,A,Pacific Lamprey,"12MM TAG, AMMOCOETE",135,1
3DD.003E216247,CGS-2024-033-KAE.xml,CGS - Charles Snow Projects,METTRP - Methow Smolt Trap at McFarland Creek Road Bridge,4/30/2024,METHR - Methow River,5/1/2024,A,Pacific Lamprey,"12MM TAG, AMMOCOETE",137,1
3DD.003E216248,CGS-2024-033-KAE.xml,CGS - Charles Snow Projects,METTRP - Methow Smolt Trap at McFarland Creek Road Bridge,5/11/2024,METHR - Methow River,5/13/2024,A,Pacific Lamprey,"12MM TAG, MACROPHTHALMIA",138,1
3DD.003E216249,CGS-2024-033-KAE.xml,CGS - Charles Snow Projects,METTRP - Methow Smolt Trap at McFarland Creek Road Bridge,5/10/2024,METHR - Methow River,5/13/2024,A,Pacific Lamprey,"12MM TAG, MACROPHTHALMIA",145,1
3DD.003E21624A,CGS-2024-033-KAE.xml,CGS - Charles Snow Projects,METTRP - Methow Smolt Trap at McFarland Creek Road Bridge,4/22/2024,METHR - Methow River,4/22/2024,A,Pacific Lamprey,"12MM TAG, AMMOCOETE",142,1
3DD.003E21624B,CGS-2024-033-KAE.xml,CGS - Charles Snow Projects,METTRP - Methow Smolt Trap at McFarland Creek Road Bridge,5/11/2024,METHR - Methow River,5/13/2024,A,Pacific Lamprey,"12MM TAG, MACROPHTHALMIA",136,1
3DD.003E21624C,CGS-2024-033-KAE.xml,CGS - Charles Snow Projects,METTRP - Methow Smolt Trap at McFarland Creek Road Bridge,5/10/2024,METHR - Methow River,5/10/2024,A,Pacific Lamprey,"12MM TAG, AMMOCOETE",137,1
3DD.003E21624D,CGS-2024-033-KAE.xml,CGS - Charles Snow Projects,METTRP - Methow Smolt Trap at McFarland Creek Road Bridge,5/11/2024,METHR - Methow River,5/13/2024,A,Pacific Lamprey,"12MM TAG, MACROPHTHALMIA",138,1
3DD.003E21624E,CGS-2024-033-KAE.xml,CGS - Charles Snow Projects,METTRP - Methow Smolt Trap at McFarland Creek Road Bridge,5/9/2024,METHR - Methow River,5/10/2024,A,Pacific Lamprey,"12MM TAG, MACROPHTHALMIA",142,1
3DD.003E21624F,CGS-2024-033-KAE.xml,CGS - Charles Snow Projects,METTRP - Methow Smolt Trap at McFarland Creek Road Bridge,5/14/2024,METHR - Methow River,5/16/2024,A,Pacific Lamprey,"12MM TAG, MACROPHTHALMIA",140,1
3DD.003E216250,CGS-2024-033-KAE.xml,CGS - Charles Snow Projects,METTRP - Methow Smolt Trap at McFarland Creek Road Bridge,5/2/2024,METHR - Methow River,5/4/2024,A,Pacific Lamprey,"12MM TAG, AMMOCOETE",133,1
3DD.003E216251,CGS-2024-033-KAE.xml,CGS - Charles Snow Projects,METTRP - Methow Smolt Trap at McFarland Creek Road Bridge,5/11/2024,METHR - Methow River,5/13/2024,A,Pacific Lamprey,"12MM TAG, MACROPHTHALMIA",134,1
3DD.003E216252,CGS-2024-033-KAE.xml,CGS - Charles Snow Projects,METTRP - Methow Smolt Trap at McFarland Creek Road Bridge,5/10/2024,METHR - Methow River,5/13/2024,A,Pacific Lamprey,"12MM TAG, MACROPHTHALMIA",135,1
3DD.003E216253,CGS-2024-033-KAE.xml,CGS - Charles Snow Projects,METTRP - Methow Smolt Trap at McFarland Creek Road Bridge,5/14/2024,METHR - Methow River,5/16/2024,A,Pacific Lamprey,"12MM TAG, MACROPHTHALMIA",135,1
3DD.003E216254,CGS-2024-033-KAE.xml,CGS - Charles Snow Projects,METTRP - Methow Smolt Trap at McFarland Creek Road Bridge,5/9/2024,METHR - Methow River,5/10/2024,A,Pacific Lamprey,"12MM TAG, AMMOCOETE",133,1
3DD.003E216255,CGS-2024-033-KAE.xml,CGS - Charles Snow Projects,METTRP - Methow Smolt Trap at McFarland Creek Road Bridge,4/27/2024,METHR - Methow River,4/28/2024,A,Pacific Lamprey,"12MM TAG, AMMOCOETE",134,1
3DD.003E216256,CGS-2024-033-KAE.xml,CGS - Charles Snow Projects,METTRP - Methow Smolt Trap at McFarland Creek Road Bridge,5/14/2024,METHR - Methow River,5/16/2024,A,Pacific Lamprey,"12MM TAG, AMMOCOETE",136,1
3DD.003E216257,CGS-2024-033-KAE.xml,CGS - Charles Snow Projects,METTRP - Methow Smolt Trap at McFarland Creek Road Bridge,5/11/2024,METHR - Methow River,5/13/2024,A,Pacific Lamprey,"12MM TAG, MACROPHTHALMIA",132,1
3DD.003E216259,CGS-2024-033-KAE.xml,CGS - Charles Snow Projects,METTRP - Methow Smolt Trap at McFarland Creek Road Bridge,5/21/2024,METHR - Methow River,5/22/2024,A,Pacific Lamprey,"12MM TAG, AMMOCOETE",140,1
3DD.003E21625A,CGS-2022-063-LAE.xml,CGS - Charles Snow Projects,TWITRP - Twisp River rotary smolt trap,7/11/2022,TWISPR - Twisp River,7/11/2022,A,Pacific Lamprey,"12MM TAG, AMMOCOETE",160,1
3DD.003E21625B,CGS-2022-063-LAE.xml,CGS - Charles Snow Projects,TWITRP - Twisp River rotary smolt trap,7/21/2022,TWISPR - Twisp River,7/21/2022,A,Pacific Lamprey,"12MM TAG, AMMOCOETE",150,1
3DD.003E21625C,CGS-2022-063-LAE.xml,CGS - Charles Snow Projects,TWITRP - Twisp River rotary smolt trap,5/28/2022,TWISPR - Twisp River,5/28/2022,A,Pacific Lamprey,"12MM TAG, AMMOCOETE",170,1
3DD.003E216261,CGS-2022-063-LAE.xml,CGS - Charles Snow Projects,TWITRP - Twisp River rotary smolt trap,7/4/2022,TWISPR - Twisp River,7/4/2022,A,Pacific Lamprey,"12MM TAG, AMMOCOETE",151,1
3DD.003E216264,CGS-2025-064-KAE.xml,CGS - Charles Snow Projects,METTRP - Methow Smolt Trap at McFarland Creek Road Bridge,4/10/2025,METTRP - Methow Smolt Trap at McFarland Creek Road Bridge,4/10/2025,A,Pacific Lamprey,"12MM TAG, MACROPHTHALMIA",142,1
3DD.003E216265,CGS-2023-073-LAE.xml,CGS - Charles Snow Projects,TWITRP - Twisp River rotary smolt trap,7/19/2023,TWITRP - Twisp River rotary smolt trap,7/19/2023,A,Pacific Lamprey,"12MM TAG, AMMOCOETE",166,1
3DD.003E216267,CGS-2022-063-LAE.xml,CGS - Charles Snow Projects,TWITRP - Twisp River rotary smolt trap,5/28/2022,TWISPR - Twisp River,5/28/2022,A,Pacific Lamprey,"12MM TAG, AMMOCOETE",169,1
3DD.003E21626A,CGS-2023-073-LAE.xml,CGS - Charles Snow Projects,TWITRP - Twisp River rotary smolt trap,4/29/2023,TWITRP - Twisp River rotary smolt trap,4/30/2023,A,Pacific Lamprey,"12MM TAG, AMMOCOETE",165,1
3DD.003E21626B,CGS-2023-073-LAE.xml,CGS - Charles Snow Projects,TWITRP - Twisp River rotary smolt trap,4/18/2023,TWITRP - Twisp River rotary smolt trap,4/18/2023,A,Pacific Lamprey,"12MM TAG, AMMOCOETE",153,1
3DD.003E21626C,CGS-2022-063-LAE.xml,CGS - Charles Snow Projects,TWITRP - Twisp River rotary smolt trap,5/28/2022,TWISPR - Twisp River,5/28/2022,A,Pacific Lamprey,"12MM TAG, AMMOCOETE",175,1
3DD.003E21626D,CGS-2022-063-LAE.xml,CGS - Charles Snow Projects,TWITRP - Twisp River rotary smolt trap,10/27/2022,TWISPR - Twisp River,10/27/2022,A,Pacific Lamprey,"12MM TAG, AMMOCOETE",139,1
3DD.003E21626F,CGS-2025-064-KAE.xml,CGS - Charles Snow Projects,METTRP - Methow Smolt Trap at McFarland Creek Road Bridge,4/22/2025,METTRP - Methow Smolt Trap at McFarland Creek Road Bridge,4/22/2025,A,Pacific Lamprey,"12MM TAG, MACROPHTHALMIA",133,1
3DD.003E216270,CGS-2023-073-LAE.xml,CGS - Charles Snow Projects,TWITRP - Twisp River rotary smolt trap,5/1/2023,TWITRP - Twisp River rotary smolt trap,5/1/2023,A,Pacific Lamprey,"12MM TAG, AMMOCOETE",150,1
3DD.003E216272,CGS-2023-073-LAE.xml,CGS - Charles Snow Projects,TWITRP - Twisp River rotary smolt trap,5/25/2023,TWITRP - Twisp River rotary smolt trap,5/25/2023,A,Pacific Lamprey,"12MM TAG, AMMOCOETE",147,1
3DD.003E216273,CGS-2025-064-KAE.xml,CGS - Charles Snow Projects,METTRP - Methow Smolt Trap at McFarland Creek Road Bridge,4/16/2025,METTRP - Methow Smolt Trap at McFarland Creek Road Bridge,4/16/2025,A,Pacific Lamprey,"12MM TAG, MACROPHTHALMIA",135,1
3DD.003E216274,CGS-2025-064-KAE.xml,CGS - Charles Snow Projects,METTRP - Methow Smolt Trap at McFarland Creek Road Bridge,4/22/2025,METTRP - Methow Smolt Trap at McFarland Creek Road Bridge,4/23/2025,A,Pacific Lamprey,"12MM TAG, AMMOCOETE",150,1
3DD.003E216275,CGS-2023-073-LAE.xml,CGS - Charles Snow Projects,TWITRP - Twisp River rotary smolt trap,6/4/2023,TWITRP - Twisp River rotary smolt trap,6/4/2023,A,Pacific Lamprey,"12MM TAG, AMMOCOETE",158,1
3DD.003E216276,CGS-2025-064-KAE.xml,CGS - Charles Snow Projects,METTRP - Methow Smolt Trap at McFarland Creek Road Bridge,4/21/2025,METTRP - Methow Smolt Trap at McFarland Creek Road Bridge,4/22/2025,A,Pacific Lamprey,"12MM TAG, MACROPHTHALMIA",133,1
3DD.003E216277,CGS-2025-064-KAE.xml,CGS - Charles Snow Projects,METTRP - Methow Smolt Trap at McFarland Creek Road Bridge,4/24/2025,METTRP - Methow Smolt Trap at McFarland Creek Road Bridge,4/25/2025,A,Pacific Lamprey,"12MM TAG, AMMOCOETE",155,1
3DD.003E216278,CGS-2023-073-LAE.xml,CGS - Charles Snow Projects,TWITRP - Twisp River rotary smolt trap,5/31/2023,TWISPR - Twisp River,5/31/2023,A,Pacific Lamprey,"12MM TAG, AMMOCOETE",152,1
3DD.003E216279,CGS-2025-065-LAE.xml,CGS - Charles Snow Projects,TWITRP - Twisp River rotary smolt trap,11/8/2025,TWITRP - Twisp River rotary smolt trap,11/8/2025,A,Pacific Lamprey,"12MM TAG, AMMOCOETE",144,1
3DD.003E21627C,CGS-2023-073-LAE.xml,CGS - Charles Snow Projects,TWITRP - Twisp River rotary smolt trap,4/30/2023,TWITRP - Twisp River rotary smolt trap,4/30/2023,A,Pacific Lamprey,"12MM TAG, AMMOCOETE",159,1
3DD.003E21627E,CGS-2022-063-LAE.xml,CGS - Charles Snow Projects,TWITRP - Twisp River rotary smolt trap,8/5/2022,TWISPR - Twisp River,8/5/2022,A,Pacific Lamprey,"12MM TAG, AMMOCOETE",150,1
3DD.003E21627F,CGS-2023-073-LAE.xml,CGS - Charles Snow Projects,TWITRP - Twisp River rotary smolt trap,4/27/2023,TWITRP - Twisp River rotary smolt trap,4/28/2023,A,Pacific Lamprey,"12MM TAG, AMMOCOETE",168,1
3DD.003E216280,CGS-2025-064-KAE.xml,CGS - Charles Snow Projects,METTRP - Methow Smolt Trap at McFarland Creek Road Bridge,4/22/2025,METTRP - Methow Smolt Trap at McFarland Creek Road Bridge,4/23/2025,A,Pacific Lamprey,"12MM TAG, AMMOCOETE",133,1
3DD.003E216285,CGS-2022-063-LAE.xml,CGS - Charles Snow Projects,TWITRP - Twisp River rotary smolt trap,8/24/2022,TWISPR - Twisp River,8/24/2022,A,Pacific Lamprey,"12MM TAG, AMMOCOETE",146,1
3DD.003E216286,CGS-2025-064-KAE.xml,CGS - Charles Snow Projects,METTRP - Methow Smolt Trap at McFarland Creek Road Bridge,4/21/2025,METTRP - Methow Smolt Trap at McFarland Creek Road Bridge,4/22/2025,A,Pacific Lamprey,"12MM TAG, MACROPHTHALMIA",135,1
3DD.003E216287,CGS-2023-073-LAE.xml,CGS - Charles Snow Projects,TWITRP - Twisp River rotary smolt trap,4/12/2023,TWITRP - Twisp River rotary smolt trap,4/12/2023,A,Pacific Lamprey,"12MM TAG, AMMOCOETE",152,1
3DD.003E21628A,CGS-2025-064-KAE.xml,CGS - Charles Snow Projects,METTRP - Methow Smolt Trap at McFarland Creek Road Bridge,4/23/2025,METTRP - Methow Smolt Trap at McFarland Creek Road Bridge,4/23/2025,A,Pacific Lamprey,"12MM TAG, MACROPHTHALMIA",136,1
3DD.003E21628B,CGS-2025-064-KAE.xml,CGS - Charles Snow Projects,METTRP - Methow Smolt Trap at McFarland Creek Road Bridge,4/16/2025,METTRP - Methow Smolt Trap at McFarland Creek Road Bridge,4/16/2025,A,Pacific Lamprey,"12MM TAG, MACROPHTHALMIA",134,1
3DD.003E21628D,CGS-2023-073-LAE.xml,CGS - Charles Snow Projects,TWITRP - Twisp River rotary smolt trap,4/25/2023,TWITRP - Twisp River rotary smolt trap,4/25/2023,A,Pacific Lamprey,"12MM TAG, AMMOCOETE",180,1
3DD.003E21628E,CGS-2023-073-LAE.xml,CGS - Charles Snow Projects,TWITRP - Twisp River rotary smolt trap,4/26/2023,TWITRP - Twisp River rotary smolt trap,4/26/2023,A,Pacific Lamprey,"12MM TAG, AMMOCOETE",167,1
3DD.003E216290,CGS-2025-064-KAE.xml,CGS - Charles Snow Projects,METTRP - Methow Smolt Trap at McFarland Creek Road Bridge,4/21/2025,METTRP - Methow Smolt Trap at McFarland Creek Road Bridge,4/22/2025,A,Pacific Lamprey,"12MM TAG, MACROPHTHALMIA",130,1
3DD.003E216291,CGS-2025-064-KAE.xml,CGS - Charles Snow Projects,METTRP - Methow Smolt Trap at McFarland Creek Road Bridge,4/21/2025,METTRP - Methow Smolt Trap at McFarland Creek Road Bridge,4/22/2025,A,Pacific Lamprey,"12MM TAG, MACROPHTHALMIA",141,1
3DD.003E216292,CGS-2024-045-LAE.xml,CGS - Charles Snow Projects,TWITRP - Twisp River rotary smolt trap,3/24/2024,TWITRP - Twisp River rotary smolt trap,3/26/2024,A,Pacific Lamprey,"12MM TAG, AMMOCOETE",152,1
3DD.003E216293,CGS-2022-063-LAE.xml,CGS - Charles Snow Projects,TWITRP - Twisp River rotary smolt trap,7/29/2022,TWISPR - Twisp River,7/29/2022,A,Pacific Lamprey,"12MM TAG, AMMOCOETE",155,1
3DD.003E216294,CGS-2025-065-LAE.xml,CGS - Charles Snow Projects,TWITRP - Twisp River rotary smolt trap,11/14/2025,TWITRP - Twisp River rotary smolt trap,11/14/2025,A,Pacific Lamprey,"12MM TAG, AMMOCOETE",132,1
3DD.003E216295,CGS-2025-064-KAE.xml,CGS - Charles Snow Projects,METTRP - Methow Smolt Trap at McFarland Creek Road Bridge,4/10/2025,METTRP - Methow Smolt Trap at McFarland Creek Road Bridge,4/10/2025,A,Pacific Lamprey,"12MM TAG, AMMOCOETE",134,1
3DD.003E216296,CGS-2025-064-KAE.xml,CGS - Charles Snow Projects,METTRP - Methow Smolt Trap at McFarland Creek Road Bridge,4/23/2025,METTRP - Methow Smolt Trap at McFarland Creek Road Bridge,4/23/2025,A,Pacific Lamprey,"12MM TAG, AMMOCOETE",145,1
3DD.003E216297,CGS-2025-065-LAE.xml,CGS - Charles Snow Projects,TWITRP - Twisp River rotary smolt trap,11/14/2025,TWITRP - Twisp River rotary smolt trap,11/14/2025,A,Pacific Lamprey,"12MM TAG, AMMOCOETE",151,1
3DD.003E216299,CGS-2023-073-LAE.xml,CGS - Charles Snow Projects,TWITRP - Twisp River rotary smolt trap,4/2/2023,TWITRP - Twisp River rotary smolt trap,4/3/2023,A,Pacific Lamprey,"12MM TAG, AMMOCOETE",176,1
3DD.003E21629A,CGS-2025-064-KAE.xml,CGS - Charles Snow Projects,METTRP - Methow Smolt Trap at McFarland Creek Road Bridge,4/24/2025,METTRP - Methow Smolt Trap at McFarland Creek Road Bridge,4/25/2025,A,Pacific Lamprey,"12MM TAG, AMMOCOETE",136,1
3DD.003E21629B,CGS-2024-045-LAE.xml,CGS - Charles Snow Projects,TWITRP - Twisp River rotary smolt trap,3/19/2024,TWITRP - Twisp River rotary smolt trap,3/19/2024,A,Pacific Lamprey,"12MM TAG, AMMOCOETE",170,1
3DD.003E21629C,CGS-2023-073-LAE.xml,CGS - Charles Snow Projects,TWITRP - Twisp River rotary smolt trap,4/9/2023,TWITRP - Twisp River rotary smolt trap,4/9/2023,A,Pacific Lamprey,"12MM TAG, AMMOCOETE",165,1
3DD.003E21629D,CGS-2023-073-LAE.xml,CGS - Charles Snow Projects,TWITRP - Twisp River rotary smolt trap,4/27/2023,TWITRP - Twisp River rotary smolt trap,4/28/2023,A,Pacific Lamprey,"12MM TAG, AMMOCOETE",158,1
3DD.003E21629E,CGS-2025-065-LAE.xml,CGS - Charles Snow Projects,TWITRP - Twisp River rotary smolt trap,11/3/2025,TWITRP - Twisp River rotary smolt trap,11/3/2025,A,Pacific Lamprey,"12MM TAG, AMMOCOETE",135,1
3DD.003E2162A1,CGS-2023-073-LAE.xml,CGS - Charles Snow Projects,TWITRP - Twisp River rotary smolt trap,4/26/2023,TWITRP - Twisp River rotary smolt trap,4/26/2023,A,Pacific Lamprey,"12MM TAG, AMMOCOETE",161,1
3DD.003E2162A2,CGS-2025-064-KAE.xml,CGS - Charles Snow Projects,METTRP - Methow Smolt Trap at McFarland Creek Road Bridge,4/27/2025,METTRP - Methow Smolt Trap at McFarland Creek Road Bridge,4/28/2025,A,Pacific Lamprey,"12MM TAG, MACROPHTHALMIA",137,1
3DD.003E2162A3,CGS-2025-064-KAE.xml,CGS - Charles Snow Projects,METTRP - Methow Smolt Trap at McFarland Creek Road Bridge,4/23/2025,METTRP - Methow Smolt Trap at McFarland Creek Road Bridge,4/23/2025,A,Pacific Lamprey,"12MM TAG, AMMOCOETE",134,1
3DD.003E2162A4,CGS-2025-065-LAE.xml,CGS - Charles Snow Projects,TWITRP - Twisp River rotary smolt trap,3/28/2025,TWISPR - Twisp River,3/28/2025,A,Pacific Lamprey,"12MM TAG, AMMOCOETE",172,1
3DD.003E2162A5,CGS-2025-064-KAE.xml,CGS - Charles Snow Projects,METTRP - Methow Smolt Trap at McFarland Creek Road Bridge,4/23/2025,METTRP - Methow Smolt Trap at McFarland Creek Road Bridge,4/23/2025,A,Pacific Lamprey,"12MM TAG, MACROPHTHALMIA",132,1
3DD.003E2162A6,CGS-2025-064-KAE.xml,CGS - Charles Snow Projects,METTRP - Methow Smolt Trap at McFarland Creek Road Bridge,4/24/2025,METTRP - Methow Smolt Trap at McFarland Creek Road Bridge,4/25/2025,A,Pacific Lamprey,"12MM TAG, AMMOCOETE",133,1
3DD.003E2162A7,CGS-2023-073-LAE.xml,CGS - Charles Snow Projects,TWITRP - Twisp River rotary smolt trap,4/26/2023,TWITRP - Twisp River rotary smolt trap,4/26/2023,A,Pacific Lamprey,"12MM TAG, AMMOCOETE",159,1
3DD.003E2162A8,CGS-2025-064-KAE.xml,CGS - Charles Snow Projects,METTRP - Methow Smolt Trap at McFarland Creek Road Bridge,4/22/2025,METTRP - Methow Smolt Trap at McFarland Creek Road Bridge,4/22/2025,A,Pacific Lamprey,"12MM TAG, MACROPHTHALMIA",137,1
3DD.003E2162A9,CGS-2025-064-KAE.xml,CGS - Charles Snow Projects,METTRP - Methow Smolt Trap at McFarland Creek Road Bridge,4/25/2025,METTRP - Methow Smolt Trap at McFarland Creek Road Bridge,4/25/2025,A,Pacific Lamprey,"12MM TAG, AMMOCOETE",136,1
3DD.003E2162AA,CGS-2025-064-KAE.xml,CGS - Charles Snow Projects,METTRP - Methow Smolt Trap at McFarland Creek Road Bridge,4/23/2025,METTRP - Methow Smolt Trap at McFarland Creek Road Bridge,4/23/2025,A,Pacific Lamprey,"12MM TAG, MACROPHTHALMIA",144,1
3DD.003E2162AB,CGS-2022-063-LAE.xml,CGS - Charles Snow Projects,TWITRP - Twisp River rotary smolt trap,7/6/2022,TWISPR - Twisp River,7/6/2022,A,Pacific Lamprey,"12MM TAG, AMMOCOETE",157,1
3DD.003E2162AC,CGS-2024-045-LAE.xml,CGS - Charles Snow Projects,TWITRP - Twisp River rotary smolt trap,4/7/2024,TWISPR - Twisp River,4/9/2024,A,Pacific Lamprey,"12MM TAG, AMMOCOETE",143,1
3DD.003E2162AD,CGS-2025-064-KAE.xml,CGS - Charles Snow Projects,METTRP - Methow Smolt Trap at McFarland Creek Road Bridge,4/22/2025,METTRP - Methow Smolt Trap at McFarland Creek Road Bridge,4/22/2025,A,Pacific Lamprey,"12MM TAG, MACROPHTHALMIA",134,1
3DD.003E2162AE,CGS-2025-064-KAE.xml,CGS - Charles Snow Projects,METTRP - Methow Smolt Trap at McFarland Creek Road Bridge,4/21/2025,METTRP - Methow Smolt Trap at McFarland Creek Road Bridge,4/22/2025,A,Pacific Lamprey,"12MM TAG, AMMOCOETE",160,1
3DD.003E2162B0,CGS-2025-064-KAE.xml,CGS - Charles Snow Projects,METTRP - Methow Smolt Trap at McFarland Creek Road Bridge,4/27/2025,METTRP - Methow Smolt Trap at McFarland Creek Road Bridge,4/28/2025,A,Pacific Lamprey,"12MM TAG, MACROPHTHALMIA",132,1
3DD.003E2162B1,CGS-2025-064-KAE.xml,CGS - Charles Snow Projects,METTRP - Methow Smolt Trap at McFarland Creek Road Bridge,4/23/2025,METTRP - Methow Smolt Trap at McFarland Creek Road Bridge,4/23/2025,A,Pacific Lamprey,"12MM TAG, MACROPHTHALMIA",137,1
3DD.003E2162B2,CGS-2025-064-KAE.xml,CGS - Charles Snow Projects,METTRP - Methow Smolt Trap at McFarland Creek Road Bridge,4/24/2025,METTRP - Methow Smolt Trap at McFarland Creek Road Bridge,4/25/2025,A,Pacific Lamprey,"12MM TAG, AMMOCOETE",140,1
3DD.003E2162B3,CGS-2025-064-KAE.xml,CGS - Charles Snow Projects,METTRP - Methow Smolt Trap at McFarland Creek Road Bridge,4/24/2025,METTRP - Methow Smolt Trap at McFarland Creek Road Bridge,4/25/2025,A,Pacific Lamprey,"12MM TAG, MACROPHTHALMIA",132,1
3DD.003E2162B4,CGS-2025-064-KAE.xml,CGS - Charles Snow Projects,METTRP - Methow Smolt Trap at McFarland Creek Road Bridge,4/22/2025,METTRP - Methow Smolt Trap at McFarland Creek Road Bridge,4/23/2025,A,Pacific Lamprey,"12MM TAG, AMMOCOETE",134,1
3DD.003E2162B5,CGS-2025-064-KAE.xml,CGS - Charles Snow Projects,METTRP - Methow Smolt Trap at McFarland Creek Road Bridge,4/24/2025,METTRP - Methow Smolt Trap at McFarland Creek Road Bridge,4/24/2025,A,Pacific Lamprey,"12MM TAG, AMMOCOETE",139,1
3DD.003E2162B6,CGS-2025-064-KAE.xml,CGS - Charles Snow Projects,METTRP - Methow Smolt Trap at McFarland Creek Road Bridge,4/23/2025,METTRP - Methow Smolt Trap at McFarland Creek Road Bridge,4/23/2025,A,Pacific Lamprey,"12MM TAG, AMMOCOETE",138,1
3DD.003E2162B7,CGS-2025-064-KAE.xml,CGS - Charles Snow Projects,METTRP - Methow Smolt Trap at McFarland Creek Road Bridge,4/24/2025,METTRP - Methow Smolt Trap at McFarland Creek Road Bridge,4/24/2025,A,Pacific Lamprey,"12MM TAG, AMMOCOETE",140,1
3DD.003E2162B8,CGS-2025-064-KAE.xml,CGS - Charles Snow Projects,METTRP - Methow Smolt Trap at McFarland Creek Road Bridge,4/25/2025,METTRP - Methow Smolt Trap at McFarland Creek Road Bridge,4/25/2025,A,Pacific Lamprey,"12MM TAG, MACROPHTHALMIA",137,1
3DD.003E2162B9,CGS-2023-073-LAE.xml,CGS - Charles Snow Projects,TWITRP - Twisp River rotary smolt trap,4/26/2023,TWITRP - Twisp River rotary smolt trap,4/26/2023,A,Pacific Lamprey,"12MM TAG, AMMOCOETE",165,1
3DD.003E2162BA,CGS-2023-073-LAE.xml,CGS - Charles Snow Projects,TWITRP - Twisp River rotary smolt trap,4/12/2023,TWITRP - Twisp River rotary smolt trap,4/12/2023,A,Pacific Lamprey,"12MM TAG, AMMOCOETE",173,1
3DD.003E2162BC,CGS-2025-064-KAE.xml,CGS - Charles Snow Projects,METTRP - Methow Smolt Trap at McFarland Creek Road Bridge,4/23/2025,METTRP - Methow Smolt Trap at McFarland Creek Road Bridge,4/23/2025,A,Pacific Lamprey,"12MM TAG, AMMOCOETE",130,1
3DD.003E2162BD,CGS-2022-063-LAE.xml,CGS - Charles Snow Projects,TWITRP - Twisp River rotary smolt trap,6/2/2022,TWISPR - Twisp River,6/2/2022,A,Pacific Lamprey,"12MM TAG, AMMOCOETE",161,1
3DD.003E2162BF,CGS-2023-084-KAE.xml,CGS - Charles Snow Projects,METTRP - Methow Smolt Trap at McFarland Creek Road Bridge,5/27/2023,METHR - Methow River,5/29/2023,A,Pacific Lamprey,"12MM TAG, AMMOCOETE",133,1
3DD.003E2162C0,CGS-2023-084-KAE.xml,CGS - Charles Snow Projects,METTRP - Methow Smolt Trap at McFarland Creek Road Bridge,5/25/2023,METHR - Methow River,5/26/2023,A,Pacific Lamprey,"12MM TAG, AMMOCOETE",130,1
3DD.003E2162C1,CGS-2023-084-KAE.xml,CGS - Charles Snow Projects,METTRP - Methow Smolt Trap at McFarland Creek Road Bridge,5/27/2023,METHR - Methow River,5/29/2023,A,Pacific Lamprey,"12MM TAG, AMMOCOETE",132,1
3DD.003E2162C2,CGS-2023-084-KAE.xml,CGS - Charles Snow Projects,METTRP - Methow Smolt Trap at McFarland Creek Road Bridge,5/31/2023,METHR - Methow River,6/1/2023,A,Pacific Lamprey,"12MM TAG, AMMOCOETE",141,1
3DD.003E2162C3,CGS-2023-084-KAE.xml,CGS - Charles Snow Projects,METTRP - Methow Smolt Trap at McFarland Creek Road Bridge,5/26/2023,METHR - Methow River,5/26/2023,A,Pacific Lamprey,"12MM TAG, AMMOCOETE",139,1
3DD.003E2162C4,CGS-2024-033-KAE.xml,CGS - Charles Snow Projects,METTRP - Methow Smolt Trap at McFarland Creek Road Bridge,4/16/2024,METHR - Methow River,4/16/2024,A,Pacific Lamprey,"12MM TAG, MACROPHTHALMIA",147,1
3DD.003E2162C7,CGS-2023-084-KAE.xml,CGS - Charles Snow Projects,METTRP - Methow Smolt Trap at McFarland Creek Road Bridge,5/24/2023,METHR - Methow River,5/26/2023,A,Pacific Lamprey,"12MM TAG, AMMOCOETE",146,1
3DD.003E2162C8,CGS-2024-033-KAE.xml,CGS - Charles Snow Projects,METTRP - Methow Smolt Trap at McFarland Creek Road Bridge,4/7/2024,METHR - Methow River,4/7/2024,A,Pacific Lamprey,"12MM TAG, AMMOCOETE",145,1
3DD.003E2162C9,CGS-2023-084-KAE.xml,CGS - Charles Snow Projects,METTRP - Methow Smolt Trap at McFarland Creek Road Bridge,5/27/2023,METHR - Methow River,5/29/2023,A,Pacific Lamprey,"12MM TAG, AMMOCOETE",141,1
3DD.003E2162CB,CGS-2022-051-KAE.xml,CGS - Charles Snow Projects,METTRP - Methow Smolt Trap at McFarland Creek Road Bridge,7/7/2022,METTRP - Methow Smolt Trap at McFarland Creek Road Bridge,7/7/2022,A,Pacific Lamprey,"12MM TAG, AMMOCOETE",141,1
3DD.003E2162CC,CGS-2023-084-KAE.xml,CGS - Charles Snow Projects,METTRP - Methow Smolt Trap at McFarland Creek Road Bridge,5/28/2023,METHR - Methow River,5/29/2023,A,Pacific Lamprey,"12MM TAG, AMMOCOETE",139,1
3DD.003E2162CD,CGS-2022-051-KAE.xml,CGS - Charles Snow Projects,METTRP - Methow Smolt Trap at McFarland Creek Road Bridge,6/3/2022,METTRP - Methow Smolt Trap at McFarland Creek Road Bridge,6/3/2022,A,Pacific Lamprey,"12MM TAG, AMMOCOETE",134,1
3DD.003E2162CE,CGS-2023-084-KAE.xml,CGS - Charles Snow Projects,METTRP - Methow Smolt Trap at McFarland Creek Road Bridge,5/26/2023,METHR - Methow River,5/26/2023,A,Pacific Lamprey,"12MM TAG, AMMOCOETE",144,1
3DD.003E2162CF,CGS-2022-051-KAE.xml,CGS - Charles Snow Projects,METTRP - Methow Smolt Trap at McFarland Creek Road Bridge,5/28/2022,METTRP - Methow Smolt Trap at McFarland Creek Road Bridge,5/29/2022,A,Pacific Lamprey,"12MM TAG, AMMOCOETE",148,1
3DD.003E2162D0,CGS-2022-051-KAE.xml,CGS - Charles Snow Projects,METTRP - Methow Smolt Trap at McFarland Creek Road Bridge,5/28/2022,METTRP - Methow Smolt Trap at McFarland Creek Road Bridge,5/29/2022,A,Pacific Lamprey,"12MM TAG, AMMOCOETE",157,1
3DD.003E2162D2,CGS-2022-051-KAE.xml,CGS - Charles Snow Projects,METTRP - Methow Smolt Trap at McFarland Creek Road Bridge,6/3/2022,METTRP - Methow Smolt Trap at McFarland Creek Road Bridge,6/3/2022,A,Pacific Lamprey,"12MM TAG, MACROPHTHALMIA",147,1
3DD.003E2162D3,CGS-2023-084-KAE.xml,CGS - Charles Snow Projects,METTRP - Methow Smolt Trap at McFarland Creek Road Bridge,4/29/2023,METHR - Methow River,5/1/2023,A,Pacific Lamprey,"12MM TAG, MACROPHTHALMIA",155,1
3DD.003E2162D4,CGS-2023-084-KAE.xml,CGS - Charles Snow Projects,METTRP - Methow Smolt Trap at McFarland Creek Road Bridge,5/25/2023,METHR - Methow River,5/26/2023,A,Pacific Lamprey,"12MM TAG, AMMOCOETE",151,1
3DD.003E2162D5,CGS-2024-033-KAE.xml,CGS - Charles Snow Projects,METTRP - Methow Smolt Trap at McFarland Creek Road Bridge,3/25/2024,METHR - Methow River,3/26/2024,A,Pacific Lamprey,"12MM TAG, AMMOCOETE",135,1
3DD.003E2162D6,CGS-2023-084-KAE.xml,CGS - Charles Snow Projects,METTRP - Methow Smolt Trap at McFarland Creek Road Bridge,6/4/2023,METHR - Methow River,6/4/2023,A,Pacific Lamprey,"12MM TAG, AMMOCOETE",134,1
3DD.003E2162D7,CGS-2023-084-KAE.xml,CGS - Charles Snow Projects,METTRP - Methow Smolt Trap at McFarland Creek Road Bridge,5/26/2023,METHR - Methow River,5/26/2023,A,Pacific Lamprey,"12MM TAG, AMMOCOETE",140,1
3DD.003E2162D8,CGS-2023-084-KAE.xml,CGS - Charles Snow Projects,METTRP - Methow Smolt Trap at McFarland Creek Road Bridge,5/28/2023,METHR - Methow River,5/29/2023,A,Pacific Lamprey,"12MM TAG, AMMOCOETE",142,1
3DD.003E2162D9,CGS-2023-084-KAE.xml,CGS - Charles Snow Projects,METTRP - Methow Smolt Trap at McFarland Creek Road Bridge,5/27/2023,METHR - Methow River,5/29/2023,A,Pacific Lamprey,"12MM TAG, AMMOCOETE",150,1
3DD.003E2162DA,CGS-2022-051-KAE.xml,CGS - Charles Snow Projects,METTRP - Methow Smolt Trap at McFarland Creek Road Bridge,5/28/2022,METTRP - Methow Smolt Trap at McFarland Creek Road Bridge,5/29/2022,A,Pacific Lamprey,"12MM TAG, AMMOCOETE",144,1
3DD.003E2162DB,CGS-2022-051-KAE.xml,CGS - Charles Snow Projects,METTRP - Methow Smolt Trap at McFarland Creek Road Bridge,6/3/2022,METTRP - Methow Smolt Trap at McFarland Creek Road Bridge,6/3/2022,A,Pacific Lamprey,"12MM TAG, AMMOCOETE",138,1
3DD.003E2162DC,CGS-2022-051-KAE.xml,CGS - Charles Snow Projects,METTRP - Methow Smolt Trap at McFarland Creek Road Bridge,7/7/2022,METTRP - Methow Smolt Trap at McFarland Creek Road Bridge,7/7/2022,A,Pacific Lamprey,"12MM TAG, AMMOCOETE",136,1
3DD.003E2162DE,CGS-2022-051-KAE.xml,CGS - Charles Snow Projects,METTRP - Methow Smolt Trap at McFarland Creek Road Bridge,7/8/2022,METTRP - Methow Smolt Trap at McFarland Creek Road Bridge,7/8/2022,A,Pacific Lamprey,"12MM TAG, AMMOCOETE",143,1
3DD.003E2162E0,CGS-2023-084-KAE.xml,CGS - Charles Snow Projects,METTRP - Methow Smolt Trap at McFarland Creek Road Bridge,11/5/2023,METHR - Methow River,11/5/2023,A,Pacific Lamprey,"12MM TAG, AMMOCOETE",125,1
3DD.003E2162E1,CGS-2023-084-KAE.xml,CGS - Charles Snow Projects,METTRP - Methow Smolt Trap at McFarland Creek Road Bridge,4/11/2023,METHR - Methow River,4/13/2023,A,Pacific Lamprey,"12MM TAG, AMMOCOETE",133,1
3DD.003E2162E3,CGS-2023-084-KAE.xml,CGS - Charles Snow Projects,METTRP - Methow Smolt Trap at McFarland Creek Road Bridge,5/27/2023,METHR - Methow River,5/29/2023,A,Pacific Lamprey,"12MM TAG, AMMOCOETE",132,1
3DD.003E2162E4,CGS-2023-084-KAE.xml,CGS - Charles Snow Projects,METTRP - Methow Smolt Trap at McFarland Creek Road Bridge,6/9/2023,METHR - Methow River,6/10/2023,A,Pacific Lamprey,"12MM TAG, AMMOCOETE",133,1
3DD.003E2162E5,CGS-2023-084-KAE.xml,CGS - Charles Snow Projects,METTRP - Methow Smolt Trap at McFarland Creek Road Bridge,5/25/2023,METHR - Methow River,5/26/2023,A,Pacific Lamprey,"12MM TAG, AMMOCOETE",140,1
3DD.003E2162E6,CGS-2024-033-KAE.xml,CGS - Charles Snow Projects,METTRP - Methow Smolt Trap at McFarland Creek Road Bridge,3/21/2024,METHR - Methow River,3/23/2024,A,Pacific Lamprey,"12MM TAG, AMMOCOETE",135,1
3DD.003E2162E7,CGS-2023-084-KAE.xml,CGS - Charles Snow Projects,METTRP - Methow Smolt Trap at McFarland Creek Road Bridge,6/1/2023,METHR - Methow River,6/1/2023,A,Pacific Lamprey,"12MM TAG, AMMOCOETE",133,1
3DD.003E2162E8,CGS-2022-051-KAE.xml,CGS - Charles Snow Projects,METTRP - Methow Smolt Trap at McFarland Creek Road Bridge,5/28/2022,METTRP - Methow Smolt Trap at McFarland Creek Road Bridge,5/29/2022,A,Pacific Lamprey,"12MM TAG, MACROPHTHALMIA",135,1
3DD.003E2162EA,CGS-2023-084-KAE.xml,CGS - Charles Snow Projects,METTRP - Methow Smolt Trap at McFarland Creek Road Bridge,5/27/2023,METHR - Methow River,5/29/2023,A,Pacific Lamprey,"12MM TAG, AMMOCOETE",132,1
3DD.003E2162EB,CGS-2022-051-KAE.xml,CGS - Charles Snow Projects,METTRP - Methow Smolt Trap at McFarland Creek Road Bridge,5/28/2022,METTRP - Methow Smolt Trap at McFarland Creek Road Bridge,5/29/2022,A,Pacific Lamprey,"12MM TAG, AMMOCOETE",174,1
3DD.003E2162EC,CGS-2022-051-KAE.xml,CGS - Charles Snow Projects,METTRP - Methow Smolt Trap at McFarland Creek Road Bridge,5/28/2022,METTRP - Methow Smolt Trap at McFarland Creek Road Bridge,5/29/2022,A,Pacific Lamprey,"12MM TAG, AMMOCOETE",137,1
3DD.003E2162ED,CGS-2022-051-KAE.xml,CGS - Charles Snow Projects,METTRP - Methow Smolt Trap at McFarland Creek Road Bridge,6/2/2022,METTRP - Methow Smolt Trap at McFarland Creek Road Bridge,6/3/2022,A,Pacific Lamprey,"12MM TAG, MACROPHTHALMIA",146,1
3DD.003E2162EE,CGS-2022-051-KAE.xml,CGS - Charles Snow Projects,METTRP - Methow Smolt Trap at McFarland Creek Road Bridge,6/3/2022,METTRP - Methow Smolt Trap at McFarland Creek Road Bridge,6/3/2022,A,Pacific Lamprey,"12MM TAG, AMMOCOETE",144,1
3DD.003E2162EF,CGS-2023-084-KAE.xml,CGS - Charles Snow Projects,METTRP - Methow Smolt Trap at McFarland Creek Road Bridge,6/2/2023,METHR - Methow River,6/4/2023,A,Pacific Lamprey,"12MM TAG, AMMOCOETE",134,1
3DD.003E2162F0,CGS-2022-051-KAE.xml,CGS - Charles Snow Projects,METTRP - Methow Smolt Trap at McFarland Creek Road Bridge,5/28/2022,METTRP - Methow Smolt Trap at McFarland Creek Road Bridge,5/29/2022,A,Pacific Lamprey,"12MM TAG, MACROPHTHALMIA",142,1
3DD.003E2162F1,CGS-2022-051-KAE.xml,CGS - Charles Snow Projects,METTRP - Methow Smolt Trap at McFarland Creek Road Bridge,6/3/2022,METTRP - Methow Smolt Trap at McFarland Creek Road Bridge,6/3/2022,A,Pacific Lamprey,"12MM TAG, AMMOCOETE",138,1
3DD.003E2162F2,CGS-2022-051-KAE.xml,CGS - Charles Snow Projects,METTRP - Methow Smolt Trap at McFarland Creek Road Bridge,6/2/2022,METTRP - Methow Smolt Trap at McFarland Creek Road Bridge,6/3/2022,A,Pacific Lamprey,"12MM TAG, MACROPHTHALMIA",143,1
3DD.003E2162F3,CGS-2022-051-KAE.xml,CGS - Charles Snow Projects,METTRP - Methow Smolt Trap at McFarland Creek Road Bridge,6/3/2022,METTRP - Methow Smolt Trap at McFarland Creek Road Bridge,6/3/2022,A,Pacific Lamprey,"12MM TAG, MACROPHTHALMIA",138,1
3DD.003E2162F4,CGS-2023-084-KAE.xml,CGS - Charles Snow Projects,METTRP - Methow Smolt Trap at McFarland Creek Road Bridge,5/30/2023,METHR - Methow River,6/1/2023,A,Pacific Lamprey,"12MM TAG, AMMOCOETE",132,1
3DD.003E2162F5,CGS-2023-084-KAE.xml,CGS - Charles Snow Projects,METTRP - Methow Smolt Trap at McFarland Creek Road Bridge,5/31/2023,METHR - Methow River,6/1/2023,A,Pacific Lamprey,"12MM TAG, AMMOCOETE",139,1
3DD.003E2162F7,CGS-2022-051-KAE.xml,CGS - Charles Snow Projects,METTRP - Methow Smolt Trap at McFarland Creek Road Bridge,6/2/2022,METTRP - Methow Smolt Trap at McFarland Creek Road Bridge,6/3/2022,A,Pacific Lamprey,"12MM TAG, AMMOCOETE",145,1
3DD.003E2162F8,CGS-2022-051-KAE.xml,CGS - Charles Snow Projects,METTRP - Methow Smolt Trap at McFarland Creek Road Bridge,6/2/2022,METTRP - Methow Smolt Trap at McFarland Creek Road Bridge,6/3/2022,A,Pacific Lamprey,"12MM TAG, AMMOCOETE",146,1
3DD.003E2162F9,CGS-2023-084-KAE.xml,CGS - Charles Snow Projects,METTRP - Methow Smolt Trap at McFarland Creek Road Bridge,5/28/2023,METHR - Methow River,5/29/2023,A,Pacific Lamprey,"12MM TAG, AMMOCOETE",152,1
3DD.003E2162FA,CGS-2024-033-KAE.xml,CGS - Charles Snow Projects,METTRP - Methow Smolt Trap at McFarland Creek Road Bridge,3/25/2024,METHR - Methow River,3/26/2024,A,Pacific Lamprey,"12MM TAG, AMMOCOETE",135,1
3DD.003E2162FB,CGS-2022-051-KAE.xml,CGS - Charles Snow Projects,METTRP - Methow Smolt Trap at McFarland Creek Road Bridge,6/24/2022,METTRP - Methow Smolt Trap at McFarland Creek Road Bridge,6/24/2022,A,Pacific Lamprey,"12MM TAG, AMMOCOETE",146,1
3DD.003E2162FC,CGS-2022-051-KAE.xml,CGS - Charles Snow Projects,METTRP - Methow Smolt Trap at McFarland Creek Road Bridge,7/7/2022,METTRP - Methow Smolt Trap at McFarland Creek Road Bridge,7/7/2022,A,Pacific Lamprey,"12MM TAG, AMMOCOETE",140,1
3DD.003E2162FD,CGS-2022-051-KAE.xml,CGS - Charles Snow Projects,METTRP - Methow Smolt Trap at McFarland Creek Road Bridge,6/3/2022,METTRP - Methow Smolt Trap at McFarland Creek Road Bridge,6/3/2022,A,Pacific Lamprey,"12MM TAG, AMMOCOETE",135,1
3DD.003E2162FE,CGS-2022-051-KAE.xml,CGS - Charles Snow Projects,METTRP - Methow Smolt Trap at McFarland Creek Road Bridge,6/2/2022,METTRP - Methow Smolt Trap at McFarland Creek Road Bridge,6/3/2022,A,Pacific Lamprey,"12MM TAG, AMMOCOETE",146,1
3DD.003E2162FF,CGS-2022-051-KAE.xml,CGS - Charles Snow Projects,METTRP - Methow Smolt Trap at McFarland Creek Road Bridge,6/2/2022,METTRP - Methow Smolt Trap at McFarland Creek Road Bridge,6/3/2022,A,Pacific Lamprey,"12MM TAG, AMMOCOETE",145,1
3DD.003E216300,CGS-2023-084-KAE.xml,CGS - Charles Snow Projects,METTRP - Methow Smolt Trap at McFarland Creek Road Bridge,5/27/2023,METHR - Methow River,5/29/2023,A,Pacific Lamprey,"12MM TAG, AMMOCOETE",143,1
3DD.003E216301,CGS-2024-033-KAE.xml,CGS - Charles Snow Projects,METTRP - Methow Smolt Trap at McFarland Creek Road Bridge,4/4/2024,METHR - Methow River,4/4/2024,A,Pacific Lamprey,"12MM TAG, AMMOCOETE",139,1
3DD.003E216302,CGS-2022-051-KAE.xml,CGS - Charles Snow Projects,METTRP - Methow Smolt Trap at McFarland Creek Road Bridge,7/6/2022,METTRP - Methow Smolt Trap at McFarland Creek Road Bridge,7/6/2022,A,Pacific Lamprey,"12MM TAG, AMMOCOETE",166,1
3DD.003E216303,CGS-2022-051-KAE.xml,CGS - Charles Snow Projects,METTRP - Methow Smolt Trap at McFarland Creek Road Bridge,6/2/2022,METTRP - Methow Smolt Trap at McFarland Creek Road Bridge,6/3/2022,A,Pacific Lamprey,"12MM TAG, MACROPHTHALMIA",137,1
3DD.003E216304,CGS-2022-051-KAE.xml,CGS - Charles Snow Projects,METTRP - Methow Smolt Trap at McFarland Creek Road Bridge,6/2/2022,METTRP - Methow Smolt Trap at McFarland Creek Road Bridge,6/3/2022,A,Pacific Lamprey,"12MM TAG, AMMOCOETE",139,1
3DD.003E216305,CGS-2022-051-KAE.xml,CGS - Charles Snow Projects,METTRP - Methow Smolt Trap at McFarland Creek Road Bridge,5/28/2022,METTRP - Methow Smolt Trap at McFarland Creek Road Bridge,5/29/2022,A,Pacific Lamprey,"12MM TAG, AMMOCOETE",157,1
3DD.003E216306,CGS-2024-033-KAE.xml,CGS - Charles Snow Projects,METTRP - Methow Smolt Trap at McFarland Creek Road Bridge,4/17/2024,METHR - Methow River,4/19/2024,A,Pacific Lamprey,"12MM TAG, MACROPHTHALMIA",138,1
3DD.003E216307,CGS-2022-051-KAE.xml,CGS - Charles Snow Projects,METTRP - Methow Smolt Trap at McFarland Creek Road Bridge,6/2/2022,METTRP - Methow Smolt Trap at McFarland Creek Road Bridge,6/3/2022,A,Pacific Lamprey,"12MM TAG, AMMOCOETE",140,1
3DD.003E216308,CGS-2023-084-KAE.xml,CGS - Charles Snow Projects,METTRP - Methow Smolt Trap at McFarland Creek Road Bridge,6/12/2023,METTRP - Methow Smolt Trap at McFarland Creek Road Bridge,6/12/2023,A,Pacific Lamprey,"12MM TAG, ADULT",430,1
3DD.003E21630B,CGS-2024-033-KAE.xml,CGS - Charles Snow Projects,METTRP - Methow Smolt Trap at McFarland Creek Road Bridge,5/2/2024,METHR - Methow River,5/4/2024,A,Pacific Lamprey,"12MM TAG, AMMOCOETE",137,1
3DD.003E21630C,CGS-2022-051-KAE.xml,CGS - Charles Snow Projects,METTRP - Methow Smolt Trap at McFarland Creek Road Bridge,6/24/2022,METTRP - Methow Smolt Trap at McFarland Creek Road Bridge,6/24/2022,A,Pacific Lamprey,"12MM TAG, AMMOCOETE",137,1
3DD.003E21630D,CGS-2023-084-KAE.xml,CGS - Charles Snow Projects,METTRP - Methow Smolt Trap at McFarland Creek Road Bridge,5/29/2023,METHR - Methow River,5/29/2023,A,Pacific Lamprey,"12MM TAG, AMMOCOETE",139,1
3DD.003E21630E,CGS-2023-084-KAE.xml,CGS - Charles Snow Projects,METTRP - Methow Smolt Trap at McFarland Creek Road Bridge,5/29/2023,METHR - Methow River,5/29/2023,A,Pacific Lamprey,"12MM TAG, AMMOCOETE",138,1
3DD.003E21630F,CGS-2022-051-KAE.xml,CGS - Charles Snow Projects,METTRP - Methow Smolt Trap at McFarland Creek Road Bridge,5/28/2022,METTRP - Methow Smolt Trap at McFarland Creek Road Bridge,5/29/2022,A,Pacific Lamprey,"12MM TAG, MACROPHTHALMIA",144,1
3DD.003E216310,CGS-2023-084-KAE.xml,CGS - Charles Snow Projects,METTRP - Methow Smolt Trap at McFarland Creek Road Bridge,4/26/2023,METHR - Methow River,4/28/2023,A,Pacific Lamprey,"12MM TAG, AMMOCOETE",133,1
3DD.003E216311,CGS-2022-051-KAE.xml,CGS - Charles Snow Projects,METTRP - Methow Smolt Trap at McFarland Creek Road Bridge,6/24/2022,METTRP - Methow Smolt Trap at McFarland Creek Road Bridge,6/24/2022,A,Pacific Lamprey,"12MM TAG, AMMOCOETE",143,1
3DD.003E216313,CGS-2023-084-KAE.xml,CGS - Charles Snow Projects,METTRP - Methow Smolt Trap at McFarland Creek Road Bridge,4/23/2023,METHR - Methow River,4/25/2023,A,Pacific Lamprey,"12MM TAG, AMMOCOETE",129,1
3DD.003E216314,CGS-2022-051-KAE.xml,CGS - Charles Snow Projects,METTRP - Methow Smolt Trap at McFarland Creek Road Bridge,7/6/2022,METTRP - Methow Smolt Trap at McFarland Creek Road Bridge,7/6/2022,A,Pacific Lamprey,"12MM TAG, AMMOCOETE",148,1
3DD.003E216315,CGS-2023-084-KAE.xml,CGS - Charles Snow Projects,METTRP - Methow Smolt Trap at McFarland Creek Road Bridge,4/2/2023,METHR - Methow River,4/3/2023,A,Pacific Lamprey,"12MM TAG, MACROPHTHALMIA",131,1
3DD.003E216316,CGS-2023-084-KAE.xml,CGS - Charles Snow Projects,METTRP - Methow Smolt Trap at McFarland Creek Road Bridge,4/18/2023,METHR - Methow River,4/19/2023,A,Pacific Lamprey,"12MM TAG, AMMOCOETE",137,1
3DD.003E216317,CGS-2022-051-KAE.xml,CGS - Charles Snow Projects,METTRP - Methow Smolt Trap at McFarland Creek Road Bridge,6/2/2022,METTRP - Methow Smolt Trap at McFarland Creek Road Bridge,6/3/2022,A,Pacific Lamprey,"12MM TAG, AMMOCOETE",143,1
3DD.003E216318,CGS-2023-084-KAE.xml,CGS - Charles Snow Projects,METTRP - Methow Smolt Trap at McFarland Creek Road Bridge,5/26/2023,METHR - Methow River,5/26/2023,A,Pacific Lamprey,"12MM TAG, AMMOCOETE",150,1
3DD.003E21631A,CGS-2022-051-KAE.xml,CGS - Charles Snow Projects,METTRP - Methow Smolt Trap at McFarland Creek Road Bridge,6/3/2022,METTRP - Methow Smolt Trap at McFarland Creek Road Bridge,6/3/2022,A,Pacific Lamprey,"12MM TAG, AMMOCOETE",154,1
3DD.003E21631E,CGS-2022-051-KAE.xml,CGS - Charles Snow Projects,METTRP - Methow Smolt Trap at McFarland Creek Road Bridge,5/31/2022,METTRP - Methow Smolt Trap at McFarland Creek Road Bridge,5/31/2022,A,Pacific Lamprey,"12MM TAG, AMMOCOETE",147,1
3DD.003E21631F,CGS-2024-033-KAE.xml,CGS - Charles Snow Projects,METTRP - Methow Smolt Trap at McFarland Creek Road Bridge,3/24/2024,METHR - Methow River,3/26/2024,A,Pacific Lamprey,"12MM TAG, AMMOCOETE",136,1
3DD.003E216320,CGS-2023-084-KAE.xml,CGS - Charles Snow Projects,METTRP - Methow Smolt Trap at McFarland Creek Road Bridge,5/26/2023,METHR - Methow River,5/26/2023,A,Pacific Lamprey,"12MM TAG, AMMOCOETE",142,1
3DD.0078E12B00,CGS-2025-064-KAE.xml,CGS - Charles Snow Projects,METTRP - Methow Smolt Trap at McFarland Creek Road Bridge,5/22/2025,METTRP - Methow Smolt Trap at McFarland Creek Road Bridge,5/22/2025,A,Pacific Lamprey,"12MM TAG, AMMOCOETE",145,1
3DD.0078E12B01,CGS-2025-064-KAE.xml,CGS - Charles Snow Projects,METTRP - Methow Smolt Trap at McFarland Creek Road Bridge,5/20/2025,METTRP - Methow Smolt Trap at McFarland Creek Road Bridge,5/20/2025,A,Pacific Lamprey,"12MM TAG, AMMOCOETE",132,1
3DD.0078E12B02,CGS-2025-064-KAE.xml,CGS - Charles Snow Projects,METTRP - Methow Smolt Trap at McFarland Creek Road Bridge,5/5/2025,METTRP - Methow Smolt Trap at McFarland Creek Road Bridge,5/5/2025,A,Pacific Lamprey,"12MM TAG, AMMOCOETE",142,1
3DD.0078E12B03,CGS-2025-064-KAE.xml,CGS - Charles Snow Projects,METTRP - Methow Smolt Trap at McFarland Creek Road Bridge,5/5/2025,METTRP - Methow Smolt Trap at McFarland Creek Road Bridge,5/6/2025,A,Pacific Lamprey,"12MM TAG, AMMOCOETE",141,1
3DD.0078E12B04,CGS-2025-064-KAE.xml,CGS - Charles Snow Projects,METTRP - Methow Smolt Trap at McFarland Creek Road Bridge,5/13/2025,METTRP - Methow Smolt Trap at McFarland Creek Road Bridge,5/13/2025,A,Pacific Lamprey,"12MM TAG, AMMOCOETE",150,1
3DD.0078E12B05,CGS-2025-064-KAE.xml,CGS - Charles Snow Projects,METTRP - Methow Smolt Trap at McFarland Creek Road Bridge,5/23/2025,METTRP - Methow Smolt Trap at McFarland Creek Road Bridge,5/23/2025,A,Pacific Lamprey,"12MM TAG, AMMOCOETE",134,1
3DD.0078E12B06,CGS-2025-064-KAE.xml,CGS - Charles Snow Projects,METTRP - Methow Smolt Trap at McFarland Creek Road Bridge,5/14/2025,METTRP - Methow Smolt Trap at McFarland Creek Road Bridge,5/14/2025,A,Pacific Lamprey,"12MM TAG, AMMOCOETE",132,1
3DD.0078E12B07,CGS-2025-064-KAE.xml,CGS - Charles Snow Projects,METTRP - Methow Smolt Trap at McFarland Creek Road Bridge,5/1/2025,METTRP - Methow Smolt Trap at McFarland Creek Road Bridge,5/1/2025,A,Pacific Lamprey,"12MM TAG, MACROPHTHALMIA",138,1
3DD.0078E12B08,CGS-2025-064-KAE.xml,CGS - Charles Snow Projects,METTRP - Methow Smolt Trap at McFarland Creek Road Bridge,5/15/2025,METTRP - Methow Smolt Trap at McFarland Creek Road Bridge,5/15/2025,A,Pacific Lamprey,"12MM TAG, AMMOCOETE",137,1
3DD.0078E12B09,CGS-2025-064-KAE.xml,CGS - Charles Snow Projects,METTRP - Methow Smolt Trap at McFarland Creek Road Bridge,5/6/2025,METTRP - Methow Smolt Trap at McFarland Creek Road Bridge,5/6/2025,A,Pacific Lamprey,"12MM TAG, AMMOCOETE",134,1
3DD.0078E12B0A,CGS-2025-064-KAE.xml,CGS - Charles Snow Projects,METTRP - Methow Smolt Trap at McFarland Creek Road Bridge,5/22/2025,METTRP - Methow Smolt Trap at McFarland Creek Road Bridge,5/22/2025,A,Pacific Lamprey,"12MM TAG, AMMOCOETE",130,1
3DD.0078E12B0B,CGS-2025-064-KAE.xml,CGS - Charles Snow Projects,METTRP - Methow Smolt Trap at McFarland Creek Road Bridge,5/16/2025,METTRP - Methow Smolt Trap at McFarland Creek Road Bridge,5/16/2025,A,Pacific Lamprey,"12MM TAG, AMMOCOETE",145,1
3DD.0078E12B0C,CGS-2025-064-KAE.xml,CGS - Charles Snow Projects,METTRP - Methow Smolt Trap at McFarland Creek Road Bridge,5/9/2025,METTRP - Methow Smolt Trap at McFarland Creek Road Bridge,5/9/2025,A,Pacific Lamprey,"12MM TAG, AMMOCOETE",140,1
3DD.0078E12B0D,CGS-2025-064-KAE.xml,CGS - Charles Snow Projects,METTRP - Methow Smolt Trap at McFarland Creek Road Bridge,5/5/2025,METTRP - Methow Smolt Trap at McFarland Creek Road Bridge,5/6/2025,A,Pacific Lamprey,"12MM TAG, AMMOCOETE",133,1
3DD.0078E12B0E,CGS-2025-064-KAE.xml,CGS - Charles Snow Projects,METTRP - Methow Smolt Trap at McFarland Creek Road Bridge,5/15/2025,METTRP - Methow Smolt Trap at McFarland Creek Road Bridge,5/15/2025,A,Pacific Lamprey,"12MM TAG, AMMOCOETE",140,1
3DD.0078E12B0F,CGS-2025-064-KAE.xml,CGS - Charles Snow Projects,METTRP - Methow Smolt Trap at McFarland Creek Road Bridge,5/15/2025,METTRP - Methow Smolt Trap at McFarland Creek Road Bridge,5/15/2025,A,Pacific Lamprey,"12MM TAG, AMMOCOETE",144,1
3DD.0078E12B10,CGS-2025-064-KAE.xml,CGS - Charles Snow Projects,METTRP - Methow Smolt Trap at McFarland Creek Road Bridge,4/29/2025,METTRP - Methow Smolt Trap at McFarland Creek Road Bridge,4/29/2025,A,Pacific Lamprey,"12MM TAG, MACROPHTHALMIA",145,1
3DD.0078E12B11,CGS-2025-064-KAE.xml,CGS - Charles Snow Projects,METTRP - Methow Smolt Trap at McFarland Creek Road Bridge,4/29/2025,METTRP - Methow Smolt Trap at McFarland Creek Road Bridge,4/29/2025,A,Pacific Lamprey,"12MM TAG, MACROPHTHALMIA",142,1
3DD.0078E12B12,CGS-2025-064-KAE.xml,CGS - Charles Snow Projects,METTRP - Methow Smolt Trap at McFarland Creek Road Bridge,5/2/2025,METTRP - Methow Smolt Trap at McFarland Creek Road Bridge,5/2/2025,A,Pacific Lamprey,"12MM TAG, MACROPHTHALMIA",141,1
3DD.0078E12B13,CGS-2025-064-KAE.xml,CGS - Charles Snow Projects,METTRP - Methow Smolt Trap at McFarland Creek Road Bridge,5/20/2025,METTRP - Methow Smolt Trap at McFarland Creek Road Bridge,5/20/2025,A,Pacific Lamprey,"12MM TAG, AMMOCOETE",136,1
3DD.0078E12B14,CGS-2025-064-KAE.xml,CGS - Charles Snow Projects,METTRP - Methow Smolt Trap at McFarland Creek Road Bridge,5/2/2025,METTRP - Methow Smolt Trap at McFarland Creek Road Bridge,5/2/2025,A,Pacific Lamprey,"12MM TAG, MACROPHTHALMIA",132,1
3DD.0078E12B15,CGS-2025-064-KAE.xml,CGS - Charles Snow Projects,METTRP - Methow Smolt Trap at McFarland Creek Road Bridge,5/22/2025,METTRP - Methow Smolt Trap at McFarland Creek Road Bridge,5/22/2025,A,Pacific Lamprey,"12MM TAG, AMMOCOETE",140,1
3DD.0078E12B16,CGS-2025-064-KAE.xml,CGS - Charles Snow Projects,METTRP - Methow Smolt Trap at McFarland Creek Road Bridge,4/29/2025,METTRP - Methow Smolt Trap at McFarland Creek Road Bridge,4/29/2025,A,Pacific Lamprey,"12MM TAG, AMMOCOETE",138,1
3DD.0078E12B17,CGS-2025-064-KAE.xml,CGS - Charles Snow Projects,METTRP - Methow Smolt Trap at McFarland Creek Road Bridge,4/29/2025,METTRP - Methow Smolt Trap at McFarland Creek Road Bridge,4/29/2025,A,Pacific Lamprey,"12MM TAG, MACROPHTHALMIA",138,1
3DD.0078E12B18,CGS-2025-064-KAE.xml,CGS - Charles Snow Projects,METTRP - Methow Smolt Trap at McFarland Creek Road Bridge,5/20/2025,METTRP - Methow Smolt Trap at McFarland Creek Road Bridge,5/20/2025,A,Pacific Lamprey,"12MM TAG, AMMOCOETE",148,1
3DD.0078E12B19,CGS-2025-064-KAE.xml,CGS - Charles Snow Projects,METTRP - Methow Smolt Trap at McFarland Creek Road Bridge,5/10/2025,METTRP - Methow Smolt Trap at McFarland Creek Road Bridge,5/10/2025,A,Pacific Lamprey,"12MM TAG, AMMOCOETE",135,1
3DD.0078E12B1A,CGS-2025-064-KAE.xml,CGS - Charles Snow Projects,METTRP - Methow Smolt Trap at McFarland Creek Road Bridge,4/29/2025,METTRP - Methow Smolt Trap at McFarland Creek Road Bridge,4/29/2025,A,Pacific Lamprey,"12MM TAG, AMMOCOETE",138,1
3DD.0078E12B1B,CGS-2025-064-KAE.xml,CGS - Charles Snow Projects,METTRP - Methow Smolt Trap at McFarland Creek Road Bridge,5/14/2025,METTRP - Methow Smolt Trap at McFarland Creek Road Bridge,5/14/2025,A,Pacific Lamprey,"12MM TAG, AMMOCOETE",142,1
3DD.0078E12B1C,CGS-2025-064-KAE.xml,CGS - Charles Snow Projects,METTRP - Methow Smolt Trap at McFarland Creek Road Bridge,4/29/2025,METTRP - Methow Smolt Trap at McFarland Creek Road Bridge,4/29/2025,A,Pacific Lamprey,"12MM TAG, MACROPHTHALMIA",145,1
3DD.0078E12B1D,CGS-2025-064-KAE.xml,CGS - Charles Snow Projects,METTRP - Methow Smolt Trap at McFarland Creek Road Bridge,4/30/2025,METTRP - Methow Smolt Trap at McFarland Creek Road Bridge,4/30/2025,A,Pacific Lamprey,"12MM TAG, AMMOCOETE",140,1
3DD.0078E12B1E,CGS-2025-064-KAE.xml,CGS - Charles Snow Projects,METTRP - Methow Smolt Trap at McFarland Creek Road Bridge,5/22/2025,METTRP - Methow Smolt Trap at McFarland Creek Road Bridge,5/22/2025,A,Pacific Lamprey,"12MM TAG, AMMOCOETE",140,1
3DD.0078E12B1F,CGS-2025-064-KAE.xml,CGS - Charles Snow Projects,METTRP - Methow Smolt Trap at McFarland Creek Road Bridge,5/9/2025,METTRP - Methow Smolt Trap at McFarland Creek Road Bridge,5/9/2025,A,Pacific Lamprey,"12MM TAG, AMMOCOETE",131,1
3DD.0078E12B20,CGS-2025-064-KAE.xml,CGS - Charles Snow Projects,METTRP - Methow Smolt Trap at McFarland Creek Road Bridge,4/29/2025,METTRP - Methow Smolt Trap at McFarland Creek Road Bridge,4/29/2025,A,Pacific Lamprey,"12MM TAG, MACROPHTHALMIA",140,1
3DD.0078E12B21,CGS-2025-064-KAE.xml,CGS - Charles Snow Projects,METTRP - Methow Smolt Trap at McFarland Creek Road Bridge,5/1/2025,METTRP - Methow Smolt Trap at McFarland Creek Road Bridge,5/1/2025,A,Pacific Lamprey,"12MM TAG, MACROPHTHALMIA",140,1
3DD.0078E12B22,CGS-2025-064-KAE.xml,CGS - Charles Snow Projects,METTRP - Methow Smolt Trap at McFarland Creek Road Bridge,4/29/2025,METTRP - Methow Smolt Trap at McFarland Creek Road Bridge,4/30/2025,A,Pacific Lamprey,"12MM TAG, AMMOCOETE",170,1
3DD.0078E12B23,CGS-2025-064-KAE.xml,CGS - Charles Snow Projects,METTRP - Methow Smolt Trap at McFarland Creek Road Bridge,5/5/2025,METTRP - Methow Smolt Trap at McFarland Creek Road Bridge,5/6/2025,A,Pacific Lamprey,"12MM TAG, AMMOCOETE",147,1
3DD.0078E12B24,CGS-2025-064-KAE.xml,CGS - Charles Snow Projects,METTRP - Methow Smolt Trap at McFarland Creek Road Bridge,5/1/2025,METTRP - Methow Smolt Trap at McFarland Creek Road Bridge,5/1/2025,A,Pacific Lamprey,"12MM TAG, MACROPHTHALMIA",136,1
3DD.0078E12B25,CGS-2025-064-KAE.xml,CGS - Charles Snow Projects,METTRP - Methow Smolt Trap at McFarland Creek Road Bridge,4/29/2025,METTRP - Methow Smolt Trap at McFarland Creek Road Bridge,4/29/2025,A,Pacific Lamprey,"12MM TAG, MACROPHTHALMIA",139,1
3DD.0078E12B26,CGS-2025-064-KAE.xml,CGS - Charles Snow Projects,METTRP - Methow Smolt Trap at McFarland Creek Road Bridge,4/30/2025,METTRP - Methow Smolt Trap at McFarland Creek Road Bridge,4/30/2025,A,Pacific Lamprey,"12MM TAG, AMMOCOETE",136,1
3DD.0078E12B27,CGS-2025-064-KAE.xml,CGS - Charles Snow Projects,METTRP - Methow Smolt Trap at McFarland Creek Road Bridge,5/14/2025,METTRP - Methow Smolt Trap at McFarland Creek Road Bridge,5/14/2025,A,Pacific Lamprey,"12MM TAG, AMMOCOETE",137,1
3DD.0078E12B28,CGS-2025-064-KAE.xml,CGS - Charles Snow Projects,METTRP - Methow Smolt Trap at McFarland Creek Road Bridge,4/29/2025,METTRP - Methow Smolt Trap at McFarland Creek Road Bridge,4/29/2025,A,Pacific Lamprey,"12MM TAG, MACROPHTHALMIA",139,1
3DD.0078E12B29,CGS-2025-064-KAE.xml,CGS - Charles Snow Projects,METTRP - Methow Smolt Trap at McFarland Creek Road Bridge,5/21/2025,METTRP - Methow Smolt Trap at McFarland Creek Road Bridge,5/21/2025,A,Pacific Lamprey,"12MM TAG, AMMOCOETE",145,1
3DD.0078E12B2A,CGS-2025-064-KAE.xml,CGS - Charles Snow Projects,METTRP - Methow Smolt Trap at McFarland Creek Road Bridge,5/16/2025,METTRP - Methow Smolt Trap at McFarland Creek Road Bridge,5/16/2025,A,Pacific Lamprey,"12MM TAG, AMMOCOETE",135,1
3DD.0078E12B2B,CGS-2025-064-KAE.xml,CGS - Charles Snow Projects,METTRP - Methow Smolt Trap at McFarland Creek Road Bridge,5/5/2025,METTRP - Methow Smolt Trap at McFarland Creek Road Bridge,5/5/2025,A,Pacific Lamprey,"12MM TAG, AMMOCOETE",145,1
3DD.0078E12B2C,CGS-2025-064-KAE.xml,CGS - Charles Snow Projects,METTRP - Methow Smolt Trap at McFarland Creek Road Bridge,4/29/2025,METTRP - Methow Smolt Trap at McFarland Creek Road Bridge,4/30/2025,A,Pacific Lamprey,"12MM TAG, MACROPHTHALMIA",137,1
3DD.0078E12B2D,CGS-2025-064-KAE.xml,CGS - Charles Snow Projects,METTRP - Methow Smolt Trap at McFarland Creek Road Bridge,5/22/2025,METTRP - Methow Smolt Trap at McFarland Creek Road Bridge,5/22/2025,A,Pacific Lamprey,"12MM TAG, AMMOCOETE",134,1
3DD.0078E12B2E,CGS-2025-064-KAE.xml,CGS - Charles Snow Projects,METTRP - Methow Smolt Trap at McFarland Creek Road Bridge,4/29/2025,METTRP - Methow Smolt Trap at McFarland Creek Road Bridge,4/29/2025,A,Pacific Lamprey,"12MM TAG, AMMOCOETE",133,1
3DD.0078E12B2F,CGS-2025-064-KAE.xml,CGS - Charles Snow Projects,METTRP - Methow Smolt Trap at McFarland Creek Road Bridge,5/16/2025,METTRP - Methow Smolt Trap at McFarland Creek Road Bridge,5/16/2025,A,Pacific Lamprey,"12MM TAG, AMMOCOETE",144,1
3DD.0078E12B30,CGS-2025-064-KAE.xml,CGS - Charles Snow Projects,METTRP - Methow Smolt Trap at McFarland Creek Road Bridge,5/1/2025,METTRP - Methow Smolt Trap at McFarland Creek Road Bridge,5/1/2025,A,Pacific Lamprey,"12MM TAG, MACROPHTHALMIA",134,1
3DD.0078E12B31,CGS-2025-064-KAE.xml,CGS - Charles Snow Projects,METTRP - Methow Smolt Trap at McFarland Creek Road Bridge,4/29/2025,METTRP - Methow Smolt Trap at McFarland Creek Road Bridge,4/29/2025,A,Pacific Lamprey,"12MM TAG, MACROPHTHALMIA",135,1
3DD.0078E12B32,CGS-2025-064-KAE.xml,CGS - Charles Snow Projects,METTRP - Methow Smolt Trap at McFarland Creek Road Bridge,5/2/2025,METTRP - Methow Smolt Trap at McFarland Creek Road Bridge,5/2/2025,A,Pacific Lamprey,"12MM TAG, MACROPHTHALMIA",152,1
3DD.0078E12B33,CGS-2025-064-KAE.xml,CGS - Charles Snow Projects,METTRP - Methow Smolt Trap at McFarland Creek Road Bridge,4/29/2025,METTRP - Methow Smolt Trap at McFarland Creek Road Bridge,4/29/2025,A,Pacific Lamprey,"12MM TAG, AMMOCOETE",134,1
3DD.0078E12B34,CGS-2025-064-KAE.xml,CGS - Charles Snow Projects,METTRP - Methow Smolt Trap at McFarland Creek Road Bridge,4/30/2025,METTRP - Methow Smolt Trap at McFarland Creek Road Bridge,4/30/2025,A,Pacific Lamprey,"12MM TAG, AMMOCOETE",138,1
3DD.0078E12B35,CGS-2025-064-KAE.xml,CGS - Charles Snow Projects,METTRP - Methow Smolt Trap at McFarland Creek Road Bridge,4/29/2025,METTRP - Methow Smolt Trap at McFarland Creek Road Bridge,4/30/2025,A,Pacific Lamprey,"12MM TAG, MACROPHTHALMIA",137,1
3DD.0078E12B36,CGS-2025-064-KAE.xml,CGS - Charles Snow Projects,METTRP - Methow Smolt Trap at McFarland Creek Road Bridge,4/29/2025,METTRP - Methow Smolt Trap at McFarland Creek Road Bridge,4/29/2025,A,Pacific Lamprey,"12MM TAG, MACROPHTHALMIA",136,1
3DD.0078E12B37,CGS-2025-064-KAE.xml,CGS - Charles Snow Projects,METTRP - Methow Smolt Trap at McFarland Creek Road Bridge,5/22/2025,METTRP - Methow Smolt Trap at McFarland Creek Road Bridge,5/22/2025,A,Pacific Lamprey,"12MM TAG, AMMOCOETE",135,1
3DD.0078E12B38,CGS-2025-064-KAE.xml,CGS - Charles Snow Projects,METTRP - Methow Smolt Trap at McFarland Creek Road Bridge,4/29/2025,METTRP - Methow Smolt Trap at McFarland Creek Road Bridge,4/30/2025,A,Pacific Lamprey,"12MM TAG, MACROPHTHALMIA",140,1
3DD.0078E12B39,CGS-2025-064-KAE.xml,CGS - Charles Snow Projects,METTRP - Methow Smolt Trap at McFarland Creek Road Bridge,5/9/2025,METTRP - Methow Smolt Trap at McFarland Creek Road Bridge,5/9/2025,A,Pacific Lamprey,"12MM TAG, AMMOCOETE",132,1
3DD.0078E12B3A,CGS-2025-064-KAE.xml,CGS - Charles Snow Projects,METTRP - Methow Smolt Trap at McFarland Creek Road Bridge,5/20/2025,METTRP - Methow Smolt Trap at McFarland Creek Road Bridge,5/20/2025,A,Pacific Lamprey,"12MM TAG, AMMOCOETE",130,1
3DD.0078E12B3B,CGS-2025-064-KAE.xml,CGS - Charles Snow Projects,METTRP - Methow Smolt Trap at McFarland Creek Road Bridge,4/29/2025,METTRP - Methow Smolt Trap at McFarland Creek Road Bridge,4/29/2025,A,Pacific Lamprey,"12MM TAG, AMMOCOETE",135,1
3DD.0078E12B3C,CGS-2025-064-KAE.xml,CGS - Charles Snow Projects,METTRP - Methow Smolt Trap at McFarland Creek Road Bridge,5/2/2025,METTRP - Methow Smolt Trap at McFarland Creek Road Bridge,5/2/2025,A,Pacific Lamprey,"12MM TAG, MACROPHTHALMIA",141,1
3DD.0078E12B3D,CGS-2025-064-KAE.xml,CGS - Charles Snow Projects,METTRP - Methow Smolt Trap at McFarland Creek Road Bridge,4/29/2025,METTRP - Methow Smolt Trap at McFarland Creek Road Bridge,4/29/2025,A,Pacific Lamprey,"12MM TAG, AMMOCOETE",127,1
3DD.0078E12B3E,CGS-2025-064-KAE.xml,CGS - Charles Snow Projects,METTRP - Methow Smolt Trap at McFarland Creek Road Bridge,5/5/2025,METTRP - Methow Smolt Trap at McFarland Creek Road Bridge,5/6/2025,A,Pacific Lamprey,"12MM TAG, AMMOCOETE",137,1
3DD.0078E12B3F,CGS-2025-064-KAE.xml,CGS - Charles Snow Projects,METTRP - Methow Smolt Trap at McFarland Creek Road Bridge,5/9/2025,METTRP - Methow Smolt Trap at McFarland Creek Road Bridge,5/9/2025,A,Pacific Lamprey,"12MM TAG, AMMOCOETE",138,1
3DD.0078E12B40,CGS-2025-064-KAE.xml,CGS - Charles Snow Projects,METTRP - Methow Smolt Trap at McFarland Creek Road Bridge,5/1/2025,METTRP - Methow Smolt Trap at McFarland Creek Road Bridge,5/1/2025,A,Pacific Lamprey,"12MM TAG, MACROPHTHALMIA",136,1
3DD.0078E12B41,CGS-2025-064-KAE.xml,CGS - Charles Snow Projects,METTRP - Methow Smolt Trap at McFarland Creek Road Bridge,5/6/2025,METTRP - Methow Smolt Trap at McFarland Creek Road Bridge,5/6/2025,A,Pacific Lamprey,"12MM TAG, AMMOCOETE",132,1
3DD.0078E12B42,CGS-2025-064-KAE.xml,CGS - Charles Snow Projects,METTRP - Methow Smolt Trap at McFarland Creek Road Bridge,5/20/2025,METTRP - Methow Smolt Trap at McFarland Creek Road Bridge,5/20/2025,A,Pacific Lamprey,"12MM TAG, AMMOCOETE",132,1
3DD.0078E12B43,CGS-2025-064-KAE.xml,CGS - Charles Snow Projects,METTRP - Methow Smolt Trap at McFarland Creek Road Bridge,4/29/2025,METTRP - Methow Smolt Trap at McFarland Creek Road Bridge,4/30/2025,A,Pacific Lamprey,"12MM TAG, MACROPHTHALMIA",146,1
3DD.0078E12B44,CGS-2025-064-KAE.xml,CGS - Charles Snow Projects,METTRP - Methow Smolt Trap at McFarland Creek Road Bridge,4/29/2025,METTRP - Methow Smolt Trap at McFarland Creek Road Bridge,4/30/2025,A,Pacific Lamprey,"12MM TAG, MACROPHTHALMIA",141,1
3DD.0078E12B45,CGS-2025-064-KAE.xml,CGS - Charles Snow Projects,METTRP - Methow Smolt Trap at McFarland Creek Road Bridge,5/20/2025,METTRP - Methow Smolt Trap at McFarland Creek Road Bridge,5/20/2025,A,Pacific Lamprey,"12MM TAG, AMMOCOETE",145,1
3DD.0078E12B46,CGS-2025-064-KAE.xml,CGS - Charles Snow Projects,METTRP - Methow Smolt Trap at McFarland Creek Road Bridge,5/16/2025,METTRP - Methow Smolt Trap at McFarland Creek Road Bridge,5/16/2025,A,Pacific Lamprey,"12MM TAG, AMMOCOETE",140,1
3DD.0078E12B47,CGS-2025-064-KAE.xml,CGS - Charles Snow Projects,METTRP - Methow Smolt Trap at McFarland Creek Road Bridge,5/16/2025,METTRP - Methow Smolt Trap at McFarland Creek Road Bridge,5/16/2025,A,Pacific Lamprey,"12MM TAG, AMMOCOETE",145,1
3DD.0078E12B48,CGS-2025-064-KAE.xml,CGS - Charles Snow Projects,METTRP - Methow Smolt Trap at McFarland Creek Road Bridge,5/10/2025,METTRP - Methow Smolt Trap at McFarland Creek Road Bridge,5/10/2025,A,Pacific Lamprey,"12MM TAG, AMMOCOETE",137,1
3DD.0078E12B49,CGS-2025-064-KAE.xml,CGS - Charles Snow Projects,METTRP - Methow Smolt Trap at McFarland Creek Road Bridge,5/20/2025,METTRP - Methow Smolt Trap at McFarland Creek Road Bridge,5/20/2025,A,Pacific Lamprey,"12MM TAG, MACROPHTHALMIA",152,1
3DD.0078E12B4A,CGS-2025-064-KAE.xml,CGS - Charles Snow Projects,METTRP - Methow Smolt Trap at McFarland Creek Road Bridge,4/29/2025,METTRP - Methow Smolt Trap at McFarland Creek Road Bridge,4/29/2025,A,Pacific Lamprey,"12MM TAG, AMMOCOETE",136,1
3DD.0078E12B4B,CGS-2025-064-KAE.xml,CGS - Charles Snow Projects,METTRP - Methow Smolt Trap at McFarland Creek Road Bridge,5/16/2025,METTRP - Methow Smolt Trap at McFarland Creek Road Bridge,5/16/2025,A,Pacific Lamprey,"12MM TAG, AMMOCOETE",139,1
3DD.0078E12B4C,CGS-2025-064-KAE.xml,CGS - Charles Snow Projects,METTRP - Methow Smolt Trap at McFarland Creek Road Bridge,4/29/2025,METTRP - Methow Smolt Trap at McFarland Creek Road Bridge,4/29/2025,A,Pacific Lamprey,"12MM TAG, AMMOCOETE",134,1
3DD.0078E12B4D,CGS-2025-064-KAE.xml,CGS - Charles Snow Projects,METTRP - Methow Smolt Trap at McFarland Creek Road Bridge,5/1/2025,METTRP - Methow Smolt Trap at McFarland Creek Road Bridge,5/1/2025,A,Pacific Lamprey,"12MM TAG, MACROPHTHALMIA",132,1
3DD.0078E12B4E,CGS-2025-064-KAE.xml,CGS - Charles Snow Projects,METTRP - Methow Smolt Trap at McFarland Creek Road Bridge,5/22/2025,METTRP - Methow Smolt Trap at McFarland Creek Road Bridge,5/22/2025,A,Pacific Lamprey,"12MM TAG, AMMOCOETE",139,1
3DD.0078E12B4F,CGS-2025-064-KAE.xml,CGS - Charles Snow Projects,METTRP - Methow Smolt Trap at McFarland Creek Road Bridge,5/1/2025,METTRP - Methow Smolt Trap at McFarland Creek Road Bridge,5/1/2025,A,Pacific Lamprey,"12MM TAG, MACROPHTHALMIA",135,1
3DD.0078E12B50,CGS-2025-064-KAE.xml,CGS - Charles Snow Projects,METTRP - Methow Smolt Trap at McFarland Creek Road Bridge,4/29/2025,METTRP - Methow Smolt Trap at McFarland Creek Road Bridge,4/29/2025,A,Pacific Lamprey,"12MM TAG, MACROPHTHALMIA",134,1
3DD.0078E12B51,CGS-2025-064-KAE.xml,CGS - Charles Snow Projects,METTRP - Methow Smolt Trap at McFarland Creek Road Bridge,4/29/2025,METTRP - Methow Smolt Trap at McFarland Creek Road Bridge,4/29/2025,A,Pacific Lamprey,"12MM TAG, MACROPHTHALMIA",148,1
3DD.0078E12B52,CGS-2025-064-KAE.xml,CGS - Charles Snow Projects,METTRP - Methow Smolt Trap at McFarland Creek Road Bridge,4/29/2025,METTRP - Methow Smolt Trap at McFarland Creek Road Bridge,4/30/2025,A,Pacific Lamprey,"12MM TAG, MACROPHTHALMIA",137,1
3DD.0078E12B53,CGS-2025-064-KAE.xml,CGS - Charles Snow Projects,METTRP - Methow Smolt Trap at McFarland Creek Road Bridge,5/6/2025,METTRP - Methow Smolt Trap at McFarland Creek Road Bridge,5/6/2025,A,Pacific Lamprey,"12MM TAG, AMMOCOETE",144,1
3DD.0078E12B54,CGS-2025-064-KAE.xml,CGS - Charles Snow Projects,METTRP - Methow Smolt Trap at McFarland Creek Road Bridge,5/5/2025,METTRP - Methow Smolt Trap at McFarland Creek Road Bridge,5/6/2025,A,Pacific Lamprey,"12MM TAG, AMMOCOETE",137,1
3DD.0078E12B55,CGS-2025-064-KAE.xml,CGS - Charles Snow Projects,METTRP - Methow Smolt Trap at McFarland Creek Road Bridge,5/22/2025,METTRP - Methow Smolt Trap at McFarland Creek Road Bridge,5/22/2025,A,Pacific Lamprey,"12MM TAG, AMMOCOETE",135,1
3DD.0078E12B56,CGS-2025-064-KAE.xml,CGS - Charles Snow Projects,METTRP - Methow Smolt Trap at McFarland Creek Road Bridge,5/20/2025,METTRP - Methow Smolt Trap at McFarland Creek Road Bridge,5/20/2025,A,Pacific Lamprey,"12MM TAG, AMMOCOETE",165,1
3DD.0078E12B57,CGS-2025-064-KAE.xml,CGS - Charles Snow Projects,METTRP - Methow Smolt Trap at McFarland Creek Road Bridge,5/1/2025,METTRP - Methow Smolt Trap at McFarland Creek Road Bridge,5/1/2025,A,Pacific Lamprey,"12MM TAG, MACROPHTHALMIA",131,1
3DD.0078E12B58,CGS-2025-064-KAE.xml,CGS - Charles Snow Projects,METTRP - Methow Smolt Trap at McFarland Creek Road Bridge,5/20/2025,METTRP - Methow Smolt Trap at McFarland Creek Road Bridge,5/20/2025,A,Pacific Lamprey,"12MM TAG, AMMOCOETE",145,1
3DD.0078E12B59,CGS-2025-064-KAE.xml,CGS - Charles Snow Projects,METTRP - Methow Smolt Trap at McFarland Creek Road Bridge,5/10/2025,METTRP - Methow Smolt Trap at McFarland Creek Road Bridge,5/10/2025,A,Pacific Lamprey,"12MM TAG, AMMOCOETE",139,1
3DD.0078E12B5A,CGS-2025-064-KAE.xml,CGS - Charles Snow Projects,METTRP - Methow Smolt Trap at McFarland Creek Road Bridge,5/15/2025,METTRP - Methow Smolt Trap at McFarland Creek Road Bridge,5/15/2025,A,Pacific Lamprey,"12MM TAG, AMMOCOETE",136,1
3DD.0078E12B5B,CGS-2025-064-KAE.xml,CGS - Charles Snow Projects,METTRP - Methow Smolt Trap at McFarland Creek Road Bridge,5/7/2025,METTRP - Methow Smolt Trap at McFarland Creek Road Bridge,5/8/2025,A,Pacific Lamprey,"12MM TAG, AMMOCOETE",140,1
3DD.0078E12B5C,CGS-2025-064-KAE.xml,CGS - Charles Snow Projects,METTRP - Methow Smolt Trap at McFarland Creek Road Bridge,4/30/2025,METTRP - Methow Smolt Trap at McFarland Creek Road Bridge,4/30/2025,A,Pacific Lamprey,"12MM TAG, AMMOCOETE",136,1
3DD.0078E12B5D,CGS-2025-064-KAE.xml,CGS - Charles Snow Projects,METTRP - Methow Smolt Trap at McFarland Creek Road Bridge,4/30/2025,METTRP - Methow Smolt Trap at McFarland Creek Road Bridge,4/30/2025,A,Pacific Lamprey,"12MM TAG, AMMOCOETE",140,1
3DD.0078E12B5E,CGS-2025-064-KAE.xml,CGS - Charles Snow Projects,METTRP - Methow Smolt Trap at McFarland Creek Road Bridge,4/29/2025,METTRP - Methow Smolt Trap at McFarland Creek Road Bridge,4/30/2025,A,Pacific Lamprey,"12MM TAG, MACROPHTHALMIA",140,1
3DD.0078E12B5F,CGS-2025-064-KAE.xml,CGS - Charles Snow Projects,METTRP - Methow Smolt Trap at McFarland Creek Road Bridge,5/7/2025,METTRP - Methow Smolt Trap at McFarland Creek Road Bridge,5/8/2025,A,Pacific Lamprey,"12MM TAG, AMMOCOETE",135,1
3DD.0078E12B60,CGS-2025-064-KAE.xml,CGS - Charles Snow Projects,METTRP - Methow Smolt Trap at McFarland Creek Road Bridge,5/2/2025,METTRP - Methow Smolt Trap at McFarland Creek Road Bridge,5/2/2025,A,Pacific Lamprey,"12MM TAG, MACROPHTHALMIA",135,1
3DD.0078E12B61,CGS-2025-064-KAE.xml,CGS - Charles Snow Projects,METTRP - Methow Smolt Trap at McFarland Creek Road Bridge,4/29/2025,METTRP - Methow Smolt Trap at McFarland Creek Road Bridge,4/29/2025,A,Pacific Lamprey,"12MM TAG, AMMOCOETE",137,1
3DD.0078E12B62,CGS-2025-064-KAE.xml,CGS - Charles Snow Projects,METTRP - Methow Smolt Trap at McFarland Creek Road Bridge,4/29/2025,METTRP - Methow Smolt Trap at McFarland Creek Road Bridge,4/29/2025,A,Pacific Lamprey,"12MM TAG, AMMOCOETE",133,1
3DD.0078E12B63,CGS-2025-064-KAE.xml,CGS - Charles Snow Projects,METTRP - Methow Smolt Trap at McFarland Creek Road Bridge,4/29/2025,METTRP - Methow Smolt Trap at McFarland Creek Road Bridge,4/29/2025,A,Pacific Lamprey,"12MM TAG, MACROPHTHALMIA",135,1
3DD.0078E13DC1,CGS-2025-064-KAE.xml,CGS - Charles Snow Projects,METTRP - Methow Smolt Trap at McFarland Creek Road Bridge,5/26/2025,METTRP - Methow Smolt Trap at McFarland Creek Road Bridge,5/26/2025,A,Pacific Lamprey,"12MM TAG, AMMOCOETE",138,1
3DD.0078E13DC3,CGS-2025-064-KAE.xml,CGS - Charles Snow Projects,METTRP - Methow Smolt Trap at McFarland Creek Road Bridge,6/3/2025,METTRP - Methow Smolt Trap at McFarland Creek Road Bridge,6/3/2025,A,Pacific Lamprey,"12MM TAG, AMMOCOETE",143,1
3DD.0078E13DC4,CGS-2025-064-KAE.xml,CGS - Charles Snow Projects,METTRP - Methow Smolt Trap at McFarland Creek Road Bridge,5/23/2025,METTRP - Methow Smolt Trap at McFarland Creek Road Bridge,5/23/2025,A,Pacific Lamprey,"12MM TAG, AMMOCOETE",134,1
3DD.0078E13DC5,CGS-2025-064-KAE.xml,CGS - Charles Snow Projects,METTRP - Methow Smolt Trap at McFarland Creek Road Bridge,5/23/2025,METTRP - Methow Smolt Trap at McFarland Creek Road Bridge,5/23/2025,A,Pacific Lamprey,"12MM TAG, AMMOCOETE",139,1
3DD.0078E13DC6,CGS-2025-064-KAE.xml,CGS - Charles Snow Projects,METTRP - Methow Smolt Trap at McFarland Creek Road Bridge,5/27/2025,METTRP - Methow Smolt Trap at McFarland Creek Road Bridge,5/27/2025,A,Pacific Lamprey,"12MM TAG, AMMOCOETE",135,1
3DD.0078E13DC7,CGS-2025-064-KAE.xml,CGS - Charles Snow Projects,METTRP - Methow Smolt Trap at McFarland Creek Road Bridge,5/24/2025,METTRP - Methow Smolt Trap at McFarland Creek Road Bridge,5/24/2025,A,Pacific Lamprey,"12MM TAG, AMMOCOETE",135,1
3DD.0078E13DC8,CGS-2025-064-KAE.xml,CGS - Charles Snow Projects,METTRP - Methow Smolt Trap at McFarland Creek Road Bridge,5/25/2025,METTRP - Methow Smolt Trap at McFarland Creek Road Bridge,5/25/2025,A,Pacific Lamprey,"12MM TAG, AMMOCOETE",138,1
3DD.0078E13DC9,CGS-2025-064-KAE.xml,CGS - Charles Snow Projects,METTRP - Methow Smolt Trap at McFarland Creek Road Bridge,5/24/2025,METTRP - Methow Smolt Trap at McFarland Creek Road Bridge,5/24/2025,A,Pacific Lamprey,"12MM TAG, AMMOCOETE",142,1
3DD.0078E13DCB,CGS-2025-064-KAE.xml,CGS - Charles Snow Projects,METTRP - Methow Smolt Trap at McFarland Creek Road Bridge,5/27/2025,METTRP - Methow Smolt Trap at McFarland Creek Road Bridge,5/27/2025,A,Pacific Lamprey,"12MM TAG, AMMOCOETE",142,1
3DD.0078E13DCD,CGS-2025-064-KAE.xml,CGS - Charles Snow Projects,METTRP - Methow Smolt Trap at McFarland Creek Road Bridge,5/24/2025,METTRP - Methow Smolt Trap at McFarland Creek Road Bridge,5/24/2025,A,Pacific Lamprey,"12MM TAG, AMMOCOETE",144,1
3DD.0078E13DCE,CGS-2025-064-KAE.xml,CGS - Charles Snow Projects,METTRP - Methow Smolt Trap at McFarland Creek Road Bridge,6/4/2025,METTRP - Methow Smolt Trap at McFarland Creek Road Bridge,6/4/2025,A,Pacific Lamprey,"12MM TAG, MACROPHTHALMIA",136,1
3DD.0078E13DCF,CGS-2025-064-KAE.xml,CGS - Charles Snow Projects,METTRP - Methow Smolt Trap at McFarland Creek Road Bridge,5/26/2025,METTRP - Methow Smolt Trap at McFarland Creek Road Bridge,5/26/2025,A,Pacific Lamprey,"12MM TAG, AMMOCOETE",143,1
3DD.0078E13DD0,CGS-2025-064-KAE.xml,CGS - Charles Snow Projects,METTRP - Methow Smolt Trap at McFarland Creek Road Bridge,5/27/2025,METTRP - Methow Smolt Trap at McFarland Creek Road Bridge,5/27/2025,A,Pacific Lamprey,"12MM TAG, AMMOCOETE",144,1
3DD.0078E13DD1,CGS-2025-064-KAE.xml,CGS - Charles Snow Projects,METTRP - Methow Smolt Trap at McFarland Creek Road Bridge,5/30/2025,METTRP - Methow Smolt Trap at McFarland Creek Road Bridge,5/30/2025,A,Pacific Lamprey,"12MM TAG, AMMOCOETE",132,1
3DD.0078E13DD4,CGS-2025-064-KAE.xml,CGS - Charles Snow Projects,METTRP - Methow Smolt Trap at McFarland Creek Road Bridge,5/23/2025,METTRP - Methow Smolt Trap at McFarland Creek Road Bridge,5/23/2025,A,Pacific Lamprey,"12MM TAG, AMMOCOETE",141,1
3DD.0078E13DD5,CGS-2025-064-KAE.xml,CGS - Charles Snow Projects,METTRP - Methow Smolt Trap at McFarland Creek Road Bridge,5/25/2025,METTRP - Methow Smolt Trap at McFarland Creek Road Bridge,5/25/2025,A,Pacific Lamprey,"12MM TAG, AMMOCOETE",139,1
3DD.0078E13DD6,CGS-2025-064-KAE.xml,CGS - Charles Snow Projects,METTRP - Methow Smolt Trap at McFarland Creek Road Bridge,6/3/2025,METTRP - Methow Smolt Trap at McFarland Creek Road Bridge,6/3/2025,A,Pacific Lamprey,"12MM TAG, AMMOCOETE",134,1
3DD.0078E13DD7,CGS-2025-064-KAE.xml,CGS - Charles Snow Projects,METTRP - Methow Smolt Trap at McFarland Creek Road Bridge,6/2/2025,METTRP - Methow Smolt Trap at McFarland Creek Road Bridge,6/2/2025,A,Pacific Lamprey,"12MM TAG, AMMOCOETE",142,1
3DD.0078E13DD9,CGS-2025-064-KAE.xml,CGS - Charles Snow Projects,METTRP - Methow Smolt Trap at McFarland Creek Road Bridge,5/24/2025,METTRP - Methow Smolt Trap at McFarland Creek Road Bridge,5/24/2025,A,Pacific Lamprey,"12MM TAG, AMMOCOETE",141,1
3DD.0078E13DDA,CGS-2025-064-KAE.xml,CGS - Charles Snow Projects,METTRP - Methow Smolt Trap at McFarland Creek Road Bridge,5/26/2025,METTRP - Methow Smolt Trap at McFarland Creek Road Bridge,5/26/2025,A,Pacific Lamprey,"12MM TAG, AMMOCOETE",146,1
3DD.0078E13DDC,CGS-2025-064-KAE.xml,CGS - Charles Snow Projects,METTRP - Methow Smolt Trap at McFarland Creek Road Bridge,5/26/2025,METTRP - Methow Smolt Trap at McFarland Creek Road Bridge,5/26/2025,A,Pacific Lamprey,"12MM TAG, AMMOCOETE",137,1
3DD.0078E13DDD,CGS-2025-064-KAE.xml,CGS - Charles Snow Projects,METTRP - Methow Smolt Trap at McFarland Creek Road Bridge,6/3/2025,METTRP - Methow Smolt Trap at McFarland Creek Road Bridge,6/3/2025,A,Pacific Lamprey,"12MM TAG, AMMOCOETE",137,1
3DD.0078E13DDE,CGS-2025-064-KAE.xml,CGS - Charles Snow Projects,METTRP - Methow Smolt Trap at McFarland Creek Road Bridge,5/25/2025,METTRP - Methow Smolt Trap at McFarland Creek Road Bridge,5/25/2025,A,Pacific Lamprey,"12MM TAG, AMMOCOETE",139,1
3DD.0078E13DE0,CGS-2025-064-KAE.xml,CGS - Charles Snow Projects,METTRP - Methow Smolt Trap at McFarland Creek Road Bridge,5/27/2025,METTRP - Methow Smolt Trap at McFarland Creek Road Bridge,5/27/2025,A,Pacific Lamprey,"12MM TAG, AMMOCOETE",141,1
3DD.0078E13DE3,CGS-2025-064-KAE.xml,CGS - Charles Snow Projects,METTRP - Methow Smolt Trap at McFarland Creek Road Bridge,5/27/2025,METTRP - Methow Smolt Trap at McFarland Creek Road Bridge,5/27/2025,A,Pacific Lamprey,"12MM TAG, AMMOCOETE",135,1
3DD.0078E13DE4,CGS-2025-064-KAE.xml,CGS - Charles Snow Projects,METTRP - Methow Smolt Trap at McFarland Creek Road Bridge,6/3/2025,METTRP - Methow Smolt Trap at McFarland Creek Road Bridge,6/3/2025,A,Pacific Lamprey,"12MM TAG, AMMOCOETE",141,1
3DD.0078E13DE5,CGS-2025-064-KAE.xml,CGS - Charles Snow Projects,METTRP - Methow Smolt Trap at McFarland Creek Road Bridge,6/2/2025,METTRP - Methow Smolt Trap at McFarland Creek Road Bridge,6/2/2025,A,Pacific Lamprey,"12MM TAG, AMMOCOETE",140,1
3DD.0078E13DE6,CGS-2025-064-KAE.xml,CGS - Charles Snow Projects,METTRP - Methow Smolt Trap at McFarland Creek Road Bridge,5/23/2025,METTRP - Methow Smolt Trap at McFarland Creek Road Bridge,5/23/2025,A,Pacific Lamprey,"12MM TAG, AMMOCOETE",136,1
3DD.0078E13DE7,CGS-2025-064-KAE.xml,CGS - Charles Snow Projects,METTRP - Methow Smolt Trap at McFarland Creek Road Bridge,5/30/2025,METTRP - Methow Smolt Trap at McFarland Creek Road Bridge,5/30/2025,A,Pacific Lamprey,"12MM TAG, AMMOCOETE",137,1
3DD.0078E13DE8,CGS-2025-064-KAE.xml,CGS - Charles Snow Projects,METTRP - Methow Smolt Trap at McFarland Creek Road Bridge,5/24/2025,METTRP - Methow Smolt Trap at McFarland Creek Road Bridge,5/24/2025,A,Pacific Lamprey,"12MM TAG, AMMOCOETE",141,1
3DD.0078E13DE9,CGS-2025-064-KAE.xml,CGS - Charles Snow Projects,METTRP - Methow Smolt Trap at McFarland Creek Road Bridge,6/2/2025,METTRP - Methow Smolt Trap at McFarland Creek Road Bridge,6/2/2025,A,Pacific Lamprey,"12MM TAG, AMMOCOETE",139,1
3DD.0078E13DEA,CGS-2025-064-KAE.xml,CGS - Charles Snow Projects,METTRP - Methow Smolt Trap at McFarland Creek Road Bridge,6/6/2025,METTRP - Methow Smolt Trap at McFarland Creek Road Bridge,6/6/2025,A,Pacific Lamprey,"12MM TAG, AMMOCOETE",140,1
3DD.0078E13DEB,CGS-2025-064-KAE.xml,CGS - Charles Snow Projects,METTRP - Methow Smolt Trap at McFarland Creek Road Bridge,5/31/2025,METTRP - Methow Smolt Trap at McFarland Creek Road Bridge,5/31/2025,A,Pacific Lamprey,"12MM TAG, AMMOCOETE",144,1
3DD.0078E13DEC,CGS-2025-064-KAE.xml,CGS - Charles Snow Projects,METTRP - Methow Smolt Trap at McFarland Creek Road Bridge,5/30/2025,METTRP - Methow Smolt Trap at McFarland Creek Road Bridge,5/30/2025,A,Pacific Lamprey,"12MM TAG, MACROPHTHALMIA",137,1
3DD.0078E13DED,CGS-2025-064-KAE.xml,CGS - Charles Snow Projects,METTRP - Methow Smolt Trap at McFarland Creek Road Bridge,6/2/2025,METTRP - Methow Smolt Trap at McFarland Creek Road Bridge,6/2/2025,A,Pacific Lamprey,"12MM TAG, AMMOCOETE",137,1
3DD.0078E13DEE,CGS-2025-064-KAE.xml,CGS - Charles Snow Projects,METTRP - Methow Smolt Trap at McFarland Creek Road Bridge,5/29/2025,METTRP - Methow Smolt Trap at McFarland Creek Road Bridge,5/29/2025,A,Pacific Lamprey,"12MM TAG, AMMOCOETE",135,1
3DD.0078E13DEF,CGS-2025-064-KAE.xml,CGS - Charles Snow Projects,METTRP - Methow Smolt Trap at McFarland Creek Road Bridge,5/29/2025,METTRP - Methow Smolt Trap at McFarland Creek Road Bridge,5/29/2025,A,Pacific Lamprey,"12MM TAG, AMMOCOETE",134,1
3DD.0078E13DF0,CGS-2025-064-KAE.xml,CGS - Charles Snow Projects,METTRP - Methow Smolt Trap at McFarland Creek Road Bridge,5/24/2025,METTRP - Methow Smolt Trap at McFarland Creek Road Bridge,5/24/2025,A,Pacific Lamprey,"12MM TAG, AMMOCOETE",137,1
3DD.0078E13DF1,CGS-2025-064-KAE.xml,CGS - Charles Snow Projects,METTRP - Methow Smolt Trap at McFarland Creek Road Bridge,5/31/2025,METTRP - Methow Smolt Trap at McFarland Creek Road Bridge,5/31/2025,A,Pacific Lamprey,"12MM TAG, AMMOCOETE",140,1
3DD.0078E13DF3,CGS-2025-064-KAE.xml,CGS - Charles Snow Projects,METTRP - Methow Smolt Trap at McFarland Creek Road Bridge,5/25/2025,METTRP - Methow Smolt Trap at McFarland Creek Road Bridge,5/25/2025,A,Pacific Lamprey,"12MM TAG, AMMOCOETE",140,1
3DD.0078E13DF4,CGS-2025-064-KAE.xml,CGS - Charles Snow Projects,METTRP - Methow Smolt Trap at McFarland Creek Road Bridge,5/23/2025,METTRP - Methow Smolt Trap at McFarland Creek Road Bridge,5/23/2025,A,Pacific Lamprey,"12MM TAG, AMMOCOETE",137,1
3DD.0078E13DF6,CGS-2025-064-KAE.xml,CGS - Charles Snow Projects,METTRP - Methow Smolt Trap at McFarland Creek Road Bridge,6/3/2025,METTRP - Methow Smolt Trap at McFarland Creek Road Bridge,6/3/2025,A,Pacific Lamprey,"12MM TAG, AMMOCOETE",149,1
3DD.0078E13DF7,CGS-2025-064-KAE.xml,CGS - Charles Snow Projects,METTRP - Methow Smolt Trap at McFarland Creek Road Bridge,5/29/2025,METTRP - Methow Smolt Trap at McFarland Creek Road Bridge,5/29/2025,A,Pacific Lamprey,"12MM TAG, AMMOCOETE",133,1
3DD.0078E13DF8,CGS-2025-064-KAE.xml,CGS - Charles Snow Projects,METTRP - Methow Smolt Trap at McFarland Creek Road Bridge,5/27/2025,METTRP - Methow Smolt Trap at McFarland Creek Road Bridge,5/27/2025,A,Pacific Lamprey,"12MM TAG, AMMOCOETE",140,1
3DD.0078E13DF9,CGS-2025-064-KAE.xml,CGS - Charles Snow Projects,METTRP - Methow Smolt Trap at McFarland Creek Road Bridge,5/27/2025,METTRP - Methow Smolt Trap at McFarland Creek Road Bridge,5/27/2025,A,Pacific Lamprey,"12MM TAG, AMMOCOETE",135,1
3DD.0078E13DFA,CGS-2025-064-KAE.xml,CGS - Charles Snow Projects,METTRP - Methow Smolt Trap at McFarland Creek Road Bridge,12/25/2025,METTRP - Methow Smolt Trap at McFarland Creek Road Bridge,12/25/2025,A,Pacific Lamprey,"12MM TAG, MACROPHTHALMIA",175,1
3DD.0078E13DFB,CGS-2025-064-KAE.xml,CGS - Charles Snow Projects,METTRP - Methow Smolt Trap at McFarland Creek Road Bridge,6/3/2025,METTRP - Methow Smolt Trap at McFarland Creek Road Bridge,6/3/2025,A,Pacific Lamprey,"12MM TAG, AMMOCOETE",136,1
3DD.0078E13E02,CGS-2025-064-KAE.xml,CGS - Charles Snow Projects,METTRP - Methow Smolt Trap at McFarland Creek Road Bridge,6/1/2025,METTRP - Methow Smolt Trap at McFarland Creek Road Bridge,6/1/2025,A,Pacific Lamprey,"12MM TAG, AMMOCOETE",143,1
3DD.0078E13E03,CGS-2025-064-KAE.xml,CGS - Charles Snow Projects,METTRP - Methow Smolt Trap at McFarland Creek Road Bridge,5/29/2025,METTRP - Methow Smolt Trap at McFarland Creek Road Bridge,5/29/2025,A,Pacific Lamprey,"12MM TAG, AMMOCOETE",147,1
3DD.0078E13E07,CGS-2025-064-KAE.xml,CGS - Charles Snow Projects,METTRP - Methow Smolt Trap at McFarland Creek Road Bridge,5/30/2025,METTRP - Methow Smolt Trap at McFarland Creek Road Bridge,5/30/2025,A,Pacific Lamprey,"12MM TAG, AMMOCOETE",146,1
3DD.0078E13E08,CGS-2025-064-KAE.xml,CGS - Charles Snow Projects,METTRP - Methow Smolt Trap at McFarland Creek Road Bridge,6/6/2025,METTRP - Methow Smolt Trap at McFarland Creek Road Bridge,6/6/2025,A,Pacific Lamprey,"12MM TAG, AMMOCOETE",136,1
3DD.0078E13E0A,CGS-2025-064-KAE.xml,CGS - Charles Snow Projects,METTRP - Methow Smolt Trap at McFarland Creek Road Bridge,5/30/2025,METTRP - Methow Smolt Trap at McFarland Creek Road Bridge,5/30/2025,A,Pacific Lamprey,"12MM TAG, AMMOCOETE",135,1
3DD.0078E13E0B,CGS-2025-064-KAE.xml,CGS - Charles Snow Projects,METTRP - Methow Smolt Trap at McFarland Creek Road Bridge,6/1/2025,METTRP - Methow Smolt Trap at McFarland Creek Road Bridge,6/1/2025,A,Pacific Lamprey,"12MM TAG, AMMOCOETE",145,1
3DD.0078E13E0C,CGS-2025-064-KAE.xml,CGS - Charles Snow Projects,METTRP - Methow Smolt Trap at McFarland Creek Road Bridge,6/6/2025,METTRP - Methow Smolt Trap at McFarland Creek Road Bridge,6/6/2025,A,Pacific Lamprey,"12MM TAG, AMMOCOETE",132,1
3DD.0078E13E10,CGS-2025-064-KAE.xml,CGS - Charles Snow Projects,METTRP - Methow Smolt Trap at McFarland Creek Road Bridge,6/3/2025,METTRP - Methow Smolt Trap at McFarland Creek Road Bridge,6/3/2025,A,Pacific Lamprey,"12MM TAG, AMMOCOETE",139,1
3DD.0078E13E11,CGS-2025-064-KAE.xml,CGS - Charles Snow Projects,METTRP - Methow Smolt Trap at McFarland Creek Road Bridge,5/27/2025,METTRP - Methow Smolt Trap at McFarland Creek Road Bridge,5/27/2025,A,Pacific Lamprey,"12MM TAG, AMMOCOETE",135,1
3DD.0078E13E12,CGS-2025-064-KAE.xml,CGS - Charles Snow Projects,METTRP - Methow Smolt Trap at McFarland Creek Road Bridge,5/31/2025,METTRP - Methow Smolt Trap at McFarland Creek Road Bridge,5/31/2025,A,Pacific Lamprey,"12MM TAG, AMMOCOETE",137,1
3DD.0078E13E13,CGS-2025-064-KAE.xml,CGS - Charles Snow Projects,METTRP - Methow Smolt Trap at McFarland Creek Road Bridge,6/1/2025,METTRP - Methow Smolt Trap at McFarland Creek Road Bridge,6/1/2025,A,Pacific Lamprey,"12MM TAG, AMMOCOETE",144,1
3DD.0078E13E14,CGS-2025-064-KAE.xml,CGS - Charles Snow Projects,METTRP - Methow Smolt Trap at McFarland Creek Road Bridge,5/23/2025,METTRP - Methow Smolt Trap at McFarland Creek Road Bridge,5/23/2025,A,Pacific Lamprey,"12MM TAG, AMMOCOETE",133,1
3DD.0078E13E16,CGS-2025-064-KAE.xml,CGS - Charles Snow Projects,METTRP - Methow Smolt Trap at McFarland Creek Road Bridge,6/2/2025,METTRP - Methow Smolt Trap at McFarland Creek Road Bridge,6/2/2025,A,Pacific Lamprey,"12MM TAG, AMMOCOETE",138,1
3DD.0078E13E19,CGS-2025-064-KAE.xml,CGS - Charles Snow Projects,METTRP - Methow Smolt Trap at McFarland Creek Road Bridge,6/3/2025,METTRP - Methow Smolt Trap at McFarland Creek Road Bridge,6/3/2025,A,Pacific Lamprey,"12MM TAG, AMMOCOETE",136,1
3DD.0078E13E1B,CGS-2025-064-KAE.xml,CGS - Charles Snow Projects,METTRP - Methow Smolt Trap at McFarland Creek Road Bridge,5/30/2025,METTRP - Methow Smolt Trap at McFarland Creek Road Bridge,5/30/2025,A,Pacific Lamprey,"12MM TAG, AMMOCOETE",134,1
3DD.0078E13E1D,CGS-2025-064-KAE.xml,CGS - Charles Snow Projects,METTRP - Methow Smolt Trap at McFarland Creek Road Bridge,5/30/2025,METTRP - Methow Smolt Trap at McFarland Creek Road Bridge,5/30/2025,A,Pacific Lamprey,"12MM TAG, AMMOCOETE",135,1
3DD.0078E13E20,CGS-2025-064-KAE.xml,CGS - Charles Snow Projects,METTRP - Methow Smolt Trap at McFarland Creek Road Bridge,5/30/2025,METTRP - Methow Smolt Trap at McFarland Creek Road Bridge,5/30/2025,A,Pacific Lamprey,"12MM TAG, AMMOCOETE",137,1
