tag_code,release_site,release_date,release_year,release_lat,release_lon
3D6.1D59339170,Methow River,8/24/2018,2018,48.05039,-119.904106
3DD.003B9C10CD,Methow River,8/10/2018,2018,48.05039,-119.904106
3DD.003B9C10CE,Methow River,8/10/2018,2018,48.05039,-119.904106
3DD.003B9C10D0,Methow River,8/10/2018,2018,48.05039,-119.904106
3DD.003B9C10D1,Methow River,8/10/2018,2018,48.05039,-119.904106
3DD.003B9C10D5,Methow River,8/10/2018,2018,48.05039,-119.904106
3DD.003B9C10D6,Methow River,8/10/2018,2018,48.05039,-119.904106
3DD.003B9C10D7,Methow River,8/10/2018,2018,48.05039,-119.904106
3DD.003B9C10D8,Methow River,8/10/2018,2018,48.05039,-119.904106
3DD.003B9C10D9,Methow River,8/10/2018,2018,48.05039,-119.904106
3DD.003B9C10DB,Methow River,8/10/2018,2018,48.05039,-119.904106
3DD.003B9C10DE,Methow River,8/10/2018,2018,48.05039,-119.904106
3DD.003B9C10DF,Methow River,8/10/2018,2018,48.05039,-119.904106
3DD.003B9C10E0,Methow River,8/10/2018,2018,48.05039,-119.904106
3DD.003B9C10E1,Methow River,8/10/2018,2018,48.05039,-119.904106
3DD.003B9C10E4,Similkameen River,8/17/2018,2018,48.98607,-119.613005
3DD.003B9C10E5,Methow River,8/10/2018,2018,48.05039,-119.904106
3DD.003B9C10E9,Methow River,8/10/2018,2018,48.05039,-119.904106
3DD.003B9C10EA,Methow River,8/10/2018,2018,48.05039,-119.904106
3DD.003B9C10EB,Methow River,8/10/2018,2018,48.05039,-119.904106
3DD.003B9C10EC,Methow River,8/10/2018,2018,48.05039,-119.904106
3DD.003B9C10ED,Methow River,8/10/2018,2018,48.05039,-119.904106
3DD.003B9C10EE,Methow River,8/10/2018,2018,48.05039,-119.904106
3DD.003B9C10EF,Methow River,8/10/2018,2018,48.05039,-119.904106
3DD.003B9C10F0,Methow River,8/10/2018,2018,48.05039,-119.904106
3DD.003B9C10F1,Methow River,8/10/2018,2018,48.05039,-119.904106
3DD.003B9C10F2,Methow River,8/10/2018,2018,48.05039,-119.904106
3DD.003B9C10F5,Methow River,8/10/2018,2018,48.05039,-119.904106
3DD.003B9C10F6,Methow River,8/10/2018,2018,48.05039,-119.904106
3DD.003B9C10F8,Methow River,8/10/2018,2018,48.05039,-119.904106
3DD.003B9C10F9,Similkameen River,8/17/2018,2018,48.98607,-119.613005
3DD.003B9C10FA,Methow River,8/10/2018,2018,48.05039,-119.904106
3DD.003B9C10FC,Similkameen River,8/17/2018,2018,48.98607,-119.613005
3DD.003B9C10FE,Methow River,8/10/2018,2018,48.05039,-119.904106
3DD.003B9C10FF,Methow River,8/10/2018,2018,48.05039,-119.904106
3DD.003B9C1100,Methow River,8/10/2018,2018,48.05039,-119.904106
3DD.003B9C1101,Methow River,8/10/2018,2018,48.05039,-119.904106
3DD.003B9C1102,Methow River,8/10/2018,2018,48.05039,-119.904106
3DD.003B9C1104,Methow River,8/10/2018,2018,48.05039,-119.904106
3DD.003B9C1107,Methow River,8/10/2018,2018,48.05039,-119.904106
3DD.003B9C1108,Methow River,8/10/2018,2018,48.05039,-119.904106
3DD.003B9C1109,Methow River,8/10/2018,2018,48.05039,-119.904106
3DD.003B9C110F,Methow River,8/10/2018,2018,48.05039,-119.904106
3DD.003B9C1111,Methow River,8/10/2018,2018,48.05039,-119.904106
3DD.003B9C1112,Methow River,8/10/2018,2018,48.05039,-119.904106
3DD.003B9C1115,Methow River,8/10/2018,2018,48.05039,-119.904106
3DD.003B9C1116,Methow River,8/10/2018,2018,48.05039,-119.904106
3DD.003B9C1117,Methow River,8/10/2018,2018,48.05039,-119.904106
3DD.003B9C1118,Methow River,8/10/2018,2018,48.05039,-119.904106
3DD.003B9C1119,Methow River,8/10/2018,2018,48.05039,-119.904106
3DD.003B9C111B,Methow River,8/10/2018,2018,48.05039,-119.904106
3DD.003B9C111C,Methow River,8/10/2018,2018,48.05039,-119.904106
3DD.003B9C111E,Methow River,8/10/2018,2018,48.05039,-119.904106
3DD.003B9C1120,Methow River,8/10/2018,2018,48.05039,-119.904106
3DD.003B9C1121,Methow River,8/10/2018,2018,48.05039,-119.904106
3DD.003B9C1122,Methow River,8/10/2018,2018,48.05039,-119.904106
3DD.003B9C1123,Methow River,8/10/2018,2018,48.05039,-119.904106
3DD.003B9C1124,Methow River,8/10/2018,2018,48.05039,-119.904106
3DD.003B9C1125,Methow River,8/10/2018,2018,48.05039,-119.904106
3DD.003B9C1126,Methow River,8/10/2018,2018,48.05039,-119.904106
3DD.003B9C1127,Methow River,8/10/2018,2018,48.05039,-119.904106
3DD.003B9C1128,Methow River,8/10/2018,2018,48.05039,-119.904106
3DD.003B9C1129,Methow River,8/10/2018,2018,48.05039,-119.904106
3DD.003B9C112A,Methow River,8/10/2018,2018,48.05039,-119.904106
3DD.003B9C112B,Methow River,8/10/2018,2018,48.05039,-119.904106
3DD.003B9C112D,Methow River,8/10/2018,2018,48.05039,-119.904106
3DD.003B9C112E,Methow River,8/10/2018,2018,48.05039,-119.904106
3DD.003BB8F306,Rocky Reach Forebay,8/19/2016,2016,47.542169,-120.293332
3DD.003BDCA3E5,Methow River,8/24/2018,2018,48.05039,-119.904106
3DD.003BDCA3EA,Methow River,8/24/2018,2018,48.05039,-119.904106
3DD.003BDCA3EC,Methow River,8/24/2018,2018,48.05039,-119.904106
3DD.003BDCA3F2,Methow River,8/24/2018,2018,48.05039,-119.904106
3DD.003BDCA3F3,Methow River,8/24/2018,2018,48.05039,-119.904106
3DD.003BDCA3F5,Methow River,8/24/2018,2018,48.05039,-119.904106
3DD.003BDCA3F9,Methow River,8/24/2018,2018,48.05039,-119.904106
3DD.003BDCA400,Methow River,8/24/2018,2018,48.05039,-119.904106
3DD.003BDCA402,Methow River,8/24/2018,2018,48.05039,-119.904106
3DD.003BDCA404,Methow River,8/24/2018,2018,48.05039,-119.904106
3DD.003BDCA405,Methow River,8/24/2018,2018,48.05039,-119.904106
3DD.003BDCA407,Methow River,8/24/2018,2018,48.05039,-119.904106
3DD.003BDCA409,Methow River,8/24/2018,2018,48.05039,-119.904106
3DD.003BDCA40A,Methow River,8/24/2018,2018,48.05039,-119.904106
3DD.003BDCA40F,Methow River,8/24/2018,2018,48.05039,-119.904106
3DD.003BDCA415,Methow River,8/24/2018,2018,48.05039,-119.904106
3DD.003BDCA416,Methow River,8/24/2018,2018,48.05039,-119.904106
3DD.003BDCA418,Methow River,8/24/2018,2018,48.05039,-119.904106
3DD.003BDCA41B,Methow River,8/24/2018,2018,48.05039,-119.904106
3DD.003BDCA41E,Methow River,8/24/2018,2018,48.05039,-119.904106
3DD.003BDCA420,Methow River,8/24/2018,2018,48.05039,-119.904106
3DD.003BDCA423,Methow River,8/24/2018,2018,48.05039,-119.904106
3DD.003BDCA428,Methow River,8/24/2018,2018,48.05039,-119.904106
3DD.003BDCA444,Methow River,8/24/2018,2018,48.05039,-119.904106
3DD.003BDCC321,Rocky Reach Forebay,8/19/2016,2016,47.542169,-120.293332
3DD.003BDCC325,Rocky Reach Forebay,8/19/2016,2016,47.542169,-120.293332
3DD.003BDCC327,Rocky Reach Forebay,8/19/2016,2016,47.542169,-120.293332
3DD.003BDCC328,Rocky Reach Forebay,8/19/2016,2016,47.542169,-120.293332
3DD.003BDCC32E,Rocky Reach Forebay,8/19/2016,2016,47.542169,-120.293332
3DD.003BDCC32F,Rocky Reach Forebay,8/19/2016,2016,47.542169,-120.293332
3DD.003BDCC331,Rocky Reach Forebay,8/19/2016,2016,47.542169,-120.293332
3DD.003BDCC332,Rocky Reach Forebay,8/19/2016,2016,47.542169,-120.293332
3DD.003BDCC333,Rocky Reach Forebay,8/19/2016,2016,47.542169,-120.293332
3DD.003BDCC336,Rocky Reach Forebay,8/19/2016,2016,47.542169,-120.293332
3DD.003BDCC337,Rocky Reach Forebay,8/19/2016,2016,47.542169,-120.293332
3DD.003BDCC338,Rocky Reach Forebay,8/19/2016,2016,47.542169,-120.293332
3DD.003BDCC340,Rocky Reach Forebay,8/19/2016,2016,47.542169,-120.293332
3DD.003BDCC343,Rocky Reach Forebay,8/19/2016,2016,47.542169,-120.293332
3DD.003BDCC346,Rocky Reach Forebay,8/19/2016,2016,47.542169,-120.293332
3DD.003BDCC347,Rocky Reach Forebay,8/19/2016,2016,47.542169,-120.293332
3DD.003BDCC349,Rocky Reach Forebay,8/19/2016,2016,47.542169,-120.293332
3DD.003BDCC34B,Rocky Reach Forebay,8/19/2016,2016,47.542169,-120.293332
3DD.003BDCC34E,Rocky Reach Forebay,8/19/2016,2016,47.542169,-120.293332
3DD.003BDCC350,Rocky Reach Forebay,8/19/2016,2016,47.542169,-120.293332
3DD.003BDCC352,Rocky Reach Forebay,8/19/2016,2016,47.542169,-120.293332
3DD.003BDCC353,Rocky Reach Forebay,8/19/2016,2016,47.542169,-120.293332
3DD.003BDCC356,Rocky Reach Forebay,8/19/2016,2016,47.542169,-120.293332
3DD.003BDCC359,Rocky Reach Forebay,8/19/2016,2016,47.542169,-120.293332
3DD.003BDCC35A,Rocky Reach Forebay,8/19/2016,2016,47.542169,-120.293332
3DD.003BDCC35E,Rocky Reach Forebay,8/19/2016,2016,47.542169,-120.293332
3DD.003BDCC361,Rocky Reach Forebay,8/19/2016,2016,47.542169,-120.293332
3DD.003BDCC362,Rocky Reach Forebay,8/19/2016,2016,47.542169,-120.293332
3DD.003BDCC363,Rocky Reach Forebay,8/19/2016,2016,47.542169,-120.293332
3DD.003BDCC364,Rocky Reach Forebay,8/19/2016,2016,47.542169,-120.293332
3DD.003BDCC367,Rocky Reach Forebay,8/19/2016,2016,47.542169,-120.293332
3DD.003BDCC369,Rocky Reach Forebay,8/19/2016,2016,47.542169,-120.293332
3DD.003BDCC36C,Rocky Reach Forebay,8/19/2016,2016,47.542169,-120.293332
3DD.003BDCC36D,Rocky Reach Forebay,8/19/2016,2016,47.542169,-120.293332
3DD.003BDCC36E,Rocky Reach Forebay,8/19/2016,2016,47.542169,-120.293332
3DD.003BDCC36F,Rocky Reach Forebay,8/19/2016,2016,47.542169,-120.293332
3DD.003BDCC371,Rocky Reach Forebay,8/19/2016,2016,47.542169,-120.293332
3DD.003BDCC373,Rocky Reach Forebay,8/19/2016,2016,47.542169,-120.293332
3DD.003BDCC374,Rocky Reach Forebay,8/19/2016,2016,47.542169,-120.293332
3DD.003BDCC375,Rocky Reach Forebay,8/19/2016,2016,47.542169,-120.293332
3DD.003BDCC376,Rocky Reach Forebay,8/19/2016,2016,47.542169,-120.293332
3DD.003BDCC377,Rocky Reach Forebay,8/19/2016,2016,47.542169,-120.293332
3DD.003BDCC378,Rocky Reach Forebay,8/19/2016,2016,47.542169,-120.293332
3DD.003BDCC37A,Rocky Reach Forebay,8/19/2016,2016,47.542169,-120.293332
3DD.003BDCC37B,Rocky Reach Forebay,8/19/2016,2016,47.542169,-120.293332
3DD.003BDCC380,Rocky Reach Forebay,8/19/2016,2016,47.542169,-120.293332
3DD.003BDCC382,Rocky Reach Forebay,8/19/2016,2016,47.542169,-120.293332
3DD.003BDCC383,Rocky Reach Forebay,8/19/2016,2016,47.542169,-120.293332
3DD.003BDCC384,Rocky Reach Forebay,8/19/2016,2016,47.542169,-120.293332
3DD.003D284961,Similkameen River,8/17/2018,2018,48.98607,-119.613005
3DD.003D284962,Similkameen River,8/17/2018,2018,48.98607,-119.613005
3DD.003D284963,Methow River,8/10/2018,2018,48.05039,-119.904106
3DD.003D284964,Similkameen River,8/17/2018,2018,48.98607,-119.613005
3DD.003D284965,Methow River,8/10/2018,2018,48.05039,-119.904106
3DD.003D284966,Methow River,8/10/2018,2018,48.05039,-119.904106
3DD.003D284967,Methow River,8/10/2018,2018,48.05039,-119.904106
3DD.003D284968,Methow River,8/10/2018,2018,48.05039,-119.904106
3DD.003D284969,Methow River,8/10/2018,2018,48.05039,-119.904106
3DD.003D28496A,Methow River,8/10/2018,2018,48.05039,-119.904106
3DD.003D28496B,Similkameen River,8/17/2018,2018,48.98607,-119.613005
3DD.003D28496C,Methow River,8/10/2018,2018,48.05039,-119.904106
3DD.003D28496D,Methow River,8/10/2018,2018,48.05039,-119.904106
3DD.003D28496E,Similkameen River,8/17/2018,2018,48.98607,-119.613005
3DD.003D28496F,Methow River,8/10/2018,2018,48.05039,-119.904106
3DD.003D284970,Methow River,8/10/2018,2018,48.05039,-119.904106
3DD.003D284971,Similkameen River,8/17/2018,2018,48.98607,-119.613005
3DD.003D284972,Methow River,8/10/2018,2018,48.05039,-119.904106
3DD.003D284973,Methow River,8/10/2018,2018,48.05039,-119.904106
3DD.003D284974,Similkameen River,8/17/2018,2018,48.98607,-119.613005
3DD.003D284975,Methow River,8/10/2018,2018,48.05039,-119.904106
3DD.003D284976,Methow River,8/10/2018,2018,48.05039,-119.904106
3DD.003D284977,Methow River,8/10/2018,2018,48.05039,-119.904106
3DD.003D284978,Methow River,8/10/2018,2018,48.05039,-119.904106
3DD.003D284979,Similkameen River,8/17/2018,2018,48.98607,-119.613005
3DD.003D28497A,Methow River,8/10/2018,2018,48.05039,-119.904106
3DD.003D28497B,Methow River,8/10/2018,2018,48.05039,-119.904106
3DD.003D28497C,Similkameen River,8/17/2018,2018,48.98607,-119.613005
3DD.003D28497D,Similkameen River,8/17/2018,2018,48.98607,-119.613005
3DD.003D28497E,Similkameen River,8/17/2018,2018,48.98607,-119.613005
3DD.003D28497F,Methow River,8/10/2018,2018,48.05039,-119.904106
3DD.003D284980,Methow River,8/10/2018,2018,48.05039,-119.904106
3DD.003D284981,Methow River,8/10/2018,2018,48.05039,-119.904106
3DD.003D284982,Methow River,8/10/2018,2018,48.05039,-119.904106
3DD.003D284983,Methow River,8/10/2018,2018,48.05039,-119.904106
3DD.003D284984,Similkameen River,8/17/2018,2018,48.98607,-119.613005
3DD.003D284985,Methow River,8/10/2018,2018,48.05039,-119.904106
3DD.003D284986,Similkameen River,8/17/2018,2018,48.98607,-119.613005
3DD.003D284987,Similkameen River,8/17/2018,2018,48.98607,-119.613005
3DD.003D284988,Methow River,8/10/2018,2018,48.05039,-119.904106
3DD.003D284989,Methow River,8/10/2018,2018,48.05039,-119.904106
3DD.003D28498A,Methow River,8/10/2018,2018,48.05039,-119.904106
3DD.003D28498B,Methow River,8/10/2018,2018,48.05039,-119.904106
3DD.003D28498C,Methow River,8/10/2018,2018,48.05039,-119.904106
3DD.003D28498D,Methow River,8/10/2018,2018,48.05039,-119.904106
3DD.003D28498E,Methow River,8/10/2018,2018,48.05039,-119.904106
3DD.003D28498F,Methow River,8/10/2018,2018,48.05039,-119.904106
3DD.003D284990,Methow River,8/10/2018,2018,48.05039,-119.904106
3DD.003D284991,Similkameen River,8/17/2018,2018,48.98607,-119.613005
3DD.003D284992,Methow River,8/10/2018,2018,48.05039,-119.904106
3DD.003D284993,Methow River,8/10/2018,2018,48.05039,-119.904106
3DD.003D284994,Similkameen River,8/17/2018,2018,48.98607,-119.613005
3DD.003D284995,Methow River,8/10/2018,2018,48.05039,-119.904106
3DD.003D284996,Methow River,8/10/2018,2018,48.05039,-119.904106
3DD.003D284997,Methow River,8/10/2018,2018,48.05039,-119.904106
3DD.003D284998,Methow River,8/10/2018,2018,48.05039,-119.904106
3DD.003D284999,Similkameen River,8/17/2018,2018,48.98607,-119.613005
3DD.003D28499A,Similkameen River,8/17/2018,2018,48.98607,-119.613005
3DD.003D28499B,Methow River,8/10/2018,2018,48.05039,-119.904106
3DD.003D28499C,Similkameen River,8/17/2018,2018,48.98607,-119.613005
3DD.003D28499D,Methow River,8/10/2018,2018,48.05039,-119.904106
3DD.003D28499E,Methow River,8/10/2018,2018,48.05039,-119.904106
3DD.003D28499F,Similkameen River,8/17/2018,2018,48.98607,-119.613005
3DD.003D2849A0,Methow River,8/10/2018,2018,48.05039,-119.904106
3DD.003D2849A1,Methow River,8/10/2018,2018,48.05039,-119.904106
3DD.003D2849A2,Similkameen River,8/17/2018,2018,48.98607,-119.613005
3DD.003D2849A3,Methow River,8/10/2018,2018,48.05039,-119.904106
3DD.003D2849A4,Methow River,8/10/2018,2018,48.05039,-119.904106
3DD.003D2849A5,Methow River,8/10/2018,2018,48.05039,-119.904106
3DD.003D2849A6,Methow River,8/10/2018,2018,48.05039,-119.904106
3DD.003D2849A7,Methow River,8/10/2018,2018,48.05039,-119.904106
3DD.003D2849A8,Methow River,8/10/2018,2018,48.05039,-119.904106
3DD.003D2849A9,Methow River,8/10/2018,2018,48.05039,-119.904106
3DD.003D2849AA,Methow River,8/10/2018,2018,48.05039,-119.904106
3DD.003D2849AB,Similkameen River,8/17/2018,2018,48.98607,-119.613005
3DD.003D2849AC,Methow River,8/10/2018,2018,48.05039,-119.904106
3DD.003D2849AD,Methow River,8/10/2018,2018,48.05039,-119.904106
3DD.003D2849AE,Methow River,8/10/2018,2018,48.05039,-119.904106
3DD.003D2849AF,Methow River,8/10/2018,2018,48.05039,-119.904106
3DD.003D2849B0,Similkameen River,8/17/2018,2018,48.98607,-119.613005
3DD.003D2849B1,Methow River,8/10/2018,2018,48.05039,-119.904106
3DD.003D2849B2,Methow River,8/10/2018,2018,48.05039,-119.904106
3DD.003D2849B3,Similkameen River,8/17/2018,2018,48.98607,-119.613005
3DD.003D2849B4,Methow River,8/10/2018,2018,48.05039,-119.904106
3DD.003D2849B5,Similkameen River,8/17/2018,2018,48.98607,-119.613005
3DD.003D2849B6,Methow River,8/10/2018,2018,48.05039,-119.904106
3DD.003D2849B7,Methow River,8/10/2018,2018,48.05039,-119.904106
3DD.003D2849B8,Methow River,8/10/2018,2018,48.05039,-119.904106
3DD.003D2849B9,Similkameen River,8/17/2018,2018,48.98607,-119.613005
3DD.003D2849BA,Methow River,8/10/2018,2018,48.05039,-119.904106
3DD.003D2849BB,Methow River,8/10/2018,2018,48.05039,-119.904106
3DD.003D2849BC,Methow River,8/10/2018,2018,48.05039,-119.904106
3DD.003D2849BD,Methow River,8/10/2018,2018,48.05039,-119.904106
3DD.003D2849BE,Methow River,8/10/2018,2018,48.05039,-119.904106
3DD.003D2849BF,Similkameen River,8/17/2018,2018,48.98607,-119.613005
3DD.003D2849C0,Methow River,8/10/2018,2018,48.05039,-119.904106
3DD.003D2849C1,Methow River,8/10/2018,2018,48.05039,-119.904106
3DD.003D2849C2,Methow River,8/10/2018,2018,48.05039,-119.904106
3DD.003D2849C3,Methow River,8/10/2018,2018,48.05039,-119.904106
3DD.003D2849C4,Methow River,8/10/2018,2018,48.05039,-119.904106
3DD.003D284A8D,Methow River,8/17/2018,2018,48.05039,-119.904106
3DD.003D284A8E,Methow River,8/17/2018,2018,48.05039,-119.904106
3DD.003D284A8F,Similkameen River,8/17/2018,2018,48.98607,-119.613005
3DD.003D284A90,Similkameen River,8/17/2018,2018,48.98607,-119.613005
3DD.003D284A91,Similkameen River,8/17/2018,2018,48.98607,-119.613005
3DD.003D284A92,Similkameen River,8/17/2018,2018,48.98607,-119.613005
3DD.003D284A93,Methow River,8/17/2018,2018,48.05039,-119.904106
3DD.003D284A96,Similkameen River,8/17/2018,2018,48.98607,-119.613005
3DD.003D284A99,Similkameen River,8/17/2018,2018,48.98607,-119.613005
3DD.003D284A9A,Similkameen River,8/17/2018,2018,48.98607,-119.613005
3DD.003D284A9B,Similkameen River,8/17/2018,2018,48.98607,-119.613005
3DD.003D284A9D,Similkameen River,8/17/2018,2018,48.98607,-119.613005
3DD.003D284AA1,Similkameen River,8/17/2018,2018,48.98607,-119.613005
3DD.003D284AA2,Similkameen River,8/17/2018,2018,48.98607,-119.613005
3DD.003D284AA3,Methow River,8/17/2018,2018,48.05039,-119.904106
3DD.003D284AA4,Methow River,8/17/2018,2018,48.05039,-119.904106
3DD.003D284AA9,Methow River,8/17/2018,2018,48.05039,-119.904106
3DD.003D284AAC,Similkameen River,8/17/2018,2018,48.98607,-119.613005
3DD.003D284AAD,Methow River,8/17/2018,2018,48.05039,-119.904106
3DD.003D284AB0,Similkameen River,8/17/2018,2018,48.98607,-119.613005
3DD.003D284AB5,Similkameen River,8/17/2018,2018,48.98607,-119.613005
3DD.003D284AB6,Similkameen River,8/17/2018,2018,48.98607,-119.613005
3DD.003D284AB9,Similkameen River,8/17/2018,2018,48.98607,-119.613005
3DD.003D284ABC,Similkameen River,8/17/2018,2018,48.98607,-119.613005
3DD.003D284ABE,Methow River,8/17/2018,2018,48.05039,-119.904106
3DD.003D284AC0,Similkameen River,8/17/2018,2018,48.98607,-119.613005
3DD.003D284AC1,Similkameen River,8/17/2018,2018,48.98607,-119.613005
3DD.003D284AC2,Similkameen River,8/17/2018,2018,48.98607,-119.613005
3DD.003D284AC3,Similkameen River,8/17/2018,2018,48.98607,-119.613005
3DD.003D284AC5,Similkameen River,8/17/2018,2018,48.98607,-119.613005
3DD.003D284AC6,Similkameen River,8/17/2018,2018,48.98607,-119.613005
3DD.003D284AC7,Similkameen River,8/17/2018,2018,48.98607,-119.613005
3DD.003D284AC8,Methow River,8/17/2018,2018,48.05039,-119.904106
3DD.003D284AC9,Methow River,8/17/2018,2018,48.05039,-119.904106
3DD.003D284ACA,Methow River,8/17/2018,2018,48.05039,-119.904106
3DD.003D284ACB,Methow River,8/17/2018,2018,48.05039,-119.904106
3DD.003D284ACE,Similkameen River,8/17/2018,2018,48.98607,-119.613005
3DD.003D284AD0,Methow River,8/17/2018,2018,48.05039,-119.904106
3DD.003D284AD3,Similkameen River,8/17/2018,2018,48.98607,-119.613005
3DD.003D284AD8,Methow River,8/17/2018,2018,48.05039,-119.904106
3DD.003D284AD9,Methow River,8/17/2018,2018,48.05039,-119.904106
3DD.003D284ADC,Methow River,8/17/2018,2018,48.05039,-119.904106
3DD.003D284ADD,Similkameen River,8/17/2018,2018,48.98607,-119.613005
3DD.003D284AE0,Methow River,8/17/2018,2018,48.05039,-119.904106
3DD.003D284AE1,Similkameen River,8/17/2018,2018,48.98607,-119.613005
3DD.003D284AE2,Similkameen River,8/17/2018,2018,48.98607,-119.613005
3DD.003D284AE5,Methow River,8/17/2018,2018,48.05039,-119.904106
3DD.003D284AE6,Methow River,8/17/2018,2018,48.05039,-119.904106
3DD.003D284AE8,Methow River,8/17/2018,2018,48.05039,-119.904106
3DD.003D284AE9,Methow River,8/17/2018,2018,48.05039,-119.904106
3DD.003D284AEA,Similkameen River,8/17/2018,2018,48.98607,-119.613005
3DD.003D284AEE,Similkameen River,8/17/2018,2018,48.98607,-119.613005
3DD.003D284AF1,Methow River,8/24/2018,2018,48.05039,-119.904106
3DD.003D284AF2,Methow River,8/24/2018,2018,48.05039,-119.904106
3DD.003D284AF4,Methow River,8/24/2018,2018,48.05039,-119.904106
3DD.003D284AF5,Omak Creek,8/24/2018,2018,48.353831,-119.288554
3DD.003D284AF7,Methow River,8/24/2018,2018,48.05039,-119.904106
3DD.003D284AF8,Omak Creek,8/24/2018,2018,48.353831,-119.288554
3DD.003D284AF9,Omak Creek,8/24/2018,2018,48.353831,-119.288554
3DD.003D284AFA,Methow River,8/24/2018,2018,48.05039,-119.904106
3DD.003D284AFC,Methow River,8/24/2018,2018,48.05039,-119.904106
3DD.003D284AFF,Omak Creek,8/24/2018,2018,48.353831,-119.288554
3DD.003D284B00,Methow River,8/24/2018,2018,48.05039,-119.904106
3DD.003D284B01,Methow River,8/24/2018,2018,48.05039,-119.904106
3DD.003D284B02,Methow River,8/24/2018,2018,48.05039,-119.904106
3DD.003D284B03,Methow River,8/24/2018,2018,48.05039,-119.904106
3DD.003D284B04,Omak Creek,8/24/2018,2018,48.353831,-119.288554
3DD.003D284B05,Methow River,8/24/2018,2018,48.05039,-119.904106
3DD.003D284B07,Omak Creek,8/24/2018,2018,48.353831,-119.288554
3DD.003D284B09,Methow River,8/24/2018,2018,48.05039,-119.904106
3DD.003D284B0A,Methow River,8/24/2018,2018,48.05039,-119.904106
3DD.003D284B0B,Omak Creek,8/24/2018,2018,48.353831,-119.288554
3DD.003D284B0C,Methow River,8/24/2018,2018,48.05039,-119.904106
3DD.003D284B0D,Methow River,8/24/2018,2018,48.05039,-119.904106
3DD.003D284B0E,Methow River,8/24/2018,2018,48.05039,-119.904106
3DD.003D284B0F,Methow River,8/24/2018,2018,48.05039,-119.904106
3DD.003D284B10,Omak Creek,8/24/2018,2018,48.353831,-119.288554
3DD.003D284B11,Methow River,8/24/2018,2018,48.05039,-119.904106
3DD.003D284B13,Omak Creek,8/24/2018,2018,48.353831,-119.288554
3DD.003D284B15,Omak Creek,8/24/2018,2018,48.353831,-119.288554
3DD.003D284B16,Methow River,8/24/2018,2018,48.05039,-119.904106
3DD.003D284B17,Methow River,8/24/2018,2018,48.05039,-119.904106
3DD.003D284B19,Methow River,8/24/2018,2018,48.05039,-119.904106
3DD.003D284B1A,Methow River,8/24/2018,2018,48.05039,-119.904106
3DD.003D284B1B,Omak Creek,8/24/2018,2018,48.353831,-119.288554
3DD.003D284B1C,Methow River,8/24/2018,2018,48.05039,-119.904106
3DD.003D284B1D,Methow River,8/24/2018,2018,48.05039,-119.904106
3DD.003D284B1E,Methow River,8/24/2018,2018,48.05039,-119.904106
3DD.003D284B1F,Methow River,8/24/2018,2018,48.05039,-119.904106
3DD.003D284B20,Omak Creek,8/24/2018,2018,48.353831,-119.288554
3DD.003D284B23,Methow River,8/24/2018,2018,48.05039,-119.904106
3DD.003D284B24,Methow River,8/24/2018,2018,48.05039,-119.904106
3DD.003D284B25,Methow River,8/24/2018,2018,48.05039,-119.904106
3DD.003D284B27,Methow River,8/24/2018,2018,48.05039,-119.904106
3DD.003D284B28,Methow River,8/24/2018,2018,48.05039,-119.904106
3DD.003D284B29,Methow River,8/24/2018,2018,48.05039,-119.904106
3DD.003D284B2A,Methow River,8/24/2018,2018,48.05039,-119.904106
3DD.003D284B2B,Methow River,8/24/2018,2018,48.05039,-119.904106
3DD.003D284B2C,Methow River,8/24/2018,2018,48.05039,-119.904106
3DD.003D284B2D,Methow River,8/24/2018,2018,48.05039,-119.904106
3DD.003D284B2E,Methow River,8/24/2018,2018,48.05039,-119.904106
3DD.003D284B2F,Methow River,8/24/2018,2018,48.05039,-119.904106
3DD.003D284B30,Methow River,8/24/2018,2018,48.05039,-119.904106
3DD.003D284B31,Methow River,8/24/2018,2018,48.05039,-119.904106
3DD.003D284B32,Omak Creek,8/24/2018,2018,48.353831,-119.288554
3DD.003D284B33,Methow River,8/24/2018,2018,48.05039,-119.904106
3DD.003D284B34,Omak Creek,8/24/2018,2018,48.353831,-119.288554
3DD.003D284B36,Methow River,8/24/2018,2018,48.05039,-119.904106
3DD.003D284B37,Methow River,8/24/2018,2018,48.05039,-119.904106
3DD.003D284B38,Methow River,8/24/2018,2018,48.05039,-119.904106
3DD.003D284B39,Methow River,8/24/2018,2018,48.05039,-119.904106
3DD.003D284B3A,Methow River,8/24/2018,2018,48.05039,-119.904106
3DD.003D284B3B,Methow River,8/24/2018,2018,48.05039,-119.904106
3DD.003D284B3C,Methow River,8/24/2018,2018,48.05039,-119.904106
3DD.003D284B3D,Methow River,8/24/2018,2018,48.05039,-119.904106
3DD.003D284B3E,Methow River,8/24/2018,2018,48.05039,-119.904106
3DD.003D284B3F,Methow River,8/24/2018,2018,48.05039,-119.904106
3DD.003D284B40,Methow River,8/24/2018,2018,48.05039,-119.904106
3DD.003D284B42,Methow River,8/24/2018,2018,48.05039,-119.904106
3DD.003D284B43,Methow River,8/24/2018,2018,48.05039,-119.904106
3DD.003D284B44,Methow River,8/24/2018,2018,48.05039,-119.904106
3DD.003D284B45,Methow River,8/24/2018,2018,48.05039,-119.904106
3DD.003D284B46,Omak Creek,8/24/2018,2018,48.353831,-119.288554
3DD.003D284B47,Methow River,8/24/2018,2018,48.05039,-119.904106
3DD.003D284B48,Methow River,8/24/2018,2018,48.05039,-119.904106
3DD.003D284B49,Methow River,8/24/2018,2018,48.05039,-119.904106
3DD.003D284B4A,Methow River,8/24/2018,2018,48.05039,-119.904106
3DD.003D284B4B,Methow River,8/24/2018,2018,48.05039,-119.904106
3DD.003D284B4C,Methow River,8/24/2018,2018,48.05039,-119.904106
3DD.003D284B4D,Methow River,8/24/2018,2018,48.05039,-119.904106
3DD.003D284B4E,Methow River,8/24/2018,2018,48.05039,-119.904106
3DD.003D284B4F,Methow River,8/24/2018,2018,48.05039,-119.904106
3DD.003D284B50,Methow River,8/24/2018,2018,48.05039,-119.904106
3DD.003D284B51,Methow River,8/24/2018,2018,48.05039,-119.904106
3DD.003D284B52,Methow River,8/24/2018,2018,48.05039,-119.904106
3DD.003D284B53,Methow River,8/24/2018,2018,48.05039,-119.904106
3DD.003D284B54,Methow River,8/24/2018,2018,48.05039,-119.904106
3DD.003D284B55,Methow River,8/17/2018,2018,48.05039,-119.904106
3DD.003D284B56,Methow River,8/17/2018,2018,48.05039,-119.904106
3DD.003D284B57,Methow River,8/17/2018,2018,48.05039,-119.904106
3DD.003D284B58,Methow River,8/17/2018,2018,48.05039,-119.904106
3DD.003D284B59,Methow River,8/17/2018,2018,48.05039,-119.904106
3DD.003D284B5A,Methow River,8/17/2018,2018,48.05039,-119.904106
3DD.003D284B5B,Methow River,8/17/2018,2018,48.05039,-119.904106
3DD.003D284B5C,Methow River,8/17/2018,2018,48.05039,-119.904106
3DD.003D284B5D,Methow River,8/17/2018,2018,48.05039,-119.904106
3DD.003D284B5E,Methow River,8/17/2018,2018,48.05039,-119.904106
3DD.003D284B5F,Methow River,8/17/2018,2018,48.05039,-119.904106
3DD.003D284B60,Methow River,8/17/2018,2018,48.05039,-119.904106
3DD.003D284B61,Methow River,8/17/2018,2018,48.05039,-119.904106
3DD.003D284B62,Methow River,8/17/2018,2018,48.05039,-119.904106
3DD.003D284B63,Methow River,8/17/2018,2018,48.05039,-119.904106
3DD.003D284B64,Methow River,8/17/2018,2018,48.05039,-119.904106
3DD.003D284B65,Methow River,8/17/2018,2018,48.05039,-119.904106
3DD.003D284B66,Methow River,8/17/2018,2018,48.05039,-119.904106
3DD.003D284B67,Methow River,8/17/2018,2018,48.05039,-119.904106
3DD.003D284B68,Methow River,8/17/2018,2018,48.05039,-119.904106
3DD.003D284B69,Methow River,8/17/2018,2018,48.05039,-119.904106
3DD.003D284B6A,Methow River,8/17/2018,2018,48.05039,-119.904106
3DD.003D284B6B,Methow River,8/17/2018,2018,48.05039,-119.904106
3DD.003D284B6C,Methow River,8/17/2018,2018,48.05039,-119.904106
3DD.003D284B6D,Methow River,8/17/2018,2018,48.05039,-119.904106
3DD.003D284B6E,Methow River,8/17/2018,2018,48.05039,-119.904106
3DD.003D284B6F,Methow River,8/17/2018,2018,48.05039,-119.904106
3DD.003D284B70,Methow River,8/17/2018,2018,48.05039,-119.904106
3DD.003D284B71,Methow River,8/17/2018,2018,48.05039,-119.904106
3DD.003D284B72,Methow River,8/17/2018,2018,48.05039,-119.904106
3DD.003D284B73,Methow River,8/17/2018,2018,48.05039,-119.904106
3DD.003D284B74,Methow River,8/17/2018,2018,48.05039,-119.904106
3DD.003D284B75,Methow River,8/17/2018,2018,48.05039,-119.904106
3DD.003D284B76,Salmon Creek,8/24/2018,2018,48.446022,-119.666279
3DD.003D284B77,Methow River,8/17/2018,2018,48.05039,-119.904106
3DD.003D284B78,Salmon Creek,8/24/2018,2018,48.446022,-119.666279
3DD.003D284B79,Methow River,8/17/2018,2018,48.05039,-119.904106
3DD.003D284B7A,Salmon Creek,8/24/2018,2018,48.446022,-119.666279
3DD.003D284B7B,Methow River,8/17/2018,2018,48.05039,-119.904106
3DD.003D284B7C,Methow River,8/17/2018,2018,48.05039,-119.904106
3DD.003D284B7D,Methow River,8/17/2018,2018,48.05039,-119.904106
3DD.003D284B7E,Methow River,8/17/2018,2018,48.05039,-119.904106
3DD.003D284B7F,Salmon Creek,8/24/2018,2018,48.446022,-119.666279
3DD.003D284B80,Methow River,8/17/2018,2018,48.05039,-119.904106
3DD.003D284B81,Salmon Creek,8/24/2018,2018,48.446022,-119.666279
3DD.003D284B82,Methow River,8/17/2018,2018,48.05039,-119.904106
3DD.003D284B83,Methow River,8/17/2018,2018,48.05039,-119.904106
3DD.003D284B84,Methow River,8/17/2018,2018,48.05039,-119.904106
3DD.003D284B85,Salmon Creek,8/24/2018,2018,48.446022,-119.666279
3DD.003D284B86,Methow River,8/17/2018,2018,48.05039,-119.904106
3DD.003D284B87,Methow River,8/17/2018,2018,48.05039,-119.904106
3DD.003D284B88,Salmon Creek,8/24/2018,2018,48.446022,-119.666279
3DD.003D284B89,Methow River,8/17/2018,2018,48.05039,-119.904106
3DD.003D284B8A,Methow River,8/17/2018,2018,48.05039,-119.904106
3DD.003D284B8B,Methow River,8/17/2018,2018,48.05039,-119.904106
3DD.003D284B8D,Methow River,8/17/2018,2018,48.05039,-119.904106
3DD.003D284B8E,Methow River,8/17/2018,2018,48.05039,-119.904106
3DD.003D284B8F,Methow River,8/17/2018,2018,48.05039,-119.904106
3DD.003D284B90,Salmon Creek,8/24/2018,2018,48.446022,-119.666279
3DD.003D284B91,Salmon Creek,8/24/2018,2018,48.446022,-119.666279
3DD.003D284B92,Salmon Creek,8/24/2018,2018,48.446022,-119.666279
3DD.003D284B93,Methow River,8/17/2018,2018,48.05039,-119.904106
3DD.003D284B94,Methow River,8/17/2018,2018,48.05039,-119.904106
3DD.003D284B95,Salmon Creek,8/24/2018,2018,48.446022,-119.666279
3DD.003D284B96,Methow River,8/17/2018,2018,48.05039,-119.904106
3DD.003D284B97,Methow River,8/17/2018,2018,48.05039,-119.904106
3DD.003D284B98,Salmon Creek,8/24/2018,2018,48.446022,-119.666279
3DD.003D284B99,Methow River,8/17/2018,2018,48.05039,-119.904106
3DD.003D284B9A,Methow River,8/17/2018,2018,48.05039,-119.904106
3DD.003D284B9B,Methow River,8/17/2018,2018,48.05039,-119.904106
3DD.003D284B9D,Methow River,8/17/2018,2018,48.05039,-119.904106
3DD.003D284B9E,Methow River,8/17/2018,2018,48.05039,-119.904106
3DD.003D284B9F,Methow River,8/17/2018,2018,48.05039,-119.904106
3DD.003D284BA0,Methow River,8/17/2018,2018,48.05039,-119.904106
3DD.003D284BA1,Methow River,8/17/2018,2018,48.05039,-119.904106
3DD.003D284BA2,Methow River,8/17/2018,2018,48.05039,-119.904106
3DD.003D284BA3,Methow River,8/17/2018,2018,48.05039,-119.904106
3DD.003D284BA4,Methow River,8/17/2018,2018,48.05039,-119.904106
3DD.003D284BA5,Salmon Creek,8/24/2018,2018,48.446022,-119.666279
3DD.003D284BA6,Methow River,8/17/2018,2018,48.05039,-119.904106
3DD.003D284BA7,Methow River,8/17/2018,2018,48.05039,-119.904106
3DD.003D284BA8,Methow River,8/17/2018,2018,48.05039,-119.904106
3DD.003D284BA9,Methow River,8/17/2018,2018,48.05039,-119.904106
3DD.003D284BAA,Methow River,8/17/2018,2018,48.05039,-119.904106
3DD.003D284BAB,Methow River,8/17/2018,2018,48.05039,-119.904106
3DD.003D284BAC,Methow River,8/17/2018,2018,48.05039,-119.904106
3DD.003D284BAD,Methow River,8/17/2018,2018,48.05039,-119.904106
3DD.003D284BAE,Methow River,8/17/2018,2018,48.05039,-119.904106
3DD.003D284BAF,Methow River,8/17/2018,2018,48.05039,-119.904106
3DD.003D284BB0,Salmon Creek,8/24/2018,2018,48.446022,-119.666279
3DD.003D284BB1,Methow River,8/17/2018,2018,48.05039,-119.904106
3DD.003D284BB2,Methow River,8/17/2018,2018,48.05039,-119.904106
3DD.003D284BB3,Methow River,8/17/2018,2018,48.05039,-119.904106
3DD.003D284BB4,Methow River,8/17/2018,2018,48.05039,-119.904106
3DD.003D284BB5,Salmon Creek,8/24/2018,2018,48.446022,-119.666279
3DD.003D284BB6,Methow River,8/17/2018,2018,48.05039,-119.904106
3DD.003D284BB7,Methow River,8/17/2018,2018,48.05039,-119.904106
3DD.003D284BB8,Salmon Creek,8/24/2018,2018,48.446022,-119.666279
3DD.003D28A14A,Starr Boat Launch,8/9/2019,2019,47.983552,-119.887492
3DD.003D28A14B,Starr Boat Launch,8/9/2019,2019,47.983552,-119.887492
3DD.003D28A14C,Salmon Creek,8/23/2019,2019,48.446022,-119.666279
3DD.003D28A14D,Starr Boat Launch,8/16/2019,2019,47.983552,-119.887492
3DD.003D28A14E,Starr Boat Launch,8/16/2019,2019,47.983552,-119.887492
3DD.003D28A14F,Starr Boat Launch,8/16/2019,2019,47.983552,-119.887492
3DD.003D28A150,Starr Boat Launch,8/9/2019,2019,47.983552,-119.887492
3DD.003D28A151,Starr Boat Launch,8/16/2019,2019,47.983552,-119.887492
3DD.003D28A152,Starr Boat Launch,8/16/2019,2019,47.983552,-119.887492
3DD.003D28A153,Starr Boat Launch,8/16/2019,2019,47.983552,-119.887492
3DD.003D28A154,Starr Boat Launch,8/16/2019,2019,47.983552,-119.887492
3DD.003D28A155,Starr Boat Launch,8/16/2019,2019,47.983552,-119.887492
3DD.003D28A156,Starr Boat Launch,8/16/2019,2019,47.983552,-119.887492
3DD.003D28A157,Starr Boat Launch,8/16/2019,2019,47.983552,-119.887492
3DD.003D28A158,Starr Boat Launch,8/16/2019,2019,47.983552,-119.887492
3DD.003D28A159,Starr Boat Launch,8/9/2019,2019,47.983552,-119.887492
3DD.003D28A15A,Starr Boat Launch,8/9/2019,2019,47.983552,-119.887492
3DD.003D28A15B,Starr Boat Launch,8/16/2019,2019,47.983552,-119.887492
3DD.003D28A15C,Starr Boat Launch,8/9/2019,2019,47.983552,-119.887492
3DD.003D28A15D,Starr Boat Launch,8/16/2019,2019,47.983552,-119.887492
3DD.003D28A15E,Salmon Creek,8/23/2019,2019,48.446022,-119.666279
3DD.003D28A15F,Starr Boat Launch,8/16/2019,2019,47.983552,-119.887492
3DD.003D28A160,Salmon Creek,8/23/2019,2019,48.446022,-119.666279
3DD.003D28A161,Starr Boat Launch,8/16/2019,2019,47.983552,-119.887492
3DD.003D28A162,Starr Boat Launch,8/16/2019,2019,47.983552,-119.887492
3DD.003D28A163,Salmon Creek,8/23/2019,2019,48.446022,-119.666279
3DD.003D28A164,Starr Boat Launch,8/16/2019,2019,47.983552,-119.887492
3DD.003D28A165,Salmon Creek,8/23/2019,2019,48.446022,-119.666279
3DD.003D28A166,Starr Boat Launch,8/16/2019,2019,47.983552,-119.887492
3DD.003D28A167,Starr Boat Launch,8/16/2019,2019,47.983552,-119.887492
3DD.003D28A168,Starr Boat Launch,8/16/2019,2019,47.983552,-119.887492
3DD.003D28A169,Starr Boat Launch,8/16/2019,2019,47.983552,-119.887492
3DD.003D28A16A,Starr Boat Launch,8/16/2019,2019,47.983552,-119.887492
3DD.003D28A16B,Starr Boat Launch,8/16/2019,2019,47.983552,-119.887492
3DD.003D28A16D,Starr Boat Launch,8/9/2019,2019,47.983552,-119.887492
3DD.003D28A16E,Starr Boat Launch,8/9/2019,2019,47.983552,-119.887492
3DD.003D28A16F,Starr Boat Launch,8/16/2019,2019,47.983552,-119.887492
3DD.003D28A170,Starr Boat Launch,8/16/2019,2019,47.983552,-119.887492
3DD.003D28A171,Starr Boat Launch,8/16/2019,2019,47.983552,-119.887492
3DD.003D28A172,Starr Boat Launch,8/16/2019,2019,47.983552,-119.887492
3DD.003D28A173,Starr Boat Launch,8/16/2019,2019,47.983552,-119.887492
3DD.003D28A174,Starr Boat Launch,8/16/2019,2019,47.983552,-119.887492
3DD.003D28A175,Starr Boat Launch,8/16/2019,2019,47.983552,-119.887492
3DD.003D28A176,Starr Boat Launch,8/16/2019,2019,47.983552,-119.887492
3DD.003D28A177,Salmon Creek,8/23/2019,2019,48.446022,-119.666279
3DD.003D28A178,Starr Boat Launch,8/16/2019,2019,47.983552,-119.887492
3DD.003D28A179,Starr Boat Launch,8/16/2019,2019,47.983552,-119.887492
3DD.003D28A17A,Starr Boat Launch,8/16/2019,2019,47.983552,-119.887492
3DD.003D28A17B,Starr Boat Launch,8/16/2019,2019,47.983552,-119.887492
3DD.003D28A17C,Starr Boat Launch,8/16/2019,2019,47.983552,-119.887492
3DD.003D28A17D,Starr Boat Launch,8/16/2019,2019,47.983552,-119.887492
3DD.003D28A17E,Starr Boat Launch,8/9/2019,2019,47.983552,-119.887492
3DD.003D28A17F,Starr Boat Launch,8/9/2019,2019,47.983552,-119.887492
3DD.003D28A181,Starr Boat Launch,8/16/2019,2019,47.983552,-119.887492
3DD.003D28A182,Starr Boat Launch,8/16/2019,2019,47.983552,-119.887492
3DD.003D28A183,Starr Boat Launch,8/9/2019,2019,47.983552,-119.887492
3DD.003D28A184,Starr Boat Launch,8/16/2019,2019,47.983552,-119.887492
3DD.003D28A185,Starr Boat Launch,8/9/2019,2019,47.983552,-119.887492
3DD.003D28A186,Salmon Creek,8/23/2019,2019,48.446022,-119.666279
3DD.003D28A187,Starr Boat Launch,8/9/2019,2019,47.983552,-119.887492
3DD.003D28A188,Starr Boat Launch,8/9/2019,2019,47.983552,-119.887492
3DD.003D28A189,Starr Boat Launch,8/9/2019,2019,47.983552,-119.887492
3DD.003D28A18A,Starr Boat Launch,8/9/2019,2019,47.983552,-119.887492
3DD.003D28A18B,Starr Boat Launch,8/9/2019,2019,47.983552,-119.887492
3DD.003D28A18C,Starr Boat Launch,8/16/2019,2019,47.983552,-119.887492
3DD.003D28A18D,Starr Boat Launch,8/16/2019,2019,47.983552,-119.887492
3DD.003D28A18E,Starr Boat Launch,8/16/2019,2019,47.983552,-119.887492
3DD.003D28A18F,Starr Boat Launch,8/16/2019,2019,47.983552,-119.887492
3DD.003D28A190,Salmon Creek,8/23/2019,2019,48.446022,-119.666279
3DD.003D28A191,Starr Boat Launch,8/16/2019,2019,47.983552,-119.887492
3DD.003D28A192,Starr Boat Launch,8/16/2019,2019,47.983552,-119.887492
3DD.003D28A193,Starr Boat Launch,8/9/2019,2019,47.983552,-119.887492
3DD.003D28A194,Starr Boat Launch,8/9/2019,2019,47.983552,-119.887492
3DD.003D28A195,Starr Boat Launch,8/16/2019,2019,47.983552,-119.887492
3DD.003D28A196,Starr Boat Launch,8/16/2019,2019,47.983552,-119.887492
3DD.003D28A197,Starr Boat Launch,8/16/2019,2019,47.983552,-119.887492
3DD.003D28A198,Starr Boat Launch,8/16/2019,2019,47.983552,-119.887492
3DD.003D28A199,Starr Boat Launch,8/16/2019,2019,47.983552,-119.887492
3DD.003D28A19A,Starr Boat Launch,8/9/2019,2019,47.983552,-119.887492
3DD.003D28A19B,Starr Boat Launch,8/16/2019,2019,47.983552,-119.887492
3DD.003D28A19C,Salmon Creek,8/23/2019,2019,48.446022,-119.666279
3DD.003D28A19D,Starr Boat Launch,8/16/2019,2019,47.983552,-119.887492
3DD.003D28A19E,Starr Boat Launch,8/16/2019,2019,47.983552,-119.887492
3DD.003D28A19F,Starr Boat Launch,8/9/2019,2019,47.983552,-119.887492
3DD.003D28A1A0,Starr Boat Launch,8/16/2019,2019,47.983552,-119.887492
3DD.003D28A1A1,Starr Boat Launch,8/16/2019,2019,47.983552,-119.887492
3DD.003D28A1A2,Starr Boat Launch,8/16/2019,2019,47.983552,-119.887492
3DD.003D28A1A3,Starr Boat Launch,8/9/2019,2019,47.983552,-119.887492
3DD.003D28A1A4,Starr Boat Launch,8/9/2019,2019,47.983552,-119.887492
3DD.003D28A1A5,Starr Boat Launch,8/9/2019,2019,47.983552,-119.887492
3DD.003D28A1A6,Starr Boat Launch,8/16/2019,2019,47.983552,-119.887492
3DD.003D28A1A7,Starr Boat Launch,8/16/2019,2019,47.983552,-119.887492
3DD.003D28A1A8,Starr Boat Launch,8/16/2019,2019,47.983552,-119.887492
3DD.003D28A1A9,Starr Boat Launch,8/16/2019,2019,47.983552,-119.887492
3DD.003D28A1AA,Starr Boat Launch,8/9/2019,2019,47.983552,-119.887492
3DD.003D28A1AB,Starr Boat Launch,8/9/2019,2019,47.983552,-119.887492
3DD.003D28A1AC,Starr Boat Launch,8/16/2019,2019,47.983552,-119.887492
3DD.003D28A1AD,Starr Boat Launch,8/9/2019,2019,47.983552,-119.887492
3DD.003D28A276,Brewster Boat Launch,8/10/2018,2018,48.090547,-119.786141
3DD.003D28A277,Brewster Boat Launch,8/10/2018,2018,48.090547,-119.786141
3DD.003D28A278,Brewster Boat Launch,8/10/2018,2018,48.090547,-119.786141
3DD.003D28A27A,Brewster Boat Launch,8/10/2018,2018,48.090547,-119.786141
3DD.003D28A27B,Brewster Boat Launch,8/10/2018,2018,48.090547,-119.786141
3DD.003D28A280,Brewster Boat Launch,8/10/2018,2018,48.090547,-119.786141
3DD.003D28A282,Brewster Boat Launch,8/10/2018,2018,48.090547,-119.786141
3DD.003D28A283,Brewster Boat Launch,8/10/2018,2018,48.090547,-119.786141
3DD.003D28A285,Brewster Boat Launch,8/10/2018,2018,48.090547,-119.786141
3DD.003D28A286,Methow River,8/10/2018,2018,48.05039,-119.904106
3DD.003D28A288,Brewster Boat Launch,8/10/2018,2018,48.090547,-119.786141
3DD.003D28A289,Brewster Boat Launch,8/10/2018,2018,48.090547,-119.786141
3DD.003D28A28A,Brewster Boat Launch,8/10/2018,2018,48.090547,-119.786141
3DD.003D28A28C,Brewster Boat Launch,8/10/2018,2018,48.090547,-119.786141
3DD.003D28A28D,Methow River,8/10/2018,2018,48.05039,-119.904106
3DD.003D28A28F,Brewster Boat Launch,8/10/2018,2018,48.090547,-119.786141
3DD.003D28A290,Brewster Boat Launch,8/10/2018,2018,48.090547,-119.786141
3DD.003D28A291,Methow River,8/10/2018,2018,48.05039,-119.904106
3DD.003D28A293,Brewster Boat Launch,8/10/2018,2018,48.090547,-119.786141
3DD.003D28A299,Brewster Boat Launch,8/10/2018,2018,48.090547,-119.786141
3DD.003D28A29B,Brewster Boat Launch,8/10/2018,2018,48.090547,-119.786141
3DD.003D28A29C,Brewster Boat Launch,8/10/2018,2018,48.090547,-119.786141
3DD.003D28A2A1,Brewster Boat Launch,8/10/2018,2018,48.090547,-119.786141
3DD.003D28A2A3,Brewster Boat Launch,8/10/2018,2018,48.090547,-119.786141
3DD.003D28A2A6,Brewster Boat Launch,8/10/2018,2018,48.090547,-119.786141
3DD.003D28A2A7,Brewster Boat Launch,8/10/2018,2018,48.090547,-119.786141
3DD.003D28A2A8,Methow River,8/10/2018,2018,48.05039,-119.904106
3DD.003D28A2AC,Brewster Boat Launch,8/10/2018,2018,48.090547,-119.786141
3DD.003D28A2AD,Brewster Boat Launch,8/10/2018,2018,48.090547,-119.786141
3DD.003D28A2AE,Brewster Boat Launch,8/10/2018,2018,48.090547,-119.786141
3DD.003D28A2AF,Brewster Boat Launch,8/10/2018,2018,48.090547,-119.786141
3DD.003D28A2B0,Brewster Boat Launch,8/10/2018,2018,48.090547,-119.786141
3DD.003D28A2B2,Brewster Boat Launch,8/10/2018,2018,48.090547,-119.786141
3DD.003D28A2B5,Brewster Boat Launch,8/10/2018,2018,48.090547,-119.786141
3DD.003D28A2B6,Brewster Boat Launch,8/10/2018,2018,48.090547,-119.786141
3DD.003D28A2B7,Brewster Boat Launch,8/10/2018,2018,48.090547,-119.786141
3DD.003D28A2B9,Methow River,8/10/2018,2018,48.05039,-119.904106
3DD.003D28A2BA,Brewster Boat Launch,8/10/2018,2018,48.090547,-119.786141
3DD.003D28A2BB,Brewster Boat Launch,8/10/2018,2018,48.090547,-119.786141
3DD.003D28A2BD,Brewster Boat Launch,8/10/2018,2018,48.090547,-119.786141
3DD.003D28A2BE,Brewster Boat Launch,8/10/2018,2018,48.090547,-119.786141
3DD.003D28A2C3,Brewster Boat Launch,8/10/2018,2018,48.090547,-119.786141
3DD.003D28A2C4,Brewster Boat Launch,8/10/2018,2018,48.090547,-119.786141
3DD.003D28A2C5,Brewster Boat Launch,8/10/2018,2018,48.090547,-119.786141
3DD.003D28A2C6,Brewster Boat Launch,8/10/2018,2018,48.090547,-119.786141
3DD.003D28A2C7,Brewster Boat Launch,8/10/2018,2018,48.090547,-119.786141
3DD.003D28A2C9,Brewster Boat Launch,8/10/2018,2018,48.090547,-119.786141
3DD.003D28A2CB,Methow River,8/10/2018,2018,48.05039,-119.904106
3DD.003D28A2CD,Methow River,8/10/2018,2018,48.05039,-119.904106
3DD.003D28A2CE,Brewster Boat Launch,8/10/2018,2018,48.090547,-119.786141
3DD.003D28A2D0,Brewster Boat Launch,8/10/2018,2018,48.090547,-119.786141
3DD.003D28A2D1,Brewster Boat Launch,8/10/2018,2018,48.090547,-119.786141
3DD.003D28A2D2,Brewster Boat Launch,8/10/2018,2018,48.090547,-119.786141
3DD.003D28A2D4,Brewster Boat Launch,8/10/2018,2018,48.090547,-119.786141
3DD.003D28A2D5,Brewster Boat Launch,8/10/2018,2018,48.090547,-119.786141
3DD.003D28A2D8,Brewster Boat Launch,8/10/2018,2018,48.090547,-119.786141
3DD.003D28A2D9,Brewster Boat Launch,8/10/2018,2018,48.090547,-119.786141
3DD.003D3AB26E,Starr Boat Launch,7/30/2020,2020,47.983552,-119.887492
3DD.003D3AB26F,Starr Boat Launch,7/30/2020,2020,47.983552,-119.887492
3DD.003D3AB271,Starr Boat Launch,8/6/2020,2020,47.983552,-119.887492
3DD.003D3AB272,Starr Boat Launch,7/30/2020,2020,47.983552,-119.887492
3DD.003D3AB274,Starr Boat Launch,7/30/2020,2020,47.983552,-119.887492
3DD.003D3AB27A,Starr Boat Launch,8/6/2020,2020,47.983552,-119.887492
3DD.003D3AB27E,Starr Boat Launch,7/30/2020,2020,47.983552,-119.887492
3DD.003D3AB27F,Starr Boat Launch,8/6/2020,2020,47.983552,-119.887492
3DD.003D3AB283,Starr Boat Launch,7/30/2020,2020,47.983552,-119.887492
3DD.003D3AB287,Starr Boat Launch,7/30/2020,2020,47.983552,-119.887492
3DD.003D3AB28A,Starr Boat Launch,8/6/2020,2020,47.983552,-119.887492
3DD.003D3AB28B,Starr Boat Launch,7/30/2020,2020,47.983552,-119.887492
3DD.003D3AB293,Starr Boat Launch,7/30/2020,2020,47.983552,-119.887492
3DD.003D3AB294,Starr Boat Launch,7/30/2020,2020,47.983552,-119.887492
3DD.003D3AB295,Starr Boat Launch,7/30/2020,2020,47.983552,-119.887492
3DD.003D3AB298,Starr Boat Launch,8/6/2020,2020,47.983552,-119.887492
3DD.003D3AB299,Starr Boat Launch,8/6/2020,2020,47.983552,-119.887492
3DD.003D3AB29B,Starr Boat Launch,8/6/2020,2020,47.983552,-119.887492
3DD.003D3AB29C,Starr Boat Launch,7/30/2020,2020,47.983552,-119.887492
3DD.003D3AB29D,Starr Boat Launch,8/6/2020,2020,47.983552,-119.887492
3DD.003D3AB29F,Starr Boat Launch,8/6/2020,2020,47.983552,-119.887492
3DD.003D3AB2A4,Starr Boat Launch,8/6/2020,2020,47.983552,-119.887492
3DD.003D3AB2A5,Starr Boat Launch,7/30/2020,2020,47.983552,-119.887492
3DD.003D3AB2A6,Starr Boat Launch,8/6/2020,2020,47.983552,-119.887492
3DD.003D3AB2A8,Starr Boat Launch,8/6/2020,2020,47.983552,-119.887492
3DD.003D3AB2A9,Starr Boat Launch,7/30/2020,2020,47.983552,-119.887492
3DD.003D3AB2AB,Starr Boat Launch,7/30/2020,2020,47.983552,-119.887492
3DD.003D3AB2AF,Starr Boat Launch,7/30/2020,2020,47.983552,-119.887492
3DD.003D3AB2B1,Starr Boat Launch,8/6/2020,2020,47.983552,-119.887492
3DD.003D3AB2B2,Starr Boat Launch,8/6/2020,2020,47.983552,-119.887492
3DD.003D3AB2B4,Starr Boat Launch,7/30/2020,2020,47.983552,-119.887492
3DD.003D3AB2B5,Starr Boat Launch,8/6/2020,2020,47.983552,-119.887492
3DD.003D3AB2B7,Starr Boat Launch,7/30/2020,2020,47.983552,-119.887492
3DD.003D3AB2B8,Starr Boat Launch,8/6/2020,2020,47.983552,-119.887492
3DD.003D3AB2B9,Starr Boat Launch,7/30/2020,2020,47.983552,-119.887492
3DD.003D3AB2BA,Starr Boat Launch,7/30/2020,2020,47.983552,-119.887492
3DD.003D3AB2BB,Starr Boat Launch,8/6/2020,2020,47.983552,-119.887492
3DD.003D3AB2BE,Starr Boat Launch,8/6/2020,2020,47.983552,-119.887492
3DD.003D3AB2C0,Starr Boat Launch,8/6/2020,2020,47.983552,-119.887492
3DD.003D3AB2C1,Starr Boat Launch,8/6/2020,2020,47.983552,-119.887492
3DD.003D3AB2C5,Starr Boat Launch,7/30/2020,2020,47.983552,-119.887492
3DD.003D3AB2C7,Starr Boat Launch,7/30/2020,2020,47.983552,-119.887492
3DD.003D3AB2C8,Starr Boat Launch,7/30/2020,2020,47.983552,-119.887492
3DD.003D3AB2C9,Starr Boat Launch,7/30/2020,2020,47.983552,-119.887492
3DD.003D3AB2CA,Starr Boat Launch,7/30/2020,2020,47.983552,-119.887492
3DD.003D3AB2CC,Starr Boat Launch,8/6/2020,2020,47.983552,-119.887492
3DD.003D3AB2CD,Starr Boat Launch,8/6/2020,2020,47.983552,-119.887492
3DD.003D3AB2CE,Starr Boat Launch,8/6/2020,2020,47.983552,-119.887492
3DD.003D3AB2D0,Starr Boat Launch,8/6/2020,2020,47.983552,-119.887492
3DD.003D3AB6AE,Starr Boat Launch,8/6/2020,2020,47.983552,-119.887492
3DD.003D3AB6B0,Starr Boat Launch,8/6/2020,2020,47.983552,-119.887492
3DD.003D3AB6B3,Starr Boat Launch,8/6/2020,2020,47.983552,-119.887492
3DD.003D3ABA5B,Starr Boat Launch,8/6/2020,2020,47.983552,-119.887492
3DD.003D3ABA78,Starr Boat Launch,8/6/2020,2020,47.983552,-119.887492
3DD.003D3ABA79,Starr Boat Launch,8/6/2020,2020,47.983552,-119.887492
3DD.003D3ABA8B,Starr Boat Launch,8/6/2020,2020,47.983552,-119.887492
3DD.003D3ABA99,Starr Boat Launch,8/6/2020,2020,47.983552,-119.887492
3DD.003D3ABEF0,Omak Creek,8/23/2019,2019,48.353831,-119.288554
3DD.003D3ABEF7,Salmon Creek,8/23/2019,2019,48.446022,-119.666279
3DD.003D3ABEF8,Omak Creek,8/23/2019,2019,48.353831,-119.288554
3DD.003D3ABEFB,Omak Creek,8/23/2019,2019,48.353831,-119.288554
3DD.003D3ABEFC,Omak Creek,8/23/2019,2019,48.353831,-119.288554
3DD.003D3ABEFE,Omak Creek,8/23/2019,2019,48.353831,-119.288554
3DD.003D3ABF03,Omak Creek,8/23/2019,2019,48.353831,-119.288554
3DD.003D3ABF06,Salmon Creek,8/23/2019,2019,48.446022,-119.666279
3DD.003D3ABF0D,Salmon Creek,8/23/2019,2019,48.446022,-119.666279
3DD.003D3ABF12,Omak Creek,8/23/2019,2019,48.353831,-119.288554
3DD.003D3ABF13,Omak Creek,8/23/2019,2019,48.353831,-119.288554
3DD.003D3ABF14,Omak Creek,8/23/2019,2019,48.353831,-119.288554
3DD.003D3ABF16,Salmon Creek,8/23/2019,2019,48.446022,-119.666279
3DD.003D3ABF1D,Salmon Creek,8/23/2019,2019,48.446022,-119.666279
3DD.003D3ABF1E,Omak Creek,8/23/2019,2019,48.353831,-119.288554
3DD.003D3ABF20,Omak Creek,8/23/2019,2019,48.353831,-119.288554
3DD.003D3ABF21,Omak Creek,8/23/2019,2019,48.353831,-119.288554
3DD.003D3ABF23,Salmon Creek,8/23/2019,2019,48.446022,-119.666279
3DD.003D3ABF25,Omak Creek,8/23/2019,2019,48.353831,-119.288554
3DD.003D3ABF26,Omak Creek,8/23/2019,2019,48.353831,-119.288554
3DD.003D3ABF29,Salmon Creek,8/23/2019,2019,48.446022,-119.666279
3DD.003D3ABF2A,Omak Creek,8/23/2019,2019,48.353831,-119.288554
3DD.003D3ABF2B,Omak Creek,8/23/2019,2019,48.353831,-119.288554
3DD.003D3ABF2C,Salmon Creek,8/23/2019,2019,48.446022,-119.666279
3DD.003D3ABF2D,Salmon Creek,8/23/2019,2019,48.446022,-119.666279
3DD.003D3ABF2E,Omak Creek,8/23/2019,2019,48.353831,-119.288554
3DD.003D3ABF2F,Omak Creek,8/23/2019,2019,48.353831,-119.288554
3DD.003D3ABF32,Omak Creek,8/23/2019,2019,48.353831,-119.288554
3DD.003D3ABF34,Omak Creek,8/23/2019,2019,48.353831,-119.288554
3DD.003D3ABF36,Omak Creek,8/23/2019,2019,48.353831,-119.288554
3DD.003D3ABF39,Omak Creek,8/23/2019,2019,48.353831,-119.288554
3DD.003D3ABF3A,Omak Creek,8/23/2019,2019,48.353831,-119.288554
3DD.003D3ABF3C,Omak Creek,8/23/2019,2019,48.353831,-119.288554
3DD.003D3ABF3D,Salmon Creek,8/23/2019,2019,48.446022,-119.666279
3DD.003D3ABF44,Salmon Creek,8/23/2019,2019,48.446022,-119.666279
3DD.003D3ABF45,Omak Creek,8/23/2019,2019,48.353831,-119.288554
3DD.003D3ABF4E,Salmon Creek,8/23/2019,2019,48.446022,-119.666279
3DD.003D3ABF4F,Salmon Creek,8/23/2019,2019,48.446022,-119.666279
3DD.003D3ABF51,Omak Creek,8/23/2019,2019,48.353831,-119.288554
3DD.003D3ABFB7,Methow River,9/7/2018,2018,48.05039,-119.904106
3DD.003D3ABFB8,Methow River,9/7/2018,2018,48.05039,-119.904106
3DD.003D3ABFB9,Methow River,9/7/2018,2018,48.05039,-119.904106
3DD.003D3ABFBA,Methow River,9/7/2018,2018,48.05039,-119.904106
3DD.003D3ABFBB,Methow River,9/7/2018,2018,48.05039,-119.904106
3DD.003D3ABFBC,Methow River,9/7/2018,2018,48.05039,-119.904106
3DD.003D3ABFBD,Methow River,9/7/2018,2018,48.05039,-119.904106
3DD.003D3ABFBE,Methow River,9/7/2018,2018,48.05039,-119.904106
3DD.003D3ABFBF,Methow River,9/7/2018,2018,48.05039,-119.904106
3DD.003D3ABFC0,Methow River,9/7/2018,2018,48.05039,-119.904106
3DD.003D3ABFC1,Methow River,9/7/2018,2018,48.05039,-119.904106
3DD.003D3ABFC2,Starr Boat Launch,8/9/2019,2019,47.983552,-119.887492
3DD.003D3ABFC3,Methow River,9/7/2018,2018,48.05039,-119.904106
3DD.003D3ABFC4,Methow River,9/7/2018,2018,48.05039,-119.904106
3DD.003D3ABFC5,Methow River,9/7/2018,2018,48.05039,-119.904106
3DD.003D3ABFC6,Methow River,9/7/2018,2018,48.05039,-119.904106
3DD.003D3ABFC7,Methow River,9/7/2018,2018,48.05039,-119.904106
3DD.003D3ABFC8,Methow River,9/7/2018,2018,48.05039,-119.904106
3DD.003D3ABFC9,Methow River,9/7/2018,2018,48.05039,-119.904106
3DD.003D3ABFCA,Methow River,9/7/2018,2018,48.05039,-119.904106
3DD.003D3ABFCB,Methow River,9/7/2018,2018,48.05039,-119.904106
3DD.003D3ABFCC,Methow River,9/7/2018,2018,48.05039,-119.904106
3DD.003D3ABFCD,Methow River,9/7/2018,2018,48.05039,-119.904106
3DD.003D3ABFCE,Methow River,9/7/2018,2018,48.05039,-119.904106
3DD.003D3ABFCF,Methow River,9/7/2018,2018,48.05039,-119.904106
3DD.003D3ABFD0,Methow River,9/7/2018,2018,48.05039,-119.904106
3DD.003D3ABFD1,Methow River,9/7/2018,2018,48.05039,-119.904106
3DD.003D3ABFD2,Methow River,9/7/2018,2018,48.05039,-119.904106
3DD.003D3ABFD3,Starr Boat Launch,8/9/2019,2019,47.983552,-119.887492
3DD.003D3ABFD4,Methow River,9/7/2018,2018,48.05039,-119.904106
3DD.003D3ABFD5,Methow River,9/7/2018,2018,48.05039,-119.904106
3DD.003D3ABFD6,Starr Boat Launch,8/9/2019,2019,47.983552,-119.887492
3DD.003D3ABFD7,Methow River,9/7/2018,2018,48.05039,-119.904106
3DD.003D3ABFD8,Methow River,9/7/2018,2018,48.05039,-119.904106
3DD.003D3ABFD9,Starr Boat Launch,8/9/2019,2019,47.983552,-119.887492
3DD.003D3ABFDA,Starr Boat Launch,8/9/2019,2019,47.983552,-119.887492
3DD.003D3ABFDB,Methow River,9/7/2018,2018,48.05039,-119.904106
3DD.003D3ABFDC,Starr Boat Launch,8/9/2019,2019,47.983552,-119.887492
3DD.003D3ABFDD,Methow River,9/7/2018,2018,48.05039,-119.904106
3DD.003D3ABFDE,Methow River,9/7/2018,2018,48.05039,-119.904106
3DD.003D3ABFDF,Methow River,9/7/2018,2018,48.05039,-119.904106
3DD.003D3ABFE0,Starr Boat Launch,8/9/2019,2019,47.983552,-119.887492
3DD.003D3ABFE1,Methow River,9/7/2018,2018,48.05039,-119.904106
3DD.003D3ABFE2,Methow River,9/7/2018,2018,48.05039,-119.904106
3DD.003D3ABFE3,Methow River,9/7/2018,2018,48.05039,-119.904106
3DD.003D3ABFE4,Methow River,9/7/2018,2018,48.05039,-119.904106
3DD.003D3ABFE5,Methow River,9/7/2018,2018,48.05039,-119.904106
3DD.003D3ABFE6,Starr Boat Launch,8/9/2019,2019,47.983552,-119.887492
3DD.003D3ABFE7,Methow River,9/7/2018,2018,48.05039,-119.904106
3DD.003D3ABFE8,Methow River,9/7/2018,2018,48.05039,-119.904106
3DD.003D3ABFE9,Methow River,9/7/2018,2018,48.05039,-119.904106
3DD.003D3ABFEA,Methow River,9/7/2018,2018,48.05039,-119.904106
3DD.003D3ABFEB,Methow River,9/7/2018,2018,48.05039,-119.904106
3DD.003D3ABFEC,Methow River,9/7/2018,2018,48.05039,-119.904106
3DD.003D3ABFED,Methow River,9/7/2018,2018,48.05039,-119.904106
3DD.003D3ABFEE,Starr Boat Launch,8/9/2019,2019,47.983552,-119.887492
3DD.003D3ABFEF,Methow River,9/7/2018,2018,48.05039,-119.904106
3DD.003D3ABFF0,Starr Boat Launch,8/9/2019,2019,47.983552,-119.887492
3DD.003D3ABFF1,Methow River,9/7/2018,2018,48.05039,-119.904106
3DD.003D3ABFF2,Methow River,9/7/2018,2018,48.05039,-119.904106
3DD.003D3ABFF3,Methow River,9/7/2018,2018,48.05039,-119.904106
3DD.003D3ABFF4,Methow River,9/7/2018,2018,48.05039,-119.904106
3DD.003D3ABFF5,Methow River,9/7/2018,2018,48.05039,-119.904106
3DD.003D3ABFF6,Methow River,9/7/2018,2018,48.05039,-119.904106
3DD.003D3ABFF7,Methow River,9/7/2018,2018,48.05039,-119.904106
3DD.003D3ABFF8,Methow River,9/7/2018,2018,48.05039,-119.904106
3DD.003D3ABFF9,Methow River,9/7/2018,2018,48.05039,-119.904106
3DD.003D3ABFFA,Methow River,9/7/2018,2018,48.05039,-119.904106
3DD.003D3ABFFB,Methow River,9/7/2018,2018,48.05039,-119.904106
3DD.003D3ABFFC,Starr Boat Launch,8/9/2019,2019,47.983552,-119.887492
3DD.003D3ABFFD,Starr Boat Launch,8/9/2019,2019,47.983552,-119.887492
3DD.003D3ABFFE,Methow River,9/7/2018,2018,48.05039,-119.904106
3DD.003D3ABFFF,Methow River,9/7/2018,2018,48.05039,-119.904106
3DD.003D3AC000,Methow River,9/7/2018,2018,48.05039,-119.904106
3DD.003D3AC001,Methow River,9/7/2018,2018,48.05039,-119.904106
3DD.003D3AC002,Methow River,9/7/2018,2018,48.05039,-119.904106
3DD.003D3AC003,Methow River,9/7/2018,2018,48.05039,-119.904106
3DD.003D3AC004,Methow River,9/7/2018,2018,48.05039,-119.904106
3DD.003D3AC005,Methow River,9/7/2018,2018,48.05039,-119.904106
3DD.003D3AC006,Methow River,9/7/2018,2018,48.05039,-119.904106
3DD.003D3AC007,Methow River,9/7/2018,2018,48.05039,-119.904106
3DD.003D3AC008,Methow River,9/7/2018,2018,48.05039,-119.904106
3DD.003D3AC009,Methow River,9/7/2018,2018,48.05039,-119.904106
3DD.003D3AC00A,Methow River,9/7/2018,2018,48.05039,-119.904106
3DD.003D3AC00B,Methow River,9/7/2018,2018,48.05039,-119.904106
3DD.003D3AC00C,Methow River,9/7/2018,2018,48.05039,-119.904106
3DD.003D3AC00D,Methow River,9/7/2018,2018,48.05039,-119.904106
3DD.003D3AC00E,Methow River,9/7/2018,2018,48.05039,-119.904106
3DD.003D3AC00F,Methow River,9/7/2018,2018,48.05039,-119.904106
3DD.003D3AC010,Methow River,9/7/2018,2018,48.05039,-119.904106
3DD.003D3AC011,Methow River,9/7/2018,2018,48.05039,-119.904106
3DD.003D3AC012,Methow River,9/7/2018,2018,48.05039,-119.904106
3DD.003D3AC013,Starr Boat Launch,8/9/2019,2019,47.983552,-119.887492
3DD.003D3AC014,Methow River,9/7/2018,2018,48.05039,-119.904106
3DD.003D3AC015,Methow River,9/7/2018,2018,48.05039,-119.904106
3DD.003D3AC016,Methow River,9/7/2018,2018,48.05039,-119.904106
3DD.003D3AC017,Methow River,9/7/2018,2018,48.05039,-119.904106
3DD.003D3AC018,Methow River,9/7/2018,2018,48.05039,-119.904106
3DD.003D3AC019,Methow River,9/7/2018,2018,48.05039,-119.904106
3DD.003D3AC01A,Methow River,9/7/2018,2018,48.05039,-119.904106
3DD.003D3AC01B,Methow River,8/31/2018,2018,48.05039,-119.904106
3DD.003D3AC01C,Brewster Boat Launch,8/31/2018,2018,48.090547,-119.786141
3DD.003D3AC01D,Methow River,8/31/2018,2018,48.05039,-119.904106
3DD.003D3AC01E,Methow River,8/31/2018,2018,48.05039,-119.904106
3DD.003D3AC01F,Brewster Boat Launch,8/31/2018,2018,48.090547,-119.786141
3DD.003D3AC020,Brewster Boat Launch,8/31/2018,2018,48.090547,-119.786141
3DD.003D3AC021,Brewster Boat Launch,8/31/2018,2018,48.090547,-119.786141
3DD.003D3AC022,Brewster Boat Launch,8/31/2018,2018,48.090547,-119.786141
3DD.003D3AC023,Methow River,8/31/2018,2018,48.05039,-119.904106
3DD.003D3AC024,Methow River,8/31/2018,2018,48.05039,-119.904106
3DD.003D3AC025,Methow River,8/31/2018,2018,48.05039,-119.904106
3DD.003D3AC026,Methow River,8/31/2018,2018,48.05039,-119.904106
3DD.003D3AC027,Methow River,8/31/2018,2018,48.05039,-119.904106
3DD.003D3AC028,Methow River,8/31/2018,2018,48.05039,-119.904106
3DD.003D3AC029,Methow River,8/31/2018,2018,48.05039,-119.904106
3DD.003D3AC02A,Methow River,8/31/2018,2018,48.05039,-119.904106
3DD.003D3AC02B,Methow River,8/31/2018,2018,48.05039,-119.904106
3DD.003D3AC02C,Methow River,9/7/2018,2018,48.05039,-119.904106
3DD.003D3AC02D,Brewster Boat Launch,8/31/2018,2018,48.090547,-119.786141
3DD.003D3AC02E,Brewster Boat Launch,8/31/2018,2018,48.090547,-119.786141
3DD.003D3AC02F,Methow River,8/31/2018,2018,48.05039,-119.904106
3DD.003D3AC030,Methow River,8/31/2018,2018,48.05039,-119.904106
3DD.003D3AC031,Methow River,8/31/2018,2018,48.05039,-119.904106
3DD.003D3AC032,Brewster Boat Launch,8/31/2018,2018,48.090547,-119.786141
3DD.003D3AC033,Methow River,8/31/2018,2018,48.05039,-119.904106
3DD.003D3AC034,Methow River,8/31/2018,2018,48.05039,-119.904106
3DD.003D3AC035,Methow River,8/31/2018,2018,48.05039,-119.904106
3DD.003D3AC036,Methow River,9/7/2018,2018,48.05039,-119.904106
3DD.003D3AC037,Brewster Boat Launch,8/31/2018,2018,48.090547,-119.786141
3DD.003D3AC038,Methow River,8/31/2018,2018,48.05039,-119.904106
3DD.003D3AC039,Methow River,8/31/2018,2018,48.05039,-119.904106
3DD.003D3AC03A,Methow River,8/31/2018,2018,48.05039,-119.904106
3DD.003D3AC03B,Methow River,8/31/2018,2018,48.05039,-119.904106
3DD.003D3AC03C,Methow River,8/31/2018,2018,48.05039,-119.904106
3DD.003D3AC03D,Brewster Boat Launch,8/31/2018,2018,48.090547,-119.786141
3DD.003D3AC03E,Methow River,8/31/2018,2018,48.05039,-119.904106
3DD.003D3AC03F,Methow River,8/31/2018,2018,48.05039,-119.904106
3DD.003D3AC040,Brewster Boat Launch,8/31/2018,2018,48.090547,-119.786141
3DD.003D3AC041,Methow River,8/31/2018,2018,48.05039,-119.904106
3DD.003D3AC042,Brewster Boat Launch,8/31/2018,2018,48.090547,-119.786141
3DD.003D3AC043,Methow River,8/31/2018,2018,48.05039,-119.904106
3DD.003D3AC044,Methow River,8/31/2018,2018,48.05039,-119.904106
3DD.003D3AC045,Brewster Boat Launch,8/31/2018,2018,48.090547,-119.786141
3DD.003D3AC046,Methow River,8/31/2018,2018,48.05039,-119.904106
3DD.003D3AC047,Methow River,8/31/2018,2018,48.05039,-119.904106
3DD.003D3AC048,Methow River,8/31/2018,2018,48.05039,-119.904106
3DD.003D3AC049,Brewster Boat Launch,8/31/2018,2018,48.090547,-119.786141
3DD.003D3AC04A,Methow River,8/31/2018,2018,48.05039,-119.904106
3DD.003D3AC04B,Methow River,8/31/2018,2018,48.05039,-119.904106
3DD.003D3AC04C,Brewster Boat Launch,8/31/2018,2018,48.090547,-119.786141
3DD.003D3AC04D,Methow River,8/31/2018,2018,48.05039,-119.904106
3DD.003D3AC04E,Methow River,9/7/2018,2018,48.05039,-119.904106
3DD.003D3AC04F,Methow River,8/31/2018,2018,48.05039,-119.904106
3DD.003D3AC050,Methow River,8/31/2018,2018,48.05039,-119.904106
3DD.003D3AC051,Methow River,8/31/2018,2018,48.05039,-119.904106
3DD.003D3AC052,Methow River,8/31/2018,2018,48.05039,-119.904106
3DD.003D3AC053,Methow River,8/31/2018,2018,48.05039,-119.904106
3DD.003D3AC054,Methow River,8/31/2018,2018,48.05039,-119.904106
3DD.003D3AC055,Methow River,8/31/2018,2018,48.05039,-119.904106
3DD.003D3AC056,Methow River,8/31/2018,2018,48.05039,-119.904106
3DD.003D3AC057,Methow River,8/31/2018,2018,48.05039,-119.904106
3DD.003D3AC058,Methow River,8/31/2018,2018,48.05039,-119.904106
3DD.003D3AC059,Methow River,8/31/2018,2018,48.05039,-119.904106
3DD.003D3AC05A,Methow River,8/31/2018,2018,48.05039,-119.904106
3DD.003D3AC05B,Methow River,8/31/2018,2018,48.05039,-119.904106
3DD.003D3AC05C,Methow River,8/31/2018,2018,48.05039,-119.904106
3DD.003D3AC05D,Methow River,8/31/2018,2018,48.05039,-119.904106
3DD.003D3AC05E,Methow River,8/31/2018,2018,48.05039,-119.904106
3DD.003D3AC05F,Methow River,8/31/2018,2018,48.05039,-119.904106
3DD.003D3AC060,Methow River,8/31/2018,2018,48.05039,-119.904106
3DD.003D3AC061,Methow River,8/31/2018,2018,48.05039,-119.904106
3DD.003D3AC062,Methow River,8/31/2018,2018,48.05039,-119.904106
3DD.003D3AC063,Methow River,8/31/2018,2018,48.05039,-119.904106
3DD.003D3AC064,Methow River,8/31/2018,2018,48.05039,-119.904106
3DD.003D3AC065,Brewster Boat Launch,8/31/2018,2018,48.090547,-119.786141
3DD.003D3AC066,Methow River,8/31/2018,2018,48.05039,-119.904106
3DD.003D3AC067,Methow River,8/31/2018,2018,48.05039,-119.904106
3DD.003D3AC068,Methow River,8/31/2018,2018,48.05039,-119.904106
3DD.003D3AC069,Brewster Boat Launch,8/31/2018,2018,48.090547,-119.786141
3DD.003D3AC06A,Methow River,8/31/2018,2018,48.05039,-119.904106
3DD.003D3AC06B,Methow River,8/31/2018,2018,48.05039,-119.904106
3DD.003D3AC06C,Methow River,8/31/2018,2018,48.05039,-119.904106
3DD.003D3AC06D,Methow River,8/31/2018,2018,48.05039,-119.904106
3DD.003D3AC06E,Methow River,8/31/2018,2018,48.05039,-119.904106
3DD.003D3AC06F,Brewster Boat Launch,8/31/2018,2018,48.090547,-119.786141
3DD.003D3AC070,Methow River,8/31/2018,2018,48.05039,-119.904106
3DD.003D3AC071,Methow River,8/31/2018,2018,48.05039,-119.904106
3DD.003D3AC072,Methow River,8/31/2018,2018,48.05039,-119.904106
3DD.003D3AC073,Brewster Boat Launch,8/31/2018,2018,48.090547,-119.786141
3DD.003D3AC074,Brewster Boat Launch,8/31/2018,2018,48.090547,-119.786141
3DD.003D3AC075,Methow River,8/31/2018,2018,48.05039,-119.904106
3DD.003D3AC076,Methow River,9/7/2018,2018,48.05039,-119.904106
3DD.003D3AC077,Methow River,8/31/2018,2018,48.05039,-119.904106
3DD.003D3AC078,Methow River,8/31/2018,2018,48.05039,-119.904106
3DD.003D3AC079,Methow River,8/31/2018,2018,48.05039,-119.904106
3DD.003D3AC07A,Methow River,8/31/2018,2018,48.05039,-119.904106
3DD.003D3AC07B,Methow River,8/31/2018,2018,48.05039,-119.904106
3DD.003D3AC07C,Methow River,8/31/2018,2018,48.05039,-119.904106
3DD.003D3AC07D,Methow River,8/31/2018,2018,48.05039,-119.904106
3DD.003D3AC07E,Methow River,8/31/2018,2018,48.05039,-119.904106
3DD.003D7D1AFF,Starr Boat Launch,8/5/2021,2021,47.983552,-119.887492
3DD.003D8776D2,Similkameen River,8/19/2021,2021,48.98607,-119.613005
3DD.003D87794B,Similkameen River,8/19/2021,2021,48.98607,-119.613005
3DD.003D87D63A,Similkameen River,8/19/2021,2021,48.98607,-119.613005
3DD.003D87D9C5,Similkameen River,8/19/2021,2021,48.98607,-119.613005
3DD.003D88200A,Similkameen River,8/19/2021,2021,48.98607,-119.613005
3DD.003D88ACD0,Similkameen River,8/19/2021,2021,48.98607,-119.613005
3DD.003D89005A,Similkameen River,8/19/2021,2021,48.98607,-119.613005
3DD.003D8900C4,Similkameen River,8/19/2021,2021,48.98607,-119.613005
3DD.003D890903,Similkameen River,8/19/2021,2021,48.98607,-119.613005
3DD.003D895E3E,Similkameen River,8/19/2021,2021,48.98607,-119.613005
3DD.003D937347,Loup Loup Creek,9/9/2021,2021,48.375647,-119.763312
3DD.003D937352,Loup Loup Creek,9/9/2021,2021,48.375647,-119.763312
3DD.003D93735D,Loup Loup Creek,9/9/2021,2021,48.375647,-119.763312
3DD.003D93736D,Loup Loup Creek,9/9/2021,2021,48.375647,-119.763312
3DD.003D937376,Loup Loup Creek,9/9/2021,2021,48.375647,-119.763312
3DD.003D937392,Loup Loup Creek,9/9/2021,2021,48.375647,-119.763312
3DD.003D93739B,Loup Loup Creek,9/9/2021,2021,48.375647,-119.763312
3DD.003D9373A1,Loup Loup Creek,9/9/2021,2021,48.375647,-119.763312
3DD.003D937662,Starr Boat Launch,8/13/2020,2020,47.983552,-119.887492
3DD.003D937663,Salmon Creek,8/20/2020,2020,48.446022,-119.666279
3DD.003D937664,Salmon Creek,8/13/2020,2020,48.446022,-119.666279
3DD.003D937665,Starr Boat Launch,8/13/2020,2020,47.983552,-119.887492
3DD.003D937666,Starr Boat Launch,8/13/2020,2020,47.983552,-119.887492
3DD.003D937667,Starr Boat Launch,8/13/2020,2020,47.983552,-119.887492
3DD.003D937668,Starr Boat Launch,8/13/2020,2020,47.983552,-119.887492
3DD.003D937669,Omak Creek,8/13/2020,2020,48.353831,-119.288554
3DD.003D93766A,Starr Boat Launch,8/13/2020,2020,47.983552,-119.887492
3DD.003D93766B,Starr Boat Launch,8/20/2020,2020,47.983552,-119.887492
3DD.003D93766C,Salmon Creek,8/20/2020,2020,48.446022,-119.666279
3DD.003D93766D,Salmon Creek,8/20/2020,2020,48.446022,-119.666279
3DD.003D93766E,Starr Boat Launch,8/13/2020,2020,47.983552,-119.887492
3DD.003D93766F,Starr Boat Launch,8/13/2020,2020,47.983552,-119.887492
3DD.003D937670,Starr Boat Launch,8/13/2020,2020,47.983552,-119.887492
3DD.003D937671,Starr Boat Launch,8/13/2020,2020,47.983552,-119.887492
3DD.003D937672,Salmon Creek,8/20/2020,2020,48.446022,-119.666279
3DD.003D937673,Starr Boat Launch,8/13/2020,2020,47.983552,-119.887492
3DD.003D937674,Loup Loup Creek,8/20/2020,2020,48.375647,-119.763312
3DD.003D937675,Starr Boat Launch,8/13/2020,2020,47.983552,-119.887492
3DD.003D937676,Starr Boat Launch,8/13/2020,2020,47.983552,-119.887492
3DD.003D937677,Loup Loup Creek,8/20/2020,2020,48.375647,-119.763312
3DD.003D937678,Salmon Creek,8/13/2020,2020,48.446022,-119.666279
3DD.003D937679,Starr Boat Launch,8/13/2020,2020,47.983552,-119.887492
3DD.003D93767A,Starr Boat Launch,8/13/2020,2020,47.983552,-119.887492
3DD.003D93767B,Salmon Creek,8/20/2020,2020,48.446022,-119.666279
3DD.003D93767C,Salmon Creek,8/20/2020,2020,48.446022,-119.666279
3DD.003D93767D,Omak Creek,8/13/2020,2020,48.353831,-119.288554
3DD.003D93767E,Starr Boat Launch,8/13/2020,2020,47.983552,-119.887492
3DD.003D93767F,Salmon Creek,8/13/2020,2020,48.446022,-119.666279
3DD.003D937680,Starr Boat Launch,8/13/2020,2020,47.983552,-119.887492
3DD.003D937681,Salmon Creek,8/13/2020,2020,48.446022,-119.666279
3DD.003D937682,Omak Creek,8/13/2020,2020,48.353831,-119.288554
3DD.003D937683,Omak Creek,8/13/2020,2020,48.353831,-119.288554
3DD.003D937684,Salmon Creek,8/13/2020,2020,48.446022,-119.666279
3DD.003D937685,Starr Boat Launch,8/13/2020,2020,47.983552,-119.887492
3DD.003D937686,Starr Boat Launch,8/13/2020,2020,47.983552,-119.887492
3DD.003D937687,Starr Boat Launch,8/13/2020,2020,47.983552,-119.887492
3DD.003D937688,Starr Boat Launch,8/13/2020,2020,47.983552,-119.887492
3DD.003D937689,Salmon Creek,8/13/2020,2020,48.446022,-119.666279
3DD.003D93768A,Omak Creek,8/13/2020,2020,48.353831,-119.288554
3DD.003D93768B,Omak Creek,8/13/2020,2020,48.353831,-119.288554
3DD.003D93768C,Loup Loup Creek,8/20/2020,2020,48.375647,-119.763312
3DD.003D93768D,Omak Creek,8/13/2020,2020,48.353831,-119.288554
3DD.003D93768E,Starr Boat Launch,8/20/2020,2020,47.983552,-119.887492
3DD.003D93768F,Starr Boat Launch,8/13/2020,2020,47.983552,-119.887492
3DD.003D937690,Starr Boat Launch,8/13/2020,2020,47.983552,-119.887492
3DD.003D937691,Starr Boat Launch,8/13/2020,2020,47.983552,-119.887492
3DD.003D937692,Salmon Creek,8/13/2020,2020,48.446022,-119.666279
3DD.003D937693,Starr Boat Launch,8/13/2020,2020,47.983552,-119.887492
3DD.003D937694,Omak Creek,8/13/2020,2020,48.353831,-119.288554
3DD.003D937695,Starr Boat Launch,8/13/2020,2020,47.983552,-119.887492
3DD.003D937696,Starr Boat Launch,8/13/2020,2020,47.983552,-119.887492
3DD.003D937697,Salmon Creek,8/13/2020,2020,48.446022,-119.666279
3DD.003D937698,Salmon Creek,8/13/2020,2020,48.446022,-119.666279
3DD.003D937699,Loup Loup Creek,8/20/2020,2020,48.375647,-119.763312
3DD.003D93769A,Starr Boat Launch,8/13/2020,2020,47.983552,-119.887492
3DD.003D93769B,Loup Loup Creek,8/20/2020,2020,48.375647,-119.763312
3DD.003D93769C,Starr Boat Launch,8/13/2020,2020,47.983552,-119.887492
3DD.003D93769D,Starr Boat Launch,8/13/2020,2020,47.983552,-119.887492
3DD.003D93769E,Starr Boat Launch,8/13/2020,2020,47.983552,-119.887492
3DD.003D93769F,Starr Boat Launch,8/13/2020,2020,47.983552,-119.887492
3DD.003D9376A0,Salmon Creek,8/20/2020,2020,48.446022,-119.666279
3DD.003D9376A1,Loup Loup Creek,8/20/2020,2020,48.375647,-119.763312
3DD.003D9376A2,Salmon Creek,8/13/2020,2020,48.446022,-119.666279
3DD.003D9376A3,Loup Loup Creek,8/20/2020,2020,48.375647,-119.763312
3DD.003D9376A4,Omak Creek,8/13/2020,2020,48.353831,-119.288554
3DD.003D9376A5,Salmon Creek,8/13/2020,2020,48.446022,-119.666279
3DD.003D9376A6,Starr Boat Launch,8/13/2020,2020,47.983552,-119.887492
3DD.003D9376A7,Starr Boat Launch,8/13/2020,2020,47.983552,-119.887492
3DD.003D9376A8,Starr Boat Launch,8/13/2020,2020,47.983552,-119.887492
3DD.003D9376A9,Starr Boat Launch,8/13/2020,2020,47.983552,-119.887492
3DD.003D9376AA,Salmon Creek,8/20/2020,2020,48.446022,-119.666279
3DD.003D9376AB,Salmon Creek,8/13/2020,2020,48.446022,-119.666279
3DD.003D9376AC,Starr Boat Launch,8/13/2020,2020,47.983552,-119.887492
3DD.003D9376AD,Starr Boat Launch,8/13/2020,2020,47.983552,-119.887492
3DD.003D9376AE,Salmon Creek,8/20/2020,2020,48.446022,-119.666279
3DD.003D9376AF,Salmon Creek,8/20/2020,2020,48.446022,-119.666279
3DD.003D9376B0,Loup Loup Creek,8/20/2020,2020,48.375647,-119.763312
3DD.003D9376B1,Starr Boat Launch,8/13/2020,2020,47.983552,-119.887492
3DD.003D9376B2,Salmon Creek,8/13/2020,2020,48.446022,-119.666279
3DD.003D9376B3,Starr Boat Launch,8/13/2020,2020,47.983552,-119.887492
3DD.003D9376B4,Starr Boat Launch,8/13/2020,2020,47.983552,-119.887492
3DD.003D9376B5,Loup Loup Creek,8/20/2020,2020,48.375647,-119.763312
3DD.003D9376B6,Starr Boat Launch,8/13/2020,2020,47.983552,-119.887492
3DD.003D9376B7,Starr Boat Launch,8/13/2020,2020,47.983552,-119.887492
3DD.003D9376B8,Salmon Creek,8/13/2020,2020,48.446022,-119.666279
3DD.003D9376B9,Salmon Creek,8/13/2020,2020,48.446022,-119.666279
3DD.003D9376BA,Loup Loup Creek,8/20/2020,2020,48.375647,-119.763312
3DD.003D9376BB,Starr Boat Launch,8/13/2020,2020,47.983552,-119.887492
3DD.003D9376BC,Starr Boat Launch,8/13/2020,2020,47.983552,-119.887492
3DD.003D9376BD,Starr Boat Launch,8/13/2020,2020,47.983552,-119.887492
3DD.003D9376BE,Salmon Creek,8/13/2020,2020,48.446022,-119.666279
3DD.003D9376BF,Omak Creek,8/13/2020,2020,48.353831,-119.288554
3DD.003D9376C0,Starr Boat Launch,8/13/2020,2020,47.983552,-119.887492
3DD.003D9376C1,Omak Creek,8/13/2020,2020,48.353831,-119.288554
3DD.003D9376C2,Starr Boat Launch,8/13/2020,2020,47.983552,-119.887492
3DD.003D9376C3,Omak Creek,8/13/2020,2020,48.353831,-119.288554
3DD.003D9376C4,Starr Boat Launch,8/13/2020,2020,47.983552,-119.887492
3DD.003D9376C5,Starr Boat Launch,8/13/2020,2020,47.983552,-119.887492
3DD.003D93772A,Rocky Reach Forebay,7/22/2022,2022,47.542169,-120.293332
3DD.003D93772B,Rocky Reach Forebay,7/29/2022,2022,47.542169,-120.293332
3DD.003D93772C,Rocky Reach Forebay,7/29/2022,2022,47.542169,-120.293332
3DD.003D93772D,Daroga State Park,8/5/2022,2022,47.711251,-120.208455
3DD.003D93772E,Rocky Reach Forebay,7/29/2022,2022,47.542169,-120.293332
3DD.003D93772F,Daroga State Park,8/5/2022,2022,47.711251,-120.208455
3DD.003D937730,Rocky Reach Forebay,7/29/2022,2022,47.542169,-120.293332
3DD.003D937731,Daroga State Park,8/5/2022,2022,47.711251,-120.208455
3DD.003D937732,Daroga State Park,8/5/2022,2022,47.711251,-120.208455
3DD.003D937733,Rocky Reach Forebay,7/22/2022,2022,47.542169,-120.293332
3DD.003D937734,Rocky Reach Forebay,7/22/2022,2022,47.542169,-120.293332
3DD.003D937735,Daroga State Park,8/5/2022,2022,47.711251,-120.208455
3DD.003D937736,Rocky Reach Forebay,7/22/2022,2022,47.542169,-120.293332
3DD.003D937738,Daroga State Park,8/5/2022,2022,47.711251,-120.208455
3DD.003D937739,Rocky Reach Forebay,7/29/2022,2022,47.542169,-120.293332
3DD.003D93773A,Daroga State Park,8/5/2022,2022,47.711251,-120.208455
3DD.003D93773C,Daroga State Park,8/5/2022,2022,47.711251,-120.208455
3DD.003D93773D,Rocky Reach Forebay,7/22/2022,2022,47.542169,-120.293332
3DD.003D93773E,Daroga State Park,8/5/2022,2022,47.711251,-120.208455
3DD.003D937740,Rocky Reach Forebay,7/22/2022,2022,47.542169,-120.293332
3DD.003D937741,Rocky Reach Forebay,7/22/2022,2022,47.542169,-120.293332
3DD.003D937742,Rocky Reach Forebay,7/29/2022,2022,47.542169,-120.293332
3DD.003D937744,Rocky Reach Forebay,7/22/2022,2022,47.542169,-120.293332
3DD.003D937746,Rocky Reach Forebay,7/29/2022,2022,47.542169,-120.293332
3DD.003D937747,Rocky Reach Forebay,7/29/2022,2022,47.542169,-120.293332
3DD.003D937748,Rocky Reach Forebay,7/29/2022,2022,47.542169,-120.293332
3DD.003D937749,Rocky Reach Forebay,7/29/2022,2022,47.542169,-120.293332
3DD.003D93774A,Daroga State Park,8/5/2022,2022,47.711251,-120.208455
3DD.003D93774B,Rocky Reach Forebay,7/29/2022,2022,47.542169,-120.293332
3DD.003D93774C,Rocky Reach Forebay,7/29/2022,2022,47.542169,-120.293332
3DD.003D93774D,Rocky Reach Forebay,7/29/2022,2022,47.542169,-120.293332
3DD.003D93774E,Rocky Reach Forebay,7/22/2022,2022,47.542169,-120.293332
3DD.003D93774F,Rocky Reach Forebay,7/29/2022,2022,47.542169,-120.293332
3DD.003D937750,Rocky Reach Forebay,7/29/2022,2022,47.542169,-120.293332
3DD.003D937751,Daroga State Park,8/5/2022,2022,47.711251,-120.208455
3DD.003D937752,Rocky Reach Forebay,7/29/2022,2022,47.542169,-120.293332
3DD.003D937753,Rocky Reach Forebay,7/22/2022,2022,47.542169,-120.293332
3DD.003D937754,Rocky Reach Forebay,7/22/2022,2022,47.542169,-120.293332
3DD.003D937755,Rocky Reach Forebay,7/29/2022,2022,47.542169,-120.293332
3DD.003D937756,Rocky Reach Forebay,7/22/2022,2022,47.542169,-120.293332
3DD.003D937757,Daroga State Park,8/5/2022,2022,47.711251,-120.208455
3DD.003D937758,Rocky Reach Forebay,7/29/2022,2022,47.542169,-120.293332
3DD.003D937759,Rocky Reach Forebay,7/29/2022,2022,47.542169,-120.293332
3DD.003D93775A,Rocky Reach Forebay,7/29/2022,2022,47.542169,-120.293332
3DD.003D93775B,Daroga State Park,8/5/2022,2022,47.711251,-120.208455
3DD.003D93775C,Rocky Reach Forebay,7/29/2022,2022,47.542169,-120.293332
3DD.003D93775D,Rocky Reach Forebay,7/29/2022,2022,47.542169,-120.293332
3DD.003D93775E,Daroga State Park,8/5/2022,2022,47.711251,-120.208455
3DD.003D93775F,Rocky Reach Forebay,7/29/2022,2022,47.542169,-120.293332
3DD.003D937760,Rocky Reach Forebay,7/29/2022,2022,47.542169,-120.293332
3DD.003D937761,Rocky Reach Forebay,7/29/2022,2022,47.542169,-120.293332
3DD.003D937762,Rocky Reach Forebay,7/29/2022,2022,47.542169,-120.293332
3DD.003D937763,Rocky Reach Forebay,7/22/2022,2022,47.542169,-120.293332
3DD.003D937764,Daroga State Park,8/5/2022,2022,47.711251,-120.208455
3DD.003D937765,Rocky Reach Forebay,7/29/2022,2022,47.542169,-120.293332
3DD.003D937767,Rocky Reach Forebay,7/29/2022,2022,47.542169,-120.293332
3DD.003D937768,Rocky Reach Forebay,7/22/2022,2022,47.542169,-120.293332
3DD.003D93776A,Rocky Reach Forebay,7/29/2022,2022,47.542169,-120.293332
3DD.003D93776B,Rocky Reach Forebay,7/29/2022,2022,47.542169,-120.293332
3DD.003D93776C,Rocky Reach Forebay,7/29/2022,2022,47.542169,-120.293332
3DD.003D93776D,Daroga State Park,8/5/2022,2022,47.711251,-120.208455
3DD.003D93776E,Rocky Reach Forebay,7/22/2022,2022,47.542169,-120.293332
3DD.003D93776F,Daroga State Park,8/5/2022,2022,47.711251,-120.208455
3DD.003D937770,Rocky Reach Forebay,7/29/2022,2022,47.542169,-120.293332
3DD.003D937771,Rocky Reach Forebay,7/29/2022,2022,47.542169,-120.293332
3DD.003D937772,Rocky Reach Forebay,7/29/2022,2022,47.542169,-120.293332
3DD.003D937773,Rocky Reach Forebay,7/22/2022,2022,47.542169,-120.293332
3DD.003D937774,Rocky Reach Forebay,7/29/2022,2022,47.542169,-120.293332
3DD.003D937775,Rocky Reach Forebay,7/29/2022,2022,47.542169,-120.293332
3DD.003D937776,Rocky Reach Forebay,7/29/2022,2022,47.542169,-120.293332
3DD.003D937777,Rocky Reach Forebay,7/29/2022,2022,47.542169,-120.293332
3DD.003D937778,Daroga State Park,8/5/2022,2022,47.711251,-120.208455
3DD.003D93777A,Rocky Reach Forebay,7/22/2022,2022,47.542169,-120.293332
3DD.003D93777C,Rocky Reach Forebay,7/29/2022,2022,47.542169,-120.293332
3DD.003D93777D,Rocky Reach Forebay,7/22/2022,2022,47.542169,-120.293332
3DD.003D93777E,Daroga State Park,8/5/2022,2022,47.711251,-120.208455
3DD.003D93777F,Rocky Reach Forebay,7/29/2022,2022,47.542169,-120.293332
3DD.003D937781,Rocky Reach Forebay,7/22/2022,2022,47.542169,-120.293332
3DD.003D937782,Daroga State Park,8/5/2022,2022,47.711251,-120.208455
3DD.003D937783,Rocky Reach Forebay,7/29/2022,2022,47.542169,-120.293332
3DD.003D937785,Rocky Reach Forebay,7/29/2022,2022,47.542169,-120.293332
3DD.003D937786,Rocky Reach Forebay,7/22/2022,2022,47.542169,-120.293332
3DD.003D937787,Rocky Reach Forebay,7/22/2022,2022,47.542169,-120.293332
3DD.003D937788,Rocky Reach Forebay,7/29/2022,2022,47.542169,-120.293332
3DD.003D93778A,Rocky Reach Forebay,7/29/2022,2022,47.542169,-120.293332
3DD.003D93778B,Rocky Reach Forebay,7/22/2022,2022,47.542169,-120.293332
3DD.003D93778C,Rocky Reach Forebay,7/22/2022,2022,47.542169,-120.293332
3DD.003D93778D,Daroga State Park,8/5/2022,2022,47.711251,-120.208455
3DD.003D937856,Starr Boat Launch,8/27/2020,2020,47.983552,-119.887492
3DD.003D937857,Starr Boat Launch,8/27/2020,2020,47.983552,-119.887492
3DD.003D937858,Starr Boat Launch,8/20/2020,2020,47.983552,-119.887492
3DD.003D937859,Similkameen River,8/27/2020,2020,48.98607,-119.613005
3DD.003D93785A,Similkameen River,8/27/2020,2020,48.98607,-119.613005
3DD.003D93785B,Starr Boat Launch,8/20/2020,2020,47.983552,-119.887492
3DD.003D93785C,Starr Boat Launch,8/27/2020,2020,47.983552,-119.887492
3DD.003D93785D,Starr Boat Launch,8/27/2020,2020,47.983552,-119.887492
3DD.003D93785E,Starr Boat Launch,8/27/2020,2020,47.983552,-119.887492
3DD.003D93785F,Similkameen River,8/27/2020,2020,48.98607,-119.613005
3DD.003D937860,Starr Boat Launch,8/27/2020,2020,47.983552,-119.887492
3DD.003D937861,Starr Boat Launch,8/20/2020,2020,47.983552,-119.887492
3DD.003D937862,Starr Boat Launch,8/27/2020,2020,47.983552,-119.887492
3DD.003D937863,Starr Boat Launch,8/27/2020,2020,47.983552,-119.887492
3DD.003D937864,Starr Boat Launch,8/20/2020,2020,47.983552,-119.887492
3DD.003D937865,Starr Boat Launch,8/20/2020,2020,47.983552,-119.887492
3DD.003D937866,Starr Boat Launch,8/20/2020,2020,47.983552,-119.887492
3DD.003D937867,Starr Boat Launch,8/20/2020,2020,47.983552,-119.887492
3DD.003D937868,Starr Boat Launch,8/27/2020,2020,47.983552,-119.887492
3DD.003D937869,Starr Boat Launch,8/20/2020,2020,47.983552,-119.887492
3DD.003D93786A,Similkameen River,8/27/2020,2020,48.98607,-119.613005
3DD.003D93786B,Starr Boat Launch,8/27/2020,2020,47.983552,-119.887492
3DD.003D93786C,Starr Boat Launch,8/27/2020,2020,47.983552,-119.887492
3DD.003D93786D,Starr Boat Launch,8/27/2020,2020,47.983552,-119.887492
3DD.003D93786E,Starr Boat Launch,8/27/2020,2020,47.983552,-119.887492
3DD.003D93786F,Starr Boat Launch,8/20/2020,2020,47.983552,-119.887492
3DD.003D937870,Starr Boat Launch,8/27/2020,2020,47.983552,-119.887492
3DD.003D937871,Starr Boat Launch,8/27/2020,2020,47.983552,-119.887492
3DD.003D937872,Starr Boat Launch,8/20/2020,2020,47.983552,-119.887492
3DD.003D937873,Starr Boat Launch,8/27/2020,2020,47.983552,-119.887492
3DD.003D937874,Starr Boat Launch,8/20/2020,2020,47.983552,-119.887492
3DD.003D937875,Starr Boat Launch,8/20/2020,2020,47.983552,-119.887492
3DD.003D937876,Starr Boat Launch,8/20/2020,2020,47.983552,-119.887492
3DD.003D937877,Starr Boat Launch,8/20/2020,2020,47.983552,-119.887492
3DD.003D937878,Similkameen River,8/27/2020,2020,48.98607,-119.613005
3DD.003D937879,Similkameen River,8/27/2020,2020,48.98607,-119.613005
3DD.003D93787A,Starr Boat Launch,8/27/2020,2020,47.983552,-119.887492
3DD.003D93787B,Starr Boat Launch,8/20/2020,2020,47.983552,-119.887492
3DD.003D93787C,Starr Boat Launch,8/27/2020,2020,47.983552,-119.887492
3DD.003D93787D,Starr Boat Launch,8/27/2020,2020,47.983552,-119.887492
3DD.003D93787E,Similkameen River,8/27/2020,2020,48.98607,-119.613005
3DD.003D93787F,Starr Boat Launch,8/20/2020,2020,47.983552,-119.887492
3DD.003D937880,Starr Boat Launch,8/27/2020,2020,47.983552,-119.887492
3DD.003D937881,Starr Boat Launch,8/27/2020,2020,47.983552,-119.887492
3DD.003D937882,Starr Boat Launch,8/20/2020,2020,47.983552,-119.887492
3DD.003D937883,Similkameen River,8/27/2020,2020,48.98607,-119.613005
3DD.003D937884,Starr Boat Launch,8/20/2020,2020,47.983552,-119.887492
3DD.003D937885,Starr Boat Launch,8/27/2020,2020,47.983552,-119.887492
3DD.003D937886,Starr Boat Launch,8/20/2020,2020,47.983552,-119.887492
3DD.003D937887,Starr Boat Launch,8/20/2020,2020,47.983552,-119.887492
3DD.003D937888,Similkameen River,8/27/2020,2020,48.98607,-119.613005
3DD.003D937889,Similkameen River,8/27/2020,2020,48.98607,-119.613005
3DD.003D93788A,Starr Boat Launch,8/27/2020,2020,47.983552,-119.887492
3DD.003D93788B,Starr Boat Launch,8/27/2020,2020,47.983552,-119.887492
3DD.003D93788C,Starr Boat Launch,8/27/2020,2020,47.983552,-119.887492
3DD.003D93788D,Starr Boat Launch,8/27/2020,2020,47.983552,-119.887492
3DD.003D93788E,Similkameen River,8/27/2020,2020,48.98607,-119.613005
3DD.003D93788F,Starr Boat Launch,8/20/2020,2020,47.983552,-119.887492
3DD.003D937890,Starr Boat Launch,8/20/2020,2020,47.983552,-119.887492
3DD.003D937891,Starr Boat Launch,8/27/2020,2020,47.983552,-119.887492
3DD.003D937892,Starr Boat Launch,8/27/2020,2020,47.983552,-119.887492
3DD.003D937893,Similkameen River,8/27/2020,2020,48.98607,-119.613005
3DD.003D937894,Similkameen River,8/27/2020,2020,48.98607,-119.613005
3DD.003D937895,Starr Boat Launch,8/27/2020,2020,47.983552,-119.887492
3DD.003D937896,Starr Boat Launch,8/20/2020,2020,47.983552,-119.887492
3DD.003D937897,Starr Boat Launch,8/27/2020,2020,47.983552,-119.887492
3DD.003D937898,Starr Boat Launch,8/27/2020,2020,47.983552,-119.887492
3DD.003D937899,Starr Boat Launch,8/20/2020,2020,47.983552,-119.887492
3DD.003D93789A,Starr Boat Launch,8/27/2020,2020,47.983552,-119.887492
3DD.003D93789B,Similkameen River,8/27/2020,2020,48.98607,-119.613005
3DD.003D93789C,Starr Boat Launch,8/27/2020,2020,47.983552,-119.887492
3DD.003D93789D,Starr Boat Launch,8/27/2020,2020,47.983552,-119.887492
3DD.003D93789E,Starr Boat Launch,8/27/2020,2020,47.983552,-119.887492
3DD.003D93789F,Starr Boat Launch,8/20/2020,2020,47.983552,-119.887492
3DD.003D9378A0,Similkameen River,8/27/2020,2020,48.98607,-119.613005
3DD.003D9378A1,Starr Boat Launch,8/27/2020,2020,47.983552,-119.887492
3DD.003D9378A2,Starr Boat Launch,8/27/2020,2020,47.983552,-119.887492
3DD.003D9378A3,Starr Boat Launch,8/20/2020,2020,47.983552,-119.887492
3DD.003D9378A4,Starr Boat Launch,8/20/2020,2020,47.983552,-119.887492
3DD.003D9378A5,Starr Boat Launch,8/27/2020,2020,47.983552,-119.887492
3DD.003D9378A6,Similkameen River,8/27/2020,2020,48.98607,-119.613005
3DD.003D9378A7,Starr Boat Launch,8/27/2020,2020,47.983552,-119.887492
3DD.003D9378A8,Starr Boat Launch,8/20/2020,2020,47.983552,-119.887492
3DD.003D9378A9,Starr Boat Launch,8/27/2020,2020,47.983552,-119.887492
3DD.003D9378AA,Starr Boat Launch,8/27/2020,2020,47.983552,-119.887492
3DD.003D9378AB,Starr Boat Launch,8/20/2020,2020,47.983552,-119.887492
3DD.003D9378AC,Starr Boat Launch,8/27/2020,2020,47.983552,-119.887492
3DD.003D9378AD,Starr Boat Launch,8/27/2020,2020,47.983552,-119.887492
3DD.003D9378AE,Similkameen River,8/27/2020,2020,48.98607,-119.613005
3DD.003D9378AF,Starr Boat Launch,8/27/2020,2020,47.983552,-119.887492
3DD.003D9378B0,Starr Boat Launch,8/20/2020,2020,47.983552,-119.887492
3DD.003D9378B1,Starr Boat Launch,8/20/2020,2020,47.983552,-119.887492
3DD.003D9378B2,Similkameen River,8/27/2020,2020,48.98607,-119.613005
3DD.003D9378B3,Starr Boat Launch,8/20/2020,2020,47.983552,-119.887492
3DD.003D9378B4,Starr Boat Launch,8/27/2020,2020,47.983552,-119.887492
3DD.003D9378B5,Similkameen River,8/27/2020,2020,48.98607,-119.613005
3DD.003D9378B6,Starr Boat Launch,8/20/2020,2020,47.983552,-119.887492
3DD.003D9378B7,Starr Boat Launch,8/20/2020,2020,47.983552,-119.887492
3DD.003D9378B8,Similkameen River,8/27/2020,2020,48.98607,-119.613005
3DD.003D9378B9,Starr Boat Launch,8/27/2020,2020,47.983552,-119.887492
3DD.003D93791E,Loup Loup Creek,9/9/2021,2021,48.375647,-119.763312
3DD.003D93791F,Starr Boat Launch,8/26/2021,2021,47.983552,-119.887492
3DD.003D937920,Starr Boat Launch,9/2/2021,2021,47.983552,-119.887492
3DD.003D937921,Starr Boat Launch,9/2/2021,2021,47.983552,-119.887492
3DD.003D937922,Starr Boat Launch,8/26/2021,2021,47.983552,-119.887492
3DD.003D937923,Starr Boat Launch,9/2/2021,2021,47.983552,-119.887492
3DD.003D937924,Starr Boat Launch,8/26/2021,2021,47.983552,-119.887492
3DD.003D937925,Starr Boat Launch,8/26/2021,2021,47.983552,-119.887492
3DD.003D937926,Starr Boat Launch,8/26/2021,2021,47.983552,-119.887492
3DD.003D937927,Starr Boat Launch,8/26/2021,2021,47.983552,-119.887492
3DD.003D937928,Starr Boat Launch,8/26/2021,2021,47.983552,-119.887492
3DD.003D937929,Starr Boat Launch,8/26/2021,2021,47.983552,-119.887492
3DD.003D93792A,Loup Loup Creek,9/9/2021,2021,48.375647,-119.763312
3DD.003D93792B,Starr Boat Launch,8/26/2021,2021,47.983552,-119.887492
3DD.003D93792C,Starr Boat Launch,8/26/2021,2021,47.983552,-119.887492
3DD.003D93792D,Starr Boat Launch,9/2/2021,2021,47.983552,-119.887492
3DD.003D93792E,Starr Boat Launch,8/26/2021,2021,47.983552,-119.887492
3DD.003D93792F,Starr Boat Launch,8/26/2021,2021,47.983552,-119.887492
3DD.003D937930,Starr Boat Launch,9/2/2021,2021,47.983552,-119.887492
3DD.003D937931,Starr Boat Launch,9/2/2021,2021,47.983552,-119.887492
3DD.003D937932,Starr Boat Launch,8/26/2021,2021,47.983552,-119.887492
3DD.003D937933,Starr Boat Launch,8/26/2021,2021,47.983552,-119.887492
3DD.003D937935,Starr Boat Launch,9/2/2021,2021,47.983552,-119.887492
3DD.003D937936,Loup Loup Creek,9/9/2021,2021,48.375647,-119.763312
3DD.003D937937,Starr Boat Launch,8/26/2021,2021,47.983552,-119.887492
3DD.003D937938,Loup Loup Creek,9/9/2021,2021,48.375647,-119.763312
3DD.003D937939,Starr Boat Launch,8/26/2021,2021,47.983552,-119.887492
3DD.003D93793A,Starr Boat Launch,8/26/2021,2021,47.983552,-119.887492
3DD.003D93793B,Starr Boat Launch,8/26/2021,2021,47.983552,-119.887492
3DD.003D93793C,Starr Boat Launch,8/26/2021,2021,47.983552,-119.887492
3DD.003D93793D,Loup Loup Creek,9/9/2021,2021,48.375647,-119.763312
3DD.003D93793E,Starr Boat Launch,8/26/2021,2021,47.983552,-119.887492
3DD.003D93793F,Starr Boat Launch,8/26/2021,2021,47.983552,-119.887492
3DD.003D937940,Starr Boat Launch,8/26/2021,2021,47.983552,-119.887492
3DD.003D937941,Starr Boat Launch,9/2/2021,2021,47.983552,-119.887492
3DD.003D937942,Starr Boat Launch,9/2/2021,2021,47.983552,-119.887492
3DD.003D937943,Starr Boat Launch,8/26/2021,2021,47.983552,-119.887492
3DD.003D937944,Starr Boat Launch,9/2/2021,2021,47.983552,-119.887492
3DD.003D937945,Starr Boat Launch,9/2/2021,2021,47.983552,-119.887492
3DD.003D937946,Loup Loup Creek,9/9/2021,2021,48.375647,-119.763312
3DD.003D937947,Starr Boat Launch,8/26/2021,2021,47.983552,-119.887492
3DD.003D937948,Starr Boat Launch,8/26/2021,2021,47.983552,-119.887492
3DD.003D937949,Starr Boat Launch,8/26/2021,2021,47.983552,-119.887492
3DD.003D93794A,Starr Boat Launch,8/26/2021,2021,47.983552,-119.887492
3DD.003D93794B,Starr Boat Launch,8/26/2021,2021,47.983552,-119.887492
3DD.003D93794C,Starr Boat Launch,9/2/2021,2021,47.983552,-119.887492
3DD.003D93794D,Starr Boat Launch,8/26/2021,2021,47.983552,-119.887492
3DD.003D93794E,Starr Boat Launch,8/26/2021,2021,47.983552,-119.887492
3DD.003D93794F,Starr Boat Launch,8/26/2021,2021,47.983552,-119.887492
3DD.003D937950,Loup Loup Creek,9/9/2021,2021,48.375647,-119.763312
3DD.003D937951,Loup Loup Creek,9/9/2021,2021,48.375647,-119.763312
3DD.003D937952,Starr Boat Launch,8/26/2021,2021,47.983552,-119.887492
3DD.003D937953,Starr Boat Launch,8/26/2021,2021,47.983552,-119.887492
3DD.003D937954,Starr Boat Launch,8/26/2021,2021,47.983552,-119.887492
3DD.003D937955,Starr Boat Launch,8/26/2021,2021,47.983552,-119.887492
3DD.003D937956,Starr Boat Launch,8/26/2021,2021,47.983552,-119.887492
3DD.003D937957,Loup Loup Creek,9/9/2021,2021,48.375647,-119.763312
3DD.003D937958,Starr Boat Launch,8/26/2021,2021,47.983552,-119.887492
3DD.003D937959,Loup Loup Creek,9/9/2021,2021,48.375647,-119.763312
3DD.003D93795A,Starr Boat Launch,8/26/2021,2021,47.983552,-119.887492
3DD.003D93795B,Starr Boat Launch,8/26/2021,2021,47.983552,-119.887492
3DD.003D93795C,Starr Boat Launch,8/26/2021,2021,47.983552,-119.887492
3DD.003D93795D,Starr Boat Launch,8/26/2021,2021,47.983552,-119.887492
3DD.003D93795E,Starr Boat Launch,8/26/2021,2021,47.983552,-119.887492
3DD.003D93795F,Starr Boat Launch,8/26/2021,2021,47.983552,-119.887492
3DD.003D937960,Starr Boat Launch,9/2/2021,2021,47.983552,-119.887492
3DD.003D937961,Loup Loup Creek,9/9/2021,2021,48.375647,-119.763312
3DD.003D937962,Starr Boat Launch,8/26/2021,2021,47.983552,-119.887492
3DD.003D937963,Starr Boat Launch,9/2/2021,2021,47.983552,-119.887492
3DD.003D937964,Starr Boat Launch,8/26/2021,2021,47.983552,-119.887492
3DD.003D937965,Starr Boat Launch,9/2/2021,2021,47.983552,-119.887492
3DD.003D937966,Starr Boat Launch,8/26/2021,2021,47.983552,-119.887492
3DD.003D937967,Starr Boat Launch,8/26/2021,2021,47.983552,-119.887492
3DD.003D937968,Starr Boat Launch,8/26/2021,2021,47.983552,-119.887492
3DD.003D937969,Loup Loup Creek,9/9/2021,2021,48.375647,-119.763312
3DD.003D93796A,Starr Boat Launch,9/2/2021,2021,47.983552,-119.887492
3DD.003D93796B,Starr Boat Launch,8/26/2021,2021,47.983552,-119.887492
3DD.003D93796C,Starr Boat Launch,8/26/2021,2021,47.983552,-119.887492
3DD.003D93796D,Loup Loup Creek,9/9/2021,2021,48.375647,-119.763312
3DD.003D93796E,Starr Boat Launch,8/26/2021,2021,47.983552,-119.887492
3DD.003D93796F,Loup Loup Creek,9/9/2021,2021,48.375647,-119.763312
3DD.003D937970,Starr Boat Launch,8/26/2021,2021,47.983552,-119.887492
3DD.003D937971,Starr Boat Launch,8/26/2021,2021,47.983552,-119.887492
3DD.003D937972,Starr Boat Launch,9/2/2021,2021,47.983552,-119.887492
3DD.003D937973,Loup Loup Creek,9/9/2021,2021,48.375647,-119.763312
3DD.003D937974,Starr Boat Launch,8/26/2021,2021,47.983552,-119.887492
3DD.003D937975,Starr Boat Launch,9/2/2021,2021,47.983552,-119.887492
3DD.003D937976,Starr Boat Launch,8/26/2021,2021,47.983552,-119.887492
3DD.003D937977,Starr Boat Launch,9/2/2021,2021,47.983552,-119.887492
3DD.003D937978,Starr Boat Launch,9/2/2021,2021,47.983552,-119.887492
3DD.003D937979,Starr Boat Launch,9/2/2021,2021,47.983552,-119.887492
3DD.003D93797A,Starr Boat Launch,8/26/2021,2021,47.983552,-119.887492
3DD.003D93797B,Loup Loup Creek,9/9/2021,2021,48.375647,-119.763312
3DD.003D93797C,Starr Boat Launch,8/26/2021,2021,47.983552,-119.887492
3DD.003D93797D,Starr Boat Launch,8/26/2021,2021,47.983552,-119.887492
3DD.003D93797E,Starr Boat Launch,8/26/2021,2021,47.983552,-119.887492
3DD.003D93797F,Starr Boat Launch,9/2/2021,2021,47.983552,-119.887492
3DD.003D937980,Starr Boat Launch,9/2/2021,2021,47.983552,-119.887492
3DD.003D937981,Loup Loup Creek,9/9/2021,2021,48.375647,-119.763312
3DD.003D937982,Starr Boat Launch,8/26/2021,2021,47.983552,-119.887492
3DD.003D937A4D,Starr Boat Launch,9/3/2020,2020,47.983552,-119.887492
3DD.003D937A4E,Starr Boat Launch,8/27/2020,2020,47.983552,-119.887492
3DD.003D937A4F,Starr Boat Launch,9/10/2020,2020,47.983552,-119.887492
3DD.003D937A50,Starr Boat Launch,9/3/2020,2020,47.983552,-119.887492
3DD.003D937A51,Starr Boat Launch,9/10/2020,2020,47.983552,-119.887492
3DD.003D937A52,Starr Boat Launch,9/10/2020,2020,47.983552,-119.887492
3DD.003D937A53,Starr Boat Launch,9/10/2020,2020,47.983552,-119.887492
3DD.003D937A54,Starr Boat Launch,9/10/2020,2020,47.983552,-119.887492
3DD.003D937A55,Starr Boat Launch,8/27/2020,2020,47.983552,-119.887492
3DD.003D937A56,Starr Boat Launch,9/10/2020,2020,47.983552,-119.887492
3DD.003D937A58,Omak Creek,9/3/2020,2020,48.353831,-119.288554
3DD.003D937A59,Omak Creek,9/3/2020,2020,48.353831,-119.288554
3DD.003D937A5A,Starr Boat Launch,9/10/2020,2020,47.983552,-119.887492
3DD.003D937A5C,Starr Boat Launch,9/3/2020,2020,47.983552,-119.887492
3DD.003D937A5D,Starr Boat Launch,9/3/2020,2020,47.983552,-119.887492
3DD.003D937A5E,Loup Loup Creek,9/10/2020,2020,48.375647,-119.763312
3DD.003D937A5F,Starr Boat Launch,9/3/2020,2020,47.983552,-119.887492
3DD.003D937A60,Starr Boat Launch,9/3/2020,2020,47.983552,-119.887492
3DD.003D937A61,Loup Loup Creek,9/10/2020,2020,48.375647,-119.763312
3DD.003D937A62,Starr Boat Launch,9/10/2020,2020,47.983552,-119.887492
3DD.003D937A63,Starr Boat Launch,9/10/2020,2020,47.983552,-119.887492
3DD.003D937A64,Loup Loup Creek,9/10/2020,2020,48.375647,-119.763312
3DD.003D937A65,Starr Boat Launch,9/10/2020,2020,47.983552,-119.887492
3DD.003D937A66,Starr Boat Launch,9/3/2020,2020,47.983552,-119.887492
3DD.003D937A67,Starr Boat Launch,9/3/2020,2020,47.983552,-119.887492
3DD.003D937A68,Starr Boat Launch,9/10/2020,2020,47.983552,-119.887492
3DD.003D937A69,Starr Boat Launch,9/10/2020,2020,47.983552,-119.887492
3DD.003D937A6A,Starr Boat Launch,9/10/2020,2020,47.983552,-119.887492
3DD.003D937A6B,Starr Boat Launch,8/27/2020,2020,47.983552,-119.887492
3DD.003D937A6C,Loup Loup Creek,9/10/2020,2020,48.375647,-119.763312
3DD.003D937A6D,Omak Creek,9/3/2020,2020,48.353831,-119.288554
3DD.003D937A6E,Starr Boat Launch,9/3/2020,2020,47.983552,-119.887492
3DD.003D937A6F,Starr Boat Launch,9/10/2020,2020,47.983552,-119.887492
3DD.003D937A70,Starr Boat Launch,8/27/2020,2020,47.983552,-119.887492
3DD.003D937A71,Loup Loup Creek,9/10/2020,2020,48.375647,-119.763312
3DD.003D937A72,Starr Boat Launch,9/10/2020,2020,47.983552,-119.887492
3DD.003D937A73,Omak Creek,9/3/2020,2020,48.353831,-119.288554
3DD.003D937A74,Starr Boat Launch,9/3/2020,2020,47.983552,-119.887492
3DD.003D937A75,Omak Creek,9/3/2020,2020,48.353831,-119.288554
3DD.003D937A76,Starr Boat Launch,9/10/2020,2020,47.983552,-119.887492
3DD.003D937A77,Starr Boat Launch,8/27/2020,2020,47.983552,-119.887492
3DD.003D937A78,Starr Boat Launch,8/27/2020,2020,47.983552,-119.887492
3DD.003D937A79,Starr Boat Launch,9/10/2020,2020,47.983552,-119.887492
3DD.003D937A7A,Starr Boat Launch,9/10/2020,2020,47.983552,-119.887492
3DD.003D937A7B,Starr Boat Launch,9/10/2020,2020,47.983552,-119.887492
3DD.003D937A7C,Starr Boat Launch,9/3/2020,2020,47.983552,-119.887492
3DD.003D937A7D,Starr Boat Launch,8/27/2020,2020,47.983552,-119.887492
3DD.003D937A7E,Loup Loup Creek,9/10/2020,2020,48.375647,-119.763312
3DD.003D937A7F,Starr Boat Launch,8/27/2020,2020,47.983552,-119.887492
3DD.003D937A80,Starr Boat Launch,9/10/2020,2020,47.983552,-119.887492
3DD.003D937A81,Omak Creek,9/3/2020,2020,48.353831,-119.288554
3DD.003D937A82,Starr Boat Launch,9/10/2020,2020,47.983552,-119.887492
3DD.003D937A83,Starr Boat Launch,9/3/2020,2020,47.983552,-119.887492
3DD.003D937A84,Starr Boat Launch,9/10/2020,2020,47.983552,-119.887492
3DD.003D937A85,Starr Boat Launch,9/10/2020,2020,47.983552,-119.887492
3DD.003D937A86,Starr Boat Launch,9/3/2020,2020,47.983552,-119.887492
3DD.003D937A87,Starr Boat Launch,8/27/2020,2020,47.983552,-119.887492
3DD.003D937A88,Loup Loup Creek,9/10/2020,2020,48.375647,-119.763312
3DD.003D937A89,Starr Boat Launch,9/10/2020,2020,47.983552,-119.887492
3DD.003D937A8A,Starr Boat Launch,8/27/2020,2020,47.983552,-119.887492
3DD.003D937A8B,Starr Boat Launch,8/27/2020,2020,47.983552,-119.887492
3DD.003D937A8C,Starr Boat Launch,9/10/2020,2020,47.983552,-119.887492
3DD.003D937A8D,Starr Boat Launch,9/3/2020,2020,47.983552,-119.887492
3DD.003D937A8E,Starr Boat Launch,9/3/2020,2020,47.983552,-119.887492
3DD.003D937A8F,Starr Boat Launch,9/3/2020,2020,47.983552,-119.887492
3DD.003D937A90,Starr Boat Launch,9/10/2020,2020,47.983552,-119.887492
3DD.003D937A91,Starr Boat Launch,9/3/2020,2020,47.983552,-119.887492
3DD.003D937A92,Starr Boat Launch,9/10/2020,2020,47.983552,-119.887492
3DD.003D937A93,Starr Boat Launch,8/27/2020,2020,47.983552,-119.887492
3DD.003D937A94,Omak Creek,9/3/2020,2020,48.353831,-119.288554
3DD.003D937A95,Starr Boat Launch,9/10/2020,2020,47.983552,-119.887492
3DD.003D937A96,Starr Boat Launch,9/10/2020,2020,47.983552,-119.887492
3DD.003D937A97,Loup Loup Creek,9/10/2020,2020,48.375647,-119.763312
3DD.003D937A98,Loup Loup Creek,9/10/2020,2020,48.375647,-119.763312
3DD.003D937A99,Starr Boat Launch,8/27/2020,2020,47.983552,-119.887492
3DD.003D937A9A,Starr Boat Launch,9/10/2020,2020,47.983552,-119.887492
3DD.003D937A9B,Starr Boat Launch,9/10/2020,2020,47.983552,-119.887492
3DD.003D937A9C,Starr Boat Launch,8/27/2020,2020,47.983552,-119.887492
3DD.003D937A9D,Starr Boat Launch,9/10/2020,2020,47.983552,-119.887492
3DD.003D937A9E,Starr Boat Launch,8/27/2020,2020,47.983552,-119.887492
3DD.003D937A9F,Omak Creek,9/3/2020,2020,48.353831,-119.288554
3DD.003D937AA0,Starr Boat Launch,9/10/2020,2020,47.983552,-119.887492
3DD.003D937AA1,Loup Loup Creek,9/10/2020,2020,48.375647,-119.763312
3DD.003D937AA2,Starr Boat Launch,9/3/2020,2020,47.983552,-119.887492
3DD.003D937AA3,Starr Boat Launch,9/3/2020,2020,47.983552,-119.887492
3DD.003D937AA4,Starr Boat Launch,8/27/2020,2020,47.983552,-119.887492
3DD.003D937AA5,Starr Boat Launch,8/27/2020,2020,47.983552,-119.887492
3DD.003D937AA6,Starr Boat Launch,8/27/2020,2020,47.983552,-119.887492
3DD.003D937AA7,Starr Boat Launch,9/3/2020,2020,47.983552,-119.887492
3DD.003D937AA8,Starr Boat Launch,9/3/2020,2020,47.983552,-119.887492
3DD.003D937AA9,Omak Creek,9/3/2020,2020,48.353831,-119.288554
3DD.003D937AAA,Starr Boat Launch,8/27/2020,2020,47.983552,-119.887492
3DD.003D937AAB,Loup Loup Creek,9/10/2020,2020,48.375647,-119.763312
3DD.003D937AAC,Starr Boat Launch,8/27/2020,2020,47.983552,-119.887492
3DD.003D937AAD,Omak Creek,9/3/2020,2020,48.353831,-119.288554
3DD.003D937AAE,Starr Boat Launch,8/27/2020,2020,47.983552,-119.887492
3DD.003D937AAF,Starr Boat Launch,9/3/2020,2020,47.983552,-119.887492
3DD.003D937AB0,Starr Boat Launch,9/10/2020,2020,47.983552,-119.887492
3DD.003D937C41,Similkameen River,8/10/2023,2023,48.98607,-119.613005
3DD.003D937C42,Similkameen River,8/10/2023,2023,48.98607,-119.613005
3DD.003D937C43,Starr Boat Launch,8/3/2023,2023,47.983552,-119.887492
3DD.003D937C44,Starr Boat Launch,8/10/2023,2023,47.983552,-119.887492
3DD.003D937C45,Similkameen River,8/10/2023,2023,48.98607,-119.613005
3DD.003D937C46,Starr Boat Launch,8/3/2023,2023,47.983552,-119.887492
3DD.003D937C47,Similkameen River,8/10/2023,2023,48.98607,-119.613005
3DD.003D937C48,Similkameen River,8/10/2023,2023,48.98607,-119.613005
3DD.003D937C49,Starr Boat Launch,8/10/2023,2023,47.983552,-119.887492
3DD.003D937C4A,Similkameen River,8/10/2023,2023,48.98607,-119.613005
3DD.003D937C4B,Similkameen River,8/10/2023,2023,48.98607,-119.613005
3DD.003D937C4C,Similkameen River,8/10/2023,2023,48.98607,-119.613005
3DD.003D937C4E,Starr Boat Launch,8/10/2023,2023,47.983552,-119.887492
3DD.003D937C4F,Similkameen River,8/10/2023,2023,48.98607,-119.613005
3DD.003D937C50,Starr Boat Launch,8/10/2023,2023,47.983552,-119.887492
3DD.003D937C51,Similkameen River,8/10/2023,2023,48.98607,-119.613005
3DD.003D937C52,Starr Boat Launch,8/3/2023,2023,47.983552,-119.887492
3DD.003D937C53,Similkameen River,8/10/2023,2023,48.98607,-119.613005
3DD.003D937C54,Similkameen River,8/10/2023,2023,48.98607,-119.613005
3DD.003D937C56,Starr Boat Launch,8/10/2023,2023,47.983552,-119.887492
3DD.003D937C57,Starr Boat Launch,8/3/2023,2023,47.983552,-119.887492
3DD.003D937C58,Similkameen River,8/10/2023,2023,48.98607,-119.613005
3DD.003D937C59,Starr Boat Launch,8/10/2023,2023,47.983552,-119.887492
3DD.003D937C5A,Similkameen River,8/10/2023,2023,48.98607,-119.613005
3DD.003D937C5B,Similkameen River,8/10/2023,2023,48.98607,-119.613005
3DD.003D937C5C,Similkameen River,8/10/2023,2023,48.98607,-119.613005
3DD.003D937C5D,Similkameen River,8/10/2023,2023,48.98607,-119.613005
3DD.003D937C5E,Similkameen River,8/10/2023,2023,48.98607,-119.613005
3DD.003D937C5F,Starr Boat Launch,8/10/2023,2023,47.983552,-119.887492
3DD.003D937C61,Similkameen River,8/10/2023,2023,48.98607,-119.613005
3DD.003D937C62,Starr Boat Launch,8/10/2023,2023,47.983552,-119.887492
3DD.003D937C63,Similkameen River,8/10/2023,2023,48.98607,-119.613005
3DD.003D937C64,Similkameen River,8/10/2023,2023,48.98607,-119.613005
3DD.003D937C66,Starr Boat Launch,8/10/2023,2023,47.983552,-119.887492
3DD.003D937C68,Similkameen River,8/10/2023,2023,48.98607,-119.613005
3DD.003D937C69,Similkameen River,8/10/2023,2023,48.98607,-119.613005
3DD.003D937C6A,Starr Boat Launch,8/10/2023,2023,47.983552,-119.887492
3DD.003D937C6B,Similkameen River,8/10/2023,2023,48.98607,-119.613005
3DD.003D937C6C,Similkameen River,8/10/2023,2023,48.98607,-119.613005
3DD.003D937C6D,Similkameen River,8/10/2023,2023,48.98607,-119.613005
3DD.003D937C6E,Similkameen River,8/10/2023,2023,48.98607,-119.613005
3DD.003D937C6F,Similkameen River,8/10/2023,2023,48.98607,-119.613005
3DD.003D937C70,Similkameen River,8/10/2023,2023,48.98607,-119.613005
3DD.003D937C71,Starr Boat Launch,8/10/2023,2023,47.983552,-119.887492
3DD.003D937C72,Starr Boat Launch,8/10/2023,2023,47.983552,-119.887492
3DD.003D937C73,Similkameen River,8/10/2023,2023,48.98607,-119.613005
3DD.003D937C74,Starr Boat Launch,8/10/2023,2023,47.983552,-119.887492
3DD.003D937C75,Similkameen River,8/10/2023,2023,48.98607,-119.613005
3DD.003D937C76,Starr Boat Launch,8/10/2023,2023,47.983552,-119.887492
3DD.003D937C77,Similkameen River,8/10/2023,2023,48.98607,-119.613005
3DD.003D937C78,Starr Boat Launch,8/3/2023,2023,47.983552,-119.887492
3DD.003D937C79,Similkameen River,8/10/2023,2023,48.98607,-119.613005
3DD.003D937C7A,Starr Boat Launch,8/3/2023,2023,47.983552,-119.887492
3DD.003D937C7B,Similkameen River,8/10/2023,2023,48.98607,-119.613005
3DD.003D937C7C,Starr Boat Launch,8/10/2023,2023,47.983552,-119.887492
3DD.003D937C7E,Similkameen River,8/10/2023,2023,48.98607,-119.613005
3DD.003D937C7F,Starr Boat Launch,8/10/2023,2023,47.983552,-119.887492
3DD.003D937C80,Starr Boat Launch,8/3/2023,2023,47.983552,-119.887492
3DD.003D937C81,Similkameen River,8/10/2023,2023,48.98607,-119.613005
3DD.003D937C82,Starr Boat Launch,8/10/2023,2023,47.983552,-119.887492
3DD.003D937C83,Starr Boat Launch,8/10/2023,2023,47.983552,-119.887492
3DD.003D937C84,Starr Boat Launch,8/10/2023,2023,47.983552,-119.887492
3DD.003D937C85,Starr Boat Launch,8/10/2023,2023,47.983552,-119.887492
3DD.003D937C86,Similkameen River,8/10/2023,2023,48.98607,-119.613005
3DD.003D937C87,Starr Boat Launch,8/10/2023,2023,47.983552,-119.887492
3DD.003D937C88,Starr Boat Launch,8/10/2023,2023,47.983552,-119.887492
3DD.003D937C89,Similkameen River,8/10/2023,2023,48.98607,-119.613005
3DD.003D937C8A,Similkameen River,8/10/2023,2023,48.98607,-119.613005
3DD.003D937C8B,Starr Boat Launch,8/10/2023,2023,47.983552,-119.887492
3DD.003D937C8C,Starr Boat Launch,8/10/2023,2023,47.983552,-119.887492
3DD.003D937C8D,Starr Boat Launch,8/10/2023,2023,47.983552,-119.887492
3DD.003D937C8E,Similkameen River,8/10/2023,2023,48.98607,-119.613005
3DD.003D937C8F,Similkameen River,8/10/2023,2023,48.98607,-119.613005
3DD.003D937C90,Similkameen River,8/10/2023,2023,48.98607,-119.613005
3DD.003D937C91,Starr Boat Launch,8/10/2023,2023,47.983552,-119.887492
3DD.003D937C92,Similkameen River,8/10/2023,2023,48.98607,-119.613005
3DD.003D937C93,Starr Boat Launch,8/3/2023,2023,47.983552,-119.887492
3DD.003D937C94,Similkameen River,8/10/2023,2023,48.98607,-119.613005
3DD.003D937C95,Starr Boat Launch,8/10/2023,2023,47.983552,-119.887492
3DD.003D937C96,Similkameen River,8/10/2023,2023,48.98607,-119.613005
3DD.003D937C99,Similkameen River,8/10/2023,2023,48.98607,-119.613005
3DD.003D937C9A,Starr Boat Launch,8/10/2023,2023,47.983552,-119.887492
3DD.003D937C9B,Starr Boat Launch,8/10/2023,2023,47.983552,-119.887492
3DD.003D937C9C,Starr Boat Launch,8/10/2023,2023,47.983552,-119.887492
3DD.003D937C9D,Similkameen River,8/10/2023,2023,48.98607,-119.613005
3DD.003D937C9E,Similkameen River,8/10/2023,2023,48.98607,-119.613005
3DD.003D937C9F,Similkameen River,8/10/2023,2023,48.98607,-119.613005
3DD.003D937CA0,Similkameen River,8/10/2023,2023,48.98607,-119.613005
3DD.003D937CA1,Similkameen River,8/10/2023,2023,48.98607,-119.613005
3DD.003D937CA2,Starr Boat Launch,8/10/2023,2023,47.983552,-119.887492
3DD.003D937CA4,Starr Boat Launch,8/10/2023,2023,47.983552,-119.887492
3DD.003D937CA5,Starr Boat Launch,8/5/2021,2021,47.983552,-119.887492
3DD.003D937CA6,Starr Boat Launch,8/5/2021,2021,47.983552,-119.887492
3DD.003D937CA7,Starr Boat Launch,8/5/2021,2021,47.983552,-119.887492
3DD.003D937CA8,Starr Boat Launch,8/5/2021,2021,47.983552,-119.887492
3DD.003D937CA9,Starr Boat Launch,8/5/2021,2021,47.983552,-119.887492
3DD.003D937CAA,Starr Boat Launch,8/5/2021,2021,47.983552,-119.887492
3DD.003D937CAB,Salmon Creek,8/12/2021,2021,48.446022,-119.666279
3DD.003D937CAD,Starr Boat Launch,8/5/2021,2021,47.983552,-119.887492
3DD.003D937CAE,Starr Boat Launch,8/5/2021,2021,47.983552,-119.887492
3DD.003D937CAF,Salmon Creek,8/12/2021,2021,48.446022,-119.666279
3DD.003D937CB0,Starr Boat Launch,8/5/2021,2021,47.983552,-119.887492
3DD.003D937CB1,Starr Boat Launch,8/5/2021,2021,47.983552,-119.887492
3DD.003D937CB2,Starr Boat Launch,8/5/2021,2021,47.983552,-119.887492
3DD.003D937CB3,Starr Boat Launch,8/5/2021,2021,47.983552,-119.887492
3DD.003D937CB4,Starr Boat Launch,8/5/2021,2021,47.983552,-119.887492
3DD.003D937CB5,Starr Boat Launch,8/5/2021,2021,47.983552,-119.887492
3DD.003D937CB6,Starr Boat Launch,8/5/2021,2021,47.983552,-119.887492
3DD.003D937CB7,Starr Boat Launch,8/5/2021,2021,47.983552,-119.887492
3DD.003D937CB8,Starr Boat Launch,8/5/2021,2021,47.983552,-119.887492
3DD.003D937CB9,Starr Boat Launch,8/5/2021,2021,47.983552,-119.887492
3DD.003D937CBA,Starr Boat Launch,8/5/2021,2021,47.983552,-119.887492
3DD.003D937CBB,Starr Boat Launch,8/5/2021,2021,47.983552,-119.887492
3DD.003D937CBC,Starr Boat Launch,8/5/2021,2021,47.983552,-119.887492
3DD.003D937CBD,Starr Boat Launch,8/5/2021,2021,47.983552,-119.887492
3DD.003D937CBE,Starr Boat Launch,8/5/2021,2021,47.983552,-119.887492
3DD.003D937CBF,Starr Boat Launch,8/5/2021,2021,47.983552,-119.887492
3DD.003D937CC0,Starr Boat Launch,8/5/2021,2021,47.983552,-119.887492
3DD.003D937CC1,Starr Boat Launch,8/5/2021,2021,47.983552,-119.887492
3DD.003D937CC2,Starr Boat Launch,8/5/2021,2021,47.983552,-119.887492
3DD.003D937CC3,Starr Boat Launch,8/5/2021,2021,47.983552,-119.887492
3DD.003D937CC4,Starr Boat Launch,8/5/2021,2021,47.983552,-119.887492
3DD.003D937CC5,Starr Boat Launch,8/5/2021,2021,47.983552,-119.887492
3DD.003D937CC6,Starr Boat Launch,8/5/2021,2021,47.983552,-119.887492
3DD.003D937CC7,Starr Boat Launch,8/5/2021,2021,47.983552,-119.887492
3DD.003D937CC8,Starr Boat Launch,8/5/2021,2021,47.983552,-119.887492
3DD.003D937CC9,Starr Boat Launch,8/5/2021,2021,47.983552,-119.887492
3DD.003D937CCA,Starr Boat Launch,8/5/2021,2021,47.983552,-119.887492
3DD.003D937CCB,Starr Boat Launch,8/5/2021,2021,47.983552,-119.887492
3DD.003D937CCC,Starr Boat Launch,8/5/2021,2021,47.983552,-119.887492
3DD.003D937CCD,Starr Boat Launch,8/5/2021,2021,47.983552,-119.887492
3DD.003D937CCE,Starr Boat Launch,8/5/2021,2021,47.983552,-119.887492
3DD.003D937CCF,Starr Boat Launch,8/5/2021,2021,47.983552,-119.887492
3DD.003D937CD0,Starr Boat Launch,8/5/2021,2021,47.983552,-119.887492
3DD.003D937CD1,Starr Boat Launch,8/5/2021,2021,47.983552,-119.887492
3DD.003D937CD2,Starr Boat Launch,8/5/2021,2021,47.983552,-119.887492
3DD.003D937CD3,Starr Boat Launch,8/5/2021,2021,47.983552,-119.887492
3DD.003D937CD4,Starr Boat Launch,8/5/2021,2021,47.983552,-119.887492
3DD.003D937CD5,Starr Boat Launch,8/5/2021,2021,47.983552,-119.887492
3DD.003D937CD6,Starr Boat Launch,8/5/2021,2021,47.983552,-119.887492
3DD.003D937CD7,Starr Boat Launch,8/5/2021,2021,47.983552,-119.887492
3DD.003D937CD8,Starr Boat Launch,8/5/2021,2021,47.983552,-119.887492
3DD.003D937CD9,Starr Boat Launch,8/5/2021,2021,47.983552,-119.887492
3DD.003D937CDA,Starr Boat Launch,8/5/2021,2021,47.983552,-119.887492
3DD.003D937CDB,Starr Boat Launch,8/5/2021,2021,47.983552,-119.887492
3DD.003D937CDC,Starr Boat Launch,8/5/2021,2021,47.983552,-119.887492
3DD.003D937CDD,Starr Boat Launch,8/5/2021,2021,47.983552,-119.887492
3DD.003D937CDE,Salmon Creek,8/12/2021,2021,48.446022,-119.666279
3DD.003D937CDF,Starr Boat Launch,8/5/2021,2021,47.983552,-119.887492
3DD.003D937CE0,Salmon Creek,8/12/2021,2021,48.446022,-119.666279
3DD.003D937CE1,Starr Boat Launch,8/5/2021,2021,47.983552,-119.887492
3DD.003D937CE2,Starr Boat Launch,8/5/2021,2021,47.983552,-119.887492
3DD.003D937CE3,Starr Boat Launch,8/5/2021,2021,47.983552,-119.887492
3DD.003D937CE4,Starr Boat Launch,8/5/2021,2021,47.983552,-119.887492
3DD.003D937CE5,Starr Boat Launch,8/5/2021,2021,47.983552,-119.887492
3DD.003D937CE6,Starr Boat Launch,8/5/2021,2021,47.983552,-119.887492
3DD.003D937CE7,Starr Boat Launch,8/5/2021,2021,47.983552,-119.887492
3DD.003D937CE8,Starr Boat Launch,8/5/2021,2021,47.983552,-119.887492
3DD.003D937CE9,Starr Boat Launch,8/5/2021,2021,47.983552,-119.887492
3DD.003D937CEA,Starr Boat Launch,8/5/2021,2021,47.983552,-119.887492
3DD.003D937CEB,Starr Boat Launch,8/5/2021,2021,47.983552,-119.887492
3DD.003D937CEC,Starr Boat Launch,8/5/2021,2021,47.983552,-119.887492
3DD.003D937CED,Starr Boat Launch,8/5/2021,2021,47.983552,-119.887492
3DD.003D937CEE,Starr Boat Launch,8/5/2021,2021,47.983552,-119.887492
3DD.003D937CEF,Starr Boat Launch,8/5/2021,2021,47.983552,-119.887492
3DD.003D937CF0,Starr Boat Launch,8/5/2021,2021,47.983552,-119.887492
3DD.003D937CF1,Salmon Creek,8/12/2021,2021,48.446022,-119.666279
3DD.003D937CF2,Starr Boat Launch,8/5/2021,2021,47.983552,-119.887492
3DD.003D937CF3,Starr Boat Launch,8/5/2021,2021,47.983552,-119.887492
3DD.003D937CF4,Starr Boat Launch,8/5/2021,2021,47.983552,-119.887492
3DD.003D937CF5,Starr Boat Launch,8/5/2021,2021,47.983552,-119.887492
3DD.003D937CF7,Starr Boat Launch,8/5/2021,2021,47.983552,-119.887492
3DD.003D937CF8,Starr Boat Launch,8/5/2021,2021,47.983552,-119.887492
3DD.003D937CF9,Starr Boat Launch,8/5/2021,2021,47.983552,-119.887492
3DD.003D937CFA,Starr Boat Launch,8/5/2021,2021,47.983552,-119.887492
3DD.003D937CFB,Starr Boat Launch,8/5/2021,2021,47.983552,-119.887492
3DD.003D937CFC,Starr Boat Launch,8/5/2021,2021,47.983552,-119.887492
3DD.003D937CFD,Starr Boat Launch,8/5/2021,2021,47.983552,-119.887492
3DD.003D937CFE,Starr Boat Launch,8/5/2021,2021,47.983552,-119.887492
3DD.003D937CFF,Starr Boat Launch,8/5/2021,2021,47.983552,-119.887492
3DD.003D937D00,Starr Boat Launch,8/5/2021,2021,47.983552,-119.887492
3DD.003D937D01,Starr Boat Launch,8/5/2021,2021,47.983552,-119.887492
3DD.003D937D02,Salmon Creek,8/12/2021,2021,48.446022,-119.666279
3DD.003D937D03,Starr Boat Launch,8/5/2021,2021,47.983552,-119.887492
3DD.003D937D04,Starr Boat Launch,8/5/2021,2021,47.983552,-119.887492
3DD.003D937D05,Starr Boat Launch,8/5/2021,2021,47.983552,-119.887492
3DD.003D937D06,Starr Boat Launch,8/5/2021,2021,47.983552,-119.887492
3DD.003D937D07,Starr Boat Launch,8/5/2021,2021,47.983552,-119.887492
3DD.003D937D08,Starr Boat Launch,8/5/2021,2021,47.983552,-119.887492
3DD.003D980E59,Starr Boat Launch,7/22/2021,2021,47.983552,-119.887492
3DD.003D980E5A,Starr Boat Launch,7/22/2021,2021,47.983552,-119.887492
3DD.003D980E5B,Starr Boat Launch,7/22/2021,2021,47.983552,-119.887492
3DD.003D980E5C,Starr Boat Launch,7/22/2021,2021,47.983552,-119.887492
3DD.003D980E5D,Starr Boat Launch,7/22/2021,2021,47.983552,-119.887492
3DD.003D980E61,Starr Boat Launch,7/22/2021,2021,47.983552,-119.887492
3DD.003D980E63,Starr Boat Launch,7/22/2021,2021,47.983552,-119.887492
3DD.003D980E64,Starr Boat Launch,7/22/2021,2021,47.983552,-119.887492
3DD.003D980E65,Starr Boat Launch,7/22/2021,2021,47.983552,-119.887492
3DD.003D980E6A,Starr Boat Launch,7/22/2021,2021,47.983552,-119.887492
3DD.003D980E6B,Starr Boat Launch,7/22/2021,2021,47.983552,-119.887492
3DD.003D980E6C,Starr Boat Launch,7/22/2021,2021,47.983552,-119.887492
3DD.003D980E6F,Starr Boat Launch,7/22/2021,2021,47.983552,-119.887492
3DD.003D980E70,Starr Boat Launch,7/22/2021,2021,47.983552,-119.887492
3DD.003D980E73,Starr Boat Launch,7/22/2021,2021,47.983552,-119.887492
3DD.003D980E76,Starr Boat Launch,7/22/2021,2021,47.983552,-119.887492
3DD.003D980E77,Starr Boat Launch,7/22/2021,2021,47.983552,-119.887492
3DD.003D980E78,Starr Boat Launch,7/22/2021,2021,47.983552,-119.887492
3DD.003D980E79,Starr Boat Launch,7/22/2021,2021,47.983552,-119.887492
3DD.003D980E7C,Starr Boat Launch,7/22/2021,2021,47.983552,-119.887492
3DD.003D980E7D,Starr Boat Launch,7/22/2021,2021,47.983552,-119.887492
3DD.003D980E80,Starr Boat Launch,7/22/2021,2021,47.983552,-119.887492
3DD.003D980E82,Starr Boat Launch,7/22/2021,2021,47.983552,-119.887492
3DD.003D980E86,Starr Boat Launch,7/22/2021,2021,47.983552,-119.887492
3DD.003D980E8A,Starr Boat Launch,7/22/2021,2021,47.983552,-119.887492
3DD.003D980E8C,Starr Boat Launch,7/22/2021,2021,47.983552,-119.887492
3DD.003D980E8D,Starr Boat Launch,7/22/2021,2021,47.983552,-119.887492
3DD.003D980E8F,Starr Boat Launch,7/22/2021,2021,47.983552,-119.887492
3DD.003D980E91,Starr Boat Launch,7/22/2021,2021,47.983552,-119.887492
3DD.003D980E97,Starr Boat Launch,7/22/2021,2021,47.983552,-119.887492
3DD.003D980E99,Starr Boat Launch,7/22/2021,2021,47.983552,-119.887492
3DD.003D980E9A,Starr Boat Launch,7/22/2021,2021,47.983552,-119.887492
3DD.003D980E9B,Starr Boat Launch,7/22/2021,2021,47.983552,-119.887492
3DD.003D980E9C,Starr Boat Launch,7/22/2021,2021,47.983552,-119.887492
3DD.003D980E9D,Starr Boat Launch,7/22/2021,2021,47.983552,-119.887492
3DD.003D980EA0,Starr Boat Launch,7/22/2021,2021,47.983552,-119.887492
3DD.003D980EA3,Starr Boat Launch,7/22/2021,2021,47.983552,-119.887492
3DD.003D980EA8,Starr Boat Launch,7/22/2021,2021,47.983552,-119.887492
3DD.003D980EA9,Starr Boat Launch,7/22/2021,2021,47.983552,-119.887492
3DD.003D980EAC,Starr Boat Launch,7/22/2021,2021,47.983552,-119.887492
3DD.003D980EAF,Starr Boat Launch,7/22/2021,2021,47.983552,-119.887492
3DD.003D980EB1,Starr Boat Launch,7/22/2021,2021,47.983552,-119.887492
3DD.003D980EB3,Starr Boat Launch,7/22/2021,2021,47.983552,-119.887492
3DD.003D980EBA,Starr Boat Launch,7/22/2021,2021,47.983552,-119.887492
3DD.003D980EBB,Starr Boat Launch,7/29/2021,2021,47.983552,-119.887492
3DD.003D980EBC,Starr Boat Launch,7/29/2021,2021,47.983552,-119.887492
3DD.003D980EBD,Omak Creek,7/29/2021,2021,48.353831,-119.288554
3DD.003D980EBE,Starr Boat Launch,7/29/2021,2021,47.983552,-119.887492
3DD.003D980EBF,Omak Creek,7/29/2021,2021,48.353831,-119.288554
3DD.003D980EC0,Starr Boat Launch,7/29/2021,2021,47.983552,-119.887492
3DD.003D980EC1,Starr Boat Launch,7/29/2021,2021,47.983552,-119.887492
3DD.003D980EC2,Starr Boat Launch,8/5/2021,2021,47.983552,-119.887492
3DD.003D980EC3,Omak Creek,7/29/2021,2021,48.353831,-119.288554
3DD.003D980EC4,Starr Boat Launch,8/5/2021,2021,47.983552,-119.887492
3DD.003D980EC5,Starr Boat Launch,8/5/2021,2021,47.983552,-119.887492
3DD.003D980EC6,Starr Boat Launch,7/22/2021,2021,47.983552,-119.887492
3DD.003D980EC7,Omak Creek,7/29/2021,2021,48.353831,-119.288554
3DD.003D980EC8,Omak Creek,7/29/2021,2021,48.353831,-119.288554
3DD.003D980EC9,Starr Boat Launch,7/29/2021,2021,47.983552,-119.887492
3DD.003D980ECA,Omak Creek,7/29/2021,2021,48.353831,-119.288554
3DD.003D980ECB,Starr Boat Launch,7/29/2021,2021,47.983552,-119.887492
3DD.003D980ECC,Starr Boat Launch,7/29/2021,2021,47.983552,-119.887492
3DD.003D980ECD,Starr Boat Launch,7/29/2021,2021,47.983552,-119.887492
3DD.003D980ECE,Starr Boat Launch,7/22/2021,2021,47.983552,-119.887492
3DD.003D980ECF,Starr Boat Launch,8/5/2021,2021,47.983552,-119.887492
3DD.003D980ED0,Starr Boat Launch,8/5/2021,2021,47.983552,-119.887492
3DD.003D980ED1,Omak Creek,7/29/2021,2021,48.353831,-119.288554
3DD.003D980ED2,Starr Boat Launch,8/5/2021,2021,47.983552,-119.887492
3DD.003D980ED3,Starr Boat Launch,7/22/2021,2021,47.983552,-119.887492
3DD.003D980ED4,Omak Creek,7/29/2021,2021,48.353831,-119.288554
3DD.003D980ED5,Omak Creek,7/29/2021,2021,48.353831,-119.288554
3DD.003D980ED6,Omak Creek,7/29/2021,2021,48.353831,-119.288554
3DD.003D980ED7,Starr Boat Launch,8/5/2021,2021,47.983552,-119.887492
3DD.003D980ED8,Starr Boat Launch,7/29/2021,2021,47.983552,-119.887492
3DD.003D980ED9,Omak Creek,7/29/2021,2021,48.353831,-119.288554
3DD.003D980EDA,Starr Boat Launch,8/5/2021,2021,47.983552,-119.887492
3DD.003D980EDB,Starr Boat Launch,8/5/2021,2021,47.983552,-119.887492
3DD.003D980EDC,Starr Boat Launch,7/29/2021,2021,47.983552,-119.887492
3DD.003D980EDD,Starr Boat Launch,7/22/2021,2021,47.983552,-119.887492
3DD.003D980EDE,Starr Boat Launch,7/22/2021,2021,47.983552,-119.887492
3DD.003D980EDF,Starr Boat Launch,7/29/2021,2021,47.983552,-119.887492
3DD.003D980EE0,Starr Boat Launch,7/29/2021,2021,47.983552,-119.887492
3DD.003D980EE1,Starr Boat Launch,7/29/2021,2021,47.983552,-119.887492
3DD.003D980EE2,Starr Boat Launch,7/29/2021,2021,47.983552,-119.887492
3DD.003D980EE3,Starr Boat Launch,8/5/2021,2021,47.983552,-119.887492
3DD.003D980EE4,Starr Boat Launch,7/29/2021,2021,47.983552,-119.887492
3DD.003D980EE5,Starr Boat Launch,8/5/2021,2021,47.983552,-119.887492
3DD.003D980EE6,Starr Boat Launch,7/29/2021,2021,47.983552,-119.887492
3DD.003D980EE7,Starr Boat Launch,7/29/2021,2021,47.983552,-119.887492
3DD.003D980EE8,Omak Creek,7/29/2021,2021,48.353831,-119.288554
3DD.003D980EE9,Starr Boat Launch,7/29/2021,2021,47.983552,-119.887492
3DD.003D980EEA,Starr Boat Launch,7/22/2021,2021,47.983552,-119.887492
3DD.003D980EEB,Omak Creek,7/29/2021,2021,48.353831,-119.288554
3DD.003D980EEC,Starr Boat Launch,7/29/2021,2021,47.983552,-119.887492
3DD.003D980EED,Starr Boat Launch,8/5/2021,2021,47.983552,-119.887492
3DD.003D980EEE,Omak Creek,7/29/2021,2021,48.353831,-119.288554
3DD.003D980EEF,Starr Boat Launch,7/22/2021,2021,47.983552,-119.887492
3DD.003D980EF0,Starr Boat Launch,7/29/2021,2021,47.983552,-119.887492
3DD.003D980EF1,Omak Creek,7/29/2021,2021,48.353831,-119.288554
3DD.003D980EF2,Starr Boat Launch,7/22/2021,2021,47.983552,-119.887492
3DD.003D980EF3,Starr Boat Launch,8/5/2021,2021,47.983552,-119.887492
3DD.003D980EF4,Starr Boat Launch,7/29/2021,2021,47.983552,-119.887492
3DD.003D980EF6,Starr Boat Launch,7/22/2021,2021,47.983552,-119.887492
3DD.003D980EF7,Omak Creek,7/29/2021,2021,48.353831,-119.288554
3DD.003D980EF8,Omak Creek,7/29/2021,2021,48.353831,-119.288554
3DD.003D980EF9,Omak Creek,7/29/2021,2021,48.353831,-119.288554
3DD.003D980EFA,Omak Creek,7/29/2021,2021,48.353831,-119.288554
3DD.003D980EFB,Starr Boat Launch,7/22/2021,2021,47.983552,-119.887492
3DD.003D980EFC,Omak Creek,7/29/2021,2021,48.353831,-119.288554
3DD.003D980EFD,Starr Boat Launch,8/5/2021,2021,47.983552,-119.887492
3DD.003D980EFE,Starr Boat Launch,8/5/2021,2021,47.983552,-119.887492
3DD.003D980EFF,Omak Creek,7/29/2021,2021,48.353831,-119.288554
3DD.003D980F00,Omak Creek,7/29/2021,2021,48.353831,-119.288554
3DD.003D980F01,Starr Boat Launch,8/5/2021,2021,47.983552,-119.887492
3DD.003D980F02,Starr Boat Launch,7/29/2021,2021,47.983552,-119.887492
3DD.003D980F03,Starr Boat Launch,7/29/2021,2021,47.983552,-119.887492
3DD.003D980F04,Starr Boat Launch,7/29/2021,2021,47.983552,-119.887492
3DD.003D980F05,Starr Boat Launch,7/29/2021,2021,47.983552,-119.887492
3DD.003D980F06,Omak Creek,7/29/2021,2021,48.353831,-119.288554
3DD.003D980F07,Starr Boat Launch,7/29/2021,2021,47.983552,-119.887492
3DD.003D980F08,Omak Creek,7/29/2021,2021,48.353831,-119.288554
3DD.003D980F09,Starr Boat Launch,8/5/2021,2021,47.983552,-119.887492
3DD.003D980F0A,Starr Boat Launch,7/29/2021,2021,47.983552,-119.887492
3DD.003D980F0B,Starr Boat Launch,7/29/2021,2021,47.983552,-119.887492
3DD.003D980F0C,Starr Boat Launch,7/29/2021,2021,47.983552,-119.887492
3DD.003D980F0D,Omak Creek,7/29/2021,2021,48.353831,-119.288554
3DD.003D980F0E,Omak Creek,7/29/2021,2021,48.353831,-119.288554
3DD.003D980F0F,Starr Boat Launch,8/5/2021,2021,47.983552,-119.887492
3DD.003D980F10,Omak Creek,7/29/2021,2021,48.353831,-119.288554
3DD.003D980F11,Omak Creek,7/29/2021,2021,48.353831,-119.288554
3DD.003D980F12,Omak Creek,7/29/2021,2021,48.353831,-119.288554
3DD.003D980F13,Starr Boat Launch,7/29/2021,2021,47.983552,-119.887492
3DD.003D980F14,Starr Boat Launch,8/5/2021,2021,47.983552,-119.887492
3DD.003D980F15,Starr Boat Launch,7/29/2021,2021,47.983552,-119.887492
3DD.003D980F16,Starr Boat Launch,7/29/2021,2021,47.983552,-119.887492
3DD.003D980F17,Omak Creek,7/29/2021,2021,48.353831,-119.288554
3DD.003D980F18,Starr Boat Launch,7/22/2021,2021,47.983552,-119.887492
3DD.003D980F19,Starr Boat Launch,8/5/2021,2021,47.983552,-119.887492
3DD.003D980F1A,Starr Boat Launch,7/29/2021,2021,47.983552,-119.887492
3DD.003D980F1B,Starr Boat Launch,7/22/2021,2021,47.983552,-119.887492
3DD.003D980F1C,Omak Creek,7/29/2021,2021,48.353831,-119.288554
3DD.003D980F1D,Starr Boat Launch,7/29/2021,2021,47.983552,-119.887492
3DD.003D980F1E,Starr Boat Launch,8/5/2021,2021,47.983552,-119.887492
3DD.003D98104B,Similkameen River,8/19/2021,2021,48.98607,-119.613005
3DD.003D98104C,Starr Boat Launch,8/12/2021,2021,47.983552,-119.887492
3DD.003D98104D,Starr Boat Launch,8/12/2021,2021,47.983552,-119.887492
3DD.003D98104E,Salmon Creek,8/12/2021,2021,48.446022,-119.666279
3DD.003D98104F,Similkameen River,8/19/2021,2021,48.98607,-119.613005
3DD.003D981050,Salmon Creek,8/12/2021,2021,48.446022,-119.666279
3DD.003D981051,Starr Boat Launch,8/12/2021,2021,47.983552,-119.887492
3DD.003D981052,Starr Boat Launch,8/12/2021,2021,47.983552,-119.887492
3DD.003D981053,Starr Boat Launch,8/12/2021,2021,47.983552,-119.887492
3DD.003D981054,Salmon Creek,8/12/2021,2021,48.446022,-119.666279
3DD.003D981055,Starr Boat Launch,8/12/2021,2021,47.983552,-119.887492
3DD.003D981056,Starr Boat Launch,8/12/2021,2021,47.983552,-119.887492
3DD.003D981057,Starr Boat Launch,8/12/2021,2021,47.983552,-119.887492
3DD.003D981058,Starr Boat Launch,8/12/2021,2021,47.983552,-119.887492
3DD.003D981059,Salmon Creek,8/12/2021,2021,48.446022,-119.666279
3DD.003D98105A,Starr Boat Launch,8/12/2021,2021,47.983552,-119.887492
3DD.003D98105B,Salmon Creek,8/12/2021,2021,48.446022,-119.666279
3DD.003D98105C,Salmon Creek,8/12/2021,2021,48.446022,-119.666279
3DD.003D98105D,Starr Boat Launch,8/12/2021,2021,47.983552,-119.887492
3DD.003D98105E,Starr Boat Launch,8/12/2021,2021,47.983552,-119.887492
3DD.003D98105F,Starr Boat Launch,8/12/2021,2021,47.983552,-119.887492
3DD.003D981060,Similkameen River,8/19/2021,2021,48.98607,-119.613005
3DD.003D981061,Starr Boat Launch,8/12/2021,2021,47.983552,-119.887492
3DD.003D981062,Similkameen River,8/19/2021,2021,48.98607,-119.613005
3DD.003D981063,Similkameen River,8/19/2021,2021,48.98607,-119.613005
3DD.003D981064,Starr Boat Launch,8/12/2021,2021,47.983552,-119.887492
3DD.003D981065,Salmon Creek,8/12/2021,2021,48.446022,-119.666279
3DD.003D981066,Starr Boat Launch,8/12/2021,2021,47.983552,-119.887492
3DD.003D981067,Salmon Creek,8/12/2021,2021,48.446022,-119.666279
3DD.003D981068,Starr Boat Launch,8/12/2021,2021,47.983552,-119.887492
3DD.003D981069,Similkameen River,8/19/2021,2021,48.98607,-119.613005
3DD.003D98106A,Starr Boat Launch,8/12/2021,2021,47.983552,-119.887492
3DD.003D98106B,Salmon Creek,8/12/2021,2021,48.446022,-119.666279
3DD.003D98106C,Starr Boat Launch,8/12/2021,2021,47.983552,-119.887492
3DD.003D98106D,Salmon Creek,8/12/2021,2021,48.446022,-119.666279
3DD.003D98106E,Similkameen River,8/19/2021,2021,48.98607,-119.613005
3DD.003D98106F,Starr Boat Launch,8/12/2021,2021,47.983552,-119.887492
3DD.003D981070,Starr Boat Launch,8/12/2021,2021,47.983552,-119.887492
3DD.003D981071,Starr Boat Launch,8/12/2021,2021,47.983552,-119.887492
3DD.003D981072,Salmon Creek,8/12/2021,2021,48.446022,-119.666279
3DD.003D981073,Starr Boat Launch,8/12/2021,2021,47.983552,-119.887492
3DD.003D981074,Similkameen River,8/19/2021,2021,48.98607,-119.613005
3DD.003D981075,Starr Boat Launch,8/12/2021,2021,47.983552,-119.887492
3DD.003D981076,Salmon Creek,8/12/2021,2021,48.446022,-119.666279
3DD.003D981077,Starr Boat Launch,8/12/2021,2021,47.983552,-119.887492
3DD.003D981078,Similkameen River,8/19/2021,2021,48.98607,-119.613005
3DD.003D981079,Similkameen River,8/19/2021,2021,48.98607,-119.613005
3DD.003D98107A,Salmon Creek,8/12/2021,2021,48.446022,-119.666279
3DD.003D98107B,Starr Boat Launch,8/12/2021,2021,47.983552,-119.887492
3DD.003D98107C,Salmon Creek,8/12/2021,2021,48.446022,-119.666279
3DD.003D98107D,Starr Boat Launch,8/12/2021,2021,47.983552,-119.887492
3DD.003D98107E,Starr Boat Launch,8/12/2021,2021,47.983552,-119.887492
3DD.003D98107F,Salmon Creek,8/12/2021,2021,48.446022,-119.666279
3DD.003D981080,Starr Boat Launch,8/12/2021,2021,47.983552,-119.887492
3DD.003D981081,Similkameen River,8/19/2021,2021,48.98607,-119.613005
3DD.003D981082,Starr Boat Launch,8/12/2021,2021,47.983552,-119.887492
3DD.003D981083,Starr Boat Launch,8/12/2021,2021,47.983552,-119.887492
3DD.003D981084,Salmon Creek,8/12/2021,2021,48.446022,-119.666279
3DD.003D981085,Starr Boat Launch,8/12/2021,2021,47.983552,-119.887492
3DD.003D981086,Starr Boat Launch,8/12/2021,2021,47.983552,-119.887492
3DD.003D981087,Similkameen River,8/19/2021,2021,48.98607,-119.613005
3DD.003D981088,Starr Boat Launch,8/12/2021,2021,47.983552,-119.887492
3DD.003D981089,Salmon Creek,8/12/2021,2021,48.446022,-119.666279
3DD.003D98108A,Starr Boat Launch,8/12/2021,2021,47.983552,-119.887492
3DD.003D98108B,Salmon Creek,8/12/2021,2021,48.446022,-119.666279
3DD.003D98108C,Similkameen River,8/19/2021,2021,48.98607,-119.613005
3DD.003D98108D,Starr Boat Launch,8/12/2021,2021,47.983552,-119.887492
3DD.003D98108E,Starr Boat Launch,8/12/2021,2021,47.983552,-119.887492
3DD.003D98108F,Starr Boat Launch,8/12/2021,2021,47.983552,-119.887492
3DD.003D981090,Starr Boat Launch,8/12/2021,2021,47.983552,-119.887492
3DD.003D981091,Salmon Creek,8/12/2021,2021,48.446022,-119.666279
3DD.003D981092,Starr Boat Launch,8/12/2021,2021,47.983552,-119.887492
3DD.003D981093,Starr Boat Launch,8/12/2021,2021,47.983552,-119.887492
3DD.003D981094,Salmon Creek,8/12/2021,2021,48.446022,-119.666279
3DD.003D981095,Salmon Creek,8/12/2021,2021,48.446022,-119.666279
3DD.003D981096,Starr Boat Launch,8/12/2021,2021,47.983552,-119.887492
3DD.003D981097,Starr Boat Launch,8/12/2021,2021,47.983552,-119.887492
3DD.003D981098,Salmon Creek,8/12/2021,2021,48.446022,-119.666279
3DD.003D981099,Salmon Creek,8/12/2021,2021,48.446022,-119.666279
3DD.003D98109A,Similkameen River,8/19/2021,2021,48.98607,-119.613005
3DD.003D98109B,Salmon Creek,8/12/2021,2021,48.446022,-119.666279
3DD.003D98109C,Salmon Creek,8/12/2021,2021,48.446022,-119.666279
3DD.003D98109D,Starr Boat Launch,8/12/2021,2021,47.983552,-119.887492
3DD.003D98109E,Similkameen River,8/19/2021,2021,48.98607,-119.613005
3DD.003D98109F,Starr Boat Launch,8/12/2021,2021,47.983552,-119.887492
3DD.003D9810A0,Starr Boat Launch,8/12/2021,2021,47.983552,-119.887492
3DD.003D9810A1,Similkameen River,8/19/2021,2021,48.98607,-119.613005
3DD.003D9810A2,Similkameen River,8/19/2021,2021,48.98607,-119.613005
3DD.003D9810A3,Starr Boat Launch,8/12/2021,2021,47.983552,-119.887492
3DD.003D9810A4,Starr Boat Launch,8/12/2021,2021,47.983552,-119.887492
3DD.003D9810A5,Starr Boat Launch,8/12/2021,2021,47.983552,-119.887492
3DD.003D9810A6,Starr Boat Launch,8/12/2021,2021,47.983552,-119.887492
3DD.003D9810A7,Starr Boat Launch,8/12/2021,2021,47.983552,-119.887492
3DD.003D9810A8,Similkameen River,8/19/2021,2021,48.98607,-119.613005
3DD.003D9810A9,Starr Boat Launch,8/12/2021,2021,47.983552,-119.887492
3DD.003D9810AA,Starr Boat Launch,8/12/2021,2021,47.983552,-119.887492
3DD.003D9810AB,Salmon Creek,8/12/2021,2021,48.446022,-119.666279
3DD.003D9810AC,Starr Boat Launch,8/12/2021,2021,47.983552,-119.887492
3DD.003D9810AD,Starr Boat Launch,8/12/2021,2021,47.983552,-119.887492
3DD.003D9810AE,Starr Boat Launch,8/12/2021,2021,47.983552,-119.887492
3DD.003E215B52,Starr Boat Launch,8/15/2024,2024,47.983552,-119.887492
3DD.003E215B53,Starr Boat Launch,8/15/2024,2024,47.983552,-119.887492
3DD.003E215B54,Starr Boat Launch,8/15/2024,2024,47.983552,-119.887492
3DD.003E215B55,Starr Boat Launch,8/15/2024,2024,47.983552,-119.887492
3DD.003E215B57,Starr Boat Launch,8/15/2024,2024,47.983552,-119.887492
3DD.003E215B58,Starr Boat Launch,8/12/2024,2024,47.983552,-119.887492
3DD.003E215B5A,Starr Boat Launch,8/15/2024,2024,47.983552,-119.887492
3DD.003E215B5B,Starr Boat Launch,8/15/2024,2024,47.983552,-119.887492
3DD.003E215B5D,Starr Boat Launch,8/15/2024,2024,47.983552,-119.887492
3DD.003E215B5E,Starr Boat Launch,8/15/2024,2024,47.983552,-119.887492
3DD.003E215B60,Starr Boat Launch,8/15/2024,2024,47.983552,-119.887492
3DD.003E215B62,Starr Boat Launch,8/12/2024,2024,47.983552,-119.887492
3DD.003E215B63,Starr Boat Launch,8/15/2024,2024,47.983552,-119.887492
3DD.003E215B6A,Starr Boat Launch,8/15/2024,2024,47.983552,-119.887492
3DD.003E215B6C,Starr Boat Launch,8/12/2024,2024,47.983552,-119.887492
3DD.003E215B6D,Starr Boat Launch,8/12/2024,2024,47.983552,-119.887492
3DD.003E215B73,Starr Boat Launch,8/12/2024,2024,47.983552,-119.887492
3DD.003E215B75,Starr Boat Launch,8/8/2024,2024,47.983552,-119.887492
3DD.003E215B7A,Starr Boat Launch,8/15/2024,2024,47.983552,-119.887492
3DD.003E215B80,Starr Boat Launch,8/15/2024,2024,47.983552,-119.887492
3DD.003E215B82,Starr Boat Launch,8/15/2024,2024,47.983552,-119.887492
3DD.003E215B83,Starr Boat Launch,8/12/2024,2024,47.983552,-119.887492
3DD.003E215B84,Starr Boat Launch,8/15/2024,2024,47.983552,-119.887492
3DD.003E215B85,Starr Boat Launch,8/8/2024,2024,47.983552,-119.887492
3DD.003E215B86,Starr Boat Launch,8/15/2024,2024,47.983552,-119.887492
3DD.003E215B87,Starr Boat Launch,8/13/2024,2024,47.983552,-119.887492
3DD.003E215B99,Starr Boat Launch,8/12/2024,2024,47.983552,-119.887492
3DD.003E215B9F,Starr Boat Launch,8/15/2024,2024,47.983552,-119.887492
3DD.003E215BA4,Starr Boat Launch,8/15/2024,2024,47.983552,-119.887492
3DD.003E215BA5,Starr Boat Launch,8/12/2024,2024,47.983552,-119.887492
3DD.003E215BA7,Starr Boat Launch,8/12/2024,2024,47.983552,-119.887492
3DD.003E215BA8,Starr Boat Launch,8/8/2024,2024,47.983552,-119.887492
3DD.003E215BAC,Starr Boat Launch,8/15/2024,2024,47.983552,-119.887492
3DD.003E215BB3,Starr Boat Launch,8/15/2024,2024,47.983552,-119.887492
3DD.003E215BB4,Starr Boat Launch,8/13/2024,2024,47.983552,-119.887492
3DD.003E215C1A,Rocky Reach Forebay,8/5/2022,2022,47.542169,-120.293332
3DD.003E215C1B,Rocky Reach Forebay,8/5/2022,2022,47.542169,-120.293332
3DD.003E215C1C,Daroga State Park,8/5/2022,2022,47.711251,-120.208455
3DD.003E215C1D,Rocky Reach Forebay,8/5/2022,2022,47.542169,-120.293332
3DD.003E215C1E,Rocky Reach Forebay,8/12/2022,2022,47.542169,-120.293332
3DD.003E215C1F,Rocky Reach Forebay,8/5/2022,2022,47.542169,-120.293332
3DD.003E215C20,Rocky Reach Forebay,8/5/2022,2022,47.542169,-120.293332
3DD.003E215C21,Daroga State Park,8/12/2022,2022,47.711251,-120.208455
3DD.003E215C22,Rocky Reach Forebay,8/5/2022,2022,47.542169,-120.293332
3DD.003E215C23,Daroga State Park,8/12/2022,2022,47.711251,-120.208455
3DD.003E215C24,Rocky Reach Forebay,8/12/2022,2022,47.542169,-120.293332
3DD.003E215C25,Rocky Reach Forebay,8/5/2022,2022,47.542169,-120.293332
3DD.003E215C26,Rocky Reach Forebay,8/12/2022,2022,47.542169,-120.293332
3DD.003E215C27,Daroga State Park,8/5/2022,2022,47.711251,-120.208455
3DD.003E215C28,Rocky Reach Forebay,8/5/2022,2022,47.542169,-120.293332
3DD.003E215C29,Rocky Reach Forebay,8/5/2022,2022,47.542169,-120.293332
3DD.003E215C2A,Rocky Reach Forebay,8/12/2022,2022,47.542169,-120.293332
3DD.003E215C2B,Rocky Reach Forebay,8/5/2022,2022,47.542169,-120.293332
3DD.003E215C2C,Daroga State Park,8/12/2022,2022,47.711251,-120.208455
3DD.003E215C2D,Rocky Reach Forebay,8/12/2022,2022,47.542169,-120.293332
3DD.003E215C2E,Rocky Reach Forebay,8/5/2022,2022,47.542169,-120.293332
3DD.003E215C2F,Daroga State Park,8/12/2022,2022,47.711251,-120.208455
3DD.003E215C30,Rocky Reach Forebay,8/5/2022,2022,47.542169,-120.293332
3DD.003E215C31,Rocky Reach Forebay,8/5/2022,2022,47.542169,-120.293332
3DD.003E215C32,Rocky Reach Forebay,8/5/2022,2022,47.542169,-120.293332
3DD.003E215C33,Rocky Reach Forebay,8/12/2022,2022,47.542169,-120.293332
3DD.003E215C34,Daroga State Park,8/12/2022,2022,47.711251,-120.208455
3DD.003E215C35,Rocky Reach Forebay,8/5/2022,2022,47.542169,-120.293332
3DD.003E215C36,Rocky Reach Forebay,8/5/2022,2022,47.542169,-120.293332
3DD.003E215C37,Daroga State Park,8/5/2022,2022,47.711251,-120.208455
3DD.003E215C38,Rocky Reach Forebay,8/5/2022,2022,47.542169,-120.293332
3DD.003E215C39,Rocky Reach Forebay,8/12/2022,2022,47.542169,-120.293332
3DD.003E215C3A,Daroga State Park,8/12/2022,2022,47.711251,-120.208455
3DD.003E215C3B,Rocky Reach Forebay,8/12/2022,2022,47.542169,-120.293332
3DD.003E215C3C,Rocky Reach Forebay,8/12/2022,2022,47.542169,-120.293332
3DD.003E215C3D,Rocky Reach Forebay,8/5/2022,2022,47.542169,-120.293332
3DD.003E215C3E,Rocky Reach Forebay,8/5/2022,2022,47.542169,-120.293332
3DD.003E215C3F,Rocky Reach Forebay,8/5/2022,2022,47.542169,-120.293332
3DD.003E215C40,Rocky Reach Forebay,8/5/2022,2022,47.542169,-120.293332
3DD.003E215C41,Rocky Reach Forebay,8/5/2022,2022,47.542169,-120.293332
3DD.003E215C42,Rocky Reach Forebay,8/5/2022,2022,47.542169,-120.293332
3DD.003E215C43,Rocky Reach Forebay,8/5/2022,2022,47.542169,-120.293332
3DD.003E215C44,Daroga State Park,8/12/2022,2022,47.711251,-120.208455
3DD.003E215C45,Rocky Reach Forebay,8/5/2022,2022,47.542169,-120.293332
3DD.003E215C46,Daroga State Park,8/12/2022,2022,47.711251,-120.208455
3DD.003E215C47,Rocky Reach Forebay,8/5/2022,2022,47.542169,-120.293332
3DD.003E215C48,Rocky Reach Forebay,8/12/2022,2022,47.542169,-120.293332
3DD.003E215C49,Rocky Reach Forebay,8/5/2022,2022,47.542169,-120.293332
3DD.003E215C4A,Rocky Reach Forebay,8/5/2022,2022,47.542169,-120.293332
3DD.003E215C4B,Rocky Reach Forebay,8/5/2022,2022,47.542169,-120.293332
3DD.003E215C4C,Rocky Reach Forebay,8/5/2022,2022,47.542169,-120.293332
3DD.003E215C4D,Rocky Reach Forebay,8/5/2022,2022,47.542169,-120.293332
3DD.003E215C4E,Rocky Reach Forebay,8/5/2022,2022,47.542169,-120.293332
3DD.003E215C4F,Rocky Reach Forebay,8/5/2022,2022,47.542169,-120.293332
3DD.003E215C50,Rocky Reach Forebay,8/5/2022,2022,47.542169,-120.293332
3DD.003E215C51,Rocky Reach Forebay,8/5/2022,2022,47.542169,-120.293332
3DD.003E215C52,Rocky Reach Forebay,8/12/2022,2022,47.542169,-120.293332
3DD.003E215C53,Rocky Reach Forebay,8/5/2022,2022,47.542169,-120.293332
3DD.003E215C54,Daroga State Park,8/12/2022,2022,47.711251,-120.208455
3DD.003E215C55,Rocky Reach Forebay,8/5/2022,2022,47.542169,-120.293332
3DD.003E215C56,Daroga State Park,8/12/2022,2022,47.711251,-120.208455
3DD.003E215C57,Rocky Reach Forebay,8/5/2022,2022,47.542169,-120.293332
3DD.003E215C58,Rocky Reach Forebay,8/5/2022,2022,47.542169,-120.293332
3DD.003E215C59,Daroga State Park,8/12/2022,2022,47.711251,-120.208455
3DD.003E215C5A,Daroga State Park,8/12/2022,2022,47.711251,-120.208455
3DD.003E215C5B,Rocky Reach Forebay,8/5/2022,2022,47.542169,-120.293332
3DD.003E215C5C,Rocky Reach Forebay,8/5/2022,2022,47.542169,-120.293332
3DD.003E215C5D,Rocky Reach Forebay,8/5/2022,2022,47.542169,-120.293332
3DD.003E215C5E,Rocky Reach Forebay,8/5/2022,2022,47.542169,-120.293332
3DD.003E215C5F,Rocky Reach Forebay,8/5/2022,2022,47.542169,-120.293332
3DD.003E215C60,Rocky Reach Forebay,8/5/2022,2022,47.542169,-120.293332
3DD.003E215C61,Daroga State Park,8/12/2022,2022,47.711251,-120.208455
3DD.003E215C62,Rocky Reach Forebay,8/5/2022,2022,47.542169,-120.293332
3DD.003E215C63,Rocky Reach Forebay,8/5/2022,2022,47.542169,-120.293332
3DD.003E215C64,Rocky Reach Forebay,8/5/2022,2022,47.542169,-120.293332
3DD.003E215C65,Rocky Reach Forebay,8/5/2022,2022,47.542169,-120.293332
3DD.003E215C66,Daroga State Park,8/5/2022,2022,47.711251,-120.208455
3DD.003E215C67,Rocky Reach Forebay,8/5/2022,2022,47.542169,-120.293332
3DD.003E215C68,Daroga State Park,8/12/2022,2022,47.711251,-120.208455
3DD.003E215C69,Rocky Reach Forebay,8/5/2022,2022,47.542169,-120.293332
3DD.003E215C6A,Rocky Reach Forebay,8/12/2022,2022,47.542169,-120.293332
3DD.003E215C6B,Rocky Reach Forebay,8/5/2022,2022,47.542169,-120.293332
3DD.003E215C6C,Rocky Reach Forebay,8/5/2022,2022,47.542169,-120.293332
3DD.003E215C6D,Rocky Reach Forebay,8/5/2022,2022,47.542169,-120.293332
3DD.003E215C6E,Daroga State Park,8/12/2022,2022,47.711251,-120.208455
3DD.003E215C6F,Rocky Reach Forebay,8/5/2022,2022,47.542169,-120.293332
3DD.003E215C70,Rocky Reach Forebay,8/5/2022,2022,47.542169,-120.293332
3DD.003E215C71,Daroga State Park,8/12/2022,2022,47.711251,-120.208455
3DD.003E215C72,Rocky Reach Forebay,8/12/2022,2022,47.542169,-120.293332
3DD.003E215C73,Rocky Reach Forebay,8/12/2022,2022,47.542169,-120.293332
3DD.003E215C74,Rocky Reach Forebay,8/5/2022,2022,47.542169,-120.293332
3DD.003E215C75,Daroga State Park,8/12/2022,2022,47.711251,-120.208455
3DD.003E215C76,Rocky Reach Forebay,8/5/2022,2022,47.542169,-120.293332
3DD.003E215C77,Rocky Reach Forebay,8/12/2022,2022,47.542169,-120.293332
3DD.003E215C78,Daroga State Park,8/12/2022,2022,47.711251,-120.208455
3DD.003E215C79,Rocky Reach Forebay,8/5/2022,2022,47.542169,-120.293332
3DD.003E215C7A,Daroga State Park,8/12/2022,2022,47.711251,-120.208455
3DD.003E215C7B,Rocky Reach Forebay,8/12/2022,2022,47.542169,-120.293332
3DD.003E215C7C,Rocky Reach Forebay,8/5/2022,2022,47.542169,-120.293332
3DD.003E215C7D,Rocky Reach Forebay,8/5/2022,2022,47.542169,-120.293332
3DD.003E215D46,Daroga State Park,8/5/2022,2022,47.711251,-120.208455
3DD.003E215D47,Daroga State Park,8/5/2022,2022,47.711251,-120.208455
3DD.003E215D48,Rocky Reach Forebay,8/5/2022,2022,47.542169,-120.293332
3DD.003E215D49,Rocky Reach Forebay,8/5/2022,2022,47.542169,-120.293332
3DD.003E215D4A,Daroga State Park,8/5/2022,2022,47.711251,-120.208455
3DD.003E215D4B,Rocky Reach Forebay,8/5/2022,2022,47.542169,-120.293332
3DD.003E215D4C,Daroga State Park,8/5/2022,2022,47.711251,-120.208455
3DD.003E215D4D,Rocky Reach Forebay,8/5/2022,2022,47.542169,-120.293332
3DD.003E215D4E,Rocky Reach Forebay,8/5/2022,2022,47.542169,-120.293332
3DD.003E215D4F,Rocky Reach Forebay,8/5/2022,2022,47.542169,-120.293332
3DD.003E215D50,Daroga State Park,8/5/2022,2022,47.711251,-120.208455
3DD.003E215D51,Daroga State Park,8/5/2022,2022,47.711251,-120.208455
3DD.003E215D52,Daroga State Park,8/5/2022,2022,47.711251,-120.208455
3DD.003E215D53,Daroga State Park,8/5/2022,2022,47.711251,-120.208455
3DD.003E215D54,Rocky Reach Forebay,8/5/2022,2022,47.542169,-120.293332
3DD.003E215D55,Daroga State Park,8/5/2022,2022,47.711251,-120.208455
3DD.003E215D56,Daroga State Park,8/5/2022,2022,47.711251,-120.208455
3DD.003E215D57,Daroga State Park,8/5/2022,2022,47.711251,-120.208455
3DD.003E215D58,Rocky Reach Forebay,8/5/2022,2022,47.542169,-120.293332
3DD.003E215D59,Daroga State Park,8/5/2022,2022,47.711251,-120.208455
3DD.003E215D5A,Rocky Reach Forebay,8/5/2022,2022,47.542169,-120.293332
3DD.003E215D5B,Daroga State Park,8/5/2022,2022,47.711251,-120.208455
3DD.003E215D5C,Rocky Reach Forebay,8/5/2022,2022,47.542169,-120.293332
3DD.003E215D5D,Rocky Reach Forebay,8/5/2022,2022,47.542169,-120.293332
3DD.003E215D5E,Rocky Reach Forebay,8/5/2022,2022,47.542169,-120.293332
3DD.003E215D5F,Daroga State Park,8/5/2022,2022,47.711251,-120.208455
3DD.003E215D60,Daroga State Park,8/5/2022,2022,47.711251,-120.208455
3DD.003E215D61,Rocky Reach Forebay,8/5/2022,2022,47.542169,-120.293332
3DD.003E215D62,Rocky Reach Forebay,8/5/2022,2022,47.542169,-120.293332
3DD.003E215D63,Daroga State Park,8/5/2022,2022,47.711251,-120.208455
3DD.003E215D64,Rocky Reach Forebay,8/5/2022,2022,47.542169,-120.293332
3DD.003E215D65,Daroga State Park,8/5/2022,2022,47.711251,-120.208455
3DD.003E215D66,Daroga State Park,8/5/2022,2022,47.711251,-120.208455
3DD.003E215D67,Daroga State Park,8/5/2022,2022,47.711251,-120.208455
3DD.003E215D68,Rocky Reach Forebay,8/5/2022,2022,47.542169,-120.293332
3DD.003E215D69,Daroga State Park,8/5/2022,2022,47.711251,-120.208455
3DD.003E215D6A,Daroga State Park,8/5/2022,2022,47.711251,-120.208455
3DD.003E215D6B,Rocky Reach Forebay,8/5/2022,2022,47.542169,-120.293332
3DD.003E215D6C,Daroga State Park,8/5/2022,2022,47.711251,-120.208455
3DD.003E215D6D,Rocky Reach Forebay,8/5/2022,2022,47.542169,-120.293332
3DD.003E215D6E,Daroga State Park,8/5/2022,2022,47.711251,-120.208455
3DD.003E215D6F,Rocky Reach Forebay,8/5/2022,2022,47.542169,-120.293332
3DD.003E215D70,Daroga State Park,8/5/2022,2022,47.711251,-120.208455
3DD.003E215D71,Rocky Reach Forebay,8/5/2022,2022,47.542169,-120.293332
3DD.003E215D72,Rocky Reach Forebay,8/5/2022,2022,47.542169,-120.293332
3DD.003E215D73,Rocky Reach Forebay,8/5/2022,2022,47.542169,-120.293332
3DD.003E215D74,Daroga State Park,8/5/2022,2022,47.711251,-120.208455
3DD.003E215D75,Rocky Reach Forebay,8/5/2022,2022,47.542169,-120.293332
3DD.003E215D76,Rocky Reach Forebay,8/5/2022,2022,47.542169,-120.293332
3DD.003E215D77,Rocky Reach Forebay,8/5/2022,2022,47.542169,-120.293332
3DD.003E215D78,Daroga State Park,8/5/2022,2022,47.711251,-120.208455
3DD.003E215D79,Daroga State Park,8/5/2022,2022,47.711251,-120.208455
3DD.003E215D7A,Rocky Reach Forebay,8/5/2022,2022,47.542169,-120.293332
3DD.003E215D7B,Rocky Reach Forebay,8/5/2022,2022,47.542169,-120.293332
3DD.003E215D7C,Rocky Reach Forebay,8/5/2022,2022,47.542169,-120.293332
3DD.003E215D7D,Daroga State Park,8/5/2022,2022,47.711251,-120.208455
3DD.003E215D7E,Daroga State Park,8/5/2022,2022,47.711251,-120.208455
3DD.003E215D7F,Daroga State Park,8/5/2022,2022,47.711251,-120.208455
3DD.003E215D80,Daroga State Park,8/5/2022,2022,47.711251,-120.208455
3DD.003E215D81,Daroga State Park,8/5/2022,2022,47.711251,-120.208455
3DD.003E215D82,Rocky Reach Forebay,8/5/2022,2022,47.542169,-120.293332
3DD.003E215D83,Rocky Reach Forebay,8/5/2022,2022,47.542169,-120.293332
3DD.003E215D84,Daroga State Park,8/5/2022,2022,47.711251,-120.208455
3DD.003E215D85,Daroga State Park,8/5/2022,2022,47.711251,-120.208455
3DD.003E215D86,Rocky Reach Forebay,8/5/2022,2022,47.542169,-120.293332
3DD.003E215D87,Daroga State Park,8/5/2022,2022,47.711251,-120.208455
3DD.003E215D89,Daroga State Park,8/5/2022,2022,47.711251,-120.208455
3DD.003E215D8A,Daroga State Park,8/5/2022,2022,47.711251,-120.208455
3DD.003E215D8B,Daroga State Park,8/5/2022,2022,47.711251,-120.208455
3DD.003E215D8C,Daroga State Park,8/5/2022,2022,47.711251,-120.208455
3DD.003E215D8D,Daroga State Park,8/5/2022,2022,47.711251,-120.208455
3DD.003E215D8E,Rocky Reach Forebay,8/5/2022,2022,47.542169,-120.293332
3DD.003E215D90,Daroga State Park,8/5/2022,2022,47.711251,-120.208455
3DD.003E215D91,Rocky Reach Forebay,8/5/2022,2022,47.542169,-120.293332
3DD.003E215D92,Daroga State Park,8/5/2022,2022,47.711251,-120.208455
3DD.003E215D93,Rocky Reach Forebay,8/5/2022,2022,47.542169,-120.293332
3DD.003E215D94,Rocky Reach Forebay,8/5/2022,2022,47.542169,-120.293332
3DD.003E215D95,Rocky Reach Forebay,8/5/2022,2022,47.542169,-120.293332
3DD.003E215D96,Rocky Reach Forebay,8/5/2022,2022,47.542169,-120.293332
3DD.003E215D97,Rocky Reach Forebay,8/5/2022,2022,47.542169,-120.293332
3DD.003E215D98,Rocky Reach Forebay,8/5/2022,2022,47.542169,-120.293332
3DD.003E215D99,Rocky Reach Forebay,8/5/2022,2022,47.542169,-120.293332
3DD.003E215D9A,Daroga State Park,8/5/2022,2022,47.711251,-120.208455
3DD.003E215D9B,Daroga State Park,8/5/2022,2022,47.711251,-120.208455
3DD.003E215D9C,Rocky Reach Forebay,8/5/2022,2022,47.542169,-120.293332
3DD.003E215D9D,Rocky Reach Forebay,8/5/2022,2022,47.542169,-120.293332
3DD.003E215D9E,Daroga State Park,8/5/2022,2022,47.711251,-120.208455
3DD.003E215D9F,Rocky Reach Forebay,8/5/2022,2022,47.542169,-120.293332
3DD.003E215DA0,Daroga State Park,8/5/2022,2022,47.711251,-120.208455
3DD.003E215DA1,Rocky Reach Forebay,8/5/2022,2022,47.542169,-120.293332
3DD.003E215DA2,Rocky Reach Forebay,8/5/2022,2022,47.542169,-120.293332
3DD.003E215DA3,Rocky Reach Forebay,8/5/2022,2022,47.542169,-120.293332
3DD.003E215DA4,Daroga State Park,8/5/2022,2022,47.711251,-120.208455
3DD.003E215DA5,Rocky Reach Forebay,8/5/2022,2022,47.542169,-120.293332
3DD.003E215DA6,Daroga State Park,8/5/2022,2022,47.711251,-120.208455
3DD.003E215DA7,Daroga State Park,8/5/2022,2022,47.711251,-120.208455
3DD.003E215DA8,Daroga State Park,8/5/2022,2022,47.711251,-120.208455
3DD.003E215DA9,Rocky Reach Forebay,8/5/2022,2022,47.542169,-120.293332
3DD.003E215DAA,Rocky Reach Forebay,8/19/2022,2022,47.542169,-120.293332
3DD.003E215DAB,Rocky Reach Forebay,8/19/2022,2022,47.542169,-120.293332
3DD.003E215DAC,Rocky Reach Forebay,8/19/2022,2022,47.542169,-120.293332
3DD.003E215DAD,Rocky Reach Forebay,8/19/2022,2022,47.542169,-120.293332
3DD.003E215DAE,Rocky Reach Forebay,8/19/2022,2022,47.542169,-120.293332
3DD.003E215DAF,Rocky Reach Forebay,8/19/2022,2022,47.542169,-120.293332
3DD.003E215DB0,Rocky Reach Forebay,8/19/2022,2022,47.542169,-120.293332
3DD.003E215DB1,Rocky Reach Forebay,8/19/2022,2022,47.542169,-120.293332
3DD.003E215DB2,Rocky Reach Forebay,8/19/2022,2022,47.542169,-120.293332
3DD.003E215DB3,Rocky Reach Forebay,8/19/2022,2022,47.542169,-120.293332
3DD.003E215DB4,Rocky Reach Forebay,8/19/2022,2022,47.542169,-120.293332
3DD.003E215DB5,Rocky Reach Forebay,8/19/2022,2022,47.542169,-120.293332
3DD.003E215DB6,Rocky Reach Forebay,8/19/2022,2022,47.542169,-120.293332
3DD.003E215DB7,Rocky Reach Forebay,8/19/2022,2022,47.542169,-120.293332
3DD.003E215DB8,Rocky Reach Forebay,8/19/2022,2022,47.542169,-120.293332
3DD.003E215DB9,Rocky Reach Forebay,8/19/2022,2022,47.542169,-120.293332
3DD.003E215DBA,Rocky Reach Forebay,8/19/2022,2022,47.542169,-120.293332
3DD.003E215DBB,Rocky Reach Forebay,8/19/2022,2022,47.542169,-120.293332
3DD.003E215DBC,Rocky Reach Forebay,8/19/2022,2022,47.542169,-120.293332
3DD.003E215DBE,Rocky Reach Forebay,8/19/2022,2022,47.542169,-120.293332
3DD.003E215DBF,Rocky Reach Forebay,8/19/2022,2022,47.542169,-120.293332
3DD.003E215DC0,Rocky Reach Forebay,8/19/2022,2022,47.542169,-120.293332
3DD.003E215DC1,Rocky Reach Forebay,8/19/2022,2022,47.542169,-120.293332
3DD.003E215DC2,Rocky Reach Forebay,8/19/2022,2022,47.542169,-120.293332
3DD.003E215DC4,Rocky Reach Forebay,8/19/2022,2022,47.542169,-120.293332
3DD.003E215DC5,Rocky Reach Forebay,8/19/2022,2022,47.542169,-120.293332
3DD.003E215DC6,Rocky Reach Forebay,8/19/2022,2022,47.542169,-120.293332
3DD.003E215DC7,Rocky Reach Forebay,8/19/2022,2022,47.542169,-120.293332
3DD.003E215DC8,Rocky Reach Forebay,8/19/2022,2022,47.542169,-120.293332
3DD.003E215DC9,Rocky Reach Forebay,8/19/2022,2022,47.542169,-120.293332
3DD.003E215DCA,Rocky Reach Forebay,8/19/2022,2022,47.542169,-120.293332
3DD.003E215DCB,Rocky Reach Forebay,8/19/2022,2022,47.542169,-120.293332
3DD.003E215DCC,Rocky Reach Forebay,8/19/2022,2022,47.542169,-120.293332
3DD.003E215DCD,Rocky Reach Forebay,8/19/2022,2022,47.542169,-120.293332
3DD.003E215DCE,Rocky Reach Forebay,8/19/2022,2022,47.542169,-120.293332
3DD.003E215DCF,Rocky Reach Forebay,8/19/2022,2022,47.542169,-120.293332
3DD.003E215DD0,Rocky Reach Forebay,8/19/2022,2022,47.542169,-120.293332
3DD.003E215DD1,Rocky Reach Forebay,8/19/2022,2022,47.542169,-120.293332
3DD.003E215DD2,Rocky Reach Forebay,8/19/2022,2022,47.542169,-120.293332
3DD.003E215DD3,Rocky Reach Forebay,8/19/2022,2022,47.542169,-120.293332
3DD.003E215DD4,Rocky Reach Forebay,8/19/2022,2022,47.542169,-120.293332
3DD.003E215DD5,Rocky Reach Forebay,8/19/2022,2022,47.542169,-120.293332
3DD.003E215DD6,Rocky Reach Forebay,8/19/2022,2022,47.542169,-120.293332
3DD.003E215DD7,Rocky Reach Forebay,8/19/2022,2022,47.542169,-120.293332
3DD.003E215DD8,Rocky Reach Forebay,8/19/2022,2022,47.542169,-120.293332
3DD.003E215DD9,Rocky Reach Forebay,8/19/2022,2022,47.542169,-120.293332
3DD.003E215DDA,Rocky Reach Forebay,8/19/2022,2022,47.542169,-120.293332
3DD.003E215DDB,Rocky Reach Forebay,8/19/2022,2022,47.542169,-120.293332
3DD.003E215DDC,Rocky Reach Forebay,8/19/2022,2022,47.542169,-120.293332
3DD.003E215DDD,Rocky Reach Forebay,8/19/2022,2022,47.542169,-120.293332
3DD.003E215DDE,Rocky Reach Forebay,8/19/2022,2022,47.542169,-120.293332
3DD.003E215DDF,Rocky Reach Forebay,8/19/2022,2022,47.542169,-120.293332
3DD.003E215DE0,Rocky Reach Forebay,8/19/2022,2022,47.542169,-120.293332
3DD.003E215DE1,Rocky Reach Forebay,8/19/2022,2022,47.542169,-120.293332
3DD.003E215DE2,Rocky Reach Forebay,8/19/2022,2022,47.542169,-120.293332
3DD.003E215DE3,Rocky Reach Forebay,8/19/2022,2022,47.542169,-120.293332
3DD.003E215DE4,Rocky Reach Forebay,8/19/2022,2022,47.542169,-120.293332
3DD.003E215DE5,Rocky Reach Forebay,8/19/2022,2022,47.542169,-120.293332
3DD.003E215DE6,Rocky Reach Forebay,8/19/2022,2022,47.542169,-120.293332
3DD.003E215DE7,Rocky Reach Forebay,8/19/2022,2022,47.542169,-120.293332
3DD.003E215DE8,Rocky Reach Forebay,8/19/2022,2022,47.542169,-120.293332
3DD.003E215DE9,Rocky Reach Forebay,8/19/2022,2022,47.542169,-120.293332
3DD.003E215DEA,Rocky Reach Forebay,8/19/2022,2022,47.542169,-120.293332
3DD.003E215DEB,Rocky Reach Forebay,8/19/2022,2022,47.542169,-120.293332
3DD.003E215DEC,Rocky Reach Forebay,8/19/2022,2022,47.542169,-120.293332
3DD.003E215DED,Rocky Reach Forebay,8/19/2022,2022,47.542169,-120.293332
3DD.003E215DEE,Rocky Reach Forebay,8/19/2022,2022,47.542169,-120.293332
3DD.003E215DEF,Rocky Reach Forebay,8/19/2022,2022,47.542169,-120.293332
3DD.003E215DF0,Rocky Reach Forebay,8/19/2022,2022,47.542169,-120.293332
3DD.003E215DF1,Rocky Reach Forebay,8/19/2022,2022,47.542169,-120.293332
3DD.003E215DF3,Rocky Reach Forebay,8/19/2022,2022,47.542169,-120.293332
3DD.003E215DF4,Rocky Reach Forebay,8/19/2022,2022,47.542169,-120.293332
3DD.003E215DF5,Rocky Reach Forebay,8/19/2022,2022,47.542169,-120.293332
3DD.003E215DF6,Rocky Reach Forebay,8/19/2022,2022,47.542169,-120.293332
3DD.003E215DF7,Rocky Reach Forebay,8/19/2022,2022,47.542169,-120.293332
3DD.003E215DF8,Rocky Reach Forebay,8/19/2022,2022,47.542169,-120.293332
3DD.003E215DF9,Rocky Reach Forebay,8/19/2022,2022,47.542169,-120.293332
3DD.003E215DFA,Rocky Reach Forebay,8/19/2022,2022,47.542169,-120.293332
3DD.003E215DFB,Rocky Reach Forebay,8/19/2022,2022,47.542169,-120.293332
3DD.003E215DFC,Rocky Reach Forebay,8/19/2022,2022,47.542169,-120.293332
3DD.003E215DFD,Rocky Reach Forebay,8/19/2022,2022,47.542169,-120.293332
3DD.003E215DFE,Rocky Reach Forebay,8/19/2022,2022,47.542169,-120.293332
3DD.003E215DFF,Rocky Reach Forebay,8/19/2022,2022,47.542169,-120.293332
3DD.003E215E00,Rocky Reach Forebay,8/19/2022,2022,47.542169,-120.293332
3DD.003E215E01,Rocky Reach Forebay,8/19/2022,2022,47.542169,-120.293332
3DD.003E215E02,Rocky Reach Forebay,8/19/2022,2022,47.542169,-120.293332
3DD.003E215E03,Rocky Reach Forebay,8/19/2022,2022,47.542169,-120.293332
3DD.003E215E04,Rocky Reach Forebay,8/19/2022,2022,47.542169,-120.293332
3DD.003E215E05,Rocky Reach Forebay,8/19/2022,2022,47.542169,-120.293332
3DD.003E215E06,Rocky Reach Forebay,8/19/2022,2022,47.542169,-120.293332
3DD.003E215E07,Rocky Reach Forebay,8/19/2022,2022,47.542169,-120.293332
3DD.003E215E08,Rocky Reach Forebay,8/19/2022,2022,47.542169,-120.293332
3DD.003E215E09,Rocky Reach Forebay,8/19/2022,2022,47.542169,-120.293332
3DD.003E215E0A,Rocky Reach Forebay,8/19/2022,2022,47.542169,-120.293332
3DD.003E215E0B,Rocky Reach Forebay,8/19/2022,2022,47.542169,-120.293332
3DD.003E215E0C,Rocky Reach Forebay,8/19/2022,2022,47.542169,-120.293332
3DD.003E215E0D,Rocky Reach Forebay,8/19/2022,2022,47.542169,-120.293332
3DD.003E215E72,Daroga State Park,8/12/2022,2022,47.711251,-120.208455
3DD.003E215E73,Daroga State Park,8/12/2022,2022,47.711251,-120.208455
3DD.003E215E74,Rocky Reach Forebay,8/19/2022,2022,47.542169,-120.293332
3DD.003E215E75,Daroga State Park,8/12/2022,2022,47.711251,-120.208455
3DD.003E215E76,Rocky Reach Forebay,8/12/2022,2022,47.542169,-120.293332
3DD.003E215E77,Rocky Reach Forebay,8/12/2022,2022,47.542169,-120.293332
3DD.003E215E78,Daroga State Park,8/12/2022,2022,47.711251,-120.208455
3DD.003E215E79,Daroga State Park,8/12/2022,2022,47.711251,-120.208455
3DD.003E215E7A,Rocky Reach Forebay,8/12/2022,2022,47.542169,-120.293332
3DD.003E215E7B,Rocky Reach Forebay,8/12/2022,2022,47.542169,-120.293332
3DD.003E215E7C,Rocky Reach Forebay,8/19/2022,2022,47.542169,-120.293332
3DD.003E215E7D,Daroga State Park,8/12/2022,2022,47.711251,-120.208455
3DD.003E215E7E,Daroga State Park,8/12/2022,2022,47.711251,-120.208455
3DD.003E215E7F,Rocky Reach Forebay,8/12/2022,2022,47.542169,-120.293332
3DD.003E215E80,Rocky Reach Forebay,8/12/2022,2022,47.542169,-120.293332
3DD.003E215E81,Rocky Reach Forebay,8/12/2022,2022,47.542169,-120.293332
3DD.003E215E82,Rocky Reach Forebay,8/19/2022,2022,47.542169,-120.293332
3DD.003E215E83,Rocky Reach Forebay,8/12/2022,2022,47.542169,-120.293332
3DD.003E215E84,Rocky Reach Forebay,8/12/2022,2022,47.542169,-120.293332
3DD.003E215E85,Daroga State Park,8/12/2022,2022,47.711251,-120.208455
3DD.003E215E86,Rocky Reach Forebay,8/12/2022,2022,47.542169,-120.293332
3DD.003E215E87,Rocky Reach Forebay,8/19/2022,2022,47.542169,-120.293332
3DD.003E215E88,Rocky Reach Forebay,8/12/2022,2022,47.542169,-120.293332
3DD.003E215E89,Rocky Reach Forebay,8/12/2022,2022,47.542169,-120.293332
3DD.003E215E8A,Rocky Reach Forebay,8/12/2022,2022,47.542169,-120.293332
3DD.003E215E8B,Daroga State Park,8/12/2022,2022,47.711251,-120.208455
3DD.003E215E8C,Rocky Reach Forebay,8/12/2022,2022,47.542169,-120.293332
3DD.003E215E8D,Daroga State Park,8/12/2022,2022,47.711251,-120.208455
3DD.003E215E8E,Rocky Reach Forebay,8/19/2022,2022,47.542169,-120.293332
3DD.003E215E8F,Daroga State Park,8/12/2022,2022,47.711251,-120.208455
3DD.003E215E90,Rocky Reach Forebay,8/12/2022,2022,47.542169,-120.293332
3DD.003E215E91,Daroga State Park,8/12/2022,2022,47.711251,-120.208455
3DD.003E215E92,Rocky Reach Forebay,8/12/2022,2022,47.542169,-120.293332
3DD.003E215E93,Rocky Reach Forebay,8/19/2022,2022,47.542169,-120.293332
3DD.003E215E94,Rocky Reach Forebay,8/12/2022,2022,47.542169,-120.293332
3DD.003E215E95,Rocky Reach Forebay,8/12/2022,2022,47.542169,-120.293332
3DD.003E215E96,Rocky Reach Forebay,8/12/2022,2022,47.542169,-120.293332
3DD.003E215E97,Rocky Reach Forebay,8/12/2022,2022,47.542169,-120.293332
3DD.003E215E98,Daroga State Park,8/12/2022,2022,47.711251,-120.208455
3DD.003E215E99,Rocky Reach Forebay,8/19/2022,2022,47.542169,-120.293332
3DD.003E215E9A,Daroga State Park,8/12/2022,2022,47.711251,-120.208455
3DD.003E215E9B,Rocky Reach Forebay,8/19/2022,2022,47.542169,-120.293332
3DD.003E215E9C,Rocky Reach Forebay,8/12/2022,2022,47.542169,-120.293332
3DD.003E215E9D,Daroga State Park,8/12/2022,2022,47.711251,-120.208455
3DD.003E215E9E,Daroga State Park,8/12/2022,2022,47.711251,-120.208455
3DD.003E215E9F,Daroga State Park,8/12/2022,2022,47.711251,-120.208455
3DD.003E215EA0,Rocky Reach Forebay,8/19/2022,2022,47.542169,-120.293332
3DD.003E215EA1,Rocky Reach Forebay,8/12/2022,2022,47.542169,-120.293332
3DD.003E215EA2,Rocky Reach Forebay,8/12/2022,2022,47.542169,-120.293332
3DD.003E215EA3,Daroga State Park,8/12/2022,2022,47.711251,-120.208455
3DD.003E215EA4,Rocky Reach Forebay,8/12/2022,2022,47.542169,-120.293332
3DD.003E215EA5,Rocky Reach Forebay,8/12/2022,2022,47.542169,-120.293332
3DD.003E215EA6,Rocky Reach Forebay,8/12/2022,2022,47.542169,-120.293332
3DD.003E215EA7,Rocky Reach Forebay,8/12/2022,2022,47.542169,-120.293332
3DD.003E215EA8,Rocky Reach Forebay,8/12/2022,2022,47.542169,-120.293332
3DD.003E215EA9,Rocky Reach Forebay,8/12/2022,2022,47.542169,-120.293332
3DD.003E215EAA,Rocky Reach Forebay,8/12/2022,2022,47.542169,-120.293332
3DD.003E215EAB,Daroga State Park,8/12/2022,2022,47.711251,-120.208455
3DD.003E215EAC,Daroga State Park,8/12/2022,2022,47.711251,-120.208455
3DD.003E215EAD,Rocky Reach Forebay,8/19/2022,2022,47.542169,-120.293332
3DD.003E215EAE,Rocky Reach Forebay,8/12/2022,2022,47.542169,-120.293332
3DD.003E215EAF,Rocky Reach Forebay,8/12/2022,2022,47.542169,-120.293332
3DD.003E215EB0,Rocky Reach Forebay,8/12/2022,2022,47.542169,-120.293332
3DD.003E215EB1,Rocky Reach Forebay,8/19/2022,2022,47.542169,-120.293332
3DD.003E215EB2,Rocky Reach Forebay,8/12/2022,2022,47.542169,-120.293332
3DD.003E215EB3,Rocky Reach Forebay,8/12/2022,2022,47.542169,-120.293332
3DD.003E215EB4,Rocky Reach Forebay,8/12/2022,2022,47.542169,-120.293332
3DD.003E215EB5,Rocky Reach Forebay,8/12/2022,2022,47.542169,-120.293332
3DD.003E215EB6,Daroga State Park,8/12/2022,2022,47.711251,-120.208455
3DD.003E215EB7,Daroga State Park,8/12/2022,2022,47.711251,-120.208455
3DD.003E215EB8,Daroga State Park,8/12/2022,2022,47.711251,-120.208455
3DD.003E215EB9,Rocky Reach Forebay,8/12/2022,2022,47.542169,-120.293332
3DD.003E215EBA,Daroga State Park,8/12/2022,2022,47.711251,-120.208455
3DD.003E215EBB,Rocky Reach Forebay,8/12/2022,2022,47.542169,-120.293332
3DD.003E215EBC,Rocky Reach Forebay,8/12/2022,2022,47.542169,-120.293332
3DD.003E215EBD,Daroga State Park,8/12/2022,2022,47.711251,-120.208455
3DD.003E215EBE,Rocky Reach Forebay,8/19/2022,2022,47.542169,-120.293332
3DD.003E215EBF,Daroga State Park,8/12/2022,2022,47.711251,-120.208455
3DD.003E215EC0,Rocky Reach Forebay,8/12/2022,2022,47.542169,-120.293332
3DD.003E215EC1,Rocky Reach Forebay,8/19/2022,2022,47.542169,-120.293332
3DD.003E215EC2,Rocky Reach Forebay,8/19/2022,2022,47.542169,-120.293332
3DD.003E215EC3,Daroga State Park,8/12/2022,2022,47.711251,-120.208455
3DD.003E215EC4,Rocky Reach Forebay,8/12/2022,2022,47.542169,-120.293332
3DD.003E215EC5,Daroga State Park,8/12/2022,2022,47.711251,-120.208455
3DD.003E215EC6,Rocky Reach Forebay,8/12/2022,2022,47.542169,-120.293332
3DD.003E215EC7,Rocky Reach Forebay,8/12/2022,2022,47.542169,-120.293332
3DD.003E215EC8,Rocky Reach Forebay,8/12/2022,2022,47.542169,-120.293332
3DD.003E215EC9,Rocky Reach Forebay,8/12/2022,2022,47.542169,-120.293332
3DD.003E215ECA,Daroga State Park,8/12/2022,2022,47.711251,-120.208455
3DD.003E215ECB,Rocky Reach Forebay,8/12/2022,2022,47.542169,-120.293332
3DD.003E215ECC,Rocky Reach Forebay,8/12/2022,2022,47.542169,-120.293332
3DD.003E215ECD,Rocky Reach Forebay,8/12/2022,2022,47.542169,-120.293332
3DD.003E215ECE,Rocky Reach Forebay,8/12/2022,2022,47.542169,-120.293332
3DD.003E215ECF,Rocky Reach Forebay,8/12/2022,2022,47.542169,-120.293332
3DD.003E215ED0,Daroga State Park,8/12/2022,2022,47.711251,-120.208455
3DD.003E215ED1,Rocky Reach Forebay,8/12/2022,2022,47.542169,-120.293332
3DD.003E215ED2,Rocky Reach Forebay,8/12/2022,2022,47.542169,-120.293332
3DD.003E215ED3,Daroga State Park,8/12/2022,2022,47.711251,-120.208455
3DD.003E215ED4,Rocky Reach Forebay,8/12/2022,2022,47.542169,-120.293332
3DD.003E215F9E,Daroga State Park,8/12/2022,2022,47.711251,-120.208455
3DD.003E215F9F,Daroga State Park,8/12/2022,2022,47.711251,-120.208455
3DD.003E215FA0,Daroga State Park,8/12/2022,2022,47.711251,-120.208455
3DD.003E215FA1,Rocky Reach Forebay,8/5/2022,2022,47.542169,-120.293332
3DD.003E215FA2,Rocky Reach Forebay,8/5/2022,2022,47.542169,-120.293332
3DD.003E215FA3,Daroga State Park,8/12/2022,2022,47.711251,-120.208455
3DD.003E215FA4,Daroga State Park,8/12/2022,2022,47.711251,-120.208455
3DD.003E215FA5,Rocky Reach Forebay,8/5/2022,2022,47.542169,-120.293332
3DD.003E215FA6,Daroga State Park,8/12/2022,2022,47.711251,-120.208455
3DD.003E215FA7,Rocky Reach Forebay,8/5/2022,2022,47.542169,-120.293332
3DD.003E215FA8,Rocky Reach Forebay,8/5/2022,2022,47.542169,-120.293332
3DD.003E215FA9,Rocky Reach Forebay,8/12/2022,2022,47.542169,-120.293332
3DD.003E215FAA,Rocky Reach Forebay,8/12/2022,2022,47.542169,-120.293332
3DD.003E215FAB,Rocky Reach Forebay,8/12/2022,2022,47.542169,-120.293332
3DD.003E215FAC,Rocky Reach Forebay,8/12/2022,2022,47.542169,-120.293332
3DD.003E215FAD,Daroga State Park,8/12/2022,2022,47.711251,-120.208455
3DD.003E215FAE,Rocky Reach Forebay,8/12/2022,2022,47.542169,-120.293332
3DD.003E215FAF,Rocky Reach Forebay,8/12/2022,2022,47.542169,-120.293332
3DD.003E215FB0,Daroga State Park,8/12/2022,2022,47.711251,-120.208455
3DD.003E215FB2,Rocky Reach Forebay,8/5/2022,2022,47.542169,-120.293332
3DD.003E215FB3,Daroga State Park,8/12/2022,2022,47.711251,-120.208455
3DD.003E215FB4,Rocky Reach Forebay,8/12/2022,2022,47.542169,-120.293332
3DD.003E215FB5,Rocky Reach Forebay,8/12/2022,2022,47.542169,-120.293332
3DD.003E215FB6,Rocky Reach Forebay,8/5/2022,2022,47.542169,-120.293332
3DD.003E215FB7,Daroga State Park,8/12/2022,2022,47.711251,-120.208455
3DD.003E215FB8,Rocky Reach Forebay,8/5/2022,2022,47.542169,-120.293332
3DD.003E215FB9,Daroga State Park,8/12/2022,2022,47.711251,-120.208455
3DD.003E215FBA,Daroga State Park,8/12/2022,2022,47.711251,-120.208455
3DD.003E215FBB,Rocky Reach Forebay,8/5/2022,2022,47.542169,-120.293332
3DD.003E215FBC,Daroga State Park,8/12/2022,2022,47.711251,-120.208455
3DD.003E215FBD,Daroga State Park,8/12/2022,2022,47.711251,-120.208455
3DD.003E215FBE,Daroga State Park,8/12/2022,2022,47.711251,-120.208455
3DD.003E215FBF,Daroga State Park,8/12/2022,2022,47.711251,-120.208455
3DD.003E215FC0,Daroga State Park,8/12/2022,2022,47.711251,-120.208455
3DD.003E215FC1,Rocky Reach Forebay,8/12/2022,2022,47.542169,-120.293332
3DD.003E215FC2,Rocky Reach Forebay,8/12/2022,2022,47.542169,-120.293332
3DD.003E215FC3,Daroga State Park,8/12/2022,2022,47.711251,-120.208455
3DD.003E215FC4,Rocky Reach Forebay,8/12/2022,2022,47.542169,-120.293332
3DD.003E215FC5,Daroga State Park,8/12/2022,2022,47.711251,-120.208455
3DD.003E215FC6,Daroga State Park,8/12/2022,2022,47.711251,-120.208455
3DD.003E215FC7,Rocky Reach Forebay,8/12/2022,2022,47.542169,-120.293332
3DD.003E215FC8,Daroga State Park,8/12/2022,2022,47.711251,-120.208455
3DD.003E215FC9,Rocky Reach Forebay,8/12/2022,2022,47.542169,-120.293332
3DD.003E215FCA,Daroga State Park,8/12/2022,2022,47.711251,-120.208455
3DD.003E215FCB,Daroga State Park,8/12/2022,2022,47.711251,-120.208455
3DD.003E215FCC,Rocky Reach Forebay,8/5/2022,2022,47.542169,-120.293332
3DD.003E215FCD,Rocky Reach Forebay,8/5/2022,2022,47.542169,-120.293332
3DD.003E215FCE,Daroga State Park,8/12/2022,2022,47.711251,-120.208455
3DD.003E215FCF,Rocky Reach Forebay,8/12/2022,2022,47.542169,-120.293332
3DD.003E215FD0,Daroga State Park,8/12/2022,2022,47.711251,-120.208455
3DD.003E215FD1,Daroga State Park,8/12/2022,2022,47.711251,-120.208455
3DD.003E215FD2,Daroga State Park,8/12/2022,2022,47.711251,-120.208455
3DD.003E215FD3,Rocky Reach Forebay,8/5/2022,2022,47.542169,-120.293332
3DD.003E215FD4,Daroga State Park,8/12/2022,2022,47.711251,-120.208455
3DD.003E215FD5,Daroga State Park,8/12/2022,2022,47.711251,-120.208455
3DD.003E215FD6,Rocky Reach Forebay,8/12/2022,2022,47.542169,-120.293332
3DD.003E215FD7,Rocky Reach Forebay,8/5/2022,2022,47.542169,-120.293332
3DD.003E215FD8,Rocky Reach Forebay,8/5/2022,2022,47.542169,-120.293332
3DD.003E215FD9,Daroga State Park,8/12/2022,2022,47.711251,-120.208455
3DD.003E215FDA,Rocky Reach Forebay,8/12/2022,2022,47.542169,-120.293332
3DD.003E215FDB,Daroga State Park,8/12/2022,2022,47.711251,-120.208455
3DD.003E215FDC,Daroga State Park,8/12/2022,2022,47.711251,-120.208455
3DD.003E215FDD,Daroga State Park,8/12/2022,2022,47.711251,-120.208455
3DD.003E215FDE,Daroga State Park,8/12/2022,2022,47.711251,-120.208455
3DD.003E215FDF,Daroga State Park,8/12/2022,2022,47.711251,-120.208455
3DD.003E215FE0,Daroga State Park,8/12/2022,2022,47.711251,-120.208455
3DD.003E215FE1,Daroga State Park,8/12/2022,2022,47.711251,-120.208455
3DD.003E215FE2,Daroga State Park,8/12/2022,2022,47.711251,-120.208455
3DD.003E215FE3,Daroga State Park,8/12/2022,2022,47.711251,-120.208455
3DD.003E215FE4,Rocky Reach Forebay,8/12/2022,2022,47.542169,-120.293332
3DD.003E215FE5,Rocky Reach Forebay,8/12/2022,2022,47.542169,-120.293332
3DD.003E215FE6,Daroga State Park,8/12/2022,2022,47.711251,-120.208455
3DD.003E215FE7,Rocky Reach Forebay,8/5/2022,2022,47.542169,-120.293332
3DD.003E215FE8,Rocky Reach Forebay,8/12/2022,2022,47.542169,-120.293332
3DD.003E215FE9,Rocky Reach Forebay,8/12/2022,2022,47.542169,-120.293332
3DD.003E215FEA,Rocky Reach Forebay,8/12/2022,2022,47.542169,-120.293332
3DD.003E215FEB,Rocky Reach Forebay,8/5/2022,2022,47.542169,-120.293332
3DD.003E215FEC,Rocky Reach Forebay,8/12/2022,2022,47.542169,-120.293332
3DD.003E215FED,Rocky Reach Forebay,8/5/2022,2022,47.542169,-120.293332
3DD.003E215FEE,Rocky Reach Forebay,8/12/2022,2022,47.542169,-120.293332
3DD.003E215FEF,Daroga State Park,8/12/2022,2022,47.711251,-120.208455
3DD.003E215FF0,Rocky Reach Forebay,8/5/2022,2022,47.542169,-120.293332
3DD.003E215FF1,Daroga State Park,8/12/2022,2022,47.711251,-120.208455
3DD.003E215FF2,Daroga State Park,8/12/2022,2022,47.711251,-120.208455
3DD.003E215FF3,Rocky Reach Forebay,8/12/2022,2022,47.542169,-120.293332
3DD.003E215FF4,Daroga State Park,8/12/2022,2022,47.711251,-120.208455
3DD.003E215FF5,Rocky Reach Forebay,8/12/2022,2022,47.542169,-120.293332
3DD.003E215FF6,Rocky Reach Forebay,8/12/2022,2022,47.542169,-120.293332
3DD.003E215FF7,Daroga State Park,8/12/2022,2022,47.711251,-120.208455
3DD.003E215FF8,Daroga State Park,8/12/2022,2022,47.711251,-120.208455
3DD.003E215FF9,Rocky Reach Forebay,8/5/2022,2022,47.542169,-120.293332
3DD.003E215FFA,Rocky Reach Forebay,8/12/2022,2022,47.542169,-120.293332
3DD.003E215FFB,Rocky Reach Forebay,8/5/2022,2022,47.542169,-120.293332
3DD.003E215FFC,Rocky Reach Forebay,8/12/2022,2022,47.542169,-120.293332
3DD.003E215FFD,Rocky Reach Forebay,8/12/2022,2022,47.542169,-120.293332
3DD.003E215FFE,Daroga State Park,8/12/2022,2022,47.711251,-120.208455
3DD.003E215FFF,Daroga State Park,8/12/2022,2022,47.711251,-120.208455
3DD.003E216000,Daroga State Park,8/12/2022,2022,47.711251,-120.208455
3DD.003E216001,Rocky Reach Forebay,8/5/2022,2022,47.542169,-120.293332
3DD.003E21612E,Daroga State Park,8/19/2022,2022,47.711251,-120.208455
3DD.003E21612F,Daroga State Park,8/19/2022,2022,47.711251,-120.208455
3DD.003E216130,Rocky Reach Forebay,8/19/2022,2022,47.542169,-120.293332
3DD.003E216132,Rocky Reach Forebay,8/19/2022,2022,47.542169,-120.293332
3DD.003E216133,Rocky Reach Forebay,8/19/2022,2022,47.542169,-120.293332
3DD.003E216134,Rocky Reach Forebay,8/19/2022,2022,47.542169,-120.293332
3DD.003E216136,Daroga State Park,8/19/2022,2022,47.711251,-120.208455
3DD.003E216138,Daroga State Park,8/19/2022,2022,47.711251,-120.208455
3DD.003E21613A,Rocky Reach Forebay,8/19/2022,2022,47.542169,-120.293332
3DD.003E21613B,Daroga State Park,8/19/2022,2022,47.711251,-120.208455
3DD.003E21613D,Daroga State Park,8/19/2022,2022,47.711251,-120.208455
3DD.003E21613E,Daroga State Park,8/19/2022,2022,47.711251,-120.208455
3DD.003E216141,Rocky Reach Forebay,8/19/2022,2022,47.542169,-120.293332
3DD.003E216142,Rocky Reach Forebay,8/19/2022,2022,47.542169,-120.293332
3DD.003E216143,Rocky Reach Forebay,8/19/2022,2022,47.542169,-120.293332
3DD.003E216145,Rocky Reach Forebay,8/19/2022,2022,47.542169,-120.293332
3DD.003E216146,Daroga State Park,8/19/2022,2022,47.711251,-120.208455
3DD.003E216147,Rocky Reach Forebay,8/19/2022,2022,47.542169,-120.293332
3DD.003E21614A,Rocky Reach Forebay,8/19/2022,2022,47.542169,-120.293332
3DD.003E21614D,Rocky Reach Forebay,8/19/2022,2022,47.542169,-120.293332
3DD.003E21614E,Rocky Reach Forebay,8/19/2022,2022,47.542169,-120.293332
3DD.003E216150,Rocky Reach Forebay,8/19/2022,2022,47.542169,-120.293332
3DD.003E216151,Rocky Reach Forebay,8/19/2022,2022,47.542169,-120.293332
3DD.003E216152,Daroga State Park,8/19/2022,2022,47.711251,-120.208455
3DD.003E216153,Rocky Reach Forebay,8/19/2022,2022,47.542169,-120.293332
3DD.003E216154,Rocky Reach Forebay,8/19/2022,2022,47.542169,-120.293332
3DD.003E216155,Rocky Reach Forebay,8/19/2022,2022,47.542169,-120.293332
3DD.003E216156,Rocky Reach Forebay,8/19/2022,2022,47.542169,-120.293332
3DD.003E216157,Rocky Reach Forebay,8/19/2022,2022,47.542169,-120.293332
3DD.003E216159,Rocky Reach Forebay,8/19/2022,2022,47.542169,-120.293332
3DD.003E21615A,Rocky Reach Forebay,8/19/2022,2022,47.542169,-120.293332
3DD.003E21615B,Rocky Reach Forebay,8/19/2022,2022,47.542169,-120.293332
3DD.003E21615C,Rocky Reach Forebay,8/19/2022,2022,47.542169,-120.293332
3DD.003E21615E,Daroga State Park,8/19/2022,2022,47.711251,-120.208455
3DD.003E216162,Rocky Reach Forebay,8/19/2022,2022,47.542169,-120.293332
3DD.003E216163,Rocky Reach Forebay,8/19/2022,2022,47.542169,-120.293332
3DD.003E216167,Rocky Reach Forebay,8/19/2022,2022,47.542169,-120.293332
3DD.003E216169,Rocky Reach Forebay,8/19/2022,2022,47.542169,-120.293332
3DD.003E21616A,Rocky Reach Forebay,8/19/2022,2022,47.542169,-120.293332
3DD.003E21616B,Daroga State Park,8/19/2022,2022,47.711251,-120.208455
3DD.003E21616C,Daroga State Park,8/19/2022,2022,47.711251,-120.208455
3DD.003E21616D,Rocky Reach Forebay,8/19/2022,2022,47.542169,-120.293332
3DD.003E21616F,Rocky Reach Forebay,8/19/2022,2022,47.542169,-120.293332
3DD.003E216170,Rocky Reach Forebay,8/19/2022,2022,47.542169,-120.293332
3DD.003E216171,Daroga State Park,8/19/2022,2022,47.711251,-120.208455
3DD.003E216172,Daroga State Park,8/19/2022,2022,47.711251,-120.208455
3DD.003E216173,Rocky Reach Forebay,8/19/2022,2022,47.542169,-120.293332
3DD.003E216175,Rocky Reach Forebay,8/19/2022,2022,47.542169,-120.293332
3DD.003E216176,Rocky Reach Forebay,8/19/2022,2022,47.542169,-120.293332
3DD.003E216177,Rocky Reach Forebay,8/19/2022,2022,47.542169,-120.293332
3DD.003E216178,Daroga State Park,8/19/2022,2022,47.711251,-120.208455
3DD.003E21617B,Rocky Reach Forebay,8/19/2022,2022,47.542169,-120.293332
3DD.003E21617F,Rocky Reach Forebay,8/19/2022,2022,47.542169,-120.293332
3DD.003E216180,Daroga State Park,8/19/2022,2022,47.711251,-120.208455
3DD.003E216181,Rocky Reach Forebay,8/19/2022,2022,47.542169,-120.293332
3DD.003E216183,Rocky Reach Forebay,8/19/2022,2022,47.542169,-120.293332
3DD.003E216184,Daroga State Park,8/19/2022,2022,47.711251,-120.208455
3DD.003E216186,Rocky Reach Forebay,8/19/2022,2022,47.542169,-120.293332
3DD.003E216188,Rocky Reach Forebay,8/19/2022,2022,47.542169,-120.293332
3DD.003E216189,Rocky Reach Forebay,8/19/2022,2022,47.542169,-120.293332
3DD.003E21618C,Rocky Reach Forebay,8/19/2022,2022,47.542169,-120.293332
3DD.003E21618E,Rocky Reach Forebay,8/19/2022,2022,47.542169,-120.293332
3DD.003E21618F,Rocky Reach Forebay,8/19/2022,2022,47.542169,-120.293332
3DD.003E216191,Rocky Reach Forebay,8/19/2022,2022,47.542169,-120.293332
3DD.003E45CD2D,Starr Boat Launch,8/3/2023,2023,47.983552,-119.887492
3DD.003E45CD2E,Starr Boat Launch,8/3/2023,2023,47.983552,-119.887492
3DD.003E45CD2F,Starr Boat Launch,8/3/2023,2023,47.983552,-119.887492
3DD.003E45CD30,Starr Boat Launch,8/3/2023,2023,47.983552,-119.887492
3DD.003E45CD31,Starr Boat Launch,8/3/2023,2023,47.983552,-119.887492
3DD.003E45CD32,Starr Boat Launch,8/3/2023,2023,47.983552,-119.887492
3DD.003E45CD33,Starr Boat Launch,8/3/2023,2023,47.983552,-119.887492
3DD.003E45CD34,Starr Boat Launch,8/3/2023,2023,47.983552,-119.887492
3DD.003E45CD35,Starr Boat Launch,8/3/2023,2023,47.983552,-119.887492
3DD.003E45CD36,Starr Boat Launch,8/3/2023,2023,47.983552,-119.887492
3DD.003E45CD37,Starr Boat Launch,8/3/2023,2023,47.983552,-119.887492
3DD.003E45CD38,Starr Boat Launch,8/3/2023,2023,47.983552,-119.887492
3DD.003E45CD39,Starr Boat Launch,8/3/2023,2023,47.983552,-119.887492
3DD.003E45CD3A,Starr Boat Launch,8/3/2023,2023,47.983552,-119.887492
3DD.003E45CD3B,Starr Boat Launch,8/3/2023,2023,47.983552,-119.887492
3DD.003E45CD3C,Starr Boat Launch,8/3/2023,2023,47.983552,-119.887492
3DD.003E45CD3D,Starr Boat Launch,8/3/2023,2023,47.983552,-119.887492
3DD.003E45CD3E,Starr Boat Launch,8/3/2023,2023,47.983552,-119.887492
3DD.003E45CD3F,Starr Boat Launch,8/3/2023,2023,47.983552,-119.887492
3DD.003E45CD40,Starr Boat Launch,8/3/2023,2023,47.983552,-119.887492
3DD.003E45CD41,Starr Boat Launch,8/3/2023,2023,47.983552,-119.887492
3DD.003E45CD42,Starr Boat Launch,8/3/2023,2023,47.983552,-119.887492
3DD.003E45CD43,Starr Boat Launch,8/3/2023,2023,47.983552,-119.887492
3DD.003E45CD44,Starr Boat Launch,8/3/2023,2023,47.983552,-119.887492
3DD.003E45CD45,Starr Boat Launch,8/3/2023,2023,47.983552,-119.887492
3DD.003E45CD46,Starr Boat Launch,8/3/2023,2023,47.983552,-119.887492
3DD.003E45CD47,Starr Boat Launch,8/3/2023,2023,47.983552,-119.887492
3DD.003E45CD48,Starr Boat Launch,8/3/2023,2023,47.983552,-119.887492
3DD.003E45CD49,Starr Boat Launch,8/3/2023,2023,47.983552,-119.887492
3DD.003E45CD4A,Starr Boat Launch,8/3/2023,2023,47.983552,-119.887492
3DD.003E45CD4B,Starr Boat Launch,8/3/2023,2023,47.983552,-119.887492
3DD.003E45CD4C,Starr Boat Launch,8/3/2023,2023,47.983552,-119.887492
3DD.003E45CD4D,Starr Boat Launch,8/3/2023,2023,47.983552,-119.887492
3DD.003E45CD4E,Starr Boat Launch,8/3/2023,2023,47.983552,-119.887492
3DD.003E45CD4F,Starr Boat Launch,8/3/2023,2023,47.983552,-119.887492
3DD.003E45CD50,Starr Boat Launch,8/3/2023,2023,47.983552,-119.887492
3DD.003E45CD51,Starr Boat Launch,8/3/2023,2023,47.983552,-119.887492
3DD.003E45CD52,Starr Boat Launch,8/3/2023,2023,47.983552,-119.887492
3DD.003E45CD53,Starr Boat Launch,8/3/2023,2023,47.983552,-119.887492
3DD.003E45CD54,Starr Boat Launch,8/3/2023,2023,47.983552,-119.887492
3DD.003E45CD55,Starr Boat Launch,8/3/2023,2023,47.983552,-119.887492
3DD.003E45CD56,Starr Boat Launch,8/3/2023,2023,47.983552,-119.887492
3DD.003E45CD57,Starr Boat Launch,8/3/2023,2023,47.983552,-119.887492
3DD.003E45CD58,Starr Boat Launch,8/3/2023,2023,47.983552,-119.887492
3DD.003E45CD59,Starr Boat Launch,8/3/2023,2023,47.983552,-119.887492
3DD.003E45CD5A,Starr Boat Launch,8/3/2023,2023,47.983552,-119.887492
3DD.003E45CD5B,Starr Boat Launch,8/3/2023,2023,47.983552,-119.887492
3DD.003E45CD5C,Starr Boat Launch,8/3/2023,2023,47.983552,-119.887492
3DD.003E45CD5D,Starr Boat Launch,8/3/2023,2023,47.983552,-119.887492
3DD.003E45CD5E,Starr Boat Launch,8/3/2023,2023,47.983552,-119.887492
3DD.003E45CD5F,Starr Boat Launch,8/3/2023,2023,47.983552,-119.887492
3DD.003E45CD60,Starr Boat Launch,8/3/2023,2023,47.983552,-119.887492
3DD.003E45CD61,Starr Boat Launch,8/3/2023,2023,47.983552,-119.887492
3DD.003E45CD62,Starr Boat Launch,8/3/2023,2023,47.983552,-119.887492
3DD.003E45CD63,Starr Boat Launch,8/3/2023,2023,47.983552,-119.887492
3DD.003E45CD64,Starr Boat Launch,8/3/2023,2023,47.983552,-119.887492
3DD.003E45CD65,Starr Boat Launch,8/3/2023,2023,47.983552,-119.887492
3DD.003E45CD66,Starr Boat Launch,8/3/2023,2023,47.983552,-119.887492
3DD.003E45CD67,Starr Boat Launch,8/3/2023,2023,47.983552,-119.887492
3DD.003E45CD68,Starr Boat Launch,8/3/2023,2023,47.983552,-119.887492
3DD.003E45CD69,Starr Boat Launch,8/3/2023,2023,47.983552,-119.887492
3DD.003E45CD6A,Starr Boat Launch,8/3/2023,2023,47.983552,-119.887492
3DD.003E45CD6B,Starr Boat Launch,8/3/2023,2023,47.983552,-119.887492
3DD.003E45CD6C,Starr Boat Launch,8/3/2023,2023,47.983552,-119.887492
3DD.003E45CD6D,Starr Boat Launch,8/3/2023,2023,47.983552,-119.887492
3DD.003E45CD6E,Starr Boat Launch,8/3/2023,2023,47.983552,-119.887492
3DD.003E45CD6F,Starr Boat Launch,8/3/2023,2023,47.983552,-119.887492
3DD.003E45CD70,Starr Boat Launch,8/3/2023,2023,47.983552,-119.887492
3DD.003E45CD71,Starr Boat Launch,8/3/2023,2023,47.983552,-119.887492
3DD.003E45CD72,Starr Boat Launch,8/3/2023,2023,47.983552,-119.887492
3DD.003E45CD73,Starr Boat Launch,8/3/2023,2023,47.983552,-119.887492
3DD.003E45CD74,Starr Boat Launch,8/3/2023,2023,47.983552,-119.887492
3DD.003E45CD75,Starr Boat Launch,8/3/2023,2023,47.983552,-119.887492
3DD.003E45CD76,Starr Boat Launch,8/3/2023,2023,47.983552,-119.887492
3DD.003E45CD77,Starr Boat Launch,8/3/2023,2023,47.983552,-119.887492
3DD.003E45CD78,Starr Boat Launch,8/3/2023,2023,47.983552,-119.887492
3DD.003E45CD79,Starr Boat Launch,8/3/2023,2023,47.983552,-119.887492
3DD.003E45CD7A,Starr Boat Launch,8/3/2023,2023,47.983552,-119.887492
3DD.003E45CD7B,Starr Boat Launch,8/3/2023,2023,47.983552,-119.887492
3DD.003E45CD7C,Starr Boat Launch,8/3/2023,2023,47.983552,-119.887492
3DD.003E45CD7D,Starr Boat Launch,8/3/2023,2023,47.983552,-119.887492
3DD.003E45CD7E,Starr Boat Launch,8/3/2023,2023,47.983552,-119.887492
3DD.003E45CD7F,Starr Boat Launch,8/3/2023,2023,47.983552,-119.887492
3DD.003E45CD80,Starr Boat Launch,8/3/2023,2023,47.983552,-119.887492
3DD.003E45CD81,Starr Boat Launch,8/3/2023,2023,47.983552,-119.887492
3DD.003E45CD82,Starr Boat Launch,8/3/2023,2023,47.983552,-119.887492
3DD.003E45CD83,Starr Boat Launch,8/3/2023,2023,47.983552,-119.887492
3DD.003E45CD84,Starr Boat Launch,8/3/2023,2023,47.983552,-119.887492
3DD.003E45CD85,Starr Boat Launch,8/3/2023,2023,47.983552,-119.887492
3DD.003E45CD86,Starr Boat Launch,8/3/2023,2023,47.983552,-119.887492
3DD.003E45CD87,Starr Boat Launch,8/3/2023,2023,47.983552,-119.887492
3DD.003E45CD88,Starr Boat Launch,8/3/2023,2023,47.983552,-119.887492
3DD.003E45CD89,Starr Boat Launch,8/3/2023,2023,47.983552,-119.887492
3DD.003E45CD8A,Starr Boat Launch,8/3/2023,2023,47.983552,-119.887492
3DD.003E45CD8B,Starr Boat Launch,8/3/2023,2023,47.983552,-119.887492
3DD.003E45CD8C,Starr Boat Launch,8/3/2023,2023,47.983552,-119.887492
3DD.003E45CD8D,Starr Boat Launch,8/3/2023,2023,47.983552,-119.887492
3DD.003E45CD8E,Starr Boat Launch,8/3/2023,2023,47.983552,-119.887492
3DD.003E45CD8F,Starr Boat Launch,8/3/2023,2023,47.983552,-119.887492
3DD.003E45CD90,Starr Boat Launch,8/3/2023,2023,47.983552,-119.887492
3DD.003E45CD91,Omak Creek,8/1/2024,2024,48.353831,-119.288554
3DD.003E45CD92,Omak Creek,8/1/2024,2024,48.353831,-119.288554
3DD.003E45CD93,Starr Boat Launch,8/17/2023,2023,47.983552,-119.887492
3DD.003E45CD94,Starr Boat Launch,7/25/2024,2024,47.983552,-119.887492
3DD.003E45CD95,Starr Boat Launch,7/25/2024,2024,47.983552,-119.887492
3DD.003E45CD96,Similkameen River,8/1/2024,2024,48.98607,-119.613005
3DD.003E45CD97,Starr Boat Launch,7/25/2024,2024,47.983552,-119.887492
3DD.003E45CD98,Similkameen River,8/1/2024,2024,48.98607,-119.613005
3DD.003E45CD99,Similkameen River,8/1/2024,2024,48.98607,-119.613005
3DD.003E45CD9A,Similkameen River,8/1/2024,2024,48.98607,-119.613005
3DD.003E45CD9B,Similkameen River,8/1/2024,2024,48.98607,-119.613005
3DD.003E45CD9C,Starr Boat Launch,8/17/2023,2023,47.983552,-119.887492
3DD.003E45CD9D,Omak Creek,8/1/2024,2024,48.353831,-119.288554
3DD.003E45CD9E,Similkameen River,8/1/2024,2024,48.98607,-119.613005
3DD.003E45CD9F,Starr Boat Launch,7/25/2024,2024,47.983552,-119.887492
3DD.003E45CDA0,Starr Boat Launch,7/25/2024,2024,47.983552,-119.887492
3DD.003E45CDA1,Omak Creek,8/1/2024,2024,48.353831,-119.288554
3DD.003E45CDA2,Starr Boat Launch,7/25/2024,2024,47.983552,-119.887492
3DD.003E45CDA3,Similkameen River,8/1/2024,2024,48.98607,-119.613005
3DD.003E45CDA4,Starr Boat Launch,7/25/2024,2024,47.983552,-119.887492
3DD.003E45CDA5,Starr Boat Launch,7/25/2024,2024,47.983552,-119.887492
3DD.003E45CDA6,Starr Boat Launch,7/25/2024,2024,47.983552,-119.887492
3DD.003E45CDA7,Omak Creek,8/1/2024,2024,48.353831,-119.288554
3DD.003E45CDA8,Omak Creek,8/1/2024,2024,48.353831,-119.288554
3DD.003E45CDA9,Starr Boat Launch,7/25/2024,2024,47.983552,-119.887492
3DD.003E45CDAA,Starr Boat Launch,8/17/2023,2023,47.983552,-119.887492
3DD.003E45CDAB,Starr Boat Launch,7/25/2024,2024,47.983552,-119.887492
3DD.003E45CDAC,Starr Boat Launch,8/17/2023,2023,47.983552,-119.887492
3DD.003E45CDAD,Omak Creek,8/1/2024,2024,48.353831,-119.288554
3DD.003E45CDAE,Omak Creek,8/1/2024,2024,48.353831,-119.288554
3DD.003E45CDAF,Starr Boat Launch,7/25/2024,2024,47.983552,-119.887492
3DD.003E45CDB0,Similkameen River,8/1/2024,2024,48.98607,-119.613005
3DD.003E45CDB1,Omak Creek,8/1/2024,2024,48.353831,-119.288554
3DD.003E45CDB2,Starr Boat Launch,8/17/2023,2023,47.983552,-119.887492
3DD.003E45CDB3,Starr Boat Launch,8/17/2023,2023,47.983552,-119.887492
3DD.003E45CDB4,Omak Creek,8/1/2024,2024,48.353831,-119.288554
3DD.003E45CDB5,Omak Creek,8/1/2024,2024,48.353831,-119.288554
3DD.003E45CDB6,Starr Boat Launch,7/25/2024,2024,47.983552,-119.887492
3DD.003E45CDB7,Starr Boat Launch,7/25/2024,2024,47.983552,-119.887492
3DD.003E45CDB8,Starr Boat Launch,7/25/2024,2024,47.983552,-119.887492
3DD.003E45CDB9,Omak Creek,8/1/2024,2024,48.353831,-119.288554
3DD.003E45CDBA,Starr Boat Launch,7/25/2024,2024,47.983552,-119.887492
3DD.003E45CDBB,Omak Creek,8/1/2024,2024,48.353831,-119.288554
3DD.003E45CDBC,Omak Creek,8/1/2024,2024,48.353831,-119.288554
3DD.003E45CDBD,Starr Boat Launch,7/25/2024,2024,47.983552,-119.887492
3DD.003E45CDBE,Starr Boat Launch,7/25/2024,2024,47.983552,-119.887492
3DD.003E45CDBF,Similkameen River,8/1/2024,2024,48.98607,-119.613005
3DD.003E45CDC0,Similkameen River,8/1/2024,2024,48.98607,-119.613005
3DD.003E45CDC1,Similkameen River,8/1/2024,2024,48.98607,-119.613005
3DD.003E45CDC2,Omak Creek,8/1/2024,2024,48.353831,-119.288554
3DD.003E45CDC3,Omak Creek,8/1/2024,2024,48.353831,-119.288554
3DD.003E45CDC4,Starr Boat Launch,8/17/2023,2023,47.983552,-119.887492
3DD.003E45CDC5,Omak Creek,8/1/2024,2024,48.353831,-119.288554
3DD.003E45CDC6,Starr Boat Launch,8/17/2023,2023,47.983552,-119.887492
3DD.003E45CDC7,Starr Boat Launch,8/17/2023,2023,47.983552,-119.887492
3DD.003E45CDC8,Starr Boat Launch,7/25/2024,2024,47.983552,-119.887492
3DD.003E45CDC9,Starr Boat Launch,7/25/2024,2024,47.983552,-119.887492
3DD.003E45CDCA,Starr Boat Launch,8/17/2023,2023,47.983552,-119.887492
3DD.003E45CDCB,Omak Creek,8/1/2024,2024,48.353831,-119.288554
3DD.003E45CDCC,Starr Boat Launch,7/25/2024,2024,47.983552,-119.887492
3DD.003E45CDCD,Similkameen River,8/1/2024,2024,48.98607,-119.613005
3DD.003E45CDCE,Similkameen River,8/1/2024,2024,48.98607,-119.613005
3DD.003E45CDCF,Starr Boat Launch,8/17/2023,2023,47.983552,-119.887492
3DD.003E45CDD0,Omak Creek,8/1/2024,2024,48.353831,-119.288554
3DD.003E45CDD1,Starr Boat Launch,7/25/2024,2024,47.983552,-119.887492
3DD.003E45CDD2,Similkameen River,8/1/2024,2024,48.98607,-119.613005
3DD.003E45CDD3,Starr Boat Launch,7/25/2024,2024,47.983552,-119.887492
3DD.003E45CDD4,Starr Boat Launch,7/25/2024,2024,47.983552,-119.887492
3DD.003E45CDD5,Similkameen River,8/1/2024,2024,48.98607,-119.613005
3DD.003E45CDD6,Omak Creek,8/1/2024,2024,48.353831,-119.288554
3DD.003E45CDD7,Similkameen River,8/1/2024,2024,48.98607,-119.613005
3DD.003E45CDD8,Starr Boat Launch,8/17/2023,2023,47.983552,-119.887492
3DD.003E45CDD9,Starr Boat Launch,7/25/2024,2024,47.983552,-119.887492
3DD.003E45CDDA,Starr Boat Launch,8/17/2023,2023,47.983552,-119.887492
3DD.003E45CDDB,Similkameen River,8/1/2024,2024,48.98607,-119.613005
3DD.003E45CDDC,Starr Boat Launch,7/25/2024,2024,47.983552,-119.887492
3DD.003E45CDDD,Starr Boat Launch,8/17/2023,2023,47.983552,-119.887492
3DD.003E45CDDE,Similkameen River,8/1/2024,2024,48.98607,-119.613005
3DD.003E45CDDF,Omak Creek,8/1/2024,2024,48.353831,-119.288554
3DD.003E45CDE0,Similkameen River,8/1/2024,2024,48.98607,-119.613005
3DD.003E45CDE1,Starr Boat Launch,8/17/2023,2023,47.983552,-119.887492
3DD.003E45CDE2,Omak Creek,8/1/2024,2024,48.353831,-119.288554
3DD.003E45CDE3,Omak Creek,8/1/2024,2024,48.353831,-119.288554
3DD.003E45CDE4,Omak Creek,8/1/2024,2024,48.353831,-119.288554
3DD.003E45CDE5,Similkameen River,8/1/2024,2024,48.98607,-119.613005
3DD.003E45CDE6,Starr Boat Launch,8/17/2023,2023,47.983552,-119.887492
3DD.003E45CDE7,Starr Boat Launch,7/25/2024,2024,47.983552,-119.887492
3DD.003E45CDE8,Similkameen River,8/1/2024,2024,48.98607,-119.613005
3DD.003E45CDE9,Similkameen River,8/1/2024,2024,48.98607,-119.613005
3DD.003E45CDEA,Starr Boat Launch,7/25/2024,2024,47.983552,-119.887492
3DD.003E45CDEB,Omak Creek,8/1/2024,2024,48.353831,-119.288554
3DD.003E45CDEC,Similkameen River,8/1/2024,2024,48.98607,-119.613005
3DD.003E45CDED,Starr Boat Launch,7/25/2024,2024,47.983552,-119.887492
3DD.003E45CDEE,Similkameen River,8/1/2024,2024,48.98607,-119.613005
3DD.003E45CDEF,Similkameen River,8/1/2024,2024,48.98607,-119.613005
3DD.003E45CDF0,Similkameen River,8/1/2024,2024,48.98607,-119.613005
3DD.003E45CDF1,Similkameen River,8/1/2024,2024,48.98607,-119.613005
3DD.003E45CDF2,Starr Boat Launch,8/17/2023,2023,47.983552,-119.887492
3DD.003E45CDF3,Starr Boat Launch,8/17/2023,2023,47.983552,-119.887492
3DD.003E45CDF4,Starr Boat Launch,7/25/2024,2024,47.983552,-119.887492
3DD.003E45CDF5,Starr Boat Launch,7/25/2024,2024,47.983552,-119.887492
3DD.003E45CDF6,Starr Boat Launch,7/25/2024,2024,47.983552,-119.887492
3DD.003E45CDF7,Starr Boat Launch,7/25/2024,2024,47.983552,-119.887492
3DD.003E45CDF8,Salmon Creek,7/18/2024,2024,48.446022,-119.666279
3DD.003E45CDF9,Salmon Creek,7/18/2024,2024,48.446022,-119.666279
3DD.003E45CDFA,Starr Boat Launch,7/25/2024,2024,47.983552,-119.887492
3DD.003E45CDFB,Starr Boat Launch,7/25/2024,2024,47.983552,-119.887492
3DD.003E45CDFC,Starr Boat Launch,7/25/2024,2024,47.983552,-119.887492
3DD.003E45CDFD,Starr Boat Launch,7/25/2024,2024,47.983552,-119.887492
3DD.003E45CDFE,Starr Boat Launch,7/25/2024,2024,47.983552,-119.887492
3DD.003E45CDFF,Starr Boat Launch,7/25/2024,2024,47.983552,-119.887492
3DD.003E45CE00,Starr Boat Launch,7/25/2024,2024,47.983552,-119.887492
3DD.003E45CE01,Salmon Creek,7/18/2024,2024,48.446022,-119.666279
3DD.003E45CE02,Starr Boat Launch,7/25/2024,2024,47.983552,-119.887492
3DD.003E45CE03,Starr Boat Launch,7/25/2024,2024,47.983552,-119.887492
3DD.003E45CE04,Salmon Creek,7/18/2024,2024,48.446022,-119.666279
3DD.003E45CE05,Starr Boat Launch,7/25/2024,2024,47.983552,-119.887492
3DD.003E45CE06,Starr Boat Launch,7/25/2024,2024,47.983552,-119.887492
3DD.003E45CE07,Starr Boat Launch,7/25/2024,2024,47.983552,-119.887492
3DD.003E45CE08,Starr Boat Launch,7/25/2024,2024,47.983552,-119.887492
3DD.003E45CE09,Salmon Creek,7/18/2024,2024,48.446022,-119.666279
3DD.003E45CE0A,Starr Boat Launch,7/25/2024,2024,47.983552,-119.887492
3DD.003E45CE0B,Starr Boat Launch,7/25/2024,2024,47.983552,-119.887492
3DD.003E45CE0C,Starr Boat Launch,7/25/2024,2024,47.983552,-119.887492
3DD.003E45CE0D,Starr Boat Launch,7/25/2024,2024,47.983552,-119.887492
3DD.003E45CE0E,Starr Boat Launch,7/25/2024,2024,47.983552,-119.887492
3DD.003E45CE0F,Starr Boat Launch,7/25/2024,2024,47.983552,-119.887492
3DD.003E45CE10,Starr Boat Launch,7/25/2024,2024,47.983552,-119.887492
3DD.003E45CE11,Starr Boat Launch,7/25/2024,2024,47.983552,-119.887492
3DD.003E45CE12,Starr Boat Launch,7/25/2024,2024,47.983552,-119.887492
3DD.003E45CE13,Starr Boat Launch,7/25/2024,2024,47.983552,-119.887492
3DD.003E45CE14,Starr Boat Launch,7/25/2024,2024,47.983552,-119.887492
3DD.003E45CE15,Starr Boat Launch,7/25/2024,2024,47.983552,-119.887492
3DD.003E45CE16,Starr Boat Launch,7/25/2024,2024,47.983552,-119.887492
3DD.003E45CE17,Salmon Creek,7/18/2024,2024,48.446022,-119.666279
3DD.003E45CE18,Starr Boat Launch,7/25/2024,2024,47.983552,-119.887492
3DD.003E45CE19,Starr Boat Launch,7/25/2024,2024,47.983552,-119.887492
3DD.003E45CE1A,Starr Boat Launch,7/25/2024,2024,47.983552,-119.887492
3DD.003E45CE1B,Starr Boat Launch,7/25/2024,2024,47.983552,-119.887492
3DD.003E45CE1C,Starr Boat Launch,7/25/2024,2024,47.983552,-119.887492
3DD.003E45CE1D,Starr Boat Launch,7/25/2024,2024,47.983552,-119.887492
3DD.003E45CE1E,Starr Boat Launch,7/25/2024,2024,47.983552,-119.887492
3DD.003E45CE1F,Starr Boat Launch,7/25/2024,2024,47.983552,-119.887492
3DD.003E45CE20,Starr Boat Launch,7/25/2024,2024,47.983552,-119.887492
3DD.003E45CE21,Starr Boat Launch,7/25/2024,2024,47.983552,-119.887492
3DD.003E45CE22,Starr Boat Launch,7/25/2024,2024,47.983552,-119.887492
3DD.003E45CE23,Starr Boat Launch,7/25/2024,2024,47.983552,-119.887492
3DD.003E45CE24,Starr Boat Launch,7/25/2024,2024,47.983552,-119.887492
3DD.003E45CE25,Starr Boat Launch,7/25/2024,2024,47.983552,-119.887492
3DD.003E45CE26,Starr Boat Launch,7/25/2024,2024,47.983552,-119.887492
3DD.003E45CE27,Starr Boat Launch,7/25/2024,2024,47.983552,-119.887492
3DD.003E45CE28,Starr Boat Launch,7/25/2024,2024,47.983552,-119.887492
3DD.003E45CE29,Starr Boat Launch,7/25/2024,2024,47.983552,-119.887492
3DD.003E45CE2A,Starr Boat Launch,7/25/2024,2024,47.983552,-119.887492
3DD.003E45CE2B,Starr Boat Launch,7/25/2024,2024,47.983552,-119.887492
3DD.003E45CE2C,Starr Boat Launch,7/25/2024,2024,47.983552,-119.887492
3DD.003E45CE2D,Starr Boat Launch,7/25/2024,2024,47.983552,-119.887492
3DD.003E45CE2E,Starr Boat Launch,7/25/2024,2024,47.983552,-119.887492
3DD.003E45CE2F,Starr Boat Launch,7/25/2024,2024,47.983552,-119.887492
3DD.003E45CE30,Starr Boat Launch,7/25/2024,2024,47.983552,-119.887492
3DD.003E45CE31,Starr Boat Launch,7/25/2024,2024,47.983552,-119.887492
3DD.003E45CE32,Starr Boat Launch,7/25/2024,2024,47.983552,-119.887492
3DD.003E45CE33,Starr Boat Launch,7/25/2024,2024,47.983552,-119.887492
3DD.003E45CE34,Starr Boat Launch,7/25/2024,2024,47.983552,-119.887492
3DD.003E45CE35,Starr Boat Launch,7/25/2024,2024,47.983552,-119.887492
3DD.003E45CE36,Salmon Creek,7/18/2024,2024,48.446022,-119.666279
3DD.003E45CE37,Starr Boat Launch,7/25/2024,2024,47.983552,-119.887492
3DD.003E45CE38,Starr Boat Launch,7/25/2024,2024,47.983552,-119.887492
3DD.003E45CE39,Starr Boat Launch,7/25/2024,2024,47.983552,-119.887492
3DD.003E45CE3A,Starr Boat Launch,7/25/2024,2024,47.983552,-119.887492
3DD.003E45CE3B,Starr Boat Launch,7/25/2024,2024,47.983552,-119.887492
3DD.003E45CE3C,Starr Boat Launch,7/25/2024,2024,47.983552,-119.887492
3DD.003E45CE3D,Starr Boat Launch,7/25/2024,2024,47.983552,-119.887492
3DD.003E45CE3E,Starr Boat Launch,7/25/2024,2024,47.983552,-119.887492
3DD.003E45CE3F,Starr Boat Launch,7/25/2024,2024,47.983552,-119.887492
3DD.003E45CE40,Starr Boat Launch,7/25/2024,2024,47.983552,-119.887492
3DD.003E45CE41,Starr Boat Launch,7/25/2024,2024,47.983552,-119.887492
3DD.003E45CE42,Starr Boat Launch,7/25/2024,2024,47.983552,-119.887492
3DD.003E45CE43,Starr Boat Launch,7/25/2024,2024,47.983552,-119.887492
3DD.003E45CE44,Starr Boat Launch,7/25/2024,2024,47.983552,-119.887492
3DD.003E45CE45,Starr Boat Launch,7/25/2024,2024,47.983552,-119.887492
3DD.003E45CE46,Starr Boat Launch,7/25/2024,2024,47.983552,-119.887492
3DD.003E45CE47,Starr Boat Launch,7/25/2024,2024,47.983552,-119.887492
3DD.003E45CE48,Starr Boat Launch,7/25/2024,2024,47.983552,-119.887492
3DD.003E45CE49,Starr Boat Launch,7/25/2024,2024,47.983552,-119.887492
3DD.003E45CE4A,Starr Boat Launch,7/25/2024,2024,47.983552,-119.887492
3DD.003E45CE4B,Starr Boat Launch,7/25/2024,2024,47.983552,-119.887492
3DD.003E45CE4C,Starr Boat Launch,7/25/2024,2024,47.983552,-119.887492
3DD.003E45CE4D,Salmon Creek,7/18/2024,2024,48.446022,-119.666279
3DD.003E45CE4E,Starr Boat Launch,7/25/2024,2024,47.983552,-119.887492
3DD.003E45CE4F,Starr Boat Launch,7/25/2024,2024,47.983552,-119.887492
3DD.003E45CE50,Starr Boat Launch,7/25/2024,2024,47.983552,-119.887492
3DD.003E45CE51,Starr Boat Launch,7/25/2024,2024,47.983552,-119.887492
3DD.003E45CE52,Starr Boat Launch,7/25/2024,2024,47.983552,-119.887492
3DD.003E45CE53,Starr Boat Launch,7/25/2024,2024,47.983552,-119.887492
3DD.003E45CE54,Starr Boat Launch,7/25/2024,2024,47.983552,-119.887492
3DD.003E45CE55,Starr Boat Launch,7/25/2024,2024,47.983552,-119.887492
3DD.003E45CE56,Salmon Creek,7/18/2024,2024,48.446022,-119.666279
3DD.003E45CE57,Starr Boat Launch,7/25/2024,2024,47.983552,-119.887492
3DD.003E45CE58,Starr Boat Launch,7/25/2024,2024,47.983552,-119.887492
3DD.003E45CEBE,Salmon Creek,7/18/2024,2024,48.446022,-119.666279
3DD.003E45CEBF,Loup Loup Creek,7/18/2024,2024,48.375647,-119.763312
3DD.003E45CEC0,Loup Loup Creek,7/18/2024,2024,48.375647,-119.763312
3DD.003E45CEC1,Salmon Creek,7/18/2024,2024,48.446022,-119.666279
3DD.003E45CEC3,Salmon Creek,7/18/2024,2024,48.446022,-119.666279
3DD.003E45CEC5,Salmon Creek,7/18/2024,2024,48.446022,-119.666279
3DD.003E45CEC8,Salmon Creek,7/18/2024,2024,48.446022,-119.666279
3DD.003E45CEC9,Loup Loup Creek,7/18/2024,2024,48.375647,-119.763312
3DD.003E45CECA,Salmon Creek,7/18/2024,2024,48.446022,-119.666279
3DD.003E45CECB,Loup Loup Creek,7/18/2024,2024,48.375647,-119.763312
3DD.003E45CECC,Loup Loup Creek,7/18/2024,2024,48.375647,-119.763312
3DD.003E45CECD,Loup Loup Creek,7/18/2024,2024,48.375647,-119.763312
3DD.003E45CECF,Salmon Creek,7/18/2024,2024,48.446022,-119.666279
3DD.003E45CED1,Salmon Creek,7/18/2024,2024,48.446022,-119.666279
3DD.003E45CED4,Loup Loup Creek,7/18/2024,2024,48.375647,-119.763312
3DD.003E45CED5,Salmon Creek,7/18/2024,2024,48.446022,-119.666279
3DD.003E45CED6,Salmon Creek,7/18/2024,2024,48.446022,-119.666279
3DD.003E45CED9,Loup Loup Creek,7/18/2024,2024,48.375647,-119.763312
3DD.003E45CEDB,Salmon Creek,7/18/2024,2024,48.446022,-119.666279
3DD.003E45CEDC,Salmon Creek,7/18/2024,2024,48.446022,-119.666279
3DD.003E45CEDD,Loup Loup Creek,7/18/2024,2024,48.375647,-119.763312
3DD.003E45CEE2,Loup Loup Creek,7/18/2024,2024,48.375647,-119.763312
3DD.003E45CEE3,Loup Loup Creek,7/18/2024,2024,48.375647,-119.763312
3DD.003E45CEE4,Loup Loup Creek,7/18/2024,2024,48.375647,-119.763312
3DD.003E45CEE5,Salmon Creek,7/18/2024,2024,48.446022,-119.666279
3DD.003E45CEE6,Loup Loup Creek,7/18/2024,2024,48.375647,-119.763312
3DD.003E45CEE8,Salmon Creek,7/18/2024,2024,48.446022,-119.666279
3DD.003E45CEE9,Salmon Creek,7/18/2024,2024,48.446022,-119.666279
3DD.003E45CEEA,Loup Loup Creek,7/18/2024,2024,48.375647,-119.763312
3DD.003E45CEED,Salmon Creek,7/18/2024,2024,48.446022,-119.666279
3DD.003E45CEEE,Salmon Creek,7/18/2024,2024,48.446022,-119.666279
3DD.003E45CEEF,Loup Loup Creek,7/18/2024,2024,48.375647,-119.763312
3DD.003E45CEF0,Loup Loup Creek,7/18/2024,2024,48.375647,-119.763312
3DD.003E45CEF1,Loup Loup Creek,7/18/2024,2024,48.375647,-119.763312
3DD.003E45CEF2,Loup Loup Creek,7/18/2024,2024,48.375647,-119.763312
3DD.003E45CEF3,Salmon Creek,7/18/2024,2024,48.446022,-119.666279
3DD.003E45CEF4,Loup Loup Creek,7/18/2024,2024,48.375647,-119.763312
3DD.003E45CEF5,Loup Loup Creek,7/18/2024,2024,48.375647,-119.763312
3DD.003E45CEF6,Salmon Creek,7/18/2024,2024,48.446022,-119.666279
3DD.003E45CEF7,Loup Loup Creek,7/18/2024,2024,48.375647,-119.763312
3DD.003E45CEF8,Loup Loup Creek,7/18/2024,2024,48.375647,-119.763312
3DD.003E45CEFA,Salmon Creek,7/18/2024,2024,48.446022,-119.666279
3DD.003E45CEFB,Loup Loup Creek,7/18/2024,2024,48.375647,-119.763312
3DD.003E45CEFC,Loup Loup Creek,7/18/2024,2024,48.375647,-119.763312
3DD.003E45CEFD,Salmon Creek,7/18/2024,2024,48.446022,-119.666279
3DD.003E45CEFE,Salmon Creek,7/18/2024,2024,48.446022,-119.666279
3DD.003E45CF01,Loup Loup Creek,7/18/2024,2024,48.375647,-119.763312
3DD.003E45CF02,Loup Loup Creek,7/18/2024,2024,48.375647,-119.763312
3DD.003E45CF05,Salmon Creek,7/18/2024,2024,48.446022,-119.666279
3DD.003E45CF06,Salmon Creek,7/18/2024,2024,48.446022,-119.666279
3DD.003E45CF0A,Salmon Creek,7/18/2024,2024,48.446022,-119.666279
3DD.003E45CF0D,Loup Loup Creek,7/18/2024,2024,48.375647,-119.763312
3DD.003E45CF0E,Loup Loup Creek,7/18/2024,2024,48.375647,-119.763312
3DD.003E45CF0F,Salmon Creek,7/18/2024,2024,48.446022,-119.666279
3DD.003E45CF10,Loup Loup Creek,7/18/2024,2024,48.375647,-119.763312
3DD.003E45CF11,Loup Loup Creek,7/18/2024,2024,48.375647,-119.763312
3DD.003E45CF13,Salmon Creek,7/18/2024,2024,48.446022,-119.666279
3DD.003E45CF17,Loup Loup Creek,7/18/2024,2024,48.375647,-119.763312
3DD.003E45CF18,Loup Loup Creek,7/18/2024,2024,48.375647,-119.763312
3DD.003E45CF1A,Salmon Creek,7/18/2024,2024,48.446022,-119.666279
3DD.003E45CF1B,Loup Loup Creek,7/18/2024,2024,48.375647,-119.763312
3DD.003E45CF1D,Loup Loup Creek,7/18/2024,2024,48.375647,-119.763312
3DD.003E45CF1E,Loup Loup Creek,7/18/2024,2024,48.375647,-119.763312
3DD.003E45CF20,Loup Loup Creek,7/18/2024,2024,48.375647,-119.763312
3DD.003E45CFE9,Starr Boat Launch,8/10/2023,2023,47.983552,-119.887492
3DD.003E45CFEA,Starr Boat Launch,8/10/2023,2023,47.983552,-119.887492
3DD.003E45CFEB,Starr Boat Launch,8/10/2023,2023,47.983552,-119.887492
3DD.003E45CFEC,Starr Boat Launch,8/10/2023,2023,47.983552,-119.887492
3DD.003E45CFED,Starr Boat Launch,8/10/2023,2023,47.983552,-119.887492
3DD.003E45CFEE,Starr Boat Launch,8/10/2023,2023,47.983552,-119.887492
3DD.003E45CFEF,Starr Boat Launch,8/10/2023,2023,47.983552,-119.887492
3DD.003E45CFF0,Starr Boat Launch,8/10/2023,2023,47.983552,-119.887492
3DD.003E45CFF1,Starr Boat Launch,8/10/2023,2023,47.983552,-119.887492
3DD.003E45CFF2,Starr Boat Launch,8/10/2023,2023,47.983552,-119.887492
3DD.003E45CFF3,Starr Boat Launch,8/10/2023,2023,47.983552,-119.887492
3DD.003E45CFF4,Starr Boat Launch,8/10/2023,2023,47.983552,-119.887492
3DD.003E45CFF5,Starr Boat Launch,8/10/2023,2023,47.983552,-119.887492
3DD.003E45CFF6,Starr Boat Launch,8/10/2023,2023,47.983552,-119.887492
3DD.003E45CFF7,Starr Boat Launch,8/10/2023,2023,47.983552,-119.887492
3DD.003E45CFF8,Starr Boat Launch,8/10/2023,2023,47.983552,-119.887492
3DD.003E45CFF9,Starr Boat Launch,8/10/2023,2023,47.983552,-119.887492
3DD.003E45CFFA,Starr Boat Launch,8/10/2023,2023,47.983552,-119.887492
3DD.003E45CFFB,Starr Boat Launch,8/10/2023,2023,47.983552,-119.887492
3DD.003E45CFFC,Starr Boat Launch,8/10/2023,2023,47.983552,-119.887492
3DD.003E45CFFD,Starr Boat Launch,8/10/2023,2023,47.983552,-119.887492
3DD.003E45CFFE,Starr Boat Launch,8/10/2023,2023,47.983552,-119.887492
3DD.003E45CFFF,Starr Boat Launch,8/10/2023,2023,47.983552,-119.887492
3DD.003E45D000,Starr Boat Launch,8/10/2023,2023,47.983552,-119.887492
3DD.003E45D001,Starr Boat Launch,8/10/2023,2023,47.983552,-119.887492
3DD.003E45D002,Starr Boat Launch,8/10/2023,2023,47.983552,-119.887492
3DD.003E45D003,Starr Boat Launch,8/10/2023,2023,47.983552,-119.887492
3DD.003E45D004,Starr Boat Launch,8/10/2023,2023,47.983552,-119.887492
3DD.003E45D005,Starr Boat Launch,8/10/2023,2023,47.983552,-119.887492
3DD.003E45D006,Starr Boat Launch,8/10/2023,2023,47.983552,-119.887492
3DD.003E45D007,Starr Boat Launch,8/10/2023,2023,47.983552,-119.887492
3DD.003E45D008,Starr Boat Launch,8/10/2023,2023,47.983552,-119.887492
3DD.003E45D009,Starr Boat Launch,8/10/2023,2023,47.983552,-119.887492
3DD.003E45D00A,Starr Boat Launch,8/10/2023,2023,47.983552,-119.887492
3DD.003E45D00B,Starr Boat Launch,8/10/2023,2023,47.983552,-119.887492
3DD.003E45D00C,Starr Boat Launch,8/10/2023,2023,47.983552,-119.887492
3DD.003E45D00D,Starr Boat Launch,8/10/2023,2023,47.983552,-119.887492
3DD.003E45D00E,Starr Boat Launch,8/10/2023,2023,47.983552,-119.887492
3DD.003E45D00F,Starr Boat Launch,8/10/2023,2023,47.983552,-119.887492
3DD.003E45D010,Starr Boat Launch,8/10/2023,2023,47.983552,-119.887492
3DD.003E45D011,Starr Boat Launch,8/10/2023,2023,47.983552,-119.887492
3DD.003E45D012,Starr Boat Launch,8/10/2023,2023,47.983552,-119.887492
3DD.003E45D013,Starr Boat Launch,8/10/2023,2023,47.983552,-119.887492
3DD.003E45D014,Starr Boat Launch,8/10/2023,2023,47.983552,-119.887492
3DD.003E45D015,Starr Boat Launch,8/10/2023,2023,47.983552,-119.887492
3DD.003E45D016,Starr Boat Launch,8/10/2023,2023,47.983552,-119.887492
3DD.003E45D017,Starr Boat Launch,8/10/2023,2023,47.983552,-119.887492
3DD.003E45D018,Starr Boat Launch,8/10/2023,2023,47.983552,-119.887492
3DD.003E45D019,Starr Boat Launch,8/10/2023,2023,47.983552,-119.887492
3DD.003E45D01A,Starr Boat Launch,8/10/2023,2023,47.983552,-119.887492
3DD.003E45D01B,Starr Boat Launch,8/10/2023,2023,47.983552,-119.887492
3DD.003E45D01C,Starr Boat Launch,8/10/2023,2023,47.983552,-119.887492
3DD.003E45D01D,Starr Boat Launch,8/10/2023,2023,47.983552,-119.887492
3DD.003E45D01E,Starr Boat Launch,8/10/2023,2023,47.983552,-119.887492
3DD.003E45D01F,Starr Boat Launch,8/10/2023,2023,47.983552,-119.887492
3DD.003E45D020,Starr Boat Launch,8/10/2023,2023,47.983552,-119.887492
3DD.003E45D021,Starr Boat Launch,8/10/2023,2023,47.983552,-119.887492
3DD.003E45D022,Starr Boat Launch,8/10/2023,2023,47.983552,-119.887492
3DD.003E45D023,Starr Boat Launch,8/10/2023,2023,47.983552,-119.887492
3DD.003E45D024,Starr Boat Launch,8/10/2023,2023,47.983552,-119.887492
3DD.003E45D025,Starr Boat Launch,8/10/2023,2023,47.983552,-119.887492
3DD.003E45D026,Starr Boat Launch,8/10/2023,2023,47.983552,-119.887492
3DD.003E45D027,Starr Boat Launch,8/10/2023,2023,47.983552,-119.887492
3DD.003E45D028,Starr Boat Launch,8/10/2023,2023,47.983552,-119.887492
3DD.003E45D029,Starr Boat Launch,8/10/2023,2023,47.983552,-119.887492
3DD.003E45D02A,Starr Boat Launch,8/10/2023,2023,47.983552,-119.887492
3DD.003E45D02B,Starr Boat Launch,8/10/2023,2023,47.983552,-119.887492
3DD.003E45D02C,Starr Boat Launch,8/10/2023,2023,47.983552,-119.887492
3DD.003E45D02D,Starr Boat Launch,8/10/2023,2023,47.983552,-119.887492
3DD.003E45D02E,Starr Boat Launch,8/10/2023,2023,47.983552,-119.887492
3DD.003E45D02F,Starr Boat Launch,8/10/2023,2023,47.983552,-119.887492
3DD.003E45D030,Starr Boat Launch,8/10/2023,2023,47.983552,-119.887492
3DD.003E45D031,Starr Boat Launch,8/10/2023,2023,47.983552,-119.887492
3DD.003E45D032,Starr Boat Launch,8/10/2023,2023,47.983552,-119.887492
3DD.003E45D033,Starr Boat Launch,8/10/2023,2023,47.983552,-119.887492
3DD.003E45D034,Starr Boat Launch,8/10/2023,2023,47.983552,-119.887492
3DD.003E45D035,Starr Boat Launch,8/10/2023,2023,47.983552,-119.887492
3DD.003E45D036,Starr Boat Launch,8/10/2023,2023,47.983552,-119.887492
3DD.003E45D037,Starr Boat Launch,8/10/2023,2023,47.983552,-119.887492
3DD.003E45D038,Starr Boat Launch,8/10/2023,2023,47.983552,-119.887492
3DD.003E45D039,Starr Boat Launch,8/10/2023,2023,47.983552,-119.887492
3DD.003E45D03A,Starr Boat Launch,8/10/2023,2023,47.983552,-119.887492
3DD.003E45D03B,Starr Boat Launch,8/10/2023,2023,47.983552,-119.887492
3DD.003E45D03C,Starr Boat Launch,8/10/2023,2023,47.983552,-119.887492
3DD.003E45D03D,Starr Boat Launch,8/10/2023,2023,47.983552,-119.887492
3DD.003E45D03E,Starr Boat Launch,8/10/2023,2023,47.983552,-119.887492
3DD.003E45D03F,Starr Boat Launch,8/10/2023,2023,47.983552,-119.887492
3DD.003E45D040,Starr Boat Launch,8/10/2023,2023,47.983552,-119.887492
3DD.003E45D041,Starr Boat Launch,8/10/2023,2023,47.983552,-119.887492
3DD.003E45D042,Starr Boat Launch,8/10/2023,2023,47.983552,-119.887492
3DD.003E45D043,Starr Boat Launch,8/10/2023,2023,47.983552,-119.887492
3DD.003E45D044,Starr Boat Launch,8/10/2023,2023,47.983552,-119.887492
3DD.003E45D045,Starr Boat Launch,8/10/2023,2023,47.983552,-119.887492
3DD.003E45D046,Starr Boat Launch,8/10/2023,2023,47.983552,-119.887492
3DD.003E45D047,Starr Boat Launch,8/10/2023,2023,47.983552,-119.887492
3DD.003E45D048,Starr Boat Launch,8/10/2023,2023,47.983552,-119.887492
3DD.003E45D049,Starr Boat Launch,8/10/2023,2023,47.983552,-119.887492
3DD.003E45D04A,Starr Boat Launch,8/10/2023,2023,47.983552,-119.887492
3DD.003E45D04B,Starr Boat Launch,8/10/2023,2023,47.983552,-119.887492
3DD.003E45D04C,Starr Boat Launch,8/10/2023,2023,47.983552,-119.887492
3DD.003E45D04D,Starr Boat Launch,8/17/2023,2023,47.983552,-119.887492
3DD.003E45D04E,Starr Boat Launch,8/17/2023,2023,47.983552,-119.887492
3DD.003E45D04F,Starr Boat Launch,8/17/2023,2023,47.983552,-119.887492
3DD.003E45D050,Starr Boat Launch,8/17/2023,2023,47.983552,-119.887492
3DD.003E45D051,Starr Boat Launch,8/17/2023,2023,47.983552,-119.887492
3DD.003E45D052,Starr Boat Launch,8/17/2023,2023,47.983552,-119.887492
3DD.003E45D053,Starr Boat Launch,8/17/2023,2023,47.983552,-119.887492
3DD.003E45D054,Starr Boat Launch,8/17/2023,2023,47.983552,-119.887492
3DD.003E45D055,Starr Boat Launch,8/17/2023,2023,47.983552,-119.887492
3DD.003E45D056,Starr Boat Launch,8/17/2023,2023,47.983552,-119.887492
3DD.003E45D057,Starr Boat Launch,8/17/2023,2023,47.983552,-119.887492
3DD.003E45D058,Starr Boat Launch,8/17/2023,2023,47.983552,-119.887492
3DD.003E45D059,Starr Boat Launch,8/17/2023,2023,47.983552,-119.887492
3DD.003E45D05A,Starr Boat Launch,8/17/2023,2023,47.983552,-119.887492
3DD.003E45D05B,Starr Boat Launch,8/17/2023,2023,47.983552,-119.887492
3DD.003E45D05C,Starr Boat Launch,8/17/2023,2023,47.983552,-119.887492
3DD.003E45D05D,Starr Boat Launch,8/17/2023,2023,47.983552,-119.887492
3DD.003E45D05E,Starr Boat Launch,8/17/2023,2023,47.983552,-119.887492
3DD.003E45D05F,Starr Boat Launch,8/17/2023,2023,47.983552,-119.887492
3DD.003E45D060,Starr Boat Launch,8/17/2023,2023,47.983552,-119.887492
3DD.003E45D061,Starr Boat Launch,8/17/2023,2023,47.983552,-119.887492
3DD.003E45D062,Starr Boat Launch,8/17/2023,2023,47.983552,-119.887492
3DD.003E45D063,Starr Boat Launch,8/17/2023,2023,47.983552,-119.887492
3DD.003E45D064,Starr Boat Launch,8/17/2023,2023,47.983552,-119.887492
3DD.003E45D065,Starr Boat Launch,8/17/2023,2023,47.983552,-119.887492
3DD.003E45D066,Starr Boat Launch,8/17/2023,2023,47.983552,-119.887492
3DD.003E45D067,Starr Boat Launch,8/17/2023,2023,47.983552,-119.887492
3DD.003E45D068,Starr Boat Launch,8/17/2023,2023,47.983552,-119.887492
3DD.003E45D069,Starr Boat Launch,8/17/2023,2023,47.983552,-119.887492
3DD.003E45D06A,Starr Boat Launch,8/17/2023,2023,47.983552,-119.887492
3DD.003E45D06B,Starr Boat Launch,8/17/2023,2023,47.983552,-119.887492
3DD.003E45D06C,Starr Boat Launch,8/17/2023,2023,47.983552,-119.887492
3DD.003E45D06D,Starr Boat Launch,8/17/2023,2023,47.983552,-119.887492
3DD.003E45D06E,Starr Boat Launch,8/17/2023,2023,47.983552,-119.887492
3DD.003E45D06F,Starr Boat Launch,8/17/2023,2023,47.983552,-119.887492
3DD.003E45D070,Starr Boat Launch,8/17/2023,2023,47.983552,-119.887492
3DD.003E45D071,Starr Boat Launch,8/17/2023,2023,47.983552,-119.887492
3DD.003E45D072,Starr Boat Launch,8/17/2023,2023,47.983552,-119.887492
3DD.003E45D073,Starr Boat Launch,8/17/2023,2023,47.983552,-119.887492
3DD.003E45D074,Starr Boat Launch,8/17/2023,2023,47.983552,-119.887492
3DD.003E45D075,Starr Boat Launch,8/17/2023,2023,47.983552,-119.887492
3DD.003E45D076,Starr Boat Launch,8/17/2023,2023,47.983552,-119.887492
3DD.003E45D077,Starr Boat Launch,8/17/2023,2023,47.983552,-119.887492
3DD.003E45D078,Starr Boat Launch,8/17/2023,2023,47.983552,-119.887492
3DD.003E45D079,Starr Boat Launch,8/17/2023,2023,47.983552,-119.887492
3DD.003E45D07A,Starr Boat Launch,8/17/2023,2023,47.983552,-119.887492
3DD.003E45D07B,Starr Boat Launch,8/17/2023,2023,47.983552,-119.887492
3DD.003E45D07C,Starr Boat Launch,8/17/2023,2023,47.983552,-119.887492
3DD.003E45D07D,Starr Boat Launch,8/17/2023,2023,47.983552,-119.887492
3DD.003E45D07E,Starr Boat Launch,8/17/2023,2023,47.983552,-119.887492
3DD.003E45D07F,Starr Boat Launch,8/17/2023,2023,47.983552,-119.887492
3DD.003E45D080,Starr Boat Launch,8/17/2023,2023,47.983552,-119.887492
3DD.003E45D081,Starr Boat Launch,8/17/2023,2023,47.983552,-119.887492
3DD.003E45D082,Starr Boat Launch,8/17/2023,2023,47.983552,-119.887492
3DD.003E45D083,Starr Boat Launch,8/17/2023,2023,47.983552,-119.887492
3DD.003E45D084,Starr Boat Launch,8/17/2023,2023,47.983552,-119.887492
3DD.003E45D085,Starr Boat Launch,8/17/2023,2023,47.983552,-119.887492
3DD.003E45D086,Starr Boat Launch,8/17/2023,2023,47.983552,-119.887492
3DD.003E45D087,Starr Boat Launch,8/17/2023,2023,47.983552,-119.887492
3DD.003E45D088,Starr Boat Launch,8/17/2023,2023,47.983552,-119.887492
3DD.003E45D089,Starr Boat Launch,8/17/2023,2023,47.983552,-119.887492
3DD.003E45D08A,Starr Boat Launch,8/17/2023,2023,47.983552,-119.887492
3DD.003E45D08B,Starr Boat Launch,8/17/2023,2023,47.983552,-119.887492
3DD.003E45D08C,Starr Boat Launch,8/17/2023,2023,47.983552,-119.887492
3DD.003E45D08D,Starr Boat Launch,8/17/2023,2023,47.983552,-119.887492
3DD.003E45D08E,Starr Boat Launch,8/17/2023,2023,47.983552,-119.887492
3DD.003E45D08F,Starr Boat Launch,8/17/2023,2023,47.983552,-119.887492
3DD.003E45D090,Starr Boat Launch,8/17/2023,2023,47.983552,-119.887492
3DD.003E45D091,Starr Boat Launch,8/17/2023,2023,47.983552,-119.887492
3DD.003E45D092,Starr Boat Launch,8/17/2023,2023,47.983552,-119.887492
3DD.003E45D093,Starr Boat Launch,8/17/2023,2023,47.983552,-119.887492
3DD.003E45D094,Starr Boat Launch,8/17/2023,2023,47.983552,-119.887492
3DD.003E45D095,Starr Boat Launch,8/17/2023,2023,47.983552,-119.887492
3DD.003E45D096,Starr Boat Launch,8/17/2023,2023,47.983552,-119.887492
3DD.003E45D097,Starr Boat Launch,8/17/2023,2023,47.983552,-119.887492
3DD.003E45D098,Starr Boat Launch,8/17/2023,2023,47.983552,-119.887492
3DD.003E45D099,Starr Boat Launch,8/17/2023,2023,47.983552,-119.887492
3DD.003E45D09A,Starr Boat Launch,8/17/2023,2023,47.983552,-119.887492
3DD.003E45D09B,Starr Boat Launch,8/17/2023,2023,47.983552,-119.887492
3DD.003E45D09C,Starr Boat Launch,8/17/2023,2023,47.983552,-119.887492
3DD.003E45D09D,Starr Boat Launch,8/17/2023,2023,47.983552,-119.887492
3DD.003E45D09E,Starr Boat Launch,8/17/2023,2023,47.983552,-119.887492
3DD.003E45D09F,Starr Boat Launch,8/17/2023,2023,47.983552,-119.887492
3DD.003E45D0A0,Starr Boat Launch,8/17/2023,2023,47.983552,-119.887492
3DD.003E45D0A1,Starr Boat Launch,8/17/2023,2023,47.983552,-119.887492
3DD.003E45D0A2,Starr Boat Launch,8/17/2023,2023,47.983552,-119.887492
3DD.003E45D0A3,Starr Boat Launch,8/17/2023,2023,47.983552,-119.887492
3DD.003E45D0A4,Starr Boat Launch,8/17/2023,2023,47.983552,-119.887492
3DD.003E45D0A5,Starr Boat Launch,8/17/2023,2023,47.983552,-119.887492
3DD.003E45D0A6,Starr Boat Launch,8/17/2023,2023,47.983552,-119.887492
3DD.003E45D0A7,Starr Boat Launch,8/17/2023,2023,47.983552,-119.887492
3DD.003E45D0A8,Starr Boat Launch,8/17/2023,2023,47.983552,-119.887492
3DD.003E45D0A9,Starr Boat Launch,8/17/2023,2023,47.983552,-119.887492
3DD.003E45D0AA,Starr Boat Launch,8/17/2023,2023,47.983552,-119.887492
3DD.003E45D0AB,Starr Boat Launch,8/17/2023,2023,47.983552,-119.887492
3DD.003E45D0AC,Starr Boat Launch,8/17/2023,2023,47.983552,-119.887492
3DD.003E45D0AD,Starr Boat Launch,8/17/2023,2023,47.983552,-119.887492
3DD.003E45D0AE,Starr Boat Launch,8/17/2023,2023,47.983552,-119.887492
3DD.003E45D0AF,Starr Boat Launch,8/17/2023,2023,47.983552,-119.887492
3DD.003E45D0B0,Starr Boat Launch,8/17/2023,2023,47.983552,-119.887492
3DD.003E45D179,Starr Boat Launch,8/3/2023,2023,47.983552,-119.887492
3DD.003E45D17A,Starr Boat Launch,8/3/2023,2023,47.983552,-119.887492
3DD.003E45D17B,Starr Boat Launch,8/3/2023,2023,47.983552,-119.887492
3DD.003E45D17C,Starr Boat Launch,8/3/2023,2023,47.983552,-119.887492
3DD.003E45D17D,Starr Boat Launch,8/3/2023,2023,47.983552,-119.887492
3DD.003E45D17E,Starr Boat Launch,8/3/2023,2023,47.983552,-119.887492
3DD.003E45D17F,Starr Boat Launch,8/3/2023,2023,47.983552,-119.887492
3DD.003E45D180,Starr Boat Launch,8/3/2023,2023,47.983552,-119.887492
3DD.003E45D181,Starr Boat Launch,8/3/2023,2023,47.983552,-119.887492
3DD.003E45D182,Starr Boat Launch,8/3/2023,2023,47.983552,-119.887492
3DD.003E45D183,Starr Boat Launch,8/3/2023,2023,47.983552,-119.887492
3DD.003E45D184,Starr Boat Launch,8/3/2023,2023,47.983552,-119.887492
3DD.003E45D185,Starr Boat Launch,8/3/2023,2023,47.983552,-119.887492
3DD.003E45D186,Starr Boat Launch,8/3/2023,2023,47.983552,-119.887492
3DD.003E45D187,Starr Boat Launch,8/3/2023,2023,47.983552,-119.887492
3DD.003E45D188,Starr Boat Launch,8/3/2023,2023,47.983552,-119.887492
3DD.003E45D189,Starr Boat Launch,8/3/2023,2023,47.983552,-119.887492
3DD.003E45D18A,Starr Boat Launch,8/3/2023,2023,47.983552,-119.887492
3DD.003E45D18B,Starr Boat Launch,8/3/2023,2023,47.983552,-119.887492
3DD.003E45D18C,Starr Boat Launch,8/3/2023,2023,47.983552,-119.887492
3DD.003E45D18D,Starr Boat Launch,8/3/2023,2023,47.983552,-119.887492
3DD.003E45D18E,Starr Boat Launch,8/3/2023,2023,47.983552,-119.887492
3DD.003E45D18F,Starr Boat Launch,8/3/2023,2023,47.983552,-119.887492
3DD.003E45D190,Starr Boat Launch,8/3/2023,2023,47.983552,-119.887492
3DD.003E45D191,Starr Boat Launch,8/3/2023,2023,47.983552,-119.887492
3DD.003E45D192,Starr Boat Launch,8/3/2023,2023,47.983552,-119.887492
3DD.003E45D193,Starr Boat Launch,8/3/2023,2023,47.983552,-119.887492
3DD.003E45D194,Starr Boat Launch,8/3/2023,2023,47.983552,-119.887492
3DD.003E45D195,Starr Boat Launch,8/3/2023,2023,47.983552,-119.887492
3DD.003E45D196,Starr Boat Launch,8/3/2023,2023,47.983552,-119.887492
3DD.003E45D198,Starr Boat Launch,8/3/2023,2023,47.983552,-119.887492
3DD.003E45D199,Starr Boat Launch,8/3/2023,2023,47.983552,-119.887492
3DD.003E45D19A,Starr Boat Launch,8/3/2023,2023,47.983552,-119.887492
3DD.003E45D19B,Starr Boat Launch,7/27/2023,2023,47.983552,-119.887492
3DD.003E45D19C,Starr Boat Launch,8/3/2023,2023,47.983552,-119.887492
3DD.003E45D19D,Starr Boat Launch,8/3/2023,2023,47.983552,-119.887492
3DD.003E45D19E,Starr Boat Launch,8/3/2023,2023,47.983552,-119.887492
3DD.003E45D19F,Starr Boat Launch,8/3/2023,2023,47.983552,-119.887492
3DD.003E45D1A0,Starr Boat Launch,8/3/2023,2023,47.983552,-119.887492
3DD.003E45D1A1,Starr Boat Launch,8/3/2023,2023,47.983552,-119.887492
3DD.003E45D1A2,Starr Boat Launch,8/3/2023,2023,47.983552,-119.887492
3DD.003E45D1A3,Starr Boat Launch,8/3/2023,2023,47.983552,-119.887492
3DD.003E45D1A4,Starr Boat Launch,7/27/2023,2023,47.983552,-119.887492
3DD.003E45D1A5,Starr Boat Launch,8/3/2023,2023,47.983552,-119.887492
3DD.003E45D1A6,Starr Boat Launch,8/3/2023,2023,47.983552,-119.887492
3DD.003E45D1A7,Starr Boat Launch,8/3/2023,2023,47.983552,-119.887492
3DD.003E45D1A8,Starr Boat Launch,8/3/2023,2023,47.983552,-119.887492
3DD.003E45D1A9,Starr Boat Launch,8/3/2023,2023,47.983552,-119.887492
3DD.003E45D1AA,Starr Boat Launch,8/3/2023,2023,47.983552,-119.887492
3DD.003E45D1AB,Starr Boat Launch,8/3/2023,2023,47.983552,-119.887492
3DD.003E45D1AC,Starr Boat Launch,8/3/2023,2023,47.983552,-119.887492
3DD.003E45D1AD,Starr Boat Launch,8/3/2023,2023,47.983552,-119.887492
3DD.003E45D1AE,Starr Boat Launch,8/3/2023,2023,47.983552,-119.887492
3DD.003E45D1AF,Starr Boat Launch,8/3/2023,2023,47.983552,-119.887492
3DD.003E45D1B0,Starr Boat Launch,8/3/2023,2023,47.983552,-119.887492
3DD.003E45D1B1,Starr Boat Launch,8/3/2023,2023,47.983552,-119.887492
3DD.003E45D1B2,Starr Boat Launch,8/3/2023,2023,47.983552,-119.887492
3DD.003E45D1B3,Starr Boat Launch,8/3/2023,2023,47.983552,-119.887492
3DD.003E45D1B4,Starr Boat Launch,8/3/2023,2023,47.983552,-119.887492
3DD.003E45D1B5,Starr Boat Launch,8/3/2023,2023,47.983552,-119.887492
3DD.003E45D1B6,Starr Boat Launch,7/27/2023,2023,47.983552,-119.887492
3DD.003E45D1B7,Starr Boat Launch,8/3/2023,2023,47.983552,-119.887492
3DD.003E45D1B8,Starr Boat Launch,7/27/2023,2023,47.983552,-119.887492
3DD.003E45D1B9,Starr Boat Launch,8/3/2023,2023,47.983552,-119.887492
3DD.003E45D1BA,Starr Boat Launch,8/3/2023,2023,47.983552,-119.887492
3DD.003E45D1BB,Starr Boat Launch,8/3/2023,2023,47.983552,-119.887492
3DD.003E45D1BC,Starr Boat Launch,8/3/2023,2023,47.983552,-119.887492
3DD.003E45D1BD,Starr Boat Launch,8/3/2023,2023,47.983552,-119.887492
3DD.003E45D1BE,Starr Boat Launch,7/27/2023,2023,47.983552,-119.887492
3DD.003E45D1BF,Starr Boat Launch,8/3/2023,2023,47.983552,-119.887492
3DD.003E45D1C0,Starr Boat Launch,8/3/2023,2023,47.983552,-119.887492
3DD.003E45D1C1,Starr Boat Launch,7/27/2023,2023,47.983552,-119.887492
3DD.003E45D1C2,Starr Boat Launch,8/3/2023,2023,47.983552,-119.887492
3DD.003E45D1C3,Starr Boat Launch,8/3/2023,2023,47.983552,-119.887492
3DD.003E45D1C4,Starr Boat Launch,8/3/2023,2023,47.983552,-119.887492
3DD.003E45D1C5,Starr Boat Launch,8/3/2023,2023,47.983552,-119.887492
3DD.003E45D1C6,Starr Boat Launch,8/3/2023,2023,47.983552,-119.887492
3DD.003E45D1C7,Starr Boat Launch,8/3/2023,2023,47.983552,-119.887492
3DD.003E45D1C8,Starr Boat Launch,8/3/2023,2023,47.983552,-119.887492
3DD.003E45D1C9,Starr Boat Launch,8/3/2023,2023,47.983552,-119.887492
3DD.003E45D1CA,Starr Boat Launch,8/3/2023,2023,47.983552,-119.887492
3DD.003E45D1CB,Starr Boat Launch,8/3/2023,2023,47.983552,-119.887492
3DD.003E45D1CC,Starr Boat Launch,8/3/2023,2023,47.983552,-119.887492
3DD.003E45D1CD,Starr Boat Launch,8/3/2023,2023,47.983552,-119.887492
3DD.003E45D1CE,Starr Boat Launch,8/3/2023,2023,47.983552,-119.887492
3DD.003E45D1CF,Starr Boat Launch,8/3/2023,2023,47.983552,-119.887492
3DD.003E45D1D0,Starr Boat Launch,8/3/2023,2023,47.983552,-119.887492
3DD.003E45D1D1,Starr Boat Launch,7/27/2023,2023,47.983552,-119.887492
3DD.003E45D1D2,Starr Boat Launch,8/3/2023,2023,47.983552,-119.887492
3DD.003E45D1D3,Starr Boat Launch,7/27/2023,2023,47.983552,-119.887492
3DD.003E45D1D4,Starr Boat Launch,8/3/2023,2023,47.983552,-119.887492
3DD.003E45D1D5,Starr Boat Launch,8/3/2023,2023,47.983552,-119.887492
3DD.003E45D1D6,Starr Boat Launch,8/3/2023,2023,47.983552,-119.887492
3DD.003E45D1D7,Starr Boat Launch,8/3/2023,2023,47.983552,-119.887492
3DD.003E45D1D8,Starr Boat Launch,8/3/2023,2023,47.983552,-119.887492
3DD.003E45D1D9,Starr Boat Launch,8/3/2023,2023,47.983552,-119.887492
3DD.003E45D1DA,Starr Boat Launch,8/3/2023,2023,47.983552,-119.887492
3DD.003E45D1DB,Starr Boat Launch,8/3/2023,2023,47.983552,-119.887492
3DD.003E45D1DC,Starr Boat Launch,8/3/2023,2023,47.983552,-119.887492
3DD.003E45D1DD,Starr Boat Launch,8/17/2023,2023,47.983552,-119.887492
3DD.003E45D1DE,Starr Boat Launch,8/10/2023,2023,47.983552,-119.887492
3DD.003E45D1DF,Starr Boat Launch,8/17/2023,2023,47.983552,-119.887492
3DD.003E45D1E0,Starr Boat Launch,8/17/2023,2023,47.983552,-119.887492
3DD.003E45D1E1,Starr Boat Launch,8/17/2023,2023,47.983552,-119.887492
3DD.003E45D1E2,Starr Boat Launch,8/17/2023,2023,47.983552,-119.887492
3DD.003E45D1E3,Starr Boat Launch,8/10/2023,2023,47.983552,-119.887492
3DD.003E45D1E4,Starr Boat Launch,8/17/2023,2023,47.983552,-119.887492
3DD.003E45D1E5,Starr Boat Launch,8/10/2023,2023,47.983552,-119.887492
3DD.003E45D1E6,Starr Boat Launch,8/17/2023,2023,47.983552,-119.887492
3DD.003E45D1E7,Starr Boat Launch,8/17/2023,2023,47.983552,-119.887492
3DD.003E45D1E8,Starr Boat Launch,8/17/2023,2023,47.983552,-119.887492
3DD.003E45D1E9,Starr Boat Launch,8/17/2023,2023,47.983552,-119.887492
3DD.003E45D1EA,Starr Boat Launch,8/17/2023,2023,47.983552,-119.887492
3DD.003E45D1EB,Starr Boat Launch,8/17/2023,2023,47.983552,-119.887492
3DD.003E45D1EC,Starr Boat Launch,8/17/2023,2023,47.983552,-119.887492
3DD.003E45D1ED,Starr Boat Launch,8/17/2023,2023,47.983552,-119.887492
3DD.003E45D1EE,Starr Boat Launch,8/10/2023,2023,47.983552,-119.887492
3DD.003E45D1EF,Starr Boat Launch,8/17/2023,2023,47.983552,-119.887492
3DD.003E45D1F0,Starr Boat Launch,8/17/2023,2023,47.983552,-119.887492
3DD.003E45D1F1,Starr Boat Launch,8/17/2023,2023,47.983552,-119.887492
3DD.003E45D1F2,Starr Boat Launch,8/17/2023,2023,47.983552,-119.887492
3DD.003E45D1F3,Starr Boat Launch,8/17/2023,2023,47.983552,-119.887492
3DD.003E45D1F4,Starr Boat Launch,8/17/2023,2023,47.983552,-119.887492
3DD.003E45D1F5,Starr Boat Launch,8/10/2023,2023,47.983552,-119.887492
3DD.003E45D1F6,Starr Boat Launch,8/17/2023,2023,47.983552,-119.887492
3DD.003E45D1F7,Starr Boat Launch,8/17/2023,2023,47.983552,-119.887492
3DD.003E45D1F8,Starr Boat Launch,8/17/2023,2023,47.983552,-119.887492
3DD.003E45D1F9,Starr Boat Launch,8/17/2023,2023,47.983552,-119.887492
3DD.003E45D1FA,Starr Boat Launch,8/17/2023,2023,47.983552,-119.887492
3DD.003E45D1FB,Starr Boat Launch,8/17/2023,2023,47.983552,-119.887492
3DD.003E45D1FC,Starr Boat Launch,8/17/2023,2023,47.983552,-119.887492
3DD.003E45D1FD,Starr Boat Launch,8/17/2023,2023,47.983552,-119.887492
3DD.003E45D1FE,Starr Boat Launch,8/10/2023,2023,47.983552,-119.887492
3DD.003E45D1FF,Starr Boat Launch,8/10/2023,2023,47.983552,-119.887492
3DD.003E45D200,Starr Boat Launch,8/10/2023,2023,47.983552,-119.887492
3DD.003E45D201,Starr Boat Launch,8/17/2023,2023,47.983552,-119.887492
3DD.003E45D202,Starr Boat Launch,8/10/2023,2023,47.983552,-119.887492
3DD.003E45D203,Starr Boat Launch,8/10/2023,2023,47.983552,-119.887492
3DD.003E45D204,Starr Boat Launch,8/10/2023,2023,47.983552,-119.887492
3DD.003E45D205,Starr Boat Launch,8/17/2023,2023,47.983552,-119.887492
3DD.003E45D206,Starr Boat Launch,8/17/2023,2023,47.983552,-119.887492
3DD.003E45D207,Starr Boat Launch,8/17/2023,2023,47.983552,-119.887492
3DD.003E45D208,Starr Boat Launch,8/17/2023,2023,47.983552,-119.887492
3DD.003E45D209,Starr Boat Launch,8/17/2023,2023,47.983552,-119.887492
3DD.003E45D20A,Starr Boat Launch,8/17/2023,2023,47.983552,-119.887492
3DD.003E45D20B,Starr Boat Launch,8/10/2023,2023,47.983552,-119.887492
3DD.003E45D20C,Starr Boat Launch,8/17/2023,2023,47.983552,-119.887492
3DD.003E45D20D,Starr Boat Launch,8/17/2023,2023,47.983552,-119.887492
3DD.003E45D20E,Starr Boat Launch,8/17/2023,2023,47.983552,-119.887492
3DD.003E45D20F,Starr Boat Launch,8/10/2023,2023,47.983552,-119.887492
3DD.003E45D210,Starr Boat Launch,8/10/2023,2023,47.983552,-119.887492
3DD.003E45D211,Starr Boat Launch,8/17/2023,2023,47.983552,-119.887492
3DD.003E45D212,Starr Boat Launch,8/17/2023,2023,47.983552,-119.887492
3DD.003E45D213,Starr Boat Launch,8/17/2023,2023,47.983552,-119.887492
3DD.003E45D214,Starr Boat Launch,8/17/2023,2023,47.983552,-119.887492
3DD.003E45D215,Starr Boat Launch,8/17/2023,2023,47.983552,-119.887492
3DD.003E45D216,Starr Boat Launch,8/17/2023,2023,47.983552,-119.887492
3DD.003E45D217,Starr Boat Launch,8/10/2023,2023,47.983552,-119.887492
3DD.003E45D218,Starr Boat Launch,8/17/2023,2023,47.983552,-119.887492
3DD.003E45D219,Starr Boat Launch,8/10/2023,2023,47.983552,-119.887492
3DD.003E45D21A,Starr Boat Launch,8/17/2023,2023,47.983552,-119.887492
3DD.003E45D21B,Starr Boat Launch,8/17/2023,2023,47.983552,-119.887492
3DD.003E45D21C,Starr Boat Launch,8/10/2023,2023,47.983552,-119.887492
3DD.003E45D21D,Starr Boat Launch,8/17/2023,2023,47.983552,-119.887492
3DD.003E45D21E,Starr Boat Launch,8/10/2023,2023,47.983552,-119.887492
3DD.003E45D21F,Starr Boat Launch,8/17/2023,2023,47.983552,-119.887492
3DD.003E45D220,Starr Boat Launch,8/17/2023,2023,47.983552,-119.887492
3DD.003E45D221,Starr Boat Launch,8/17/2023,2023,47.983552,-119.887492
3DD.003E45D222,Starr Boat Launch,8/17/2023,2023,47.983552,-119.887492
3DD.003E45D223,Starr Boat Launch,8/10/2023,2023,47.983552,-119.887492
3DD.003E45D224,Starr Boat Launch,8/17/2023,2023,47.983552,-119.887492
3DD.003E45D225,Starr Boat Launch,8/10/2023,2023,47.983552,-119.887492
3DD.003E45D226,Starr Boat Launch,8/17/2023,2023,47.983552,-119.887492
3DD.003E45D227,Starr Boat Launch,8/17/2023,2023,47.983552,-119.887492
3DD.003E45D228,Starr Boat Launch,8/17/2023,2023,47.983552,-119.887492
3DD.003E45D229,Starr Boat Launch,8/17/2023,2023,47.983552,-119.887492
3DD.003E45D22A,Starr Boat Launch,8/17/2023,2023,47.983552,-119.887492
3DD.003E45D22B,Starr Boat Launch,8/17/2023,2023,47.983552,-119.887492
3DD.003E45D22C,Starr Boat Launch,8/17/2023,2023,47.983552,-119.887492
3DD.003E45D22D,Starr Boat Launch,8/17/2023,2023,47.983552,-119.887492
3DD.003E45D22E,Starr Boat Launch,8/17/2023,2023,47.983552,-119.887492
3DD.003E45D22F,Starr Boat Launch,8/17/2023,2023,47.983552,-119.887492
3DD.003E45D230,Starr Boat Launch,8/17/2023,2023,47.983552,-119.887492
3DD.003E45D231,Starr Boat Launch,8/17/2023,2023,47.983552,-119.887492
3DD.003E45D232,Starr Boat Launch,8/17/2023,2023,47.983552,-119.887492
3DD.003E45D233,Starr Boat Launch,8/17/2023,2023,47.983552,-119.887492
3DD.003E45D234,Starr Boat Launch,8/17/2023,2023,47.983552,-119.887492
3DD.003E45D235,Starr Boat Launch,8/17/2023,2023,47.983552,-119.887492
3DD.003E45D236,Starr Boat Launch,8/17/2023,2023,47.983552,-119.887492
3DD.003E45D237,Starr Boat Launch,8/17/2023,2023,47.983552,-119.887492
3DD.003E45D238,Starr Boat Launch,8/10/2023,2023,47.983552,-119.887492
3DD.003E45D239,Starr Boat Launch,8/17/2023,2023,47.983552,-119.887492
3DD.003E45D23A,Starr Boat Launch,8/17/2023,2023,47.983552,-119.887492
3DD.003E45D23B,Starr Boat Launch,8/17/2023,2023,47.983552,-119.887492
3DD.003E45D23C,Starr Boat Launch,8/10/2023,2023,47.983552,-119.887492
3DD.003E45D23D,Starr Boat Launch,8/17/2023,2023,47.983552,-119.887492
3DD.003E45D23E,Starr Boat Launch,8/17/2023,2023,47.983552,-119.887492
3DD.003E45D23F,Starr Boat Launch,8/17/2023,2023,47.983552,-119.887492
3DD.003E45D240,Starr Boat Launch,8/17/2023,2023,47.983552,-119.887492
3DD.003E45D36D,Starr Boat Launch,7/27/2023,2023,47.983552,-119.887492
3DD.003E45D36E,Starr Boat Launch,7/27/2023,2023,47.983552,-119.887492
3DD.003E45D36F,Starr Boat Launch,7/27/2023,2023,47.983552,-119.887492
3DD.003E45D370,Starr Boat Launch,7/27/2023,2023,47.983552,-119.887492
3DD.003E45D371,Starr Boat Launch,7/27/2023,2023,47.983552,-119.887492
3DD.003E45D372,Starr Boat Launch,7/27/2023,2023,47.983552,-119.887492
3DD.003E45D373,Starr Boat Launch,7/27/2023,2023,47.983552,-119.887492
3DD.003E45D374,Starr Boat Launch,7/27/2023,2023,47.983552,-119.887492
3DD.003E45D375,Starr Boat Launch,7/27/2023,2023,47.983552,-119.887492
3DD.003E45D376,Starr Boat Launch,7/27/2023,2023,47.983552,-119.887492
3DD.003E45D377,Starr Boat Launch,7/27/2023,2023,47.983552,-119.887492
3DD.003E45D378,Starr Boat Launch,7/27/2023,2023,47.983552,-119.887492
3DD.003E45D379,Starr Boat Launch,7/27/2023,2023,47.983552,-119.887492
3DD.003E45D37A,Starr Boat Launch,7/27/2023,2023,47.983552,-119.887492
3DD.003E45D37B,Starr Boat Launch,7/27/2023,2023,47.983552,-119.887492
3DD.003E45D37C,Starr Boat Launch,7/27/2023,2023,47.983552,-119.887492
3DD.003E45D37D,Starr Boat Launch,7/27/2023,2023,47.983552,-119.887492
3DD.003E45D37E,Starr Boat Launch,7/27/2023,2023,47.983552,-119.887492
3DD.003E45D37F,Starr Boat Launch,7/20/2023,2023,47.983552,-119.887492
3DD.003E45D380,Starr Boat Launch,7/20/2023,2023,47.983552,-119.887492
3DD.003E45D381,Starr Boat Launch,7/27/2023,2023,47.983552,-119.887492
3DD.003E45D382,Starr Boat Launch,7/27/2023,2023,47.983552,-119.887492
3DD.003E45D383,Starr Boat Launch,7/27/2023,2023,47.983552,-119.887492
3DD.003E45D384,Starr Boat Launch,7/27/2023,2023,47.983552,-119.887492
3DD.003E45D385,Starr Boat Launch,7/27/2023,2023,47.983552,-119.887492
3DD.003E45D386,Starr Boat Launch,7/27/2023,2023,47.983552,-119.887492
3DD.003E45D387,Starr Boat Launch,7/27/2023,2023,47.983552,-119.887492
3DD.003E45D388,Starr Boat Launch,7/27/2023,2023,47.983552,-119.887492
3DD.003E45D389,Starr Boat Launch,7/27/2023,2023,47.983552,-119.887492
3DD.003E45D38A,Starr Boat Launch,7/27/2023,2023,47.983552,-119.887492
3DD.003E45D38B,Starr Boat Launch,7/27/2023,2023,47.983552,-119.887492
3DD.003E45D38C,Starr Boat Launch,7/27/2023,2023,47.983552,-119.887492
3DD.003E45D38D,Starr Boat Launch,7/27/2023,2023,47.983552,-119.887492
3DD.003E45D38E,Starr Boat Launch,7/27/2023,2023,47.983552,-119.887492
3DD.003E45D38F,Starr Boat Launch,7/27/2023,2023,47.983552,-119.887492
3DD.003E45D390,Starr Boat Launch,7/27/2023,2023,47.983552,-119.887492
3DD.003E45D391,Starr Boat Launch,7/27/2023,2023,47.983552,-119.887492
3DD.003E45D392,Starr Boat Launch,7/27/2023,2023,47.983552,-119.887492
3DD.003E45D393,Starr Boat Launch,7/27/2023,2023,47.983552,-119.887492
3DD.003E45D394,Starr Boat Launch,7/27/2023,2023,47.983552,-119.887492
3DD.003E45D395,Starr Boat Launch,7/27/2023,2023,47.983552,-119.887492
3DD.003E45D396,Starr Boat Launch,7/27/2023,2023,47.983552,-119.887492
3DD.003E45D397,Starr Boat Launch,7/27/2023,2023,47.983552,-119.887492
3DD.003E45D398,Starr Boat Launch,7/27/2023,2023,47.983552,-119.887492
3DD.003E45D399,Starr Boat Launch,7/27/2023,2023,47.983552,-119.887492
3DD.003E45D39A,Starr Boat Launch,7/27/2023,2023,47.983552,-119.887492
3DD.003E45D39B,Starr Boat Launch,7/27/2023,2023,47.983552,-119.887492
3DD.003E45D39C,Starr Boat Launch,7/27/2023,2023,47.983552,-119.887492
3DD.003E45D39D,Starr Boat Launch,7/27/2023,2023,47.983552,-119.887492
3DD.003E45D39E,Starr Boat Launch,7/27/2023,2023,47.983552,-119.887492
3DD.003E45D39F,Starr Boat Launch,7/27/2023,2023,47.983552,-119.887492
3DD.003E45D3A0,Starr Boat Launch,7/27/2023,2023,47.983552,-119.887492
3DD.003E45D3A1,Starr Boat Launch,7/27/2023,2023,47.983552,-119.887492
3DD.003E45D3A2,Starr Boat Launch,7/27/2023,2023,47.983552,-119.887492
3DD.003E45D3A3,Starr Boat Launch,7/27/2023,2023,47.983552,-119.887492
3DD.003E45D3A4,Starr Boat Launch,7/20/2023,2023,47.983552,-119.887492
3DD.003E45D3A5,Starr Boat Launch,7/27/2023,2023,47.983552,-119.887492
3DD.003E45D3A6,Starr Boat Launch,7/27/2023,2023,47.983552,-119.887492
3DD.003E45D3A7,Starr Boat Launch,7/27/2023,2023,47.983552,-119.887492
3DD.003E45D3A8,Starr Boat Launch,7/27/2023,2023,47.983552,-119.887492
3DD.003E45D3A9,Starr Boat Launch,7/27/2023,2023,47.983552,-119.887492
3DD.003E45D3AA,Starr Boat Launch,7/27/2023,2023,47.983552,-119.887492
3DD.003E45D3AB,Starr Boat Launch,7/27/2023,2023,47.983552,-119.887492
3DD.003E45D3AC,Starr Boat Launch,7/27/2023,2023,47.983552,-119.887492
3DD.003E45D3AD,Starr Boat Launch,7/20/2023,2023,47.983552,-119.887492
3DD.003E45D3AE,Starr Boat Launch,7/27/2023,2023,47.983552,-119.887492
3DD.003E45D3AF,Starr Boat Launch,7/27/2023,2023,47.983552,-119.887492
3DD.003E45D3B0,Starr Boat Launch,7/27/2023,2023,47.983552,-119.887492
3DD.003E45D3B1,Starr Boat Launch,7/27/2023,2023,47.983552,-119.887492
3DD.003E45D3B2,Starr Boat Launch,7/27/2023,2023,47.983552,-119.887492
3DD.003E45D3B3,Starr Boat Launch,7/27/2023,2023,47.983552,-119.887492
3DD.003E45D3B4,Starr Boat Launch,7/27/2023,2023,47.983552,-119.887492
3DD.003E45D3B5,Starr Boat Launch,7/27/2023,2023,47.983552,-119.887492
3DD.003E45D3B6,Starr Boat Launch,7/27/2023,2023,47.983552,-119.887492
3DD.003E45D3B7,Starr Boat Launch,7/27/2023,2023,47.983552,-119.887492
3DD.003E45D3B8,Starr Boat Launch,7/27/2023,2023,47.983552,-119.887492
3DD.003E45D3B9,Starr Boat Launch,7/27/2023,2023,47.983552,-119.887492
3DD.003E45D3BA,Starr Boat Launch,7/27/2023,2023,47.983552,-119.887492
3DD.003E45D3BB,Starr Boat Launch,7/27/2023,2023,47.983552,-119.887492
3DD.003E45D3BC,Starr Boat Launch,7/27/2023,2023,47.983552,-119.887492
3DD.003E45D3BD,Starr Boat Launch,7/27/2023,2023,47.983552,-119.887492
3DD.003E45D3BE,Starr Boat Launch,7/27/2023,2023,47.983552,-119.887492
3DD.003E45D3BF,Starr Boat Launch,7/20/2023,2023,47.983552,-119.887492
3DD.003E45D3C0,Starr Boat Launch,7/27/2023,2023,47.983552,-119.887492
3DD.003E45D3C1,Starr Boat Launch,7/27/2023,2023,47.983552,-119.887492
3DD.003E45D3C2,Starr Boat Launch,7/27/2023,2023,47.983552,-119.887492
3DD.003E45D3C3,Starr Boat Launch,7/27/2023,2023,47.983552,-119.887492
3DD.003E45D3C4,Starr Boat Launch,7/27/2023,2023,47.983552,-119.887492
3DD.003E45D3C5,Starr Boat Launch,7/27/2023,2023,47.983552,-119.887492
3DD.003E45D3C6,Starr Boat Launch,7/27/2023,2023,47.983552,-119.887492
3DD.003E45D3C7,Starr Boat Launch,7/27/2023,2023,47.983552,-119.887492
3DD.003E45D3C8,Starr Boat Launch,7/27/2023,2023,47.983552,-119.887492
3DD.003E45D3C9,Starr Boat Launch,7/27/2023,2023,47.983552,-119.887492
3DD.003E45D3CA,Starr Boat Launch,7/27/2023,2023,47.983552,-119.887492
3DD.003E45D3CB,Starr Boat Launch,7/27/2023,2023,47.983552,-119.887492
3DD.003E45D3CC,Starr Boat Launch,7/27/2023,2023,47.983552,-119.887492
3DD.003E45D3CD,Starr Boat Launch,7/27/2023,2023,47.983552,-119.887492
3DD.003E45D3CE,Starr Boat Launch,7/27/2023,2023,47.983552,-119.887492
3DD.003E45D3CF,Starr Boat Launch,7/27/2023,2023,47.983552,-119.887492
3DD.003E45D3D0,Starr Boat Launch,7/27/2023,2023,47.983552,-119.887492
3DD.003E45D3D1,Starr Boat Launch,7/27/2023,2023,47.983552,-119.887492
3DD.003E45D3D2,Starr Boat Launch,7/27/2023,2023,47.983552,-119.887492
3DD.003E45D3D3,Starr Boat Launch,7/27/2023,2023,47.983552,-119.887492
3DD.003E45D3D4,Starr Boat Launch,7/27/2023,2023,47.983552,-119.887492
3DD.003E45D3D5,Starr Boat Launch,7/27/2023,2023,47.983552,-119.887492
3DD.003E45D3D6,Starr Boat Launch,7/27/2023,2023,47.983552,-119.887492
3DD.003E45D3D7,Starr Boat Launch,7/27/2023,2023,47.983552,-119.887492
3DD.003E45D3D8,Starr Boat Launch,7/27/2023,2023,47.983552,-119.887492
3DD.003E45D3D9,Starr Boat Launch,7/27/2023,2023,47.983552,-119.887492
3DD.003E45D3DA,Starr Boat Launch,7/27/2023,2023,47.983552,-119.887492
3DD.003E45D3DB,Starr Boat Launch,7/27/2023,2023,47.983552,-119.887492
3DD.003E45D3DC,Starr Boat Launch,7/27/2023,2023,47.983552,-119.887492
3DD.003E45D3DD,Starr Boat Launch,7/27/2023,2023,47.983552,-119.887492
3DD.003E45D3DE,Starr Boat Launch,7/27/2023,2023,47.983552,-119.887492
3DD.003E45D3DF,Starr Boat Launch,7/27/2023,2023,47.983552,-119.887492
3DD.003E45D3E0,Starr Boat Launch,7/27/2023,2023,47.983552,-119.887492
3DD.003E45D3E1,Starr Boat Launch,7/27/2023,2023,47.983552,-119.887492
3DD.003E45D3E2,Starr Boat Launch,7/27/2023,2023,47.983552,-119.887492
3DD.003E45D3E3,Starr Boat Launch,7/27/2023,2023,47.983552,-119.887492
3DD.003E45D3E4,Starr Boat Launch,7/27/2023,2023,47.983552,-119.887492
3DD.003E45D3E5,Starr Boat Launch,7/27/2023,2023,47.983552,-119.887492
3DD.003E45D3E6,Starr Boat Launch,7/27/2023,2023,47.983552,-119.887492
3DD.003E45D3E7,Starr Boat Launch,7/27/2023,2023,47.983552,-119.887492
3DD.003E45D3E8,Starr Boat Launch,7/27/2023,2023,47.983552,-119.887492
3DD.003E45D3E9,Starr Boat Launch,7/27/2023,2023,47.983552,-119.887492
3DD.003E45D3EA,Starr Boat Launch,7/27/2023,2023,47.983552,-119.887492
3DD.003E45D3EB,Starr Boat Launch,7/27/2023,2023,47.983552,-119.887492
3DD.003E45D3EC,Starr Boat Launch,7/27/2023,2023,47.983552,-119.887492
3DD.003E45D3ED,Starr Boat Launch,7/27/2023,2023,47.983552,-119.887492
3DD.003E45D3EE,Starr Boat Launch,7/27/2023,2023,47.983552,-119.887492
3DD.003E45D3EF,Starr Boat Launch,7/27/2023,2023,47.983552,-119.887492
3DD.003E45D3F0,Starr Boat Launch,7/27/2023,2023,47.983552,-119.887492
3DD.003E45D3F1,Starr Boat Launch,7/27/2023,2023,47.983552,-119.887492
3DD.003E45D3F2,Starr Boat Launch,7/27/2023,2023,47.983552,-119.887492
3DD.003E45D3F3,Starr Boat Launch,7/27/2023,2023,47.983552,-119.887492
3DD.003E45D3F4,Starr Boat Launch,7/27/2023,2023,47.983552,-119.887492
3DD.003E45D3F5,Starr Boat Launch,7/27/2023,2023,47.983552,-119.887492
3DD.003E45D3F6,Starr Boat Launch,7/27/2023,2023,47.983552,-119.887492
3DD.003E45D3F7,Starr Boat Launch,7/27/2023,2023,47.983552,-119.887492
3DD.003E45D3F8,Starr Boat Launch,7/27/2023,2023,47.983552,-119.887492
3DD.003E45D3F9,Starr Boat Launch,7/27/2023,2023,47.983552,-119.887492
3DD.003E45D3FA,Starr Boat Launch,7/27/2023,2023,47.983552,-119.887492
3DD.003E45D3FB,Starr Boat Launch,7/27/2023,2023,47.983552,-119.887492
3DD.003E45D3FC,Starr Boat Launch,7/27/2023,2023,47.983552,-119.887492
3DD.003E45D3FD,Starr Boat Launch,7/27/2023,2023,47.983552,-119.887492
3DD.003E45D3FE,Starr Boat Launch,7/27/2023,2023,47.983552,-119.887492
3DD.003E45D3FF,Starr Boat Launch,7/27/2023,2023,47.983552,-119.887492
3DD.003E45D400,Starr Boat Launch,7/27/2023,2023,47.983552,-119.887492
3DD.003E45D401,Starr Boat Launch,7/27/2023,2023,47.983552,-119.887492
3DD.003E45D402,Starr Boat Launch,7/27/2023,2023,47.983552,-119.887492
3DD.003E45D403,Starr Boat Launch,7/27/2023,2023,47.983552,-119.887492
3DD.003E45D404,Starr Boat Launch,7/27/2023,2023,47.983552,-119.887492
3DD.003E45D405,Starr Boat Launch,7/27/2023,2023,47.983552,-119.887492
3DD.003E45D406,Starr Boat Launch,7/27/2023,2023,47.983552,-119.887492
3DD.003E45D407,Starr Boat Launch,7/27/2023,2023,47.983552,-119.887492
3DD.003E45D408,Starr Boat Launch,7/27/2023,2023,47.983552,-119.887492
3DD.003E45D409,Starr Boat Launch,7/27/2023,2023,47.983552,-119.887492
3DD.003E45D40A,Starr Boat Launch,7/27/2023,2023,47.983552,-119.887492
3DD.003E45D40B,Starr Boat Launch,7/27/2023,2023,47.983552,-119.887492
3DD.003E45D40C,Starr Boat Launch,7/27/2023,2023,47.983552,-119.887492
3DD.003E45D40D,Starr Boat Launch,7/27/2023,2023,47.983552,-119.887492
3DD.003E45D40E,Starr Boat Launch,7/27/2023,2023,47.983552,-119.887492
3DD.003E45D40F,Starr Boat Launch,7/27/2023,2023,47.983552,-119.887492
3DD.003E45D410,Starr Boat Launch,7/27/2023,2023,47.983552,-119.887492
3DD.003E45D411,Starr Boat Launch,7/27/2023,2023,47.983552,-119.887492
3DD.003E45D412,Starr Boat Launch,7/27/2023,2023,47.983552,-119.887492
3DD.003E45D413,Starr Boat Launch,7/27/2023,2023,47.983552,-119.887492
3DD.003E45D414,Starr Boat Launch,7/27/2023,2023,47.983552,-119.887492
3DD.003E45D415,Starr Boat Launch,7/27/2023,2023,47.983552,-119.887492
3DD.003E45D416,Starr Boat Launch,7/27/2023,2023,47.983552,-119.887492
3DD.003E45D417,Starr Boat Launch,7/27/2023,2023,47.983552,-119.887492
3DD.003E45D418,Starr Boat Launch,7/27/2023,2023,47.983552,-119.887492
3DD.003E45D419,Starr Boat Launch,7/27/2023,2023,47.983552,-119.887492
3DD.003E45D41A,Starr Boat Launch,7/27/2023,2023,47.983552,-119.887492
3DD.003E45D41B,Starr Boat Launch,7/27/2023,2023,47.983552,-119.887492
3DD.003E45D41C,Starr Boat Launch,7/27/2023,2023,47.983552,-119.887492
3DD.003E45D41D,Starr Boat Launch,7/27/2023,2023,47.983552,-119.887492
3DD.003E45D41E,Starr Boat Launch,7/27/2023,2023,47.983552,-119.887492
3DD.003E45D41F,Starr Boat Launch,7/27/2023,2023,47.983552,-119.887492
3DD.003E45D420,Starr Boat Launch,7/27/2023,2023,47.983552,-119.887492
3DD.003E45D421,Starr Boat Launch,7/27/2023,2023,47.983552,-119.887492
3DD.003E45D422,Starr Boat Launch,7/27/2023,2023,47.983552,-119.887492
3DD.003E45D423,Starr Boat Launch,7/27/2023,2023,47.983552,-119.887492
3DD.003E45D424,Starr Boat Launch,7/27/2023,2023,47.983552,-119.887492
3DD.003E45D425,Starr Boat Launch,7/27/2023,2023,47.983552,-119.887492
3DD.003E45D426,Starr Boat Launch,7/27/2023,2023,47.983552,-119.887492
3DD.003E45D427,Starr Boat Launch,7/27/2023,2023,47.983552,-119.887492
3DD.003E45D428,Starr Boat Launch,7/27/2023,2023,47.983552,-119.887492
3DD.003E45D429,Starr Boat Launch,7/27/2023,2023,47.983552,-119.887492
3DD.003E45D42A,Starr Boat Launch,7/27/2023,2023,47.983552,-119.887492
3DD.003E45D42B,Starr Boat Launch,7/27/2023,2023,47.983552,-119.887492
3DD.003E45D42C,Starr Boat Launch,7/27/2023,2023,47.983552,-119.887492
3DD.003E45D42D,Starr Boat Launch,7/27/2023,2023,47.983552,-119.887492
3DD.003E45D42E,Starr Boat Launch,7/27/2023,2023,47.983552,-119.887492
3DD.003E45D42F,Starr Boat Launch,7/27/2023,2023,47.983552,-119.887492
3DD.003E45D430,Starr Boat Launch,7/27/2023,2023,47.983552,-119.887492
3DD.003E45D431,Starr Boat Launch,7/27/2023,2023,47.983552,-119.887492
3DD.003E45D432,Starr Boat Launch,7/27/2023,2023,47.983552,-119.887492
3DD.003E45D433,Starr Boat Launch,7/27/2023,2023,47.983552,-119.887492
3DD.003E45D434,Starr Boat Launch,7/27/2023,2023,47.983552,-119.887492
3DD.003E45D435,Starr Boat Launch,7/20/2023,2023,47.983552,-119.887492
3DD.003E45D436,Starr Boat Launch,7/20/2023,2023,47.983552,-119.887492
3DD.003E45D437,Starr Boat Launch,7/20/2023,2023,47.983552,-119.887492
3DD.003E45D438,Starr Boat Launch,7/20/2023,2023,47.983552,-119.887492
3DD.003E45D439,Starr Boat Launch,7/20/2023,2023,47.983552,-119.887492
3DD.003E45D43A,Starr Boat Launch,7/20/2023,2023,47.983552,-119.887492
3DD.003E45D43B,Starr Boat Launch,7/20/2023,2023,47.983552,-119.887492
3DD.003E45D43C,Starr Boat Launch,7/20/2023,2023,47.983552,-119.887492
3DD.003E45D43D,Starr Boat Launch,7/20/2023,2023,47.983552,-119.887492
3DD.003E45D43E,Starr Boat Launch,7/20/2023,2023,47.983552,-119.887492
3DD.003E45D43F,Starr Boat Launch,7/20/2023,2023,47.983552,-119.887492
3DD.003E45D440,Starr Boat Launch,7/20/2023,2023,47.983552,-119.887492
3DD.003E45D441,Starr Boat Launch,7/20/2023,2023,47.983552,-119.887492
3DD.003E45D442,Starr Boat Launch,7/20/2023,2023,47.983552,-119.887492
3DD.003E45D443,Starr Boat Launch,7/20/2023,2023,47.983552,-119.887492
3DD.003E45D444,Starr Boat Launch,7/20/2023,2023,47.983552,-119.887492
3DD.003E45D445,Starr Boat Launch,7/20/2023,2023,47.983552,-119.887492
3DD.003E45D446,Starr Boat Launch,7/20/2023,2023,47.983552,-119.887492
3DD.003E45D447,Starr Boat Launch,7/20/2023,2023,47.983552,-119.887492
3DD.003E45D448,Starr Boat Launch,7/20/2023,2023,47.983552,-119.887492
3DD.003E45D449,Starr Boat Launch,7/20/2023,2023,47.983552,-119.887492
3DD.003E45D44A,Starr Boat Launch,7/20/2023,2023,47.983552,-119.887492
3DD.003E45D44B,Starr Boat Launch,7/20/2023,2023,47.983552,-119.887492
3DD.003E45D44C,Starr Boat Launch,7/20/2023,2023,47.983552,-119.887492
3DD.003E45D44D,Starr Boat Launch,7/20/2023,2023,47.983552,-119.887492
3DD.003E45D44E,Starr Boat Launch,7/20/2023,2023,47.983552,-119.887492
3DD.003E45D44F,Starr Boat Launch,7/20/2023,2023,47.983552,-119.887492
3DD.003E45D450,Starr Boat Launch,7/20/2023,2023,47.983552,-119.887492
3DD.003E45D451,Starr Boat Launch,7/20/2023,2023,47.983552,-119.887492
3DD.003E45D452,Starr Boat Launch,7/20/2023,2023,47.983552,-119.887492
3DD.003E45D453,Starr Boat Launch,7/20/2023,2023,47.983552,-119.887492
3DD.003E45D454,Starr Boat Launch,7/20/2023,2023,47.983552,-119.887492
3DD.003E45D455,Starr Boat Launch,7/20/2023,2023,47.983552,-119.887492
3DD.003E45D456,Starr Boat Launch,7/20/2023,2023,47.983552,-119.887492
3DD.003E45D457,Starr Boat Launch,7/20/2023,2023,47.983552,-119.887492
3DD.003E45D458,Starr Boat Launch,7/20/2023,2023,47.983552,-119.887492
3DD.003E45D459,Starr Boat Launch,7/20/2023,2023,47.983552,-119.887492
3DD.003E45D45A,Starr Boat Launch,7/20/2023,2023,47.983552,-119.887492
3DD.003E45D45B,Starr Boat Launch,7/20/2023,2023,47.983552,-119.887492
3DD.003E45D45C,Starr Boat Launch,7/20/2023,2023,47.983552,-119.887492
3DD.003E45D45D,Starr Boat Launch,7/20/2023,2023,47.983552,-119.887492
3DD.003E45D45E,Starr Boat Launch,7/20/2023,2023,47.983552,-119.887492
3DD.003E45D45F,Starr Boat Launch,7/20/2023,2023,47.983552,-119.887492
3DD.003E45D460,Starr Boat Launch,7/20/2023,2023,47.983552,-119.887492
3DD.003E45D461,Starr Boat Launch,7/20/2023,2023,47.983552,-119.887492
3DD.003E45D462,Starr Boat Launch,7/20/2023,2023,47.983552,-119.887492
3DD.003E45D463,Starr Boat Launch,7/20/2023,2023,47.983552,-119.887492
3DD.003E45D464,Starr Boat Launch,7/20/2023,2023,47.983552,-119.887492
3DD.003E45D465,Starr Boat Launch,7/20/2023,2023,47.983552,-119.887492
3DD.003E45D466,Starr Boat Launch,7/20/2023,2023,47.983552,-119.887492
3DD.003E45D467,Starr Boat Launch,7/20/2023,2023,47.983552,-119.887492
3DD.003E45D468,Starr Boat Launch,7/20/2023,2023,47.983552,-119.887492
3DD.003E45D469,Starr Boat Launch,7/20/2023,2023,47.983552,-119.887492
3DD.003E45D46A,Starr Boat Launch,7/20/2023,2023,47.983552,-119.887492
3DD.003E45D46B,Starr Boat Launch,7/20/2023,2023,47.983552,-119.887492
3DD.003E45D46C,Starr Boat Launch,7/20/2023,2023,47.983552,-119.887492
3DD.003E45D46D,Starr Boat Launch,7/20/2023,2023,47.983552,-119.887492
3DD.003E45D46E,Starr Boat Launch,7/20/2023,2023,47.983552,-119.887492
3DD.003E45D46F,Starr Boat Launch,7/20/2023,2023,47.983552,-119.887492
3DD.003E45D470,Starr Boat Launch,7/20/2023,2023,47.983552,-119.887492
3DD.003E45D471,Starr Boat Launch,7/20/2023,2023,47.983552,-119.887492
3DD.003E45D472,Starr Boat Launch,7/20/2023,2023,47.983552,-119.887492
3DD.003E45D473,Starr Boat Launch,7/20/2023,2023,47.983552,-119.887492
3DD.003E45D474,Starr Boat Launch,7/20/2023,2023,47.983552,-119.887492
3DD.003E45D475,Starr Boat Launch,7/20/2023,2023,47.983552,-119.887492
3DD.003E45D476,Starr Boat Launch,7/20/2023,2023,47.983552,-119.887492
3DD.003E45D477,Starr Boat Launch,7/20/2023,2023,47.983552,-119.887492
3DD.003E45D478,Starr Boat Launch,7/20/2023,2023,47.983552,-119.887492
3DD.003E45D479,Starr Boat Launch,7/20/2023,2023,47.983552,-119.887492
3DD.003E45D47A,Starr Boat Launch,7/20/2023,2023,47.983552,-119.887492
3DD.003E45D47B,Starr Boat Launch,7/20/2023,2023,47.983552,-119.887492
3DD.003E45D47C,Starr Boat Launch,7/20/2023,2023,47.983552,-119.887492
3DD.003E45D47D,Starr Boat Launch,7/20/2023,2023,47.983552,-119.887492
3DD.003E45D47E,Starr Boat Launch,7/20/2023,2023,47.983552,-119.887492
3DD.003E45D47F,Starr Boat Launch,7/20/2023,2023,47.983552,-119.887492
3DD.003E45D480,Starr Boat Launch,7/20/2023,2023,47.983552,-119.887492
3DD.003E45D481,Starr Boat Launch,7/20/2023,2023,47.983552,-119.887492
3DD.003E45D482,Starr Boat Launch,7/20/2023,2023,47.983552,-119.887492
3DD.003E45D483,Starr Boat Launch,7/20/2023,2023,47.983552,-119.887492
3DD.003E45D484,Starr Boat Launch,7/20/2023,2023,47.983552,-119.887492
3DD.003E45D485,Starr Boat Launch,7/20/2023,2023,47.983552,-119.887492
3DD.003E45D486,Starr Boat Launch,7/20/2023,2023,47.983552,-119.887492
3DD.003E45D487,Starr Boat Launch,7/20/2023,2023,47.983552,-119.887492
3DD.003E45D488,Starr Boat Launch,7/20/2023,2023,47.983552,-119.887492
3DD.003E45D489,Starr Boat Launch,7/20/2023,2023,47.983552,-119.887492
3DD.003E45D48A,Starr Boat Launch,7/20/2023,2023,47.983552,-119.887492
3DD.003E45D48B,Starr Boat Launch,7/20/2023,2023,47.983552,-119.887492
3DD.003E45D48C,Starr Boat Launch,7/20/2023,2023,47.983552,-119.887492
3DD.003E45D48D,Starr Boat Launch,7/20/2023,2023,47.983552,-119.887492
3DD.003E45D48E,Starr Boat Launch,7/20/2023,2023,47.983552,-119.887492
3DD.003E45D48F,Starr Boat Launch,7/20/2023,2023,47.983552,-119.887492
3DD.003E45D490,Starr Boat Launch,7/20/2023,2023,47.983552,-119.887492
3DD.003E45D491,Starr Boat Launch,7/20/2023,2023,47.983552,-119.887492
3DD.003E45D492,Starr Boat Launch,7/20/2023,2023,47.983552,-119.887492
3DD.003E45D493,Starr Boat Launch,7/20/2023,2023,47.983552,-119.887492
3DD.003E45D494,Starr Boat Launch,7/20/2023,2023,47.983552,-119.887492
3DD.003E45D495,Starr Boat Launch,7/20/2023,2023,47.983552,-119.887492
3DD.003E45D496,Starr Boat Launch,7/20/2023,2023,47.983552,-119.887492
3DD.003E45D497,Starr Boat Launch,7/20/2023,2023,47.983552,-119.887492
3DD.003E45D498,Starr Boat Launch,7/20/2023,2023,47.983552,-119.887492
3DD.003E45D499,Starr Boat Launch,7/13/2023,2023,47.983552,-119.887492
3DD.003E45D49A,Starr Boat Launch,7/13/2023,2023,47.983552,-119.887492
3DD.003E45D49B,Starr Boat Launch,7/13/2023,2023,47.983552,-119.887492
3DD.003E45D49C,Starr Boat Launch,7/13/2023,2023,47.983552,-119.887492
3DD.003E45D49D,Starr Boat Launch,7/13/2023,2023,47.983552,-119.887492
3DD.003E45D49E,Starr Boat Launch,7/13/2023,2023,47.983552,-119.887492
3DD.003E45D49F,Starr Boat Launch,7/13/2023,2023,47.983552,-119.887492
3DD.003E45D4A0,Starr Boat Launch,7/20/2023,2023,47.983552,-119.887492
3DD.003E45D4A1,Starr Boat Launch,7/13/2023,2023,47.983552,-119.887492
3DD.003E45D4A2,Starr Boat Launch,7/13/2023,2023,47.983552,-119.887492
3DD.003E45D4A3,Starr Boat Launch,7/13/2023,2023,47.983552,-119.887492
3DD.003E45D4A4,Starr Boat Launch,7/13/2023,2023,47.983552,-119.887492
3DD.003E45D4A5,Starr Boat Launch,7/13/2023,2023,47.983552,-119.887492
3DD.003E45D4A6,Starr Boat Launch,7/20/2023,2023,47.983552,-119.887492
3DD.003E45D4A7,Starr Boat Launch,7/20/2023,2023,47.983552,-119.887492
3DD.003E45D4A8,Starr Boat Launch,7/13/2023,2023,47.983552,-119.887492
3DD.003E45D4A9,Starr Boat Launch,7/13/2023,2023,47.983552,-119.887492
3DD.003E45D4AA,Starr Boat Launch,7/13/2023,2023,47.983552,-119.887492
3DD.003E45D4AB,Starr Boat Launch,7/13/2023,2023,47.983552,-119.887492
3DD.003E45D4AC,Starr Boat Launch,7/13/2023,2023,47.983552,-119.887492
3DD.003E45D4AD,Starr Boat Launch,7/13/2023,2023,47.983552,-119.887492
3DD.003E45D4AE,Starr Boat Launch,7/13/2023,2023,47.983552,-119.887492
3DD.003E45D4AF,Starr Boat Launch,7/13/2023,2023,47.983552,-119.887492
3DD.003E45D4B0,Starr Boat Launch,7/13/2023,2023,47.983552,-119.887492
3DD.003E45D4B1,Starr Boat Launch,7/13/2023,2023,47.983552,-119.887492
3DD.003E45D4B2,Starr Boat Launch,7/13/2023,2023,47.983552,-119.887492
3DD.003E45D4B3,Starr Boat Launch,7/13/2023,2023,47.983552,-119.887492
3DD.003E45D4B4,Starr Boat Launch,7/20/2023,2023,47.983552,-119.887492
3DD.003E45D4B5,Starr Boat Launch,7/13/2023,2023,47.983552,-119.887492
3DD.003E45D4B6,Starr Boat Launch,7/20/2023,2023,47.983552,-119.887492
3DD.003E45D4B7,Starr Boat Launch,7/13/2023,2023,47.983552,-119.887492
3DD.003E45D4B8,Starr Boat Launch,7/20/2023,2023,47.983552,-119.887492
3DD.003E45D4B9,Starr Boat Launch,7/13/2023,2023,47.983552,-119.887492
3DD.003E45D4BA,Starr Boat Launch,7/13/2023,2023,47.983552,-119.887492
3DD.003E45D4BB,Starr Boat Launch,7/20/2023,2023,47.983552,-119.887492
3DD.003E45D4BC,Starr Boat Launch,7/20/2023,2023,47.983552,-119.887492
3DD.003E45D4BD,Starr Boat Launch,7/13/2023,2023,47.983552,-119.887492
3DD.003E45D4BE,Starr Boat Launch,7/13/2023,2023,47.983552,-119.887492
3DD.003E45D4BF,Starr Boat Launch,7/13/2023,2023,47.983552,-119.887492
3DD.003E45D4C0,Starr Boat Launch,7/13/2023,2023,47.983552,-119.887492
3DD.003E45D4C1,Starr Boat Launch,7/13/2023,2023,47.983552,-119.887492
3DD.003E45D4C2,Starr Boat Launch,7/13/2023,2023,47.983552,-119.887492
3DD.003E45D4C3,Starr Boat Launch,7/13/2023,2023,47.983552,-119.887492
3DD.003E45D4C4,Starr Boat Launch,7/13/2023,2023,47.983552,-119.887492
3DD.003E45D4C5,Starr Boat Launch,7/20/2023,2023,47.983552,-119.887492
3DD.003E45D4C6,Starr Boat Launch,7/20/2023,2023,47.983552,-119.887492
3DD.003E45D4C7,Starr Boat Launch,7/13/2023,2023,47.983552,-119.887492
3DD.003E45D4C8,Starr Boat Launch,7/13/2023,2023,47.983552,-119.887492
3DD.003E45D4C9,Starr Boat Launch,7/13/2023,2023,47.983552,-119.887492
3DD.003E45D4CA,Starr Boat Launch,7/13/2023,2023,47.983552,-119.887492
3DD.003E45D4CB,Starr Boat Launch,7/13/2023,2023,47.983552,-119.887492
3DD.003E45D4CC,Starr Boat Launch,7/20/2023,2023,47.983552,-119.887492
3DD.003E45D4CD,Starr Boat Launch,7/13/2023,2023,47.983552,-119.887492
3DD.003E45D4CE,Starr Boat Launch,7/13/2023,2023,47.983552,-119.887492
3DD.003E45D4CF,Starr Boat Launch,7/20/2023,2023,47.983552,-119.887492
3DD.003E45D4D0,Starr Boat Launch,7/13/2023,2023,47.983552,-119.887492
3DD.003E45D4D1,Starr Boat Launch,7/13/2023,2023,47.983552,-119.887492
3DD.003E45D4D2,Starr Boat Launch,7/20/2023,2023,47.983552,-119.887492
3DD.003E45D4D3,Starr Boat Launch,7/20/2023,2023,47.983552,-119.887492
3DD.003E45D4D4,Starr Boat Launch,7/20/2023,2023,47.983552,-119.887492
3DD.003E45D4D5,Starr Boat Launch,7/13/2023,2023,47.983552,-119.887492
3DD.003E45D4D6,Starr Boat Launch,7/20/2023,2023,47.983552,-119.887492
3DD.003E45D4D7,Starr Boat Launch,7/13/2023,2023,47.983552,-119.887492
3DD.003E45D4D8,Starr Boat Launch,7/13/2023,2023,47.983552,-119.887492
3DD.003E45D4D9,Starr Boat Launch,7/20/2023,2023,47.983552,-119.887492
3DD.003E45D4DA,Starr Boat Launch,7/13/2023,2023,47.983552,-119.887492
3DD.003E45D4DB,Starr Boat Launch,7/13/2023,2023,47.983552,-119.887492
3DD.003E45D4DC,Starr Boat Launch,7/13/2023,2023,47.983552,-119.887492
3DD.003E45D4DD,Starr Boat Launch,7/20/2023,2023,47.983552,-119.887492
3DD.003E45D4DE,Starr Boat Launch,7/13/2023,2023,47.983552,-119.887492
3DD.003E45D4DF,Starr Boat Launch,7/20/2023,2023,47.983552,-119.887492
3DD.003E45D4E0,Starr Boat Launch,7/13/2023,2023,47.983552,-119.887492
3DD.003E45D4E1,Starr Boat Launch,7/20/2023,2023,47.983552,-119.887492
3DD.003E45D4E2,Starr Boat Launch,7/13/2023,2023,47.983552,-119.887492
3DD.003E45D4E3,Starr Boat Launch,7/20/2023,2023,47.983552,-119.887492
3DD.003E45D4E4,Starr Boat Launch,7/20/2023,2023,47.983552,-119.887492
3DD.003E45D4E5,Starr Boat Launch,7/13/2023,2023,47.983552,-119.887492
3DD.003E45D4E6,Starr Boat Launch,7/20/2023,2023,47.983552,-119.887492
3DD.003E45D4E7,Starr Boat Launch,7/13/2023,2023,47.983552,-119.887492
3DD.003E45D4E8,Starr Boat Launch,7/13/2023,2023,47.983552,-119.887492
3DD.003E45D4E9,Starr Boat Launch,7/13/2023,2023,47.983552,-119.887492
3DD.003E45D4EA,Starr Boat Launch,7/20/2023,2023,47.983552,-119.887492
3DD.003E45D4EB,Starr Boat Launch,7/13/2023,2023,47.983552,-119.887492
3DD.003E45D4EC,Starr Boat Launch,7/20/2023,2023,47.983552,-119.887492
3DD.003E45D4ED,Starr Boat Launch,7/20/2023,2023,47.983552,-119.887492
3DD.003E45D4EE,Starr Boat Launch,7/13/2023,2023,47.983552,-119.887492
3DD.003E45D4EF,Starr Boat Launch,7/20/2023,2023,47.983552,-119.887492
3DD.003E45D4F0,Starr Boat Launch,7/13/2023,2023,47.983552,-119.887492
3DD.003E45D4F1,Starr Boat Launch,7/13/2023,2023,47.983552,-119.887492
3DD.003E45D4F2,Starr Boat Launch,7/13/2023,2023,47.983552,-119.887492
3DD.003E45D4F3,Starr Boat Launch,7/13/2023,2023,47.983552,-119.887492
3DD.003E45D4F4,Starr Boat Launch,7/20/2023,2023,47.983552,-119.887492
3DD.003E45D4F5,Starr Boat Launch,7/20/2023,2023,47.983552,-119.887492
3DD.003E45D4F6,Starr Boat Launch,7/20/2023,2023,47.983552,-119.887492
3DD.003E45D4F7,Starr Boat Launch,7/13/2023,2023,47.983552,-119.887492
3DD.003E45D4F9,Starr Boat Launch,7/13/2023,2023,47.983552,-119.887492
3DD.003E45D4FA,Starr Boat Launch,7/20/2023,2023,47.983552,-119.887492
3DD.003E45D4FB,Starr Boat Launch,7/20/2023,2023,47.983552,-119.887492
3DD.003E45D4FC,Starr Boat Launch,7/20/2023,2023,47.983552,-119.887492
3DD.0078E125EC,Omak Creek,8/7/2025,2025,48.353831,-119.288554
3DD.0078E125ED,Salmon Creek,8/7/2025,2025,48.446022,-119.666279
3DD.0078E125EE,Omak Creek,8/7/2025,2025,48.353831,-119.288554
3DD.0078E125EF,Starr Boat Launch,7/31/2025,2025,47.983552,-119.887492
3DD.0078E125F0,Omak Creek,8/7/2025,2025,48.353831,-119.288554
3DD.0078E125F1,Twisp River,8/21/2025,2025,48.353884,-120.365091
3DD.0078E125F2,Starr Boat Launch,7/31/2025,2025,47.983552,-119.887492
3DD.0078E125F3,Salmon Creek,8/7/2025,2025,48.446022,-119.666279
3DD.0078E125F4,Omak Creek,8/7/2025,2025,48.353831,-119.288554
3DD.0078E125F5,Starr Boat Launch,7/31/2025,2025,47.983552,-119.887492
3DD.0078E125F6,Omak Creek,8/7/2025,2025,48.353831,-119.288554
3DD.0078E125F7,Omak Creek,8/7/2025,2025,48.353831,-119.288554
3DD.0078E125F8,Starr Boat Launch,7/31/2025,2025,47.983552,-119.887492
3DD.0078E125F9,Omak Creek,8/7/2025,2025,48.353831,-119.288554
3DD.0078E125FA,Twisp River,8/21/2025,2025,48.353884,-120.365091
3DD.0078E125FB,Omak Creek,8/7/2025,2025,48.353831,-119.288554
3DD.0078E125FC,Omak Creek,8/7/2025,2025,48.353831,-119.288554
3DD.0078E125FD,Starr Boat Launch,7/31/2025,2025,47.983552,-119.887492
3DD.0078E125FE,Salmon Creek,8/7/2025,2025,48.446022,-119.666279
3DD.0078E125FF,Omak Creek,8/7/2025,2025,48.353831,-119.288554
3DD.0078E12600,Starr Boat Launch,7/31/2025,2025,47.983552,-119.887492
3DD.0078E12601,Salmon Creek,8/7/2025,2025,48.446022,-119.666279
3DD.0078E12602,Twisp River,8/21/2025,2025,48.353884,-120.365091
3DD.0078E12603,Omak Creek,8/7/2025,2025,48.353831,-119.288554
3DD.0078E12604,Salmon Creek,8/7/2025,2025,48.446022,-119.666279
3DD.0078E12605,Omak Creek,8/7/2025,2025,48.353831,-119.288554
3DD.0078E12606,Omak Creek,8/7/2025,2025,48.353831,-119.288554
3DD.0078E12607,Twisp River,8/21/2025,2025,48.353884,-120.365091
3DD.0078E12608,Omak Creek,8/7/2025,2025,48.353831,-119.288554
3DD.0078E12609,Omak Creek,8/7/2025,2025,48.353831,-119.288554
3DD.0078E1260A,Starr Boat Launch,7/31/2025,2025,47.983552,-119.887492
3DD.0078E1260B,Starr Boat Launch,7/31/2025,2025,47.983552,-119.887492
3DD.0078E1260C,Starr Boat Launch,7/31/2025,2025,47.983552,-119.887492
3DD.0078E1260D,Omak Creek,8/7/2025,2025,48.353831,-119.288554
3DD.0078E1260E,Twisp River,8/21/2025,2025,48.353884,-120.365091
3DD.0078E1260F,Twisp River,8/21/2025,2025,48.353884,-120.365091
3DD.0078E12610,Omak Creek,8/7/2025,2025,48.353831,-119.288554
3DD.0078E12611,Omak Creek,8/7/2025,2025,48.353831,-119.288554
3DD.0078E12612,Salmon Creek,8/7/2025,2025,48.446022,-119.666279
3DD.0078E12613,Starr Boat Launch,7/31/2025,2025,47.983552,-119.887492
3DD.0078E12614,Starr Boat Launch,7/31/2025,2025,47.983552,-119.887492
3DD.0078E12615,Starr Boat Launch,7/31/2025,2025,47.983552,-119.887492
3DD.0078E12616,Omak Creek,8/7/2025,2025,48.353831,-119.288554
3DD.0078E12617,Twisp River,8/21/2025,2025,48.353884,-120.365091
3DD.0078E12618,Twisp River,8/21/2025,2025,48.353884,-120.365091
3DD.0078E12619,Omak Creek,8/7/2025,2025,48.353831,-119.288554
3DD.0078E1261A,Omak Creek,8/7/2025,2025,48.353831,-119.288554
3DD.0078E1261B,Twisp River,8/21/2025,2025,48.353884,-120.365091
3DD.0078E1261C,Salmon Creek,8/7/2025,2025,48.446022,-119.666279
3DD.0078E1261D,Twisp River,8/21/2025,2025,48.353884,-120.365091
3DD.0078E1261E,Twisp River,8/21/2025,2025,48.353884,-120.365091
3DD.0078E1261F,Omak Creek,8/7/2025,2025,48.353831,-119.288554
3DD.0078E12620,Salmon Creek,8/7/2025,2025,48.446022,-119.666279
3DD.0078E12621,Salmon Creek,8/7/2025,2025,48.446022,-119.666279
3DD.0078E12622,Salmon Creek,8/7/2025,2025,48.446022,-119.666279
3DD.0078E12623,Starr Boat Launch,7/31/2025,2025,47.983552,-119.887492
3DD.0078E12624,Twisp River,8/21/2025,2025,48.353884,-120.365091
3DD.0078E12625,Omak Creek,8/7/2025,2025,48.353831,-119.288554
3DD.0078E12626,Omak Creek,8/7/2025,2025,48.353831,-119.288554
3DD.0078E12627,Salmon Creek,8/7/2025,2025,48.446022,-119.666279
3DD.0078E12628,Starr Boat Launch,7/31/2025,2025,47.983552,-119.887492
3DD.0078E12629,Salmon Creek,8/7/2025,2025,48.446022,-119.666279
3DD.0078E1262A,Starr Boat Launch,7/31/2025,2025,47.983552,-119.887492
3DD.0078E1262B,Salmon Creek,8/7/2025,2025,48.446022,-119.666279
3DD.0078E1262C,Omak Creek,8/7/2025,2025,48.353831,-119.288554
3DD.0078E1262D,Twisp River,8/21/2025,2025,48.353884,-120.365091
3DD.0078E1262E,Twisp River,8/21/2025,2025,48.353884,-120.365091
3DD.0078E1262F,Starr Boat Launch,7/31/2025,2025,47.983552,-119.887492
3DD.0078E12630,Salmon Creek,8/7/2025,2025,48.446022,-119.666279
3DD.0078E12631,Salmon Creek,8/7/2025,2025,48.446022,-119.666279
3DD.0078E12632,Starr Boat Launch,7/31/2025,2025,47.983552,-119.887492
3DD.0078E12633,Starr Boat Launch,7/31/2025,2025,47.983552,-119.887492
3DD.0078E12634,Salmon Creek,8/7/2025,2025,48.446022,-119.666279
3DD.0078E12635,Starr Boat Launch,7/31/2025,2025,47.983552,-119.887492
3DD.0078E12636,Omak Creek,8/7/2025,2025,48.353831,-119.288554
3DD.0078E12637,Salmon Creek,8/7/2025,2025,48.446022,-119.666279
3DD.0078E12638,Omak Creek,8/7/2025,2025,48.353831,-119.288554
3DD.0078E12639,Salmon Creek,8/7/2025,2025,48.446022,-119.666279
3DD.0078E1263A,Twisp River,8/21/2025,2025,48.353884,-120.365091
3DD.0078E1263B,Starr Boat Launch,7/31/2025,2025,47.983552,-119.887492
3DD.0078E1263C,Salmon Creek,8/7/2025,2025,48.446022,-119.666279
3DD.0078E1263D,Salmon Creek,8/7/2025,2025,48.446022,-119.666279
3DD.0078E1263E,Starr Boat Launch,7/31/2025,2025,47.983552,-119.887492
3DD.0078E1263F,Salmon Creek,8/7/2025,2025,48.446022,-119.666279
3DD.0078E12640,Starr Boat Launch,7/31/2025,2025,47.983552,-119.887492
3DD.0078E12641,Starr Boat Launch,7/31/2025,2025,47.983552,-119.887492
3DD.0078E12642,Salmon Creek,8/7/2025,2025,48.446022,-119.666279
3DD.0078E12643,Omak Creek,8/7/2025,2025,48.353831,-119.288554
3DD.0078E12644,Omak Creek,8/7/2025,2025,48.353831,-119.288554
3DD.0078E12645,Twisp River,8/21/2025,2025,48.353884,-120.365091
3DD.0078E12646,Salmon Creek,8/7/2025,2025,48.446022,-119.666279
3DD.0078E12647,Starr Boat Launch,7/31/2025,2025,47.983552,-119.887492
3DD.0078E12648,Salmon Creek,8/7/2025,2025,48.446022,-119.666279
3DD.0078E12649,Starr Boat Launch,7/31/2025,2025,47.983552,-119.887492
3DD.0078E1264A,Omak Creek,8/7/2025,2025,48.353831,-119.288554
3DD.0078E1264B,Salmon Creek,8/7/2025,2025,48.446022,-119.666279
3DD.0078E1264C,Omak Creek,8/7/2025,2025,48.353831,-119.288554
3DD.0078E1264D,Omak Creek,8/7/2025,2025,48.353831,-119.288554
3DD.0078E1264E,Starr Boat Launch,7/31/2025,2025,47.983552,-119.887492
3DD.0078E1264F,Omak Creek,8/7/2025,2025,48.353831,-119.288554
3DD.0078E12718,Starr Boat Launch,7/17/2025,2025,47.983552,-119.887492
3DD.0078E12719,Starr Boat Launch,7/17/2025,2025,47.983552,-119.887492
3DD.0078E1271A,Starr Boat Launch,7/17/2025,2025,47.983552,-119.887492
3DD.0078E1271B,Starr Boat Launch,7/17/2025,2025,47.983552,-119.887492
3DD.0078E1271C,Starr Boat Launch,7/17/2025,2025,47.983552,-119.887492
3DD.0078E1271D,Starr Boat Launch,7/17/2025,2025,47.983552,-119.887492
3DD.0078E1271E,Starr Boat Launch,7/17/2025,2025,47.983552,-119.887492
3DD.0078E1271F,Starr Boat Launch,7/17/2025,2025,47.983552,-119.887492
3DD.0078E12720,Starr Boat Launch,7/17/2025,2025,47.983552,-119.887492
3DD.0078E12721,Starr Boat Launch,7/17/2025,2025,47.983552,-119.887492
3DD.0078E12722,Starr Boat Launch,7/17/2025,2025,47.983552,-119.887492
3DD.0078E12723,Starr Boat Launch,7/17/2025,2025,47.983552,-119.887492
3DD.0078E12724,Starr Boat Launch,7/17/2025,2025,47.983552,-119.887492
3DD.0078E12725,Starr Boat Launch,7/17/2025,2025,47.983552,-119.887492
3DD.0078E12726,Starr Boat Launch,7/17/2025,2025,47.983552,-119.887492
3DD.0078E12727,Starr Boat Launch,7/17/2025,2025,47.983552,-119.887492
3DD.0078E12728,Starr Boat Launch,7/17/2025,2025,47.983552,-119.887492
3DD.0078E12729,Starr Boat Launch,7/17/2025,2025,47.983552,-119.887492
3DD.0078E1272A,Starr Boat Launch,7/17/2025,2025,47.983552,-119.887492
3DD.0078E1272B,Starr Boat Launch,7/17/2025,2025,47.983552,-119.887492
3DD.0078E1272C,Starr Boat Launch,7/17/2025,2025,47.983552,-119.887492
3DD.0078E1272D,Starr Boat Launch,7/17/2025,2025,47.983552,-119.887492
3DD.0078E1272E,Starr Boat Launch,7/17/2025,2025,47.983552,-119.887492
3DD.0078E1272F,Starr Boat Launch,7/17/2025,2025,47.983552,-119.887492
3DD.0078E12730,Starr Boat Launch,7/17/2025,2025,47.983552,-119.887492
3DD.0078E12731,Starr Boat Launch,7/17/2025,2025,47.983552,-119.887492
3DD.0078E12732,Starr Boat Launch,7/17/2025,2025,47.983552,-119.887492
3DD.0078E12733,Starr Boat Launch,7/17/2025,2025,47.983552,-119.887492
3DD.0078E12734,Starr Boat Launch,7/17/2025,2025,47.983552,-119.887492
3DD.0078E12735,Starr Boat Launch,7/17/2025,2025,47.983552,-119.887492
3DD.0078E12736,Starr Boat Launch,7/17/2025,2025,47.983552,-119.887492
3DD.0078E12737,Starr Boat Launch,7/17/2025,2025,47.983552,-119.887492
3DD.0078E12738,Starr Boat Launch,7/17/2025,2025,47.983552,-119.887492
3DD.0078E12739,Starr Boat Launch,7/17/2025,2025,47.983552,-119.887492
3DD.0078E1273A,Starr Boat Launch,7/17/2025,2025,47.983552,-119.887492
3DD.0078E1273B,Starr Boat Launch,7/17/2025,2025,47.983552,-119.887492
3DD.0078E1273C,Starr Boat Launch,7/17/2025,2025,47.983552,-119.887492
3DD.0078E1273D,Starr Boat Launch,7/17/2025,2025,47.983552,-119.887492
3DD.0078E1273E,Starr Boat Launch,7/17/2025,2025,47.983552,-119.887492
3DD.0078E1273F,Starr Boat Launch,7/17/2025,2025,47.983552,-119.887492
3DD.0078E12740,Starr Boat Launch,7/17/2025,2025,47.983552,-119.887492
3DD.0078E12741,Starr Boat Launch,7/17/2025,2025,47.983552,-119.887492
3DD.0078E12742,Starr Boat Launch,7/17/2025,2025,47.983552,-119.887492
3DD.0078E12743,Starr Boat Launch,7/17/2025,2025,47.983552,-119.887492
3DD.0078E12744,Starr Boat Launch,7/17/2025,2025,47.983552,-119.887492
3DD.0078E12745,Starr Boat Launch,7/17/2025,2025,47.983552,-119.887492
3DD.0078E12746,Starr Boat Launch,7/17/2025,2025,47.983552,-119.887492
3DD.0078E12747,Starr Boat Launch,7/17/2025,2025,47.983552,-119.887492
3DD.0078E12748,Starr Boat Launch,7/17/2025,2025,47.983552,-119.887492
3DD.0078E12749,Starr Boat Launch,7/17/2025,2025,47.983552,-119.887492
3DD.0078E1274A,Starr Boat Launch,7/17/2025,2025,47.983552,-119.887492
3DD.0078E1274B,Starr Boat Launch,7/17/2025,2025,47.983552,-119.887492
3DD.0078E1274C,Starr Boat Launch,7/17/2025,2025,47.983552,-119.887492
3DD.0078E1274D,Starr Boat Launch,7/17/2025,2025,47.983552,-119.887492
3DD.0078E1274E,Starr Boat Launch,7/17/2025,2025,47.983552,-119.887492
3DD.0078E1274F,Starr Boat Launch,7/17/2025,2025,47.983552,-119.887492
3DD.0078E12750,Starr Boat Launch,7/17/2025,2025,47.983552,-119.887492
3DD.0078E12751,Starr Boat Launch,7/17/2025,2025,47.983552,-119.887492
3DD.0078E12752,Starr Boat Launch,7/17/2025,2025,47.983552,-119.887492
3DD.0078E12753,Starr Boat Launch,7/17/2025,2025,47.983552,-119.887492
3DD.0078E12754,Starr Boat Launch,7/17/2025,2025,47.983552,-119.887492
3DD.0078E12755,Starr Boat Launch,7/17/2025,2025,47.983552,-119.887492
3DD.0078E12756,Starr Boat Launch,7/17/2025,2025,47.983552,-119.887492
3DD.0078E12757,Starr Boat Launch,7/17/2025,2025,47.983552,-119.887492
3DD.0078E12758,Starr Boat Launch,7/17/2025,2025,47.983552,-119.887492
3DD.0078E1275A,Starr Boat Launch,7/17/2025,2025,47.983552,-119.887492
3DD.0078E1275B,Starr Boat Launch,7/17/2025,2025,47.983552,-119.887492
3DD.0078E1275C,Starr Boat Launch,7/17/2025,2025,47.983552,-119.887492
3DD.0078E1275D,Starr Boat Launch,7/17/2025,2025,47.983552,-119.887492
3DD.0078E1275E,Starr Boat Launch,7/17/2025,2025,47.983552,-119.887492
3DD.0078E1275F,Starr Boat Launch,7/17/2025,2025,47.983552,-119.887492
3DD.0078E12760,Starr Boat Launch,7/17/2025,2025,47.983552,-119.887492
3DD.0078E12761,Starr Boat Launch,7/17/2025,2025,47.983552,-119.887492
3DD.0078E12762,Starr Boat Launch,7/17/2025,2025,47.983552,-119.887492
3DD.0078E12763,Starr Boat Launch,7/17/2025,2025,47.983552,-119.887492
3DD.0078E12764,Starr Boat Launch,7/17/2025,2025,47.983552,-119.887492
3DD.0078E12765,Starr Boat Launch,7/17/2025,2025,47.983552,-119.887492
3DD.0078E12766,Starr Boat Launch,7/17/2025,2025,47.983552,-119.887492
3DD.0078E12767,Starr Boat Launch,7/17/2025,2025,47.983552,-119.887492
3DD.0078E12768,Starr Boat Launch,7/17/2025,2025,47.983552,-119.887492
3DD.0078E12769,Starr Boat Launch,7/17/2025,2025,47.983552,-119.887492
3DD.0078E1276A,Starr Boat Launch,7/17/2025,2025,47.983552,-119.887492
3DD.0078E1276B,Starr Boat Launch,7/17/2025,2025,47.983552,-119.887492
3DD.0078E1276C,Starr Boat Launch,7/17/2025,2025,47.983552,-119.887492
3DD.0078E1276D,Starr Boat Launch,7/17/2025,2025,47.983552,-119.887492
3DD.0078E1276E,Starr Boat Launch,7/17/2025,2025,47.983552,-119.887492
3DD.0078E1276F,Starr Boat Launch,7/17/2025,2025,47.983552,-119.887492
3DD.0078E12770,Starr Boat Launch,7/17/2025,2025,47.983552,-119.887492
3DD.0078E12771,Starr Boat Launch,7/17/2025,2025,47.983552,-119.887492
3DD.0078E12772,Starr Boat Launch,7/17/2025,2025,47.983552,-119.887492
3DD.0078E12773,Starr Boat Launch,7/17/2025,2025,47.983552,-119.887492
3DD.0078E12774,Starr Boat Launch,7/17/2025,2025,47.983552,-119.887492
3DD.0078E12775,Starr Boat Launch,7/17/2025,2025,47.983552,-119.887492
3DD.0078E12776,Starr Boat Launch,7/17/2025,2025,47.983552,-119.887492
3DD.0078E12777,Starr Boat Launch,7/17/2025,2025,47.983552,-119.887492
3DD.0078E12778,Starr Boat Launch,7/17/2025,2025,47.983552,-119.887492
3DD.0078E12779,Starr Boat Launch,7/17/2025,2025,47.983552,-119.887492
3DD.0078E1277A,Starr Boat Launch,7/17/2025,2025,47.983552,-119.887492
3DD.0078E1277B,Starr Boat Launch,7/17/2025,2025,47.983552,-119.887492
3DD.0078E129D4,Starr Boat Launch,9/4/2025,2025,47.983552,-119.887492
3DD.0078E129D5,Starr Boat Launch,9/4/2025,2025,47.983552,-119.887492
3DD.0078E129D6,Beaver Creek,8/21/2025,2025,48.435095,-120.022301
3DD.0078E129D7,Starr Boat Launch,8/28/2025,2025,47.983552,-119.887492
3DD.0078E129D8,Starr Boat Launch,9/4/2025,2025,47.983552,-119.887492
3DD.0078E129D9,Starr Boat Launch,9/4/2025,2025,47.983552,-119.887492
3DD.0078E129DA,Starr Boat Launch,9/4/2025,2025,47.983552,-119.887492
3DD.0078E129DB,Starr Boat Launch,9/4/2025,2025,47.983552,-119.887492
3DD.0078E129DC,Starr Boat Launch,9/4/2025,2025,47.983552,-119.887492
3DD.0078E129DD,Beaver Creek,8/21/2025,2025,48.435095,-120.022301
3DD.0078E129DE,Starr Boat Launch,9/4/2025,2025,47.983552,-119.887492
3DD.0078E129DF,Starr Boat Launch,9/4/2025,2025,47.983552,-119.887492
3DD.0078E129E0,Starr Boat Launch,9/4/2025,2025,47.983552,-119.887492
3DD.0078E129E1,Starr Boat Launch,9/4/2025,2025,47.983552,-119.887492
3DD.0078E129E2,Starr Boat Launch,9/4/2025,2025,47.983552,-119.887492
3DD.0078E129E3,Twisp River,8/21/2025,2025,48.353884,-120.365091
3DD.0078E129E4,Beaver Creek,8/21/2025,2025,48.435095,-120.022301
3DD.0078E129E5,Twisp River,8/21/2025,2025,48.353884,-120.365091
3DD.0078E129E6,Beaver Creek,8/21/2025,2025,48.435095,-120.022301
3DD.0078E129E8,Starr Boat Launch,9/4/2025,2025,47.983552,-119.887492
3DD.0078E129E9,Starr Boat Launch,8/28/2025,2025,47.983552,-119.887492
3DD.0078E129EA,Beaver Creek,8/21/2025,2025,48.435095,-120.022301
3DD.0078E129EB,Starr Boat Launch,9/4/2025,2025,47.983552,-119.887492
3DD.0078E129EC,Twisp River,8/21/2025,2025,48.353884,-120.365091
3DD.0078E129ED,Beaver Creek,8/21/2025,2025,48.435095,-120.022301
3DD.0078E129EE,Starr Boat Launch,9/4/2025,2025,47.983552,-119.887492
3DD.0078E129EF,Starr Boat Launch,9/4/2025,2025,47.983552,-119.887492
3DD.0078E129F0,Starr Boat Launch,9/4/2025,2025,47.983552,-119.887492
3DD.0078E129F1,Starr Boat Launch,8/28/2025,2025,47.983552,-119.887492
3DD.0078E129F2,Beaver Creek,8/21/2025,2025,48.435095,-120.022301
3DD.0078E129F3,Beaver Creek,8/21/2025,2025,48.435095,-120.022301
3DD.0078E129F4,Beaver Creek,8/21/2025,2025,48.435095,-120.022301
3DD.0078E129F5,Starr Boat Launch,8/28/2025,2025,47.983552,-119.887492
3DD.0078E129F6,Beaver Creek,8/21/2025,2025,48.435095,-120.022301
3DD.0078E129F7,Beaver Creek,8/21/2025,2025,48.435095,-120.022301
3DD.0078E129F8,Starr Boat Launch,9/4/2025,2025,47.983552,-119.887492
3DD.0078E129F9,Starr Boat Launch,8/28/2025,2025,47.983552,-119.887492
3DD.0078E129FA,Twisp River,8/21/2025,2025,48.353884,-120.365091
3DD.0078E129FB,Starr Boat Launch,9/4/2025,2025,47.983552,-119.887492
3DD.0078E129FC,Twisp River,8/21/2025,2025,48.353884,-120.365091
3DD.0078E129FD,Starr Boat Launch,9/4/2025,2025,47.983552,-119.887492
3DD.0078E129FE,Beaver Creek,8/21/2025,2025,48.435095,-120.022301
3DD.0078E129FF,Starr Boat Launch,9/4/2025,2025,47.983552,-119.887492
3DD.0078E12A00,Twisp River,8/21/2025,2025,48.353884,-120.365091
3DD.0078E12A01,Beaver Creek,8/21/2025,2025,48.435095,-120.022301
3DD.0078E12A02,Starr Boat Launch,9/4/2025,2025,47.983552,-119.887492
3DD.0078E12A03,Beaver Creek,8/21/2025,2025,48.435095,-120.022301
3DD.0078E12A04,Beaver Creek,8/21/2025,2025,48.435095,-120.022301
3DD.0078E12A06,Starr Boat Launch,9/4/2025,2025,47.983552,-119.887492
3DD.0078E12A07,Starr Boat Launch,9/4/2025,2025,47.983552,-119.887492
3DD.0078E12A08,Twisp River,8/21/2025,2025,48.353884,-120.365091
3DD.0078E12A09,Starr Boat Launch,9/4/2025,2025,47.983552,-119.887492
3DD.0078E12A0A,Beaver Creek,8/21/2025,2025,48.435095,-120.022301
3DD.0078E12A0B,Beaver Creek,8/21/2025,2025,48.435095,-120.022301
3DD.0078E12A0C,Beaver Creek,8/21/2025,2025,48.435095,-120.022301
3DD.0078E12A0D,Starr Boat Launch,9/4/2025,2025,47.983552,-119.887492
3DD.0078E12A0E,Starr Boat Launch,9/4/2025,2025,47.983552,-119.887492
3DD.0078E12A0F,Starr Boat Launch,9/4/2025,2025,47.983552,-119.887492
3DD.0078E12A10,Starr Boat Launch,8/28/2025,2025,47.983552,-119.887492
3DD.0078E12A11,Beaver Creek,8/21/2025,2025,48.435095,-120.022301
3DD.0078E12A12,Starr Boat Launch,9/4/2025,2025,47.983552,-119.887492
3DD.0078E12A13,Starr Boat Launch,8/28/2025,2025,47.983552,-119.887492
3DD.0078E12A14,Starr Boat Launch,9/4/2025,2025,47.983552,-119.887492
3DD.0078E12A15,Starr Boat Launch,8/28/2025,2025,47.983552,-119.887492
3DD.0078E12A16,Twisp River,8/21/2025,2025,48.353884,-120.365091
3DD.0078E12A17,Starr Boat Launch,9/4/2025,2025,47.983552,-119.887492
3DD.0078E12A18,Starr Boat Launch,8/28/2025,2025,47.983552,-119.887492
3DD.0078E12A19,Starr Boat Launch,9/4/2025,2025,47.983552,-119.887492
3DD.0078E12A1A,Starr Boat Launch,8/28/2025,2025,47.983552,-119.887492
3DD.0078E12A1B,Starr Boat Launch,9/4/2025,2025,47.983552,-119.887492
3DD.0078E12A1C,Starr Boat Launch,9/4/2025,2025,47.983552,-119.887492
3DD.0078E12A1D,Beaver Creek,8/21/2025,2025,48.435095,-120.022301
3DD.0078E12A1E,Starr Boat Launch,8/28/2025,2025,47.983552,-119.887492
3DD.0078E12A1F,Beaver Creek,8/21/2025,2025,48.435095,-120.022301
3DD.0078E12A20,Beaver Creek,8/21/2025,2025,48.435095,-120.022301
3DD.0078E12A21,Twisp River,8/21/2025,2025,48.353884,-120.365091
3DD.0078E12A22,Starr Boat Launch,8/28/2025,2025,47.983552,-119.887492
3DD.0078E12A23,Starr Boat Launch,9/4/2025,2025,47.983552,-119.887492
3DD.0078E12A24,Twisp River,8/21/2025,2025,48.353884,-120.365091
3DD.0078E12A25,Starr Boat Launch,9/4/2025,2025,47.983552,-119.887492
3DD.0078E12A26,Starr Boat Launch,9/4/2025,2025,47.983552,-119.887492
3DD.0078E12A27,Beaver Creek,8/21/2025,2025,48.435095,-120.022301
3DD.0078E12A28,Beaver Creek,8/21/2025,2025,48.435095,-120.022301
3DD.0078E12A29,Starr Boat Launch,9/4/2025,2025,47.983552,-119.887492
3DD.0078E12A2A,Beaver Creek,8/21/2025,2025,48.435095,-120.022301
3DD.0078E12A2B,Starr Boat Launch,9/4/2025,2025,47.983552,-119.887492
3DD.0078E12A2C,Beaver Creek,8/21/2025,2025,48.435095,-120.022301
3DD.0078E12A2D,Starr Boat Launch,9/4/2025,2025,47.983552,-119.887492
3DD.0078E12A2E,Starr Boat Launch,8/28/2025,2025,47.983552,-119.887492
3DD.0078E12A2F,Twisp River,8/21/2025,2025,48.353884,-120.365091
3DD.0078E12A30,Beaver Creek,8/21/2025,2025,48.435095,-120.022301
3DD.0078E12A31,Starr Boat Launch,9/4/2025,2025,47.983552,-119.887492
3DD.0078E12A32,Starr Boat Launch,8/28/2025,2025,47.983552,-119.887492
3DD.0078E12A33,Starr Boat Launch,9/4/2025,2025,47.983552,-119.887492
3DD.0078E12A34,Starr Boat Launch,8/28/2025,2025,47.983552,-119.887492
3DD.0078E12A35,Starr Boat Launch,9/4/2025,2025,47.983552,-119.887492
3DD.0078E12A36,Starr Boat Launch,9/4/2025,2025,47.983552,-119.887492
3DD.0078E12A37,Starr Boat Launch,9/4/2025,2025,47.983552,-119.887492
3DD.0078E13910,Starr Boat Launch,8/29/2024,2024,47.983552,-119.887492
3DD.0078E13911,Starr Boat Launch,8/29/2024,2024,47.983552,-119.887492
3DD.0078E13912,Starr Boat Launch,8/29/2024,2024,47.983552,-119.887492
3DD.0078E13913,Starr Boat Launch,8/28/2024,2024,47.983552,-119.887492
3DD.0078E13914,Starr Boat Launch,8/29/2024,2024,47.983552,-119.887492
3DD.0078E13915,Starr Boat Launch,8/29/2024,2024,47.983552,-119.887492
3DD.0078E13916,Starr Boat Launch,8/29/2024,2024,47.983552,-119.887492
3DD.0078E13917,Starr Boat Launch,9/5/2024,2024,47.983552,-119.887492
3DD.0078E13918,Starr Boat Launch,8/29/2024,2024,47.983552,-119.887492
3DD.0078E13919,Starr Boat Launch,8/29/2024,2024,47.983552,-119.887492
3DD.0078E1391A,Starr Boat Launch,7/24/2025,2025,47.983552,-119.887492
3DD.0078E1391B,Starr Boat Launch,9/5/2024,2024,47.983552,-119.887492
3DD.0078E1391C,Starr Boat Launch,8/29/2024,2024,47.983552,-119.887492
3DD.0078E1391D,Starr Boat Launch,8/29/2024,2024,47.983552,-119.887492
3DD.0078E1391E,Starr Boat Launch,8/29/2024,2024,47.983552,-119.887492
3DD.0078E1391F,Starr Boat Launch,9/5/2024,2024,47.983552,-119.887492
3DD.0078E13920,Starr Boat Launch,9/5/2024,2024,47.983552,-119.887492
3DD.0078E13921,Starr Boat Launch,8/29/2024,2024,47.983552,-119.887492
3DD.0078E13922,Starr Boat Launch,8/29/2024,2024,47.983552,-119.887492
3DD.0078E13923,Starr Boat Launch,7/24/2025,2025,47.983552,-119.887492
3DD.0078E13924,Starr Boat Launch,7/24/2025,2025,47.983552,-119.887492
3DD.0078E13925,Starr Boat Launch,8/29/2024,2024,47.983552,-119.887492
3DD.0078E13926,Starr Boat Launch,9/5/2024,2024,47.983552,-119.887492
3DD.0078E13927,Starr Boat Launch,8/29/2024,2024,47.983552,-119.887492
3DD.0078E13928,Starr Boat Launch,8/29/2024,2024,47.983552,-119.887492
3DD.0078E13929,Starr Boat Launch,8/29/2024,2024,47.983552,-119.887492
3DD.0078E1392A,Starr Boat Launch,8/29/2024,2024,47.983552,-119.887492
3DD.0078E1392B,Starr Boat Launch,8/29/2024,2024,47.983552,-119.887492
3DD.0078E1392C,Starr Boat Launch,8/29/2024,2024,47.983552,-119.887492
3DD.0078E1392D,Starr Boat Launch,8/29/2024,2024,47.983552,-119.887492
3DD.0078E1392E,Starr Boat Launch,9/5/2024,2024,47.983552,-119.887492
3DD.0078E1392F,Starr Boat Launch,8/29/2024,2024,47.983552,-119.887492
3DD.0078E13930,Starr Boat Launch,8/29/2024,2024,47.983552,-119.887492
3DD.0078E13931,Starr Boat Launch,8/29/2024,2024,47.983552,-119.887492
3DD.0078E13932,Starr Boat Launch,8/29/2024,2024,47.983552,-119.887492
3DD.0078E13933,Starr Boat Launch,8/29/2024,2024,47.983552,-119.887492
3DD.0078E13934,Starr Boat Launch,9/5/2024,2024,47.983552,-119.887492
3DD.0078E13935,Starr Boat Launch,8/29/2024,2024,47.983552,-119.887492
3DD.0078E13936,Starr Boat Launch,8/29/2024,2024,47.983552,-119.887492
3DD.0078E13937,Starr Boat Launch,8/29/2024,2024,47.983552,-119.887492
3DD.0078E13938,Starr Boat Launch,8/29/2024,2024,47.983552,-119.887492
3DD.0078E13939,Starr Boat Launch,8/29/2024,2024,47.983552,-119.887492
3DD.0078E1393A,Starr Boat Launch,8/29/2024,2024,47.983552,-119.887492
3DD.0078E1393B,Starr Boat Launch,8/29/2024,2024,47.983552,-119.887492
3DD.0078E1393C,Starr Boat Launch,8/29/2024,2024,47.983552,-119.887492
3DD.0078E1393D,Starr Boat Launch,8/29/2024,2024,47.983552,-119.887492
3DD.0078E1393E,Starr Boat Launch,8/29/2024,2024,47.983552,-119.887492
3DD.0078E1393F,Starr Boat Launch,8/29/2024,2024,47.983552,-119.887492
3DD.0078E13940,Starr Boat Launch,8/29/2024,2024,47.983552,-119.887492
3DD.0078E13941,Starr Boat Launch,9/5/2024,2024,47.983552,-119.887492
3DD.0078E13942,Starr Boat Launch,9/5/2024,2024,47.983552,-119.887492
3DD.0078E13943,Starr Boat Launch,7/24/2025,2025,47.983552,-119.887492
3DD.0078E13944,Starr Boat Launch,8/29/2024,2024,47.983552,-119.887492
3DD.0078E13945,Starr Boat Launch,8/29/2024,2024,47.983552,-119.887492
3DD.0078E13946,Starr Boat Launch,8/29/2024,2024,47.983552,-119.887492
3DD.0078E13947,Starr Boat Launch,8/29/2024,2024,47.983552,-119.887492
3DD.0078E13948,Starr Boat Launch,8/29/2024,2024,47.983552,-119.887492
3DD.0078E13949,Starr Boat Launch,8/29/2024,2024,47.983552,-119.887492
3DD.0078E1394A,Starr Boat Launch,8/29/2024,2024,47.983552,-119.887492
3DD.0078E1394B,Starr Boat Launch,8/29/2024,2024,47.983552,-119.887492
3DD.0078E1394C,Starr Boat Launch,8/29/2024,2024,47.983552,-119.887492
3DD.0078E1394D,Starr Boat Launch,8/29/2024,2024,47.983552,-119.887492
3DD.0078E1394E,Starr Boat Launch,9/5/2024,2024,47.983552,-119.887492
3DD.0078E1394F,Starr Boat Launch,8/29/2024,2024,47.983552,-119.887492
3DD.0078E13950,Starr Boat Launch,8/29/2024,2024,47.983552,-119.887492
3DD.0078E13951,Starr Boat Launch,8/29/2024,2024,47.983552,-119.887492
3DD.0078E13952,Starr Boat Launch,8/29/2024,2024,47.983552,-119.887492
3DD.0078E13953,Starr Boat Launch,8/29/2024,2024,47.983552,-119.887492
3DD.0078E13954,Starr Boat Launch,8/29/2024,2024,47.983552,-119.887492
3DD.0078E13955,Starr Boat Launch,8/29/2024,2024,47.983552,-119.887492
3DD.0078E13956,Starr Boat Launch,8/29/2024,2024,47.983552,-119.887492
3DD.0078E13957,Starr Boat Launch,8/29/2024,2024,47.983552,-119.887492
3DD.0078E13958,Starr Boat Launch,8/29/2024,2024,47.983552,-119.887492
3DD.0078E13959,Starr Boat Launch,8/29/2024,2024,47.983552,-119.887492
3DD.0078E1395A,Starr Boat Launch,8/29/2024,2024,47.983552,-119.887492
3DD.0078E1395B,Starr Boat Launch,8/29/2024,2024,47.983552,-119.887492
3DD.0078E1395C,Starr Boat Launch,8/29/2024,2024,47.983552,-119.887492
3DD.0078E1395D,Starr Boat Launch,8/29/2024,2024,47.983552,-119.887492
3DD.0078E1395E,Starr Boat Launch,8/29/2024,2024,47.983552,-119.887492
3DD.0078E1395F,Starr Boat Launch,8/28/2024,2024,47.983552,-119.887492
3DD.0078E13960,Starr Boat Launch,8/29/2024,2024,47.983552,-119.887492
3DD.0078E13961,Starr Boat Launch,8/29/2024,2024,47.983552,-119.887492
3DD.0078E13962,Starr Boat Launch,8/29/2024,2024,47.983552,-119.887492
3DD.0078E13963,Starr Boat Launch,8/29/2024,2024,47.983552,-119.887492
3DD.0078E13964,Starr Boat Launch,8/29/2024,2024,47.983552,-119.887492
3DD.0078E13965,Starr Boat Launch,8/29/2024,2024,47.983552,-119.887492
3DD.0078E13966,Starr Boat Launch,8/29/2024,2024,47.983552,-119.887492
3DD.0078E13967,Starr Boat Launch,8/29/2024,2024,47.983552,-119.887492
3DD.0078E13968,Starr Boat Launch,8/29/2024,2024,47.983552,-119.887492
3DD.0078E13969,Starr Boat Launch,8/29/2024,2024,47.983552,-119.887492
3DD.0078E1396A,Starr Boat Launch,8/29/2024,2024,47.983552,-119.887492
3DD.0078E1396B,Starr Boat Launch,8/29/2024,2024,47.983552,-119.887492
3DD.0078E1396C,Starr Boat Launch,8/29/2024,2024,47.983552,-119.887492
3DD.0078E1396D,Starr Boat Launch,8/28/2024,2024,47.983552,-119.887492
3DD.0078E1396E,Starr Boat Launch,8/28/2024,2024,47.983552,-119.887492
3DD.0078E1396F,Starr Boat Launch,8/29/2024,2024,47.983552,-119.887492
3DD.0078E13970,Starr Boat Launch,8/29/2024,2024,47.983552,-119.887492
3DD.0078E13971,Starr Boat Launch,8/29/2024,2024,47.983552,-119.887492
3DD.0078E13972,Starr Boat Launch,8/29/2024,2024,47.983552,-119.887492
3DD.0078E13973,Starr Boat Launch,8/29/2024,2024,47.983552,-119.887492
3DD.0078E13974,Starr Boat Launch,8/22/2024,2024,47.983552,-119.887492
3DD.0078E13975,Starr Boat Launch,8/22/2024,2024,47.983552,-119.887492
3DD.0078E13976,Starr Boat Launch,8/28/2024,2024,47.983552,-119.887492
3DD.0078E13977,Starr Boat Launch,8/22/2024,2024,47.983552,-119.887492
3DD.0078E13978,Starr Boat Launch,8/22/2024,2024,47.983552,-119.887492
3DD.0078E13979,Starr Boat Launch,8/22/2024,2024,47.983552,-119.887492
3DD.0078E1397A,Starr Boat Launch,8/22/2024,2024,47.983552,-119.887492
3DD.0078E1397B,Starr Boat Launch,8/27/2024,2024,47.983552,-119.887492
3DD.0078E1397C,Starr Boat Launch,8/22/2024,2024,47.983552,-119.887492
3DD.0078E1397D,Starr Boat Launch,8/22/2024,2024,47.983552,-119.887492
3DD.0078E1397E,Starr Boat Launch,8/22/2024,2024,47.983552,-119.887492
3DD.0078E1397F,Starr Boat Launch,8/27/2024,2024,47.983552,-119.887492
3DD.0078E13980,Starr Boat Launch,8/22/2024,2024,47.983552,-119.887492
3DD.0078E13981,Starr Boat Launch,8/22/2024,2024,47.983552,-119.887492
3DD.0078E13982,Starr Boat Launch,8/22/2024,2024,47.983552,-119.887492
3DD.0078E13983,Starr Boat Launch,8/22/2024,2024,47.983552,-119.887492
3DD.0078E13984,Starr Boat Launch,8/22/2024,2024,47.983552,-119.887492
3DD.0078E13985,Starr Boat Launch,8/22/2024,2024,47.983552,-119.887492
3DD.0078E13986,Starr Boat Launch,8/22/2024,2024,47.983552,-119.887492
3DD.0078E13987,Starr Boat Launch,8/22/2024,2024,47.983552,-119.887492
3DD.0078E13988,Starr Boat Launch,8/22/2024,2024,47.983552,-119.887492
3DD.0078E13989,Starr Boat Launch,8/22/2024,2024,47.983552,-119.887492
3DD.0078E1398A,Starr Boat Launch,8/22/2024,2024,47.983552,-119.887492
3DD.0078E1398B,Starr Boat Launch,8/22/2024,2024,47.983552,-119.887492
3DD.0078E1398C,Starr Boat Launch,8/22/2024,2024,47.983552,-119.887492
3DD.0078E1398D,Starr Boat Launch,8/22/2024,2024,47.983552,-119.887492
3DD.0078E1398E,Starr Boat Launch,8/22/2024,2024,47.983552,-119.887492
3DD.0078E1398F,Starr Boat Launch,8/22/2024,2024,47.983552,-119.887492
3DD.0078E13990,Starr Boat Launch,8/22/2024,2024,47.983552,-119.887492
3DD.0078E13991,Starr Boat Launch,8/22/2024,2024,47.983552,-119.887492
3DD.0078E13992,Starr Boat Launch,8/22/2024,2024,47.983552,-119.887492
3DD.0078E13993,Starr Boat Launch,8/22/2024,2024,47.983552,-119.887492
3DD.0078E13994,Starr Boat Launch,8/22/2024,2024,47.983552,-119.887492
3DD.0078E13995,Starr Boat Launch,8/22/2024,2024,47.983552,-119.887492
3DD.0078E13996,Starr Boat Launch,8/22/2024,2024,47.983552,-119.887492
3DD.0078E13997,Starr Boat Launch,8/22/2024,2024,47.983552,-119.887492
3DD.0078E13998,Starr Boat Launch,8/22/2024,2024,47.983552,-119.887492
3DD.0078E13999,Starr Boat Launch,8/22/2024,2024,47.983552,-119.887492
3DD.0078E1399A,Starr Boat Launch,8/22/2024,2024,47.983552,-119.887492
3DD.0078E1399B,Starr Boat Launch,8/22/2024,2024,47.983552,-119.887492
3DD.0078E1399C,Starr Boat Launch,8/22/2024,2024,47.983552,-119.887492
3DD.0078E1399D,Starr Boat Launch,8/28/2024,2024,47.983552,-119.887492
3DD.0078E1399E,Starr Boat Launch,8/28/2024,2024,47.983552,-119.887492
3DD.0078E1399F,Starr Boat Launch,8/22/2024,2024,47.983552,-119.887492
3DD.0078E139A0,Starr Boat Launch,8/22/2024,2024,47.983552,-119.887492
3DD.0078E139A1,Starr Boat Launch,8/22/2024,2024,47.983552,-119.887492
3DD.0078E139A2,Starr Boat Launch,8/22/2024,2024,47.983552,-119.887492
3DD.0078E139A3,Starr Boat Launch,8/22/2024,2024,47.983552,-119.887492
3DD.0078E139A4,Starr Boat Launch,8/22/2024,2024,47.983552,-119.887492
3DD.0078E139A5,Starr Boat Launch,8/22/2024,2024,47.983552,-119.887492
3DD.0078E139A6,Starr Boat Launch,8/22/2024,2024,47.983552,-119.887492
3DD.0078E139A7,Starr Boat Launch,8/22/2024,2024,47.983552,-119.887492
3DD.0078E139A8,Starr Boat Launch,8/22/2024,2024,47.983552,-119.887492
3DD.0078E139A9,Starr Boat Launch,8/27/2024,2024,47.983552,-119.887492
3DD.0078E139AA,Starr Boat Launch,8/22/2024,2024,47.983552,-119.887492
3DD.0078E139AB,Starr Boat Launch,8/22/2024,2024,47.983552,-119.887492
3DD.0078E139AC,Starr Boat Launch,8/22/2024,2024,47.983552,-119.887492
3DD.0078E139AD,Starr Boat Launch,8/27/2024,2024,47.983552,-119.887492
3DD.0078E139AE,Starr Boat Launch,8/22/2024,2024,47.983552,-119.887492
3DD.0078E139AF,Starr Boat Launch,8/22/2024,2024,47.983552,-119.887492
3DD.0078E139B0,Starr Boat Launch,8/22/2024,2024,47.983552,-119.887492
3DD.0078E139B1,Starr Boat Launch,8/22/2024,2024,47.983552,-119.887492
3DD.0078E139B2,Starr Boat Launch,8/22/2024,2024,47.983552,-119.887492
3DD.0078E139B3,Starr Boat Launch,8/22/2024,2024,47.983552,-119.887492
3DD.0078E139B4,Starr Boat Launch,8/22/2024,2024,47.983552,-119.887492
3DD.0078E139B5,Starr Boat Launch,8/22/2024,2024,47.983552,-119.887492
3DD.0078E139B6,Starr Boat Launch,8/22/2024,2024,47.983552,-119.887492
3DD.0078E139B7,Starr Boat Launch,8/22/2024,2024,47.983552,-119.887492
3DD.0078E139B8,Starr Boat Launch,8/22/2024,2024,47.983552,-119.887492
3DD.0078E139B9,Starr Boat Launch,8/22/2024,2024,47.983552,-119.887492
3DD.0078E139BA,Starr Boat Launch,8/27/2024,2024,47.983552,-119.887492
3DD.0078E139BB,Starr Boat Launch,8/22/2024,2024,47.983552,-119.887492
3DD.0078E139BC,Starr Boat Launch,8/27/2024,2024,47.983552,-119.887492
3DD.0078E139BD,Starr Boat Launch,8/28/2024,2024,47.983552,-119.887492
3DD.0078E139BE,Starr Boat Launch,8/22/2024,2024,47.983552,-119.887492
3DD.0078E139BF,Starr Boat Launch,8/22/2024,2024,47.983552,-119.887492
3DD.0078E139C0,Starr Boat Launch,8/22/2024,2024,47.983552,-119.887492
3DD.0078E139C1,Starr Boat Launch,8/22/2024,2024,47.983552,-119.887492
3DD.0078E139C2,Starr Boat Launch,8/22/2024,2024,47.983552,-119.887492
3DD.0078E139C3,Starr Boat Launch,8/22/2024,2024,47.983552,-119.887492
3DD.0078E139C4,Starr Boat Launch,8/22/2024,2024,47.983552,-119.887492
3DD.0078E139C5,Starr Boat Launch,8/22/2024,2024,47.983552,-119.887492
3DD.0078E139C6,Starr Boat Launch,8/22/2024,2024,47.983552,-119.887492
3DD.0078E139C7,Starr Boat Launch,8/22/2024,2024,47.983552,-119.887492
3DD.0078E139C8,Starr Boat Launch,8/22/2024,2024,47.983552,-119.887492
3DD.0078E139C9,Starr Boat Launch,8/22/2024,2024,47.983552,-119.887492
3DD.0078E139CA,Starr Boat Launch,8/22/2024,2024,47.983552,-119.887492
3DD.0078E139CB,Starr Boat Launch,8/22/2024,2024,47.983552,-119.887492
3DD.0078E139CC,Starr Boat Launch,8/22/2024,2024,47.983552,-119.887492
3DD.0078E139CD,Starr Boat Launch,8/22/2024,2024,47.983552,-119.887492
3DD.0078E139CE,Starr Boat Launch,8/22/2024,2024,47.983552,-119.887492
3DD.0078E139CF,Starr Boat Launch,8/22/2024,2024,47.983552,-119.887492
3DD.0078E139D0,Starr Boat Launch,8/22/2024,2024,47.983552,-119.887492
3DD.0078E139D1,Starr Boat Launch,8/22/2024,2024,47.983552,-119.887492
3DD.0078E139D2,Starr Boat Launch,8/22/2024,2024,47.983552,-119.887492
3DD.0078E139D3,Starr Boat Launch,8/22/2024,2024,47.983552,-119.887492
3DD.0078E139D4,Starr Boat Launch,8/22/2024,2024,47.983552,-119.887492
3DD.0078E139D5,Starr Boat Launch,8/22/2024,2024,47.983552,-119.887492
3DD.0078E139D6,Starr Boat Launch,8/22/2024,2024,47.983552,-119.887492
3DD.0078E139D7,Starr Boat Launch,8/22/2024,2024,47.983552,-119.887492
3DD.0078E139D8,Starr Boat Launch,8/1/2024,2024,47.983552,-119.887492
3DD.0078E139D9,Starr Boat Launch,8/1/2024,2024,47.983552,-119.887492
3DD.0078E139DA,Starr Boat Launch,8/1/2024,2024,47.983552,-119.887492
3DD.0078E139DB,Starr Boat Launch,8/1/2024,2024,47.983552,-119.887492
3DD.0078E139DC,Starr Boat Launch,8/1/2024,2024,47.983552,-119.887492
3DD.0078E139DD,Omak Creek,8/1/2024,2024,48.353831,-119.288554
3DD.0078E139DE,Starr Boat Launch,8/1/2024,2024,47.983552,-119.887492
3DD.0078E139DF,Starr Boat Launch,8/1/2024,2024,47.983552,-119.887492
3DD.0078E139E0,Starr Boat Launch,8/1/2024,2024,47.983552,-119.887492
3DD.0078E139E1,Starr Boat Launch,8/1/2024,2024,47.983552,-119.887492
3DD.0078E139E2,Starr Boat Launch,8/1/2024,2024,47.983552,-119.887492
3DD.0078E139E3,Starr Boat Launch,8/1/2024,2024,47.983552,-119.887492
3DD.0078E139E4,Starr Boat Launch,8/1/2024,2024,47.983552,-119.887492
3DD.0078E139E5,Starr Boat Launch,8/1/2024,2024,47.983552,-119.887492
3DD.0078E139E6,Starr Boat Launch,8/1/2024,2024,47.983552,-119.887492
3DD.0078E139E7,Starr Boat Launch,8/1/2024,2024,47.983552,-119.887492
3DD.0078E139E8,Starr Boat Launch,8/1/2024,2024,47.983552,-119.887492
3DD.0078E139E9,Starr Boat Launch,8/1/2024,2024,47.983552,-119.887492
3DD.0078E139EA,Starr Boat Launch,8/1/2024,2024,47.983552,-119.887492
3DD.0078E139EB,Starr Boat Launch,8/1/2024,2024,47.983552,-119.887492
3DD.0078E139EC,Starr Boat Launch,8/1/2024,2024,47.983552,-119.887492
3DD.0078E139ED,Starr Boat Launch,8/1/2024,2024,47.983552,-119.887492
3DD.0078E139EE,Starr Boat Launch,8/1/2024,2024,47.983552,-119.887492
3DD.0078E139EF,Starr Boat Launch,8/1/2024,2024,47.983552,-119.887492
3DD.0078E139F0,Starr Boat Launch,8/1/2024,2024,47.983552,-119.887492
3DD.0078E139F1,Starr Boat Launch,8/8/2024,2024,47.983552,-119.887492
3DD.0078E139F2,Starr Boat Launch,8/1/2024,2024,47.983552,-119.887492
3DD.0078E139F3,Starr Boat Launch,8/1/2024,2024,47.983552,-119.887492
3DD.0078E139F4,Starr Boat Launch,8/1/2024,2024,47.983552,-119.887492
3DD.0078E139F5,Starr Boat Launch,8/1/2024,2024,47.983552,-119.887492
3DD.0078E139F6,Starr Boat Launch,8/1/2024,2024,47.983552,-119.887492
3DD.0078E139F7,Starr Boat Launch,8/1/2024,2024,47.983552,-119.887492
3DD.0078E139F8,Starr Boat Launch,8/1/2024,2024,47.983552,-119.887492
3DD.0078E139F9,Starr Boat Launch,8/1/2024,2024,47.983552,-119.887492
3DD.0078E139FA,Starr Boat Launch,8/1/2024,2024,47.983552,-119.887492
3DD.0078E139FB,Starr Boat Launch,8/1/2024,2024,47.983552,-119.887492
3DD.0078E139FC,Starr Boat Launch,8/1/2024,2024,47.983552,-119.887492
3DD.0078E139FD,Starr Boat Launch,8/1/2024,2024,47.983552,-119.887492
3DD.0078E139FE,Starr Boat Launch,8/1/2024,2024,47.983552,-119.887492
3DD.0078E139FF,Starr Boat Launch,8/1/2024,2024,47.983552,-119.887492
3DD.0078E13A00,Starr Boat Launch,8/1/2024,2024,47.983552,-119.887492
3DD.0078E13A01,Starr Boat Launch,8/1/2024,2024,47.983552,-119.887492
3DD.0078E13A02,Starr Boat Launch,8/1/2024,2024,47.983552,-119.887492
3DD.0078E13A03,Omak Creek,8/1/2024,2024,48.353831,-119.288554
3DD.0078E13A04,Starr Boat Launch,8/1/2024,2024,47.983552,-119.887492
3DD.0078E13A05,Starr Boat Launch,8/1/2024,2024,47.983552,-119.887492
3DD.0078E13A06,Starr Boat Launch,8/1/2024,2024,47.983552,-119.887492
3DD.0078E13A07,Starr Boat Launch,8/1/2024,2024,47.983552,-119.887492
3DD.0078E13A08,Starr Boat Launch,8/1/2024,2024,47.983552,-119.887492
3DD.0078E13A09,Starr Boat Launch,8/1/2024,2024,47.983552,-119.887492
3DD.0078E13A0A,Starr Boat Launch,8/1/2024,2024,47.983552,-119.887492
3DD.0078E13A0B,Starr Boat Launch,8/1/2024,2024,47.983552,-119.887492
3DD.0078E13A0C,Starr Boat Launch,8/1/2024,2024,47.983552,-119.887492
3DD.0078E13A0D,Starr Boat Launch,8/1/2024,2024,47.983552,-119.887492
3DD.0078E13A0E,Starr Boat Launch,8/1/2024,2024,47.983552,-119.887492
3DD.0078E13A0F,Starr Boat Launch,8/1/2024,2024,47.983552,-119.887492
3DD.0078E13A10,Starr Boat Launch,8/1/2024,2024,47.983552,-119.887492
3DD.0078E13A11,Starr Boat Launch,8/1/2024,2024,47.983552,-119.887492
3DD.0078E13A12,Starr Boat Launch,8/1/2024,2024,47.983552,-119.887492
3DD.0078E13A13,Starr Boat Launch,8/1/2024,2024,47.983552,-119.887492
3DD.0078E13A14,Starr Boat Launch,8/1/2024,2024,47.983552,-119.887492
3DD.0078E13A15,Starr Boat Launch,8/1/2024,2024,47.983552,-119.887492
3DD.0078E13A16,Starr Boat Launch,8/1/2024,2024,47.983552,-119.887492
3DD.0078E13A17,Omak Creek,8/1/2024,2024,48.353831,-119.288554
3DD.0078E13A18,Starr Boat Launch,8/1/2024,2024,47.983552,-119.887492
3DD.0078E13A19,Starr Boat Launch,8/1/2024,2024,47.983552,-119.887492
3DD.0078E13A1A,Starr Boat Launch,8/1/2024,2024,47.983552,-119.887492
3DD.0078E13A1B,Starr Boat Launch,8/1/2024,2024,47.983552,-119.887492
3DD.0078E13A1C,Starr Boat Launch,8/1/2024,2024,47.983552,-119.887492
3DD.0078E13A1D,Starr Boat Launch,8/1/2024,2024,47.983552,-119.887492
3DD.0078E13A1E,Starr Boat Launch,8/1/2024,2024,47.983552,-119.887492
3DD.0078E13A1F,Starr Boat Launch,8/1/2024,2024,47.983552,-119.887492
3DD.0078E13A20,Starr Boat Launch,8/1/2024,2024,47.983552,-119.887492
3DD.0078E13A21,Starr Boat Launch,8/1/2024,2024,47.983552,-119.887492
3DD.0078E13A22,Starr Boat Launch,8/1/2024,2024,47.983552,-119.887492
3DD.0078E13A23,Starr Boat Launch,8/1/2024,2024,47.983552,-119.887492
3DD.0078E13A24,Starr Boat Launch,8/1/2024,2024,47.983552,-119.887492
3DD.0078E13A25,Starr Boat Launch,8/1/2024,2024,47.983552,-119.887492
3DD.0078E13A26,Starr Boat Launch,8/1/2024,2024,47.983552,-119.887492
3DD.0078E13A27,Starr Boat Launch,8/1/2024,2024,47.983552,-119.887492
3DD.0078E13A28,Starr Boat Launch,8/1/2024,2024,47.983552,-119.887492
3DD.0078E13A29,Starr Boat Launch,8/1/2024,2024,47.983552,-119.887492
3DD.0078E13A2A,Starr Boat Launch,8/1/2024,2024,47.983552,-119.887492
3DD.0078E13A2B,Starr Boat Launch,8/1/2024,2024,47.983552,-119.887492
3DD.0078E13A2C,Starr Boat Launch,8/1/2024,2024,47.983552,-119.887492
3DD.0078E13A2D,Omak Creek,8/1/2024,2024,48.353831,-119.288554
3DD.0078E13A2E,Starr Boat Launch,8/1/2024,2024,47.983552,-119.887492
3DD.0078E13A2F,Starr Boat Launch,8/1/2024,2024,47.983552,-119.887492
3DD.0078E13A30,Starr Boat Launch,8/1/2024,2024,47.983552,-119.887492
3DD.0078E13A31,Starr Boat Launch,8/1/2024,2024,47.983552,-119.887492
3DD.0078E13A32,Starr Boat Launch,8/1/2024,2024,47.983552,-119.887492
3DD.0078E13A33,Starr Boat Launch,8/1/2024,2024,47.983552,-119.887492
3DD.0078E13A34,Starr Boat Launch,8/1/2024,2024,47.983552,-119.887492
3DD.0078E13A35,Starr Boat Launch,8/1/2024,2024,47.983552,-119.887492
3DD.0078E13A36,Starr Boat Launch,8/1/2024,2024,47.983552,-119.887492
3DD.0078E13A37,Starr Boat Launch,8/1/2024,2024,47.983552,-119.887492
3DD.0078E13A38,Starr Boat Launch,8/1/2024,2024,47.983552,-119.887492
3DD.0078E13A39,Starr Boat Launch,8/1/2024,2024,47.983552,-119.887492
3DD.0078E13A3A,Starr Boat Launch,8/1/2024,2024,47.983552,-119.887492
3DD.0078E13A3B,Starr Boat Launch,8/1/2024,2024,47.983552,-119.887492
3DD.0078E13B68,Starr Boat Launch,8/8/2024,2024,47.983552,-119.887492
3DD.0078E13B69,Starr Boat Launch,8/14/2024,2024,47.983552,-119.887492
3DD.0078E13B6A,Starr Boat Launch,8/15/2024,2024,47.983552,-119.887492
3DD.0078E13B6B,Starr Boat Launch,8/15/2024,2024,47.983552,-119.887492
3DD.0078E13B6C,Starr Boat Launch,8/8/2024,2024,47.983552,-119.887492
3DD.0078E13B6D,Starr Boat Launch,8/15/2024,2024,47.983552,-119.887492
3DD.0078E13B6E,Starr Boat Launch,8/8/2024,2024,47.983552,-119.887492
3DD.0078E13B6F,Starr Boat Launch,8/15/2024,2024,47.983552,-119.887492
3DD.0078E13B70,Starr Boat Launch,8/15/2024,2024,47.983552,-119.887492
3DD.0078E13B71,Starr Boat Launch,8/8/2024,2024,47.983552,-119.887492
3DD.0078E13B72,Starr Boat Launch,8/15/2024,2024,47.983552,-119.887492
3DD.0078E13B73,Starr Boat Launch,8/15/2024,2024,47.983552,-119.887492
3DD.0078E13B74,Starr Boat Launch,8/8/2024,2024,47.983552,-119.887492
3DD.0078E13B75,Starr Boat Launch,8/15/2024,2024,47.983552,-119.887492
3DD.0078E13B76,Starr Boat Launch,8/15/2024,2024,47.983552,-119.887492
3DD.0078E13B77,Starr Boat Launch,8/15/2024,2024,47.983552,-119.887492
3DD.0078E13B78,Starr Boat Launch,8/8/2024,2024,47.983552,-119.887492
3DD.0078E13B79,Starr Boat Launch,8/8/2024,2024,47.983552,-119.887492
3DD.0078E13B7A,Starr Boat Launch,8/15/2024,2024,47.983552,-119.887492
3DD.0078E13B7B,Starr Boat Launch,8/8/2024,2024,47.983552,-119.887492
3DD.0078E13B7C,Starr Boat Launch,8/15/2024,2024,47.983552,-119.887492
3DD.0078E13B7D,Starr Boat Launch,8/8/2024,2024,47.983552,-119.887492
3DD.0078E13B7E,Starr Boat Launch,8/8/2024,2024,47.983552,-119.887492
3DD.0078E13B7F,Starr Boat Launch,8/8/2024,2024,47.983552,-119.887492
3DD.0078E13B80,Starr Boat Launch,8/8/2024,2024,47.983552,-119.887492
3DD.0078E13B81,Starr Boat Launch,8/15/2024,2024,47.983552,-119.887492
3DD.0078E13B82,Starr Boat Launch,8/8/2024,2024,47.983552,-119.887492
3DD.0078E13B83,Starr Boat Launch,8/8/2024,2024,47.983552,-119.887492
3DD.0078E13B84,Starr Boat Launch,8/8/2024,2024,47.983552,-119.887492
3DD.0078E13B85,Starr Boat Launch,8/8/2024,2024,47.983552,-119.887492
3DD.0078E13B86,Starr Boat Launch,8/8/2024,2024,47.983552,-119.887492
3DD.0078E13B87,Starr Boat Launch,8/15/2024,2024,47.983552,-119.887492
3DD.0078E13B88,Starr Boat Launch,8/15/2024,2024,47.983552,-119.887492
3DD.0078E13B89,Starr Boat Launch,8/15/2024,2024,47.983552,-119.887492
3DD.0078E13B8A,Starr Boat Launch,8/8/2024,2024,47.983552,-119.887492
3DD.0078E13B8B,Starr Boat Launch,8/15/2024,2024,47.983552,-119.887492
3DD.0078E13B8C,Starr Boat Launch,8/8/2024,2024,47.983552,-119.887492
3DD.0078E13B8D,Starr Boat Launch,8/8/2024,2024,47.983552,-119.887492
3DD.0078E13B8E,Starr Boat Launch,8/8/2024,2024,47.983552,-119.887492
3DD.0078E13B8F,Starr Boat Launch,8/15/2024,2024,47.983552,-119.887492
3DD.0078E13B90,Starr Boat Launch,8/15/2024,2024,47.983552,-119.887492
3DD.0078E13B91,Starr Boat Launch,8/8/2024,2024,47.983552,-119.887492
3DD.0078E13B92,Starr Boat Launch,8/8/2024,2024,47.983552,-119.887492
3DD.0078E13B93,Starr Boat Launch,8/15/2024,2024,47.983552,-119.887492
3DD.0078E13B94,Starr Boat Launch,8/8/2024,2024,47.983552,-119.887492
3DD.0078E13B95,Starr Boat Launch,8/15/2024,2024,47.983552,-119.887492
3DD.0078E13B96,Starr Boat Launch,8/8/2024,2024,47.983552,-119.887492
3DD.0078E13B97,Starr Boat Launch,8/15/2024,2024,47.983552,-119.887492
3DD.0078E13B98,Starr Boat Launch,8/15/2024,2024,47.983552,-119.887492
3DD.0078E13B99,Starr Boat Launch,8/8/2024,2024,47.983552,-119.887492
3DD.0078E13B9A,Starr Boat Launch,8/8/2024,2024,47.983552,-119.887492
3DD.0078E13B9B,Starr Boat Launch,8/8/2024,2024,47.983552,-119.887492
3DD.0078E13B9C,Starr Boat Launch,8/15/2024,2024,47.983552,-119.887492
3DD.0078E13B9D,Starr Boat Launch,8/8/2024,2024,47.983552,-119.887492
3DD.0078E13B9E,Starr Boat Launch,8/8/2024,2024,47.983552,-119.887492
3DD.0078E13B9F,Starr Boat Launch,8/15/2024,2024,47.983552,-119.887492
3DD.0078E13BA0,Starr Boat Launch,8/15/2024,2024,47.983552,-119.887492
3DD.0078E13BA1,Starr Boat Launch,8/8/2024,2024,47.983552,-119.887492
3DD.0078E13BA2,Starr Boat Launch,8/8/2024,2024,47.983552,-119.887492
3DD.0078E13BA3,Starr Boat Launch,8/14/2024,2024,47.983552,-119.887492
3DD.0078E13BA4,Starr Boat Launch,8/15/2024,2024,47.983552,-119.887492
3DD.0078E13BA5,Starr Boat Launch,8/15/2024,2024,47.983552,-119.887492
3DD.0078E13BA6,Starr Boat Launch,8/15/2024,2024,47.983552,-119.887492
3DD.0078E13BA8,Starr Boat Launch,8/15/2024,2024,47.983552,-119.887492
3DD.0078E13BA9,Starr Boat Launch,8/8/2024,2024,47.983552,-119.887492
3DD.0078E13BAA,Starr Boat Launch,8/15/2024,2024,47.983552,-119.887492
3DD.0078E13BAB,Starr Boat Launch,8/8/2024,2024,47.983552,-119.887492
3DD.0078E13BAC,Starr Boat Launch,8/8/2024,2024,47.983552,-119.887492
3DD.0078E13BAD,Starr Boat Launch,8/15/2024,2024,47.983552,-119.887492
3DD.0078E13BAE,Starr Boat Launch,8/14/2024,2024,47.983552,-119.887492
3DD.0078E13BAF,Starr Boat Launch,8/8/2024,2024,47.983552,-119.887492
3DD.0078E13BB0,Starr Boat Launch,8/8/2024,2024,47.983552,-119.887492
3DD.0078E13BB1,Starr Boat Launch,8/15/2024,2024,47.983552,-119.887492
3DD.0078E13BB2,Starr Boat Launch,8/8/2024,2024,47.983552,-119.887492
3DD.0078E13BB3,Starr Boat Launch,8/15/2024,2024,47.983552,-119.887492
3DD.0078E13BB4,Starr Boat Launch,8/8/2024,2024,47.983552,-119.887492
3DD.0078E13BB5,Starr Boat Launch,8/8/2024,2024,47.983552,-119.887492
3DD.0078E13BB6,Starr Boat Launch,8/14/2024,2024,47.983552,-119.887492
3DD.0078E13BB7,Starr Boat Launch,8/8/2024,2024,47.983552,-119.887492
3DD.0078E13BB8,Starr Boat Launch,8/8/2024,2024,47.983552,-119.887492
3DD.0078E13BB9,Starr Boat Launch,8/14/2024,2024,47.983552,-119.887492
3DD.0078E13BBA,Starr Boat Launch,8/15/2024,2024,47.983552,-119.887492
3DD.0078E13BBB,Starr Boat Launch,8/15/2024,2024,47.983552,-119.887492
3DD.0078E13BBC,Starr Boat Launch,8/15/2024,2024,47.983552,-119.887492
3DD.0078E13BBD,Starr Boat Launch,8/15/2024,2024,47.983552,-119.887492
3DD.0078E13BBE,Starr Boat Launch,8/14/2024,2024,47.983552,-119.887492
3DD.0078E13BBF,Starr Boat Launch,8/8/2024,2024,47.983552,-119.887492
3DD.0078E13BC0,Starr Boat Launch,8/8/2024,2024,47.983552,-119.887492
3DD.0078E13BC1,Starr Boat Launch,8/8/2024,2024,47.983552,-119.887492
3DD.0078E13BC2,Starr Boat Launch,8/8/2024,2024,47.983552,-119.887492
3DD.0078E13BC3,Starr Boat Launch,8/8/2024,2024,47.983552,-119.887492
3DD.0078E13BC4,Starr Boat Launch,8/8/2024,2024,47.983552,-119.887492
3DD.0078E13BC5,Starr Boat Launch,8/8/2024,2024,47.983552,-119.887492
3DD.0078E13BC6,Starr Boat Launch,8/14/2024,2024,47.983552,-119.887492
3DD.0078E13BC7,Starr Boat Launch,8/8/2024,2024,47.983552,-119.887492
3DD.0078E13BC8,Starr Boat Launch,8/8/2024,2024,47.983552,-119.887492
3DD.0078E13BC9,Starr Boat Launch,8/8/2024,2024,47.983552,-119.887492
3DD.0078E13BCA,Starr Boat Launch,8/14/2024,2024,47.983552,-119.887492
3DD.0078E13BCB,Starr Boat Launch,8/8/2024,2024,47.983552,-119.887492
3DD.0078E13BCC,Starr Boat Launch,8/8/2024,2024,47.983552,-119.887492
3DD.0078E13BCD,Starr Boat Launch,8/8/2024,2024,47.983552,-119.887492
3DD.0078E13BCE,Starr Boat Launch,8/1/2024,2024,47.983552,-119.887492
3DD.0078E13BCF,Starr Boat Launch,8/8/2024,2024,47.983552,-119.887492
3DD.0078E13BD0,Starr Boat Launch,8/8/2024,2024,47.983552,-119.887492
3DD.0078E13BD1,Starr Boat Launch,8/8/2024,2024,47.983552,-119.887492
3DD.0078E13BD2,Starr Boat Launch,8/8/2024,2024,47.983552,-119.887492
3DD.0078E13BD3,Starr Boat Launch,8/8/2024,2024,47.983552,-119.887492
3DD.0078E13BD4,Starr Boat Launch,8/8/2024,2024,47.983552,-119.887492
3DD.0078E13BD5,Starr Boat Launch,8/8/2024,2024,47.983552,-119.887492
3DD.0078E13BD6,Starr Boat Launch,8/8/2024,2024,47.983552,-119.887492
3DD.0078E13BD7,Starr Boat Launch,8/8/2024,2024,47.983552,-119.887492
3DD.0078E13BD8,Starr Boat Launch,8/8/2024,2024,47.983552,-119.887492
3DD.0078E13BD9,Starr Boat Launch,8/8/2024,2024,47.983552,-119.887492
3DD.0078E13BDA,Starr Boat Launch,8/8/2024,2024,47.983552,-119.887492
3DD.0078E13BDB,Starr Boat Launch,8/8/2024,2024,47.983552,-119.887492
3DD.0078E13BDC,Starr Boat Launch,8/8/2024,2024,47.983552,-119.887492
3DD.0078E13BDD,Starr Boat Launch,8/8/2024,2024,47.983552,-119.887492
3DD.0078E13BDE,Starr Boat Launch,8/8/2024,2024,47.983552,-119.887492
3DD.0078E13BDF,Starr Boat Launch,8/8/2024,2024,47.983552,-119.887492
3DD.0078E13BE0,Starr Boat Launch,8/8/2024,2024,47.983552,-119.887492
3DD.0078E13BE1,Starr Boat Launch,8/1/2024,2024,47.983552,-119.887492
3DD.0078E13BE2,Starr Boat Launch,8/8/2024,2024,47.983552,-119.887492
3DD.0078E13BE3,Starr Boat Launch,8/8/2024,2024,47.983552,-119.887492
3DD.0078E13BE4,Starr Boat Launch,8/8/2024,2024,47.983552,-119.887492
3DD.0078E13BE5,Starr Boat Launch,8/8/2024,2024,47.983552,-119.887492
3DD.0078E13BE6,Starr Boat Launch,8/1/2024,2024,47.983552,-119.887492
3DD.0078E13BE7,Starr Boat Launch,8/8/2024,2024,47.983552,-119.887492
3DD.0078E13BE8,Starr Boat Launch,8/1/2024,2024,47.983552,-119.887492
3DD.0078E13BE9,Starr Boat Launch,8/1/2024,2024,47.983552,-119.887492
3DD.0078E13BEA,Starr Boat Launch,8/8/2024,2024,47.983552,-119.887492
3DD.0078E13BEB,Starr Boat Launch,8/8/2024,2024,47.983552,-119.887492
3DD.0078E13BEC,Starr Boat Launch,8/8/2024,2024,47.983552,-119.887492
3DD.0078E13BED,Starr Boat Launch,8/1/2024,2024,47.983552,-119.887492
3DD.0078E13BEE,Starr Boat Launch,8/8/2024,2024,47.983552,-119.887492
3DD.0078E13BEF,Starr Boat Launch,8/8/2024,2024,47.983552,-119.887492
3DD.0078E13BF0,Starr Boat Launch,8/8/2024,2024,47.983552,-119.887492
3DD.0078E13BF1,Starr Boat Launch,8/8/2024,2024,47.983552,-119.887492
3DD.0078E13BF2,Starr Boat Launch,8/8/2024,2024,47.983552,-119.887492
3DD.0078E13BF3,Starr Boat Launch,8/1/2024,2024,47.983552,-119.887492
3DD.0078E13BF4,Starr Boat Launch,8/8/2024,2024,47.983552,-119.887492
3DD.0078E13BF5,Starr Boat Launch,8/8/2024,2024,47.983552,-119.887492
3DD.0078E13BF6,Starr Boat Launch,8/8/2024,2024,47.983552,-119.887492
3DD.0078E13BF7,Starr Boat Launch,8/1/2024,2024,47.983552,-119.887492
3DD.0078E13BF8,Starr Boat Launch,8/8/2024,2024,47.983552,-119.887492
3DD.0078E13BF9,Starr Boat Launch,8/8/2024,2024,47.983552,-119.887492
3DD.0078E13BFA,Starr Boat Launch,8/8/2024,2024,47.983552,-119.887492
3DD.0078E13BFB,Starr Boat Launch,8/8/2024,2024,47.983552,-119.887492
3DD.0078E13BFC,Starr Boat Launch,8/8/2024,2024,47.983552,-119.887492
3DD.0078E13BFD,Starr Boat Launch,8/8/2024,2024,47.983552,-119.887492
3DD.0078E13BFE,Starr Boat Launch,8/8/2024,2024,47.983552,-119.887492
3DD.0078E13BFF,Starr Boat Launch,8/8/2024,2024,47.983552,-119.887492
3DD.0078E13C00,Starr Boat Launch,8/1/2024,2024,47.983552,-119.887492
3DD.0078E13C01,Starr Boat Launch,8/8/2024,2024,47.983552,-119.887492
3DD.0078E13C02,Starr Boat Launch,8/8/2024,2024,47.983552,-119.887492
3DD.0078E13C03,Starr Boat Launch,8/1/2024,2024,47.983552,-119.887492
3DD.0078E13C04,Starr Boat Launch,8/8/2024,2024,47.983552,-119.887492
3DD.0078E13C05,Starr Boat Launch,8/1/2024,2024,47.983552,-119.887492
3DD.0078E13C06,Starr Boat Launch,8/8/2024,2024,47.983552,-119.887492
3DD.0078E13C07,Starr Boat Launch,8/8/2024,2024,47.983552,-119.887492
3DD.0078E13C08,Starr Boat Launch,8/8/2024,2024,47.983552,-119.887492
3DD.0078E13C09,Starr Boat Launch,8/8/2024,2024,47.983552,-119.887492
3DD.0078E13C0A,Starr Boat Launch,8/8/2024,2024,47.983552,-119.887492
3DD.0078E13C0B,Starr Boat Launch,8/8/2024,2024,47.983552,-119.887492
3DD.0078E13C0C,Starr Boat Launch,8/1/2024,2024,47.983552,-119.887492
3DD.0078E13C0D,Starr Boat Launch,8/1/2024,2024,47.983552,-119.887492
3DD.0078E13C0E,Starr Boat Launch,8/8/2024,2024,47.983552,-119.887492
3DD.0078E13C0F,Starr Boat Launch,8/8/2024,2024,47.983552,-119.887492
3DD.0078E13C10,Starr Boat Launch,8/8/2024,2024,47.983552,-119.887492
3DD.0078E13C11,Starr Boat Launch,8/8/2024,2024,47.983552,-119.887492
3DD.0078E13C12,Starr Boat Launch,8/8/2024,2024,47.983552,-119.887492
3DD.0078E13C13,Starr Boat Launch,8/8/2024,2024,47.983552,-119.887492
3DD.0078E13C14,Starr Boat Launch,8/8/2024,2024,47.983552,-119.887492
3DD.0078E13C15,Starr Boat Launch,8/1/2024,2024,47.983552,-119.887492
3DD.0078E13C16,Starr Boat Launch,8/8/2024,2024,47.983552,-119.887492
3DD.0078E13C17,Starr Boat Launch,8/8/2024,2024,47.983552,-119.887492
3DD.0078E13C18,Starr Boat Launch,8/8/2024,2024,47.983552,-119.887492
3DD.0078E13C19,Starr Boat Launch,8/8/2024,2024,47.983552,-119.887492
3DD.0078E13C1A,Starr Boat Launch,8/8/2024,2024,47.983552,-119.887492
3DD.0078E13C1B,Starr Boat Launch,8/8/2024,2024,47.983552,-119.887492
3DD.0078E13C1C,Starr Boat Launch,8/8/2024,2024,47.983552,-119.887492
3DD.0078E13C1D,Starr Boat Launch,8/8/2024,2024,47.983552,-119.887492
3DD.0078E13C1E,Starr Boat Launch,8/8/2024,2024,47.983552,-119.887492
3DD.0078E13C1F,Starr Boat Launch,8/8/2024,2024,47.983552,-119.887492
3DD.0078E13C20,Starr Boat Launch,8/8/2024,2024,47.983552,-119.887492
3DD.0078E13C21,Starr Boat Launch,8/8/2024,2024,47.983552,-119.887492
3DD.0078E13C22,Starr Boat Launch,8/1/2024,2024,47.983552,-119.887492
3DD.0078E13C23,Starr Boat Launch,8/8/2024,2024,47.983552,-119.887492
3DD.0078E13C24,Starr Boat Launch,8/1/2024,2024,47.983552,-119.887492
3DD.0078E13C25,Starr Boat Launch,8/8/2024,2024,47.983552,-119.887492
3DD.0078E13C26,Starr Boat Launch,8/8/2024,2024,47.983552,-119.887492
3DD.0078E13C27,Starr Boat Launch,8/8/2024,2024,47.983552,-119.887492
3DD.0078E13C28,Starr Boat Launch,8/8/2024,2024,47.983552,-119.887492
3DD.0078E13C29,Starr Boat Launch,8/8/2024,2024,47.983552,-119.887492
3DD.0078E13C2A,Starr Boat Launch,8/1/2024,2024,47.983552,-119.887492
3DD.0078E13C2B,Starr Boat Launch,8/1/2024,2024,47.983552,-119.887492
3DD.0078E13C2C,Starr Boat Launch,8/8/2024,2024,47.983552,-119.887492
3DD.0078E13C2D,Starr Boat Launch,8/8/2024,2024,47.983552,-119.887492
3DD.0078E13C2E,Starr Boat Launch,8/1/2024,2024,47.983552,-119.887492
3DD.0078E13C2F,Starr Boat Launch,8/8/2024,2024,47.983552,-119.887492
3DD.0078E13C30,Starr Boat Launch,9/5/2024,2024,47.983552,-119.887492
3DD.0078E13C31,Starr Boat Launch,7/24/2025,2025,47.983552,-119.887492
3DD.0078E13C32,Starr Boat Launch,9/5/2024,2024,47.983552,-119.887492
3DD.0078E13C33,Starr Boat Launch,7/24/2025,2025,47.983552,-119.887492
3DD.0078E13C34,Starr Boat Launch,9/5/2024,2024,47.983552,-119.887492
3DD.0078E13C35,Starr Boat Launch,9/5/2024,2024,47.983552,-119.887492
3DD.0078E13C36,Starr Boat Launch,9/5/2024,2024,47.983552,-119.887492
3DD.0078E13C37,Starr Boat Launch,9/5/2024,2024,47.983552,-119.887492
3DD.0078E13C38,Starr Boat Launch,7/24/2025,2025,47.983552,-119.887492
3DD.0078E13C3A,Starr Boat Launch,7/24/2025,2025,47.983552,-119.887492
3DD.0078E13C3B,Starr Boat Launch,9/5/2024,2024,47.983552,-119.887492
3DD.0078E13C3C,Starr Boat Launch,7/24/2025,2025,47.983552,-119.887492
3DD.0078E13C3D,Starr Boat Launch,9/5/2024,2024,47.983552,-119.887492
3DD.0078E13C3E,Starr Boat Launch,9/5/2024,2024,47.983552,-119.887492
3DD.0078E13C3F,Starr Boat Launch,9/5/2024,2024,47.983552,-119.887492
3DD.0078E13C40,Starr Boat Launch,9/5/2024,2024,47.983552,-119.887492
3DD.0078E13C41,Starr Boat Launch,7/24/2025,2025,47.983552,-119.887492
3DD.0078E13C42,Starr Boat Launch,7/24/2025,2025,47.983552,-119.887492
3DD.0078E13C43,Starr Boat Launch,7/24/2025,2025,47.983552,-119.887492
3DD.0078E13C44,Starr Boat Launch,7/24/2025,2025,47.983552,-119.887492
3DD.0078E13C45,Starr Boat Launch,9/5/2024,2024,47.983552,-119.887492
3DD.0078E13C46,Starr Boat Launch,9/5/2024,2024,47.983552,-119.887492
3DD.0078E13C47,Starr Boat Launch,7/24/2025,2025,47.983552,-119.887492
3DD.0078E13C48,Starr Boat Launch,7/24/2025,2025,47.983552,-119.887492
3DD.0078E13C49,Starr Boat Launch,9/5/2024,2024,47.983552,-119.887492
3DD.0078E13C4A,Starr Boat Launch,7/24/2025,2025,47.983552,-119.887492
3DD.0078E13C4B,Starr Boat Launch,9/5/2024,2024,47.983552,-119.887492
3DD.0078E13C4C,Starr Boat Launch,7/24/2025,2025,47.983552,-119.887492
3DD.0078E13C4D,Starr Boat Launch,9/5/2024,2024,47.983552,-119.887492
3DD.0078E13C4E,Starr Boat Launch,7/24/2025,2025,47.983552,-119.887492
3DD.0078E13C4F,Starr Boat Launch,9/5/2024,2024,47.983552,-119.887492
3DD.0078E13C50,Starr Boat Launch,7/24/2025,2025,47.983552,-119.887492
3DD.0078E13C51,Starr Boat Launch,9/5/2024,2024,47.983552,-119.887492
3DD.0078E13C52,Starr Boat Launch,7/24/2025,2025,47.983552,-119.887492
3DD.0078E13C53,Starr Boat Launch,7/24/2025,2025,47.983552,-119.887492
3DD.0078E13C54,Starr Boat Launch,7/24/2025,2025,47.983552,-119.887492
3DD.0078E13C55,Starr Boat Launch,9/5/2024,2024,47.983552,-119.887492
3DD.0078E13C56,Starr Boat Launch,7/24/2025,2025,47.983552,-119.887492
3DD.0078E13C57,Starr Boat Launch,9/5/2024,2024,47.983552,-119.887492
3DD.0078E13C58,Starr Boat Launch,9/5/2024,2024,47.983552,-119.887492
3DD.0078E13C59,Starr Boat Launch,9/5/2024,2024,47.983552,-119.887492
3DD.0078E13C5A,Starr Boat Launch,9/5/2024,2024,47.983552,-119.887492
3DD.0078E13C5B,Starr Boat Launch,7/24/2025,2025,47.983552,-119.887492
3DD.0078E13C5C,Starr Boat Launch,7/24/2025,2025,47.983552,-119.887492
3DD.0078E13C5D,Starr Boat Launch,7/24/2025,2025,47.983552,-119.887492
3DD.0078E13C5E,Starr Boat Launch,7/24/2025,2025,47.983552,-119.887492
3DD.0078E13C5F,Starr Boat Launch,9/5/2024,2024,47.983552,-119.887492
3DD.0078E13C60,Starr Boat Launch,9/5/2024,2024,47.983552,-119.887492
3DD.0078E13C61,Starr Boat Launch,7/24/2025,2025,47.983552,-119.887492
3DD.0078E13C62,Starr Boat Launch,9/5/2024,2024,47.983552,-119.887492
3DD.0078E13C63,Starr Boat Launch,9/5/2024,2024,47.983552,-119.887492
3DD.0078E13C64,Starr Boat Launch,9/5/2024,2024,47.983552,-119.887492
3DD.0078E13C65,Starr Boat Launch,9/5/2024,2024,47.983552,-119.887492
3DD.0078E13C66,Starr Boat Launch,9/5/2024,2024,47.983552,-119.887492
3DD.0078E13C67,Starr Boat Launch,7/24/2025,2025,47.983552,-119.887492
3DD.0078E13C69,Starr Boat Launch,7/24/2025,2025,47.983552,-119.887492
3DD.0078E13C6A,Starr Boat Launch,7/24/2025,2025,47.983552,-119.887492
3DD.0078E13C6B,Starr Boat Launch,9/5/2024,2024,47.983552,-119.887492
3DD.0078E13C6C,Starr Boat Launch,9/5/2024,2024,47.983552,-119.887492
3DD.0078E13C6D,Starr Boat Launch,9/5/2024,2024,47.983552,-119.887492
3DD.0078E13C6E,Starr Boat Launch,7/24/2025,2025,47.983552,-119.887492
3DD.0078E13C6F,Starr Boat Launch,9/5/2024,2024,47.983552,-119.887492
3DD.0078E13C70,Starr Boat Launch,7/24/2025,2025,47.983552,-119.887492
3DD.0078E13C71,Starr Boat Launch,9/5/2024,2024,47.983552,-119.887492
3DD.0078E13C72,Starr Boat Launch,7/24/2025,2025,47.983552,-119.887492
3DD.0078E13C73,Starr Boat Launch,7/24/2025,2025,47.983552,-119.887492
3DD.0078E13C74,Starr Boat Launch,9/5/2024,2024,47.983552,-119.887492
3DD.0078E13C75,Starr Boat Launch,9/5/2024,2024,47.983552,-119.887492
3DD.0078E13C76,Starr Boat Launch,7/24/2025,2025,47.983552,-119.887492
3DD.0078E13C77,Starr Boat Launch,9/5/2024,2024,47.983552,-119.887492
3DD.0078E13C78,Starr Boat Launch,7/24/2025,2025,47.983552,-119.887492
3DD.0078E13C79,Starr Boat Launch,9/5/2024,2024,47.983552,-119.887492
3DD.0078E13C7A,Starr Boat Launch,7/24/2025,2025,47.983552,-119.887492
3DD.0078E13C7B,Starr Boat Launch,9/5/2024,2024,47.983552,-119.887492
3DD.0078E13C7C,Starr Boat Launch,9/5/2024,2024,47.983552,-119.887492
3DD.0078E13C7D,Starr Boat Launch,9/5/2024,2024,47.983552,-119.887492
3DD.0078E13C7E,Starr Boat Launch,9/5/2024,2024,47.983552,-119.887492
3DD.0078E13C7F,Starr Boat Launch,7/24/2025,2025,47.983552,-119.887492
3DD.0078E13C80,Starr Boat Launch,7/24/2025,2025,47.983552,-119.887492
3DD.0078E13C81,Starr Boat Launch,7/24/2025,2025,47.983552,-119.887492
3DD.0078E13C82,Starr Boat Launch,9/5/2024,2024,47.983552,-119.887492
3DD.0078E13C83,Starr Boat Launch,9/5/2024,2024,47.983552,-119.887492
3DD.0078E13C84,Starr Boat Launch,7/24/2025,2025,47.983552,-119.887492
3DD.0078E13C85,Starr Boat Launch,7/24/2025,2025,47.983552,-119.887492
3DD.0078E13C86,Starr Boat Launch,9/5/2024,2024,47.983552,-119.887492
3DD.0078E13C87,Starr Boat Launch,7/24/2025,2025,47.983552,-119.887492
3DD.0078E13C88,Starr Boat Launch,7/24/2025,2025,47.983552,-119.887492
3DD.0078E13C89,Starr Boat Launch,7/24/2025,2025,47.983552,-119.887492
3DD.0078E13C8A,Starr Boat Launch,7/24/2025,2025,47.983552,-119.887492
3DD.0078E13C8B,Starr Boat Launch,9/5/2024,2024,47.983552,-119.887492
3DD.0078E13C8C,Starr Boat Launch,7/24/2025,2025,47.983552,-119.887492
3DD.0078E13C8D,Starr Boat Launch,7/24/2025,2025,47.983552,-119.887492
3DD.0078E13C8E,Starr Boat Launch,7/24/2025,2025,47.983552,-119.887492
3DD.0078E13C8F,Starr Boat Launch,7/24/2025,2025,47.983552,-119.887492
3DD.0078E13C90,Starr Boat Launch,7/24/2025,2025,47.983552,-119.887492
3DD.0078E13C91,Starr Boat Launch,7/24/2025,2025,47.983552,-119.887492
3DD.0078E13C92,Starr Boat Launch,7/24/2025,2025,47.983552,-119.887492
3DD.0078E13C93,Starr Boat Launch,7/24/2025,2025,47.983552,-119.887492
3DD.0078E13C94,Starr Boat Launch,7/24/2025,2025,47.983552,-119.887492
3DD.0078E13C95,Starr Boat Launch,7/24/2025,2025,47.983552,-119.887492
3DD.0078E13C96,Starr Boat Launch,7/24/2025,2025,47.983552,-119.887492
3DD.0078E13C97,Starr Boat Launch,7/24/2025,2025,47.983552,-119.887492
3DD.0078E13C98,Starr Boat Launch,7/24/2025,2025,47.983552,-119.887492
3DD.0078E13C99,Starr Boat Launch,7/24/2025,2025,47.983552,-119.887492
3DD.0078E13C9A,Starr Boat Launch,7/17/2025,2025,47.983552,-119.887492
3DD.0078E13C9B,Starr Boat Launch,7/24/2025,2025,47.983552,-119.887492
3DD.0078E13C9C,Starr Boat Launch,7/17/2025,2025,47.983552,-119.887492
3DD.0078E13C9D,Starr Boat Launch,7/17/2025,2025,47.983552,-119.887492
3DD.0078E13C9E,Starr Boat Launch,7/24/2025,2025,47.983552,-119.887492
3DD.0078E13C9F,Starr Boat Launch,7/24/2025,2025,47.983552,-119.887492
3DD.0078E13CA0,Starr Boat Launch,7/24/2025,2025,47.983552,-119.887492
3DD.0078E13CA1,Starr Boat Launch,7/24/2025,2025,47.983552,-119.887492
3DD.0078E13CA2,Starr Boat Launch,7/17/2025,2025,47.983552,-119.887492
3DD.0078E13CA3,Starr Boat Launch,7/24/2025,2025,47.983552,-119.887492
3DD.0078E13CA4,Starr Boat Launch,7/24/2025,2025,47.983552,-119.887492
3DD.0078E13CA5,Starr Boat Launch,7/24/2025,2025,47.983552,-119.887492
3DD.0078E13CA6,Starr Boat Launch,7/24/2025,2025,47.983552,-119.887492
3DD.0078E13CA7,Starr Boat Launch,7/24/2025,2025,47.983552,-119.887492
3DD.0078E13CA8,Starr Boat Launch,7/24/2025,2025,47.983552,-119.887492
3DD.0078E13CA9,Starr Boat Launch,7/17/2025,2025,47.983552,-119.887492
3DD.0078E13CAA,Starr Boat Launch,7/17/2025,2025,47.983552,-119.887492
3DD.0078E13CAB,Starr Boat Launch,7/23/2025,2025,47.983552,-119.887492
3DD.0078E13CAC,Starr Boat Launch,7/24/2025,2025,47.983552,-119.887492
3DD.0078E13CAD,Starr Boat Launch,7/23/2025,2025,47.983552,-119.887492
3DD.0078E13CAE,Starr Boat Launch,7/24/2025,2025,47.983552,-119.887492
3DD.0078E13CAF,Starr Boat Launch,7/24/2025,2025,47.983552,-119.887492
3DD.0078E13CB0,Starr Boat Launch,7/24/2025,2025,47.983552,-119.887492
3DD.0078E13CB1,Starr Boat Launch,7/24/2025,2025,47.983552,-119.887492
3DD.0078E13CB2,Starr Boat Launch,7/24/2025,2025,47.983552,-119.887492
3DD.0078E13CB3,Starr Boat Launch,7/24/2025,2025,47.983552,-119.887492
3DD.0078E13CB4,Starr Boat Launch,7/24/2025,2025,47.983552,-119.887492
3DD.0078E13CB5,Starr Boat Launch,7/24/2025,2025,47.983552,-119.887492
3DD.0078E13CB6,Starr Boat Launch,7/24/2025,2025,47.983552,-119.887492
3DD.0078E13CB7,Starr Boat Launch,7/24/2025,2025,47.983552,-119.887492
3DD.0078E13CB8,Starr Boat Launch,7/24/2025,2025,47.983552,-119.887492
3DD.0078E13CB9,Starr Boat Launch,7/24/2025,2025,47.983552,-119.887492
3DD.0078E13CBA,Starr Boat Launch,7/24/2025,2025,47.983552,-119.887492
3DD.0078E13CBB,Starr Boat Launch,7/24/2025,2025,47.983552,-119.887492
3DD.0078E13CBC,Starr Boat Launch,7/24/2025,2025,47.983552,-119.887492
3DD.0078E13CBD,Starr Boat Launch,7/24/2025,2025,47.983552,-119.887492
3DD.0078E13CBE,Starr Boat Launch,7/17/2025,2025,47.983552,-119.887492
3DD.0078E13CBF,Starr Boat Launch,7/17/2025,2025,47.983552,-119.887492
3DD.0078E13CC0,Starr Boat Launch,7/24/2025,2025,47.983552,-119.887492
3DD.0078E13CC1,Starr Boat Launch,7/17/2025,2025,47.983552,-119.887492
3DD.0078E13CC2,Starr Boat Launch,7/24/2025,2025,47.983552,-119.887492
3DD.0078E13CC3,Starr Boat Launch,7/24/2025,2025,47.983552,-119.887492
3DD.0078E13CC4,Starr Boat Launch,7/24/2025,2025,47.983552,-119.887492
3DD.0078E13CC5,Starr Boat Launch,7/23/2025,2025,47.983552,-119.887492
3DD.0078E13CC6,Starr Boat Launch,7/17/2025,2025,47.983552,-119.887492
3DD.0078E13CC7,Starr Boat Launch,7/24/2025,2025,47.983552,-119.887492
3DD.0078E13CC8,Starr Boat Launch,7/24/2025,2025,47.983552,-119.887492
3DD.0078E13CC9,Starr Boat Launch,7/24/2025,2025,47.983552,-119.887492
3DD.0078E13CCA,Starr Boat Launch,7/24/2025,2025,47.983552,-119.887492
3DD.0078E13CCB,Starr Boat Launch,7/24/2025,2025,47.983552,-119.887492
3DD.0078E13CCC,Starr Boat Launch,7/24/2025,2025,47.983552,-119.887492
3DD.0078E13CCD,Starr Boat Launch,7/24/2025,2025,47.983552,-119.887492
3DD.0078E13CCE,Starr Boat Launch,7/24/2025,2025,47.983552,-119.887492
3DD.0078E13CCF,Starr Boat Launch,7/24/2025,2025,47.983552,-119.887492
3DD.0078E13CD0,Starr Boat Launch,7/24/2025,2025,47.983552,-119.887492
3DD.0078E13CD1,Starr Boat Launch,7/24/2025,2025,47.983552,-119.887492
3DD.0078E13CD2,Starr Boat Launch,7/24/2025,2025,47.983552,-119.887492
3DD.0078E13CD3,Starr Boat Launch,7/24/2025,2025,47.983552,-119.887492
3DD.0078E13CD4,Starr Boat Launch,7/24/2025,2025,47.983552,-119.887492
3DD.0078E13CD5,Starr Boat Launch,7/24/2025,2025,47.983552,-119.887492
3DD.0078E13CD6,Starr Boat Launch,7/24/2025,2025,47.983552,-119.887492
3DD.0078E13CD7,Starr Boat Launch,7/24/2025,2025,47.983552,-119.887492
3DD.0078E13CD8,Starr Boat Launch,7/24/2025,2025,47.983552,-119.887492
3DD.0078E13CD9,Starr Boat Launch,7/24/2025,2025,47.983552,-119.887492
3DD.0078E13CDA,Starr Boat Launch,7/24/2025,2025,47.983552,-119.887492
3DD.0078E13CDB,Starr Boat Launch,7/24/2025,2025,47.983552,-119.887492
3DD.0078E13CDC,Starr Boat Launch,7/24/2025,2025,47.983552,-119.887492
3DD.0078E13CDD,Starr Boat Launch,7/24/2025,2025,47.983552,-119.887492
3DD.0078E13CDE,Starr Boat Launch,7/24/2025,2025,47.983552,-119.887492
3DD.0078E13CDF,Starr Boat Launch,7/24/2025,2025,47.983552,-119.887492
3DD.0078E13CE0,Starr Boat Launch,7/24/2025,2025,47.983552,-119.887492
3DD.0078E13CE1,Starr Boat Launch,7/24/2025,2025,47.983552,-119.887492
3DD.0078E13CE2,Starr Boat Launch,7/24/2025,2025,47.983552,-119.887492
3DD.0078E13CE3,Starr Boat Launch,7/24/2025,2025,47.983552,-119.887492
3DD.0078E13CE4,Starr Boat Launch,7/24/2025,2025,47.983552,-119.887492
3DD.0078E13CE5,Starr Boat Launch,7/24/2025,2025,47.983552,-119.887492
3DD.0078E13CE6,Starr Boat Launch,7/24/2025,2025,47.983552,-119.887492
3DD.0078E13CE7,Starr Boat Launch,7/24/2025,2025,47.983552,-119.887492
3DD.0078E13CE8,Starr Boat Launch,7/24/2025,2025,47.983552,-119.887492
3DD.0078E13CE9,Starr Boat Launch,7/24/2025,2025,47.983552,-119.887492
3DD.0078E13CEA,Starr Boat Launch,7/24/2025,2025,47.983552,-119.887492
3DD.0078E13CEB,Starr Boat Launch,7/24/2025,2025,47.983552,-119.887492
3DD.0078E13CEC,Starr Boat Launch,7/24/2025,2025,47.983552,-119.887492
3DD.0078E13CED,Starr Boat Launch,7/24/2025,2025,47.983552,-119.887492
3DD.0078E13CEE,Starr Boat Launch,7/24/2025,2025,47.983552,-119.887492
3DD.0078E13CEF,Starr Boat Launch,7/24/2025,2025,47.983552,-119.887492
3DD.0078E13CF0,Starr Boat Launch,7/24/2025,2025,47.983552,-119.887492
3DD.0078E13CF1,Starr Boat Launch,7/24/2025,2025,47.983552,-119.887492
3DD.0078E13CF2,Starr Boat Launch,7/24/2025,2025,47.983552,-119.887492
3DD.0078E13CF3,Starr Boat Launch,7/24/2025,2025,47.983552,-119.887492
3DD.0078E13CF4,Starr Boat Launch,7/24/2025,2025,47.983552,-119.887492
3DD.0078E13CF5,Starr Boat Launch,7/24/2025,2025,47.983552,-119.887492
3DD.0078E13CF6,Starr Boat Launch,7/24/2025,2025,47.983552,-119.887492
3DD.0078E13CF7,Starr Boat Launch,7/24/2025,2025,47.983552,-119.887492
3DD.0078E13CF8,Starr Boat Launch,7/24/2025,2025,47.983552,-119.887492
3DD.0078E13CF9,Starr Boat Launch,7/31/2025,2025,47.983552,-119.887492
3DD.0078E13CFB,Starr Boat Launch,7/31/2025,2025,47.983552,-119.887492
3DD.0078E13CFC,Starr Boat Launch,7/31/2025,2025,47.983552,-119.887492
3DD.0078E13CFD,Starr Boat Launch,7/24/2025,2025,47.983552,-119.887492
3DD.0078E13CFF,Starr Boat Launch,7/31/2025,2025,47.983552,-119.887492
3DD.0078E13D00,Starr Boat Launch,7/31/2025,2025,47.983552,-119.887492
3DD.0078E13D07,Starr Boat Launch,7/24/2025,2025,47.983552,-119.887492
3DD.0078E13D09,Starr Boat Launch,7/24/2025,2025,47.983552,-119.887492
3DD.0078E13D0A,Starr Boat Launch,7/31/2025,2025,47.983552,-119.887492
3DD.0078E13D0B,Starr Boat Launch,7/31/2025,2025,47.983552,-119.887492
3DD.0078E13D0E,Starr Boat Launch,7/31/2025,2025,47.983552,-119.887492
3DD.0078E13D0F,Starr Boat Launch,7/24/2025,2025,47.983552,-119.887492
3DD.0078E13D12,Starr Boat Launch,7/31/2025,2025,47.983552,-119.887492
3DD.0078E13D15,Starr Boat Launch,7/24/2025,2025,47.983552,-119.887492
3DD.0078E13D16,Starr Boat Launch,7/24/2025,2025,47.983552,-119.887492
3DD.0078E13D17,Starr Boat Launch,7/31/2025,2025,47.983552,-119.887492
3DD.0078E13D18,Starr Boat Launch,7/31/2025,2025,47.983552,-119.887492
3DD.0078E13D19,Starr Boat Launch,7/31/2025,2025,47.983552,-119.887492
3DD.0078E13D1A,Starr Boat Launch,7/31/2025,2025,47.983552,-119.887492
3DD.0078E13D1E,Starr Boat Launch,7/31/2025,2025,47.983552,-119.887492
3DD.0078E13D1F,Starr Boat Launch,7/31/2025,2025,47.983552,-119.887492
3DD.0078E13D21,Starr Boat Launch,7/31/2025,2025,47.983552,-119.887492
3DD.0078E13D22,Starr Boat Launch,7/24/2025,2025,47.983552,-119.887492
3DD.0078E13D24,Starr Boat Launch,7/31/2025,2025,47.983552,-119.887492
3DD.0078E13D26,Starr Boat Launch,7/31/2025,2025,47.983552,-119.887492
3DD.0078E13D27,Starr Boat Launch,7/31/2025,2025,47.983552,-119.887492
3DD.0078E13D2B,Starr Boat Launch,7/31/2025,2025,47.983552,-119.887492
3DD.0078E13D2C,Starr Boat Launch,7/24/2025,2025,47.983552,-119.887492
3DD.0078E13D2F,Starr Boat Launch,7/31/2025,2025,47.983552,-119.887492
3DD.0078E13D30,Starr Boat Launch,7/31/2025,2025,47.983552,-119.887492
3DD.0078E13D33,Starr Boat Launch,7/31/2025,2025,47.983552,-119.887492
3DD.0078E13D34,Starr Boat Launch,7/31/2025,2025,47.983552,-119.887492
3DD.0078E13D35,Starr Boat Launch,7/31/2025,2025,47.983552,-119.887492
3DD.0078E13D37,Starr Boat Launch,7/24/2025,2025,47.983552,-119.887492
3DD.0078E13D38,Starr Boat Launch,7/31/2025,2025,47.983552,-119.887492
3DD.0078E13D39,Starr Boat Launch,7/31/2025,2025,47.983552,-119.887492
3DD.0078E13D3A,Starr Boat Launch,7/31/2025,2025,47.983552,-119.887492
3DD.0078E13D3B,Starr Boat Launch,7/24/2025,2025,47.983552,-119.887492
3DD.0078E13D3C,Starr Boat Launch,7/31/2025,2025,47.983552,-119.887492
3DD.0078E13D3D,Starr Boat Launch,7/31/2025,2025,47.983552,-119.887492
3DD.0078E13D40,Starr Boat Launch,7/31/2025,2025,47.983552,-119.887492
3DD.0078E13D41,Starr Boat Launch,7/31/2025,2025,47.983552,-119.887492
3DD.0078E13D44,Starr Boat Launch,7/31/2025,2025,47.983552,-119.887492
3DD.0078E13D45,Starr Boat Launch,7/31/2025,2025,47.983552,-119.887492
3DD.0078E13D46,Starr Boat Launch,7/24/2025,2025,47.983552,-119.887492
3DD.0078E13D4B,Starr Boat Launch,7/31/2025,2025,47.983552,-119.887492
3DD.0078E13D4C,Starr Boat Launch,7/31/2025,2025,47.983552,-119.887492
3DD.0078E13D4F,Starr Boat Launch,7/31/2025,2025,47.983552,-119.887492
3DD.0078E13D55,Starr Boat Launch,7/24/2025,2025,47.983552,-119.887492
3DD.0078E13D57,Starr Boat Launch,7/24/2025,2025,47.983552,-119.887492
3DD.0078E13D59,Starr Boat Launch,7/31/2025,2025,47.983552,-119.887492
3DD.0078E13D5B,Starr Boat Launch,7/31/2025,2025,47.983552,-119.887492
3DD.0078E13D5C,Starr Boat Launch,8/15/2024,2024,47.983552,-119.887492
3DD.0078E13D5D,Starr Boat Launch,8/15/2024,2024,47.983552,-119.887492
3DD.0078E13D5E,Starr Boat Launch,8/21/2024,2024,47.983552,-119.887492
3DD.0078E13D5F,Starr Boat Launch,8/15/2024,2024,47.983552,-119.887492
3DD.0078E13D60,Starr Boat Launch,8/15/2024,2024,47.983552,-119.887492
3DD.0078E13D61,Starr Boat Launch,8/15/2024,2024,47.983552,-119.887492
3DD.0078E13D62,Starr Boat Launch,8/21/2024,2024,47.983552,-119.887492
3DD.0078E13D63,Starr Boat Launch,8/15/2024,2024,47.983552,-119.887492
3DD.0078E13D64,Starr Boat Launch,8/15/2024,2024,47.983552,-119.887492
3DD.0078E13D65,Starr Boat Launch,8/15/2024,2024,47.983552,-119.887492
3DD.0078E13D66,Starr Boat Launch,8/15/2024,2024,47.983552,-119.887492
3DD.0078E13D67,Starr Boat Launch,8/15/2024,2024,47.983552,-119.887492
3DD.0078E13D68,Starr Boat Launch,8/15/2024,2024,47.983552,-119.887492
3DD.0078E13D69,Starr Boat Launch,8/15/2024,2024,47.983552,-119.887492
3DD.0078E13D6A,Starr Boat Launch,8/19/2024,2024,47.983552,-119.887492
3DD.0078E13D6B,Starr Boat Launch,8/15/2024,2024,47.983552,-119.887492
3DD.0078E13D6C,Starr Boat Launch,8/15/2024,2024,47.983552,-119.887492
3DD.0078E13D6D,Starr Boat Launch,8/15/2024,2024,47.983552,-119.887492
3DD.0078E13D6E,Starr Boat Launch,8/15/2024,2024,47.983552,-119.887492
3DD.0078E13D6F,Starr Boat Launch,8/15/2024,2024,47.983552,-119.887492
3DD.0078E13D70,Starr Boat Launch,8/15/2024,2024,47.983552,-119.887492
3DD.0078E13D71,Starr Boat Launch,8/21/2024,2024,47.983552,-119.887492
3DD.0078E13D72,Starr Boat Launch,8/15/2024,2024,47.983552,-119.887492
3DD.0078E13D73,Starr Boat Launch,8/15/2024,2024,47.983552,-119.887492
3DD.0078E13D74,Starr Boat Launch,8/20/2024,2024,47.983552,-119.887492
3DD.0078E13D75,Starr Boat Launch,8/15/2024,2024,47.983552,-119.887492
3DD.0078E13D76,Starr Boat Launch,8/15/2024,2024,47.983552,-119.887492
3DD.0078E13D77,Starr Boat Launch,8/15/2024,2024,47.983552,-119.887492
3DD.0078E13D78,Starr Boat Launch,8/15/2024,2024,47.983552,-119.887492
3DD.0078E13D79,Starr Boat Launch,8/15/2024,2024,47.983552,-119.887492
3DD.0078E13D7A,Starr Boat Launch,8/15/2024,2024,47.983552,-119.887492
3DD.0078E13D7B,Starr Boat Launch,8/15/2024,2024,47.983552,-119.887492
3DD.0078E13D7C,Starr Boat Launch,8/21/2024,2024,47.983552,-119.887492
3DD.0078E13D7D,Starr Boat Launch,8/15/2024,2024,47.983552,-119.887492
3DD.0078E13D7E,Starr Boat Launch,8/22/2024,2024,47.983552,-119.887492
3DD.0078E13D7F,Starr Boat Launch,8/15/2024,2024,47.983552,-119.887492
3DD.0078E13D80,Starr Boat Launch,8/15/2024,2024,47.983552,-119.887492
3DD.0078E13D81,Starr Boat Launch,8/15/2024,2024,47.983552,-119.887492
3DD.0078E13D82,Starr Boat Launch,8/15/2024,2024,47.983552,-119.887492
3DD.0078E13D83,Starr Boat Launch,8/15/2024,2024,47.983552,-119.887492
3DD.0078E13D84,Starr Boat Launch,8/21/2024,2024,47.983552,-119.887492
3DD.0078E13D85,Starr Boat Launch,8/20/2024,2024,47.983552,-119.887492
3DD.0078E13D86,Starr Boat Launch,8/15/2024,2024,47.983552,-119.887492
3DD.0078E13D87,Starr Boat Launch,8/15/2024,2024,47.983552,-119.887492
3DD.0078E13D88,Starr Boat Launch,8/15/2024,2024,47.983552,-119.887492
3DD.0078E13D89,Starr Boat Launch,8/15/2024,2024,47.983552,-119.887492
3DD.0078E13D8A,Starr Boat Launch,8/15/2024,2024,47.983552,-119.887492
3DD.0078E13D8B,Starr Boat Launch,8/15/2024,2024,47.983552,-119.887492
3DD.0078E13D8C,Starr Boat Launch,8/20/2024,2024,47.983552,-119.887492
3DD.0078E13D8D,Starr Boat Launch,8/15/2024,2024,47.983552,-119.887492
3DD.0078E13D8E,Starr Boat Launch,8/15/2024,2024,47.983552,-119.887492
3DD.0078E13D8F,Starr Boat Launch,8/15/2024,2024,47.983552,-119.887492
3DD.0078E13D90,Starr Boat Launch,8/15/2024,2024,47.983552,-119.887492
3DD.0078E13D91,Starr Boat Launch,8/15/2024,2024,47.983552,-119.887492
3DD.0078E13D92,Starr Boat Launch,8/15/2024,2024,47.983552,-119.887492
3DD.0078E13D93,Starr Boat Launch,8/15/2024,2024,47.983552,-119.887492
3DD.0078E13D94,Starr Boat Launch,8/19/2024,2024,47.983552,-119.887492
3DD.0078E13D95,Starr Boat Launch,8/15/2024,2024,47.983552,-119.887492
3DD.0078E13D96,Starr Boat Launch,8/22/2024,2024,47.983552,-119.887492
3DD.0078E13D97,Starr Boat Launch,8/15/2024,2024,47.983552,-119.887492
3DD.0078E13D98,Starr Boat Launch,8/15/2024,2024,47.983552,-119.887492
3DD.0078E13D99,Starr Boat Launch,8/20/2024,2024,47.983552,-119.887492
3DD.0078E13D9A,Starr Boat Launch,8/15/2024,2024,47.983552,-119.887492
3DD.0078E13D9B,Starr Boat Launch,8/15/2024,2024,47.983552,-119.887492
3DD.0078E13D9C,Starr Boat Launch,8/15/2024,2024,47.983552,-119.887492
3DD.0078E13D9D,Starr Boat Launch,8/15/2024,2024,47.983552,-119.887492
3DD.0078E13D9E,Starr Boat Launch,8/15/2024,2024,47.983552,-119.887492
3DD.0078E13D9F,Starr Boat Launch,8/15/2024,2024,47.983552,-119.887492
3DD.0078E13DA0,Starr Boat Launch,8/15/2024,2024,47.983552,-119.887492
3DD.0078E13DA1,Starr Boat Launch,8/15/2024,2024,47.983552,-119.887492
3DD.0078E13DA2,Starr Boat Launch,8/15/2024,2024,47.983552,-119.887492
3DD.0078E13DA3,Starr Boat Launch,8/21/2024,2024,47.983552,-119.887492
3DD.0078E13DA4,Starr Boat Launch,8/15/2024,2024,47.983552,-119.887492
3DD.0078E13DA5,Starr Boat Launch,8/15/2024,2024,47.983552,-119.887492
3DD.0078E13DA6,Starr Boat Launch,8/15/2024,2024,47.983552,-119.887492
3DD.0078E13DA7,Starr Boat Launch,8/15/2024,2024,47.983552,-119.887492
3DD.0078E13DA8,Starr Boat Launch,8/15/2024,2024,47.983552,-119.887492
3DD.0078E13DA9,Starr Boat Launch,8/15/2024,2024,47.983552,-119.887492
3DD.0078E13DAA,Starr Boat Launch,8/15/2024,2024,47.983552,-119.887492
3DD.0078E13DAB,Starr Boat Launch,8/15/2024,2024,47.983552,-119.887492
3DD.0078E13DAC,Starr Boat Launch,8/21/2024,2024,47.983552,-119.887492
3DD.0078E13DAD,Starr Boat Launch,8/15/2024,2024,47.983552,-119.887492
3DD.0078E13DAE,Starr Boat Launch,8/22/2024,2024,47.983552,-119.887492
3DD.0078E13DAF,Starr Boat Launch,8/22/2024,2024,47.983552,-119.887492
3DD.0078E13DB0,Starr Boat Launch,8/15/2024,2024,47.983552,-119.887492
3DD.0078E13DB1,Starr Boat Launch,8/21/2024,2024,47.983552,-119.887492
3DD.0078E13DB2,Starr Boat Launch,8/15/2024,2024,47.983552,-119.887492
3DD.0078E13DB3,Starr Boat Launch,8/15/2024,2024,47.983552,-119.887492
3DD.0078E13DB4,Starr Boat Launch,8/15/2024,2024,47.983552,-119.887492
3DD.0078E13DB5,Starr Boat Launch,8/15/2024,2024,47.983552,-119.887492
3DD.0078E13DB6,Starr Boat Launch,8/15/2024,2024,47.983552,-119.887492
3DD.0078E13DB7,Starr Boat Launch,8/22/2024,2024,47.983552,-119.887492
3DD.0078E13DB8,Starr Boat Launch,8/15/2024,2024,47.983552,-119.887492
3DD.0078E13DB9,Starr Boat Launch,8/15/2024,2024,47.983552,-119.887492
3DD.0078E13DBA,Starr Boat Launch,8/15/2024,2024,47.983552,-119.887492
3DD.0078E13DBB,Starr Boat Launch,8/15/2024,2024,47.983552,-119.887492
3DD.0078E13DBC,Starr Boat Launch,8/15/2024,2024,47.983552,-119.887492
3DD.0078E13DBD,Starr Boat Launch,8/15/2024,2024,47.983552,-119.887492
3DD.0078E13DBE,Starr Boat Launch,8/15/2024,2024,47.983552,-119.887492
3DD.0078E13DBF,Starr Boat Launch,8/15/2024,2024,47.983552,-119.887492
