tag,event_type,event_site,event_date,event_release_site,event_release_date,mark_date,cth_count
3D6.1D59339170,Recapture,PRD - Priest Rapids Dam,8/24/2018,METHR - Methow River,8/24/2018,7/13/2018,1
3DD.003B9C10CD,Mark,PRD - Priest Rapids Dam,8/10/2018,METHR - Methow River,8/10/2018,8/10/2018,1
3DD.003B9C10CE,Mark,PRD - Priest Rapids Dam,8/10/2018,METHR - Methow River,8/10/2018,8/10/2018,1
3DD.003B9C10D0,Mark,PRD - Priest Rapids Dam,8/10/2018,METHR - Methow River,8/10/2018,8/10/2018,1
3DD.003B9C10D1,Mark,PRD - Priest Rapids Dam,8/10/2018,METHR - Methow River,8/10/2018,8/10/2018,1
3DD.003B9C10D5,Mark,PRD - Priest Rapids Dam,8/10/2018,METHR - Methow River,8/10/2018,8/10/2018,1
3DD.003B9C10D6,Mark,PRD - Priest Rapids Dam,8/10/2018,METHR - Methow River,8/10/2018,8/10/2018,1
3DD.003B9C10D7,Mark,PRD - Priest Rapids Dam,8/10/2018,METHR - Methow River,8/10/2018,8/10/2018,1
3DD.003B9C10D8,Mark,PRD - Priest Rapids Dam,8/10/2018,METHR - Methow River,8/10/2018,8/10/2018,1
3DD.003B9C10D9,Mark,PRD - Priest Rapids Dam,8/10/2018,METHR - Methow River,8/10/2018,8/10/2018,1
3DD.003B9C10DB,Mark,PRD - Priest Rapids Dam,8/10/2018,METHR - Methow River,8/10/2018,8/10/2018,1
3DD.003B9C10DE,Mark,PRD - Priest Rapids Dam,8/10/2018,METHR - Methow River,8/10/2018,8/10/2018,1
3DD.003B9C10DF,Mark,PRD - Priest Rapids Dam,8/10/2018,METHR - Methow River,8/10/2018,8/10/2018,1
3DD.003B9C10E0,Mark,PRD - Priest Rapids Dam,8/10/2018,METHR - Methow River,8/10/2018,8/10/2018,1
3DD.003B9C10E1,Mark,PRD - Priest Rapids Dam,8/10/2018,METHR - Methow River,8/10/2018,8/10/2018,1
3DD.003B9C10E4,Mark,PRD - Priest Rapids Dam,8/17/2018,SIMILR - Similkameen River,8/17/2018,8/17/2018,1
3DD.003B9C10E5,Mark,PRD - Priest Rapids Dam,8/10/2018,METHR - Methow River,8/10/2018,8/10/2018,1
3DD.003B9C10E9,Mark,PRD - Priest Rapids Dam,8/10/2018,METHR - Methow River,8/10/2018,8/10/2018,1
3DD.003B9C10EA,Mark,PRD - Priest Rapids Dam,8/10/2018,METHR - Methow River,8/10/2018,8/10/2018,1
3DD.003B9C10EB,Mark,PRD - Priest Rapids Dam,8/10/2018,METHR - Methow River,8/10/2018,8/10/2018,1
3DD.003B9C10EC,Mark,PRD - Priest Rapids Dam,8/10/2018,METHR - Methow River,8/10/2018,8/10/2018,1
3DD.003B9C10ED,Mark,PRD - Priest Rapids Dam,8/10/2018,METHR - Methow River,8/10/2018,8/10/2018,1
3DD.003B9C10EE,Mark,PRD - Priest Rapids Dam,8/10/2018,METHR - Methow River,8/10/2018,8/10/2018,1
3DD.003B9C10EF,Mark,PRD - Priest Rapids Dam,8/10/2018,METHR - Methow River,8/10/2018,8/10/2018,1
3DD.003B9C10F0,Mark,PRD - Priest Rapids Dam,8/10/2018,METHR - Methow River,8/10/2018,8/10/2018,1
3DD.003B9C10F1,Mark,PRD - Priest Rapids Dam,8/10/2018,METHR - Methow River,8/10/2018,8/10/2018,1
3DD.003B9C10F2,Mark,PRD - Priest Rapids Dam,8/10/2018,METHR - Methow River,8/10/2018,8/10/2018,1
3DD.003B9C10F5,Mark,PRD - Priest Rapids Dam,8/10/2018,METHR - Methow River,8/10/2018,8/10/2018,1
3DD.003B9C10F6,Mark,PRD - Priest Rapids Dam,8/10/2018,METHR - Methow River,8/10/2018,8/10/2018,1
3DD.003B9C10F8,Mark,PRD - Priest Rapids Dam,8/10/2018,METHR - Methow River,8/10/2018,8/10/2018,1
3DD.003B9C10F9,Mark,PRD - Priest Rapids Dam,8/17/2018,SIMILR - Similkameen River,8/17/2018,8/17/2018,1
3DD.003B9C10FA,Mark,PRD - Priest Rapids Dam,8/10/2018,METHR - Methow River,8/10/2018,8/10/2018,1
3DD.003B9C10FC,Mark,PRD - Priest Rapids Dam,8/17/2018,SIMILR - Similkameen River,8/17/2018,8/17/2018,1
3DD.003B9C10FE,Mark,PRD - Priest Rapids Dam,8/10/2018,METHR - Methow River,8/10/2018,8/10/2018,1
3DD.003B9C10FF,Mark,PRD - Priest Rapids Dam,8/10/2018,METHR - Methow River,8/10/2018,8/10/2018,1
3DD.003B9C1100,Mark,PRD - Priest Rapids Dam,8/10/2018,METHR - Methow River,8/10/2018,8/10/2018,1
3DD.003B9C1101,Mark,PRD - Priest Rapids Dam,8/10/2018,METHR - Methow River,8/10/2018,8/10/2018,1
3DD.003B9C1102,Mark,PRD - Priest Rapids Dam,8/10/2018,METHR - Methow River,8/10/2018,8/10/2018,1
3DD.003B9C1104,Mark,PRD - Priest Rapids Dam,8/10/2018,METHR - Methow River,8/10/2018,8/10/2018,1
3DD.003B9C1107,Mark,PRD - Priest Rapids Dam,8/10/2018,METHR - Methow River,8/10/2018,8/10/2018,1
3DD.003B9C1108,Mark,PRD - Priest Rapids Dam,8/10/2018,METHR - Methow River,8/10/2018,8/10/2018,1
3DD.003B9C1109,Mark,PRD - Priest Rapids Dam,8/10/2018,METHR - Methow River,8/10/2018,8/10/2018,1
3DD.003B9C110F,Mark,PRD - Priest Rapids Dam,8/10/2018,METHR - Methow River,8/10/2018,8/10/2018,1
3DD.003B9C1111,Mark,PRD - Priest Rapids Dam,8/10/2018,METHR - Methow River,8/10/2018,8/10/2018,1
3DD.003B9C1112,Mark,PRD - Priest Rapids Dam,8/10/2018,METHR - Methow River,8/10/2018,8/10/2018,1
3DD.003B9C1115,Mark,PRD - Priest Rapids Dam,8/10/2018,METHR - Methow River,8/10/2018,8/10/2018,1
3DD.003B9C1116,Mark,PRD - Priest Rapids Dam,8/10/2018,METHR - Methow River,8/10/2018,8/10/2018,1
3DD.003B9C1117,Mark,PRD - Priest Rapids Dam,8/10/2018,METHR - Methow River,8/10/2018,8/10/2018,1
3DD.003B9C1118,Mark,PRD - Priest Rapids Dam,8/10/2018,METHR - Methow River,8/10/2018,8/10/2018,1
3DD.003B9C1119,Mark,PRD - Priest Rapids Dam,8/10/2018,METHR - Methow River,8/10/2018,8/10/2018,1
3DD.003B9C111B,Mark,PRD - Priest Rapids Dam,8/10/2018,METHR - Methow River,8/10/2018,8/10/2018,1
3DD.003B9C111C,Mark,PRD - Priest Rapids Dam,8/10/2018,METHR - Methow River,8/10/2018,8/10/2018,1
3DD.003B9C111E,Mark,PRD - Priest Rapids Dam,8/10/2018,METHR - Methow River,8/10/2018,8/10/2018,1
3DD.003B9C1120,Mark,PRD - Priest Rapids Dam,8/10/2018,METHR - Methow River,8/10/2018,8/10/2018,1
3DD.003B9C1121,Mark,PRD - Priest Rapids Dam,8/10/2018,METHR - Methow River,8/10/2018,8/10/2018,1
3DD.003B9C1122,Mark,PRD - Priest Rapids Dam,8/10/2018,METHR - Methow River,8/10/2018,8/10/2018,1
3DD.003B9C1123,Mark,PRD - Priest Rapids Dam,8/10/2018,METHR - Methow River,8/10/2018,8/10/2018,1
3DD.003B9C1124,Mark,PRD - Priest Rapids Dam,8/10/2018,METHR - Methow River,8/10/2018,8/10/2018,1
3DD.003B9C1125,Mark,PRD - Priest Rapids Dam,8/10/2018,METHR - Methow River,8/10/2018,8/10/2018,1
3DD.003B9C1126,Mark,PRD - Priest Rapids Dam,8/10/2018,METHR - Methow River,8/10/2018,8/10/2018,1
3DD.003B9C1127,Mark,PRD - Priest Rapids Dam,8/10/2018,METHR - Methow River,8/10/2018,8/10/2018,1
3DD.003B9C1128,Mark,PRD - Priest Rapids Dam,8/10/2018,METHR - Methow River,8/10/2018,8/10/2018,1
3DD.003B9C1129,Mark,PRD - Priest Rapids Dam,8/10/2018,METHR - Methow River,8/10/2018,8/10/2018,1
3DD.003B9C112A,Mark,PRD - Priest Rapids Dam,8/10/2018,METHR - Methow River,8/10/2018,8/10/2018,1
3DD.003B9C112B,Mark,PRD - Priest Rapids Dam,8/10/2018,METHR - Methow River,8/10/2018,8/10/2018,1
3DD.003B9C112D,Mark,PRD - Priest Rapids Dam,8/10/2018,METHR - Methow River,8/10/2018,8/10/2018,1
3DD.003B9C112E,Mark,PRD - Priest Rapids Dam,8/10/2018,METHR - Methow River,8/10/2018,8/10/2018,1
3DD.003BB8F306,Mark,WELH - Wells Hatchery,8/19/2016,TURO - Turtle Rock Pond,8/19/2016,8/19/2016,1
3DD.003BDCA3E5,Mark,PRD - Priest Rapids Dam,8/24/2018,METHR - Methow River,8/24/2018,8/24/2018,1
3DD.003BDCA3EA,Mark,PRD - Priest Rapids Dam,8/24/2018,METHR - Methow River,8/24/2018,8/24/2018,1
3DD.003BDCA3EC,Mark,PRD - Priest Rapids Dam,8/24/2018,METHR - Methow River,8/24/2018,8/24/2018,1
3DD.003BDCA3F2,Mark,PRD - Priest Rapids Dam,8/24/2018,METHR - Methow River,8/24/2018,8/24/2018,1
3DD.003BDCA3F3,Mark,PRD - Priest Rapids Dam,8/24/2018,METHR - Methow River,8/24/2018,8/24/2018,1
3DD.003BDCA3F5,Mark,PRD - Priest Rapids Dam,8/24/2018,METHR - Methow River,8/24/2018,8/24/2018,1
3DD.003BDCA3F9,Mark,PRD - Priest Rapids Dam,8/24/2018,METHR - Methow River,8/24/2018,8/24/2018,1
3DD.003BDCA400,Mark,PRD - Priest Rapids Dam,8/24/2018,METHR - Methow River,8/24/2018,8/24/2018,1
3DD.003BDCA402,Mark,PRD - Priest Rapids Dam,8/24/2018,METHR - Methow River,8/24/2018,8/24/2018,1
3DD.003BDCA404,Mark,PRD - Priest Rapids Dam,8/24/2018,METHR - Methow River,8/24/2018,8/24/2018,1
3DD.003BDCA405,Mark,PRD - Priest Rapids Dam,8/24/2018,METHR - Methow River,8/24/2018,8/24/2018,1
3DD.003BDCA407,Mark,PRD - Priest Rapids Dam,8/24/2018,METHR - Methow River,8/24/2018,8/24/2018,1
3DD.003BDCA409,Mark,PRD - Priest Rapids Dam,8/24/2018,METHR - Methow River,8/24/2018,8/24/2018,1
3DD.003BDCA40A,Mark,PRD - Priest Rapids Dam,8/24/2018,METHR - Methow River,8/24/2018,8/24/2018,1
3DD.003BDCA40F,Mark,PRD - Priest Rapids Dam,8/24/2018,METHR - Methow River,8/24/2018,8/24/2018,1
3DD.003BDCA415,Mark,PRD - Priest Rapids Dam,8/24/2018,METHR - Methow River,8/24/2018,8/24/2018,1
3DD.003BDCA416,Mark,PRD - Priest Rapids Dam,8/24/2018,METHR - Methow River,8/24/2018,8/24/2018,1
3DD.003BDCA418,Mark,PRD - Priest Rapids Dam,8/24/2018,METHR - Methow River,8/24/2018,8/24/2018,1
3DD.003BDCA41B,Mark,PRD - Priest Rapids Dam,8/24/2018,METHR - Methow River,8/24/2018,8/24/2018,1
3DD.003BDCA41E,Mark,PRD - Priest Rapids Dam,8/24/2018,METHR - Methow River,8/24/2018,8/24/2018,1
3DD.003BDCA420,Mark,PRD - Priest Rapids Dam,8/24/2018,METHR - Methow River,8/24/2018,8/24/2018,1
3DD.003BDCA423,Mark,PRD - Priest Rapids Dam,8/24/2018,METHR - Methow River,8/24/2018,8/24/2018,1
3DD.003BDCA428,Mark,PRD - Priest Rapids Dam,8/24/2018,METHR - Methow River,8/24/2018,8/24/2018,1
3DD.003BDCA444,Mark,PRD - Priest Rapids Dam,8/24/2018,METHR - Methow River,8/24/2018,8/24/2018,1
3DD.003BDCC321,Mark,WELH - Wells Hatchery,8/19/2016,TURO - Turtle Rock Pond,8/19/2016,8/19/2016,1
3DD.003BDCC325,Mark,WELH - Wells Hatchery,8/19/2016,TURO - Turtle Rock Pond,8/19/2016,8/19/2016,1
3DD.003BDCC327,Mark,WELH - Wells Hatchery,8/19/2016,TURO - Turtle Rock Pond,8/19/2016,8/19/2016,1
3DD.003BDCC328,Mark,WELH - Wells Hatchery,8/19/2016,TURO - Turtle Rock Pond,8/19/2016,8/19/2016,1
3DD.003BDCC32E,Mark,WELH - Wells Hatchery,8/19/2016,TURO - Turtle Rock Pond,8/19/2016,8/19/2016,1
3DD.003BDCC32F,Mark,WELH - Wells Hatchery,8/19/2016,TURO - Turtle Rock Pond,8/19/2016,8/19/2016,1
3DD.003BDCC331,Mark,WELH - Wells Hatchery,8/19/2016,TURO - Turtle Rock Pond,8/19/2016,8/19/2016,1
3DD.003BDCC332,Mark,WELH - Wells Hatchery,8/19/2016,TURO - Turtle Rock Pond,8/19/2016,8/19/2016,1
3DD.003BDCC333,Mark,WELH - Wells Hatchery,8/19/2016,TURO - Turtle Rock Pond,8/19/2016,8/19/2016,1
3DD.003BDCC336,Mark,WELH - Wells Hatchery,8/19/2016,TURO - Turtle Rock Pond,8/19/2016,8/19/2016,1
3DD.003BDCC337,Mark,WELH - Wells Hatchery,8/19/2016,TURO - Turtle Rock Pond,8/19/2016,8/19/2016,1
3DD.003BDCC338,Mark,WELH - Wells Hatchery,8/19/2016,TURO - Turtle Rock Pond,8/19/2016,8/19/2016,1
3DD.003BDCC340,Mark,WELH - Wells Hatchery,8/19/2016,TURO - Turtle Rock Pond,8/19/2016,8/19/2016,1
3DD.003BDCC343,Mark,WELH - Wells Hatchery,8/19/2016,TURO - Turtle Rock Pond,8/19/2016,8/19/2016,1
3DD.003BDCC346,Mark,WELH - Wells Hatchery,8/19/2016,TURO - Turtle Rock Pond,8/19/2016,8/19/2016,1
3DD.003BDCC347,Mark,WELH - Wells Hatchery,8/19/2016,TURO - Turtle Rock Pond,8/19/2016,8/19/2016,1
3DD.003BDCC349,Mark,WELH - Wells Hatchery,8/19/2016,TURO - Turtle Rock Pond,8/19/2016,8/19/2016,1
3DD.003BDCC34B,Mark,WELH - Wells Hatchery,8/19/2016,TURO - Turtle Rock Pond,8/19/2016,8/19/2016,1
3DD.003BDCC34E,Mark,WELH - Wells Hatchery,8/19/2016,TURO - Turtle Rock Pond,8/19/2016,8/19/2016,1
3DD.003BDCC350,Mark,WELH - Wells Hatchery,8/19/2016,TURO - Turtle Rock Pond,8/19/2016,8/19/2016,1
3DD.003BDCC352,Mark,WELH - Wells Hatchery,8/19/2016,TURO - Turtle Rock Pond,8/19/2016,8/19/2016,1
3DD.003BDCC353,Mark,WELH - Wells Hatchery,8/19/2016,TURO - Turtle Rock Pond,8/19/2016,8/19/2016,1
3DD.003BDCC356,Mark,WELH - Wells Hatchery,8/19/2016,TURO - Turtle Rock Pond,8/19/2016,8/19/2016,1
3DD.003BDCC359,Mark,WELH - Wells Hatchery,8/19/2016,TURO - Turtle Rock Pond,8/19/2016,8/19/2016,1
3DD.003BDCC35A,Mark,WELH - Wells Hatchery,8/19/2016,TURO - Turtle Rock Pond,8/19/2016,8/19/2016,1
3DD.003BDCC35E,Mark,WELH - Wells Hatchery,8/19/2016,TURO - Turtle Rock Pond,8/19/2016,8/19/2016,1
3DD.003BDCC361,Mark,WELH - Wells Hatchery,8/19/2016,TURO - Turtle Rock Pond,8/19/2016,8/19/2016,1
3DD.003BDCC362,Mark,WELH - Wells Hatchery,8/19/2016,TURO - Turtle Rock Pond,8/19/2016,8/19/2016,1
3DD.003BDCC363,Mark,WELH - Wells Hatchery,8/19/2016,TURO - Turtle Rock Pond,8/19/2016,8/19/2016,1
3DD.003BDCC364,Mark,WELH - Wells Hatchery,8/19/2016,TURO - Turtle Rock Pond,8/19/2016,8/19/2016,1
3DD.003BDCC367,Mark,WELH - Wells Hatchery,8/19/2016,TURO - Turtle Rock Pond,8/19/2016,8/19/2016,1
3DD.003BDCC369,Mark,WELH - Wells Hatchery,8/19/2016,TURO - Turtle Rock Pond,8/19/2016,8/19/2016,1
3DD.003BDCC36C,Mark,WELH - Wells Hatchery,8/19/2016,TURO - Turtle Rock Pond,8/19/2016,8/19/2016,1
3DD.003BDCC36D,Mark,WELH - Wells Hatchery,8/19/2016,TURO - Turtle Rock Pond,8/19/2016,8/19/2016,1
3DD.003BDCC36E,Mark,WELH - Wells Hatchery,8/19/2016,TURO - Turtle Rock Pond,8/19/2016,8/19/2016,1
3DD.003BDCC36F,Mark,WELH - Wells Hatchery,8/19/2016,TURO - Turtle Rock Pond,8/19/2016,8/19/2016,1
3DD.003BDCC371,Mark,WELH - Wells Hatchery,8/19/2016,TURO - Turtle Rock Pond,8/19/2016,8/19/2016,1
3DD.003BDCC373,Mark,WELH - Wells Hatchery,8/19/2016,TURO - Turtle Rock Pond,8/19/2016,8/19/2016,1
3DD.003BDCC374,Mark,WELH - Wells Hatchery,8/19/2016,TURO - Turtle Rock Pond,8/19/2016,8/19/2016,1
3DD.003BDCC375,Mark,WELH - Wells Hatchery,8/19/2016,TURO - Turtle Rock Pond,8/19/2016,8/19/2016,1
3DD.003BDCC376,Mark,WELH - Wells Hatchery,8/19/2016,TURO - Turtle Rock Pond,8/19/2016,8/19/2016,1
3DD.003BDCC377,Mark,WELH - Wells Hatchery,8/19/2016,TURO - Turtle Rock Pond,8/19/2016,8/19/2016,1
3DD.003BDCC378,Mark,WELH - Wells Hatchery,8/19/2016,TURO - Turtle Rock Pond,8/19/2016,8/19/2016,1
3DD.003BDCC37A,Mark,WELH - Wells Hatchery,8/19/2016,TURO - Turtle Rock Pond,8/19/2016,8/19/2016,1
3DD.003BDCC37B,Mark,WELH - Wells Hatchery,8/19/2016,TURO - Turtle Rock Pond,8/19/2016,8/19/2016,1
3DD.003BDCC380,Mark,WELH - Wells Hatchery,8/19/2016,TURO - Turtle Rock Pond,8/19/2016,8/19/2016,1
3DD.003BDCC382,Mark,WELH - Wells Hatchery,8/19/2016,TURO - Turtle Rock Pond,8/19/2016,8/19/2016,1
3DD.003BDCC383,Mark,WELH - Wells Hatchery,8/19/2016,TURO - Turtle Rock Pond,8/19/2016,8/19/2016,1
3DD.003BDCC384,Mark,WELH - Wells Hatchery,8/19/2016,TURO - Turtle Rock Pond,8/19/2016,8/19/2016,1
3DD.003D284961,Mark,PRD - Priest Rapids Dam,8/17/2018,SIMILR - Similkameen River,8/17/2018,8/17/2018,1
3DD.003D284962,Mark,PRD - Priest Rapids Dam,8/17/2018,SIMILR - Similkameen River,8/17/2018,8/17/2018,1
3DD.003D284963,Mark,PRD - Priest Rapids Dam,8/10/2018,METHR - Methow River,8/10/2018,8/10/2018,1
3DD.003D284964,Mark,PRD - Priest Rapids Dam,8/17/2018,SIMILR - Similkameen River,8/17/2018,8/17/2018,1
3DD.003D284965,Mark,PRD - Priest Rapids Dam,8/10/2018,METHR - Methow River,8/10/2018,8/10/2018,1
3DD.003D284966,Mark,PRD - Priest Rapids Dam,8/10/2018,METHR - Methow River,8/10/2018,8/10/2018,1
3DD.003D284967,Mark,PRD - Priest Rapids Dam,8/10/2018,METHR - Methow River,8/10/2018,8/10/2018,1
3DD.003D284968,Mark,PRD - Priest Rapids Dam,8/10/2018,METHR - Methow River,8/10/2018,8/10/2018,1
3DD.003D284969,Mark,PRD - Priest Rapids Dam,8/10/2018,METHR - Methow River,8/10/2018,8/10/2018,1
3DD.003D28496A,Mark,PRD - Priest Rapids Dam,8/10/2018,METHR - Methow River,8/10/2018,8/10/2018,1
3DD.003D28496B,Mark,PRD - Priest Rapids Dam,8/17/2018,SIMILR - Similkameen River,8/17/2018,8/17/2018,1
3DD.003D28496C,Mark,PRD - Priest Rapids Dam,8/10/2018,METHR - Methow River,8/10/2018,8/10/2018,1
3DD.003D28496D,Mark,PRD - Priest Rapids Dam,8/10/2018,METHR - Methow River,8/10/2018,8/10/2018,1
3DD.003D28496E,Mark,PRD - Priest Rapids Dam,8/17/2018,SIMILR - Similkameen River,8/17/2018,8/17/2018,1
3DD.003D28496F,Mark,PRD - Priest Rapids Dam,8/10/2018,METHR - Methow River,8/10/2018,8/10/2018,1
3DD.003D284970,Mark,PRD - Priest Rapids Dam,8/10/2018,METHR - Methow River,8/10/2018,8/10/2018,1
3DD.003D284971,Mark,PRD - Priest Rapids Dam,8/17/2018,SIMILR - Similkameen River,8/17/2018,8/17/2018,1
3DD.003D284972,Mark,PRD - Priest Rapids Dam,8/10/2018,METHR - Methow River,8/10/2018,8/10/2018,1
3DD.003D284973,Mark,PRD - Priest Rapids Dam,8/10/2018,METHR - Methow River,8/10/2018,8/10/2018,1
3DD.003D284974,Mark,PRD - Priest Rapids Dam,8/17/2018,SIMILR - Similkameen River,8/17/2018,8/17/2018,1
3DD.003D284975,Mark,PRD - Priest Rapids Dam,8/10/2018,METHR - Methow River,8/10/2018,8/10/2018,1
3DD.003D284976,Mark,PRD - Priest Rapids Dam,8/10/2018,METHR - Methow River,8/10/2018,8/10/2018,1
3DD.003D284977,Mark,PRD - Priest Rapids Dam,8/10/2018,METHR - Methow River,8/10/2018,8/10/2018,1
3DD.003D284978,Mark,PRD - Priest Rapids Dam,8/10/2018,METHR - Methow River,8/10/2018,8/10/2018,1
3DD.003D284979,Mark,PRD - Priest Rapids Dam,8/17/2018,SIMILR - Similkameen River,8/17/2018,8/17/2018,1
3DD.003D28497A,Mark,PRD - Priest Rapids Dam,8/10/2018,METHR - Methow River,8/10/2018,8/10/2018,1
3DD.003D28497B,Mark,PRD - Priest Rapids Dam,8/10/2018,METHR - Methow River,8/10/2018,8/10/2018,1
3DD.003D28497C,Mark,PRD - Priest Rapids Dam,8/17/2018,SIMILR - Similkameen River,8/17/2018,8/17/2018,1
3DD.003D28497D,Mark,PRD - Priest Rapids Dam,8/17/2018,SIMILR - Similkameen River,8/17/2018,8/17/2018,1
3DD.003D28497E,Mark,PRD - Priest Rapids Dam,8/17/2018,SIMILR - Similkameen River,8/17/2018,8/17/2018,1
3DD.003D28497F,Mark,PRD - Priest Rapids Dam,8/10/2018,METHR - Methow River,8/10/2018,8/10/2018,1
3DD.003D284980,Mark,PRD - Priest Rapids Dam,8/10/2018,METHR - Methow River,8/10/2018,8/10/2018,1
3DD.003D284981,Mark,PRD - Priest Rapids Dam,8/10/2018,METHR - Methow River,8/10/2018,8/10/2018,1
3DD.003D284982,Mark,PRD - Priest Rapids Dam,8/10/2018,METHR - Methow River,8/10/2018,8/10/2018,1
3DD.003D284983,Mark,PRD - Priest Rapids Dam,8/10/2018,METHR - Methow River,8/10/2018,8/10/2018,1
3DD.003D284984,Mark,PRD - Priest Rapids Dam,8/17/2018,SIMILR - Similkameen River,8/17/2018,8/17/2018,1
3DD.003D284985,Mark,PRD - Priest Rapids Dam,8/10/2018,METHR - Methow River,8/10/2018,8/10/2018,1
3DD.003D284986,Mark,PRD - Priest Rapids Dam,8/17/2018,SIMILR - Similkameen River,8/17/2018,8/17/2018,1
3DD.003D284987,Mark,PRD - Priest Rapids Dam,8/17/2018,SIMILR - Similkameen River,8/17/2018,8/17/2018,1
3DD.003D284988,Mark,PRD - Priest Rapids Dam,8/10/2018,METHR - Methow River,8/10/2018,8/10/2018,1
3DD.003D284989,Mark,PRD - Priest Rapids Dam,8/10/2018,METHR - Methow River,8/10/2018,8/10/2018,1
3DD.003D28498A,Mark,PRD - Priest Rapids Dam,8/10/2018,METHR - Methow River,8/10/2018,8/10/2018,1
3DD.003D28498B,Mark,PRD - Priest Rapids Dam,8/10/2018,METHR - Methow River,8/10/2018,8/10/2018,1
3DD.003D28498C,Mark,PRD - Priest Rapids Dam,8/10/2018,METHR - Methow River,8/10/2018,8/10/2018,1
3DD.003D28498D,Mark,PRD - Priest Rapids Dam,8/10/2018,METHR - Methow River,8/10/2018,8/10/2018,1
3DD.003D28498E,Mark,PRD - Priest Rapids Dam,8/10/2018,METHR - Methow River,8/10/2018,8/10/2018,1
3DD.003D28498F,Mark,PRD - Priest Rapids Dam,8/10/2018,METHR - Methow River,8/10/2018,8/10/2018,1
3DD.003D284990,Mark,PRD - Priest Rapids Dam,8/10/2018,METHR - Methow River,8/10/2018,8/10/2018,1
3DD.003D284991,Mark,PRD - Priest Rapids Dam,8/17/2018,SIMILR - Similkameen River,8/17/2018,8/17/2018,1
3DD.003D284992,Mark,PRD - Priest Rapids Dam,8/10/2018,METHR - Methow River,8/10/2018,8/10/2018,1
3DD.003D284993,Mark,PRD - Priest Rapids Dam,8/10/2018,METHR - Methow River,8/10/2018,8/10/2018,1
3DD.003D284994,Mark,PRD - Priest Rapids Dam,8/17/2018,SIMILR - Similkameen River,8/17/2018,8/17/2018,1
3DD.003D284995,Mark,PRD - Priest Rapids Dam,8/10/2018,METHR - Methow River,8/10/2018,8/10/2018,1
3DD.003D284996,Mark,PRD - Priest Rapids Dam,8/10/2018,METHR - Methow River,8/10/2018,8/10/2018,1
3DD.003D284997,Mark,PRD - Priest Rapids Dam,8/10/2018,METHR - Methow River,8/10/2018,8/10/2018,1
3DD.003D284998,Mark,PRD - Priest Rapids Dam,8/10/2018,METHR - Methow River,8/10/2018,8/10/2018,1
3DD.003D284999,Mark,PRD - Priest Rapids Dam,8/17/2018,SIMILR - Similkameen River,8/17/2018,8/17/2018,1
3DD.003D28499A,Mark,PRD - Priest Rapids Dam,8/17/2018,SIMILR - Similkameen River,8/17/2018,8/17/2018,1
3DD.003D28499B,Mark,PRD - Priest Rapids Dam,8/10/2018,METHR - Methow River,8/10/2018,8/10/2018,1
3DD.003D28499C,Mark,PRD - Priest Rapids Dam,8/17/2018,SIMILR - Similkameen River,8/17/2018,8/17/2018,1
3DD.003D28499D,Mark,PRD - Priest Rapids Dam,8/10/2018,METHR - Methow River,8/10/2018,8/10/2018,1
3DD.003D28499E,Mark,PRD - Priest Rapids Dam,8/10/2018,METHR - Methow River,8/10/2018,8/10/2018,1
3DD.003D28499F,Mark,PRD - Priest Rapids Dam,8/17/2018,SIMILR - Similkameen River,8/17/2018,8/17/2018,1
3DD.003D2849A0,Mark,PRD - Priest Rapids Dam,8/10/2018,METHR - Methow River,8/10/2018,8/10/2018,1
3DD.003D2849A1,Mark,PRD - Priest Rapids Dam,8/10/2018,METHR - Methow River,8/10/2018,8/10/2018,1
3DD.003D2849A2,Mark,PRD - Priest Rapids Dam,8/17/2018,SIMILR - Similkameen River,8/17/2018,8/17/2018,1
3DD.003D2849A3,Mark,PRD - Priest Rapids Dam,8/10/2018,METHR - Methow River,8/10/2018,8/10/2018,1
3DD.003D2849A4,Mark,PRD - Priest Rapids Dam,8/10/2018,METHR - Methow River,8/10/2018,8/10/2018,1
3DD.003D2849A5,Mark,PRD - Priest Rapids Dam,8/10/2018,METHR - Methow River,8/10/2018,8/10/2018,1
3DD.003D2849A6,Mark,PRD - Priest Rapids Dam,8/10/2018,METHR - Methow River,8/10/2018,8/10/2018,1
3DD.003D2849A7,Mark,PRD - Priest Rapids Dam,8/10/2018,METHR - Methow River,8/10/2018,8/10/2018,1
3DD.003D2849A8,Mark,PRD - Priest Rapids Dam,8/10/2018,METHR - Methow River,8/10/2018,8/10/2018,1
3DD.003D2849A9,Mark,PRD - Priest Rapids Dam,8/10/2018,METHR - Methow River,8/10/2018,8/10/2018,1
3DD.003D2849AA,Mark,PRD - Priest Rapids Dam,8/10/2018,METHR - Methow River,8/10/2018,8/10/2018,1
3DD.003D2849AB,Mark,PRD - Priest Rapids Dam,8/17/2018,SIMILR - Similkameen River,8/17/2018,8/17/2018,1
3DD.003D2849AC,Mark,PRD - Priest Rapids Dam,8/10/2018,METHR - Methow River,8/10/2018,8/10/2018,1
3DD.003D2849AD,Mark,PRD - Priest Rapids Dam,8/10/2018,METHR - Methow River,8/10/2018,8/10/2018,1
3DD.003D2849AE,Mark,PRD - Priest Rapids Dam,8/10/2018,METHR - Methow River,8/10/2018,8/10/2018,1
3DD.003D2849AF,Mark,PRD - Priest Rapids Dam,8/10/2018,METHR - Methow River,8/10/2018,8/10/2018,1
3DD.003D2849B0,Mark,PRD - Priest Rapids Dam,8/17/2018,SIMILR - Similkameen River,8/17/2018,8/17/2018,1
3DD.003D2849B1,Mark,PRD - Priest Rapids Dam,8/10/2018,METHR - Methow River,8/10/2018,8/10/2018,1
3DD.003D2849B2,Mark,PRD - Priest Rapids Dam,8/10/2018,METHR - Methow River,8/10/2018,8/10/2018,1
3DD.003D2849B3,Mark,PRD - Priest Rapids Dam,8/17/2018,SIMILR - Similkameen River,8/17/2018,8/17/2018,1
3DD.003D2849B4,Mark,PRD - Priest Rapids Dam,8/10/2018,METHR - Methow River,8/10/2018,8/10/2018,1
3DD.003D2849B5,Mark,PRD - Priest Rapids Dam,8/17/2018,SIMILR - Similkameen River,8/17/2018,8/17/2018,1
3DD.003D2849B6,Mark,PRD - Priest Rapids Dam,8/10/2018,METHR - Methow River,8/10/2018,8/10/2018,1
3DD.003D2849B7,Mark,PRD - Priest Rapids Dam,8/10/2018,METHR - Methow River,8/10/2018,8/10/2018,1
3DD.003D2849B8,Mark,PRD - Priest Rapids Dam,8/10/2018,METHR - Methow River,8/10/2018,8/10/2018,1
3DD.003D2849B9,Mark,PRD - Priest Rapids Dam,8/17/2018,SIMILR - Similkameen River,8/17/2018,8/17/2018,1
3DD.003D2849BA,Mark,PRD - Priest Rapids Dam,8/10/2018,METHR - Methow River,8/10/2018,8/10/2018,1
3DD.003D2849BB,Mark,PRD - Priest Rapids Dam,8/10/2018,METHR - Methow River,8/10/2018,8/10/2018,1
3DD.003D2849BC,Mark,PRD - Priest Rapids Dam,8/10/2018,METHR - Methow River,8/10/2018,8/10/2018,1
3DD.003D2849BD,Mark,PRD - Priest Rapids Dam,8/10/2018,METHR - Methow River,8/10/2018,8/10/2018,1
3DD.003D2849BE,Mark,PRD - Priest Rapids Dam,8/10/2018,METHR - Methow River,8/10/2018,8/10/2018,1
3DD.003D2849BF,Mark,PRD - Priest Rapids Dam,8/17/2018,SIMILR - Similkameen River,8/17/2018,8/17/2018,1
3DD.003D2849C0,Mark,PRD - Priest Rapids Dam,8/10/2018,METHR - Methow River,8/10/2018,8/10/2018,1
3DD.003D2849C1,Mark,PRD - Priest Rapids Dam,8/10/2018,METHR - Methow River,8/10/2018,8/10/2018,1
3DD.003D2849C2,Mark,PRD - Priest Rapids Dam,8/10/2018,METHR - Methow River,8/10/2018,8/10/2018,1
3DD.003D2849C3,Mark,PRD - Priest Rapids Dam,8/10/2018,METHR - Methow River,8/10/2018,8/10/2018,1
3DD.003D2849C4,Mark,PRD - Priest Rapids Dam,8/10/2018,METHR - Methow River,8/10/2018,8/10/2018,1
3DD.003D284A8D,Mark,PRD - Priest Rapids Dam,8/17/2018,METHR - Methow River,8/17/2018,8/17/2018,1
3DD.003D284A8E,Mark,PRD - Priest Rapids Dam,8/17/2018,METHR - Methow River,8/17/2018,8/17/2018,1
3DD.003D284A8F,Mark,PRD - Priest Rapids Dam,8/17/2018,SIMILR - Similkameen River,8/17/2018,8/17/2018,1
3DD.003D284A90,Mark,PRD - Priest Rapids Dam,8/17/2018,SIMILR - Similkameen River,8/17/2018,8/17/2018,1
3DD.003D284A91,Mark,PRD - Priest Rapids Dam,8/17/2018,SIMILR - Similkameen River,8/17/2018,8/17/2018,1
3DD.003D284A92,Mark,PRD - Priest Rapids Dam,8/17/2018,SIMILR - Similkameen River,8/17/2018,8/17/2018,1
3DD.003D284A93,Mark,PRD - Priest Rapids Dam,8/17/2018,METHR - Methow River,8/17/2018,8/17/2018,1
3DD.003D284A96,Mark,PRD - Priest Rapids Dam,8/17/2018,SIMILR - Similkameen River,8/17/2018,8/17/2018,1
3DD.003D284A99,Mark,PRD - Priest Rapids Dam,8/17/2018,SIMILR - Similkameen River,8/17/2018,8/17/2018,1
3DD.003D284A9A,Mark,PRD - Priest Rapids Dam,8/17/2018,SIMILR - Similkameen River,8/17/2018,8/17/2018,1
3DD.003D284A9B,Mark,PRD - Priest Rapids Dam,8/17/2018,SIMILR - Similkameen River,8/17/2018,8/17/2018,1
3DD.003D284A9D,Mark,PRD - Priest Rapids Dam,8/17/2018,SIMILR - Similkameen River,8/17/2018,8/17/2018,1
3DD.003D284AA1,Mark,PRD - Priest Rapids Dam,8/17/2018,SIMILR - Similkameen River,8/17/2018,8/17/2018,1
3DD.003D284AA2,Mark,PRD - Priest Rapids Dam,8/17/2018,SIMILR - Similkameen River,8/17/2018,8/17/2018,1
3DD.003D284AA3,Mark,PRD - Priest Rapids Dam,8/17/2018,METHR - Methow River,8/17/2018,8/17/2018,1
3DD.003D284AA4,Mark,PRD - Priest Rapids Dam,8/17/2018,METHR - Methow River,8/17/2018,8/17/2018,1
3DD.003D284AA9,Mark,PRD - Priest Rapids Dam,8/17/2018,METHR - Methow River,8/17/2018,8/17/2018,1
3DD.003D284AAC,Mark,PRD - Priest Rapids Dam,8/17/2018,SIMILR - Similkameen River,8/17/2018,8/17/2018,1
3DD.003D284AAD,Mark,PRD - Priest Rapids Dam,8/17/2018,METHR - Methow River,8/17/2018,8/17/2018,1
3DD.003D284AB0,Mark,PRD - Priest Rapids Dam,8/17/2018,SIMILR - Similkameen River,8/17/2018,8/17/2018,1
3DD.003D284AB5,Mark,PRD - Priest Rapids Dam,8/17/2018,SIMILR - Similkameen River,8/17/2018,8/17/2018,1
3DD.003D284AB6,Mark,PRD - Priest Rapids Dam,8/17/2018,SIMILR - Similkameen River,8/17/2018,8/17/2018,1
3DD.003D284AB9,Mark,PRD - Priest Rapids Dam,8/17/2018,SIMILR - Similkameen River,8/17/2018,8/17/2018,1
3DD.003D284ABC,Mark,PRD - Priest Rapids Dam,8/17/2018,SIMILR - Similkameen River,8/17/2018,8/17/2018,1
3DD.003D284ABE,Mark,PRD - Priest Rapids Dam,8/17/2018,METHR - Methow River,8/17/2018,8/17/2018,1
3DD.003D284AC0,Mark,PRD - Priest Rapids Dam,8/17/2018,SIMILR - Similkameen River,8/17/2018,8/17/2018,1
3DD.003D284AC1,Mark,PRD - Priest Rapids Dam,8/17/2018,SIMILR - Similkameen River,8/17/2018,8/17/2018,1
3DD.003D284AC2,Mark,PRD - Priest Rapids Dam,8/17/2018,SIMILR - Similkameen River,8/17/2018,8/17/2018,1
3DD.003D284AC3,Mark,PRD - Priest Rapids Dam,8/17/2018,SIMILR - Similkameen River,8/17/2018,8/17/2018,1
3DD.003D284AC5,Mark,PRD - Priest Rapids Dam,8/17/2018,SIMILR - Similkameen River,8/17/2018,8/17/2018,1
3DD.003D284AC6,Mark,PRD - Priest Rapids Dam,8/17/2018,SIMILR - Similkameen River,8/17/2018,8/17/2018,1
3DD.003D284AC7,Mark,PRD - Priest Rapids Dam,8/17/2018,SIMILR - Similkameen River,8/17/2018,8/17/2018,1
3DD.003D284AC8,Mark,PRD - Priest Rapids Dam,8/17/2018,METHR - Methow River,8/17/2018,8/17/2018,1
3DD.003D284AC9,Mark,PRD - Priest Rapids Dam,8/17/2018,METHR - Methow River,8/17/2018,8/17/2018,1
3DD.003D284ACA,Mark,PRD - Priest Rapids Dam,8/17/2018,METHR - Methow River,8/17/2018,8/17/2018,1
3DD.003D284ACB,Mark,PRD - Priest Rapids Dam,8/17/2018,METHR - Methow River,8/17/2018,8/17/2018,1
3DD.003D284ACE,Mark,PRD - Priest Rapids Dam,8/17/2018,SIMILR - Similkameen River,8/17/2018,8/17/2018,1
3DD.003D284AD0,Mark,PRD - Priest Rapids Dam,8/17/2018,METHR - Methow River,8/17/2018,8/17/2018,1
3DD.003D284AD3,Mark,PRD - Priest Rapids Dam,8/17/2018,SIMILR - Similkameen River,8/17/2018,8/17/2018,1
3DD.003D284AD8,Mark,PRD - Priest Rapids Dam,8/17/2018,METHR - Methow River,8/17/2018,8/17/2018,1
3DD.003D284AD9,Mark,PRD - Priest Rapids Dam,8/17/2018,METHR - Methow River,8/17/2018,8/17/2018,1
3DD.003D284ADC,Mark,PRD - Priest Rapids Dam,8/17/2018,METHR - Methow River,8/17/2018,8/17/2018,1
3DD.003D284ADD,Mark,PRD - Priest Rapids Dam,8/17/2018,SIMILR - Similkameen River,8/17/2018,8/17/2018,1
3DD.003D284AE0,Mark,PRD - Priest Rapids Dam,8/17/2018,METHR - Methow River,8/17/2018,8/17/2018,1
3DD.003D284AE1,Mark,PRD - Priest Rapids Dam,8/17/2018,SIMILR - Similkameen River,8/17/2018,8/17/2018,1
3DD.003D284AE2,Mark,PRD - Priest Rapids Dam,8/17/2018,SIMILR - Similkameen River,8/17/2018,8/17/2018,1
3DD.003D284AE5,Mark,PRD - Priest Rapids Dam,8/17/2018,METHR - Methow River,8/17/2018,8/17/2018,1
3DD.003D284AE6,Mark,PRD - Priest Rapids Dam,8/17/2018,METHR - Methow River,8/17/2018,8/17/2018,1
3DD.003D284AE8,Mark,PRD - Priest Rapids Dam,8/17/2018,METHR - Methow River,8/17/2018,8/17/2018,1
3DD.003D284AE9,Mark,PRD - Priest Rapids Dam,8/17/2018,METHR - Methow River,8/17/2018,8/17/2018,1
3DD.003D284AEA,Mark,PRD - Priest Rapids Dam,8/17/2018,SIMILR - Similkameen River,8/17/2018,8/17/2018,1
3DD.003D284AEE,Mark,PRD - Priest Rapids Dam,8/17/2018,SIMILR - Similkameen River,8/17/2018,8/17/2018,1
3DD.003D284AF1,Mark,PRD - Priest Rapids Dam,8/24/2018,METHR - Methow River,8/24/2018,8/24/2018,1
3DD.003D284AF2,Mark,PRD - Priest Rapids Dam,8/24/2018,METHR - Methow River,8/24/2018,8/24/2018,1
3DD.003D284AF4,Mark,PRD - Priest Rapids Dam,8/24/2018,METHR - Methow River,8/24/2018,8/24/2018,1
3DD.003D284AF5,Mark,PRD - Priest Rapids Dam,8/24/2018,OMAKC - Omak Creek (tributary to Okanogan River),8/24/2018,8/24/2018,1
3DD.003D284AF7,Mark,PRD - Priest Rapids Dam,8/24/2018,METHR - Methow River,8/24/2018,8/24/2018,1
3DD.003D284AF8,Mark,PRD - Priest Rapids Dam,8/24/2018,OMAKC - Omak Creek (tributary to Okanogan River),8/24/2018,8/24/2018,1
3DD.003D284AF9,Mark,PRD - Priest Rapids Dam,8/24/2018,OMAKC - Omak Creek (tributary to Okanogan River),8/24/2018,8/24/2018,1
3DD.003D284AFA,Mark,PRD - Priest Rapids Dam,8/24/2018,METHR - Methow River,8/24/2018,8/24/2018,1
3DD.003D284AFC,Mark,PRD - Priest Rapids Dam,8/24/2018,METHR - Methow River,8/24/2018,8/24/2018,1
3DD.003D284AFF,Mark,PRD - Priest Rapids Dam,8/24/2018,OMAKC - Omak Creek (tributary to Okanogan River),8/24/2018,8/24/2018,1
3DD.003D284B00,Mark,PRD - Priest Rapids Dam,8/24/2018,METHR - Methow River,8/24/2018,8/24/2018,1
3DD.003D284B01,Mark,PRD - Priest Rapids Dam,8/24/2018,METHR - Methow River,8/24/2018,8/24/2018,1
3DD.003D284B02,Mark,PRD - Priest Rapids Dam,8/24/2018,METHR - Methow River,8/24/2018,8/24/2018,1
3DD.003D284B03,Mark,PRD - Priest Rapids Dam,8/24/2018,METHR - Methow River,8/24/2018,8/24/2018,1
3DD.003D284B04,Mark,PRD - Priest Rapids Dam,8/24/2018,OMAKC - Omak Creek (tributary to Okanogan River),8/24/2018,8/24/2018,1
3DD.003D284B05,Mark,PRD - Priest Rapids Dam,8/24/2018,METHR - Methow River,8/24/2018,8/24/2018,1
3DD.003D284B07,Mark,PRD - Priest Rapids Dam,8/24/2018,OMAKC - Omak Creek (tributary to Okanogan River),8/24/2018,8/24/2018,1
3DD.003D284B09,Mark,PRD - Priest Rapids Dam,8/24/2018,METHR - Methow River,8/24/2018,8/24/2018,1
3DD.003D284B0A,Mark,PRD - Priest Rapids Dam,8/24/2018,METHR - Methow River,8/24/2018,8/24/2018,1
3DD.003D284B0B,Mark,PRD - Priest Rapids Dam,8/24/2018,OMAKC - Omak Creek (tributary to Okanogan River),8/24/2018,8/24/2018,1
3DD.003D284B0C,Mark,PRD - Priest Rapids Dam,8/24/2018,METHR - Methow River,8/24/2018,8/24/2018,1
3DD.003D284B0D,Mark,PRD - Priest Rapids Dam,8/24/2018,METHR - Methow River,8/24/2018,8/24/2018,1
3DD.003D284B0E,Mark,PRD - Priest Rapids Dam,8/24/2018,METHR - Methow River,8/24/2018,8/24/2018,1
3DD.003D284B0F,Mark,PRD - Priest Rapids Dam,8/24/2018,METHR - Methow River,8/24/2018,8/24/2018,1
3DD.003D284B10,Mark,PRD - Priest Rapids Dam,8/24/2018,OMAKC - Omak Creek (tributary to Okanogan River),8/24/2018,8/24/2018,1
3DD.003D284B11,Mark,PRD - Priest Rapids Dam,8/24/2018,METHR - Methow River,8/24/2018,8/24/2018,1
3DD.003D284B13,Mark,PRD - Priest Rapids Dam,8/24/2018,OMAKC - Omak Creek (tributary to Okanogan River),8/24/2018,8/24/2018,1
3DD.003D284B15,Mark,PRD - Priest Rapids Dam,8/24/2018,OMAKC - Omak Creek (tributary to Okanogan River),8/24/2018,8/24/2018,1
3DD.003D284B16,Mark,PRD - Priest Rapids Dam,8/24/2018,METHR - Methow River,8/24/2018,8/24/2018,1
3DD.003D284B17,Mark,PRD - Priest Rapids Dam,8/24/2018,METHR - Methow River,8/24/2018,8/24/2018,1
3DD.003D284B19,Mark,PRD - Priest Rapids Dam,8/24/2018,METHR - Methow River,8/24/2018,8/24/2018,1
3DD.003D284B1A,Mark,PRD - Priest Rapids Dam,8/24/2018,METHR - Methow River,8/24/2018,8/24/2018,1
3DD.003D284B1B,Mark,PRD - Priest Rapids Dam,8/24/2018,OMAKC - Omak Creek (tributary to Okanogan River),8/24/2018,8/24/2018,1
3DD.003D284B1C,Mark,PRD - Priest Rapids Dam,8/24/2018,METHR - Methow River,8/24/2018,8/24/2018,1
3DD.003D284B1D,Mark,PRD - Priest Rapids Dam,8/24/2018,METHR - Methow River,8/24/2018,8/24/2018,1
3DD.003D284B1E,Mark,PRD - Priest Rapids Dam,8/24/2018,METHR - Methow River,8/24/2018,8/24/2018,1
3DD.003D284B1F,Mark,PRD - Priest Rapids Dam,8/24/2018,METHR - Methow River,8/24/2018,8/24/2018,1
3DD.003D284B20,Mark,PRD - Priest Rapids Dam,8/24/2018,OMAKC - Omak Creek (tributary to Okanogan River),8/24/2018,8/24/2018,1
3DD.003D284B23,Mark,PRD - Priest Rapids Dam,8/24/2018,METHR - Methow River,8/24/2018,8/24/2018,1
3DD.003D284B24,Mark,PRD - Priest Rapids Dam,8/24/2018,METHR - Methow River,8/24/2018,8/24/2018,1
3DD.003D284B25,Mark,PRD - Priest Rapids Dam,8/24/2018,METHR - Methow River,8/24/2018,8/24/2018,1
3DD.003D284B27,Mark,PRD - Priest Rapids Dam,8/24/2018,METHR - Methow River,8/24/2018,8/24/2018,1
3DD.003D284B28,Mark,PRD - Priest Rapids Dam,8/24/2018,METHR - Methow River,8/24/2018,8/24/2018,1
3DD.003D284B29,Mark,PRD - Priest Rapids Dam,8/24/2018,METHR - Methow River,8/24/2018,8/24/2018,1
3DD.003D284B2A,Mark,PRD - Priest Rapids Dam,8/24/2018,METHR - Methow River,8/24/2018,8/24/2018,1
3DD.003D284B2B,Mark,PRD - Priest Rapids Dam,8/24/2018,METHR - Methow River,8/24/2018,8/24/2018,1
3DD.003D284B2C,Mark,PRD - Priest Rapids Dam,8/24/2018,METHR - Methow River,8/24/2018,8/24/2018,1
3DD.003D284B2D,Mark,PRD - Priest Rapids Dam,8/24/2018,METHR - Methow River,8/24/2018,8/24/2018,1
3DD.003D284B2E,Mark,PRD - Priest Rapids Dam,8/24/2018,METHR - Methow River,8/24/2018,8/24/2018,1
3DD.003D284B2F,Mark,PRD - Priest Rapids Dam,8/24/2018,METHR - Methow River,8/24/2018,8/24/2018,1
3DD.003D284B30,Mark,PRD - Priest Rapids Dam,8/24/2018,METHR - Methow River,8/24/2018,8/24/2018,1
3DD.003D284B31,Mark,PRD - Priest Rapids Dam,8/24/2018,METHR - Methow River,8/24/2018,8/24/2018,1
3DD.003D284B32,Mark,PRD - Priest Rapids Dam,8/24/2018,OMAKC - Omak Creek (tributary to Okanogan River),8/24/2018,8/24/2018,1
3DD.003D284B33,Mark,PRD - Priest Rapids Dam,8/24/2018,METHR - Methow River,8/24/2018,8/24/2018,1
3DD.003D284B34,Mark,PRD - Priest Rapids Dam,8/24/2018,OMAKC - Omak Creek (tributary to Okanogan River),8/24/2018,8/24/2018,1
3DD.003D284B36,Mark,PRD - Priest Rapids Dam,8/24/2018,METHR - Methow River,8/24/2018,8/24/2018,1
3DD.003D284B37,Mark,PRD - Priest Rapids Dam,8/24/2018,METHR - Methow River,8/24/2018,8/24/2018,1
3DD.003D284B38,Mark,PRD - Priest Rapids Dam,8/24/2018,METHR - Methow River,8/24/2018,8/24/2018,1
3DD.003D284B39,Mark,PRD - Priest Rapids Dam,8/24/2018,METHR - Methow River,8/24/2018,8/24/2018,1
3DD.003D284B3A,Mark,PRD - Priest Rapids Dam,8/24/2018,METHR - Methow River,8/24/2018,8/24/2018,1
3DD.003D284B3B,Mark,PRD - Priest Rapids Dam,8/24/2018,METHR - Methow River,8/24/2018,8/24/2018,1
3DD.003D284B3C,Mark,PRD - Priest Rapids Dam,8/24/2018,METHR - Methow River,8/24/2018,8/24/2018,1
3DD.003D284B3D,Mark,PRD - Priest Rapids Dam,8/24/2018,METHR - Methow River,8/24/2018,8/24/2018,1
3DD.003D284B3E,Mark,PRD - Priest Rapids Dam,8/24/2018,METHR - Methow River,8/24/2018,8/24/2018,1
3DD.003D284B3F,Mark,PRD - Priest Rapids Dam,8/24/2018,METHR - Methow River,8/24/2018,8/24/2018,1
3DD.003D284B40,Mark,PRD - Priest Rapids Dam,8/24/2018,METHR - Methow River,8/24/2018,8/24/2018,1
3DD.003D284B42,Mark,PRD - Priest Rapids Dam,8/24/2018,METHR - Methow River,8/24/2018,8/24/2018,1
3DD.003D284B43,Mark,PRD - Priest Rapids Dam,8/24/2018,METHR - Methow River,8/24/2018,8/24/2018,1
3DD.003D284B44,Mark,PRD - Priest Rapids Dam,8/24/2018,METHR - Methow River,8/24/2018,8/24/2018,1
3DD.003D284B45,Mark,PRD - Priest Rapids Dam,8/24/2018,METHR - Methow River,8/24/2018,8/24/2018,1
3DD.003D284B46,Mark,PRD - Priest Rapids Dam,8/24/2018,OMAKC - Omak Creek (tributary to Okanogan River),8/24/2018,8/24/2018,1
3DD.003D284B47,Mark,PRD - Priest Rapids Dam,8/24/2018,METHR - Methow River,8/24/2018,8/24/2018,1
3DD.003D284B48,Mark,PRD - Priest Rapids Dam,8/24/2018,METHR - Methow River,8/24/2018,8/24/2018,1
3DD.003D284B49,Mark,PRD - Priest Rapids Dam,8/24/2018,METHR - Methow River,8/24/2018,8/24/2018,1
3DD.003D284B4A,Mark,PRD - Priest Rapids Dam,8/24/2018,METHR - Methow River,8/24/2018,8/24/2018,1
3DD.003D284B4B,Mark,PRD - Priest Rapids Dam,8/24/2018,METHR - Methow River,8/24/2018,8/24/2018,1
3DD.003D284B4C,Mark,PRD - Priest Rapids Dam,8/24/2018,METHR - Methow River,8/24/2018,8/24/2018,1
3DD.003D284B4D,Mark,PRD - Priest Rapids Dam,8/24/2018,METHR - Methow River,8/24/2018,8/24/2018,1
3DD.003D284B4E,Mark,PRD - Priest Rapids Dam,8/24/2018,METHR - Methow River,8/24/2018,8/24/2018,1
3DD.003D284B4F,Mark,PRD - Priest Rapids Dam,8/24/2018,METHR - Methow River,8/24/2018,8/24/2018,1
3DD.003D284B50,Mark,PRD - Priest Rapids Dam,8/24/2018,METHR - Methow River,8/24/2018,8/24/2018,1
3DD.003D284B51,Mark,PRD - Priest Rapids Dam,8/24/2018,METHR - Methow River,8/24/2018,8/24/2018,1
3DD.003D284B52,Mark,PRD - Priest Rapids Dam,8/24/2018,METHR - Methow River,8/24/2018,8/24/2018,1
3DD.003D284B53,Mark,PRD - Priest Rapids Dam,8/24/2018,METHR - Methow River,8/24/2018,8/24/2018,1
3DD.003D284B54,Mark,PRD - Priest Rapids Dam,8/24/2018,METHR - Methow River,8/24/2018,8/24/2018,1
3DD.003D284B55,Mark,PRD - Priest Rapids Dam,8/17/2018,METHR - Methow River,8/17/2018,8/17/2018,1
3DD.003D284B56,Mark,PRD - Priest Rapids Dam,8/17/2018,METHR - Methow River,8/17/2018,8/17/2018,1
3DD.003D284B57,Mark,PRD - Priest Rapids Dam,8/17/2018,METHR - Methow River,8/17/2018,8/17/2018,1
3DD.003D284B58,Mark,PRD - Priest Rapids Dam,8/17/2018,METHR - Methow River,8/17/2018,8/17/2018,1
3DD.003D284B59,Mark,PRD - Priest Rapids Dam,8/17/2018,METHR - Methow River,8/17/2018,8/17/2018,1
3DD.003D284B5A,Mark,PRD - Priest Rapids Dam,8/17/2018,METHR - Methow River,8/17/2018,8/17/2018,1
3DD.003D284B5B,Mark,PRD - Priest Rapids Dam,8/17/2018,METHR - Methow River,8/17/2018,8/17/2018,1
3DD.003D284B5C,Mark,PRD - Priest Rapids Dam,8/17/2018,METHR - Methow River,8/17/2018,8/17/2018,1
3DD.003D284B5D,Mark,PRD - Priest Rapids Dam,8/17/2018,METHR - Methow River,8/17/2018,8/17/2018,1
3DD.003D284B5E,Mark,PRD - Priest Rapids Dam,8/17/2018,METHR - Methow River,8/17/2018,8/17/2018,1
3DD.003D284B5F,Mark,PRD - Priest Rapids Dam,8/17/2018,METHR - Methow River,8/17/2018,8/17/2018,1
3DD.003D284B60,Mark,PRD - Priest Rapids Dam,8/17/2018,METHR - Methow River,8/17/2018,8/17/2018,1
3DD.003D284B61,Mark,PRD - Priest Rapids Dam,8/17/2018,METHR - Methow River,8/17/2018,8/17/2018,1
3DD.003D284B62,Mark,PRD - Priest Rapids Dam,8/17/2018,METHR - Methow River,8/17/2018,8/17/2018,1
3DD.003D284B63,Mark,PRD - Priest Rapids Dam,8/17/2018,METHR - Methow River,8/17/2018,8/17/2018,1
3DD.003D284B64,Mark,PRD - Priest Rapids Dam,8/17/2018,METHR - Methow River,8/17/2018,8/17/2018,1
3DD.003D284B65,Mark,PRD - Priest Rapids Dam,8/17/2018,METHR - Methow River,8/17/2018,8/17/2018,1
3DD.003D284B66,Mark,PRD - Priest Rapids Dam,8/17/2018,METHR - Methow River,8/17/2018,8/17/2018,1
3DD.003D284B67,Mark,PRD - Priest Rapids Dam,8/17/2018,METHR - Methow River,8/17/2018,8/17/2018,1
3DD.003D284B68,Mark,PRD - Priest Rapids Dam,8/17/2018,METHR - Methow River,8/17/2018,8/17/2018,1
3DD.003D284B69,Mark,PRD - Priest Rapids Dam,8/17/2018,METHR - Methow River,8/17/2018,8/17/2018,1
3DD.003D284B6A,Mark,PRD - Priest Rapids Dam,8/17/2018,METHR - Methow River,8/17/2018,8/17/2018,1
3DD.003D284B6B,Mark,PRD - Priest Rapids Dam,8/17/2018,METHR - Methow River,8/17/2018,8/17/2018,1
3DD.003D284B6C,Mark,PRD - Priest Rapids Dam,8/17/2018,METHR - Methow River,8/17/2018,8/17/2018,1
3DD.003D284B6D,Mark,PRD - Priest Rapids Dam,8/17/2018,METHR - Methow River,8/17/2018,8/17/2018,1
3DD.003D284B6E,Mark,PRD - Priest Rapids Dam,8/17/2018,METHR - Methow River,8/17/2018,8/17/2018,1
3DD.003D284B6F,Mark,PRD - Priest Rapids Dam,8/17/2018,METHR - Methow River,8/17/2018,8/17/2018,1
3DD.003D284B70,Mark,PRD - Priest Rapids Dam,8/17/2018,METHR - Methow River,8/17/2018,8/17/2018,1
3DD.003D284B71,Mark,PRD - Priest Rapids Dam,8/17/2018,METHR - Methow River,8/17/2018,8/17/2018,1
3DD.003D284B72,Mark,PRD - Priest Rapids Dam,8/17/2018,METHR - Methow River,8/17/2018,8/17/2018,1
3DD.003D284B73,Mark,PRD - Priest Rapids Dam,8/17/2018,METHR - Methow River,8/17/2018,8/17/2018,1
3DD.003D284B74,Mark,PRD - Priest Rapids Dam,8/17/2018,METHR - Methow River,8/17/2018,8/17/2018,1
3DD.003D284B75,Mark,PRD - Priest Rapids Dam,8/17/2018,METHR - Methow River,8/17/2018,8/17/2018,1
3DD.003D284B76,Mark,PRD - Priest Rapids Dam,8/24/2018,SALMOC - Salmon Creek (tributary to Okanogan River),8/24/2018,8/24/2018,1
3DD.003D284B77,Mark,PRD - Priest Rapids Dam,8/17/2018,METHR - Methow River,8/17/2018,8/17/2018,1
3DD.003D284B78,Mark,PRD - Priest Rapids Dam,8/24/2018,SALMOC - Salmon Creek (tributary to Okanogan River),8/24/2018,8/24/2018,1
3DD.003D284B79,Mark,PRD - Priest Rapids Dam,8/17/2018,METHR - Methow River,8/17/2018,8/17/2018,1
3DD.003D284B7A,Mark,PRD - Priest Rapids Dam,8/24/2018,SALMOC - Salmon Creek (tributary to Okanogan River),8/24/2018,8/24/2018,1
3DD.003D284B7B,Mark,PRD - Priest Rapids Dam,8/17/2018,METHR - Methow River,8/17/2018,8/17/2018,1
3DD.003D284B7C,Mark,PRD - Priest Rapids Dam,8/17/2018,METHR - Methow River,8/17/2018,8/17/2018,1
3DD.003D284B7D,Mark,PRD - Priest Rapids Dam,8/17/2018,METHR - Methow River,8/17/2018,8/17/2018,1
3DD.003D284B7E,Mark,PRD - Priest Rapids Dam,8/17/2018,METHR - Methow River,8/17/2018,8/17/2018,1
3DD.003D284B7F,Mark,PRD - Priest Rapids Dam,8/24/2018,SALMOC - Salmon Creek (tributary to Okanogan River),8/24/2018,8/24/2018,1
3DD.003D284B80,Mark,PRD - Priest Rapids Dam,8/17/2018,METHR - Methow River,8/17/2018,8/17/2018,1
3DD.003D284B81,Mark,PRD - Priest Rapids Dam,8/24/2018,SALMOC - Salmon Creek (tributary to Okanogan River),8/24/2018,8/24/2018,1
3DD.003D284B82,Mark,PRD - Priest Rapids Dam,8/17/2018,METHR - Methow River,8/17/2018,8/17/2018,1
3DD.003D284B83,Mark,PRD - Priest Rapids Dam,8/17/2018,METHR - Methow River,8/17/2018,8/17/2018,1
3DD.003D284B84,Mark,PRD - Priest Rapids Dam,8/17/2018,METHR - Methow River,8/17/2018,8/17/2018,1
3DD.003D284B85,Mark,PRD - Priest Rapids Dam,8/24/2018,SALMOC - Salmon Creek (tributary to Okanogan River),8/24/2018,8/24/2018,1
3DD.003D284B86,Mark,PRD - Priest Rapids Dam,8/17/2018,METHR - Methow River,8/17/2018,8/17/2018,1
3DD.003D284B87,Mark,PRD - Priest Rapids Dam,8/17/2018,METHR - Methow River,8/17/2018,8/17/2018,1
3DD.003D284B88,Mark,PRD - Priest Rapids Dam,8/24/2018,SALMOC - Salmon Creek (tributary to Okanogan River),8/24/2018,8/24/2018,1
3DD.003D284B89,Mark,PRD - Priest Rapids Dam,8/17/2018,METHR - Methow River,8/17/2018,8/17/2018,1
3DD.003D284B8A,Mark,PRD - Priest Rapids Dam,8/17/2018,METHR - Methow River,8/17/2018,8/17/2018,1
3DD.003D284B8B,Mark,PRD - Priest Rapids Dam,8/17/2018,METHR - Methow River,8/17/2018,8/17/2018,1
3DD.003D284B8D,Mark,PRD - Priest Rapids Dam,8/17/2018,METHR - Methow River,8/17/2018,8/17/2018,1
3DD.003D284B8E,Mark,PRD - Priest Rapids Dam,8/17/2018,METHR - Methow River,8/17/2018,8/17/2018,1
3DD.003D284B8F,Mark,PRD - Priest Rapids Dam,8/17/2018,METHR - Methow River,8/17/2018,8/17/2018,1
3DD.003D284B90,Mark,PRD - Priest Rapids Dam,8/24/2018,SALMOC - Salmon Creek (tributary to Okanogan River),8/24/2018,8/24/2018,1
3DD.003D284B91,Mark,PRD - Priest Rapids Dam,8/24/2018,SALMOC - Salmon Creek (tributary to Okanogan River),8/24/2018,8/24/2018,1
3DD.003D284B92,Mark,PRD - Priest Rapids Dam,8/24/2018,SALMOC - Salmon Creek (tributary to Okanogan River),8/24/2018,8/24/2018,1
3DD.003D284B93,Mark,PRD - Priest Rapids Dam,8/17/2018,METHR - Methow River,8/17/2018,8/17/2018,1
3DD.003D284B94,Mark,PRD - Priest Rapids Dam,8/17/2018,METHR - Methow River,8/17/2018,8/17/2018,1
3DD.003D284B95,Mark,PRD - Priest Rapids Dam,8/24/2018,SALMOC - Salmon Creek (tributary to Okanogan River),8/24/2018,8/24/2018,1
3DD.003D284B96,Mark,PRD - Priest Rapids Dam,8/17/2018,METHR - Methow River,8/17/2018,8/17/2018,1
3DD.003D284B97,Mark,PRD - Priest Rapids Dam,8/17/2018,METHR - Methow River,8/17/2018,8/17/2018,1
3DD.003D284B98,Mark,PRD - Priest Rapids Dam,8/24/2018,SALMOC - Salmon Creek (tributary to Okanogan River),8/24/2018,8/24/2018,1
3DD.003D284B99,Mark,PRD - Priest Rapids Dam,8/17/2018,METHR - Methow River,8/17/2018,8/17/2018,1
3DD.003D284B9A,Mark,PRD - Priest Rapids Dam,8/17/2018,METHR - Methow River,8/17/2018,8/17/2018,1
3DD.003D284B9B,Mark,PRD - Priest Rapids Dam,8/17/2018,METHR - Methow River,8/17/2018,8/17/2018,1
3DD.003D284B9D,Mark,PRD - Priest Rapids Dam,8/17/2018,METHR - Methow River,8/17/2018,8/17/2018,1
3DD.003D284B9E,Mark,PRD - Priest Rapids Dam,8/17/2018,METHR - Methow River,8/17/2018,8/17/2018,1
3DD.003D284B9F,Mark,PRD - Priest Rapids Dam,8/17/2018,METHR - Methow River,8/17/2018,8/17/2018,1
3DD.003D284BA0,Mark,PRD - Priest Rapids Dam,8/17/2018,METHR - Methow River,8/17/2018,8/17/2018,1
3DD.003D284BA1,Mark,PRD - Priest Rapids Dam,8/17/2018,METHR - Methow River,8/17/2018,8/17/2018,1
3DD.003D284BA2,Mark,PRD - Priest Rapids Dam,8/17/2018,METHR - Methow River,8/17/2018,8/17/2018,1
3DD.003D284BA3,Mark,PRD - Priest Rapids Dam,8/17/2018,METHR - Methow River,8/17/2018,8/17/2018,1
3DD.003D284BA4,Mark,PRD - Priest Rapids Dam,8/17/2018,METHR - Methow River,8/17/2018,8/17/2018,1
3DD.003D284BA5,Mark,PRD - Priest Rapids Dam,8/24/2018,SALMOC - Salmon Creek (tributary to Okanogan River),8/24/2018,8/24/2018,1
3DD.003D284BA6,Mark,PRD - Priest Rapids Dam,8/17/2018,METHR - Methow River,8/17/2018,8/17/2018,1
3DD.003D284BA7,Mark,PRD - Priest Rapids Dam,8/17/2018,METHR - Methow River,8/17/2018,8/17/2018,1
3DD.003D284BA8,Mark,PRD - Priest Rapids Dam,8/17/2018,METHR - Methow River,8/17/2018,8/17/2018,1
3DD.003D284BA9,Mark,PRD - Priest Rapids Dam,8/17/2018,METHR - Methow River,8/17/2018,8/17/2018,1
3DD.003D284BAA,Mark,PRD - Priest Rapids Dam,8/17/2018,METHR - Methow River,8/17/2018,8/17/2018,1
3DD.003D284BAB,Mark,PRD - Priest Rapids Dam,8/17/2018,METHR - Methow River,8/17/2018,8/17/2018,1
3DD.003D284BAC,Mark,PRD - Priest Rapids Dam,8/17/2018,METHR - Methow River,8/17/2018,8/17/2018,1
3DD.003D284BAD,Mark,PRD - Priest Rapids Dam,8/17/2018,METHR - Methow River,8/17/2018,8/17/2018,1
3DD.003D284BAE,Mark,PRD - Priest Rapids Dam,8/17/2018,METHR - Methow River,8/17/2018,8/17/2018,1
3DD.003D284BAF,Mark,PRD - Priest Rapids Dam,8/17/2018,METHR - Methow River,8/17/2018,8/17/2018,1
3DD.003D284BB0,Mark,PRD - Priest Rapids Dam,8/24/2018,SALMOC - Salmon Creek (tributary to Okanogan River),8/24/2018,8/24/2018,1
3DD.003D284BB1,Mark,PRD - Priest Rapids Dam,8/17/2018,METHR - Methow River,8/17/2018,8/17/2018,1
3DD.003D284BB2,Mark,PRD - Priest Rapids Dam,8/17/2018,METHR - Methow River,8/17/2018,8/17/2018,1
3DD.003D284BB3,Mark,PRD - Priest Rapids Dam,8/17/2018,METHR - Methow River,8/17/2018,8/17/2018,1
3DD.003D284BB4,Mark,PRD - Priest Rapids Dam,8/17/2018,METHR - Methow River,8/17/2018,8/17/2018,1
3DD.003D284BB5,Mark,PRD - Priest Rapids Dam,8/24/2018,SALMOC - Salmon Creek (tributary to Okanogan River),8/24/2018,8/24/2018,1
3DD.003D284BB6,Mark,PRD - Priest Rapids Dam,8/17/2018,METHR - Methow River,8/17/2018,8/17/2018,1
3DD.003D284BB7,Mark,PRD - Priest Rapids Dam,8/17/2018,METHR - Methow River,8/17/2018,8/17/2018,1
3DD.003D284BB8,Mark,PRD - Priest Rapids Dam,8/24/2018,SALMOC - Salmon Creek (tributary to Okanogan River),8/24/2018,8/24/2018,1
3DD.003D28A14A,Mark,WELH - Wells Hatchery,8/9/2019,"COLR8 - Columbia River - Chelan Falls, WA to Grand Coulee Dam (km 809-960)",8/9/2019,8/9/2019,1
3DD.003D28A14B,Mark,WELH - Wells Hatchery,8/9/2019,"COLR8 - Columbia River - Chelan Falls, WA to Grand Coulee Dam (km 809-960)",8/9/2019,8/9/2019,1
3DD.003D28A14C,Mark,WELH - Wells Hatchery,8/23/2019,SALMOC - Salmon Creek (tributary to Okanogan River),8/23/2019,8/23/2019,1
3DD.003D28A14D,Mark,WELH - Wells Hatchery,8/16/2019,"COLR8 - Columbia River - Chelan Falls, WA to Grand Coulee Dam (km 809-960)",8/16/2019,8/16/2019,1
3DD.003D28A14E,Mark,WELH - Wells Hatchery,8/16/2019,"COLR8 - Columbia River - Chelan Falls, WA to Grand Coulee Dam (km 809-960)",8/16/2019,8/16/2019,1
3DD.003D28A14F,Mark,WELH - Wells Hatchery,8/16/2019,"COLR8 - Columbia River - Chelan Falls, WA to Grand Coulee Dam (km 809-960)",8/16/2019,8/16/2019,1
3DD.003D28A150,Mark,WELH - Wells Hatchery,8/9/2019,"COLR8 - Columbia River - Chelan Falls, WA to Grand Coulee Dam (km 809-960)",8/9/2019,8/9/2019,1
3DD.003D28A151,Mark,WELH - Wells Hatchery,8/16/2019,"COLR8 - Columbia River - Chelan Falls, WA to Grand Coulee Dam (km 809-960)",8/16/2019,8/16/2019,1
3DD.003D28A152,Mark,WELH - Wells Hatchery,8/16/2019,"COLR8 - Columbia River - Chelan Falls, WA to Grand Coulee Dam (km 809-960)",8/16/2019,8/16/2019,1
3DD.003D28A153,Mark,WELH - Wells Hatchery,8/16/2019,"COLR8 - Columbia River - Chelan Falls, WA to Grand Coulee Dam (km 809-960)",8/16/2019,8/16/2019,1
3DD.003D28A154,Mark,WELH - Wells Hatchery,8/16/2019,"COLR8 - Columbia River - Chelan Falls, WA to Grand Coulee Dam (km 809-960)",8/16/2019,8/16/2019,1
3DD.003D28A155,Mark,WELH - Wells Hatchery,8/16/2019,"COLR8 - Columbia River - Chelan Falls, WA to Grand Coulee Dam (km 809-960)",8/16/2019,8/16/2019,1
3DD.003D28A156,Mark,WELH - Wells Hatchery,8/16/2019,"COLR8 - Columbia River - Chelan Falls, WA to Grand Coulee Dam (km 809-960)",8/16/2019,8/16/2019,1
3DD.003D28A157,Mark,WELH - Wells Hatchery,8/16/2019,"COLR8 - Columbia River - Chelan Falls, WA to Grand Coulee Dam (km 809-960)",8/16/2019,8/16/2019,1
3DD.003D28A158,Mark,WELH - Wells Hatchery,8/16/2019,"COLR8 - Columbia River - Chelan Falls, WA to Grand Coulee Dam (km 809-960)",8/16/2019,8/16/2019,1
3DD.003D28A159,Mark,WELH - Wells Hatchery,8/9/2019,"COLR8 - Columbia River - Chelan Falls, WA to Grand Coulee Dam (km 809-960)",8/9/2019,8/9/2019,1
3DD.003D28A15A,Mark,WELH - Wells Hatchery,8/9/2019,"COLR8 - Columbia River - Chelan Falls, WA to Grand Coulee Dam (km 809-960)",8/9/2019,8/9/2019,1
3DD.003D28A15B,Mark,WELH - Wells Hatchery,8/16/2019,"COLR8 - Columbia River - Chelan Falls, WA to Grand Coulee Dam (km 809-960)",8/16/2019,8/16/2019,1
3DD.003D28A15C,Mark,WELH - Wells Hatchery,8/9/2019,"COLR8 - Columbia River - Chelan Falls, WA to Grand Coulee Dam (km 809-960)",8/9/2019,8/9/2019,1
3DD.003D28A15D,Mark,WELH - Wells Hatchery,8/16/2019,"COLR8 - Columbia River - Chelan Falls, WA to Grand Coulee Dam (km 809-960)",8/16/2019,8/16/2019,1
3DD.003D28A15E,Mark,WELH - Wells Hatchery,8/23/2019,SALMOC - Salmon Creek (tributary to Okanogan River),8/23/2019,8/23/2019,1
3DD.003D28A15F,Mark,WELH - Wells Hatchery,8/16/2019,"COLR8 - Columbia River - Chelan Falls, WA to Grand Coulee Dam (km 809-960)",8/16/2019,8/16/2019,1
3DD.003D28A160,Mark,WELH - Wells Hatchery,8/23/2019,SALMOC - Salmon Creek (tributary to Okanogan River),8/23/2019,8/23/2019,1
3DD.003D28A161,Mark,WELH - Wells Hatchery,8/16/2019,"COLR8 - Columbia River - Chelan Falls, WA to Grand Coulee Dam (km 809-960)",8/16/2019,8/16/2019,1
3DD.003D28A162,Mark,WELH - Wells Hatchery,8/16/2019,"COLR8 - Columbia River - Chelan Falls, WA to Grand Coulee Dam (km 809-960)",8/16/2019,8/16/2019,1
3DD.003D28A163,Mark,WELH - Wells Hatchery,8/23/2019,SALMOC - Salmon Creek (tributary to Okanogan River),8/23/2019,8/23/2019,1
3DD.003D28A164,Mark,WELH - Wells Hatchery,8/16/2019,"COLR8 - Columbia River - Chelan Falls, WA to Grand Coulee Dam (km 809-960)",8/16/2019,8/16/2019,1
3DD.003D28A165,Mark,WELH - Wells Hatchery,8/23/2019,SALMOC - Salmon Creek (tributary to Okanogan River),8/23/2019,8/23/2019,1
3DD.003D28A166,Mark,WELH - Wells Hatchery,8/16/2019,"COLR8 - Columbia River - Chelan Falls, WA to Grand Coulee Dam (km 809-960)",8/16/2019,8/16/2019,1
3DD.003D28A167,Mark,WELH - Wells Hatchery,8/16/2019,"COLR8 - Columbia River - Chelan Falls, WA to Grand Coulee Dam (km 809-960)",8/16/2019,8/16/2019,1
3DD.003D28A168,Mark,WELH - Wells Hatchery,8/16/2019,"COLR8 - Columbia River - Chelan Falls, WA to Grand Coulee Dam (km 809-960)",8/16/2019,8/16/2019,1
3DD.003D28A169,Mark,WELH - Wells Hatchery,8/16/2019,"COLR8 - Columbia River - Chelan Falls, WA to Grand Coulee Dam (km 809-960)",8/16/2019,8/16/2019,1
3DD.003D28A16A,Mark,WELH - Wells Hatchery,8/16/2019,"COLR8 - Columbia River - Chelan Falls, WA to Grand Coulee Dam (km 809-960)",8/16/2019,8/16/2019,1
3DD.003D28A16B,Mark,WELH - Wells Hatchery,8/16/2019,"COLR8 - Columbia River - Chelan Falls, WA to Grand Coulee Dam (km 809-960)",8/16/2019,8/16/2019,1
3DD.003D28A16D,Mark,WELH - Wells Hatchery,8/9/2019,"COLR8 - Columbia River - Chelan Falls, WA to Grand Coulee Dam (km 809-960)",8/9/2019,8/9/2019,1
3DD.003D28A16E,Mark,WELH - Wells Hatchery,8/9/2019,"COLR8 - Columbia River - Chelan Falls, WA to Grand Coulee Dam (km 809-960)",8/9/2019,8/9/2019,1
3DD.003D28A16F,Mark,WELH - Wells Hatchery,8/16/2019,"COLR8 - Columbia River - Chelan Falls, WA to Grand Coulee Dam (km 809-960)",8/16/2019,8/16/2019,1
3DD.003D28A170,Mark,WELH - Wells Hatchery,8/16/2019,"COLR8 - Columbia River - Chelan Falls, WA to Grand Coulee Dam (km 809-960)",8/16/2019,8/16/2019,1
3DD.003D28A171,Mark,WELH - Wells Hatchery,8/16/2019,"COLR8 - Columbia River - Chelan Falls, WA to Grand Coulee Dam (km 809-960)",8/16/2019,8/16/2019,1
3DD.003D28A172,Mark,WELH - Wells Hatchery,8/16/2019,"COLR8 - Columbia River - Chelan Falls, WA to Grand Coulee Dam (km 809-960)",8/16/2019,8/16/2019,1
3DD.003D28A173,Mark,WELH - Wells Hatchery,8/16/2019,"COLR8 - Columbia River - Chelan Falls, WA to Grand Coulee Dam (km 809-960)",8/16/2019,8/16/2019,1
3DD.003D28A174,Mark,WELH - Wells Hatchery,8/16/2019,"COLR8 - Columbia River - Chelan Falls, WA to Grand Coulee Dam (km 809-960)",8/16/2019,8/16/2019,1
3DD.003D28A175,Mark,WELH - Wells Hatchery,8/16/2019,"COLR8 - Columbia River - Chelan Falls, WA to Grand Coulee Dam (km 809-960)",8/16/2019,8/16/2019,1
3DD.003D28A176,Mark,WELH - Wells Hatchery,8/16/2019,"COLR8 - Columbia River - Chelan Falls, WA to Grand Coulee Dam (km 809-960)",8/16/2019,8/16/2019,1
3DD.003D28A177,Mark,WELH - Wells Hatchery,8/23/2019,SALMOC - Salmon Creek (tributary to Okanogan River),8/23/2019,8/23/2019,1
3DD.003D28A178,Mark,WELH - Wells Hatchery,8/16/2019,"COLR8 - Columbia River - Chelan Falls, WA to Grand Coulee Dam (km 809-960)",8/16/2019,8/16/2019,1
3DD.003D28A179,Mark,WELH - Wells Hatchery,8/16/2019,"COLR8 - Columbia River - Chelan Falls, WA to Grand Coulee Dam (km 809-960)",8/16/2019,8/16/2019,1
3DD.003D28A17A,Mark,WELH - Wells Hatchery,8/16/2019,"COLR8 - Columbia River - Chelan Falls, WA to Grand Coulee Dam (km 809-960)",8/16/2019,8/16/2019,1
3DD.003D28A17B,Mark,WELH - Wells Hatchery,8/16/2019,"COLR8 - Columbia River - Chelan Falls, WA to Grand Coulee Dam (km 809-960)",8/16/2019,8/16/2019,1
3DD.003D28A17C,Mark,WELH - Wells Hatchery,8/16/2019,"COLR8 - Columbia River - Chelan Falls, WA to Grand Coulee Dam (km 809-960)",8/16/2019,8/16/2019,1
3DD.003D28A17D,Mark,WELH - Wells Hatchery,8/16/2019,"COLR8 - Columbia River - Chelan Falls, WA to Grand Coulee Dam (km 809-960)",8/16/2019,8/16/2019,1
3DD.003D28A17E,Mark,WELH - Wells Hatchery,8/9/2019,"COLR8 - Columbia River - Chelan Falls, WA to Grand Coulee Dam (km 809-960)",8/9/2019,8/9/2019,1
3DD.003D28A17F,Mark,WELH - Wells Hatchery,8/9/2019,"COLR8 - Columbia River - Chelan Falls, WA to Grand Coulee Dam (km 809-960)",8/9/2019,8/9/2019,1
3DD.003D28A181,Mark,WELH - Wells Hatchery,8/16/2019,"COLR8 - Columbia River - Chelan Falls, WA to Grand Coulee Dam (km 809-960)",8/16/2019,8/16/2019,1
3DD.003D28A182,Mark,WELH - Wells Hatchery,8/16/2019,"COLR8 - Columbia River - Chelan Falls, WA to Grand Coulee Dam (km 809-960)",8/16/2019,8/16/2019,1
3DD.003D28A183,Mark,WELH - Wells Hatchery,8/9/2019,"COLR8 - Columbia River - Chelan Falls, WA to Grand Coulee Dam (km 809-960)",8/9/2019,8/9/2019,1
3DD.003D28A184,Mark,WELH - Wells Hatchery,8/16/2019,"COLR8 - Columbia River - Chelan Falls, WA to Grand Coulee Dam (km 809-960)",8/16/2019,8/16/2019,1
3DD.003D28A185,Mark,WELH - Wells Hatchery,8/9/2019,"COLR8 - Columbia River - Chelan Falls, WA to Grand Coulee Dam (km 809-960)",8/9/2019,8/9/2019,1
3DD.003D28A186,Mark,WELH - Wells Hatchery,8/23/2019,SALMOC - Salmon Creek (tributary to Okanogan River),8/23/2019,8/23/2019,1
3DD.003D28A187,Mark,WELH - Wells Hatchery,8/9/2019,"COLR8 - Columbia River - Chelan Falls, WA to Grand Coulee Dam (km 809-960)",8/9/2019,8/9/2019,1
3DD.003D28A188,Mark,WELH - Wells Hatchery,8/9/2019,"COLR8 - Columbia River - Chelan Falls, WA to Grand Coulee Dam (km 809-960)",8/9/2019,8/9/2019,1
3DD.003D28A189,Mark,WELH - Wells Hatchery,8/9/2019,"COLR8 - Columbia River - Chelan Falls, WA to Grand Coulee Dam (km 809-960)",8/9/2019,8/9/2019,1
3DD.003D28A18A,Mark,WELH - Wells Hatchery,8/9/2019,"COLR8 - Columbia River - Chelan Falls, WA to Grand Coulee Dam (km 809-960)",8/9/2019,8/9/2019,1
3DD.003D28A18B,Mark,WELH - Wells Hatchery,8/9/2019,"COLR8 - Columbia River - Chelan Falls, WA to Grand Coulee Dam (km 809-960)",8/9/2019,8/9/2019,1
3DD.003D28A18C,Mark,WELH - Wells Hatchery,8/16/2019,"COLR8 - Columbia River - Chelan Falls, WA to Grand Coulee Dam (km 809-960)",8/16/2019,8/16/2019,1
3DD.003D28A18D,Mark,WELH - Wells Hatchery,8/16/2019,"COLR8 - Columbia River - Chelan Falls, WA to Grand Coulee Dam (km 809-960)",8/16/2019,8/16/2019,1
3DD.003D28A18E,Mark,WELH - Wells Hatchery,8/16/2019,"COLR8 - Columbia River - Chelan Falls, WA to Grand Coulee Dam (km 809-960)",8/16/2019,8/16/2019,1
3DD.003D28A18F,Mark,WELH - Wells Hatchery,8/16/2019,"COLR8 - Columbia River - Chelan Falls, WA to Grand Coulee Dam (km 809-960)",8/16/2019,8/16/2019,1
3DD.003D28A190,Mark,WELH - Wells Hatchery,8/23/2019,SALMOC - Salmon Creek (tributary to Okanogan River),8/23/2019,8/23/2019,1
3DD.003D28A191,Mark,WELH - Wells Hatchery,8/16/2019,"COLR8 - Columbia River - Chelan Falls, WA to Grand Coulee Dam (km 809-960)",8/16/2019,8/16/2019,1
3DD.003D28A192,Mark,WELH - Wells Hatchery,8/16/2019,"COLR8 - Columbia River - Chelan Falls, WA to Grand Coulee Dam (km 809-960)",8/16/2019,8/16/2019,1
3DD.003D28A193,Mark,WELH - Wells Hatchery,8/9/2019,"COLR8 - Columbia River - Chelan Falls, WA to Grand Coulee Dam (km 809-960)",8/9/2019,8/9/2019,1
3DD.003D28A194,Mark,WELH - Wells Hatchery,8/9/2019,"COLR8 - Columbia River - Chelan Falls, WA to Grand Coulee Dam (km 809-960)",8/9/2019,8/9/2019,1
3DD.003D28A195,Mark,WELH - Wells Hatchery,8/16/2019,"COLR8 - Columbia River - Chelan Falls, WA to Grand Coulee Dam (km 809-960)",8/16/2019,8/16/2019,1
3DD.003D28A196,Mark,WELH - Wells Hatchery,8/16/2019,"COLR8 - Columbia River - Chelan Falls, WA to Grand Coulee Dam (km 809-960)",8/16/2019,8/16/2019,1
3DD.003D28A197,Mark,WELH - Wells Hatchery,8/16/2019,"COLR8 - Columbia River - Chelan Falls, WA to Grand Coulee Dam (km 809-960)",8/16/2019,8/16/2019,1
3DD.003D28A198,Mark,WELH - Wells Hatchery,8/16/2019,"COLR8 - Columbia River - Chelan Falls, WA to Grand Coulee Dam (km 809-960)",8/16/2019,8/16/2019,1
3DD.003D28A199,Mark,WELH - Wells Hatchery,8/16/2019,"COLR8 - Columbia River - Chelan Falls, WA to Grand Coulee Dam (km 809-960)",8/16/2019,8/16/2019,1
3DD.003D28A19A,Mark,WELH - Wells Hatchery,8/9/2019,"COLR8 - Columbia River - Chelan Falls, WA to Grand Coulee Dam (km 809-960)",8/9/2019,8/9/2019,1
3DD.003D28A19B,Mark,WELH - Wells Hatchery,8/16/2019,"COLR8 - Columbia River - Chelan Falls, WA to Grand Coulee Dam (km 809-960)",8/16/2019,8/16/2019,1
3DD.003D28A19C,Mark,WELH - Wells Hatchery,8/23/2019,SALMOC - Salmon Creek (tributary to Okanogan River),8/23/2019,8/23/2019,1
3DD.003D28A19D,Mark,WELH - Wells Hatchery,8/16/2019,"COLR8 - Columbia River - Chelan Falls, WA to Grand Coulee Dam (km 809-960)",8/16/2019,8/16/2019,1
3DD.003D28A19E,Mark,WELH - Wells Hatchery,8/16/2019,"COLR8 - Columbia River - Chelan Falls, WA to Grand Coulee Dam (km 809-960)",8/16/2019,8/16/2019,1
3DD.003D28A19F,Mark,WELH - Wells Hatchery,8/9/2019,"COLR8 - Columbia River - Chelan Falls, WA to Grand Coulee Dam (km 809-960)",8/9/2019,8/9/2019,1
3DD.003D28A1A0,Mark,WELH - Wells Hatchery,8/16/2019,"COLR8 - Columbia River - Chelan Falls, WA to Grand Coulee Dam (km 809-960)",8/16/2019,8/16/2019,1
3DD.003D28A1A1,Mark,WELH - Wells Hatchery,8/16/2019,"COLR8 - Columbia River - Chelan Falls, WA to Grand Coulee Dam (km 809-960)",8/16/2019,8/16/2019,1
3DD.003D28A1A2,Mark,WELH - Wells Hatchery,8/16/2019,"COLR8 - Columbia River - Chelan Falls, WA to Grand Coulee Dam (km 809-960)",8/16/2019,8/16/2019,1
3DD.003D28A1A3,Mark,WELH - Wells Hatchery,8/9/2019,"COLR8 - Columbia River - Chelan Falls, WA to Grand Coulee Dam (km 809-960)",8/9/2019,8/9/2019,1
3DD.003D28A1A4,Mark,WELH - Wells Hatchery,8/9/2019,"COLR8 - Columbia River - Chelan Falls, WA to Grand Coulee Dam (km 809-960)",8/9/2019,8/9/2019,1
3DD.003D28A1A5,Mark,WELH - Wells Hatchery,8/9/2019,"COLR8 - Columbia River - Chelan Falls, WA to Grand Coulee Dam (km 809-960)",8/9/2019,8/9/2019,1
3DD.003D28A1A6,Mark,WELH - Wells Hatchery,8/16/2019,"COLR8 - Columbia River - Chelan Falls, WA to Grand Coulee Dam (km 809-960)",8/16/2019,8/16/2019,1
3DD.003D28A1A7,Mark,WELH - Wells Hatchery,8/16/2019,"COLR8 - Columbia River - Chelan Falls, WA to Grand Coulee Dam (km 809-960)",8/16/2019,8/16/2019,1
3DD.003D28A1A8,Mark,WELH - Wells Hatchery,8/16/2019,"COLR8 - Columbia River - Chelan Falls, WA to Grand Coulee Dam (km 809-960)",8/16/2019,8/16/2019,1
3DD.003D28A1A9,Mark,WELH - Wells Hatchery,8/16/2019,"COLR8 - Columbia River - Chelan Falls, WA to Grand Coulee Dam (km 809-960)",8/16/2019,8/16/2019,1
3DD.003D28A1AA,Mark,WELH - Wells Hatchery,8/9/2019,"COLR8 - Columbia River - Chelan Falls, WA to Grand Coulee Dam (km 809-960)",8/9/2019,8/9/2019,1
3DD.003D28A1AB,Mark,WELH - Wells Hatchery,8/9/2019,"COLR8 - Columbia River - Chelan Falls, WA to Grand Coulee Dam (km 809-960)",8/9/2019,8/9/2019,1
3DD.003D28A1AC,Mark,WELH - Wells Hatchery,8/16/2019,"COLR8 - Columbia River - Chelan Falls, WA to Grand Coulee Dam (km 809-960)",8/16/2019,8/16/2019,1
3DD.003D28A1AD,Mark,WELH - Wells Hatchery,8/9/2019,"COLR8 - Columbia River - Chelan Falls, WA to Grand Coulee Dam (km 809-960)",8/9/2019,8/9/2019,1
3DD.003D28A276,Mark,PRD - Priest Rapids Dam,8/10/2018,"COLR8 - Columbia River - Chelan Falls, WA to Grand Coulee Dam (km 809-960)",8/10/2018,8/10/2018,1
3DD.003D28A277,Mark,PRD - Priest Rapids Dam,8/10/2018,"COLR8 - Columbia River - Chelan Falls, WA to Grand Coulee Dam (km 809-960)",8/10/2018,8/10/2018,1
3DD.003D28A278,Mark,PRD - Priest Rapids Dam,8/10/2018,"COLR8 - Columbia River - Chelan Falls, WA to Grand Coulee Dam (km 809-960)",8/10/2018,8/10/2018,1
3DD.003D28A27A,Mark,PRD - Priest Rapids Dam,8/10/2018,"COLR8 - Columbia River - Chelan Falls, WA to Grand Coulee Dam (km 809-960)",8/10/2018,8/10/2018,1
3DD.003D28A27B,Mark,PRD - Priest Rapids Dam,8/10/2018,"COLR8 - Columbia River - Chelan Falls, WA to Grand Coulee Dam (km 809-960)",8/10/2018,8/10/2018,1
3DD.003D28A280,Mark,PRD - Priest Rapids Dam,8/10/2018,"COLR8 - Columbia River - Chelan Falls, WA to Grand Coulee Dam (km 809-960)",8/10/2018,8/10/2018,1
3DD.003D28A282,Mark,PRD - Priest Rapids Dam,8/10/2018,"COLR8 - Columbia River - Chelan Falls, WA to Grand Coulee Dam (km 809-960)",8/10/2018,8/10/2018,1
3DD.003D28A283,Mark,PRD - Priest Rapids Dam,8/10/2018,"COLR8 - Columbia River - Chelan Falls, WA to Grand Coulee Dam (km 809-960)",8/10/2018,8/10/2018,1
3DD.003D28A285,Mark,PRD - Priest Rapids Dam,8/10/2018,"COLR8 - Columbia River - Chelan Falls, WA to Grand Coulee Dam (km 809-960)",8/10/2018,8/10/2018,1
3DD.003D28A286,Mark,PRD - Priest Rapids Dam,8/10/2018,METHR - Methow River,8/10/2018,8/10/2018,1
3DD.003D28A288,Mark,PRD - Priest Rapids Dam,8/10/2018,"COLR8 - Columbia River - Chelan Falls, WA to Grand Coulee Dam (km 809-960)",8/10/2018,8/10/2018,1
3DD.003D28A289,Mark,PRD - Priest Rapids Dam,8/10/2018,"COLR8 - Columbia River - Chelan Falls, WA to Grand Coulee Dam (km 809-960)",8/10/2018,8/10/2018,1
3DD.003D28A28A,Mark,PRD - Priest Rapids Dam,8/10/2018,"COLR8 - Columbia River - Chelan Falls, WA to Grand Coulee Dam (km 809-960)",8/10/2018,8/10/2018,1
3DD.003D28A28C,Mark,PRD - Priest Rapids Dam,8/10/2018,"COLR8 - Columbia River - Chelan Falls, WA to Grand Coulee Dam (km 809-960)",8/10/2018,8/10/2018,1
3DD.003D28A28D,Mark,PRD - Priest Rapids Dam,8/10/2018,METHR - Methow River,8/10/2018,8/10/2018,1
3DD.003D28A28F,Mark,PRD - Priest Rapids Dam,8/10/2018,"COLR8 - Columbia River - Chelan Falls, WA to Grand Coulee Dam (km 809-960)",8/10/2018,8/10/2018,1
3DD.003D28A290,Mark,PRD - Priest Rapids Dam,8/10/2018,"COLR8 - Columbia River - Chelan Falls, WA to Grand Coulee Dam (km 809-960)",8/10/2018,8/10/2018,1
3DD.003D28A291,Mark,PRD - Priest Rapids Dam,8/10/2018,METHR - Methow River,8/10/2018,8/10/2018,1
3DD.003D28A293,Mark,PRD - Priest Rapids Dam,8/10/2018,"COLR8 - Columbia River - Chelan Falls, WA to Grand Coulee Dam (km 809-960)",8/10/2018,8/10/2018,1
3DD.003D28A299,Mark,PRD - Priest Rapids Dam,8/10/2018,"COLR8 - Columbia River - Chelan Falls, WA to Grand Coulee Dam (km 809-960)",8/10/2018,8/10/2018,1
3DD.003D28A29B,Mark,PRD - Priest Rapids Dam,8/10/2018,"COLR8 - Columbia River - Chelan Falls, WA to Grand Coulee Dam (km 809-960)",8/10/2018,8/10/2018,1
3DD.003D28A29C,Mark,PRD - Priest Rapids Dam,8/10/2018,"COLR8 - Columbia River - Chelan Falls, WA to Grand Coulee Dam (km 809-960)",8/10/2018,8/10/2018,1
3DD.003D28A2A1,Mark,PRD - Priest Rapids Dam,8/10/2018,"COLR8 - Columbia River - Chelan Falls, WA to Grand Coulee Dam (km 809-960)",8/10/2018,8/10/2018,1
3DD.003D28A2A3,Mark,PRD - Priest Rapids Dam,8/10/2018,"COLR8 - Columbia River - Chelan Falls, WA to Grand Coulee Dam (km 809-960)",8/10/2018,8/10/2018,1
3DD.003D28A2A6,Mark,PRD - Priest Rapids Dam,8/10/2018,"COLR8 - Columbia River - Chelan Falls, WA to Grand Coulee Dam (km 809-960)",8/10/2018,8/10/2018,1
3DD.003D28A2A7,Mark,PRD - Priest Rapids Dam,8/10/2018,"COLR8 - Columbia River - Chelan Falls, WA to Grand Coulee Dam (km 809-960)",8/10/2018,8/10/2018,1
3DD.003D28A2A8,Mark,PRD - Priest Rapids Dam,8/10/2018,METHR - Methow River,8/10/2018,8/10/2018,1
3DD.003D28A2AC,Mark,PRD - Priest Rapids Dam,8/10/2018,"COLR8 - Columbia River - Chelan Falls, WA to Grand Coulee Dam (km 809-960)",8/10/2018,8/10/2018,1
3DD.003D28A2AD,Mark,PRD - Priest Rapids Dam,8/10/2018,"COLR8 - Columbia River - Chelan Falls, WA to Grand Coulee Dam (km 809-960)",8/10/2018,8/10/2018,1
3DD.003D28A2AE,Mark,PRD - Priest Rapids Dam,8/10/2018,"COLR8 - Columbia River - Chelan Falls, WA to Grand Coulee Dam (km 809-960)",8/10/2018,8/10/2018,1
3DD.003D28A2AF,Mark,PRD - Priest Rapids Dam,8/10/2018,"COLR8 - Columbia River - Chelan Falls, WA to Grand Coulee Dam (km 809-960)",8/10/2018,8/10/2018,1
3DD.003D28A2B0,Mark,PRD - Priest Rapids Dam,8/10/2018,"COLR8 - Columbia River - Chelan Falls, WA to Grand Coulee Dam (km 809-960)",8/10/2018,8/10/2018,1
3DD.003D28A2B2,Mark,PRD - Priest Rapids Dam,8/10/2018,"COLR8 - Columbia River - Chelan Falls, WA to Grand Coulee Dam (km 809-960)",8/10/2018,8/10/2018,1
3DD.003D28A2B5,Mark,PRD - Priest Rapids Dam,8/10/2018,"COLR8 - Columbia River - Chelan Falls, WA to Grand Coulee Dam (km 809-960)",8/10/2018,8/10/2018,1
3DD.003D28A2B6,Mark,PRD - Priest Rapids Dam,8/10/2018,"COLR8 - Columbia River - Chelan Falls, WA to Grand Coulee Dam (km 809-960)",8/10/2018,8/10/2018,1
3DD.003D28A2B7,Mark,PRD - Priest Rapids Dam,8/10/2018,"COLR8 - Columbia River - Chelan Falls, WA to Grand Coulee Dam (km 809-960)",8/10/2018,8/10/2018,1
3DD.003D28A2B9,Mark,PRD - Priest Rapids Dam,8/10/2018,METHR - Methow River,8/10/2018,8/10/2018,1
3DD.003D28A2BA,Mark,PRD - Priest Rapids Dam,8/10/2018,"COLR8 - Columbia River - Chelan Falls, WA to Grand Coulee Dam (km 809-960)",8/10/2018,8/10/2018,1
3DD.003D28A2BB,Mark,PRD - Priest Rapids Dam,8/10/2018,"COLR8 - Columbia River - Chelan Falls, WA to Grand Coulee Dam (km 809-960)",8/10/2018,8/10/2018,1
3DD.003D28A2BD,Mark,PRD - Priest Rapids Dam,8/10/2018,"COLR8 - Columbia River - Chelan Falls, WA to Grand Coulee Dam (km 809-960)",8/10/2018,8/10/2018,1
3DD.003D28A2BE,Mark,PRD - Priest Rapids Dam,8/10/2018,"COLR8 - Columbia River - Chelan Falls, WA to Grand Coulee Dam (km 809-960)",8/10/2018,8/10/2018,1
3DD.003D28A2C3,Mark,PRD - Priest Rapids Dam,8/10/2018,"COLR8 - Columbia River - Chelan Falls, WA to Grand Coulee Dam (km 809-960)",8/10/2018,8/10/2018,1
3DD.003D28A2C4,Mark,PRD - Priest Rapids Dam,8/10/2018,"COLR8 - Columbia River - Chelan Falls, WA to Grand Coulee Dam (km 809-960)",8/10/2018,8/10/2018,1
3DD.003D28A2C5,Mark,PRD - Priest Rapids Dam,8/10/2018,"COLR8 - Columbia River - Chelan Falls, WA to Grand Coulee Dam (km 809-960)",8/10/2018,8/10/2018,1
3DD.003D28A2C6,Mark,PRD - Priest Rapids Dam,8/10/2018,"COLR8 - Columbia River - Chelan Falls, WA to Grand Coulee Dam (km 809-960)",8/10/2018,8/10/2018,1
3DD.003D28A2C7,Mark,PRD - Priest Rapids Dam,8/10/2018,"COLR8 - Columbia River - Chelan Falls, WA to Grand Coulee Dam (km 809-960)",8/10/2018,8/10/2018,1
3DD.003D28A2C9,Mark,PRD - Priest Rapids Dam,8/10/2018,"COLR8 - Columbia River - Chelan Falls, WA to Grand Coulee Dam (km 809-960)",8/10/2018,8/10/2018,1
3DD.003D28A2CB,Mark,PRD - Priest Rapids Dam,8/10/2018,METHR - Methow River,8/10/2018,8/10/2018,1
3DD.003D28A2CD,Mark,PRD - Priest Rapids Dam,8/10/2018,METHR - Methow River,8/10/2018,8/10/2018,1
3DD.003D28A2CE,Mark,PRD - Priest Rapids Dam,8/10/2018,"COLR8 - Columbia River - Chelan Falls, WA to Grand Coulee Dam (km 809-960)",8/10/2018,8/10/2018,1
3DD.003D28A2D0,Mark,PRD - Priest Rapids Dam,8/10/2018,"COLR8 - Columbia River - Chelan Falls, WA to Grand Coulee Dam (km 809-960)",8/10/2018,8/10/2018,1
3DD.003D28A2D1,Mark,PRD - Priest Rapids Dam,8/10/2018,"COLR8 - Columbia River - Chelan Falls, WA to Grand Coulee Dam (km 809-960)",8/10/2018,8/10/2018,1
3DD.003D28A2D2,Mark,PRD - Priest Rapids Dam,8/10/2018,"COLR8 - Columbia River - Chelan Falls, WA to Grand Coulee Dam (km 809-960)",8/10/2018,8/10/2018,1
3DD.003D28A2D4,Mark,PRD - Priest Rapids Dam,8/10/2018,"COLR8 - Columbia River - Chelan Falls, WA to Grand Coulee Dam (km 809-960)",8/10/2018,8/10/2018,1
3DD.003D28A2D5,Mark,PRD - Priest Rapids Dam,8/10/2018,"COLR8 - Columbia River - Chelan Falls, WA to Grand Coulee Dam (km 809-960)",8/10/2018,8/10/2018,1
3DD.003D28A2D8,Mark,PRD - Priest Rapids Dam,8/10/2018,"COLR8 - Columbia River - Chelan Falls, WA to Grand Coulee Dam (km 809-960)",8/10/2018,8/10/2018,1
3DD.003D28A2D9,Mark,PRD - Priest Rapids Dam,8/10/2018,"COLR8 - Columbia River - Chelan Falls, WA to Grand Coulee Dam (km 809-960)",8/10/2018,8/10/2018,1
3DD.003D3AB26E,Mark,WELH - Wells Hatchery,7/30/2020,WELSBR - Starr Boat Ramp on west shore 5 km upstream of Wells Dam,7/30/2020,7/30/2020,1
3DD.003D3AB26F,Mark,WELH - Wells Hatchery,7/30/2020,WELSBR - Starr Boat Ramp on west shore 5 km upstream of Wells Dam,7/30/2020,7/30/2020,1
3DD.003D3AB271,Mark,WELH - Wells Hatchery,8/6/2020,WELSBR - Starr Boat Ramp on west shore 5 km upstream of Wells Dam,8/6/2020,8/6/2020,1
3DD.003D3AB272,Mark,WELH - Wells Hatchery,7/30/2020,WELSBR - Starr Boat Ramp on west shore 5 km upstream of Wells Dam,7/30/2020,7/30/2020,1
3DD.003D3AB274,Mark,WELH - Wells Hatchery,7/30/2020,WELSBR - Starr Boat Ramp on west shore 5 km upstream of Wells Dam,7/30/2020,7/30/2020,1
3DD.003D3AB27A,Mark,WELH - Wells Hatchery,8/6/2020,WELSBR - Starr Boat Ramp on west shore 5 km upstream of Wells Dam,8/6/2020,8/6/2020,1
3DD.003D3AB27E,Mark,WELH - Wells Hatchery,7/30/2020,WELSBR - Starr Boat Ramp on west shore 5 km upstream of Wells Dam,7/30/2020,7/30/2020,1
3DD.003D3AB27F,Mark,WELH - Wells Hatchery,8/6/2020,WELSBR - Starr Boat Ramp on west shore 5 km upstream of Wells Dam,8/6/2020,8/6/2020,1
3DD.003D3AB283,Mark,WELH - Wells Hatchery,7/23/2020,WELSBR - Starr Boat Ramp on west shore 5 km upstream of Wells Dam,7/30/2020,7/23/2020,1
3DD.003D3AB287,Mark,WELH - Wells Hatchery,7/30/2020,WELSBR - Starr Boat Ramp on west shore 5 km upstream of Wells Dam,7/30/2020,7/30/2020,1
3DD.003D3AB28A,Mark,WELH - Wells Hatchery,8/6/2020,WELSBR - Starr Boat Ramp on west shore 5 km upstream of Wells Dam,8/6/2020,8/6/2020,1
3DD.003D3AB28B,Mark,WELH - Wells Hatchery,7/30/2020,WELSBR - Starr Boat Ramp on west shore 5 km upstream of Wells Dam,7/30/2020,7/30/2020,1
3DD.003D3AB293,Mark,WELH - Wells Hatchery,7/30/2020,WELSBR - Starr Boat Ramp on west shore 5 km upstream of Wells Dam,7/30/2020,7/30/2020,1
3DD.003D3AB294,Mark,WELH - Wells Hatchery,7/30/2020,WELSBR - Starr Boat Ramp on west shore 5 km upstream of Wells Dam,7/30/2020,7/30/2020,1
3DD.003D3AB295,Mark,WELH - Wells Hatchery,7/30/2020,WELSBR - Starr Boat Ramp on west shore 5 km upstream of Wells Dam,7/30/2020,7/30/2020,1
3DD.003D3AB298,Mark,WELH - Wells Hatchery,8/6/2020,WELSBR - Starr Boat Ramp on west shore 5 km upstream of Wells Dam,8/6/2020,8/6/2020,1
3DD.003D3AB299,Mark,WELH - Wells Hatchery,8/6/2020,WELSBR - Starr Boat Ramp on west shore 5 km upstream of Wells Dam,8/6/2020,8/6/2020,1
3DD.003D3AB29B,Mark,WELH - Wells Hatchery,8/6/2020,WELSBR - Starr Boat Ramp on west shore 5 km upstream of Wells Dam,8/6/2020,8/6/2020,1
3DD.003D3AB29C,Mark,WELH - Wells Hatchery,7/30/2020,WELSBR - Starr Boat Ramp on west shore 5 km upstream of Wells Dam,7/30/2020,7/30/2020,1
3DD.003D3AB29D,Mark,WELH - Wells Hatchery,8/6/2020,WELSBR - Starr Boat Ramp on west shore 5 km upstream of Wells Dam,8/6/2020,8/6/2020,1
3DD.003D3AB29F,Mark,WELH - Wells Hatchery,8/6/2020,WELSBR - Starr Boat Ramp on west shore 5 km upstream of Wells Dam,8/6/2020,8/6/2020,1
3DD.003D3AB2A4,Mark,WELH - Wells Hatchery,8/6/2020,WELSBR - Starr Boat Ramp on west shore 5 km upstream of Wells Dam,8/6/2020,8/6/2020,1
3DD.003D3AB2A5,Mark,WELH - Wells Hatchery,7/23/2020,WELSBR - Starr Boat Ramp on west shore 5 km upstream of Wells Dam,7/30/2020,7/23/2020,1
3DD.003D3AB2A6,Mark,WELH - Wells Hatchery,8/6/2020,WELSBR - Starr Boat Ramp on west shore 5 km upstream of Wells Dam,8/6/2020,8/6/2020,1
3DD.003D3AB2A8,Mark,WELH - Wells Hatchery,8/6/2020,WELSBR - Starr Boat Ramp on west shore 5 km upstream of Wells Dam,8/6/2020,8/6/2020,1
3DD.003D3AB2A9,Mark,WELH - Wells Hatchery,7/23/2020,WELSBR - Starr Boat Ramp on west shore 5 km upstream of Wells Dam,7/30/2020,7/23/2020,1
3DD.003D3AB2AB,Mark,WELH - Wells Hatchery,7/23/2020,WELSBR - Starr Boat Ramp on west shore 5 km upstream of Wells Dam,7/30/2020,7/23/2020,1
3DD.003D3AB2AF,Mark,WELH - Wells Hatchery,7/30/2020,WELSBR - Starr Boat Ramp on west shore 5 km upstream of Wells Dam,7/30/2020,7/30/2020,1
3DD.003D3AB2B1,Mark,WELH - Wells Hatchery,8/6/2020,WELSBR - Starr Boat Ramp on west shore 5 km upstream of Wells Dam,8/6/2020,8/6/2020,1
3DD.003D3AB2B2,Mark,WELH - Wells Hatchery,8/6/2020,WELSBR - Starr Boat Ramp on west shore 5 km upstream of Wells Dam,8/6/2020,8/6/2020,1
3DD.003D3AB2B4,Mark,WELH - Wells Hatchery,7/30/2020,WELSBR - Starr Boat Ramp on west shore 5 km upstream of Wells Dam,7/30/2020,7/30/2020,1
3DD.003D3AB2B5,Mark,WELH - Wells Hatchery,8/6/2020,WELSBR - Starr Boat Ramp on west shore 5 km upstream of Wells Dam,8/6/2020,8/6/2020,1
3DD.003D3AB2B7,Mark,WELH - Wells Hatchery,7/30/2020,WELSBR - Starr Boat Ramp on west shore 5 km upstream of Wells Dam,7/30/2020,7/30/2020,1
3DD.003D3AB2B8,Mark,WELH - Wells Hatchery,8/6/2020,WELSBR - Starr Boat Ramp on west shore 5 km upstream of Wells Dam,8/6/2020,8/6/2020,1
3DD.003D3AB2B9,Mark,WELH - Wells Hatchery,7/30/2020,WELSBR - Starr Boat Ramp on west shore 5 km upstream of Wells Dam,7/30/2020,7/30/2020,1
3DD.003D3AB2BA,Mark,WELH - Wells Hatchery,7/30/2020,WELSBR - Starr Boat Ramp on west shore 5 km upstream of Wells Dam,7/30/2020,7/30/2020,1
3DD.003D3AB2BB,Mark,WELH - Wells Hatchery,8/6/2020,WELSBR - Starr Boat Ramp on west shore 5 km upstream of Wells Dam,8/6/2020,8/6/2020,1
3DD.003D3AB2BE,Mark,WELH - Wells Hatchery,8/6/2020,WELSBR - Starr Boat Ramp on west shore 5 km upstream of Wells Dam,8/6/2020,8/6/2020,1
3DD.003D3AB2C0,Mark,WELH - Wells Hatchery,8/6/2020,WELSBR - Starr Boat Ramp on west shore 5 km upstream of Wells Dam,8/6/2020,8/6/2020,1
3DD.003D3AB2C1,Mark,WELH - Wells Hatchery,8/6/2020,WELSBR - Starr Boat Ramp on west shore 5 km upstream of Wells Dam,8/6/2020,8/6/2020,1
3DD.003D3AB2C5,Mark,WELH - Wells Hatchery,7/30/2020,WELSBR - Starr Boat Ramp on west shore 5 km upstream of Wells Dam,7/30/2020,7/30/2020,1
3DD.003D3AB2C7,Mark,WELH - Wells Hatchery,7/23/2020,WELSBR - Starr Boat Ramp on west shore 5 km upstream of Wells Dam,7/30/2020,7/23/2020,1
3DD.003D3AB2C8,Mark,WELH - Wells Hatchery,7/23/2020,WELSBR - Starr Boat Ramp on west shore 5 km upstream of Wells Dam,7/30/2020,7/23/2020,1
3DD.003D3AB2C9,Mark,WELH - Wells Hatchery,7/30/2020,WELSBR - Starr Boat Ramp on west shore 5 km upstream of Wells Dam,7/30/2020,7/30/2020,1
3DD.003D3AB2CA,Mark,WELH - Wells Hatchery,7/23/2020,WELSBR - Starr Boat Ramp on west shore 5 km upstream of Wells Dam,7/30/2020,7/23/2020,1
3DD.003D3AB2CC,Mark,WELH - Wells Hatchery,8/6/2020,WELSBR - Starr Boat Ramp on west shore 5 km upstream of Wells Dam,8/6/2020,8/6/2020,1
3DD.003D3AB2CD,Mark,WELH - Wells Hatchery,8/6/2020,WELSBR - Starr Boat Ramp on west shore 5 km upstream of Wells Dam,8/6/2020,8/6/2020,1
3DD.003D3AB2CE,Mark,WELH - Wells Hatchery,8/6/2020,WELSBR - Starr Boat Ramp on west shore 5 km upstream of Wells Dam,8/6/2020,8/6/2020,1
3DD.003D3AB2D0,Mark,WELH - Wells Hatchery,8/6/2020,WELSBR - Starr Boat Ramp on west shore 5 km upstream of Wells Dam,8/6/2020,8/6/2020,1
3DD.003D3AB6AE,Mark,WELH - Wells Hatchery,8/6/2020,WELSBR - Starr Boat Ramp on west shore 5 km upstream of Wells Dam,8/6/2020,8/6/2020,1
3DD.003D3AB6B0,Mark,WELH - Wells Hatchery,8/6/2020,WELSBR - Starr Boat Ramp on west shore 5 km upstream of Wells Dam,8/6/2020,8/6/2020,1
3DD.003D3AB6B3,Mark,WELH - Wells Hatchery,8/6/2020,WELSBR - Starr Boat Ramp on west shore 5 km upstream of Wells Dam,8/6/2020,8/6/2020,1
3DD.003D3ABA5B,Mark,WELH - Wells Hatchery,8/6/2020,WELSBR - Starr Boat Ramp on west shore 5 km upstream of Wells Dam,8/6/2020,8/6/2020,1
3DD.003D3ABA78,Mark,WELH - Wells Hatchery,8/6/2020,WELSBR - Starr Boat Ramp on west shore 5 km upstream of Wells Dam,8/6/2020,8/6/2020,1
3DD.003D3ABA79,Mark,WELH - Wells Hatchery,8/6/2020,WELSBR - Starr Boat Ramp on west shore 5 km upstream of Wells Dam,8/6/2020,8/6/2020,1
3DD.003D3ABA8B,Mark,WELH - Wells Hatchery,8/6/2020,WELSBR - Starr Boat Ramp on west shore 5 km upstream of Wells Dam,8/6/2020,8/6/2020,1
3DD.003D3ABA99,Mark,WELH - Wells Hatchery,8/6/2020,WELSBR - Starr Boat Ramp on west shore 5 km upstream of Wells Dam,8/6/2020,8/6/2020,1
3DD.003D3ABEF0,Mark,WELH - Wells Hatchery,8/23/2019,OMAKC - Omak Creek (tributary to Okanogan River),8/23/2019,8/23/2019,1
3DD.003D3ABEF7,Mark,WELH - Wells Hatchery,8/23/2019,SALMOC - Salmon Creek (tributary to Okanogan River),8/23/2019,8/23/2019,1
3DD.003D3ABEF8,Mark,WELH - Wells Hatchery,8/23/2019,OMAKC - Omak Creek (tributary to Okanogan River),8/23/2019,8/23/2019,1
3DD.003D3ABEFB,Mark,WELH - Wells Hatchery,8/23/2019,OMAKC - Omak Creek (tributary to Okanogan River),8/23/2019,8/23/2019,1
3DD.003D3ABEFC,Mark,WELH - Wells Hatchery,8/23/2019,OMAKC - Omak Creek (tributary to Okanogan River),8/23/2019,8/23/2019,1
3DD.003D3ABEFE,Mark,WELH - Wells Hatchery,8/23/2019,OMAKC - Omak Creek (tributary to Okanogan River),8/23/2019,8/23/2019,1
3DD.003D3ABF03,Mark,WELH - Wells Hatchery,8/23/2019,OMAKC - Omak Creek (tributary to Okanogan River),8/23/2019,8/23/2019,1
3DD.003D3ABF06,Mark,WELH - Wells Hatchery,8/23/2019,SALMOC - Salmon Creek (tributary to Okanogan River),8/23/2019,8/23/2019,1
3DD.003D3ABF0D,Mark,WELH - Wells Hatchery,8/23/2019,SALMOC - Salmon Creek (tributary to Okanogan River),8/23/2019,8/23/2019,1
3DD.003D3ABF12,Mark,WELH - Wells Hatchery,8/23/2019,OMAKC - Omak Creek (tributary to Okanogan River),8/23/2019,8/23/2019,1
3DD.003D3ABF13,Mark,WELH - Wells Hatchery,8/23/2019,OMAKC - Omak Creek (tributary to Okanogan River),8/23/2019,8/23/2019,1
3DD.003D3ABF14,Mark,WELH - Wells Hatchery,8/23/2019,OMAKC - Omak Creek (tributary to Okanogan River),8/23/2019,8/23/2019,1
3DD.003D3ABF16,Mark,WELH - Wells Hatchery,8/23/2019,SALMOC - Salmon Creek (tributary to Okanogan River),8/23/2019,8/23/2019,1
3DD.003D3ABF1D,Mark,WELH - Wells Hatchery,8/23/2019,SALMOC - Salmon Creek (tributary to Okanogan River),8/23/2019,8/23/2019,1
3DD.003D3ABF1E,Mark,WELH - Wells Hatchery,8/23/2019,OMAKC - Omak Creek (tributary to Okanogan River),8/23/2019,8/23/2019,1
3DD.003D3ABF20,Mark,WELH - Wells Hatchery,8/23/2019,OMAKC - Omak Creek (tributary to Okanogan River),8/23/2019,8/23/2019,1
3DD.003D3ABF21,Mark,WELH - Wells Hatchery,8/23/2019,OMAKC - Omak Creek (tributary to Okanogan River),8/23/2019,8/23/2019,1
3DD.003D3ABF23,Mark,WELH - Wells Hatchery,8/23/2019,SALMOC - Salmon Creek (tributary to Okanogan River),8/23/2019,8/23/2019,1
3DD.003D3ABF25,Mark,WELH - Wells Hatchery,8/23/2019,OMAKC - Omak Creek (tributary to Okanogan River),8/23/2019,8/23/2019,1
3DD.003D3ABF26,Mark,WELH - Wells Hatchery,8/23/2019,OMAKC - Omak Creek (tributary to Okanogan River),8/23/2019,8/23/2019,1
3DD.003D3ABF29,Mark,WELH - Wells Hatchery,8/23/2019,SALMOC - Salmon Creek (tributary to Okanogan River),8/23/2019,8/23/2019,1
3DD.003D3ABF2A,Mark,WELH - Wells Hatchery,8/23/2019,OMAKC - Omak Creek (tributary to Okanogan River),8/23/2019,8/23/2019,1
3DD.003D3ABF2B,Mark,WELH - Wells Hatchery,8/23/2019,OMAKC - Omak Creek (tributary to Okanogan River),8/23/2019,8/23/2019,1
3DD.003D3ABF2C,Mark,WELH - Wells Hatchery,8/23/2019,SALMOC - Salmon Creek (tributary to Okanogan River),8/23/2019,8/23/2019,1
3DD.003D3ABF2D,Mark,WELH - Wells Hatchery,8/23/2019,SALMOC - Salmon Creek (tributary to Okanogan River),8/23/2019,8/23/2019,1
3DD.003D3ABF2E,Mark,WELH - Wells Hatchery,8/23/2019,OMAKC - Omak Creek (tributary to Okanogan River),8/23/2019,8/23/2019,1
3DD.003D3ABF2F,Mark,WELH - Wells Hatchery,8/23/2019,OMAKC - Omak Creek (tributary to Okanogan River),8/23/2019,8/23/2019,1
3DD.003D3ABF32,Mark,WELH - Wells Hatchery,8/23/2019,OMAKC - Omak Creek (tributary to Okanogan River),8/23/2019,8/23/2019,1
3DD.003D3ABF34,Mark,WELH - Wells Hatchery,8/23/2019,OMAKC - Omak Creek (tributary to Okanogan River),8/23/2019,8/23/2019,1
3DD.003D3ABF36,Mark,WELH - Wells Hatchery,8/23/2019,OMAKC - Omak Creek (tributary to Okanogan River),8/23/2019,8/23/2019,1
3DD.003D3ABF39,Mark,WELH - Wells Hatchery,8/23/2019,OMAKC - Omak Creek (tributary to Okanogan River),8/23/2019,8/23/2019,1
3DD.003D3ABF3A,Mark,WELH - Wells Hatchery,8/23/2019,OMAKC - Omak Creek (tributary to Okanogan River),8/23/2019,8/23/2019,1
3DD.003D3ABF3C,Mark,WELH - Wells Hatchery,8/23/2019,OMAKC - Omak Creek (tributary to Okanogan River),8/23/2019,8/23/2019,1
3DD.003D3ABF3D,Mark,WELH - Wells Hatchery,8/23/2019,SALMOC - Salmon Creek (tributary to Okanogan River),8/23/2019,8/23/2019,1
3DD.003D3ABF44,Mark,WELH - Wells Hatchery,8/23/2019,SALMOC - Salmon Creek (tributary to Okanogan River),8/23/2019,8/23/2019,1
3DD.003D3ABF45,Mark,WELH - Wells Hatchery,8/23/2019,OMAKC - Omak Creek (tributary to Okanogan River),8/23/2019,8/23/2019,1
3DD.003D3ABF4E,Mark,WELH - Wells Hatchery,8/23/2019,SALMOC - Salmon Creek (tributary to Okanogan River),8/23/2019,8/23/2019,1
3DD.003D3ABF4F,Mark,WELH - Wells Hatchery,8/23/2019,SALMOC - Salmon Creek (tributary to Okanogan River),8/23/2019,8/23/2019,1
3DD.003D3ABF51,Mark,WELH - Wells Hatchery,8/23/2019,OMAKC - Omak Creek (tributary to Okanogan River),8/23/2019,8/23/2019,1
3DD.003D3ABFB7,Mark,PRD - Priest Rapids Dam,9/7/2018,METHR - Methow River,9/7/2018,9/7/2018,1
3DD.003D3ABFB8,Mark,PRD - Priest Rapids Dam,9/7/2018,METHR - Methow River,9/7/2018,9/7/2018,1
3DD.003D3ABFB9,Mark,PRD - Priest Rapids Dam,9/7/2018,METHR - Methow River,9/7/2018,9/7/2018,1
3DD.003D3ABFBA,Mark,PRD - Priest Rapids Dam,9/7/2018,METHR - Methow River,9/7/2018,9/7/2018,1
3DD.003D3ABFBB,Mark,PRD - Priest Rapids Dam,9/7/2018,METHR - Methow River,9/7/2018,9/7/2018,1
3DD.003D3ABFBC,Mark,PRD - Priest Rapids Dam,9/7/2018,METHR - Methow River,9/7/2018,9/7/2018,1
3DD.003D3ABFBD,Mark,PRD - Priest Rapids Dam,9/7/2018,METHR - Methow River,9/7/2018,9/7/2018,1
3DD.003D3ABFBE,Mark,PRD - Priest Rapids Dam,9/7/2018,METHR - Methow River,9/7/2018,9/7/2018,1
3DD.003D3ABFBF,Mark,PRD - Priest Rapids Dam,9/7/2018,METHR - Methow River,9/7/2018,9/7/2018,1
3DD.003D3ABFC0,Mark,PRD - Priest Rapids Dam,9/7/2018,METHR - Methow River,9/7/2018,9/7/2018,1
3DD.003D3ABFC1,Mark,PRD - Priest Rapids Dam,9/7/2018,METHR - Methow River,9/7/2018,9/7/2018,1
3DD.003D3ABFC2,Mark,WELH - Wells Hatchery,8/9/2019,"COLR8 - Columbia River - Chelan Falls, WA to Grand Coulee Dam (km 809-960)",8/9/2019,8/9/2019,1
3DD.003D3ABFC3,Mark,PRD - Priest Rapids Dam,9/7/2018,METHR - Methow River,9/7/2018,9/7/2018,1
3DD.003D3ABFC4,Mark,PRD - Priest Rapids Dam,9/7/2018,METHR - Methow River,9/7/2018,9/7/2018,1
3DD.003D3ABFC5,Mark,PRD - Priest Rapids Dam,9/7/2018,METHR - Methow River,9/7/2018,9/7/2018,1
3DD.003D3ABFC6,Mark,PRD - Priest Rapids Dam,9/7/2018,METHR - Methow River,9/7/2018,9/7/2018,1
3DD.003D3ABFC7,Mark,PRD - Priest Rapids Dam,9/7/2018,METHR - Methow River,9/7/2018,9/7/2018,1
3DD.003D3ABFC8,Mark,PRD - Priest Rapids Dam,9/7/2018,METHR - Methow River,9/7/2018,9/7/2018,1
3DD.003D3ABFC9,Mark,PRD - Priest Rapids Dam,9/7/2018,METHR - Methow River,9/7/2018,9/7/2018,1
3DD.003D3ABFCA,Mark,PRD - Priest Rapids Dam,9/7/2018,METHR - Methow River,9/7/2018,9/7/2018,1
3DD.003D3ABFCB,Mark,PRD - Priest Rapids Dam,9/7/2018,METHR - Methow River,9/7/2018,9/7/2018,1
3DD.003D3ABFCC,Mark,PRD - Priest Rapids Dam,9/7/2018,METHR - Methow River,9/7/2018,9/7/2018,1
3DD.003D3ABFCD,Mark,PRD - Priest Rapids Dam,9/7/2018,METHR - Methow River,9/7/2018,9/7/2018,1
3DD.003D3ABFCE,Mark,PRD - Priest Rapids Dam,9/7/2018,METHR - Methow River,9/7/2018,9/7/2018,1
3DD.003D3ABFCF,Mark,PRD - Priest Rapids Dam,9/7/2018,METHR - Methow River,9/7/2018,9/7/2018,1
3DD.003D3ABFD0,Mark,PRD - Priest Rapids Dam,9/7/2018,METHR - Methow River,9/7/2018,9/7/2018,1
3DD.003D3ABFD1,Mark,PRD - Priest Rapids Dam,9/7/2018,METHR - Methow River,9/7/2018,9/7/2018,1
3DD.003D3ABFD2,Mark,PRD - Priest Rapids Dam,9/7/2018,METHR - Methow River,9/7/2018,9/7/2018,1
3DD.003D3ABFD3,Mark,WELH - Wells Hatchery,8/9/2019,"COLR8 - Columbia River - Chelan Falls, WA to Grand Coulee Dam (km 809-960)",8/9/2019,8/9/2019,1
3DD.003D3ABFD4,Mark,PRD - Priest Rapids Dam,9/7/2018,METHR - Methow River,9/7/2018,9/7/2018,1
3DD.003D3ABFD5,Mark,PRD - Priest Rapids Dam,9/7/2018,METHR - Methow River,9/7/2018,9/7/2018,1
3DD.003D3ABFD6,Mark,WELH - Wells Hatchery,8/9/2019,"COLR8 - Columbia River - Chelan Falls, WA to Grand Coulee Dam (km 809-960)",8/9/2019,8/9/2019,1
3DD.003D3ABFD7,Mark,PRD - Priest Rapids Dam,9/7/2018,METHR - Methow River,9/7/2018,9/7/2018,1
3DD.003D3ABFD8,Mark,PRD - Priest Rapids Dam,9/7/2018,METHR - Methow River,9/7/2018,9/7/2018,1
3DD.003D3ABFD9,Mark,WELH - Wells Hatchery,8/9/2019,"COLR8 - Columbia River - Chelan Falls, WA to Grand Coulee Dam (km 809-960)",8/9/2019,8/9/2019,1
3DD.003D3ABFDA,Mark,WELH - Wells Hatchery,8/9/2019,"COLR8 - Columbia River - Chelan Falls, WA to Grand Coulee Dam (km 809-960)",8/9/2019,8/9/2019,1
3DD.003D3ABFDB,Mark,PRD - Priest Rapids Dam,9/7/2018,METHR - Methow River,9/7/2018,9/7/2018,1
3DD.003D3ABFDC,Mark,WELH - Wells Hatchery,8/9/2019,"COLR8 - Columbia River - Chelan Falls, WA to Grand Coulee Dam (km 809-960)",8/9/2019,8/9/2019,1
3DD.003D3ABFDD,Mark,PRD - Priest Rapids Dam,9/7/2018,METHR - Methow River,9/7/2018,9/7/2018,1
3DD.003D3ABFDE,Mark,PRD - Priest Rapids Dam,9/7/2018,METHR - Methow River,9/7/2018,9/7/2018,1
3DD.003D3ABFDF,Mark,PRD - Priest Rapids Dam,9/7/2018,METHR - Methow River,9/7/2018,9/7/2018,1
3DD.003D3ABFE0,Mark,WELH - Wells Hatchery,8/9/2019,"COLR8 - Columbia River - Chelan Falls, WA to Grand Coulee Dam (km 809-960)",8/9/2019,8/9/2019,1
3DD.003D3ABFE1,Mark,PRD - Priest Rapids Dam,9/7/2018,METHR - Methow River,9/7/2018,9/7/2018,1
3DD.003D3ABFE2,Mark,PRD - Priest Rapids Dam,9/7/2018,METHR - Methow River,9/7/2018,9/7/2018,1
3DD.003D3ABFE3,Mark,PRD - Priest Rapids Dam,9/7/2018,METHR - Methow River,9/7/2018,9/7/2018,1
3DD.003D3ABFE4,Mark,PRD - Priest Rapids Dam,9/7/2018,METHR - Methow River,9/7/2018,9/7/2018,1
3DD.003D3ABFE5,Mark,PRD - Priest Rapids Dam,9/7/2018,METHR - Methow River,9/7/2018,9/7/2018,1
3DD.003D3ABFE6,Mark,WELH - Wells Hatchery,8/9/2019,"COLR8 - Columbia River - Chelan Falls, WA to Grand Coulee Dam (km 809-960)",8/9/2019,8/9/2019,1
3DD.003D3ABFE7,Mark,PRD - Priest Rapids Dam,9/7/2018,METHR - Methow River,9/7/2018,9/7/2018,1
3DD.003D3ABFE8,Mark,PRD - Priest Rapids Dam,9/7/2018,METHR - Methow River,9/7/2018,9/7/2018,1
3DD.003D3ABFE9,Mark,PRD - Priest Rapids Dam,9/7/2018,METHR - Methow River,9/7/2018,9/7/2018,1
3DD.003D3ABFEA,Mark,PRD - Priest Rapids Dam,9/7/2018,METHR - Methow River,9/7/2018,9/7/2018,1
3DD.003D3ABFEB,Mark,PRD - Priest Rapids Dam,9/7/2018,METHR - Methow River,9/7/2018,9/7/2018,1
3DD.003D3ABFEC,Mark,PRD - Priest Rapids Dam,9/7/2018,METHR - Methow River,9/7/2018,9/7/2018,1
3DD.003D3ABFED,Mark,PRD - Priest Rapids Dam,9/7/2018,METHR - Methow River,9/7/2018,9/7/2018,1
3DD.003D3ABFEE,Mark,WELH - Wells Hatchery,8/9/2019,"COLR8 - Columbia River - Chelan Falls, WA to Grand Coulee Dam (km 809-960)",8/9/2019,8/9/2019,1
3DD.003D3ABFEF,Mark,PRD - Priest Rapids Dam,9/7/2018,METHR - Methow River,9/7/2018,9/7/2018,1
3DD.003D3ABFF0,Mark,WELH - Wells Hatchery,8/9/2019,"COLR8 - Columbia River - Chelan Falls, WA to Grand Coulee Dam (km 809-960)",8/9/2019,8/9/2019,1
3DD.003D3ABFF1,Mark,PRD - Priest Rapids Dam,9/7/2018,METHR - Methow River,9/7/2018,9/7/2018,1
3DD.003D3ABFF2,Mark,PRD - Priest Rapids Dam,9/7/2018,METHR - Methow River,9/7/2018,9/7/2018,1
3DD.003D3ABFF3,Mark,PRD - Priest Rapids Dam,9/7/2018,METHR - Methow River,9/7/2018,9/7/2018,1
3DD.003D3ABFF4,Mark,PRD - Priest Rapids Dam,9/7/2018,METHR - Methow River,9/7/2018,9/7/2018,1
3DD.003D3ABFF5,Mark,PRD - Priest Rapids Dam,9/7/2018,METHR - Methow River,9/7/2018,9/7/2018,1
3DD.003D3ABFF6,Mark,PRD - Priest Rapids Dam,9/7/2018,METHR - Methow River,9/7/2018,9/7/2018,1
3DD.003D3ABFF7,Mark,PRD - Priest Rapids Dam,9/7/2018,METHR - Methow River,9/7/2018,9/7/2018,1
3DD.003D3ABFF8,Mark,PRD - Priest Rapids Dam,9/7/2018,METHR - Methow River,9/7/2018,9/7/2018,1
3DD.003D3ABFF9,Mark,PRD - Priest Rapids Dam,9/7/2018,METHR - Methow River,9/7/2018,9/7/2018,1
3DD.003D3ABFFA,Mark,PRD - Priest Rapids Dam,9/7/2018,METHR - Methow River,9/7/2018,9/7/2018,1
3DD.003D3ABFFB,Mark,PRD - Priest Rapids Dam,9/7/2018,METHR - Methow River,9/7/2018,9/7/2018,1
3DD.003D3ABFFC,Mark,WELH - Wells Hatchery,8/9/2019,"COLR8 - Columbia River - Chelan Falls, WA to Grand Coulee Dam (km 809-960)",8/9/2019,8/9/2019,1
3DD.003D3ABFFD,Mark,WELH - Wells Hatchery,8/9/2019,"COLR8 - Columbia River - Chelan Falls, WA to Grand Coulee Dam (km 809-960)",8/9/2019,8/9/2019,1
3DD.003D3ABFFE,Mark,PRD - Priest Rapids Dam,9/7/2018,METHR - Methow River,9/7/2018,9/7/2018,1
3DD.003D3ABFFF,Mark,PRD - Priest Rapids Dam,9/7/2018,METHR - Methow River,9/7/2018,9/7/2018,1
3DD.003D3AC000,Mark,PRD - Priest Rapids Dam,9/7/2018,METHR - Methow River,9/7/2018,9/7/2018,1
3DD.003D3AC001,Mark,PRD - Priest Rapids Dam,9/7/2018,METHR - Methow River,9/7/2018,9/7/2018,1
3DD.003D3AC002,Mark,PRD - Priest Rapids Dam,9/7/2018,METHR - Methow River,9/7/2018,9/7/2018,1
3DD.003D3AC003,Mark,PRD - Priest Rapids Dam,9/7/2018,METHR - Methow River,9/7/2018,9/7/2018,1
3DD.003D3AC004,Mark,PRD - Priest Rapids Dam,9/7/2018,METHR - Methow River,9/7/2018,9/7/2018,1
3DD.003D3AC005,Mark,PRD - Priest Rapids Dam,9/7/2018,METHR - Methow River,9/7/2018,9/7/2018,1
3DD.003D3AC006,Mark,PRD - Priest Rapids Dam,9/7/2018,METHR - Methow River,9/7/2018,9/7/2018,1
3DD.003D3AC007,Mark,PRD - Priest Rapids Dam,9/7/2018,METHR - Methow River,9/7/2018,9/7/2018,1
3DD.003D3AC008,Mark,PRD - Priest Rapids Dam,9/7/2018,METHR - Methow River,9/7/2018,9/7/2018,1
3DD.003D3AC009,Mark,PRD - Priest Rapids Dam,9/7/2018,METHR - Methow River,9/7/2018,9/7/2018,1
3DD.003D3AC00A,Mark,PRD - Priest Rapids Dam,9/7/2018,METHR - Methow River,9/7/2018,9/7/2018,1
3DD.003D3AC00B,Mark,PRD - Priest Rapids Dam,9/7/2018,METHR - Methow River,9/7/2018,9/7/2018,1
3DD.003D3AC00C,Mark,PRD - Priest Rapids Dam,9/7/2018,METHR - Methow River,9/7/2018,9/7/2018,1
3DD.003D3AC00D,Mark,PRD - Priest Rapids Dam,9/7/2018,METHR - Methow River,9/7/2018,9/7/2018,1
3DD.003D3AC00E,Mark,PRD - Priest Rapids Dam,9/7/2018,METHR - Methow River,9/7/2018,9/7/2018,1
3DD.003D3AC00F,Mark,PRD - Priest Rapids Dam,9/7/2018,METHR - Methow River,9/7/2018,9/7/2018,1
3DD.003D3AC010,Mark,PRD - Priest Rapids Dam,9/7/2018,METHR - Methow River,9/7/2018,9/7/2018,1
3DD.003D3AC011,Mark,PRD - Priest Rapids Dam,9/7/2018,METHR - Methow River,9/7/2018,9/7/2018,1
3DD.003D3AC012,Mark,PRD - Priest Rapids Dam,9/7/2018,METHR - Methow River,9/7/2018,9/7/2018,1
3DD.003D3AC013,Mark,WELH - Wells Hatchery,8/9/2019,"COLR8 - Columbia River - Chelan Falls, WA to Grand Coulee Dam (km 809-960)",8/9/2019,8/9/2019,1
3DD.003D3AC014,Mark,PRD - Priest Rapids Dam,9/7/2018,METHR - Methow River,9/7/2018,9/7/2018,1
3DD.003D3AC015,Mark,PRD - Priest Rapids Dam,9/7/2018,METHR - Methow River,9/7/2018,9/7/2018,1
3DD.003D3AC016,Mark,PRD - Priest Rapids Dam,9/7/2018,METHR - Methow River,9/7/2018,9/7/2018,1
3DD.003D3AC017,Mark,PRD - Priest Rapids Dam,9/7/2018,METHR - Methow River,9/7/2018,9/7/2018,1
3DD.003D3AC018,Mark,PRD - Priest Rapids Dam,9/7/2018,METHR - Methow River,9/7/2018,9/7/2018,1
3DD.003D3AC019,Mark,PRD - Priest Rapids Dam,9/7/2018,METHR - Methow River,9/7/2018,9/7/2018,1
3DD.003D3AC01A,Mark,PRD - Priest Rapids Dam,9/7/2018,METHR - Methow River,9/7/2018,9/7/2018,1
3DD.003D3AC01B,Mark,PRD - Priest Rapids Dam,8/31/2018,METHR - Methow River,8/31/2018,8/31/2018,1
3DD.003D3AC01C,Mark,PRD - Priest Rapids Dam,8/31/2018,"COLR8 - Columbia River - Chelan Falls, WA to Grand Coulee Dam (km 809-960)",8/31/2018,8/31/2018,1
3DD.003D3AC01D,Mark,PRD - Priest Rapids Dam,8/31/2018,METHR - Methow River,8/31/2018,8/31/2018,1
3DD.003D3AC01E,Mark,PRD - Priest Rapids Dam,8/31/2018,METHR - Methow River,8/31/2018,8/31/2018,1
3DD.003D3AC01F,Mark,PRD - Priest Rapids Dam,8/31/2018,"COLR8 - Columbia River - Chelan Falls, WA to Grand Coulee Dam (km 809-960)",8/31/2018,8/31/2018,1
3DD.003D3AC020,Mark,PRD - Priest Rapids Dam,8/31/2018,"COLR8 - Columbia River - Chelan Falls, WA to Grand Coulee Dam (km 809-960)",8/31/2018,8/31/2018,1
3DD.003D3AC021,Mark,PRD - Priest Rapids Dam,8/31/2018,"COLR8 - Columbia River - Chelan Falls, WA to Grand Coulee Dam (km 809-960)",8/31/2018,8/31/2018,1
3DD.003D3AC022,Mark,PRD - Priest Rapids Dam,8/31/2018,"COLR8 - Columbia River - Chelan Falls, WA to Grand Coulee Dam (km 809-960)",8/31/2018,8/31/2018,1
3DD.003D3AC023,Mark,PRD - Priest Rapids Dam,8/31/2018,METHR - Methow River,8/31/2018,8/31/2018,1
3DD.003D3AC024,Mark,PRD - Priest Rapids Dam,8/31/2018,METHR - Methow River,8/31/2018,8/31/2018,1
3DD.003D3AC025,Mark,PRD - Priest Rapids Dam,8/31/2018,METHR - Methow River,8/31/2018,8/31/2018,1
3DD.003D3AC026,Mark,PRD - Priest Rapids Dam,8/31/2018,METHR - Methow River,8/31/2018,8/31/2018,1
3DD.003D3AC027,Mark,PRD - Priest Rapids Dam,8/31/2018,METHR - Methow River,8/31/2018,8/31/2018,1
3DD.003D3AC028,Mark,PRD - Priest Rapids Dam,8/31/2018,METHR - Methow River,8/31/2018,8/31/2018,1
3DD.003D3AC029,Mark,PRD - Priest Rapids Dam,8/31/2018,METHR - Methow River,8/31/2018,8/31/2018,1
3DD.003D3AC02A,Mark,PRD - Priest Rapids Dam,8/31/2018,METHR - Methow River,8/31/2018,8/31/2018,1
3DD.003D3AC02B,Mark,PRD - Priest Rapids Dam,8/31/2018,METHR - Methow River,8/31/2018,8/31/2018,1
3DD.003D3AC02C,Mark,PRD - Priest Rapids Dam,9/7/2018,METHR - Methow River,9/7/2018,9/7/2018,1
3DD.003D3AC02D,Mark,PRD - Priest Rapids Dam,8/31/2018,"COLR8 - Columbia River - Chelan Falls, WA to Grand Coulee Dam (km 809-960)",8/31/2018,8/31/2018,1
3DD.003D3AC02E,Mark,PRD - Priest Rapids Dam,8/31/2018,"COLR8 - Columbia River - Chelan Falls, WA to Grand Coulee Dam (km 809-960)",8/31/2018,8/31/2018,1
3DD.003D3AC02F,Mark,PRD - Priest Rapids Dam,8/31/2018,METHR - Methow River,8/31/2018,8/31/2018,1
3DD.003D3AC030,Mark,PRD - Priest Rapids Dam,8/31/2018,METHR - Methow River,8/31/2018,8/31/2018,1
3DD.003D3AC031,Mark,PRD - Priest Rapids Dam,8/31/2018,METHR - Methow River,8/31/2018,8/31/2018,1
3DD.003D3AC032,Mark,PRD - Priest Rapids Dam,8/31/2018,"COLR8 - Columbia River - Chelan Falls, WA to Grand Coulee Dam (km 809-960)",8/31/2018,8/31/2018,1
3DD.003D3AC033,Mark,PRD - Priest Rapids Dam,8/31/2018,METHR - Methow River,8/31/2018,8/31/2018,1
3DD.003D3AC034,Mark,PRD - Priest Rapids Dam,8/31/2018,METHR - Methow River,8/31/2018,8/31/2018,1
3DD.003D3AC035,Mark,PRD - Priest Rapids Dam,8/31/2018,METHR - Methow River,8/31/2018,8/31/2018,1
3DD.003D3AC036,Mark,PRD - Priest Rapids Dam,9/7/2018,METHR - Methow River,9/7/2018,9/7/2018,1
3DD.003D3AC037,Mark,PRD - Priest Rapids Dam,8/31/2018,"COLR8 - Columbia River - Chelan Falls, WA to Grand Coulee Dam (km 809-960)",8/31/2018,8/31/2018,1
3DD.003D3AC038,Mark,PRD - Priest Rapids Dam,8/31/2018,METHR - Methow River,8/31/2018,8/31/2018,1
3DD.003D3AC039,Mark,PRD - Priest Rapids Dam,8/31/2018,METHR - Methow River,8/31/2018,8/31/2018,1
3DD.003D3AC03A,Mark,PRD - Priest Rapids Dam,8/31/2018,METHR - Methow River,8/31/2018,8/31/2018,1
3DD.003D3AC03B,Mark,PRD - Priest Rapids Dam,8/31/2018,METHR - Methow River,8/31/2018,8/31/2018,1
3DD.003D3AC03C,Mark,PRD - Priest Rapids Dam,8/31/2018,METHR - Methow River,8/31/2018,8/31/2018,1
3DD.003D3AC03D,Mark,PRD - Priest Rapids Dam,8/31/2018,"COLR8 - Columbia River - Chelan Falls, WA to Grand Coulee Dam (km 809-960)",8/31/2018,8/31/2018,1
3DD.003D3AC03E,Mark,PRD - Priest Rapids Dam,8/31/2018,METHR - Methow River,8/31/2018,8/31/2018,1
3DD.003D3AC03F,Mark,PRD - Priest Rapids Dam,8/31/2018,METHR - Methow River,8/31/2018,8/31/2018,1
3DD.003D3AC040,Mark,PRD - Priest Rapids Dam,8/31/2018,"COLR8 - Columbia River - Chelan Falls, WA to Grand Coulee Dam (km 809-960)",8/31/2018,8/31/2018,1
3DD.003D3AC041,Mark,PRD - Priest Rapids Dam,8/31/2018,METHR - Methow River,8/31/2018,8/31/2018,1
3DD.003D3AC042,Mark,PRD - Priest Rapids Dam,8/31/2018,"COLR8 - Columbia River - Chelan Falls, WA to Grand Coulee Dam (km 809-960)",8/31/2018,8/31/2018,1
3DD.003D3AC043,Mark,PRD - Priest Rapids Dam,8/31/2018,METHR - Methow River,8/31/2018,8/31/2018,1
3DD.003D3AC044,Mark,PRD - Priest Rapids Dam,8/31/2018,METHR - Methow River,8/31/2018,8/31/2018,1
3DD.003D3AC045,Mark,PRD - Priest Rapids Dam,8/31/2018,"COLR8 - Columbia River - Chelan Falls, WA to Grand Coulee Dam (km 809-960)",8/31/2018,8/31/2018,1
3DD.003D3AC046,Mark,PRD - Priest Rapids Dam,8/31/2018,METHR - Methow River,8/31/2018,8/31/2018,1
3DD.003D3AC047,Mark,PRD - Priest Rapids Dam,8/31/2018,METHR - Methow River,8/31/2018,8/31/2018,1
3DD.003D3AC048,Mark,PRD - Priest Rapids Dam,8/31/2018,METHR - Methow River,8/31/2018,8/31/2018,1
3DD.003D3AC049,Mark,PRD - Priest Rapids Dam,8/31/2018,"COLR8 - Columbia River - Chelan Falls, WA to Grand Coulee Dam (km 809-960)",8/31/2018,8/31/2018,1
3DD.003D3AC04A,Mark,PRD - Priest Rapids Dam,8/31/2018,METHR - Methow River,8/31/2018,8/31/2018,1
3DD.003D3AC04B,Mark,PRD - Priest Rapids Dam,8/31/2018,METHR - Methow River,8/31/2018,8/31/2018,1
3DD.003D3AC04C,Mark,PRD - Priest Rapids Dam,8/31/2018,"COLR8 - Columbia River - Chelan Falls, WA to Grand Coulee Dam (km 809-960)",8/31/2018,8/31/2018,1
3DD.003D3AC04D,Mark,PRD - Priest Rapids Dam,8/31/2018,METHR - Methow River,8/31/2018,8/31/2018,1
3DD.003D3AC04E,Mark,PRD - Priest Rapids Dam,9/7/2018,METHR - Methow River,9/7/2018,9/7/2018,1
3DD.003D3AC04F,Mark,PRD - Priest Rapids Dam,8/31/2018,METHR - Methow River,8/31/2018,8/31/2018,1
3DD.003D3AC050,Mark,PRD - Priest Rapids Dam,8/31/2018,METHR - Methow River,8/31/2018,8/31/2018,1
3DD.003D3AC051,Mark,PRD - Priest Rapids Dam,8/31/2018,METHR - Methow River,8/31/2018,8/31/2018,1
3DD.003D3AC052,Mark,PRD - Priest Rapids Dam,8/31/2018,METHR - Methow River,8/31/2018,8/31/2018,1
3DD.003D3AC053,Mark,PRD - Priest Rapids Dam,8/31/2018,METHR - Methow River,8/31/2018,8/31/2018,1
3DD.003D3AC054,Mark,PRD - Priest Rapids Dam,8/31/2018,METHR - Methow River,8/31/2018,8/31/2018,1
3DD.003D3AC055,Mark,PRD - Priest Rapids Dam,8/31/2018,METHR - Methow River,8/31/2018,8/31/2018,1
3DD.003D3AC056,Mark,PRD - Priest Rapids Dam,8/31/2018,METHR - Methow River,8/31/2018,8/31/2018,1
3DD.003D3AC057,Mark,PRD - Priest Rapids Dam,8/31/2018,METHR - Methow River,8/31/2018,8/31/2018,1
3DD.003D3AC058,Mark,PRD - Priest Rapids Dam,8/31/2018,METHR - Methow River,8/31/2018,8/31/2018,1
3DD.003D3AC059,Mark,PRD - Priest Rapids Dam,8/31/2018,METHR - Methow River,8/31/2018,8/31/2018,1
3DD.003D3AC05A,Mark,PRD - Priest Rapids Dam,8/31/2018,METHR - Methow River,8/31/2018,8/31/2018,1
3DD.003D3AC05B,Mark,PRD - Priest Rapids Dam,8/31/2018,METHR - Methow River,8/31/2018,8/31/2018,1
3DD.003D3AC05C,Mark,PRD - Priest Rapids Dam,8/31/2018,METHR - Methow River,8/31/2018,8/31/2018,1
3DD.003D3AC05D,Mark,PRD - Priest Rapids Dam,8/31/2018,METHR - Methow River,8/31/2018,8/31/2018,1
3DD.003D3AC05E,Mark,PRD - Priest Rapids Dam,8/31/2018,METHR - Methow River,8/31/2018,8/31/2018,1
3DD.003D3AC05F,Mark,PRD - Priest Rapids Dam,8/31/2018,METHR - Methow River,8/31/2018,8/31/2018,1
3DD.003D3AC060,Mark,PRD - Priest Rapids Dam,8/31/2018,METHR - Methow River,8/31/2018,8/31/2018,1
3DD.003D3AC061,Mark,PRD - Priest Rapids Dam,8/31/2018,METHR - Methow River,8/31/2018,8/31/2018,1
3DD.003D3AC062,Mark,PRD - Priest Rapids Dam,8/31/2018,METHR - Methow River,8/31/2018,8/31/2018,1
3DD.003D3AC063,Mark,PRD - Priest Rapids Dam,8/31/2018,METHR - Methow River,8/31/2018,8/31/2018,1
3DD.003D3AC064,Mark,PRD - Priest Rapids Dam,8/31/2018,METHR - Methow River,8/31/2018,8/31/2018,1
3DD.003D3AC065,Mark,PRD - Priest Rapids Dam,8/31/2018,"COLR8 - Columbia River - Chelan Falls, WA to Grand Coulee Dam (km 809-960)",8/31/2018,8/31/2018,1
3DD.003D3AC066,Mark,PRD - Priest Rapids Dam,8/31/2018,METHR - Methow River,8/31/2018,8/31/2018,1
3DD.003D3AC067,Mark,PRD - Priest Rapids Dam,8/31/2018,METHR - Methow River,8/31/2018,8/31/2018,1
3DD.003D3AC068,Mark,PRD - Priest Rapids Dam,8/31/2018,METHR - Methow River,8/31/2018,8/31/2018,1
3DD.003D3AC069,Mark,PRD - Priest Rapids Dam,8/31/2018,"COLR8 - Columbia River - Chelan Falls, WA to Grand Coulee Dam (km 809-960)",8/31/2018,8/31/2018,1
3DD.003D3AC06A,Mark,PRD - Priest Rapids Dam,8/31/2018,METHR - Methow River,8/31/2018,8/31/2018,1
3DD.003D3AC06B,Mark,PRD - Priest Rapids Dam,8/31/2018,METHR - Methow River,8/31/2018,8/31/2018,1
3DD.003D3AC06C,Mark,PRD - Priest Rapids Dam,8/31/2018,METHR - Methow River,8/31/2018,8/31/2018,1
3DD.003D3AC06D,Mark,PRD - Priest Rapids Dam,8/31/2018,METHR - Methow River,8/31/2018,8/31/2018,1
3DD.003D3AC06E,Mark,PRD - Priest Rapids Dam,8/31/2018,METHR - Methow River,8/31/2018,8/31/2018,1
3DD.003D3AC06F,Mark,PRD - Priest Rapids Dam,8/31/2018,"COLR8 - Columbia River - Chelan Falls, WA to Grand Coulee Dam (km 809-960)",8/31/2018,8/31/2018,1
3DD.003D3AC070,Mark,PRD - Priest Rapids Dam,8/31/2018,METHR - Methow River,8/31/2018,8/31/2018,1
3DD.003D3AC071,Mark,PRD - Priest Rapids Dam,8/31/2018,METHR - Methow River,8/31/2018,8/31/2018,1
3DD.003D3AC072,Mark,PRD - Priest Rapids Dam,8/31/2018,METHR - Methow River,8/31/2018,8/31/2018,1
3DD.003D3AC073,Mark,PRD - Priest Rapids Dam,8/31/2018,"COLR8 - Columbia River - Chelan Falls, WA to Grand Coulee Dam (km 809-960)",8/31/2018,8/31/2018,1
3DD.003D3AC074,Mark,PRD - Priest Rapids Dam,8/31/2018,"COLR8 - Columbia River - Chelan Falls, WA to Grand Coulee Dam (km 809-960)",8/31/2018,8/31/2018,1
3DD.003D3AC075,Mark,PRD - Priest Rapids Dam,8/31/2018,METHR - Methow River,8/31/2018,8/31/2018,1
3DD.003D3AC076,Mark,PRD - Priest Rapids Dam,9/7/2018,METHR - Methow River,9/7/2018,9/7/2018,1
3DD.003D3AC077,Mark,PRD - Priest Rapids Dam,8/31/2018,METHR - Methow River,8/31/2018,8/31/2018,1
3DD.003D3AC078,Mark,PRD - Priest Rapids Dam,8/31/2018,METHR - Methow River,8/31/2018,8/31/2018,1
3DD.003D3AC079,Mark,PRD - Priest Rapids Dam,8/31/2018,METHR - Methow River,8/31/2018,8/31/2018,1
3DD.003D3AC07A,Mark,PRD - Priest Rapids Dam,8/31/2018,METHR - Methow River,8/31/2018,8/31/2018,1
3DD.003D3AC07B,Mark,PRD - Priest Rapids Dam,8/31/2018,METHR - Methow River,8/31/2018,8/31/2018,1
3DD.003D3AC07C,Mark,PRD - Priest Rapids Dam,8/31/2018,METHR - Methow River,8/31/2018,8/31/2018,1
3DD.003D3AC07D,Mark,PRD - Priest Rapids Dam,8/31/2018,METHR - Methow River,8/31/2018,8/31/2018,1
3DD.003D3AC07E,Mark,PRD - Priest Rapids Dam,8/31/2018,METHR - Methow River,8/31/2018,8/31/2018,1
3DD.003D7D1AFF,Mark,WELH - Wells Hatchery,8/5/2021,WELSBR - Starr Boat Ramp on west shore 5 km upstream of Wells Dam,8/5/2021,8/5/2021,1
3DD.003D8776D2,Mark,WELH - Wells Hatchery,8/19/2021,SIMILR - Similkameen River,8/19/2021,8/19/2021,1
3DD.003D87794B,Mark,WELH - Wells Hatchery,8/19/2021,SIMILR - Similkameen River,8/19/2021,8/19/2021,1
3DD.003D87D63A,Mark,WELH - Wells Hatchery,8/19/2021,SIMILR - Similkameen River,8/19/2021,8/19/2021,1
3DD.003D87D9C5,Mark,WELH - Wells Hatchery,8/19/2021,SIMILR - Similkameen River,8/19/2021,8/19/2021,1
3DD.003D88200A,Mark,WELH - Wells Hatchery,8/19/2021,SIMILR - Similkameen River,8/19/2021,8/19/2021,1
3DD.003D88ACD0,Mark,WELH - Wells Hatchery,8/19/2021,SIMILR - Similkameen River,8/19/2021,8/19/2021,1
3DD.003D89005A,Mark,WELH - Wells Hatchery,8/19/2021,SIMILR - Similkameen River,8/19/2021,8/19/2021,1
3DD.003D8900C4,Mark,WELH - Wells Hatchery,8/19/2021,SIMILR - Similkameen River,8/19/2021,8/19/2021,1
3DD.003D890903,Mark,WELH - Wells Hatchery,8/19/2021,SIMILR - Similkameen River,8/19/2021,8/19/2021,1
3DD.003D895E3E,Mark,WELH - Wells Hatchery,8/19/2021,SIMILR - Similkameen River,8/19/2021,8/19/2021,1
3DD.003D937347,Mark,WELH - Wells Hatchery,9/9/2021,"LOUPLC - Loup Loup Creek, Okanogan River Basin",9/9/2021,9/9/2021,1
3DD.003D937352,Mark,WELH - Wells Hatchery,9/9/2021,"LOUPLC - Loup Loup Creek, Okanogan River Basin",9/9/2021,9/9/2021,1
3DD.003D93735D,Mark,WELH - Wells Hatchery,9/9/2021,"LOUPLC - Loup Loup Creek, Okanogan River Basin",9/9/2021,9/9/2021,1
3DD.003D93736D,Mark,WELH - Wells Hatchery,9/9/2021,"LOUPLC - Loup Loup Creek, Okanogan River Basin",9/9/2021,9/9/2021,1
3DD.003D937376,Mark,WELH - Wells Hatchery,9/9/2021,"LOUPLC - Loup Loup Creek, Okanogan River Basin",9/9/2021,9/9/2021,1
3DD.003D937392,Mark,WELH - Wells Hatchery,9/9/2021,"LOUPLC - Loup Loup Creek, Okanogan River Basin",9/9/2021,9/9/2021,1
3DD.003D93739B,Mark,WELH - Wells Hatchery,9/9/2021,"LOUPLC - Loup Loup Creek, Okanogan River Basin",9/9/2021,9/9/2021,1
3DD.003D9373A1,Mark,WELH - Wells Hatchery,9/9/2021,"LOUPLC - Loup Loup Creek, Okanogan River Basin",9/9/2021,9/9/2021,1
3DD.003D937662,Mark,WELH - Wells Hatchery,8/13/2020,WELSBR - Starr Boat Ramp on west shore 5 km upstream of Wells Dam,8/13/2020,8/13/2020,1
3DD.003D937663,Mark,WELH - Wells Hatchery,8/20/2020,SALMOC - Salmon Creek (tributary to Okanogan River),8/20/2020,8/20/2020,1
3DD.003D937664,Mark,WELH - Wells Hatchery,8/13/2020,SALMOC - Salmon Creek (tributary to Okanogan River),8/13/2020,8/13/2020,1
3DD.003D937665,Mark,WELH - Wells Hatchery,8/13/2020,WELSBR - Starr Boat Ramp on west shore 5 km upstream of Wells Dam,8/13/2020,8/13/2020,1
3DD.003D937666,Mark,WELH - Wells Hatchery,8/13/2020,WELSBR - Starr Boat Ramp on west shore 5 km upstream of Wells Dam,8/13/2020,8/13/2020,1
3DD.003D937667,Mark,WELH - Wells Hatchery,8/13/2020,WELSBR - Starr Boat Ramp on west shore 5 km upstream of Wells Dam,8/13/2020,8/13/2020,1
3DD.003D937668,Mark,WELH - Wells Hatchery,8/13/2020,WELSBR - Starr Boat Ramp on west shore 5 km upstream of Wells Dam,8/13/2020,8/13/2020,1
3DD.003D937669,Mark,WELH - Wells Hatchery,8/13/2020,OMAKC - Omak Creek (tributary to Okanogan River),8/13/2020,8/13/2020,1
3DD.003D93766A,Mark,WELH - Wells Hatchery,8/13/2020,WELSBR - Starr Boat Ramp on west shore 5 km upstream of Wells Dam,8/13/2020,8/13/2020,1
3DD.003D93766B,Mark,WELH - Wells Hatchery,8/20/2020,WELSBR - Starr Boat Ramp on west shore 5 km upstream of Wells Dam,8/20/2020,8/20/2020,1
3DD.003D93766C,Mark,WELH - Wells Hatchery,8/20/2020,SALMOC - Salmon Creek (tributary to Okanogan River),8/20/2020,8/20/2020,1
3DD.003D93766D,Mark,WELH - Wells Hatchery,8/20/2020,SALMOC - Salmon Creek (tributary to Okanogan River),8/20/2020,8/20/2020,1
3DD.003D93766E,Mark,WELH - Wells Hatchery,8/13/2020,WELSBR - Starr Boat Ramp on west shore 5 km upstream of Wells Dam,8/13/2020,8/13/2020,1
3DD.003D93766F,Mark,WELH - Wells Hatchery,8/13/2020,WELSBR - Starr Boat Ramp on west shore 5 km upstream of Wells Dam,8/13/2020,8/13/2020,1
3DD.003D937670,Mark,WELH - Wells Hatchery,8/13/2020,WELSBR - Starr Boat Ramp on west shore 5 km upstream of Wells Dam,8/13/2020,8/13/2020,1
3DD.003D937671,Mark,WELH - Wells Hatchery,8/13/2020,WELSBR - Starr Boat Ramp on west shore 5 km upstream of Wells Dam,8/13/2020,8/13/2020,1
3DD.003D937672,Mark,WELH - Wells Hatchery,8/20/2020,SALMOC - Salmon Creek (tributary to Okanogan River),8/20/2020,8/20/2020,1
3DD.003D937673,Mark,WELH - Wells Hatchery,8/13/2020,WELSBR - Starr Boat Ramp on west shore 5 km upstream of Wells Dam,8/13/2020,8/13/2020,1
3DD.003D937674,Mark,WELH - Wells Hatchery,8/20/2020,"LOUPLC - Loup Loup Creek, Okanogan River Basin",8/20/2020,8/20/2020,1
3DD.003D937675,Mark,WELH - Wells Hatchery,8/13/2020,WELSBR - Starr Boat Ramp on west shore 5 km upstream of Wells Dam,8/13/2020,8/13/2020,1
3DD.003D937676,Mark,WELH - Wells Hatchery,8/13/2020,WELSBR - Starr Boat Ramp on west shore 5 km upstream of Wells Dam,8/13/2020,8/13/2020,1
3DD.003D937677,Mark,WELH - Wells Hatchery,8/20/2020,"LOUPLC - Loup Loup Creek, Okanogan River Basin",8/20/2020,8/20/2020,1
3DD.003D937678,Mark,WELH - Wells Hatchery,8/13/2020,SALMOC - Salmon Creek (tributary to Okanogan River),8/13/2020,8/13/2020,1
3DD.003D937679,Mark,WELH - Wells Hatchery,8/13/2020,WELSBR - Starr Boat Ramp on west shore 5 km upstream of Wells Dam,8/13/2020,8/13/2020,1
3DD.003D93767A,Mark,WELH - Wells Hatchery,8/13/2020,WELSBR - Starr Boat Ramp on west shore 5 km upstream of Wells Dam,8/13/2020,8/13/2020,1
3DD.003D93767B,Mark,WELH - Wells Hatchery,8/20/2020,SALMOC - Salmon Creek (tributary to Okanogan River),8/20/2020,8/20/2020,1
3DD.003D93767C,Mark,WELH - Wells Hatchery,8/20/2020,SALMOC - Salmon Creek (tributary to Okanogan River),8/20/2020,8/20/2020,1
3DD.003D93767D,Mark,WELH - Wells Hatchery,8/13/2020,OMAKC - Omak Creek (tributary to Okanogan River),8/13/2020,8/13/2020,1
3DD.003D93767E,Mark,WELH - Wells Hatchery,8/13/2020,WELSBR - Starr Boat Ramp on west shore 5 km upstream of Wells Dam,8/13/2020,8/13/2020,1
3DD.003D93767F,Mark,WELH - Wells Hatchery,8/13/2020,SALMOC - Salmon Creek (tributary to Okanogan River),8/13/2020,8/13/2020,1
3DD.003D937680,Mark,WELH - Wells Hatchery,8/13/2020,WELSBR - Starr Boat Ramp on west shore 5 km upstream of Wells Dam,8/13/2020,8/13/2020,1
3DD.003D937681,Mark,WELH - Wells Hatchery,8/13/2020,SALMOC - Salmon Creek (tributary to Okanogan River),8/13/2020,8/13/2020,1
3DD.003D937682,Mark,WELH - Wells Hatchery,8/13/2020,OMAKC - Omak Creek (tributary to Okanogan River),8/13/2020,8/13/2020,1
3DD.003D937683,Mark,WELH - Wells Hatchery,8/13/2020,OMAKC - Omak Creek (tributary to Okanogan River),8/13/2020,8/13/2020,1
3DD.003D937684,Mark,WELH - Wells Hatchery,8/13/2020,SALMOC - Salmon Creek (tributary to Okanogan River),8/13/2020,8/13/2020,1
3DD.003D937685,Mark,WELH - Wells Hatchery,8/13/2020,WELSBR - Starr Boat Ramp on west shore 5 km upstream of Wells Dam,8/13/2020,8/13/2020,1
3DD.003D937686,Mark,WELH - Wells Hatchery,8/13/2020,WELSBR - Starr Boat Ramp on west shore 5 km upstream of Wells Dam,8/13/2020,8/13/2020,1
3DD.003D937687,Mark,WELH - Wells Hatchery,8/13/2020,WELSBR - Starr Boat Ramp on west shore 5 km upstream of Wells Dam,8/13/2020,8/13/2020,1
3DD.003D937688,Mark,WELH - Wells Hatchery,8/13/2020,WELSBR - Starr Boat Ramp on west shore 5 km upstream of Wells Dam,8/13/2020,8/13/2020,1
3DD.003D937689,Mark,WELH - Wells Hatchery,8/13/2020,SALMOC - Salmon Creek (tributary to Okanogan River),8/13/2020,8/13/2020,1
3DD.003D93768A,Mark,WELH - Wells Hatchery,8/13/2020,OMAKC - Omak Creek (tributary to Okanogan River),8/13/2020,8/13/2020,1
3DD.003D93768B,Mark,WELH - Wells Hatchery,8/13/2020,OMAKC - Omak Creek (tributary to Okanogan River),8/13/2020,8/13/2020,1
3DD.003D93768C,Mark,WELH - Wells Hatchery,8/20/2020,"LOUPLC - Loup Loup Creek, Okanogan River Basin",8/20/2020,8/20/2020,1
3DD.003D93768D,Mark,WELH - Wells Hatchery,8/13/2020,OMAKC - Omak Creek (tributary to Okanogan River),8/13/2020,8/13/2020,1
3DD.003D93768E,Mark,WELH - Wells Hatchery,8/20/2020,WELSBR - Starr Boat Ramp on west shore 5 km upstream of Wells Dam,8/20/2020,8/20/2020,1
3DD.003D93768F,Mark,WELH - Wells Hatchery,8/13/2020,WELSBR - Starr Boat Ramp on west shore 5 km upstream of Wells Dam,8/13/2020,8/13/2020,1
3DD.003D937690,Mark,WELH - Wells Hatchery,8/13/2020,WELSBR - Starr Boat Ramp on west shore 5 km upstream of Wells Dam,8/13/2020,8/13/2020,1
3DD.003D937691,Mark,WELH - Wells Hatchery,8/13/2020,WELSBR - Starr Boat Ramp on west shore 5 km upstream of Wells Dam,8/13/2020,8/13/2020,1
3DD.003D937692,Mark,WELH - Wells Hatchery,8/13/2020,SALMOC - Salmon Creek (tributary to Okanogan River),8/13/2020,8/13/2020,1
3DD.003D937693,Mark,WELH - Wells Hatchery,8/13/2020,WELSBR - Starr Boat Ramp on west shore 5 km upstream of Wells Dam,8/13/2020,8/13/2020,1
3DD.003D937694,Mark,WELH - Wells Hatchery,8/13/2020,OMAKC - Omak Creek (tributary to Okanogan River),8/13/2020,8/13/2020,1
3DD.003D937695,Mark,WELH - Wells Hatchery,8/13/2020,WELSBR - Starr Boat Ramp on west shore 5 km upstream of Wells Dam,8/13/2020,8/13/2020,1
3DD.003D937696,Mark,WELH - Wells Hatchery,8/13/2020,WELSBR - Starr Boat Ramp on west shore 5 km upstream of Wells Dam,8/13/2020,8/13/2020,1
3DD.003D937697,Mark,WELH - Wells Hatchery,8/13/2020,SALMOC - Salmon Creek (tributary to Okanogan River),8/13/2020,8/13/2020,1
3DD.003D937698,Mark,WELH - Wells Hatchery,8/13/2020,SALMOC - Salmon Creek (tributary to Okanogan River),8/13/2020,8/13/2020,1
3DD.003D937699,Mark,WELH - Wells Hatchery,8/20/2020,"LOUPLC - Loup Loup Creek, Okanogan River Basin",8/20/2020,8/20/2020,1
3DD.003D93769A,Mark,WELH - Wells Hatchery,8/13/2020,WELSBR - Starr Boat Ramp on west shore 5 km upstream of Wells Dam,8/13/2020,8/13/2020,1
3DD.003D93769B,Mark,WELH - Wells Hatchery,8/20/2020,"LOUPLC - Loup Loup Creek, Okanogan River Basin",8/20/2020,8/20/2020,1
3DD.003D93769C,Mark,WELH - Wells Hatchery,8/13/2020,WELSBR - Starr Boat Ramp on west shore 5 km upstream of Wells Dam,8/13/2020,8/13/2020,1
3DD.003D93769D,Mark,WELH - Wells Hatchery,8/13/2020,WELSBR - Starr Boat Ramp on west shore 5 km upstream of Wells Dam,8/13/2020,8/13/2020,1
3DD.003D93769E,Mark,WELH - Wells Hatchery,8/13/2020,WELSBR - Starr Boat Ramp on west shore 5 km upstream of Wells Dam,8/13/2020,8/13/2020,1
3DD.003D93769F,Mark,WELH - Wells Hatchery,8/13/2020,WELSBR - Starr Boat Ramp on west shore 5 km upstream of Wells Dam,8/13/2020,8/13/2020,1
3DD.003D9376A0,Mark,WELH - Wells Hatchery,8/20/2020,SALMOC - Salmon Creek (tributary to Okanogan River),8/20/2020,8/20/2020,1
3DD.003D9376A1,Mark,WELH - Wells Hatchery,8/20/2020,"LOUPLC - Loup Loup Creek, Okanogan River Basin",8/20/2020,8/20/2020,1
3DD.003D9376A2,Mark,WELH - Wells Hatchery,8/13/2020,SALMOC - Salmon Creek (tributary to Okanogan River),8/13/2020,8/13/2020,1
3DD.003D9376A3,Mark,WELH - Wells Hatchery,8/20/2020,"LOUPLC - Loup Loup Creek, Okanogan River Basin",8/20/2020,8/20/2020,1
3DD.003D9376A4,Mark,WELH - Wells Hatchery,8/13/2020,OMAKC - Omak Creek (tributary to Okanogan River),8/13/2020,8/13/2020,1
3DD.003D9376A5,Mark,WELH - Wells Hatchery,8/13/2020,SALMOC - Salmon Creek (tributary to Okanogan River),8/13/2020,8/13/2020,1
3DD.003D9376A6,Mark,WELH - Wells Hatchery,8/13/2020,WELSBR - Starr Boat Ramp on west shore 5 km upstream of Wells Dam,8/13/2020,8/13/2020,1
3DD.003D9376A7,Mark,WELH - Wells Hatchery,8/13/2020,WELSBR - Starr Boat Ramp on west shore 5 km upstream of Wells Dam,8/13/2020,8/13/2020,1
3DD.003D9376A8,Mark,WELH - Wells Hatchery,8/13/2020,WELSBR - Starr Boat Ramp on west shore 5 km upstream of Wells Dam,8/13/2020,8/13/2020,1
3DD.003D9376A9,Mark,WELH - Wells Hatchery,8/13/2020,WELSBR - Starr Boat Ramp on west shore 5 km upstream of Wells Dam,8/13/2020,8/13/2020,1
3DD.003D9376AA,Mark,WELH - Wells Hatchery,8/20/2020,SALMOC - Salmon Creek (tributary to Okanogan River),8/20/2020,8/20/2020,1
3DD.003D9376AB,Mark,WELH - Wells Hatchery,8/13/2020,SALMOC - Salmon Creek (tributary to Okanogan River),8/13/2020,8/13/2020,1
3DD.003D9376AC,Mark,WELH - Wells Hatchery,8/13/2020,WELSBR - Starr Boat Ramp on west shore 5 km upstream of Wells Dam,8/13/2020,8/13/2020,1
3DD.003D9376AD,Mark,WELH - Wells Hatchery,8/13/2020,WELSBR - Starr Boat Ramp on west shore 5 km upstream of Wells Dam,8/13/2020,8/13/2020,1
3DD.003D9376AE,Mark,WELH - Wells Hatchery,8/20/2020,SALMOC - Salmon Creek (tributary to Okanogan River),8/20/2020,8/20/2020,1
3DD.003D9376AF,Mark,WELH - Wells Hatchery,8/20/2020,SALMOC - Salmon Creek (tributary to Okanogan River),8/20/2020,8/20/2020,1
3DD.003D9376B0,Mark,WELH - Wells Hatchery,8/20/2020,"LOUPLC - Loup Loup Creek, Okanogan River Basin",8/20/2020,8/20/2020,1
3DD.003D9376B1,Mark,WELH - Wells Hatchery,8/13/2020,WELSBR - Starr Boat Ramp on west shore 5 km upstream of Wells Dam,8/13/2020,8/13/2020,1
3DD.003D9376B2,Mark,WELH - Wells Hatchery,8/13/2020,SALMOC - Salmon Creek (tributary to Okanogan River),8/13/2020,8/13/2020,1
3DD.003D9376B3,Mark,WELH - Wells Hatchery,8/13/2020,WELSBR - Starr Boat Ramp on west shore 5 km upstream of Wells Dam,8/13/2020,8/13/2020,1
3DD.003D9376B4,Mark,WELH - Wells Hatchery,8/13/2020,WELSBR - Starr Boat Ramp on west shore 5 km upstream of Wells Dam,8/13/2020,8/13/2020,1
3DD.003D9376B5,Mark,WELH - Wells Hatchery,8/20/2020,"LOUPLC - Loup Loup Creek, Okanogan River Basin",8/20/2020,8/20/2020,1
3DD.003D9376B6,Mark,WELH - Wells Hatchery,8/13/2020,WELSBR - Starr Boat Ramp on west shore 5 km upstream of Wells Dam,8/13/2020,8/13/2020,1
3DD.003D9376B7,Mark,WELH - Wells Hatchery,8/13/2020,WELSBR - Starr Boat Ramp on west shore 5 km upstream of Wells Dam,8/13/2020,8/13/2020,1
3DD.003D9376B8,Mark,WELH - Wells Hatchery,8/13/2020,SALMOC - Salmon Creek (tributary to Okanogan River),8/13/2020,8/13/2020,1
3DD.003D9376B9,Mark,WELH - Wells Hatchery,8/13/2020,SALMOC - Salmon Creek (tributary to Okanogan River),8/13/2020,8/13/2020,1
3DD.003D9376BA,Mark,WELH - Wells Hatchery,8/20/2020,"LOUPLC - Loup Loup Creek, Okanogan River Basin",8/20/2020,8/20/2020,1
3DD.003D9376BB,Mark,WELH - Wells Hatchery,8/13/2020,WELSBR - Starr Boat Ramp on west shore 5 km upstream of Wells Dam,8/13/2020,8/13/2020,1
3DD.003D9376BC,Mark,WELH - Wells Hatchery,8/13/2020,WELSBR - Starr Boat Ramp on west shore 5 km upstream of Wells Dam,8/13/2020,8/13/2020,1
3DD.003D9376BD,Mark,WELH - Wells Hatchery,8/13/2020,WELSBR - Starr Boat Ramp on west shore 5 km upstream of Wells Dam,8/13/2020,8/13/2020,1
3DD.003D9376BE,Mark,WELH - Wells Hatchery,8/13/2020,SALMOC - Salmon Creek (tributary to Okanogan River),8/13/2020,8/13/2020,1
3DD.003D9376BF,Mark,WELH - Wells Hatchery,8/13/2020,OMAKC - Omak Creek (tributary to Okanogan River),8/13/2020,8/13/2020,1
3DD.003D9376C0,Mark,WELH - Wells Hatchery,8/13/2020,WELSBR - Starr Boat Ramp on west shore 5 km upstream of Wells Dam,8/13/2020,8/13/2020,1
3DD.003D9376C1,Mark,WELH - Wells Hatchery,8/13/2020,OMAKC - Omak Creek (tributary to Okanogan River),8/13/2020,8/13/2020,1
3DD.003D9376C2,Mark,WELH - Wells Hatchery,8/13/2020,WELSBR - Starr Boat Ramp on west shore 5 km upstream of Wells Dam,8/13/2020,8/13/2020,1
3DD.003D9376C3,Mark,WELH - Wells Hatchery,8/13/2020,OMAKC - Omak Creek (tributary to Okanogan River),8/13/2020,8/13/2020,1
3DD.003D9376C4,Mark,WELH - Wells Hatchery,8/13/2020,WELSBR - Starr Boat Ramp on west shore 5 km upstream of Wells Dam,8/13/2020,8/13/2020,1
3DD.003D9376C5,Mark,WELH - Wells Hatchery,8/13/2020,WELSBR - Starr Boat Ramp on west shore 5 km upstream of Wells Dam,8/13/2020,8/13/2020,1
3DD.003D93772A,Mark,WELH - Wells Hatchery,7/21/2022,"COLR7 - Columbia River - Lower Crab Creek to Chelan Falls, WA (km 661-809)",7/22/2022,7/21/2022,1
3DD.003D93772B,Mark,WELH - Wells Hatchery,7/28/2022,"COLR7 - Columbia River - Lower Crab Creek to Chelan Falls, WA (km 661-809)",7/29/2022,7/28/2022,1
3DD.003D93772C,Mark,WELH - Wells Hatchery,7/28/2022,"COLR7 - Columbia River - Lower Crab Creek to Chelan Falls, WA (km 661-809)",7/29/2022,7/28/2022,1
3DD.003D93772D,Mark,WELH - Wells Hatchery,8/4/2022,"COLR7 - Columbia River - Lower Crab Creek to Chelan Falls, WA (km 661-809)",8/5/2022,8/4/2022,1
3DD.003D93772E,Mark,WELH - Wells Hatchery,7/28/2022,"COLR7 - Columbia River - Lower Crab Creek to Chelan Falls, WA (km 661-809)",7/29/2022,7/28/2022,1
3DD.003D93772F,Mark,WELH - Wells Hatchery,8/4/2022,"COLR7 - Columbia River - Lower Crab Creek to Chelan Falls, WA (km 661-809)",8/5/2022,8/4/2022,1
3DD.003D937730,Mark,WELH - Wells Hatchery,7/28/2022,"COLR7 - Columbia River - Lower Crab Creek to Chelan Falls, WA (km 661-809)",7/29/2022,7/28/2022,1
3DD.003D937731,Mark,WELH - Wells Hatchery,8/4/2022,"COLR7 - Columbia River - Lower Crab Creek to Chelan Falls, WA (km 661-809)",8/5/2022,8/4/2022,1
3DD.003D937732,Mark,WELH - Wells Hatchery,8/4/2022,"COLR7 - Columbia River - Lower Crab Creek to Chelan Falls, WA (km 661-809)",8/5/2022,8/4/2022,1
3DD.003D937733,Mark,WELH - Wells Hatchery,7/21/2022,"COLR7 - Columbia River - Lower Crab Creek to Chelan Falls, WA (km 661-809)",7/22/2022,7/21/2022,1
3DD.003D937734,Mark,WELH - Wells Hatchery,7/21/2022,"COLR7 - Columbia River - Lower Crab Creek to Chelan Falls, WA (km 661-809)",7/22/2022,7/21/2022,1
3DD.003D937735,Mark,WELH - Wells Hatchery,8/4/2022,"COLR7 - Columbia River - Lower Crab Creek to Chelan Falls, WA (km 661-809)",8/5/2022,8/4/2022,1
3DD.003D937736,Mark,WELH - Wells Hatchery,7/21/2022,"COLR7 - Columbia River - Lower Crab Creek to Chelan Falls, WA (km 661-809)",7/22/2022,7/21/2022,1
3DD.003D937738,Mark,WELH - Wells Hatchery,8/4/2022,"COLR7 - Columbia River - Lower Crab Creek to Chelan Falls, WA (km 661-809)",8/5/2022,8/4/2022,1
3DD.003D937739,Mark,WELH - Wells Hatchery,7/28/2022,"COLR7 - Columbia River - Lower Crab Creek to Chelan Falls, WA (km 661-809)",7/29/2022,7/28/2022,1
3DD.003D93773A,Mark,WELH - Wells Hatchery,8/4/2022,"COLR7 - Columbia River - Lower Crab Creek to Chelan Falls, WA (km 661-809)",8/5/2022,8/4/2022,1
3DD.003D93773C,Mark,WELH - Wells Hatchery,8/4/2022,"COLR7 - Columbia River - Lower Crab Creek to Chelan Falls, WA (km 661-809)",8/5/2022,8/4/2022,1
3DD.003D93773D,Mark,WELH - Wells Hatchery,7/21/2022,"COLR7 - Columbia River - Lower Crab Creek to Chelan Falls, WA (km 661-809)",7/22/2022,7/21/2022,1
3DD.003D93773E,Mark,WELH - Wells Hatchery,8/4/2022,"COLR7 - Columbia River - Lower Crab Creek to Chelan Falls, WA (km 661-809)",8/5/2022,8/4/2022,1
3DD.003D937740,Mark,WELH - Wells Hatchery,7/21/2022,"COLR7 - Columbia River - Lower Crab Creek to Chelan Falls, WA (km 661-809)",7/22/2022,7/21/2022,1
3DD.003D937741,Mark,WELH - Wells Hatchery,7/21/2022,"COLR7 - Columbia River - Lower Crab Creek to Chelan Falls, WA (km 661-809)",7/22/2022,7/21/2022,1
3DD.003D937742,Mark,WELH - Wells Hatchery,7/28/2022,"COLR7 - Columbia River - Lower Crab Creek to Chelan Falls, WA (km 661-809)",7/29/2022,7/28/2022,1
3DD.003D937744,Mark,WELH - Wells Hatchery,7/21/2022,"COLR7 - Columbia River - Lower Crab Creek to Chelan Falls, WA (km 661-809)",7/22/2022,7/21/2022,1
3DD.003D937746,Mark,WELH - Wells Hatchery,7/28/2022,"COLR7 - Columbia River - Lower Crab Creek to Chelan Falls, WA (km 661-809)",7/29/2022,7/28/2022,1
3DD.003D937747,Mark,WELH - Wells Hatchery,7/28/2022,"COLR7 - Columbia River - Lower Crab Creek to Chelan Falls, WA (km 661-809)",7/29/2022,7/28/2022,1
3DD.003D937748,Mark,WELH - Wells Hatchery,7/28/2022,"COLR7 - Columbia River - Lower Crab Creek to Chelan Falls, WA (km 661-809)",7/29/2022,7/28/2022,1
3DD.003D937749,Mark,WELH - Wells Hatchery,7/28/2022,"COLR7 - Columbia River - Lower Crab Creek to Chelan Falls, WA (km 661-809)",7/29/2022,7/28/2022,1
3DD.003D93774A,Mark,WELH - Wells Hatchery,8/4/2022,"COLR7 - Columbia River - Lower Crab Creek to Chelan Falls, WA (km 661-809)",8/5/2022,8/4/2022,1
3DD.003D93774B,Mark,WELH - Wells Hatchery,7/28/2022,"COLR7 - Columbia River - Lower Crab Creek to Chelan Falls, WA (km 661-809)",7/29/2022,7/28/2022,1
3DD.003D93774C,Mark,WELH - Wells Hatchery,7/28/2022,"COLR7 - Columbia River - Lower Crab Creek to Chelan Falls, WA (km 661-809)",7/29/2022,7/28/2022,1
3DD.003D93774D,Mark,WELH - Wells Hatchery,7/28/2022,"COLR7 - Columbia River - Lower Crab Creek to Chelan Falls, WA (km 661-809)",7/29/2022,7/28/2022,1
3DD.003D93774E,Mark,WELH - Wells Hatchery,7/21/2022,"COLR7 - Columbia River - Lower Crab Creek to Chelan Falls, WA (km 661-809)",7/22/2022,7/21/2022,1
3DD.003D93774F,Mark,WELH - Wells Hatchery,7/28/2022,"COLR7 - Columbia River - Lower Crab Creek to Chelan Falls, WA (km 661-809)",7/29/2022,7/28/2022,1
3DD.003D937750,Mark,WELH - Wells Hatchery,7/28/2022,"COLR7 - Columbia River - Lower Crab Creek to Chelan Falls, WA (km 661-809)",7/29/2022,7/28/2022,1
3DD.003D937751,Mark,WELH - Wells Hatchery,8/4/2022,"COLR7 - Columbia River - Lower Crab Creek to Chelan Falls, WA (km 661-809)",8/5/2022,8/4/2022,1
3DD.003D937752,Mark,WELH - Wells Hatchery,7/28/2022,"COLR7 - Columbia River - Lower Crab Creek to Chelan Falls, WA (km 661-809)",7/29/2022,7/28/2022,1
3DD.003D937753,Mark,WELH - Wells Hatchery,7/21/2022,"COLR7 - Columbia River - Lower Crab Creek to Chelan Falls, WA (km 661-809)",7/22/2022,7/21/2022,1
3DD.003D937754,Mark,WELH - Wells Hatchery,7/21/2022,"COLR7 - Columbia River - Lower Crab Creek to Chelan Falls, WA (km 661-809)",7/22/2022,7/21/2022,1
3DD.003D937755,Mark,WELH - Wells Hatchery,7/28/2022,"COLR7 - Columbia River - Lower Crab Creek to Chelan Falls, WA (km 661-809)",7/29/2022,7/28/2022,1
3DD.003D937756,Mark,WELH - Wells Hatchery,7/21/2022,"COLR7 - Columbia River - Lower Crab Creek to Chelan Falls, WA (km 661-809)",7/22/2022,7/21/2022,1
3DD.003D937757,Mark,WELH - Wells Hatchery,8/4/2022,"COLR7 - Columbia River - Lower Crab Creek to Chelan Falls, WA (km 661-809)",8/5/2022,8/4/2022,1
3DD.003D937758,Mark,WELH - Wells Hatchery,7/28/2022,"COLR7 - Columbia River - Lower Crab Creek to Chelan Falls, WA (km 661-809)",7/29/2022,7/28/2022,1
3DD.003D937759,Mark,WELH - Wells Hatchery,7/28/2022,"COLR7 - Columbia River - Lower Crab Creek to Chelan Falls, WA (km 661-809)",7/29/2022,7/28/2022,1
3DD.003D93775A,Mark,WELH - Wells Hatchery,7/28/2022,"COLR7 - Columbia River - Lower Crab Creek to Chelan Falls, WA (km 661-809)",7/29/2022,7/28/2022,1
3DD.003D93775B,Mark,WELH - Wells Hatchery,8/4/2022,"COLR7 - Columbia River - Lower Crab Creek to Chelan Falls, WA (km 661-809)",8/5/2022,8/4/2022,1
3DD.003D93775C,Mark,WELH - Wells Hatchery,7/28/2022,"COLR7 - Columbia River - Lower Crab Creek to Chelan Falls, WA (km 661-809)",7/29/2022,7/28/2022,1
3DD.003D93775D,Mark,WELH - Wells Hatchery,7/28/2022,"COLR7 - Columbia River - Lower Crab Creek to Chelan Falls, WA (km 661-809)",7/29/2022,7/28/2022,1
3DD.003D93775E,Mark,WELH - Wells Hatchery,8/4/2022,"COLR7 - Columbia River - Lower Crab Creek to Chelan Falls, WA (km 661-809)",8/5/2022,8/4/2022,1
3DD.003D93775F,Mark,WELH - Wells Hatchery,7/28/2022,"COLR7 - Columbia River - Lower Crab Creek to Chelan Falls, WA (km 661-809)",7/29/2022,7/28/2022,1
3DD.003D937760,Mark,WELH - Wells Hatchery,7/28/2022,"COLR7 - Columbia River - Lower Crab Creek to Chelan Falls, WA (km 661-809)",7/29/2022,7/28/2022,1
3DD.003D937761,Mark,WELH - Wells Hatchery,7/28/2022,"COLR7 - Columbia River - Lower Crab Creek to Chelan Falls, WA (km 661-809)",7/29/2022,7/28/2022,1
3DD.003D937762,Mark,WELH - Wells Hatchery,7/28/2022,"COLR7 - Columbia River - Lower Crab Creek to Chelan Falls, WA (km 661-809)",7/29/2022,7/28/2022,1
3DD.003D937763,Mark,WELH - Wells Hatchery,7/21/2022,"COLR7 - Columbia River - Lower Crab Creek to Chelan Falls, WA (km 661-809)",7/22/2022,7/21/2022,1
3DD.003D937764,Mark,WELH - Wells Hatchery,8/4/2022,"COLR7 - Columbia River - Lower Crab Creek to Chelan Falls, WA (km 661-809)",8/5/2022,8/4/2022,1
3DD.003D937765,Mark,WELH - Wells Hatchery,7/28/2022,"COLR7 - Columbia River - Lower Crab Creek to Chelan Falls, WA (km 661-809)",7/29/2022,7/28/2022,1
3DD.003D937767,Mark,WELH - Wells Hatchery,7/28/2022,"COLR7 - Columbia River - Lower Crab Creek to Chelan Falls, WA (km 661-809)",7/29/2022,7/28/2022,1
3DD.003D937768,Mark,WELH - Wells Hatchery,7/21/2022,"COLR7 - Columbia River - Lower Crab Creek to Chelan Falls, WA (km 661-809)",7/22/2022,7/21/2022,1
3DD.003D93776A,Mark,WELH - Wells Hatchery,7/28/2022,"COLR7 - Columbia River - Lower Crab Creek to Chelan Falls, WA (km 661-809)",7/29/2022,7/28/2022,1
3DD.003D93776B,Mark,WELH - Wells Hatchery,7/28/2022,"COLR7 - Columbia River - Lower Crab Creek to Chelan Falls, WA (km 661-809)",7/29/2022,7/28/2022,1
3DD.003D93776C,Mark,WELH - Wells Hatchery,7/28/2022,"COLR7 - Columbia River - Lower Crab Creek to Chelan Falls, WA (km 661-809)",7/29/2022,7/28/2022,1
3DD.003D93776D,Mark,WELH - Wells Hatchery,8/4/2022,"COLR7 - Columbia River - Lower Crab Creek to Chelan Falls, WA (km 661-809)",8/5/2022,8/4/2022,1
3DD.003D93776E,Mark,WELH - Wells Hatchery,7/21/2022,"COLR7 - Columbia River - Lower Crab Creek to Chelan Falls, WA (km 661-809)",7/22/2022,7/21/2022,1
3DD.003D93776F,Mark,WELH - Wells Hatchery,8/4/2022,"COLR7 - Columbia River - Lower Crab Creek to Chelan Falls, WA (km 661-809)",8/5/2022,8/4/2022,1
3DD.003D937770,Mark,WELH - Wells Hatchery,7/28/2022,"COLR7 - Columbia River - Lower Crab Creek to Chelan Falls, WA (km 661-809)",7/29/2022,7/28/2022,1
3DD.003D937771,Mark,WELH - Wells Hatchery,7/28/2022,"COLR7 - Columbia River - Lower Crab Creek to Chelan Falls, WA (km 661-809)",7/29/2022,7/28/2022,1
3DD.003D937772,Mark,WELH - Wells Hatchery,7/28/2022,"COLR7 - Columbia River - Lower Crab Creek to Chelan Falls, WA (km 661-809)",7/29/2022,7/28/2022,1
3DD.003D937773,Mark,WELH - Wells Hatchery,7/21/2022,"COLR7 - Columbia River - Lower Crab Creek to Chelan Falls, WA (km 661-809)",7/22/2022,7/21/2022,1
3DD.003D937774,Mark,WELH - Wells Hatchery,7/28/2022,"COLR7 - Columbia River - Lower Crab Creek to Chelan Falls, WA (km 661-809)",7/29/2022,7/28/2022,1
3DD.003D937775,Mark,WELH - Wells Hatchery,7/28/2022,"COLR7 - Columbia River - Lower Crab Creek to Chelan Falls, WA (km 661-809)",7/29/2022,7/28/2022,1
3DD.003D937776,Mark,WELH - Wells Hatchery,7/28/2022,"COLR7 - Columbia River - Lower Crab Creek to Chelan Falls, WA (km 661-809)",7/29/2022,7/28/2022,1
3DD.003D937777,Mark,WELH - Wells Hatchery,7/28/2022,"COLR7 - Columbia River - Lower Crab Creek to Chelan Falls, WA (km 661-809)",7/29/2022,7/28/2022,1
3DD.003D937778,Mark,WELH - Wells Hatchery,8/4/2022,"COLR7 - Columbia River - Lower Crab Creek to Chelan Falls, WA (km 661-809)",8/5/2022,8/4/2022,1
3DD.003D93777A,Mark,WELH - Wells Hatchery,7/21/2022,"COLR7 - Columbia River - Lower Crab Creek to Chelan Falls, WA (km 661-809)",7/22/2022,7/21/2022,1
3DD.003D93777C,Mark,WELH - Wells Hatchery,7/28/2022,"COLR7 - Columbia River - Lower Crab Creek to Chelan Falls, WA (km 661-809)",7/29/2022,7/28/2022,1
3DD.003D93777D,Mark,WELH - Wells Hatchery,7/21/2022,"COLR7 - Columbia River - Lower Crab Creek to Chelan Falls, WA (km 661-809)",7/22/2022,7/21/2022,1
3DD.003D93777E,Mark,WELH - Wells Hatchery,8/4/2022,"COLR7 - Columbia River - Lower Crab Creek to Chelan Falls, WA (km 661-809)",8/5/2022,8/4/2022,1
3DD.003D93777F,Mark,WELH - Wells Hatchery,7/28/2022,"COLR7 - Columbia River - Lower Crab Creek to Chelan Falls, WA (km 661-809)",7/29/2022,7/28/2022,1
3DD.003D937781,Mark,WELH - Wells Hatchery,7/21/2022,"COLR7 - Columbia River - Lower Crab Creek to Chelan Falls, WA (km 661-809)",7/22/2022,7/21/2022,1
3DD.003D937782,Mark,WELH - Wells Hatchery,8/4/2022,"COLR7 - Columbia River - Lower Crab Creek to Chelan Falls, WA (km 661-809)",8/5/2022,8/4/2022,1
3DD.003D937783,Mark,WELH - Wells Hatchery,7/28/2022,"COLR7 - Columbia River - Lower Crab Creek to Chelan Falls, WA (km 661-809)",7/29/2022,7/28/2022,1
3DD.003D937785,Mark,WELH - Wells Hatchery,7/28/2022,"COLR7 - Columbia River - Lower Crab Creek to Chelan Falls, WA (km 661-809)",7/29/2022,7/28/2022,1
3DD.003D937786,Mark,WELH - Wells Hatchery,7/21/2022,"COLR7 - Columbia River - Lower Crab Creek to Chelan Falls, WA (km 661-809)",7/22/2022,7/21/2022,1
3DD.003D937787,Mark,WELH - Wells Hatchery,7/21/2022,"COLR7 - Columbia River - Lower Crab Creek to Chelan Falls, WA (km 661-809)",7/22/2022,7/21/2022,1
3DD.003D937788,Mark,WELH - Wells Hatchery,7/28/2022,"COLR7 - Columbia River - Lower Crab Creek to Chelan Falls, WA (km 661-809)",7/29/2022,7/28/2022,1
3DD.003D93778A,Mark,WELH - Wells Hatchery,7/28/2022,"COLR7 - Columbia River - Lower Crab Creek to Chelan Falls, WA (km 661-809)",7/29/2022,7/28/2022,1
3DD.003D93778B,Mark,WELH - Wells Hatchery,7/21/2022,"COLR7 - Columbia River - Lower Crab Creek to Chelan Falls, WA (km 661-809)",7/22/2022,7/21/2022,1
3DD.003D93778C,Mark,WELH - Wells Hatchery,7/21/2022,"COLR7 - Columbia River - Lower Crab Creek to Chelan Falls, WA (km 661-809)",7/22/2022,7/21/2022,1
3DD.003D93778D,Mark,WELH - Wells Hatchery,8/4/2022,"COLR7 - Columbia River - Lower Crab Creek to Chelan Falls, WA (km 661-809)",8/5/2022,8/4/2022,1
3DD.003D937856,Mark,WELH - Wells Hatchery,8/27/2020,WELSBR - Starr Boat Ramp on west shore 5 km upstream of Wells Dam,8/27/2020,8/27/2020,1
3DD.003D937857,Mark,WELH - Wells Hatchery,8/27/2020,WELSBR - Starr Boat Ramp on west shore 5 km upstream of Wells Dam,8/27/2020,8/27/2020,1
3DD.003D937858,Mark,WELH - Wells Hatchery,8/20/2020,WELSBR - Starr Boat Ramp on west shore 5 km upstream of Wells Dam,8/20/2020,8/20/2020,1
3DD.003D937859,Mark,WELH - Wells Hatchery,8/27/2020,SIMILR - Similkameen River,8/27/2020,8/27/2020,1
3DD.003D93785A,Mark,WELH - Wells Hatchery,8/27/2020,SIMILR - Similkameen River,8/27/2020,8/27/2020,1
3DD.003D93785B,Mark,WELH - Wells Hatchery,8/20/2020,WELSBR - Starr Boat Ramp on west shore 5 km upstream of Wells Dam,8/20/2020,8/20/2020,1
3DD.003D93785C,Mark,WELH - Wells Hatchery,8/27/2020,WELSBR - Starr Boat Ramp on west shore 5 km upstream of Wells Dam,8/27/2020,8/27/2020,1
3DD.003D93785D,Mark,WELH - Wells Hatchery,8/27/2020,WELSBR - Starr Boat Ramp on west shore 5 km upstream of Wells Dam,8/27/2020,8/27/2020,1
3DD.003D93785E,Mark,WELH - Wells Hatchery,8/27/2020,WELSBR - Starr Boat Ramp on west shore 5 km upstream of Wells Dam,8/27/2020,8/27/2020,1
3DD.003D93785F,Mark,WELH - Wells Hatchery,8/27/2020,SIMILR - Similkameen River,8/27/2020,8/27/2020,1
3DD.003D937860,Mark,WELH - Wells Hatchery,8/27/2020,WELSBR - Starr Boat Ramp on west shore 5 km upstream of Wells Dam,8/27/2020,8/27/2020,1
3DD.003D937861,Mark,WELH - Wells Hatchery,8/20/2020,WELSBR - Starr Boat Ramp on west shore 5 km upstream of Wells Dam,8/20/2020,8/20/2020,1
3DD.003D937862,Mark,WELH - Wells Hatchery,8/27/2020,WELSBR - Starr Boat Ramp on west shore 5 km upstream of Wells Dam,8/27/2020,8/27/2020,1
3DD.003D937863,Mark,WELH - Wells Hatchery,8/27/2020,WELSBR - Starr Boat Ramp on west shore 5 km upstream of Wells Dam,8/27/2020,8/27/2020,1
3DD.003D937864,Mark,WELH - Wells Hatchery,8/20/2020,WELSBR - Starr Boat Ramp on west shore 5 km upstream of Wells Dam,8/20/2020,8/20/2020,1
3DD.003D937865,Mark,WELH - Wells Hatchery,8/20/2020,WELSBR - Starr Boat Ramp on west shore 5 km upstream of Wells Dam,8/20/2020,8/20/2020,1
3DD.003D937866,Mark,WELH - Wells Hatchery,8/20/2020,WELSBR - Starr Boat Ramp on west shore 5 km upstream of Wells Dam,8/20/2020,8/20/2020,1
3DD.003D937867,Mark,WELH - Wells Hatchery,8/20/2020,WELSBR - Starr Boat Ramp on west shore 5 km upstream of Wells Dam,8/20/2020,8/20/2020,1
3DD.003D937868,Mark,WELH - Wells Hatchery,8/27/2020,WELSBR - Starr Boat Ramp on west shore 5 km upstream of Wells Dam,8/27/2020,8/27/2020,1
3DD.003D937869,Mark,WELH - Wells Hatchery,8/20/2020,WELSBR - Starr Boat Ramp on west shore 5 km upstream of Wells Dam,8/20/2020,8/20/2020,1
3DD.003D93786A,Mark,WELH - Wells Hatchery,8/27/2020,SIMILR - Similkameen River,8/27/2020,8/27/2020,1
3DD.003D93786B,Mark,WELH - Wells Hatchery,8/27/2020,WELSBR - Starr Boat Ramp on west shore 5 km upstream of Wells Dam,8/27/2020,8/27/2020,1
3DD.003D93786C,Mark,WELH - Wells Hatchery,8/27/2020,WELSBR - Starr Boat Ramp on west shore 5 km upstream of Wells Dam,8/27/2020,8/27/2020,1
3DD.003D93786D,Mark,WELH - Wells Hatchery,8/27/2020,WELSBR - Starr Boat Ramp on west shore 5 km upstream of Wells Dam,8/27/2020,8/27/2020,1
3DD.003D93786E,Mark,WELH - Wells Hatchery,8/27/2020,WELSBR - Starr Boat Ramp on west shore 5 km upstream of Wells Dam,8/27/2020,8/27/2020,1
3DD.003D93786F,Mark,WELH - Wells Hatchery,8/20/2020,WELSBR - Starr Boat Ramp on west shore 5 km upstream of Wells Dam,8/20/2020,8/20/2020,1
3DD.003D937870,Mark,WELH - Wells Hatchery,8/27/2020,WELSBR - Starr Boat Ramp on west shore 5 km upstream of Wells Dam,8/27/2020,8/27/2020,1
3DD.003D937871,Mark,WELH - Wells Hatchery,8/27/2020,WELSBR - Starr Boat Ramp on west shore 5 km upstream of Wells Dam,8/27/2020,8/27/2020,1
3DD.003D937872,Mark,WELH - Wells Hatchery,8/20/2020,WELSBR - Starr Boat Ramp on west shore 5 km upstream of Wells Dam,8/20/2020,8/20/2020,1
3DD.003D937873,Mark,WELH - Wells Hatchery,8/27/2020,WELSBR - Starr Boat Ramp on west shore 5 km upstream of Wells Dam,8/27/2020,8/27/2020,1
3DD.003D937874,Mark,WELH - Wells Hatchery,8/20/2020,WELSBR - Starr Boat Ramp on west shore 5 km upstream of Wells Dam,8/20/2020,8/20/2020,1
3DD.003D937875,Mark,WELH - Wells Hatchery,8/20/2020,WELSBR - Starr Boat Ramp on west shore 5 km upstream of Wells Dam,8/20/2020,8/20/2020,1
3DD.003D937876,Mark,WELH - Wells Hatchery,8/20/2020,WELSBR - Starr Boat Ramp on west shore 5 km upstream of Wells Dam,8/20/2020,8/20/2020,1
3DD.003D937877,Mark,WELH - Wells Hatchery,8/20/2020,WELSBR - Starr Boat Ramp on west shore 5 km upstream of Wells Dam,8/20/2020,8/20/2020,1
3DD.003D937878,Mark,WELH - Wells Hatchery,8/27/2020,SIMILR - Similkameen River,8/27/2020,8/27/2020,1
3DD.003D937879,Mark,WELH - Wells Hatchery,8/27/2020,SIMILR - Similkameen River,8/27/2020,8/27/2020,1
3DD.003D93787A,Mark,WELH - Wells Hatchery,8/27/2020,WELSBR - Starr Boat Ramp on west shore 5 km upstream of Wells Dam,8/27/2020,8/27/2020,1
3DD.003D93787B,Mark,WELH - Wells Hatchery,8/20/2020,WELSBR - Starr Boat Ramp on west shore 5 km upstream of Wells Dam,8/20/2020,8/20/2020,1
3DD.003D93787C,Mark,WELH - Wells Hatchery,8/27/2020,WELSBR - Starr Boat Ramp on west shore 5 km upstream of Wells Dam,8/27/2020,8/27/2020,1
3DD.003D93787D,Mark,WELH - Wells Hatchery,8/27/2020,WELSBR - Starr Boat Ramp on west shore 5 km upstream of Wells Dam,8/27/2020,8/27/2020,1
3DD.003D93787E,Mark,WELH - Wells Hatchery,8/27/2020,SIMILR - Similkameen River,8/27/2020,8/27/2020,1
3DD.003D93787F,Mark,WELH - Wells Hatchery,8/20/2020,WELSBR - Starr Boat Ramp on west shore 5 km upstream of Wells Dam,8/20/2020,8/20/2020,1
3DD.003D937880,Mark,WELH - Wells Hatchery,8/27/2020,WELSBR - Starr Boat Ramp on west shore 5 km upstream of Wells Dam,8/27/2020,8/27/2020,1
3DD.003D937881,Mark,WELH - Wells Hatchery,8/27/2020,WELSBR - Starr Boat Ramp on west shore 5 km upstream of Wells Dam,8/27/2020,8/27/2020,1
3DD.003D937882,Mark,WELH - Wells Hatchery,8/20/2020,WELSBR - Starr Boat Ramp on west shore 5 km upstream of Wells Dam,8/20/2020,8/20/2020,1
3DD.003D937883,Mark,WELH - Wells Hatchery,8/27/2020,SIMILR - Similkameen River,8/27/2020,8/27/2020,1
3DD.003D937884,Mark,WELH - Wells Hatchery,8/20/2020,WELSBR - Starr Boat Ramp on west shore 5 km upstream of Wells Dam,8/20/2020,8/20/2020,1
3DD.003D937885,Mark,WELH - Wells Hatchery,8/27/2020,WELSBR - Starr Boat Ramp on west shore 5 km upstream of Wells Dam,8/27/2020,8/27/2020,1
3DD.003D937886,Mark,WELH - Wells Hatchery,8/20/2020,WELSBR - Starr Boat Ramp on west shore 5 km upstream of Wells Dam,8/20/2020,8/20/2020,1
3DD.003D937887,Mark,WELH - Wells Hatchery,8/20/2020,WELSBR - Starr Boat Ramp on west shore 5 km upstream of Wells Dam,8/20/2020,8/20/2020,1
3DD.003D937888,Mark,WELH - Wells Hatchery,8/27/2020,SIMILR - Similkameen River,8/27/2020,8/27/2020,1
3DD.003D937889,Mark,WELH - Wells Hatchery,8/27/2020,SIMILR - Similkameen River,8/27/2020,8/27/2020,1
3DD.003D93788A,Mark,WELH - Wells Hatchery,8/27/2020,WELSBR - Starr Boat Ramp on west shore 5 km upstream of Wells Dam,8/27/2020,8/27/2020,1
3DD.003D93788B,Mark,WELH - Wells Hatchery,8/27/2020,WELSBR - Starr Boat Ramp on west shore 5 km upstream of Wells Dam,8/27/2020,8/27/2020,1
3DD.003D93788C,Mark,WELH - Wells Hatchery,8/27/2020,WELSBR - Starr Boat Ramp on west shore 5 km upstream of Wells Dam,8/27/2020,8/27/2020,1
3DD.003D93788D,Mark,WELH - Wells Hatchery,8/27/2020,WELSBR - Starr Boat Ramp on west shore 5 km upstream of Wells Dam,8/27/2020,8/27/2020,1
3DD.003D93788E,Mark,WELH - Wells Hatchery,8/27/2020,SIMILR - Similkameen River,8/27/2020,8/27/2020,1
3DD.003D93788F,Mark,WELH - Wells Hatchery,8/20/2020,WELSBR - Starr Boat Ramp on west shore 5 km upstream of Wells Dam,8/20/2020,8/20/2020,1
3DD.003D937890,Mark,WELH - Wells Hatchery,8/20/2020,WELSBR - Starr Boat Ramp on west shore 5 km upstream of Wells Dam,8/20/2020,8/20/2020,1
3DD.003D937891,Mark,WELH - Wells Hatchery,8/27/2020,WELSBR - Starr Boat Ramp on west shore 5 km upstream of Wells Dam,8/27/2020,8/27/2020,1
3DD.003D937892,Mark,WELH - Wells Hatchery,8/27/2020,WELSBR - Starr Boat Ramp on west shore 5 km upstream of Wells Dam,8/27/2020,8/27/2020,1
3DD.003D937893,Mark,WELH - Wells Hatchery,8/27/2020,SIMILR - Similkameen River,8/27/2020,8/27/2020,1
3DD.003D937894,Mark,WELH - Wells Hatchery,8/27/2020,SIMILR - Similkameen River,8/27/2020,8/27/2020,1
3DD.003D937895,Mark,WELH - Wells Hatchery,8/27/2020,WELSBR - Starr Boat Ramp on west shore 5 km upstream of Wells Dam,8/27/2020,8/27/2020,1
3DD.003D937896,Mark,WELH - Wells Hatchery,8/20/2020,WELSBR - Starr Boat Ramp on west shore 5 km upstream of Wells Dam,8/20/2020,8/20/2020,1
3DD.003D937897,Mark,WELH - Wells Hatchery,8/27/2020,WELSBR - Starr Boat Ramp on west shore 5 km upstream of Wells Dam,8/27/2020,8/27/2020,1
3DD.003D937898,Mark,WELH - Wells Hatchery,8/27/2020,WELSBR - Starr Boat Ramp on west shore 5 km upstream of Wells Dam,8/27/2020,8/27/2020,1
3DD.003D937899,Mark,WELH - Wells Hatchery,8/20/2020,WELSBR - Starr Boat Ramp on west shore 5 km upstream of Wells Dam,8/20/2020,8/20/2020,1
3DD.003D93789A,Mark,WELH - Wells Hatchery,8/27/2020,WELSBR - Starr Boat Ramp on west shore 5 km upstream of Wells Dam,8/27/2020,8/27/2020,1
3DD.003D93789B,Mark,WELH - Wells Hatchery,8/27/2020,SIMILR - Similkameen River,8/27/2020,8/27/2020,1
3DD.003D93789C,Mark,WELH - Wells Hatchery,8/27/2020,WELSBR - Starr Boat Ramp on west shore 5 km upstream of Wells Dam,8/27/2020,8/27/2020,1
3DD.003D93789D,Mark,WELH - Wells Hatchery,8/27/2020,WELSBR - Starr Boat Ramp on west shore 5 km upstream of Wells Dam,8/27/2020,8/27/2020,1
3DD.003D93789E,Mark,WELH - Wells Hatchery,8/27/2020,WELSBR - Starr Boat Ramp on west shore 5 km upstream of Wells Dam,8/27/2020,8/27/2020,1
3DD.003D93789F,Mark,WELH - Wells Hatchery,8/20/2020,WELSBR - Starr Boat Ramp on west shore 5 km upstream of Wells Dam,8/20/2020,8/20/2020,1
3DD.003D9378A0,Mark,WELH - Wells Hatchery,8/27/2020,SIMILR - Similkameen River,8/27/2020,8/27/2020,1
3DD.003D9378A1,Mark,WELH - Wells Hatchery,8/27/2020,WELSBR - Starr Boat Ramp on west shore 5 km upstream of Wells Dam,8/27/2020,8/27/2020,1
3DD.003D9378A2,Mark,WELH - Wells Hatchery,8/27/2020,WELSBR - Starr Boat Ramp on west shore 5 km upstream of Wells Dam,8/27/2020,8/27/2020,1
3DD.003D9378A3,Mark,WELH - Wells Hatchery,8/20/2020,WELSBR - Starr Boat Ramp on west shore 5 km upstream of Wells Dam,8/20/2020,8/20/2020,1
3DD.003D9378A4,Mark,WELH - Wells Hatchery,8/20/2020,WELSBR - Starr Boat Ramp on west shore 5 km upstream of Wells Dam,8/20/2020,8/20/2020,1
3DD.003D9378A5,Mark,WELH - Wells Hatchery,8/27/2020,WELSBR - Starr Boat Ramp on west shore 5 km upstream of Wells Dam,8/27/2020,8/27/2020,1
3DD.003D9378A6,Mark,WELH - Wells Hatchery,8/27/2020,SIMILR - Similkameen River,8/27/2020,8/27/2020,1
3DD.003D9378A7,Mark,WELH - Wells Hatchery,8/27/2020,WELSBR - Starr Boat Ramp on west shore 5 km upstream of Wells Dam,8/27/2020,8/27/2020,1
3DD.003D9378A8,Mark,WELH - Wells Hatchery,8/20/2020,WELSBR - Starr Boat Ramp on west shore 5 km upstream of Wells Dam,8/20/2020,8/20/2020,1
3DD.003D9378A9,Mark,WELH - Wells Hatchery,8/27/2020,WELSBR - Starr Boat Ramp on west shore 5 km upstream of Wells Dam,8/27/2020,8/27/2020,1
3DD.003D9378AA,Mark,WELH - Wells Hatchery,8/27/2020,WELSBR - Starr Boat Ramp on west shore 5 km upstream of Wells Dam,8/27/2020,8/27/2020,1
3DD.003D9378AB,Mark,WELH - Wells Hatchery,8/20/2020,WELSBR - Starr Boat Ramp on west shore 5 km upstream of Wells Dam,8/20/2020,8/20/2020,1
3DD.003D9378AC,Mark,WELH - Wells Hatchery,8/27/2020,WELSBR - Starr Boat Ramp on west shore 5 km upstream of Wells Dam,8/27/2020,8/27/2020,1
3DD.003D9378AD,Mark,WELH - Wells Hatchery,8/27/2020,WELSBR - Starr Boat Ramp on west shore 5 km upstream of Wells Dam,8/27/2020,8/27/2020,1
3DD.003D9378AE,Mark,WELH - Wells Hatchery,8/27/2020,SIMILR - Similkameen River,8/27/2020,8/27/2020,1
3DD.003D9378AF,Mark,WELH - Wells Hatchery,8/27/2020,WELSBR - Starr Boat Ramp on west shore 5 km upstream of Wells Dam,8/27/2020,8/27/2020,1
3DD.003D9378B0,Mark,WELH - Wells Hatchery,8/20/2020,WELSBR - Starr Boat Ramp on west shore 5 km upstream of Wells Dam,8/20/2020,8/20/2020,1
3DD.003D9378B1,Mark,WELH - Wells Hatchery,8/20/2020,WELSBR - Starr Boat Ramp on west shore 5 km upstream of Wells Dam,8/20/2020,8/20/2020,1
3DD.003D9378B2,Mark,WELH - Wells Hatchery,8/27/2020,SIMILR - Similkameen River,8/27/2020,8/27/2020,1
3DD.003D9378B3,Mark,WELH - Wells Hatchery,8/20/2020,WELSBR - Starr Boat Ramp on west shore 5 km upstream of Wells Dam,8/20/2020,8/20/2020,1
3DD.003D9378B4,Mark,WELH - Wells Hatchery,8/27/2020,WELSBR - Starr Boat Ramp on west shore 5 km upstream of Wells Dam,8/27/2020,8/27/2020,1
3DD.003D9378B5,Mark,WELH - Wells Hatchery,8/27/2020,SIMILR - Similkameen River,8/27/2020,8/27/2020,1
3DD.003D9378B6,Mark,WELH - Wells Hatchery,8/20/2020,WELSBR - Starr Boat Ramp on west shore 5 km upstream of Wells Dam,8/20/2020,8/20/2020,1
3DD.003D9378B7,Mark,WELH - Wells Hatchery,8/20/2020,WELSBR - Starr Boat Ramp on west shore 5 km upstream of Wells Dam,8/20/2020,8/20/2020,1
3DD.003D9378B8,Mark,WELH - Wells Hatchery,8/27/2020,SIMILR - Similkameen River,8/27/2020,8/27/2020,1
3DD.003D9378B9,Mark,WELH - Wells Hatchery,8/27/2020,WELSBR - Starr Boat Ramp on west shore 5 km upstream of Wells Dam,8/27/2020,8/27/2020,1
3DD.003D93791E,Mark,WELH - Wells Hatchery,9/9/2021,"LOUPLC - Loup Loup Creek, Okanogan River Basin",9/9/2021,9/9/2021,1
3DD.003D93791F,Mark,WELH - Wells Hatchery,8/26/2021,WELSBR - Starr Boat Ramp on west shore 5 km upstream of Wells Dam,8/26/2021,8/26/2021,1
3DD.003D937920,Mark,WELH - Wells Hatchery,9/2/2021,WELSBR - Starr Boat Ramp on west shore 5 km upstream of Wells Dam,9/2/2021,9/2/2021,1
3DD.003D937921,Mark,WELH - Wells Hatchery,9/2/2021,WELSBR - Starr Boat Ramp on west shore 5 km upstream of Wells Dam,9/2/2021,9/2/2021,1
3DD.003D937922,Mark,WELH - Wells Hatchery,8/26/2021,WELSBR - Starr Boat Ramp on west shore 5 km upstream of Wells Dam,8/26/2021,8/26/2021,1
3DD.003D937923,Mark,WELH - Wells Hatchery,9/2/2021,WELSBR - Starr Boat Ramp on west shore 5 km upstream of Wells Dam,9/2/2021,9/2/2021,1
3DD.003D937924,Mark,WELH - Wells Hatchery,8/26/2021,WELSBR - Starr Boat Ramp on west shore 5 km upstream of Wells Dam,8/26/2021,8/26/2021,1
3DD.003D937925,Mark,WELH - Wells Hatchery,8/26/2021,WELSBR - Starr Boat Ramp on west shore 5 km upstream of Wells Dam,8/26/2021,8/26/2021,1
3DD.003D937926,Mark,WELH - Wells Hatchery,8/26/2021,WELSBR - Starr Boat Ramp on west shore 5 km upstream of Wells Dam,8/26/2021,8/26/2021,1
3DD.003D937927,Mark,WELH - Wells Hatchery,8/26/2021,WELSBR - Starr Boat Ramp on west shore 5 km upstream of Wells Dam,8/26/2021,8/26/2021,1
3DD.003D937928,Mark,WELH - Wells Hatchery,8/26/2021,WELSBR - Starr Boat Ramp on west shore 5 km upstream of Wells Dam,8/26/2021,8/26/2021,1
3DD.003D937929,Mark,WELH - Wells Hatchery,8/26/2021,WELSBR - Starr Boat Ramp on west shore 5 km upstream of Wells Dam,8/26/2021,8/26/2021,1
3DD.003D93792A,Mark,WELH - Wells Hatchery,9/9/2021,"LOUPLC - Loup Loup Creek, Okanogan River Basin",9/9/2021,9/9/2021,1
3DD.003D93792B,Mark,WELH - Wells Hatchery,8/26/2021,WELSBR - Starr Boat Ramp on west shore 5 km upstream of Wells Dam,8/26/2021,8/26/2021,1
3DD.003D93792C,Mark,WELH - Wells Hatchery,8/26/2021,WELSBR - Starr Boat Ramp on west shore 5 km upstream of Wells Dam,8/26/2021,8/26/2021,1
3DD.003D93792D,Mark,WELH - Wells Hatchery,9/2/2021,WELSBR - Starr Boat Ramp on west shore 5 km upstream of Wells Dam,9/2/2021,9/2/2021,1
3DD.003D93792E,Mark,WELH - Wells Hatchery,8/26/2021,WELSBR - Starr Boat Ramp on west shore 5 km upstream of Wells Dam,8/26/2021,8/26/2021,1
3DD.003D93792F,Mark,WELH - Wells Hatchery,8/26/2021,WELSBR - Starr Boat Ramp on west shore 5 km upstream of Wells Dam,8/26/2021,8/26/2021,1
3DD.003D937930,Mark,WELH - Wells Hatchery,9/2/2021,WELSBR - Starr Boat Ramp on west shore 5 km upstream of Wells Dam,9/2/2021,9/2/2021,1
3DD.003D937931,Mark,WELH - Wells Hatchery,9/2/2021,WELSBR - Starr Boat Ramp on west shore 5 km upstream of Wells Dam,9/2/2021,9/2/2021,1
3DD.003D937932,Mark,WELH - Wells Hatchery,8/26/2021,WELSBR - Starr Boat Ramp on west shore 5 km upstream of Wells Dam,8/26/2021,8/26/2021,1
3DD.003D937933,Mark,WELH - Wells Hatchery,8/26/2021,WELSBR - Starr Boat Ramp on west shore 5 km upstream of Wells Dam,8/26/2021,8/26/2021,1
3DD.003D937935,Mark,WELH - Wells Hatchery,9/2/2021,WELSBR - Starr Boat Ramp on west shore 5 km upstream of Wells Dam,9/2/2021,9/2/2021,1
3DD.003D937936,Mark,WELH - Wells Hatchery,9/9/2021,"LOUPLC - Loup Loup Creek, Okanogan River Basin",9/9/2021,9/9/2021,1
3DD.003D937937,Mark,WELH - Wells Hatchery,8/26/2021,WELSBR - Starr Boat Ramp on west shore 5 km upstream of Wells Dam,8/26/2021,8/26/2021,1
3DD.003D937938,Mark,WELH - Wells Hatchery,9/9/2021,"LOUPLC - Loup Loup Creek, Okanogan River Basin",9/9/2021,9/9/2021,1
3DD.003D937939,Mark,WELH - Wells Hatchery,8/26/2021,WELSBR - Starr Boat Ramp on west shore 5 km upstream of Wells Dam,8/26/2021,8/26/2021,1
3DD.003D93793A,Mark,WELH - Wells Hatchery,8/26/2021,WELSBR - Starr Boat Ramp on west shore 5 km upstream of Wells Dam,8/26/2021,8/26/2021,1
3DD.003D93793B,Mark,WELH - Wells Hatchery,8/26/2021,WELSBR - Starr Boat Ramp on west shore 5 km upstream of Wells Dam,8/26/2021,8/26/2021,1
3DD.003D93793C,Mark,WELH - Wells Hatchery,8/26/2021,WELSBR - Starr Boat Ramp on west shore 5 km upstream of Wells Dam,8/26/2021,8/26/2021,1
3DD.003D93793D,Mark,WELH - Wells Hatchery,9/9/2021,"LOUPLC - Loup Loup Creek, Okanogan River Basin",9/9/2021,9/9/2021,1
3DD.003D93793E,Mark,WELH - Wells Hatchery,8/26/2021,WELSBR - Starr Boat Ramp on west shore 5 km upstream of Wells Dam,8/26/2021,8/26/2021,1
3DD.003D93793F,Mark,WELH - Wells Hatchery,8/26/2021,WELSBR - Starr Boat Ramp on west shore 5 km upstream of Wells Dam,8/26/2021,8/26/2021,1
3DD.003D937940,Mark,WELH - Wells Hatchery,8/26/2021,WELSBR - Starr Boat Ramp on west shore 5 km upstream of Wells Dam,8/26/2021,8/26/2021,1
3DD.003D937941,Mark,WELH - Wells Hatchery,9/2/2021,WELSBR - Starr Boat Ramp on west shore 5 km upstream of Wells Dam,9/2/2021,9/2/2021,1
3DD.003D937942,Mark,WELH - Wells Hatchery,9/2/2021,WELSBR - Starr Boat Ramp on west shore 5 km upstream of Wells Dam,9/2/2021,9/2/2021,1
3DD.003D937943,Mark,WELH - Wells Hatchery,8/26/2021,WELSBR - Starr Boat Ramp on west shore 5 km upstream of Wells Dam,8/26/2021,8/26/2021,1
3DD.003D937944,Mark,WELH - Wells Hatchery,9/2/2021,WELSBR - Starr Boat Ramp on west shore 5 km upstream of Wells Dam,9/2/2021,9/2/2021,1
3DD.003D937945,Mark,WELH - Wells Hatchery,9/2/2021,WELSBR - Starr Boat Ramp on west shore 5 km upstream of Wells Dam,9/2/2021,9/2/2021,1
3DD.003D937946,Mark,WELH - Wells Hatchery,9/9/2021,"LOUPLC - Loup Loup Creek, Okanogan River Basin",9/9/2021,9/9/2021,1
3DD.003D937947,Mark,WELH - Wells Hatchery,8/26/2021,WELSBR - Starr Boat Ramp on west shore 5 km upstream of Wells Dam,8/26/2021,8/26/2021,1
3DD.003D937948,Mark,WELH - Wells Hatchery,8/26/2021,WELSBR - Starr Boat Ramp on west shore 5 km upstream of Wells Dam,8/26/2021,8/26/2021,1
3DD.003D937949,Mark,WELH - Wells Hatchery,8/26/2021,WELSBR - Starr Boat Ramp on west shore 5 km upstream of Wells Dam,8/26/2021,8/26/2021,1
3DD.003D93794A,Mark,WELH - Wells Hatchery,8/26/2021,WELSBR - Starr Boat Ramp on west shore 5 km upstream of Wells Dam,8/26/2021,8/26/2021,1
3DD.003D93794B,Mark,WELH - Wells Hatchery,8/26/2021,WELSBR - Starr Boat Ramp on west shore 5 km upstream of Wells Dam,8/26/2021,8/26/2021,1
3DD.003D93794C,Mark,WELH - Wells Hatchery,9/2/2021,WELSBR - Starr Boat Ramp on west shore 5 km upstream of Wells Dam,9/2/2021,9/2/2021,1
3DD.003D93794D,Mark,WELH - Wells Hatchery,8/26/2021,WELSBR - Starr Boat Ramp on west shore 5 km upstream of Wells Dam,8/26/2021,8/26/2021,1
3DD.003D93794E,Mark,WELH - Wells Hatchery,8/26/2021,WELSBR - Starr Boat Ramp on west shore 5 km upstream of Wells Dam,8/26/2021,8/26/2021,1
3DD.003D93794F,Mark,WELH - Wells Hatchery,8/26/2021,WELSBR - Starr Boat Ramp on west shore 5 km upstream of Wells Dam,8/26/2021,8/26/2021,1
3DD.003D937950,Mark,WELH - Wells Hatchery,9/9/2021,"LOUPLC - Loup Loup Creek, Okanogan River Basin",9/9/2021,9/9/2021,1
3DD.003D937951,Mark,WELH - Wells Hatchery,9/9/2021,"LOUPLC - Loup Loup Creek, Okanogan River Basin",9/9/2021,9/9/2021,1
3DD.003D937952,Mark,WELH - Wells Hatchery,8/26/2021,WELSBR - Starr Boat Ramp on west shore 5 km upstream of Wells Dam,8/26/2021,8/26/2021,1
3DD.003D937953,Mark,WELH - Wells Hatchery,8/26/2021,WELSBR - Starr Boat Ramp on west shore 5 km upstream of Wells Dam,8/26/2021,8/26/2021,1
3DD.003D937954,Mark,WELH - Wells Hatchery,8/26/2021,WELSBR - Starr Boat Ramp on west shore 5 km upstream of Wells Dam,8/26/2021,8/26/2021,1
3DD.003D937955,Mark,WELH - Wells Hatchery,8/26/2021,WELSBR - Starr Boat Ramp on west shore 5 km upstream of Wells Dam,8/26/2021,8/26/2021,1
3DD.003D937956,Mark,WELH - Wells Hatchery,8/26/2021,WELSBR - Starr Boat Ramp on west shore 5 km upstream of Wells Dam,8/26/2021,8/26/2021,1
3DD.003D937957,Mark,WELH - Wells Hatchery,9/9/2021,"LOUPLC - Loup Loup Creek, Okanogan River Basin",9/9/2021,9/9/2021,1
3DD.003D937958,Mark,WELH - Wells Hatchery,8/26/2021,WELSBR - Starr Boat Ramp on west shore 5 km upstream of Wells Dam,8/26/2021,8/26/2021,1
3DD.003D937959,Mark,WELH - Wells Hatchery,9/9/2021,"LOUPLC - Loup Loup Creek, Okanogan River Basin",9/9/2021,9/9/2021,1
3DD.003D93795A,Mark,WELH - Wells Hatchery,8/26/2021,WELSBR - Starr Boat Ramp on west shore 5 km upstream of Wells Dam,8/26/2021,8/26/2021,1
3DD.003D93795B,Mark,WELH - Wells Hatchery,8/26/2021,WELSBR - Starr Boat Ramp on west shore 5 km upstream of Wells Dam,8/26/2021,8/26/2021,1
3DD.003D93795C,Mark,WELH - Wells Hatchery,8/26/2021,WELSBR - Starr Boat Ramp on west shore 5 km upstream of Wells Dam,8/26/2021,8/26/2021,1
3DD.003D93795D,Mark,WELH - Wells Hatchery,8/26/2021,WELSBR - Starr Boat Ramp on west shore 5 km upstream of Wells Dam,8/26/2021,8/26/2021,1
3DD.003D93795E,Mark,WELH - Wells Hatchery,8/26/2021,WELSBR - Starr Boat Ramp on west shore 5 km upstream of Wells Dam,8/26/2021,8/26/2021,1
3DD.003D93795F,Mark,WELH - Wells Hatchery,8/26/2021,WELSBR - Starr Boat Ramp on west shore 5 km upstream of Wells Dam,8/26/2021,8/26/2021,1
3DD.003D937960,Mark,WELH - Wells Hatchery,9/2/2021,WELSBR - Starr Boat Ramp on west shore 5 km upstream of Wells Dam,9/2/2021,9/2/2021,1
3DD.003D937961,Mark,WELH - Wells Hatchery,9/9/2021,"LOUPLC - Loup Loup Creek, Okanogan River Basin",9/9/2021,9/9/2021,1
3DD.003D937962,Mark,WELH - Wells Hatchery,8/26/2021,WELSBR - Starr Boat Ramp on west shore 5 km upstream of Wells Dam,8/26/2021,8/26/2021,1
3DD.003D937963,Mark,WELH - Wells Hatchery,9/2/2021,WELSBR - Starr Boat Ramp on west shore 5 km upstream of Wells Dam,9/2/2021,9/2/2021,1
3DD.003D937964,Mark,WELH - Wells Hatchery,8/26/2021,WELSBR - Starr Boat Ramp on west shore 5 km upstream of Wells Dam,8/26/2021,8/26/2021,1
3DD.003D937965,Mark,WELH - Wells Hatchery,9/2/2021,WELSBR - Starr Boat Ramp on west shore 5 km upstream of Wells Dam,9/2/2021,9/2/2021,1
3DD.003D937966,Mark,WELH - Wells Hatchery,8/26/2021,WELSBR - Starr Boat Ramp on west shore 5 km upstream of Wells Dam,8/26/2021,8/26/2021,1
3DD.003D937967,Mark,WELH - Wells Hatchery,8/26/2021,WELSBR - Starr Boat Ramp on west shore 5 km upstream of Wells Dam,8/26/2021,8/26/2021,1
3DD.003D937968,Mark,WELH - Wells Hatchery,8/26/2021,WELSBR - Starr Boat Ramp on west shore 5 km upstream of Wells Dam,8/26/2021,8/26/2021,1
3DD.003D937969,Mark,WELH - Wells Hatchery,9/9/2021,"LOUPLC - Loup Loup Creek, Okanogan River Basin",9/9/2021,9/9/2021,1
3DD.003D93796A,Mark,WELH - Wells Hatchery,9/2/2021,WELSBR - Starr Boat Ramp on west shore 5 km upstream of Wells Dam,9/2/2021,9/2/2021,1
3DD.003D93796B,Mark,WELH - Wells Hatchery,8/26/2021,WELSBR - Starr Boat Ramp on west shore 5 km upstream of Wells Dam,8/26/2021,8/26/2021,1
3DD.003D93796C,Mark,WELH - Wells Hatchery,8/26/2021,WELSBR - Starr Boat Ramp on west shore 5 km upstream of Wells Dam,8/26/2021,8/26/2021,1
3DD.003D93796D,Mark,WELH - Wells Hatchery,9/9/2021,"LOUPLC - Loup Loup Creek, Okanogan River Basin",9/9/2021,9/9/2021,1
3DD.003D93796E,Mark,WELH - Wells Hatchery,8/26/2021,WELSBR - Starr Boat Ramp on west shore 5 km upstream of Wells Dam,8/26/2021,8/26/2021,1
3DD.003D93796F,Mark,WELH - Wells Hatchery,9/9/2021,"LOUPLC - Loup Loup Creek, Okanogan River Basin",9/9/2021,9/9/2021,1
3DD.003D937970,Mark,WELH - Wells Hatchery,8/26/2021,WELSBR - Starr Boat Ramp on west shore 5 km upstream of Wells Dam,8/26/2021,8/26/2021,1
3DD.003D937971,Mark,WELH - Wells Hatchery,8/26/2021,WELSBR - Starr Boat Ramp on west shore 5 km upstream of Wells Dam,8/26/2021,8/26/2021,1
3DD.003D937972,Mark,WELH - Wells Hatchery,9/2/2021,WELSBR - Starr Boat Ramp on west shore 5 km upstream of Wells Dam,9/2/2021,9/2/2021,1
3DD.003D937973,Mark,WELH - Wells Hatchery,9/9/2021,"LOUPLC - Loup Loup Creek, Okanogan River Basin",9/9/2021,9/9/2021,1
3DD.003D937974,Mark,WELH - Wells Hatchery,8/26/2021,WELSBR - Starr Boat Ramp on west shore 5 km upstream of Wells Dam,8/26/2021,8/26/2021,1
3DD.003D937975,Mark,WELH - Wells Hatchery,9/2/2021,WELSBR - Starr Boat Ramp on west shore 5 km upstream of Wells Dam,9/2/2021,9/2/2021,1
3DD.003D937976,Mark,WELH - Wells Hatchery,8/26/2021,WELSBR - Starr Boat Ramp on west shore 5 km upstream of Wells Dam,8/26/2021,8/26/2021,1
3DD.003D937977,Mark,WELH - Wells Hatchery,9/2/2021,WELSBR - Starr Boat Ramp on west shore 5 km upstream of Wells Dam,9/2/2021,9/2/2021,1
3DD.003D937978,Mark,WELH - Wells Hatchery,9/2/2021,WELSBR - Starr Boat Ramp on west shore 5 km upstream of Wells Dam,9/2/2021,9/2/2021,1
3DD.003D937979,Mark,WELH - Wells Hatchery,9/2/2021,WELSBR - Starr Boat Ramp on west shore 5 km upstream of Wells Dam,9/2/2021,9/2/2021,1
3DD.003D93797A,Mark,WELH - Wells Hatchery,8/26/2021,WELSBR - Starr Boat Ramp on west shore 5 km upstream of Wells Dam,8/26/2021,8/26/2021,1
3DD.003D93797B,Mark,WELH - Wells Hatchery,9/9/2021,"LOUPLC - Loup Loup Creek, Okanogan River Basin",9/9/2021,9/9/2021,1
3DD.003D93797C,Mark,WELH - Wells Hatchery,8/26/2021,WELSBR - Starr Boat Ramp on west shore 5 km upstream of Wells Dam,8/26/2021,8/26/2021,1
3DD.003D93797D,Mark,WELH - Wells Hatchery,8/26/2021,WELSBR - Starr Boat Ramp on west shore 5 km upstream of Wells Dam,8/26/2021,8/26/2021,1
3DD.003D93797E,Mark,WELH - Wells Hatchery,8/26/2021,WELSBR - Starr Boat Ramp on west shore 5 km upstream of Wells Dam,8/26/2021,8/26/2021,1
3DD.003D93797F,Mark,WELH - Wells Hatchery,9/2/2021,WELSBR - Starr Boat Ramp on west shore 5 km upstream of Wells Dam,9/2/2021,9/2/2021,1
3DD.003D937980,Mark,WELH - Wells Hatchery,9/2/2021,WELSBR - Starr Boat Ramp on west shore 5 km upstream of Wells Dam,9/2/2021,9/2/2021,1
3DD.003D937981,Mark,WELH - Wells Hatchery,9/9/2021,"LOUPLC - Loup Loup Creek, Okanogan River Basin",9/9/2021,9/9/2021,1
3DD.003D937982,Mark,WELH - Wells Hatchery,8/26/2021,WELSBR - Starr Boat Ramp on west shore 5 km upstream of Wells Dam,8/26/2021,8/26/2021,1
3DD.003D937A4D,Mark,WELH - Wells Hatchery,9/3/2020,WELSBR - Starr Boat Ramp on west shore 5 km upstream of Wells Dam,9/3/2020,9/3/2020,1
3DD.003D937A4E,Mark,WELH - Wells Hatchery,8/27/2020,WELSBR - Starr Boat Ramp on west shore 5 km upstream of Wells Dam,8/27/2020,8/27/2020,1
3DD.003D937A4F,Mark,WELH - Wells Hatchery,9/10/2020,WELSBR - Starr Boat Ramp on west shore 5 km upstream of Wells Dam,9/10/2020,9/10/2020,1
3DD.003D937A50,Mark,WELH - Wells Hatchery,9/3/2020,WELSBR - Starr Boat Ramp on west shore 5 km upstream of Wells Dam,9/3/2020,9/3/2020,1
3DD.003D937A51,Mark,WELH - Wells Hatchery,9/10/2020,WELSBR - Starr Boat Ramp on west shore 5 km upstream of Wells Dam,9/10/2020,9/10/2020,1
3DD.003D937A52,Mark,WELH - Wells Hatchery,9/10/2020,WELSBR - Starr Boat Ramp on west shore 5 km upstream of Wells Dam,9/10/2020,9/10/2020,1
3DD.003D937A53,Mark,WELH - Wells Hatchery,9/10/2020,WELSBR - Starr Boat Ramp on west shore 5 km upstream of Wells Dam,9/10/2020,9/10/2020,1
3DD.003D937A54,Mark,WELH - Wells Hatchery,9/10/2020,WELSBR - Starr Boat Ramp on west shore 5 km upstream of Wells Dam,9/10/2020,9/10/2020,1
3DD.003D937A55,Mark,WELH - Wells Hatchery,8/27/2020,WELSBR - Starr Boat Ramp on west shore 5 km upstream of Wells Dam,8/27/2020,8/27/2020,1
3DD.003D937A56,Mark,WELH - Wells Hatchery,9/10/2020,WELSBR - Starr Boat Ramp on west shore 5 km upstream of Wells Dam,9/10/2020,9/10/2020,1
3DD.003D937A58,Mark,WELH - Wells Hatchery,9/3/2020,OMAKC - Omak Creek (tributary to Okanogan River),9/3/2020,9/3/2020,1
3DD.003D937A59,Mark,WELH - Wells Hatchery,9/3/2020,OMAKC - Omak Creek (tributary to Okanogan River),9/3/2020,9/3/2020,1
3DD.003D937A5A,Mark,WELH - Wells Hatchery,9/10/2020,WELSBR - Starr Boat Ramp on west shore 5 km upstream of Wells Dam,9/10/2020,9/10/2020,1
3DD.003D937A5C,Mark,WELH - Wells Hatchery,9/3/2020,WELSBR - Starr Boat Ramp on west shore 5 km upstream of Wells Dam,9/3/2020,9/3/2020,1
3DD.003D937A5D,Mark,WELH - Wells Hatchery,9/3/2020,WELSBR - Starr Boat Ramp on west shore 5 km upstream of Wells Dam,9/3/2020,9/3/2020,1
3DD.003D937A5E,Mark,WELH - Wells Hatchery,9/10/2020,"LOUPLC - Loup Loup Creek, Okanogan River Basin",9/10/2020,9/10/2020,1
3DD.003D937A5F,Mark,WELH - Wells Hatchery,9/3/2020,WELSBR - Starr Boat Ramp on west shore 5 km upstream of Wells Dam,9/3/2020,9/3/2020,1
3DD.003D937A60,Mark,WELH - Wells Hatchery,9/3/2020,WELSBR - Starr Boat Ramp on west shore 5 km upstream of Wells Dam,9/3/2020,9/3/2020,1
3DD.003D937A61,Mark,WELH - Wells Hatchery,9/10/2020,"LOUPLC - Loup Loup Creek, Okanogan River Basin",9/10/2020,9/10/2020,1
3DD.003D937A62,Mark,WELH - Wells Hatchery,9/10/2020,WELSBR - Starr Boat Ramp on west shore 5 km upstream of Wells Dam,9/10/2020,9/10/2020,1
3DD.003D937A63,Mark,WELH - Wells Hatchery,9/10/2020,WELSBR - Starr Boat Ramp on west shore 5 km upstream of Wells Dam,9/10/2020,9/10/2020,1
3DD.003D937A64,Mark,WELH - Wells Hatchery,9/10/2020,"LOUPLC - Loup Loup Creek, Okanogan River Basin",9/10/2020,9/10/2020,1
3DD.003D937A65,Mark,WELH - Wells Hatchery,9/10/2020,WELSBR - Starr Boat Ramp on west shore 5 km upstream of Wells Dam,9/10/2020,9/10/2020,1
3DD.003D937A66,Mark,WELH - Wells Hatchery,9/3/2020,WELSBR - Starr Boat Ramp on west shore 5 km upstream of Wells Dam,9/3/2020,9/3/2020,1
3DD.003D937A67,Mark,WELH - Wells Hatchery,9/3/2020,WELSBR - Starr Boat Ramp on west shore 5 km upstream of Wells Dam,9/3/2020,9/3/2020,1
3DD.003D937A68,Mark,WELH - Wells Hatchery,9/10/2020,WELSBR - Starr Boat Ramp on west shore 5 km upstream of Wells Dam,9/10/2020,9/10/2020,1
3DD.003D937A69,Mark,WELH - Wells Hatchery,9/10/2020,WELSBR - Starr Boat Ramp on west shore 5 km upstream of Wells Dam,9/10/2020,9/10/2020,1
3DD.003D937A6A,Mark,WELH - Wells Hatchery,9/10/2020,WELSBR - Starr Boat Ramp on west shore 5 km upstream of Wells Dam,9/10/2020,9/10/2020,1
3DD.003D937A6B,Mark,WELH - Wells Hatchery,8/27/2020,WELSBR - Starr Boat Ramp on west shore 5 km upstream of Wells Dam,8/27/2020,8/27/2020,1
3DD.003D937A6C,Mark,WELH - Wells Hatchery,9/10/2020,"LOUPLC - Loup Loup Creek, Okanogan River Basin",9/10/2020,9/10/2020,1
3DD.003D937A6D,Mark,WELH - Wells Hatchery,9/3/2020,OMAKC - Omak Creek (tributary to Okanogan River),9/3/2020,9/3/2020,1
3DD.003D937A6E,Mark,WELH - Wells Hatchery,9/3/2020,WELSBR - Starr Boat Ramp on west shore 5 km upstream of Wells Dam,9/3/2020,9/3/2020,1
3DD.003D937A6F,Mark,WELH - Wells Hatchery,9/10/2020,WELSBR - Starr Boat Ramp on west shore 5 km upstream of Wells Dam,9/10/2020,9/10/2020,1
3DD.003D937A70,Mark,WELH - Wells Hatchery,8/27/2020,WELSBR - Starr Boat Ramp on west shore 5 km upstream of Wells Dam,8/27/2020,8/27/2020,1
3DD.003D937A71,Mark,WELH - Wells Hatchery,9/10/2020,"LOUPLC - Loup Loup Creek, Okanogan River Basin",9/10/2020,9/10/2020,1
3DD.003D937A72,Mark,WELH - Wells Hatchery,9/10/2020,WELSBR - Starr Boat Ramp on west shore 5 km upstream of Wells Dam,9/10/2020,9/10/2020,1
3DD.003D937A73,Mark,WELH - Wells Hatchery,9/3/2020,OMAKC - Omak Creek (tributary to Okanogan River),9/3/2020,9/3/2020,1
3DD.003D937A74,Mark,WELH - Wells Hatchery,9/3/2020,WELSBR - Starr Boat Ramp on west shore 5 km upstream of Wells Dam,9/3/2020,9/3/2020,1
3DD.003D937A75,Mark,WELH - Wells Hatchery,9/3/2020,OMAKC - Omak Creek (tributary to Okanogan River),9/3/2020,9/3/2020,1
3DD.003D937A76,Mark,WELH - Wells Hatchery,9/10/2020,WELSBR - Starr Boat Ramp on west shore 5 km upstream of Wells Dam,9/10/2020,9/10/2020,1
3DD.003D937A77,Mark,WELH - Wells Hatchery,8/27/2020,WELSBR - Starr Boat Ramp on west shore 5 km upstream of Wells Dam,8/27/2020,8/27/2020,1
3DD.003D937A78,Mark,WELH - Wells Hatchery,8/27/2020,WELSBR - Starr Boat Ramp on west shore 5 km upstream of Wells Dam,8/27/2020,8/27/2020,1
3DD.003D937A79,Mark,WELH - Wells Hatchery,9/10/2020,WELSBR - Starr Boat Ramp on west shore 5 km upstream of Wells Dam,9/10/2020,9/10/2020,1
3DD.003D937A7A,Mark,WELH - Wells Hatchery,9/10/2020,WELSBR - Starr Boat Ramp on west shore 5 km upstream of Wells Dam,9/10/2020,9/10/2020,1
3DD.003D937A7B,Mark,WELH - Wells Hatchery,9/10/2020,WELSBR - Starr Boat Ramp on west shore 5 km upstream of Wells Dam,9/10/2020,9/10/2020,1
3DD.003D937A7C,Mark,WELH - Wells Hatchery,9/3/2020,WELSBR - Starr Boat Ramp on west shore 5 km upstream of Wells Dam,9/3/2020,9/3/2020,1
3DD.003D937A7D,Mark,WELH - Wells Hatchery,8/27/2020,WELSBR - Starr Boat Ramp on west shore 5 km upstream of Wells Dam,8/27/2020,8/27/2020,1
3DD.003D937A7E,Mark,WELH - Wells Hatchery,9/10/2020,"LOUPLC - Loup Loup Creek, Okanogan River Basin",9/10/2020,9/10/2020,1
3DD.003D937A7F,Mark,WELH - Wells Hatchery,8/27/2020,WELSBR - Starr Boat Ramp on west shore 5 km upstream of Wells Dam,8/27/2020,8/27/2020,1
3DD.003D937A80,Mark,WELH - Wells Hatchery,9/10/2020,WELSBR - Starr Boat Ramp on west shore 5 km upstream of Wells Dam,9/10/2020,9/10/2020,1
3DD.003D937A81,Mark,WELH - Wells Hatchery,9/3/2020,OMAKC - Omak Creek (tributary to Okanogan River),9/3/2020,9/3/2020,1
3DD.003D937A82,Mark,WELH - Wells Hatchery,9/10/2020,WELSBR - Starr Boat Ramp on west shore 5 km upstream of Wells Dam,9/10/2020,9/10/2020,1
3DD.003D937A83,Mark,WELH - Wells Hatchery,9/3/2020,WELSBR - Starr Boat Ramp on west shore 5 km upstream of Wells Dam,9/3/2020,9/3/2020,1
3DD.003D937A84,Mark,WELH - Wells Hatchery,9/10/2020,WELSBR - Starr Boat Ramp on west shore 5 km upstream of Wells Dam,9/10/2020,9/10/2020,1
3DD.003D937A85,Mark,WELH - Wells Hatchery,9/10/2020,WELSBR - Starr Boat Ramp on west shore 5 km upstream of Wells Dam,9/10/2020,9/10/2020,1
3DD.003D937A86,Mark,WELH - Wells Hatchery,9/3/2020,WELSBR - Starr Boat Ramp on west shore 5 km upstream of Wells Dam,9/3/2020,9/3/2020,1
3DD.003D937A87,Mark,WELH - Wells Hatchery,8/27/2020,WELSBR - Starr Boat Ramp on west shore 5 km upstream of Wells Dam,8/27/2020,8/27/2020,1
3DD.003D937A88,Mark,WELH - Wells Hatchery,9/10/2020,"LOUPLC - Loup Loup Creek, Okanogan River Basin",9/10/2020,9/10/2020,1
3DD.003D937A89,Mark,WELH - Wells Hatchery,9/10/2020,WELSBR - Starr Boat Ramp on west shore 5 km upstream of Wells Dam,9/10/2020,9/10/2020,1
3DD.003D937A8A,Mark,WELH - Wells Hatchery,8/27/2020,WELSBR - Starr Boat Ramp on west shore 5 km upstream of Wells Dam,8/27/2020,8/27/2020,1
3DD.003D937A8B,Mark,WELH - Wells Hatchery,8/27/2020,WELSBR - Starr Boat Ramp on west shore 5 km upstream of Wells Dam,8/27/2020,8/27/2020,1
3DD.003D937A8C,Mark,WELH - Wells Hatchery,9/10/2020,WELSBR - Starr Boat Ramp on west shore 5 km upstream of Wells Dam,9/10/2020,9/10/2020,1
3DD.003D937A8D,Mark,WELH - Wells Hatchery,9/3/2020,WELSBR - Starr Boat Ramp on west shore 5 km upstream of Wells Dam,9/3/2020,9/3/2020,1
3DD.003D937A8E,Mark,WELH - Wells Hatchery,9/3/2020,WELSBR - Starr Boat Ramp on west shore 5 km upstream of Wells Dam,9/3/2020,9/3/2020,1
3DD.003D937A8F,Mark,WELH - Wells Hatchery,9/3/2020,WELSBR - Starr Boat Ramp on west shore 5 km upstream of Wells Dam,9/3/2020,9/3/2020,1
3DD.003D937A90,Mark,WELH - Wells Hatchery,9/10/2020,WELSBR - Starr Boat Ramp on west shore 5 km upstream of Wells Dam,9/10/2020,9/10/2020,1
3DD.003D937A91,Mark,WELH - Wells Hatchery,9/3/2020,WELSBR - Starr Boat Ramp on west shore 5 km upstream of Wells Dam,9/3/2020,9/3/2020,1
3DD.003D937A92,Mark,WELH - Wells Hatchery,9/10/2020,WELSBR - Starr Boat Ramp on west shore 5 km upstream of Wells Dam,9/10/2020,9/10/2020,1
3DD.003D937A93,Mark,WELH - Wells Hatchery,8/27/2020,WELSBR - Starr Boat Ramp on west shore 5 km upstream of Wells Dam,8/27/2020,8/27/2020,1
3DD.003D937A94,Mark,WELH - Wells Hatchery,9/3/2020,OMAKC - Omak Creek (tributary to Okanogan River),9/3/2020,9/3/2020,1
3DD.003D937A95,Mark,WELH - Wells Hatchery,9/10/2020,WELSBR - Starr Boat Ramp on west shore 5 km upstream of Wells Dam,9/10/2020,9/10/2020,1
3DD.003D937A96,Mark,WELH - Wells Hatchery,9/10/2020,WELSBR - Starr Boat Ramp on west shore 5 km upstream of Wells Dam,9/10/2020,9/10/2020,1
3DD.003D937A97,Mark,WELH - Wells Hatchery,9/10/2020,"LOUPLC - Loup Loup Creek, Okanogan River Basin",9/10/2020,9/10/2020,1
3DD.003D937A98,Mark,WELH - Wells Hatchery,9/10/2020,"LOUPLC - Loup Loup Creek, Okanogan River Basin",9/10/2020,9/10/2020,1
3DD.003D937A99,Mark,WELH - Wells Hatchery,8/27/2020,WELSBR - Starr Boat Ramp on west shore 5 km upstream of Wells Dam,8/27/2020,8/27/2020,1
3DD.003D937A9A,Mark,WELH - Wells Hatchery,9/10/2020,WELSBR - Starr Boat Ramp on west shore 5 km upstream of Wells Dam,9/10/2020,9/10/2020,1
3DD.003D937A9B,Mark,WELH - Wells Hatchery,9/10/2020,WELSBR - Starr Boat Ramp on west shore 5 km upstream of Wells Dam,9/10/2020,9/10/2020,1
3DD.003D937A9C,Mark,WELH - Wells Hatchery,8/27/2020,WELSBR - Starr Boat Ramp on west shore 5 km upstream of Wells Dam,8/27/2020,8/27/2020,1
3DD.003D937A9D,Mark,WELH - Wells Hatchery,9/10/2020,WELSBR - Starr Boat Ramp on west shore 5 km upstream of Wells Dam,9/10/2020,9/10/2020,1
3DD.003D937A9E,Mark,WELH - Wells Hatchery,8/27/2020,WELSBR - Starr Boat Ramp on west shore 5 km upstream of Wells Dam,8/27/2020,8/27/2020,1
3DD.003D937A9F,Mark,WELH - Wells Hatchery,9/3/2020,OMAKC - Omak Creek (tributary to Okanogan River),9/3/2020,9/3/2020,1
3DD.003D937AA0,Mark,WELH - Wells Hatchery,9/10/2020,WELSBR - Starr Boat Ramp on west shore 5 km upstream of Wells Dam,9/10/2020,9/10/2020,1
3DD.003D937AA1,Mark,WELH - Wells Hatchery,9/10/2020,"LOUPLC - Loup Loup Creek, Okanogan River Basin",9/10/2020,9/10/2020,1
3DD.003D937AA2,Mark,WELH - Wells Hatchery,9/3/2020,WELSBR - Starr Boat Ramp on west shore 5 km upstream of Wells Dam,9/3/2020,9/3/2020,1
3DD.003D937AA3,Mark,WELH - Wells Hatchery,9/3/2020,WELSBR - Starr Boat Ramp on west shore 5 km upstream of Wells Dam,9/3/2020,9/3/2020,1
3DD.003D937AA4,Mark,WELH - Wells Hatchery,8/27/2020,WELSBR - Starr Boat Ramp on west shore 5 km upstream of Wells Dam,8/27/2020,8/27/2020,1
3DD.003D937AA5,Mark,WELH - Wells Hatchery,8/27/2020,WELSBR - Starr Boat Ramp on west shore 5 km upstream of Wells Dam,8/27/2020,8/27/2020,1
3DD.003D937AA6,Mark,WELH - Wells Hatchery,8/27/2020,WELSBR - Starr Boat Ramp on west shore 5 km upstream of Wells Dam,8/27/2020,8/27/2020,1
3DD.003D937AA7,Mark,WELH - Wells Hatchery,9/3/2020,WELSBR - Starr Boat Ramp on west shore 5 km upstream of Wells Dam,9/3/2020,9/3/2020,1
3DD.003D937AA8,Mark,WELH - Wells Hatchery,9/3/2020,WELSBR - Starr Boat Ramp on west shore 5 km upstream of Wells Dam,9/3/2020,9/3/2020,1
3DD.003D937AA9,Mark,WELH - Wells Hatchery,9/3/2020,OMAKC - Omak Creek (tributary to Okanogan River),9/3/2020,9/3/2020,1
3DD.003D937AAA,Mark,WELH - Wells Hatchery,8/27/2020,WELSBR - Starr Boat Ramp on west shore 5 km upstream of Wells Dam,8/27/2020,8/27/2020,1
3DD.003D937AAB,Mark,WELH - Wells Hatchery,9/10/2020,"LOUPLC - Loup Loup Creek, Okanogan River Basin",9/10/2020,9/10/2020,1
3DD.003D937AAC,Mark,WELH - Wells Hatchery,8/27/2020,WELSBR - Starr Boat Ramp on west shore 5 km upstream of Wells Dam,8/27/2020,8/27/2020,1
3DD.003D937AAD,Mark,WELH - Wells Hatchery,9/3/2020,OMAKC - Omak Creek (tributary to Okanogan River),9/3/2020,9/3/2020,1
3DD.003D937AAE,Mark,WELH - Wells Hatchery,8/27/2020,WELSBR - Starr Boat Ramp on west shore 5 km upstream of Wells Dam,8/27/2020,8/27/2020,1
3DD.003D937AAF,Mark,WELH - Wells Hatchery,9/3/2020,WELSBR - Starr Boat Ramp on west shore 5 km upstream of Wells Dam,9/3/2020,9/3/2020,1
3DD.003D937AB0,Mark,WELH - Wells Hatchery,9/10/2020,WELSBR - Starr Boat Ramp on west shore 5 km upstream of Wells Dam,9/10/2020,9/10/2020,1
3DD.003D937C41,Mark,WELH - Wells Hatchery,8/10/2023,SIMILR - Similkameen River,8/10/2023,8/10/2023,1
3DD.003D937C42,Mark,WELH - Wells Hatchery,8/10/2023,SIMILR - Similkameen River,8/10/2023,8/10/2023,1
3DD.003D937C43,Mark,WELH - Wells Hatchery,8/3/2023,WELSBR - Starr Boat Ramp on west shore 5 km upstream of Wells Dam,8/3/2023,8/3/2023,1
3DD.003D937C44,Mark,WELH - Wells Hatchery,8/10/2023,WELSBR - Starr Boat Ramp on west shore 5 km upstream of Wells Dam,8/10/2023,8/10/2023,1
3DD.003D937C45,Mark,WELH - Wells Hatchery,8/10/2023,SIMILR - Similkameen River,8/10/2023,8/10/2023,1
3DD.003D937C46,Mark,WELH - Wells Hatchery,8/3/2023,WELSBR - Starr Boat Ramp on west shore 5 km upstream of Wells Dam,8/3/2023,8/3/2023,1
3DD.003D937C47,Mark,WELH - Wells Hatchery,8/10/2023,SIMILR - Similkameen River,8/10/2023,8/10/2023,1
3DD.003D937C48,Mark,WELH - Wells Hatchery,8/10/2023,SIMILR - Similkameen River,8/10/2023,8/10/2023,1
3DD.003D937C49,Mark,WELH - Wells Hatchery,8/10/2023,WELSBR - Starr Boat Ramp on west shore 5 km upstream of Wells Dam,8/10/2023,8/10/2023,1
3DD.003D937C4A,Mark,WELH - Wells Hatchery,8/10/2023,SIMILR - Similkameen River,8/10/2023,8/10/2023,1
3DD.003D937C4B,Mark,WELH - Wells Hatchery,8/10/2023,SIMILR - Similkameen River,8/10/2023,8/10/2023,1
3DD.003D937C4C,Mark,WELH - Wells Hatchery,8/10/2023,SIMILR - Similkameen River,8/10/2023,8/10/2023,1
3DD.003D937C4E,Mark,WELH - Wells Hatchery,8/10/2023,WELSBR - Starr Boat Ramp on west shore 5 km upstream of Wells Dam,8/10/2023,8/10/2023,1
3DD.003D937C4F,Mark,WELH - Wells Hatchery,8/10/2023,SIMILR - Similkameen River,8/10/2023,8/10/2023,1
3DD.003D937C50,Mark,WELH - Wells Hatchery,8/10/2023,WELSBR - Starr Boat Ramp on west shore 5 km upstream of Wells Dam,8/10/2023,8/10/2023,1
3DD.003D937C51,Mark,WELH - Wells Hatchery,8/10/2023,SIMILR - Similkameen River,8/10/2023,8/10/2023,1
3DD.003D937C52,Mark,WELH - Wells Hatchery,8/3/2023,WELSBR - Starr Boat Ramp on west shore 5 km upstream of Wells Dam,8/3/2023,8/3/2023,1
3DD.003D937C53,Mark,WELH - Wells Hatchery,8/10/2023,SIMILR - Similkameen River,8/10/2023,8/10/2023,1
3DD.003D937C54,Mark,WELH - Wells Hatchery,8/10/2023,SIMILR - Similkameen River,8/10/2023,8/10/2023,1
3DD.003D937C56,Mark,WELH - Wells Hatchery,8/10/2023,WELSBR - Starr Boat Ramp on west shore 5 km upstream of Wells Dam,8/10/2023,8/10/2023,1
3DD.003D937C57,Mark,WELH - Wells Hatchery,8/3/2023,WELSBR - Starr Boat Ramp on west shore 5 km upstream of Wells Dam,8/3/2023,8/3/2023,1
3DD.003D937C58,Mark,WELH - Wells Hatchery,8/10/2023,SIMILR - Similkameen River,8/10/2023,8/10/2023,1
3DD.003D937C59,Mark,WELH - Wells Hatchery,8/10/2023,WELSBR - Starr Boat Ramp on west shore 5 km upstream of Wells Dam,8/10/2023,8/10/2023,1
3DD.003D937C5A,Mark,WELH - Wells Hatchery,8/10/2023,SIMILR - Similkameen River,8/10/2023,8/10/2023,1
3DD.003D937C5B,Mark,WELH - Wells Hatchery,8/10/2023,SIMILR - Similkameen River,8/10/2023,8/10/2023,1
3DD.003D937C5C,Mark,WELH - Wells Hatchery,8/10/2023,SIMILR - Similkameen River,8/10/2023,8/10/2023,1
3DD.003D937C5D,Mark,WELH - Wells Hatchery,8/10/2023,SIMILR - Similkameen River,8/10/2023,8/10/2023,1
3DD.003D937C5E,Mark,WELH - Wells Hatchery,8/10/2023,SIMILR - Similkameen River,8/10/2023,8/10/2023,1
3DD.003D937C5F,Mark,WELH - Wells Hatchery,8/10/2023,WELSBR - Starr Boat Ramp on west shore 5 km upstream of Wells Dam,8/10/2023,8/10/2023,1
3DD.003D937C61,Mark,WELH - Wells Hatchery,8/10/2023,SIMILR - Similkameen River,8/10/2023,8/10/2023,1
3DD.003D937C62,Mark,WELH - Wells Hatchery,8/10/2023,WELSBR - Starr Boat Ramp on west shore 5 km upstream of Wells Dam,8/10/2023,8/10/2023,1
3DD.003D937C63,Mark,WELH - Wells Hatchery,8/10/2023,SIMILR - Similkameen River,8/10/2023,8/10/2023,1
3DD.003D937C64,Mark,WELH - Wells Hatchery,8/10/2023,SIMILR - Similkameen River,8/10/2023,8/10/2023,1
3DD.003D937C66,Mark,WELH - Wells Hatchery,8/10/2023,WELSBR - Starr Boat Ramp on west shore 5 km upstream of Wells Dam,8/10/2023,8/10/2023,1
3DD.003D937C68,Mark,WELH - Wells Hatchery,8/10/2023,SIMILR - Similkameen River,8/10/2023,8/10/2023,1
3DD.003D937C69,Mark,WELH - Wells Hatchery,8/10/2023,SIMILR - Similkameen River,8/10/2023,8/10/2023,1
3DD.003D937C6A,Mark,WELH - Wells Hatchery,8/10/2023,WELSBR - Starr Boat Ramp on west shore 5 km upstream of Wells Dam,8/10/2023,8/10/2023,1
3DD.003D937C6B,Mark,WELH - Wells Hatchery,8/10/2023,SIMILR - Similkameen River,8/10/2023,8/10/2023,1
3DD.003D937C6C,Mark,WELH - Wells Hatchery,8/10/2023,SIMILR - Similkameen River,8/10/2023,8/10/2023,1
3DD.003D937C6D,Mark,WELH - Wells Hatchery,8/10/2023,SIMILR - Similkameen River,8/10/2023,8/10/2023,1
3DD.003D937C6E,Mark,WELH - Wells Hatchery,8/10/2023,SIMILR - Similkameen River,8/10/2023,8/10/2023,1
3DD.003D937C6F,Mark,WELH - Wells Hatchery,8/10/2023,SIMILR - Similkameen River,8/10/2023,8/10/2023,1
3DD.003D937C70,Mark,WELH - Wells Hatchery,8/10/2023,SIMILR - Similkameen River,8/10/2023,8/10/2023,1
3DD.003D937C71,Mark,WELH - Wells Hatchery,8/10/2023,WELSBR - Starr Boat Ramp on west shore 5 km upstream of Wells Dam,8/10/2023,8/10/2023,1
3DD.003D937C72,Mark,WELH - Wells Hatchery,8/10/2023,WELSBR - Starr Boat Ramp on west shore 5 km upstream of Wells Dam,8/10/2023,8/10/2023,1
3DD.003D937C73,Mark,WELH - Wells Hatchery,8/10/2023,SIMILR - Similkameen River,8/10/2023,8/10/2023,1
3DD.003D937C74,Mark,WELH - Wells Hatchery,8/10/2023,WELSBR - Starr Boat Ramp on west shore 5 km upstream of Wells Dam,8/10/2023,8/10/2023,1
3DD.003D937C75,Mark,WELH - Wells Hatchery,8/10/2023,SIMILR - Similkameen River,8/10/2023,8/10/2023,1
3DD.003D937C76,Mark,WELH - Wells Hatchery,8/10/2023,WELSBR - Starr Boat Ramp on west shore 5 km upstream of Wells Dam,8/10/2023,8/10/2023,1
3DD.003D937C77,Mark,WELH - Wells Hatchery,8/10/2023,SIMILR - Similkameen River,8/10/2023,8/10/2023,1
3DD.003D937C78,Mark,WELH - Wells Hatchery,8/3/2023,WELSBR - Starr Boat Ramp on west shore 5 km upstream of Wells Dam,8/3/2023,8/3/2023,1
3DD.003D937C79,Mark,WELH - Wells Hatchery,8/10/2023,SIMILR - Similkameen River,8/10/2023,8/10/2023,1
3DD.003D937C7A,Mark,WELH - Wells Hatchery,8/3/2023,WELSBR - Starr Boat Ramp on west shore 5 km upstream of Wells Dam,8/3/2023,8/3/2023,1
3DD.003D937C7B,Mark,WELH - Wells Hatchery,8/10/2023,SIMILR - Similkameen River,8/10/2023,8/10/2023,1
3DD.003D937C7C,Mark,WELH - Wells Hatchery,8/10/2023,WELSBR - Starr Boat Ramp on west shore 5 km upstream of Wells Dam,8/10/2023,8/10/2023,1
3DD.003D937C7E,Mark,WELH - Wells Hatchery,8/10/2023,SIMILR - Similkameen River,8/10/2023,8/10/2023,1
3DD.003D937C7F,Mark,WELH - Wells Hatchery,8/10/2023,WELSBR - Starr Boat Ramp on west shore 5 km upstream of Wells Dam,8/10/2023,8/10/2023,1
3DD.003D937C80,Mark,WELH - Wells Hatchery,8/3/2023,WELSBR - Starr Boat Ramp on west shore 5 km upstream of Wells Dam,8/3/2023,8/3/2023,1
3DD.003D937C81,Mark,WELH - Wells Hatchery,8/10/2023,SIMILR - Similkameen River,8/10/2023,8/10/2023,1
3DD.003D937C82,Mark,WELH - Wells Hatchery,8/10/2023,WELSBR - Starr Boat Ramp on west shore 5 km upstream of Wells Dam,8/10/2023,8/10/2023,1
3DD.003D937C83,Mark,WELH - Wells Hatchery,8/10/2023,WELSBR - Starr Boat Ramp on west shore 5 km upstream of Wells Dam,8/10/2023,8/10/2023,1
3DD.003D937C84,Mark,WELH - Wells Hatchery,8/10/2023,WELSBR - Starr Boat Ramp on west shore 5 km upstream of Wells Dam,8/10/2023,8/10/2023,1
3DD.003D937C85,Mark,WELH - Wells Hatchery,8/10/2023,WELSBR - Starr Boat Ramp on west shore 5 km upstream of Wells Dam,8/10/2023,8/10/2023,1
3DD.003D937C86,Mark,WELH - Wells Hatchery,8/10/2023,SIMILR - Similkameen River,8/10/2023,8/10/2023,1
3DD.003D937C87,Mark,WELH - Wells Hatchery,8/10/2023,WELSBR - Starr Boat Ramp on west shore 5 km upstream of Wells Dam,8/10/2023,8/10/2023,1
3DD.003D937C88,Mark,WELH - Wells Hatchery,8/10/2023,WELSBR - Starr Boat Ramp on west shore 5 km upstream of Wells Dam,8/10/2023,8/10/2023,1
3DD.003D937C89,Mark,WELH - Wells Hatchery,8/10/2023,SIMILR - Similkameen River,8/10/2023,8/10/2023,1
3DD.003D937C8A,Mark,WELH - Wells Hatchery,8/10/2023,SIMILR - Similkameen River,8/10/2023,8/10/2023,1
3DD.003D937C8B,Mark,WELH - Wells Hatchery,8/10/2023,WELSBR - Starr Boat Ramp on west shore 5 km upstream of Wells Dam,8/10/2023,8/10/2023,1
3DD.003D937C8C,Mark,WELH - Wells Hatchery,8/10/2023,WELSBR - Starr Boat Ramp on west shore 5 km upstream of Wells Dam,8/10/2023,8/10/2023,1
3DD.003D937C8D,Mark,WELH - Wells Hatchery,8/10/2023,WELSBR - Starr Boat Ramp on west shore 5 km upstream of Wells Dam,8/10/2023,8/10/2023,1
3DD.003D937C8E,Mark,WELH - Wells Hatchery,8/10/2023,SIMILR - Similkameen River,8/10/2023,8/10/2023,1
3DD.003D937C8F,Mark,WELH - Wells Hatchery,8/10/2023,SIMILR - Similkameen River,8/10/2023,8/10/2023,1
3DD.003D937C90,Mark,WELH - Wells Hatchery,8/10/2023,SIMILR - Similkameen River,8/10/2023,8/10/2023,1
3DD.003D937C91,Mark,WELH - Wells Hatchery,8/10/2023,WELSBR - Starr Boat Ramp on west shore 5 km upstream of Wells Dam,8/10/2023,8/10/2023,1
3DD.003D937C92,Mark,WELH - Wells Hatchery,8/10/2023,SIMILR - Similkameen River,8/10/2023,8/10/2023,1
3DD.003D937C93,Mark,WELH - Wells Hatchery,8/3/2023,WELSBR - Starr Boat Ramp on west shore 5 km upstream of Wells Dam,8/3/2023,8/3/2023,1
3DD.003D937C94,Mark,WELH - Wells Hatchery,8/10/2023,SIMILR - Similkameen River,8/10/2023,8/10/2023,1
3DD.003D937C95,Mark,WELH - Wells Hatchery,8/10/2023,WELSBR - Starr Boat Ramp on west shore 5 km upstream of Wells Dam,8/10/2023,8/10/2023,1
3DD.003D937C96,Mark,WELH - Wells Hatchery,8/10/2023,SIMILR - Similkameen River,8/10/2023,8/10/2023,1
3DD.003D937C99,Mark,WELH - Wells Hatchery,8/10/2023,SIMILR - Similkameen River,8/10/2023,8/10/2023,1
3DD.003D937C9A,Mark,WELH - Wells Hatchery,8/10/2023,WELSBR - Starr Boat Ramp on west shore 5 km upstream of Wells Dam,8/10/2023,8/10/2023,1
3DD.003D937C9B,Mark,WELH - Wells Hatchery,8/10/2023,WELSBR - Starr Boat Ramp on west shore 5 km upstream of Wells Dam,8/10/2023,8/10/2023,1
3DD.003D937C9C,Mark,WELH - Wells Hatchery,8/10/2023,WELSBR - Starr Boat Ramp on west shore 5 km upstream of Wells Dam,8/10/2023,8/10/2023,1
3DD.003D937C9D,Mark,WELH - Wells Hatchery,8/10/2023,SIMILR - Similkameen River,8/10/2023,8/10/2023,1
3DD.003D937C9E,Mark,WELH - Wells Hatchery,8/10/2023,SIMILR - Similkameen River,8/10/2023,8/10/2023,1
3DD.003D937C9F,Mark,WELH - Wells Hatchery,8/10/2023,SIMILR - Similkameen River,8/10/2023,8/10/2023,1
3DD.003D937CA0,Mark,WELH - Wells Hatchery,8/10/2023,SIMILR - Similkameen River,8/10/2023,8/10/2023,1
3DD.003D937CA1,Mark,WELH - Wells Hatchery,8/10/2023,SIMILR - Similkameen River,8/10/2023,8/10/2023,1
3DD.003D937CA2,Mark,WELH - Wells Hatchery,8/10/2023,WELSBR - Starr Boat Ramp on west shore 5 km upstream of Wells Dam,8/10/2023,8/10/2023,1
3DD.003D937CA4,Mark,WELH - Wells Hatchery,8/10/2023,WELSBR - Starr Boat Ramp on west shore 5 km upstream of Wells Dam,8/10/2023,8/10/2023,1
3DD.003D937CA5,Mark,WELH - Wells Hatchery,8/5/2021,WELSBR - Starr Boat Ramp on west shore 5 km upstream of Wells Dam,8/5/2021,8/5/2021,1
3DD.003D937CA6,Mark,WELH - Wells Hatchery,8/5/2021,WELSBR - Starr Boat Ramp on west shore 5 km upstream of Wells Dam,8/5/2021,8/5/2021,1
3DD.003D937CA7,Mark,WELH - Wells Hatchery,8/5/2021,WELSBR - Starr Boat Ramp on west shore 5 km upstream of Wells Dam,8/5/2021,8/5/2021,1
3DD.003D937CA8,Mark,WELH - Wells Hatchery,8/5/2021,WELSBR - Starr Boat Ramp on west shore 5 km upstream of Wells Dam,8/5/2021,8/5/2021,1
3DD.003D937CA9,Mark,WELH - Wells Hatchery,8/5/2021,WELSBR - Starr Boat Ramp on west shore 5 km upstream of Wells Dam,8/5/2021,8/5/2021,1
3DD.003D937CAA,Mark,WELH - Wells Hatchery,8/5/2021,WELSBR - Starr Boat Ramp on west shore 5 km upstream of Wells Dam,8/5/2021,8/5/2021,1
3DD.003D937CAB,Mark,WELH - Wells Hatchery,8/12/2021,SALMOC - Salmon Creek (tributary to Okanogan River),8/12/2021,8/12/2021,1
3DD.003D937CAD,Mark,WELH - Wells Hatchery,8/5/2021,WELSBR - Starr Boat Ramp on west shore 5 km upstream of Wells Dam,8/5/2021,8/5/2021,1
3DD.003D937CAE,Mark,WELH - Wells Hatchery,8/5/2021,WELSBR - Starr Boat Ramp on west shore 5 km upstream of Wells Dam,8/5/2021,8/5/2021,1
3DD.003D937CAF,Mark,WELH - Wells Hatchery,8/12/2021,SALMOC - Salmon Creek (tributary to Okanogan River),8/12/2021,8/12/2021,1
3DD.003D937CB0,Mark,WELH - Wells Hatchery,8/5/2021,WELSBR - Starr Boat Ramp on west shore 5 km upstream of Wells Dam,8/5/2021,8/5/2021,1
3DD.003D937CB1,Mark,WELH - Wells Hatchery,8/5/2021,WELSBR - Starr Boat Ramp on west shore 5 km upstream of Wells Dam,8/5/2021,8/5/2021,1
3DD.003D937CB2,Mark,WELH - Wells Hatchery,8/5/2021,WELSBR - Starr Boat Ramp on west shore 5 km upstream of Wells Dam,8/5/2021,8/5/2021,1
3DD.003D937CB3,Mark,WELH - Wells Hatchery,8/5/2021,WELSBR - Starr Boat Ramp on west shore 5 km upstream of Wells Dam,8/5/2021,8/5/2021,1
3DD.003D937CB4,Mark,WELH - Wells Hatchery,8/5/2021,WELSBR - Starr Boat Ramp on west shore 5 km upstream of Wells Dam,8/5/2021,8/5/2021,1
3DD.003D937CB5,Mark,WELH - Wells Hatchery,8/5/2021,WELSBR - Starr Boat Ramp on west shore 5 km upstream of Wells Dam,8/5/2021,8/5/2021,1
3DD.003D937CB6,Mark,WELH - Wells Hatchery,8/5/2021,WELSBR - Starr Boat Ramp on west shore 5 km upstream of Wells Dam,8/5/2021,8/5/2021,1
3DD.003D937CB7,Mark,WELH - Wells Hatchery,8/5/2021,WELSBR - Starr Boat Ramp on west shore 5 km upstream of Wells Dam,8/5/2021,8/5/2021,1
3DD.003D937CB8,Mark,WELH - Wells Hatchery,8/5/2021,WELSBR - Starr Boat Ramp on west shore 5 km upstream of Wells Dam,8/5/2021,8/5/2021,1
3DD.003D937CB9,Mark,WELH - Wells Hatchery,8/5/2021,WELSBR - Starr Boat Ramp on west shore 5 km upstream of Wells Dam,8/5/2021,8/5/2021,1
3DD.003D937CBA,Mark,WELH - Wells Hatchery,8/5/2021,WELSBR - Starr Boat Ramp on west shore 5 km upstream of Wells Dam,8/5/2021,8/5/2021,1
3DD.003D937CBB,Mark,WELH - Wells Hatchery,8/5/2021,WELSBR - Starr Boat Ramp on west shore 5 km upstream of Wells Dam,8/5/2021,8/5/2021,1
3DD.003D937CBC,Mark,WELH - Wells Hatchery,8/5/2021,WELSBR - Starr Boat Ramp on west shore 5 km upstream of Wells Dam,8/5/2021,8/5/2021,1
3DD.003D937CBD,Mark,WELH - Wells Hatchery,8/5/2021,WELSBR - Starr Boat Ramp on west shore 5 km upstream of Wells Dam,8/5/2021,8/5/2021,1
3DD.003D937CBE,Mark,WELH - Wells Hatchery,8/5/2021,WELSBR - Starr Boat Ramp on west shore 5 km upstream of Wells Dam,8/5/2021,8/5/2021,1
3DD.003D937CBF,Mark,WELH - Wells Hatchery,8/5/2021,WELSBR - Starr Boat Ramp on west shore 5 km upstream of Wells Dam,8/5/2021,8/5/2021,1
3DD.003D937CC0,Mark,WELH - Wells Hatchery,8/5/2021,WELSBR - Starr Boat Ramp on west shore 5 km upstream of Wells Dam,8/5/2021,8/5/2021,1
3DD.003D937CC1,Mark,WELH - Wells Hatchery,8/5/2021,WELSBR - Starr Boat Ramp on west shore 5 km upstream of Wells Dam,8/5/2021,8/5/2021,1
3DD.003D937CC2,Mark,WELH - Wells Hatchery,8/5/2021,WELSBR - Starr Boat Ramp on west shore 5 km upstream of Wells Dam,8/5/2021,8/5/2021,1
3DD.003D937CC3,Mark,WELH - Wells Hatchery,8/5/2021,WELSBR - Starr Boat Ramp on west shore 5 km upstream of Wells Dam,8/5/2021,8/5/2021,1
3DD.003D937CC4,Mark,WELH - Wells Hatchery,8/5/2021,WELSBR - Starr Boat Ramp on west shore 5 km upstream of Wells Dam,8/5/2021,8/5/2021,1
3DD.003D937CC5,Mark,WELH - Wells Hatchery,8/5/2021,WELSBR - Starr Boat Ramp on west shore 5 km upstream of Wells Dam,8/5/2021,8/5/2021,1
3DD.003D937CC6,Mark,WELH - Wells Hatchery,8/5/2021,WELSBR - Starr Boat Ramp on west shore 5 km upstream of Wells Dam,8/5/2021,8/5/2021,1
3DD.003D937CC7,Mark,WELH - Wells Hatchery,8/5/2021,WELSBR - Starr Boat Ramp on west shore 5 km upstream of Wells Dam,8/5/2021,8/5/2021,1
3DD.003D937CC8,Mark,WELH - Wells Hatchery,8/5/2021,WELSBR - Starr Boat Ramp on west shore 5 km upstream of Wells Dam,8/5/2021,8/5/2021,1
3DD.003D937CC9,Mark,WELH - Wells Hatchery,8/5/2021,WELSBR - Starr Boat Ramp on west shore 5 km upstream of Wells Dam,8/5/2021,8/5/2021,1
3DD.003D937CCA,Mark,WELH - Wells Hatchery,8/5/2021,WELSBR - Starr Boat Ramp on west shore 5 km upstream of Wells Dam,8/5/2021,8/5/2021,1
3DD.003D937CCB,Mark,WELH - Wells Hatchery,8/5/2021,WELSBR - Starr Boat Ramp on west shore 5 km upstream of Wells Dam,8/5/2021,8/5/2021,1
3DD.003D937CCC,Mark,WELH - Wells Hatchery,8/5/2021,WELSBR - Starr Boat Ramp on west shore 5 km upstream of Wells Dam,8/5/2021,8/5/2021,1
3DD.003D937CCD,Mark,WELH - Wells Hatchery,8/5/2021,WELSBR - Starr Boat Ramp on west shore 5 km upstream of Wells Dam,8/5/2021,8/5/2021,1
3DD.003D937CCE,Mark,WELH - Wells Hatchery,8/5/2021,WELSBR - Starr Boat Ramp on west shore 5 km upstream of Wells Dam,8/5/2021,8/5/2021,1
3DD.003D937CCF,Mark,WELH - Wells Hatchery,8/5/2021,WELSBR - Starr Boat Ramp on west shore 5 km upstream of Wells Dam,8/5/2021,8/5/2021,1
3DD.003D937CD0,Mark,WELH - Wells Hatchery,8/5/2021,WELSBR - Starr Boat Ramp on west shore 5 km upstream of Wells Dam,8/5/2021,8/5/2021,1
3DD.003D937CD1,Mark,WELH - Wells Hatchery,8/5/2021,WELSBR - Starr Boat Ramp on west shore 5 km upstream of Wells Dam,8/5/2021,8/5/2021,1
3DD.003D937CD2,Mark,WELH - Wells Hatchery,8/5/2021,WELSBR - Starr Boat Ramp on west shore 5 km upstream of Wells Dam,8/5/2021,8/5/2021,1
3DD.003D937CD3,Mark,WELH - Wells Hatchery,8/5/2021,WELSBR - Starr Boat Ramp on west shore 5 km upstream of Wells Dam,8/5/2021,8/5/2021,1
3DD.003D937CD4,Mark,WELH - Wells Hatchery,8/5/2021,WELSBR - Starr Boat Ramp on west shore 5 km upstream of Wells Dam,8/5/2021,8/5/2021,1
3DD.003D937CD5,Mark,WELH - Wells Hatchery,8/5/2021,WELSBR - Starr Boat Ramp on west shore 5 km upstream of Wells Dam,8/5/2021,8/5/2021,1
3DD.003D937CD6,Mark,WELH - Wells Hatchery,8/5/2021,WELSBR - Starr Boat Ramp on west shore 5 km upstream of Wells Dam,8/5/2021,8/5/2021,1
3DD.003D937CD7,Mark,WELH - Wells Hatchery,8/5/2021,WELSBR - Starr Boat Ramp on west shore 5 km upstream of Wells Dam,8/5/2021,8/5/2021,1
3DD.003D937CD8,Mark,WELH - Wells Hatchery,8/5/2021,WELSBR - Starr Boat Ramp on west shore 5 km upstream of Wells Dam,8/5/2021,8/5/2021,1
3DD.003D937CD9,Mark,WELH - Wells Hatchery,8/5/2021,WELSBR - Starr Boat Ramp on west shore 5 km upstream of Wells Dam,8/5/2021,8/5/2021,1
3DD.003D937CDA,Mark,WELH - Wells Hatchery,8/5/2021,WELSBR - Starr Boat Ramp on west shore 5 km upstream of Wells Dam,8/5/2021,8/5/2021,1
3DD.003D937CDB,Mark,WELH - Wells Hatchery,8/5/2021,WELSBR - Starr Boat Ramp on west shore 5 km upstream of Wells Dam,8/5/2021,8/5/2021,1
3DD.003D937CDC,Mark,WELH - Wells Hatchery,8/5/2021,WELSBR - Starr Boat Ramp on west shore 5 km upstream of Wells Dam,8/5/2021,8/5/2021,1
3DD.003D937CDD,Mark,WELH - Wells Hatchery,8/5/2021,WELSBR - Starr Boat Ramp on west shore 5 km upstream of Wells Dam,8/5/2021,8/5/2021,1
3DD.003D937CDE,Mark,WELH - Wells Hatchery,8/12/2021,SALMOC - Salmon Creek (tributary to Okanogan River),8/12/2021,8/12/2021,1
3DD.003D937CDF,Mark,WELH - Wells Hatchery,8/5/2021,WELSBR - Starr Boat Ramp on west shore 5 km upstream of Wells Dam,8/5/2021,8/5/2021,1
3DD.003D937CE0,Mark,WELH - Wells Hatchery,8/12/2021,SALMOC - Salmon Creek (tributary to Okanogan River),8/12/2021,8/12/2021,1
3DD.003D937CE1,Mark,WELH - Wells Hatchery,8/5/2021,WELSBR - Starr Boat Ramp on west shore 5 km upstream of Wells Dam,8/5/2021,8/5/2021,1
3DD.003D937CE2,Mark,WELH - Wells Hatchery,8/5/2021,WELSBR - Starr Boat Ramp on west shore 5 km upstream of Wells Dam,8/5/2021,8/5/2021,1
3DD.003D937CE3,Mark,WELH - Wells Hatchery,8/5/2021,WELSBR - Starr Boat Ramp on west shore 5 km upstream of Wells Dam,8/5/2021,8/5/2021,1
3DD.003D937CE4,Mark,WELH - Wells Hatchery,8/5/2021,WELSBR - Starr Boat Ramp on west shore 5 km upstream of Wells Dam,8/5/2021,8/5/2021,1
3DD.003D937CE5,Mark,WELH - Wells Hatchery,8/5/2021,WELSBR - Starr Boat Ramp on west shore 5 km upstream of Wells Dam,8/5/2021,8/5/2021,1
3DD.003D937CE6,Mark,WELH - Wells Hatchery,8/5/2021,WELSBR - Starr Boat Ramp on west shore 5 km upstream of Wells Dam,8/5/2021,8/5/2021,1
3DD.003D937CE7,Mark,WELH - Wells Hatchery,8/5/2021,WELSBR - Starr Boat Ramp on west shore 5 km upstream of Wells Dam,8/5/2021,8/5/2021,1
3DD.003D937CE8,Mark,WELH - Wells Hatchery,8/5/2021,WELSBR - Starr Boat Ramp on west shore 5 km upstream of Wells Dam,8/5/2021,8/5/2021,1
3DD.003D937CE9,Mark,WELH - Wells Hatchery,8/5/2021,WELSBR - Starr Boat Ramp on west shore 5 km upstream of Wells Dam,8/5/2021,8/5/2021,1
3DD.003D937CEA,Mark,WELH - Wells Hatchery,8/5/2021,WELSBR - Starr Boat Ramp on west shore 5 km upstream of Wells Dam,8/5/2021,8/5/2021,1
3DD.003D937CEB,Mark,WELH - Wells Hatchery,8/5/2021,WELSBR - Starr Boat Ramp on west shore 5 km upstream of Wells Dam,8/5/2021,8/5/2021,1
3DD.003D937CEC,Mark,WELH - Wells Hatchery,8/5/2021,WELSBR - Starr Boat Ramp on west shore 5 km upstream of Wells Dam,8/5/2021,8/5/2021,1
3DD.003D937CED,Mark,WELH - Wells Hatchery,8/5/2021,WELSBR - Starr Boat Ramp on west shore 5 km upstream of Wells Dam,8/5/2021,8/5/2021,1
3DD.003D937CEE,Mark,WELH - Wells Hatchery,8/5/2021,WELSBR - Starr Boat Ramp on west shore 5 km upstream of Wells Dam,8/5/2021,8/5/2021,1
3DD.003D937CEF,Mark,WELH - Wells Hatchery,8/5/2021,WELSBR - Starr Boat Ramp on west shore 5 km upstream of Wells Dam,8/5/2021,8/5/2021,1
3DD.003D937CF0,Mark,WELH - Wells Hatchery,8/5/2021,WELSBR - Starr Boat Ramp on west shore 5 km upstream of Wells Dam,8/5/2021,8/5/2021,1
3DD.003D937CF1,Mark,WELH - Wells Hatchery,8/12/2021,SALMOC - Salmon Creek (tributary to Okanogan River),8/12/2021,8/12/2021,1
3DD.003D937CF2,Mark,WELH - Wells Hatchery,8/5/2021,WELSBR - Starr Boat Ramp on west shore 5 km upstream of Wells Dam,8/5/2021,8/5/2021,1
3DD.003D937CF3,Mark,WELH - Wells Hatchery,8/5/2021,WELSBR - Starr Boat Ramp on west shore 5 km upstream of Wells Dam,8/5/2021,8/5/2021,1
3DD.003D937CF4,Mark,WELH - Wells Hatchery,8/5/2021,WELSBR - Starr Boat Ramp on west shore 5 km upstream of Wells Dam,8/5/2021,8/5/2021,1
3DD.003D937CF5,Mark,WELH - Wells Hatchery,8/5/2021,WELSBR - Starr Boat Ramp on west shore 5 km upstream of Wells Dam,8/5/2021,8/5/2021,1
3DD.003D937CF7,Mark,WELH - Wells Hatchery,8/5/2021,WELSBR - Starr Boat Ramp on west shore 5 km upstream of Wells Dam,8/5/2021,8/5/2021,1
3DD.003D937CF8,Mark,WELH - Wells Hatchery,8/5/2021,WELSBR - Starr Boat Ramp on west shore 5 km upstream of Wells Dam,8/5/2021,8/5/2021,1
3DD.003D937CF9,Mark,WELH - Wells Hatchery,8/5/2021,WELSBR - Starr Boat Ramp on west shore 5 km upstream of Wells Dam,8/5/2021,8/5/2021,1
3DD.003D937CFA,Mark,WELH - Wells Hatchery,8/5/2021,WELSBR - Starr Boat Ramp on west shore 5 km upstream of Wells Dam,8/5/2021,8/5/2021,1
3DD.003D937CFB,Mark,WELH - Wells Hatchery,8/5/2021,WELSBR - Starr Boat Ramp on west shore 5 km upstream of Wells Dam,8/5/2021,8/5/2021,1
3DD.003D937CFC,Mark,WELH - Wells Hatchery,8/5/2021,WELSBR - Starr Boat Ramp on west shore 5 km upstream of Wells Dam,8/5/2021,8/5/2021,1
3DD.003D937CFD,Mark,WELH - Wells Hatchery,8/5/2021,WELSBR - Starr Boat Ramp on west shore 5 km upstream of Wells Dam,8/5/2021,8/5/2021,1
3DD.003D937CFE,Mark,WELH - Wells Hatchery,8/5/2021,WELSBR - Starr Boat Ramp on west shore 5 km upstream of Wells Dam,8/5/2021,8/5/2021,1
3DD.003D937CFF,Mark,WELH - Wells Hatchery,8/5/2021,WELSBR - Starr Boat Ramp on west shore 5 km upstream of Wells Dam,8/5/2021,8/5/2021,1
3DD.003D937D00,Mark,WELH - Wells Hatchery,8/5/2021,WELSBR - Starr Boat Ramp on west shore 5 km upstream of Wells Dam,8/5/2021,8/5/2021,1
3DD.003D937D01,Mark,WELH - Wells Hatchery,8/5/2021,WELSBR - Starr Boat Ramp on west shore 5 km upstream of Wells Dam,8/5/2021,8/5/2021,1
3DD.003D937D02,Mark,WELH - Wells Hatchery,8/12/2021,SALMOC - Salmon Creek (tributary to Okanogan River),8/12/2021,8/12/2021,1
3DD.003D937D03,Mark,WELH - Wells Hatchery,8/5/2021,WELSBR - Starr Boat Ramp on west shore 5 km upstream of Wells Dam,8/5/2021,8/5/2021,1
3DD.003D937D04,Mark,WELH - Wells Hatchery,8/5/2021,WELSBR - Starr Boat Ramp on west shore 5 km upstream of Wells Dam,8/5/2021,8/5/2021,1
3DD.003D937D05,Mark,WELH - Wells Hatchery,8/5/2021,WELSBR - Starr Boat Ramp on west shore 5 km upstream of Wells Dam,8/5/2021,8/5/2021,1
3DD.003D937D06,Mark,WELH - Wells Hatchery,8/5/2021,WELSBR - Starr Boat Ramp on west shore 5 km upstream of Wells Dam,8/5/2021,8/5/2021,1
3DD.003D937D07,Mark,WELH - Wells Hatchery,8/5/2021,WELSBR - Starr Boat Ramp on west shore 5 km upstream of Wells Dam,8/5/2021,8/5/2021,1
3DD.003D937D08,Mark,WELH - Wells Hatchery,8/5/2021,WELSBR - Starr Boat Ramp on west shore 5 km upstream of Wells Dam,8/5/2021,8/5/2021,1
3DD.003D980E59,Mark,WELH - Wells Hatchery,7/22/2021,WELSBR - Starr Boat Ramp on west shore 5 km upstream of Wells Dam,7/22/2021,7/22/2021,1
3DD.003D980E5A,Mark,WELH - Wells Hatchery,7/22/2021,WELSBR - Starr Boat Ramp on west shore 5 km upstream of Wells Dam,7/22/2021,7/22/2021,1
3DD.003D980E5B,Mark,WELH - Wells Hatchery,7/22/2021,WELSBR - Starr Boat Ramp on west shore 5 km upstream of Wells Dam,7/22/2021,7/22/2021,1
3DD.003D980E5C,Mark,WELH - Wells Hatchery,7/22/2021,WELSBR - Starr Boat Ramp on west shore 5 km upstream of Wells Dam,7/22/2021,7/22/2021,1
3DD.003D980E5D,Mark,WELH - Wells Hatchery,7/22/2021,WELSBR - Starr Boat Ramp on west shore 5 km upstream of Wells Dam,7/22/2021,7/22/2021,1
3DD.003D980E61,Mark,WELH - Wells Hatchery,7/22/2021,WELSBR - Starr Boat Ramp on west shore 5 km upstream of Wells Dam,7/22/2021,7/22/2021,1
3DD.003D980E63,Mark,WELH - Wells Hatchery,7/22/2021,WELSBR - Starr Boat Ramp on west shore 5 km upstream of Wells Dam,7/22/2021,7/22/2021,1
3DD.003D980E64,Mark,WELH - Wells Hatchery,7/22/2021,WELSBR - Starr Boat Ramp on west shore 5 km upstream of Wells Dam,7/22/2021,7/22/2021,1
3DD.003D980E65,Mark,WELH - Wells Hatchery,7/22/2021,WELSBR - Starr Boat Ramp on west shore 5 km upstream of Wells Dam,7/22/2021,7/22/2021,1
3DD.003D980E6A,Mark,WELH - Wells Hatchery,7/22/2021,WELSBR - Starr Boat Ramp on west shore 5 km upstream of Wells Dam,7/22/2021,7/22/2021,1
3DD.003D980E6B,Mark,WELH - Wells Hatchery,7/22/2021,WELSBR - Starr Boat Ramp on west shore 5 km upstream of Wells Dam,7/22/2021,7/22/2021,1
3DD.003D980E6C,Mark,WELH - Wells Hatchery,7/22/2021,WELSBR - Starr Boat Ramp on west shore 5 km upstream of Wells Dam,7/22/2021,7/22/2021,1
3DD.003D980E6F,Mark,WELH - Wells Hatchery,7/22/2021,WELSBR - Starr Boat Ramp on west shore 5 km upstream of Wells Dam,7/22/2021,7/22/2021,1
3DD.003D980E70,Mark,WELH - Wells Hatchery,7/22/2021,WELSBR - Starr Boat Ramp on west shore 5 km upstream of Wells Dam,7/22/2021,7/22/2021,1
3DD.003D980E73,Mark,WELH - Wells Hatchery,7/22/2021,WELSBR - Starr Boat Ramp on west shore 5 km upstream of Wells Dam,7/22/2021,7/22/2021,1
3DD.003D980E76,Mark,WELH - Wells Hatchery,7/22/2021,WELSBR - Starr Boat Ramp on west shore 5 km upstream of Wells Dam,7/22/2021,7/22/2021,1
3DD.003D980E77,Mark,WELH - Wells Hatchery,7/22/2021,WELSBR - Starr Boat Ramp on west shore 5 km upstream of Wells Dam,7/22/2021,7/22/2021,1
3DD.003D980E78,Mark,WELH - Wells Hatchery,7/22/2021,WELSBR - Starr Boat Ramp on west shore 5 km upstream of Wells Dam,7/22/2021,7/22/2021,1
3DD.003D980E79,Mark,WELH - Wells Hatchery,7/22/2021,WELSBR - Starr Boat Ramp on west shore 5 km upstream of Wells Dam,7/22/2021,7/22/2021,1
3DD.003D980E7C,Mark,WELH - Wells Hatchery,7/22/2021,WELSBR - Starr Boat Ramp on west shore 5 km upstream of Wells Dam,7/22/2021,7/22/2021,1
3DD.003D980E7D,Mark,WELH - Wells Hatchery,7/22/2021,WELSBR - Starr Boat Ramp on west shore 5 km upstream of Wells Dam,7/22/2021,7/22/2021,1
3DD.003D980E80,Mark,WELH - Wells Hatchery,7/22/2021,WELSBR - Starr Boat Ramp on west shore 5 km upstream of Wells Dam,7/22/2021,7/22/2021,1
3DD.003D980E82,Mark,WELH - Wells Hatchery,7/22/2021,WELSBR - Starr Boat Ramp on west shore 5 km upstream of Wells Dam,7/22/2021,7/22/2021,1
3DD.003D980E86,Mark,WELH - Wells Hatchery,7/22/2021,WELSBR - Starr Boat Ramp on west shore 5 km upstream of Wells Dam,7/22/2021,7/22/2021,1
3DD.003D980E8A,Mark,WELH - Wells Hatchery,7/22/2021,WELSBR - Starr Boat Ramp on west shore 5 km upstream of Wells Dam,7/22/2021,7/22/2021,1
3DD.003D980E8C,Mark,WELH - Wells Hatchery,7/22/2021,WELSBR - Starr Boat Ramp on west shore 5 km upstream of Wells Dam,7/22/2021,7/22/2021,1
3DD.003D980E8D,Mark,WELH - Wells Hatchery,7/22/2021,WELSBR - Starr Boat Ramp on west shore 5 km upstream of Wells Dam,7/22/2021,7/22/2021,1
3DD.003D980E8F,Mark,WELH - Wells Hatchery,7/22/2021,WELSBR - Starr Boat Ramp on west shore 5 km upstream of Wells Dam,7/22/2021,7/22/2021,1
3DD.003D980E91,Mark,WELH - Wells Hatchery,7/22/2021,WELSBR - Starr Boat Ramp on west shore 5 km upstream of Wells Dam,7/22/2021,7/22/2021,1
3DD.003D980E97,Mark,WELH - Wells Hatchery,7/22/2021,WELSBR - Starr Boat Ramp on west shore 5 km upstream of Wells Dam,7/22/2021,7/22/2021,1
3DD.003D980E99,Mark,WELH - Wells Hatchery,7/22/2021,WELSBR - Starr Boat Ramp on west shore 5 km upstream of Wells Dam,7/22/2021,7/22/2021,1
3DD.003D980E9A,Mark,WELH - Wells Hatchery,7/22/2021,WELSBR - Starr Boat Ramp on west shore 5 km upstream of Wells Dam,7/22/2021,7/22/2021,1
3DD.003D980E9B,Mark,WELH - Wells Hatchery,7/22/2021,WELSBR - Starr Boat Ramp on west shore 5 km upstream of Wells Dam,7/22/2021,7/22/2021,1
3DD.003D980E9C,Mark,WELH - Wells Hatchery,7/22/2021,WELSBR - Starr Boat Ramp on west shore 5 km upstream of Wells Dam,7/22/2021,7/22/2021,1
3DD.003D980E9D,Mark,WELH - Wells Hatchery,7/22/2021,WELSBR - Starr Boat Ramp on west shore 5 km upstream of Wells Dam,7/22/2021,7/22/2021,1
3DD.003D980EA0,Mark,WELH - Wells Hatchery,7/22/2021,WELSBR - Starr Boat Ramp on west shore 5 km upstream of Wells Dam,7/22/2021,7/22/2021,1
3DD.003D980EA3,Mark,WELH - Wells Hatchery,7/22/2021,WELSBR - Starr Boat Ramp on west shore 5 km upstream of Wells Dam,7/22/2021,7/22/2021,1
3DD.003D980EA8,Mark,WELH - Wells Hatchery,7/22/2021,WELSBR - Starr Boat Ramp on west shore 5 km upstream of Wells Dam,7/22/2021,7/22/2021,1
3DD.003D980EA9,Mark,WELH - Wells Hatchery,7/22/2021,WELSBR - Starr Boat Ramp on west shore 5 km upstream of Wells Dam,7/22/2021,7/22/2021,1
3DD.003D980EAC,Mark,WELH - Wells Hatchery,7/22/2021,WELSBR - Starr Boat Ramp on west shore 5 km upstream of Wells Dam,7/22/2021,7/22/2021,1
3DD.003D980EAF,Mark,WELH - Wells Hatchery,7/22/2021,WELSBR - Starr Boat Ramp on west shore 5 km upstream of Wells Dam,7/22/2021,7/22/2021,1
3DD.003D980EB1,Mark,WELH - Wells Hatchery,7/22/2021,WELSBR - Starr Boat Ramp on west shore 5 km upstream of Wells Dam,7/22/2021,7/22/2021,1
3DD.003D980EB3,Mark,WELH - Wells Hatchery,7/22/2021,WELSBR - Starr Boat Ramp on west shore 5 km upstream of Wells Dam,7/22/2021,7/22/2021,1
3DD.003D980EBA,Mark,WELH - Wells Hatchery,7/22/2021,WELSBR - Starr Boat Ramp on west shore 5 km upstream of Wells Dam,7/22/2021,7/22/2021,1
3DD.003D980EBB,Mark,WELH - Wells Hatchery,7/29/2021,WELSBR - Starr Boat Ramp on west shore 5 km upstream of Wells Dam,7/29/2021,7/29/2021,1
3DD.003D980EBC,Mark,WELH - Wells Hatchery,7/29/2021,WELSBR - Starr Boat Ramp on west shore 5 km upstream of Wells Dam,7/29/2021,7/29/2021,1
3DD.003D980EBD,Mark,WELH - Wells Hatchery,7/29/2021,OMAKC - Omak Creek (tributary to Okanogan River),7/29/2021,7/29/2021,1
3DD.003D980EBE,Mark,WELH - Wells Hatchery,7/29/2021,WELSBR - Starr Boat Ramp on west shore 5 km upstream of Wells Dam,7/29/2021,7/29/2021,1
3DD.003D980EBF,Mark,WELH - Wells Hatchery,7/29/2021,OMAKC - Omak Creek (tributary to Okanogan River),7/29/2021,7/29/2021,1
3DD.003D980EC0,Mark,WELH - Wells Hatchery,7/29/2021,WELSBR - Starr Boat Ramp on west shore 5 km upstream of Wells Dam,7/29/2021,7/29/2021,1
3DD.003D980EC1,Mark,WELH - Wells Hatchery,7/29/2021,WELSBR - Starr Boat Ramp on west shore 5 km upstream of Wells Dam,7/29/2021,7/29/2021,1
3DD.003D980EC2,Mark,WELH - Wells Hatchery,8/5/2021,WELSBR - Starr Boat Ramp on west shore 5 km upstream of Wells Dam,8/5/2021,8/5/2021,1
3DD.003D980EC3,Mark,WELH - Wells Hatchery,7/29/2021,OMAKC - Omak Creek (tributary to Okanogan River),7/29/2021,7/29/2021,1
3DD.003D980EC4,Mark,WELH - Wells Hatchery,8/5/2021,WELSBR - Starr Boat Ramp on west shore 5 km upstream of Wells Dam,8/5/2021,8/5/2021,1
3DD.003D980EC5,Mark,WELH - Wells Hatchery,8/5/2021,WELSBR - Starr Boat Ramp on west shore 5 km upstream of Wells Dam,8/5/2021,8/5/2021,1
3DD.003D980EC6,Mark,WELH - Wells Hatchery,7/22/2021,WELSBR - Starr Boat Ramp on west shore 5 km upstream of Wells Dam,7/22/2021,7/22/2021,1
3DD.003D980EC7,Mark,WELH - Wells Hatchery,7/29/2021,OMAKC - Omak Creek (tributary to Okanogan River),7/29/2021,7/29/2021,1
3DD.003D980EC8,Mark,WELH - Wells Hatchery,7/29/2021,OMAKC - Omak Creek (tributary to Okanogan River),7/29/2021,7/29/2021,1
3DD.003D980EC9,Mark,WELH - Wells Hatchery,7/29/2021,WELSBR - Starr Boat Ramp on west shore 5 km upstream of Wells Dam,7/29/2021,7/29/2021,1
3DD.003D980ECA,Mark,WELH - Wells Hatchery,7/29/2021,OMAKC - Omak Creek (tributary to Okanogan River),7/29/2021,7/29/2021,1
3DD.003D980ECB,Mark,WELH - Wells Hatchery,7/29/2021,WELSBR - Starr Boat Ramp on west shore 5 km upstream of Wells Dam,7/29/2021,7/29/2021,1
3DD.003D980ECC,Mark,WELH - Wells Hatchery,7/29/2021,WELSBR - Starr Boat Ramp on west shore 5 km upstream of Wells Dam,7/29/2021,7/29/2021,1
3DD.003D980ECD,Mark,WELH - Wells Hatchery,7/29/2021,WELSBR - Starr Boat Ramp on west shore 5 km upstream of Wells Dam,7/29/2021,7/29/2021,1
3DD.003D980ECE,Mark,WELH - Wells Hatchery,7/22/2021,WELSBR - Starr Boat Ramp on west shore 5 km upstream of Wells Dam,7/22/2021,7/22/2021,1
3DD.003D980ECF,Mark,WELH - Wells Hatchery,8/5/2021,WELSBR - Starr Boat Ramp on west shore 5 km upstream of Wells Dam,8/5/2021,8/5/2021,1
3DD.003D980ED0,Mark,WELH - Wells Hatchery,8/5/2021,WELSBR - Starr Boat Ramp on west shore 5 km upstream of Wells Dam,8/5/2021,8/5/2021,1
3DD.003D980ED1,Mark,WELH - Wells Hatchery,7/29/2021,OMAKC - Omak Creek (tributary to Okanogan River),7/29/2021,7/29/2021,1
3DD.003D980ED2,Mark,WELH - Wells Hatchery,8/5/2021,WELSBR - Starr Boat Ramp on west shore 5 km upstream of Wells Dam,8/5/2021,8/5/2021,1
3DD.003D980ED3,Mark,WELH - Wells Hatchery,7/22/2021,WELSBR - Starr Boat Ramp on west shore 5 km upstream of Wells Dam,7/22/2021,7/22/2021,1
3DD.003D980ED4,Mark,WELH - Wells Hatchery,7/29/2021,OMAKC - Omak Creek (tributary to Okanogan River),7/29/2021,7/29/2021,1
3DD.003D980ED5,Mark,WELH - Wells Hatchery,7/29/2021,OMAKC - Omak Creek (tributary to Okanogan River),7/29/2021,7/29/2021,1
3DD.003D980ED6,Mark,WELH - Wells Hatchery,7/29/2021,OMAKC - Omak Creek (tributary to Okanogan River),7/29/2021,7/29/2021,1
3DD.003D980ED7,Mark,WELH - Wells Hatchery,8/5/2021,WELSBR - Starr Boat Ramp on west shore 5 km upstream of Wells Dam,8/5/2021,8/5/2021,1
3DD.003D980ED8,Mark,WELH - Wells Hatchery,7/29/2021,WELSBR - Starr Boat Ramp on west shore 5 km upstream of Wells Dam,7/29/2021,7/29/2021,1
3DD.003D980ED9,Mark,WELH - Wells Hatchery,7/29/2021,OMAKC - Omak Creek (tributary to Okanogan River),7/29/2021,7/29/2021,1
3DD.003D980EDA,Mark,WELH - Wells Hatchery,8/5/2021,WELSBR - Starr Boat Ramp on west shore 5 km upstream of Wells Dam,8/5/2021,8/5/2021,1
3DD.003D980EDB,Mark,WELH - Wells Hatchery,8/5/2021,WELSBR - Starr Boat Ramp on west shore 5 km upstream of Wells Dam,8/5/2021,8/5/2021,1
3DD.003D980EDC,Mark,WELH - Wells Hatchery,7/29/2021,WELSBR - Starr Boat Ramp on west shore 5 km upstream of Wells Dam,7/29/2021,7/29/2021,1
3DD.003D980EDD,Mark,WELH - Wells Hatchery,7/22/2021,WELSBR - Starr Boat Ramp on west shore 5 km upstream of Wells Dam,7/22/2021,7/22/2021,1
3DD.003D980EDE,Mark,WELH - Wells Hatchery,7/22/2021,WELSBR - Starr Boat Ramp on west shore 5 km upstream of Wells Dam,7/22/2021,7/22/2021,1
3DD.003D980EDF,Mark,WELH - Wells Hatchery,7/29/2021,WELSBR - Starr Boat Ramp on west shore 5 km upstream of Wells Dam,7/29/2021,7/29/2021,1
3DD.003D980EE0,Mark,WELH - Wells Hatchery,7/29/2021,WELSBR - Starr Boat Ramp on west shore 5 km upstream of Wells Dam,7/29/2021,7/29/2021,1
3DD.003D980EE1,Mark,WELH - Wells Hatchery,7/29/2021,WELSBR - Starr Boat Ramp on west shore 5 km upstream of Wells Dam,7/29/2021,7/29/2021,1
3DD.003D980EE2,Mark,WELH - Wells Hatchery,7/29/2021,WELSBR - Starr Boat Ramp on west shore 5 km upstream of Wells Dam,7/29/2021,7/29/2021,1
3DD.003D980EE3,Mark,WELH - Wells Hatchery,8/5/2021,WELSBR - Starr Boat Ramp on west shore 5 km upstream of Wells Dam,8/5/2021,8/5/2021,1
3DD.003D980EE4,Mark,WELH - Wells Hatchery,7/29/2021,WELSBR - Starr Boat Ramp on west shore 5 km upstream of Wells Dam,7/29/2021,7/29/2021,1
3DD.003D980EE5,Mark,WELH - Wells Hatchery,8/5/2021,WELSBR - Starr Boat Ramp on west shore 5 km upstream of Wells Dam,8/5/2021,8/5/2021,1
3DD.003D980EE6,Mark,WELH - Wells Hatchery,7/29/2021,WELSBR - Starr Boat Ramp on west shore 5 km upstream of Wells Dam,7/29/2021,7/29/2021,1
3DD.003D980EE7,Mark,WELH - Wells Hatchery,7/29/2021,WELSBR - Starr Boat Ramp on west shore 5 km upstream of Wells Dam,7/29/2021,7/29/2021,1
3DD.003D980EE8,Mark,WELH - Wells Hatchery,7/29/2021,OMAKC - Omak Creek (tributary to Okanogan River),7/29/2021,7/29/2021,1
3DD.003D980EE9,Mark,WELH - Wells Hatchery,7/29/2021,WELSBR - Starr Boat Ramp on west shore 5 km upstream of Wells Dam,7/29/2021,7/29/2021,1
3DD.003D980EEA,Mark,WELH - Wells Hatchery,7/22/2021,WELSBR - Starr Boat Ramp on west shore 5 km upstream of Wells Dam,7/22/2021,7/22/2021,1
3DD.003D980EEB,Mark,WELH - Wells Hatchery,7/29/2021,OMAKC - Omak Creek (tributary to Okanogan River),7/29/2021,7/29/2021,1
3DD.003D980EEC,Mark,WELH - Wells Hatchery,7/29/2021,WELSBR - Starr Boat Ramp on west shore 5 km upstream of Wells Dam,7/29/2021,7/29/2021,1
3DD.003D980EED,Mark,WELH - Wells Hatchery,8/5/2021,WELSBR - Starr Boat Ramp on west shore 5 km upstream of Wells Dam,8/5/2021,8/5/2021,1
3DD.003D980EEE,Mark,WELH - Wells Hatchery,7/29/2021,OMAKC - Omak Creek (tributary to Okanogan River),7/29/2021,7/29/2021,1
3DD.003D980EEF,Mark,WELH - Wells Hatchery,7/22/2021,WELSBR - Starr Boat Ramp on west shore 5 km upstream of Wells Dam,7/22/2021,7/22/2021,1
3DD.003D980EF0,Mark,WELH - Wells Hatchery,7/29/2021,WELSBR - Starr Boat Ramp on west shore 5 km upstream of Wells Dam,7/29/2021,7/29/2021,1
3DD.003D980EF1,Mark,WELH - Wells Hatchery,7/29/2021,OMAKC - Omak Creek (tributary to Okanogan River),7/29/2021,7/29/2021,1
3DD.003D980EF2,Mark,WELH - Wells Hatchery,7/22/2021,WELSBR - Starr Boat Ramp on west shore 5 km upstream of Wells Dam,7/22/2021,7/22/2021,1
3DD.003D980EF3,Mark,WELH - Wells Hatchery,8/5/2021,WELSBR - Starr Boat Ramp on west shore 5 km upstream of Wells Dam,8/5/2021,8/5/2021,1
3DD.003D980EF4,Mark,WELH - Wells Hatchery,7/29/2021,WELSBR - Starr Boat Ramp on west shore 5 km upstream of Wells Dam,7/29/2021,7/29/2021,1
3DD.003D980EF6,Mark,WELH - Wells Hatchery,7/22/2021,WELSBR - Starr Boat Ramp on west shore 5 km upstream of Wells Dam,7/22/2021,7/22/2021,1
3DD.003D980EF7,Mark,WELH - Wells Hatchery,7/29/2021,OMAKC - Omak Creek (tributary to Okanogan River),7/29/2021,7/29/2021,1
3DD.003D980EF8,Mark,WELH - Wells Hatchery,7/29/2021,OMAKC - Omak Creek (tributary to Okanogan River),7/29/2021,7/29/2021,1
3DD.003D980EF9,Mark,WELH - Wells Hatchery,7/29/2021,OMAKC - Omak Creek (tributary to Okanogan River),7/29/2021,7/29/2021,1
3DD.003D980EFA,Mark,WELH - Wells Hatchery,7/29/2021,OMAKC - Omak Creek (tributary to Okanogan River),7/29/2021,7/29/2021,1
3DD.003D980EFB,Mark,WELH - Wells Hatchery,7/22/2021,WELSBR - Starr Boat Ramp on west shore 5 km upstream of Wells Dam,7/22/2021,7/22/2021,1
3DD.003D980EFC,Mark,WELH - Wells Hatchery,7/29/2021,OMAKC - Omak Creek (tributary to Okanogan River),7/29/2021,7/29/2021,1
3DD.003D980EFD,Mark,WELH - Wells Hatchery,8/5/2021,WELSBR - Starr Boat Ramp on west shore 5 km upstream of Wells Dam,8/5/2021,8/5/2021,1
3DD.003D980EFE,Mark,WELH - Wells Hatchery,8/5/2021,WELSBR - Starr Boat Ramp on west shore 5 km upstream of Wells Dam,8/5/2021,8/5/2021,1
3DD.003D980EFF,Mark,WELH - Wells Hatchery,7/29/2021,OMAKC - Omak Creek (tributary to Okanogan River),7/29/2021,7/29/2021,1
3DD.003D980F00,Mark,WELH - Wells Hatchery,7/29/2021,OMAKC - Omak Creek (tributary to Okanogan River),7/29/2021,7/29/2021,1
3DD.003D980F01,Mark,WELH - Wells Hatchery,8/5/2021,WELSBR - Starr Boat Ramp on west shore 5 km upstream of Wells Dam,8/5/2021,8/5/2021,1
3DD.003D980F02,Mark,WELH - Wells Hatchery,7/29/2021,WELSBR - Starr Boat Ramp on west shore 5 km upstream of Wells Dam,7/29/2021,7/29/2021,1
3DD.003D980F03,Mark,WELH - Wells Hatchery,7/29/2021,WELSBR - Starr Boat Ramp on west shore 5 km upstream of Wells Dam,7/29/2021,7/29/2021,1
3DD.003D980F04,Mark,WELH - Wells Hatchery,7/29/2021,WELSBR - Starr Boat Ramp on west shore 5 km upstream of Wells Dam,7/29/2021,7/29/2021,1
3DD.003D980F05,Mark,WELH - Wells Hatchery,7/29/2021,WELSBR - Starr Boat Ramp on west shore 5 km upstream of Wells Dam,7/29/2021,7/29/2021,1
3DD.003D980F06,Mark,WELH - Wells Hatchery,7/29/2021,OMAKC - Omak Creek (tributary to Okanogan River),7/29/2021,7/29/2021,1
3DD.003D980F07,Mark,WELH - Wells Hatchery,7/29/2021,WELSBR - Starr Boat Ramp on west shore 5 km upstream of Wells Dam,7/29/2021,7/29/2021,1
3DD.003D980F08,Mark,WELH - Wells Hatchery,7/29/2021,OMAKC - Omak Creek (tributary to Okanogan River),7/29/2021,7/29/2021,1
3DD.003D980F09,Mark,WELH - Wells Hatchery,8/5/2021,WELSBR - Starr Boat Ramp on west shore 5 km upstream of Wells Dam,8/5/2021,8/5/2021,1
3DD.003D980F0A,Mark,WELH - Wells Hatchery,7/29/2021,WELSBR - Starr Boat Ramp on west shore 5 km upstream of Wells Dam,7/29/2021,7/29/2021,1
3DD.003D980F0B,Mark,WELH - Wells Hatchery,7/29/2021,WELSBR - Starr Boat Ramp on west shore 5 km upstream of Wells Dam,7/29/2021,7/29/2021,1
3DD.003D980F0C,Mark,WELH - Wells Hatchery,7/29/2021,WELSBR - Starr Boat Ramp on west shore 5 km upstream of Wells Dam,7/29/2021,7/29/2021,1
3DD.003D980F0D,Mark,WELH - Wells Hatchery,7/29/2021,OMAKC - Omak Creek (tributary to Okanogan River),7/29/2021,7/29/2021,1
3DD.003D980F0E,Mark,WELH - Wells Hatchery,7/29/2021,OMAKC - Omak Creek (tributary to Okanogan River),7/29/2021,7/29/2021,1
3DD.003D980F0F,Mark,WELH - Wells Hatchery,8/5/2021,WELSBR - Starr Boat Ramp on west shore 5 km upstream of Wells Dam,8/5/2021,8/5/2021,1
3DD.003D980F10,Mark,WELH - Wells Hatchery,7/29/2021,OMAKC - Omak Creek (tributary to Okanogan River),7/29/2021,7/29/2021,1
3DD.003D980F11,Mark,WELH - Wells Hatchery,7/29/2021,OMAKC - Omak Creek (tributary to Okanogan River),7/29/2021,7/29/2021,1
3DD.003D980F12,Mark,WELH - Wells Hatchery,7/29/2021,OMAKC - Omak Creek (tributary to Okanogan River),7/29/2021,7/29/2021,1
3DD.003D980F13,Mark,WELH - Wells Hatchery,7/29/2021,WELSBR - Starr Boat Ramp on west shore 5 km upstream of Wells Dam,7/29/2021,7/29/2021,1
3DD.003D980F14,Mark,WELH - Wells Hatchery,8/5/2021,WELSBR - Starr Boat Ramp on west shore 5 km upstream of Wells Dam,8/5/2021,8/5/2021,1
3DD.003D980F15,Mark,WELH - Wells Hatchery,7/29/2021,WELSBR - Starr Boat Ramp on west shore 5 km upstream of Wells Dam,7/29/2021,7/29/2021,1
3DD.003D980F16,Mark,WELH - Wells Hatchery,7/29/2021,WELSBR - Starr Boat Ramp on west shore 5 km upstream of Wells Dam,7/29/2021,7/29/2021,1
3DD.003D980F17,Mark,WELH - Wells Hatchery,7/29/2021,OMAKC - Omak Creek (tributary to Okanogan River),7/29/2021,7/29/2021,1
3DD.003D980F18,Mark,WELH - Wells Hatchery,7/22/2021,WELSBR - Starr Boat Ramp on west shore 5 km upstream of Wells Dam,7/22/2021,7/22/2021,1
3DD.003D980F19,Mark,WELH - Wells Hatchery,8/5/2021,WELSBR - Starr Boat Ramp on west shore 5 km upstream of Wells Dam,8/5/2021,8/5/2021,1
3DD.003D980F1A,Mark,WELH - Wells Hatchery,7/29/2021,WELSBR - Starr Boat Ramp on west shore 5 km upstream of Wells Dam,7/29/2021,7/29/2021,1
3DD.003D980F1B,Mark,WELH - Wells Hatchery,7/22/2021,WELSBR - Starr Boat Ramp on west shore 5 km upstream of Wells Dam,7/22/2021,7/22/2021,1
3DD.003D980F1C,Mark,WELH - Wells Hatchery,7/29/2021,OMAKC - Omak Creek (tributary to Okanogan River),7/29/2021,7/29/2021,1
3DD.003D980F1D,Mark,WELH - Wells Hatchery,7/29/2021,WELSBR - Starr Boat Ramp on west shore 5 km upstream of Wells Dam,7/29/2021,7/29/2021,1
3DD.003D980F1E,Mark,WELH - Wells Hatchery,8/5/2021,WELSBR - Starr Boat Ramp on west shore 5 km upstream of Wells Dam,8/5/2021,8/5/2021,1
3DD.003D98104B,Mark,WELH - Wells Hatchery,8/19/2021,SIMILR - Similkameen River,8/19/2021,8/19/2021,1
3DD.003D98104C,Mark,WELH - Wells Hatchery,8/12/2021,WELSBR - Starr Boat Ramp on west shore 5 km upstream of Wells Dam,8/12/2021,8/12/2021,1
3DD.003D98104D,Mark,WELH - Wells Hatchery,8/12/2021,WELSBR - Starr Boat Ramp on west shore 5 km upstream of Wells Dam,8/12/2021,8/12/2021,1
3DD.003D98104E,Mark,WELH - Wells Hatchery,8/12/2021,SALMOC - Salmon Creek (tributary to Okanogan River),8/12/2021,8/12/2021,1
3DD.003D98104F,Mark,WELH - Wells Hatchery,8/19/2021,SIMILR - Similkameen River,8/19/2021,8/19/2021,1
3DD.003D981050,Mark,WELH - Wells Hatchery,8/12/2021,SALMOC - Salmon Creek (tributary to Okanogan River),8/12/2021,8/12/2021,1
3DD.003D981051,Mark,WELH - Wells Hatchery,8/12/2021,WELSBR - Starr Boat Ramp on west shore 5 km upstream of Wells Dam,8/12/2021,8/12/2021,1
3DD.003D981052,Mark,WELH - Wells Hatchery,8/12/2021,WELSBR - Starr Boat Ramp on west shore 5 km upstream of Wells Dam,8/12/2021,8/12/2021,1
3DD.003D981053,Mark,WELH - Wells Hatchery,8/12/2021,WELSBR - Starr Boat Ramp on west shore 5 km upstream of Wells Dam,8/12/2021,8/12/2021,1
3DD.003D981054,Mark,WELH - Wells Hatchery,8/12/2021,SALMOC - Salmon Creek (tributary to Okanogan River),8/12/2021,8/12/2021,1
3DD.003D981055,Mark,WELH - Wells Hatchery,8/12/2021,WELSBR - Starr Boat Ramp on west shore 5 km upstream of Wells Dam,8/12/2021,8/12/2021,1
3DD.003D981056,Mark,WELH - Wells Hatchery,8/12/2021,WELSBR - Starr Boat Ramp on west shore 5 km upstream of Wells Dam,8/12/2021,8/12/2021,1
3DD.003D981057,Mark,WELH - Wells Hatchery,8/12/2021,WELSBR - Starr Boat Ramp on west shore 5 km upstream of Wells Dam,8/12/2021,8/12/2021,1
3DD.003D981058,Mark,WELH - Wells Hatchery,8/12/2021,WELSBR - Starr Boat Ramp on west shore 5 km upstream of Wells Dam,8/12/2021,8/12/2021,1
3DD.003D981059,Mark,WELH - Wells Hatchery,8/12/2021,SALMOC - Salmon Creek (tributary to Okanogan River),8/12/2021,8/12/2021,1
3DD.003D98105A,Mark,WELH - Wells Hatchery,8/12/2021,WELSBR - Starr Boat Ramp on west shore 5 km upstream of Wells Dam,8/12/2021,8/12/2021,1
3DD.003D98105B,Mark,WELH - Wells Hatchery,8/12/2021,SALMOC - Salmon Creek (tributary to Okanogan River),8/12/2021,8/12/2021,1
3DD.003D98105C,Mark,WELH - Wells Hatchery,8/12/2021,SALMOC - Salmon Creek (tributary to Okanogan River),8/12/2021,8/12/2021,1
3DD.003D98105D,Mark,WELH - Wells Hatchery,8/12/2021,WELSBR - Starr Boat Ramp on west shore 5 km upstream of Wells Dam,8/12/2021,8/12/2021,1
3DD.003D98105E,Mark,WELH - Wells Hatchery,8/12/2021,WELSBR - Starr Boat Ramp on west shore 5 km upstream of Wells Dam,8/12/2021,8/12/2021,1
3DD.003D98105F,Mark,WELH - Wells Hatchery,8/12/2021,WELSBR - Starr Boat Ramp on west shore 5 km upstream of Wells Dam,8/12/2021,8/12/2021,1
3DD.003D981060,Mark,WELH - Wells Hatchery,8/19/2021,SIMILR - Similkameen River,8/19/2021,8/19/2021,1
3DD.003D981061,Mark,WELH - Wells Hatchery,8/12/2021,WELSBR - Starr Boat Ramp on west shore 5 km upstream of Wells Dam,8/12/2021,8/12/2021,1
3DD.003D981062,Mark,WELH - Wells Hatchery,8/19/2021,SIMILR - Similkameen River,8/19/2021,8/19/2021,1
3DD.003D981063,Mark,WELH - Wells Hatchery,8/19/2021,SIMILR - Similkameen River,8/19/2021,8/19/2021,1
3DD.003D981064,Mark,WELH - Wells Hatchery,8/12/2021,WELSBR - Starr Boat Ramp on west shore 5 km upstream of Wells Dam,8/12/2021,8/12/2021,1
3DD.003D981065,Mark,WELH - Wells Hatchery,8/12/2021,SALMOC - Salmon Creek (tributary to Okanogan River),8/12/2021,8/12/2021,1
3DD.003D981066,Mark,WELH - Wells Hatchery,8/12/2021,WELSBR - Starr Boat Ramp on west shore 5 km upstream of Wells Dam,8/12/2021,8/12/2021,1
3DD.003D981067,Mark,WELH - Wells Hatchery,8/12/2021,SALMOC - Salmon Creek (tributary to Okanogan River),8/12/2021,8/12/2021,1
3DD.003D981068,Mark,WELH - Wells Hatchery,8/12/2021,WELSBR - Starr Boat Ramp on west shore 5 km upstream of Wells Dam,8/12/2021,8/12/2021,1
3DD.003D981069,Mark,WELH - Wells Hatchery,8/19/2021,SIMILR - Similkameen River,8/19/2021,8/19/2021,1
3DD.003D98106A,Mark,WELH - Wells Hatchery,8/12/2021,WELSBR - Starr Boat Ramp on west shore 5 km upstream of Wells Dam,8/12/2021,8/12/2021,1
3DD.003D98106B,Mark,WELH - Wells Hatchery,8/12/2021,SALMOC - Salmon Creek (tributary to Okanogan River),8/12/2021,8/12/2021,1
3DD.003D98106C,Mark,WELH - Wells Hatchery,8/12/2021,WELSBR - Starr Boat Ramp on west shore 5 km upstream of Wells Dam,8/12/2021,8/12/2021,1
3DD.003D98106D,Mark,WELH - Wells Hatchery,8/12/2021,SALMOC - Salmon Creek (tributary to Okanogan River),8/12/2021,8/12/2021,1
3DD.003D98106E,Mark,WELH - Wells Hatchery,8/19/2021,SIMILR - Similkameen River,8/19/2021,8/19/2021,1
3DD.003D98106F,Mark,WELH - Wells Hatchery,8/12/2021,WELSBR - Starr Boat Ramp on west shore 5 km upstream of Wells Dam,8/12/2021,8/12/2021,1
3DD.003D981070,Mark,WELH - Wells Hatchery,8/12/2021,WELSBR - Starr Boat Ramp on west shore 5 km upstream of Wells Dam,8/12/2021,8/12/2021,1
3DD.003D981071,Mark,WELH - Wells Hatchery,8/12/2021,WELSBR - Starr Boat Ramp on west shore 5 km upstream of Wells Dam,8/12/2021,8/12/2021,1
3DD.003D981072,Mark,WELH - Wells Hatchery,8/12/2021,SALMOC - Salmon Creek (tributary to Okanogan River),8/12/2021,8/12/2021,1
3DD.003D981073,Mark,WELH - Wells Hatchery,8/12/2021,WELSBR - Starr Boat Ramp on west shore 5 km upstream of Wells Dam,8/12/2021,8/12/2021,1
3DD.003D981074,Mark,WELH - Wells Hatchery,8/19/2021,SIMILR - Similkameen River,8/19/2021,8/19/2021,1
3DD.003D981075,Mark,WELH - Wells Hatchery,8/12/2021,WELSBR - Starr Boat Ramp on west shore 5 km upstream of Wells Dam,8/12/2021,8/12/2021,1
3DD.003D981076,Mark,WELH - Wells Hatchery,8/12/2021,SALMOC - Salmon Creek (tributary to Okanogan River),8/12/2021,8/12/2021,1
3DD.003D981077,Mark,WELH - Wells Hatchery,8/12/2021,WELSBR - Starr Boat Ramp on west shore 5 km upstream of Wells Dam,8/12/2021,8/12/2021,1
3DD.003D981078,Mark,WELH - Wells Hatchery,8/19/2021,SIMILR - Similkameen River,8/19/2021,8/19/2021,1
3DD.003D981079,Mark,WELH - Wells Hatchery,8/19/2021,SIMILR - Similkameen River,8/19/2021,8/19/2021,1
3DD.003D98107A,Mark,WELH - Wells Hatchery,8/12/2021,SALMOC - Salmon Creek (tributary to Okanogan River),8/12/2021,8/12/2021,1
3DD.003D98107B,Mark,WELH - Wells Hatchery,8/12/2021,WELSBR - Starr Boat Ramp on west shore 5 km upstream of Wells Dam,8/12/2021,8/12/2021,1
3DD.003D98107C,Mark,WELH - Wells Hatchery,8/12/2021,SALMOC - Salmon Creek (tributary to Okanogan River),8/12/2021,8/12/2021,1
3DD.003D98107D,Mark,WELH - Wells Hatchery,8/12/2021,WELSBR - Starr Boat Ramp on west shore 5 km upstream of Wells Dam,8/12/2021,8/12/2021,1
3DD.003D98107E,Mark,WELH - Wells Hatchery,8/12/2021,WELSBR - Starr Boat Ramp on west shore 5 km upstream of Wells Dam,8/12/2021,8/12/2021,1
3DD.003D98107F,Mark,WELH - Wells Hatchery,8/12/2021,SALMOC - Salmon Creek (tributary to Okanogan River),8/12/2021,8/12/2021,1
3DD.003D981080,Mark,WELH - Wells Hatchery,8/12/2021,WELSBR - Starr Boat Ramp on west shore 5 km upstream of Wells Dam,8/12/2021,8/12/2021,1
3DD.003D981081,Mark,WELH - Wells Hatchery,8/19/2021,SIMILR - Similkameen River,8/19/2021,8/19/2021,1
3DD.003D981082,Mark,WELH - Wells Hatchery,8/12/2021,WELSBR - Starr Boat Ramp on west shore 5 km upstream of Wells Dam,8/12/2021,8/12/2021,1
3DD.003D981083,Mark,WELH - Wells Hatchery,8/12/2021,WELSBR - Starr Boat Ramp on west shore 5 km upstream of Wells Dam,8/12/2021,8/12/2021,1
3DD.003D981084,Mark,WELH - Wells Hatchery,8/12/2021,SALMOC - Salmon Creek (tributary to Okanogan River),8/12/2021,8/12/2021,1
3DD.003D981085,Mark,WELH - Wells Hatchery,8/12/2021,WELSBR - Starr Boat Ramp on west shore 5 km upstream of Wells Dam,8/12/2021,8/12/2021,1
3DD.003D981086,Mark,WELH - Wells Hatchery,8/12/2021,WELSBR - Starr Boat Ramp on west shore 5 km upstream of Wells Dam,8/12/2021,8/12/2021,1
3DD.003D981087,Mark,WELH - Wells Hatchery,8/19/2021,SIMILR - Similkameen River,8/19/2021,8/19/2021,1
3DD.003D981088,Mark,WELH - Wells Hatchery,8/12/2021,WELSBR - Starr Boat Ramp on west shore 5 km upstream of Wells Dam,8/12/2021,8/12/2021,1
3DD.003D981089,Mark,WELH - Wells Hatchery,8/12/2021,SALMOC - Salmon Creek (tributary to Okanogan River),8/12/2021,8/12/2021,1
3DD.003D98108A,Mark,WELH - Wells Hatchery,8/12/2021,WELSBR - Starr Boat Ramp on west shore 5 km upstream of Wells Dam,8/12/2021,8/12/2021,1
3DD.003D98108B,Mark,WELH - Wells Hatchery,8/12/2021,SALMOC - Salmon Creek (tributary to Okanogan River),8/12/2021,8/12/2021,1
3DD.003D98108C,Mark,WELH - Wells Hatchery,8/19/2021,SIMILR - Similkameen River,8/19/2021,8/19/2021,1
3DD.003D98108D,Mark,WELH - Wells Hatchery,8/12/2021,WELSBR - Starr Boat Ramp on west shore 5 km upstream of Wells Dam,8/12/2021,8/12/2021,1
3DD.003D98108E,Mark,WELH - Wells Hatchery,8/12/2021,WELSBR - Starr Boat Ramp on west shore 5 km upstream of Wells Dam,8/12/2021,8/12/2021,1
3DD.003D98108F,Mark,WELH - Wells Hatchery,8/12/2021,WELSBR - Starr Boat Ramp on west shore 5 km upstream of Wells Dam,8/12/2021,8/12/2021,1
3DD.003D981090,Mark,WELH - Wells Hatchery,8/12/2021,WELSBR - Starr Boat Ramp on west shore 5 km upstream of Wells Dam,8/12/2021,8/12/2021,1
3DD.003D981091,Mark,WELH - Wells Hatchery,8/12/2021,SALMOC - Salmon Creek (tributary to Okanogan River),8/12/2021,8/12/2021,1
3DD.003D981092,Mark,WELH - Wells Hatchery,8/12/2021,WELSBR - Starr Boat Ramp on west shore 5 km upstream of Wells Dam,8/12/2021,8/12/2021,1
3DD.003D981093,Mark,WELH - Wells Hatchery,8/12/2021,WELSBR - Starr Boat Ramp on west shore 5 km upstream of Wells Dam,8/12/2021,8/12/2021,1
3DD.003D981094,Mark,WELH - Wells Hatchery,8/12/2021,SALMOC - Salmon Creek (tributary to Okanogan River),8/12/2021,8/12/2021,1
3DD.003D981095,Mark,WELH - Wells Hatchery,8/12/2021,SALMOC - Salmon Creek (tributary to Okanogan River),8/12/2021,8/12/2021,1
3DD.003D981096,Mark,WELH - Wells Hatchery,8/12/2021,WELSBR - Starr Boat Ramp on west shore 5 km upstream of Wells Dam,8/12/2021,8/12/2021,1
3DD.003D981097,Mark,WELH - Wells Hatchery,8/12/2021,WELSBR - Starr Boat Ramp on west shore 5 km upstream of Wells Dam,8/12/2021,8/12/2021,1
3DD.003D981098,Mark,WELH - Wells Hatchery,8/12/2021,SALMOC - Salmon Creek (tributary to Okanogan River),8/12/2021,8/12/2021,1
3DD.003D981099,Mark,WELH - Wells Hatchery,8/12/2021,SALMOC - Salmon Creek (tributary to Okanogan River),8/12/2021,8/12/2021,1
3DD.003D98109A,Mark,WELH - Wells Hatchery,8/19/2021,SIMILR - Similkameen River,8/19/2021,8/19/2021,1
3DD.003D98109B,Mark,WELH - Wells Hatchery,8/12/2021,SALMOC - Salmon Creek (tributary to Okanogan River),8/12/2021,8/12/2021,1
3DD.003D98109C,Mark,WELH - Wells Hatchery,8/12/2021,SALMOC - Salmon Creek (tributary to Okanogan River),8/12/2021,8/12/2021,1
3DD.003D98109D,Mark,WELH - Wells Hatchery,8/12/2021,WELSBR - Starr Boat Ramp on west shore 5 km upstream of Wells Dam,8/12/2021,8/12/2021,1
3DD.003D98109E,Mark,WELH - Wells Hatchery,8/19/2021,SIMILR - Similkameen River,8/19/2021,8/19/2021,1
3DD.003D98109F,Mark,WELH - Wells Hatchery,8/12/2021,WELSBR - Starr Boat Ramp on west shore 5 km upstream of Wells Dam,8/12/2021,8/12/2021,1
3DD.003D9810A0,Mark,WELH - Wells Hatchery,8/12/2021,WELSBR - Starr Boat Ramp on west shore 5 km upstream of Wells Dam,8/12/2021,8/12/2021,1
3DD.003D9810A1,Mark,WELH - Wells Hatchery,8/19/2021,SIMILR - Similkameen River,8/19/2021,8/19/2021,1
3DD.003D9810A2,Mark,WELH - Wells Hatchery,8/19/2021,SIMILR - Similkameen River,8/19/2021,8/19/2021,1
3DD.003D9810A3,Mark,WELH - Wells Hatchery,8/12/2021,WELSBR - Starr Boat Ramp on west shore 5 km upstream of Wells Dam,8/12/2021,8/12/2021,1
3DD.003D9810A4,Mark,WELH - Wells Hatchery,8/12/2021,WELSBR - Starr Boat Ramp on west shore 5 km upstream of Wells Dam,8/12/2021,8/12/2021,1
3DD.003D9810A5,Mark,WELH - Wells Hatchery,8/12/2021,WELSBR - Starr Boat Ramp on west shore 5 km upstream of Wells Dam,8/12/2021,8/12/2021,1
3DD.003D9810A6,Mark,WELH - Wells Hatchery,8/12/2021,WELSBR - Starr Boat Ramp on west shore 5 km upstream of Wells Dam,8/12/2021,8/12/2021,1
3DD.003D9810A7,Mark,WELH - Wells Hatchery,8/12/2021,WELSBR - Starr Boat Ramp on west shore 5 km upstream of Wells Dam,8/12/2021,8/12/2021,1
3DD.003D9810A8,Mark,WELH - Wells Hatchery,8/19/2021,SIMILR - Similkameen River,8/19/2021,8/19/2021,1
3DD.003D9810A9,Mark,WELH - Wells Hatchery,8/12/2021,WELSBR - Starr Boat Ramp on west shore 5 km upstream of Wells Dam,8/12/2021,8/12/2021,1
3DD.003D9810AA,Mark,WELH - Wells Hatchery,8/12/2021,WELSBR - Starr Boat Ramp on west shore 5 km upstream of Wells Dam,8/12/2021,8/12/2021,1
3DD.003D9810AB,Mark,WELH - Wells Hatchery,8/12/2021,SALMOC - Salmon Creek (tributary to Okanogan River),8/12/2021,8/12/2021,1
3DD.003D9810AC,Mark,WELH - Wells Hatchery,8/12/2021,WELSBR - Starr Boat Ramp on west shore 5 km upstream of Wells Dam,8/12/2021,8/12/2021,1
3DD.003D9810AD,Mark,WELH - Wells Hatchery,8/12/2021,WELSBR - Starr Boat Ramp on west shore 5 km upstream of Wells Dam,8/12/2021,8/12/2021,1
3DD.003D9810AE,Mark,WELH - Wells Hatchery,8/12/2021,WELSBR - Starr Boat Ramp on west shore 5 km upstream of Wells Dam,8/12/2021,8/12/2021,1
3DD.003E215B52,Mark,WELH - Wells Hatchery,8/14/2024,"COLR8 - Columbia River - Chelan Falls, WA to Grand Coulee Dam (km 809-960)",8/15/2024,8/14/2024,1
3DD.003E215B53,Mark,WELH - Wells Hatchery,8/15/2024,WELSBR - Starr Boat Ramp on west shore 5 km upstream of Wells Dam,8/15/2024,8/15/2024,1
3DD.003E215B54,Mark,WELH - Wells Hatchery,8/15/2024,WELSBR - Starr Boat Ramp on west shore 5 km upstream of Wells Dam,8/15/2024,8/15/2024,1
3DD.003E215B55,Mark,WELH - Wells Hatchery,8/15/2024,WELSBR - Starr Boat Ramp on west shore 5 km upstream of Wells Dam,8/15/2024,8/15/2024,1
3DD.003E215B57,Mark,WELH - Wells Hatchery,8/15/2024,WELSBR - Starr Boat Ramp on west shore 5 km upstream of Wells Dam,8/15/2024,8/15/2024,1
3DD.003E215B58,Mark,WELH - Wells Hatchery,8/11/2024,"COLR8 - Columbia River - Chelan Falls, WA to Grand Coulee Dam (km 809-960)",8/12/2024,8/11/2024,1
3DD.003E215B5A,Mark,WELH - Wells Hatchery,8/15/2024,WELSBR - Starr Boat Ramp on west shore 5 km upstream of Wells Dam,8/15/2024,8/15/2024,1
3DD.003E215B5B,Mark,WELH - Wells Hatchery,8/15/2024,WELSBR - Starr Boat Ramp on west shore 5 km upstream of Wells Dam,8/15/2024,8/15/2024,1
3DD.003E215B5D,Mark,WELH - Wells Hatchery,8/15/2024,WELSBR - Starr Boat Ramp on west shore 5 km upstream of Wells Dam,8/15/2024,8/15/2024,1
3DD.003E215B5E,Mark,WELH - Wells Hatchery,8/15/2024,WELSBR - Starr Boat Ramp on west shore 5 km upstream of Wells Dam,8/15/2024,8/15/2024,1
3DD.003E215B60,Mark,WELH - Wells Hatchery,8/15/2024,WELSBR - Starr Boat Ramp on west shore 5 km upstream of Wells Dam,8/15/2024,8/15/2024,1
3DD.003E215B62,Mark,WELH - Wells Hatchery,8/11/2024,"COLR8 - Columbia River - Chelan Falls, WA to Grand Coulee Dam (km 809-960)",8/12/2024,8/11/2024,1
3DD.003E215B63,Mark,WELH - Wells Hatchery,8/15/2024,WELSBR - Starr Boat Ramp on west shore 5 km upstream of Wells Dam,8/15/2024,8/15/2024,1
3DD.003E215B6A,Mark,WELH - Wells Hatchery,8/14/2024,"COLR8 - Columbia River - Chelan Falls, WA to Grand Coulee Dam (km 809-960)",8/15/2024,8/14/2024,1
3DD.003E215B6C,Mark,WELH - Wells Hatchery,8/11/2024,"COLR8 - Columbia River - Chelan Falls, WA to Grand Coulee Dam (km 809-960)",8/12/2024,8/11/2024,1
3DD.003E215B6D,Mark,WELH - Wells Hatchery,8/11/2024,"COLR8 - Columbia River - Chelan Falls, WA to Grand Coulee Dam (km 809-960)",8/12/2024,8/11/2024,1
3DD.003E215B73,Mark,WELH - Wells Hatchery,8/11/2024,"COLR8 - Columbia River - Chelan Falls, WA to Grand Coulee Dam (km 809-960)",8/12/2024,8/11/2024,1
3DD.003E215B75,Mark,WELH - Wells Hatchery,8/7/2024,"COLR8 - Columbia River - Chelan Falls, WA to Grand Coulee Dam (km 809-960)",8/8/2024,8/7/2024,1
3DD.003E215B7A,Mark,WELH - Wells Hatchery,8/14/2024,"COLR8 - Columbia River - Chelan Falls, WA to Grand Coulee Dam (km 809-960)",8/15/2024,8/14/2024,1
3DD.003E215B80,Mark,WELH - Wells Hatchery,8/15/2024,WELSBR - Starr Boat Ramp on west shore 5 km upstream of Wells Dam,8/15/2024,8/15/2024,1
3DD.003E215B82,Mark,WELH - Wells Hatchery,8/14/2024,"COLR8 - Columbia River - Chelan Falls, WA to Grand Coulee Dam (km 809-960)",8/15/2024,8/14/2024,1
3DD.003E215B83,Mark,WELH - Wells Hatchery,8/11/2024,"COLR8 - Columbia River - Chelan Falls, WA to Grand Coulee Dam (km 809-960)",8/12/2024,8/11/2024,1
3DD.003E215B84,Mark,WELH - Wells Hatchery,8/15/2024,WELSBR - Starr Boat Ramp on west shore 5 km upstream of Wells Dam,8/15/2024,8/15/2024,1
3DD.003E215B85,Mark,WELH - Wells Hatchery,8/7/2024,"COLR8 - Columbia River - Chelan Falls, WA to Grand Coulee Dam (km 809-960)",8/8/2024,8/7/2024,1
3DD.003E215B86,Mark,WELH - Wells Hatchery,8/15/2024,WELSBR - Starr Boat Ramp on west shore 5 km upstream of Wells Dam,8/15/2024,8/15/2024,1
3DD.003E215B87,Mark,WELH - Wells Hatchery,8/12/2024,"COLR8 - Columbia River - Chelan Falls, WA to Grand Coulee Dam (km 809-960)",8/13/2024,8/12/2024,1
3DD.003E215B99,Mark,WELH - Wells Hatchery,8/11/2024,"COLR8 - Columbia River - Chelan Falls, WA to Grand Coulee Dam (km 809-960)",8/12/2024,8/11/2024,1
3DD.003E215B9F,Mark,WELH - Wells Hatchery,8/15/2024,WELSBR - Starr Boat Ramp on west shore 5 km upstream of Wells Dam,8/15/2024,8/15/2024,1
3DD.003E215BA4,Mark,WELH - Wells Hatchery,8/15/2024,WELSBR - Starr Boat Ramp on west shore 5 km upstream of Wells Dam,8/15/2024,8/15/2024,1
3DD.003E215BA5,Mark,WELH - Wells Hatchery,8/11/2024,"COLR8 - Columbia River - Chelan Falls, WA to Grand Coulee Dam (km 809-960)",8/12/2024,8/11/2024,1
3DD.003E215BA7,Mark,WELH - Wells Hatchery,8/11/2024,"COLR8 - Columbia River - Chelan Falls, WA to Grand Coulee Dam (km 809-960)",8/12/2024,8/11/2024,1
3DD.003E215BA8,Mark,WELH - Wells Hatchery,8/7/2024,"COLR8 - Columbia River - Chelan Falls, WA to Grand Coulee Dam (km 809-960)",8/8/2024,8/7/2024,1
3DD.003E215BAC,Mark,WELH - Wells Hatchery,8/15/2024,WELSBR - Starr Boat Ramp on west shore 5 km upstream of Wells Dam,8/15/2024,8/15/2024,1
3DD.003E215BB3,Mark,WELH - Wells Hatchery,8/15/2024,WELSBR - Starr Boat Ramp on west shore 5 km upstream of Wells Dam,8/15/2024,8/15/2024,1
3DD.003E215BB4,Mark,WELH - Wells Hatchery,8/12/2024,"COLR8 - Columbia River - Chelan Falls, WA to Grand Coulee Dam (km 809-960)",8/13/2024,8/12/2024,1
3DD.003E215C1A,Mark,WELH - Wells Hatchery,8/4/2022,"COLR7 - Columbia River - Lower Crab Creek to Chelan Falls, WA (km 661-809)",8/5/2022,8/4/2022,1
3DD.003E215C1B,Mark,WELH - Wells Hatchery,8/4/2022,"COLR7 - Columbia River - Lower Crab Creek to Chelan Falls, WA (km 661-809)",8/5/2022,8/4/2022,1
3DD.003E215C1C,Mark,WELH - Wells Hatchery,8/4/2022,"COLR7 - Columbia River - Lower Crab Creek to Chelan Falls, WA (km 661-809)",8/5/2022,8/4/2022,1
3DD.003E215C1D,Mark,WELH - Wells Hatchery,8/4/2022,"COLR7 - Columbia River - Lower Crab Creek to Chelan Falls, WA (km 661-809)",8/5/2022,8/4/2022,1
3DD.003E215C1E,Mark,WELH - Wells Hatchery,8/11/2022,"COLR7 - Columbia River - Lower Crab Creek to Chelan Falls, WA (km 661-809)",8/12/2022,8/11/2022,1
3DD.003E215C1F,Mark,WELH - Wells Hatchery,8/4/2022,"COLR7 - Columbia River - Lower Crab Creek to Chelan Falls, WA (km 661-809)",8/5/2022,8/4/2022,1
3DD.003E215C20,Mark,WELH - Wells Hatchery,8/4/2022,"COLR7 - Columbia River - Lower Crab Creek to Chelan Falls, WA (km 661-809)",8/5/2022,8/4/2022,1
3DD.003E215C21,Mark,WELH - Wells Hatchery,8/11/2022,"COLR7 - Columbia River - Lower Crab Creek to Chelan Falls, WA (km 661-809)",8/12/2022,8/11/2022,1
3DD.003E215C22,Mark,WELH - Wells Hatchery,8/4/2022,"COLR7 - Columbia River - Lower Crab Creek to Chelan Falls, WA (km 661-809)",8/5/2022,8/4/2022,1
3DD.003E215C23,Mark,WELH - Wells Hatchery,8/11/2022,"COLR7 - Columbia River - Lower Crab Creek to Chelan Falls, WA (km 661-809)",8/12/2022,8/11/2022,1
3DD.003E215C24,Mark,WELH - Wells Hatchery,8/11/2022,"COLR7 - Columbia River - Lower Crab Creek to Chelan Falls, WA (km 661-809)",8/12/2022,8/11/2022,1
3DD.003E215C25,Mark,WELH - Wells Hatchery,8/4/2022,"COLR7 - Columbia River - Lower Crab Creek to Chelan Falls, WA (km 661-809)",8/5/2022,8/4/2022,1
3DD.003E215C26,Mark,WELH - Wells Hatchery,8/11/2022,"COLR7 - Columbia River - Lower Crab Creek to Chelan Falls, WA (km 661-809)",8/12/2022,8/11/2022,1
3DD.003E215C27,Mark,WELH - Wells Hatchery,8/4/2022,"COLR7 - Columbia River - Lower Crab Creek to Chelan Falls, WA (km 661-809)",8/5/2022,8/4/2022,1
3DD.003E215C28,Mark,WELH - Wells Hatchery,8/4/2022,"COLR7 - Columbia River - Lower Crab Creek to Chelan Falls, WA (km 661-809)",8/5/2022,8/4/2022,1
3DD.003E215C29,Mark,WELH - Wells Hatchery,8/4/2022,"COLR7 - Columbia River - Lower Crab Creek to Chelan Falls, WA (km 661-809)",8/5/2022,8/4/2022,1
3DD.003E215C2A,Mark,WELH - Wells Hatchery,8/11/2022,"COLR7 - Columbia River - Lower Crab Creek to Chelan Falls, WA (km 661-809)",8/12/2022,8/11/2022,1
3DD.003E215C2B,Mark,WELH - Wells Hatchery,8/4/2022,"COLR7 - Columbia River - Lower Crab Creek to Chelan Falls, WA (km 661-809)",8/5/2022,8/4/2022,1
3DD.003E215C2C,Mark,WELH - Wells Hatchery,8/11/2022,"COLR7 - Columbia River - Lower Crab Creek to Chelan Falls, WA (km 661-809)",8/12/2022,8/11/2022,1
3DD.003E215C2D,Mark,WELH - Wells Hatchery,8/11/2022,"COLR7 - Columbia River - Lower Crab Creek to Chelan Falls, WA (km 661-809)",8/12/2022,8/11/2022,1
3DD.003E215C2E,Mark,WELH - Wells Hatchery,8/4/2022,"COLR7 - Columbia River - Lower Crab Creek to Chelan Falls, WA (km 661-809)",8/5/2022,8/4/2022,1
3DD.003E215C2F,Mark,WELH - Wells Hatchery,8/11/2022,"COLR7 - Columbia River - Lower Crab Creek to Chelan Falls, WA (km 661-809)",8/12/2022,8/11/2022,1
3DD.003E215C30,Mark,WELH - Wells Hatchery,8/4/2022,"COLR7 - Columbia River - Lower Crab Creek to Chelan Falls, WA (km 661-809)",8/5/2022,8/4/2022,1
3DD.003E215C31,Mark,WELH - Wells Hatchery,8/4/2022,"COLR7 - Columbia River - Lower Crab Creek to Chelan Falls, WA (km 661-809)",8/5/2022,8/4/2022,1
3DD.003E215C32,Mark,WELH - Wells Hatchery,8/4/2022,"COLR7 - Columbia River - Lower Crab Creek to Chelan Falls, WA (km 661-809)",8/5/2022,8/4/2022,1
3DD.003E215C33,Mark,WELH - Wells Hatchery,8/11/2022,"COLR7 - Columbia River - Lower Crab Creek to Chelan Falls, WA (km 661-809)",8/12/2022,8/11/2022,1
3DD.003E215C34,Mark,WELH - Wells Hatchery,8/11/2022,"COLR7 - Columbia River - Lower Crab Creek to Chelan Falls, WA (km 661-809)",8/12/2022,8/11/2022,1
3DD.003E215C35,Mark,WELH - Wells Hatchery,8/4/2022,"COLR7 - Columbia River - Lower Crab Creek to Chelan Falls, WA (km 661-809)",8/5/2022,8/4/2022,1
3DD.003E215C36,Mark,WELH - Wells Hatchery,8/4/2022,"COLR7 - Columbia River - Lower Crab Creek to Chelan Falls, WA (km 661-809)",8/5/2022,8/4/2022,1
3DD.003E215C37,Mark,WELH - Wells Hatchery,8/4/2022,"COLR7 - Columbia River - Lower Crab Creek to Chelan Falls, WA (km 661-809)",8/5/2022,8/4/2022,1
3DD.003E215C38,Mark,WELH - Wells Hatchery,8/4/2022,"COLR7 - Columbia River - Lower Crab Creek to Chelan Falls, WA (km 661-809)",8/5/2022,8/4/2022,1
3DD.003E215C39,Mark,WELH - Wells Hatchery,8/11/2022,"COLR7 - Columbia River - Lower Crab Creek to Chelan Falls, WA (km 661-809)",8/12/2022,8/11/2022,1
3DD.003E215C3A,Mark,WELH - Wells Hatchery,8/11/2022,"COLR7 - Columbia River - Lower Crab Creek to Chelan Falls, WA (km 661-809)",8/12/2022,8/11/2022,1
3DD.003E215C3B,Mark,WELH - Wells Hatchery,8/11/2022,"COLR7 - Columbia River - Lower Crab Creek to Chelan Falls, WA (km 661-809)",8/12/2022,8/11/2022,1
3DD.003E215C3C,Mark,WELH - Wells Hatchery,8/11/2022,"COLR7 - Columbia River - Lower Crab Creek to Chelan Falls, WA (km 661-809)",8/12/2022,8/11/2022,1
3DD.003E215C3D,Mark,WELH - Wells Hatchery,8/4/2022,"COLR7 - Columbia River - Lower Crab Creek to Chelan Falls, WA (km 661-809)",8/5/2022,8/4/2022,1
3DD.003E215C3E,Mark,WELH - Wells Hatchery,8/4/2022,"COLR7 - Columbia River - Lower Crab Creek to Chelan Falls, WA (km 661-809)",8/5/2022,8/4/2022,1
3DD.003E215C3F,Mark,WELH - Wells Hatchery,8/4/2022,"COLR7 - Columbia River - Lower Crab Creek to Chelan Falls, WA (km 661-809)",8/5/2022,8/4/2022,1
3DD.003E215C40,Mark,WELH - Wells Hatchery,8/4/2022,"COLR7 - Columbia River - Lower Crab Creek to Chelan Falls, WA (km 661-809)",8/5/2022,8/4/2022,1
3DD.003E215C41,Mark,WELH - Wells Hatchery,8/4/2022,"COLR7 - Columbia River - Lower Crab Creek to Chelan Falls, WA (km 661-809)",8/5/2022,8/4/2022,1
3DD.003E215C42,Mark,WELH - Wells Hatchery,8/4/2022,"COLR7 - Columbia River - Lower Crab Creek to Chelan Falls, WA (km 661-809)",8/5/2022,8/4/2022,1
3DD.003E215C43,Mark,WELH - Wells Hatchery,8/4/2022,"COLR7 - Columbia River - Lower Crab Creek to Chelan Falls, WA (km 661-809)",8/5/2022,8/4/2022,1
3DD.003E215C44,Mark,WELH - Wells Hatchery,8/11/2022,"COLR7 - Columbia River - Lower Crab Creek to Chelan Falls, WA (km 661-809)",8/12/2022,8/11/2022,1
3DD.003E215C45,Mark,WELH - Wells Hatchery,8/4/2022,"COLR7 - Columbia River - Lower Crab Creek to Chelan Falls, WA (km 661-809)",8/5/2022,8/4/2022,1
3DD.003E215C46,Mark,WELH - Wells Hatchery,8/11/2022,"COLR7 - Columbia River - Lower Crab Creek to Chelan Falls, WA (km 661-809)",8/12/2022,8/11/2022,1
3DD.003E215C47,Mark,WELH - Wells Hatchery,8/4/2022,"COLR7 - Columbia River - Lower Crab Creek to Chelan Falls, WA (km 661-809)",8/5/2022,8/4/2022,1
3DD.003E215C48,Mark,WELH - Wells Hatchery,8/11/2022,"COLR7 - Columbia River - Lower Crab Creek to Chelan Falls, WA (km 661-809)",8/12/2022,8/11/2022,1
3DD.003E215C49,Mark,WELH - Wells Hatchery,8/4/2022,"COLR7 - Columbia River - Lower Crab Creek to Chelan Falls, WA (km 661-809)",8/5/2022,8/4/2022,1
3DD.003E215C4A,Mark,WELH - Wells Hatchery,8/4/2022,"COLR7 - Columbia River - Lower Crab Creek to Chelan Falls, WA (km 661-809)",8/5/2022,8/4/2022,1
3DD.003E215C4B,Mark,WELH - Wells Hatchery,8/4/2022,"COLR7 - Columbia River - Lower Crab Creek to Chelan Falls, WA (km 661-809)",8/5/2022,8/4/2022,1
3DD.003E215C4C,Mark,WELH - Wells Hatchery,8/4/2022,"COLR7 - Columbia River - Lower Crab Creek to Chelan Falls, WA (km 661-809)",8/5/2022,8/4/2022,1
3DD.003E215C4D,Mark,WELH - Wells Hatchery,8/4/2022,"COLR7 - Columbia River - Lower Crab Creek to Chelan Falls, WA (km 661-809)",8/5/2022,8/4/2022,1
3DD.003E215C4E,Mark,WELH - Wells Hatchery,8/4/2022,"COLR7 - Columbia River - Lower Crab Creek to Chelan Falls, WA (km 661-809)",8/5/2022,8/4/2022,1
3DD.003E215C4F,Mark,WELH - Wells Hatchery,8/4/2022,"COLR7 - Columbia River - Lower Crab Creek to Chelan Falls, WA (km 661-809)",8/5/2022,8/4/2022,1
3DD.003E215C50,Mark,WELH - Wells Hatchery,8/4/2022,"COLR7 - Columbia River - Lower Crab Creek to Chelan Falls, WA (km 661-809)",8/5/2022,8/4/2022,1
3DD.003E215C51,Mark,WELH - Wells Hatchery,8/4/2022,"COLR7 - Columbia River - Lower Crab Creek to Chelan Falls, WA (km 661-809)",8/5/2022,8/4/2022,1
3DD.003E215C52,Mark,WELH - Wells Hatchery,8/11/2022,"COLR7 - Columbia River - Lower Crab Creek to Chelan Falls, WA (km 661-809)",8/12/2022,8/11/2022,1
3DD.003E215C53,Mark,WELH - Wells Hatchery,8/4/2022,"COLR7 - Columbia River - Lower Crab Creek to Chelan Falls, WA (km 661-809)",8/5/2022,8/4/2022,1
3DD.003E215C54,Mark,WELH - Wells Hatchery,8/11/2022,"COLR7 - Columbia River - Lower Crab Creek to Chelan Falls, WA (km 661-809)",8/12/2022,8/11/2022,1
3DD.003E215C55,Mark,WELH - Wells Hatchery,8/4/2022,"COLR7 - Columbia River - Lower Crab Creek to Chelan Falls, WA (km 661-809)",8/5/2022,8/4/2022,1
3DD.003E215C56,Mark,WELH - Wells Hatchery,8/11/2022,"COLR7 - Columbia River - Lower Crab Creek to Chelan Falls, WA (km 661-809)",8/12/2022,8/11/2022,1
3DD.003E215C57,Mark,WELH - Wells Hatchery,8/4/2022,"COLR7 - Columbia River - Lower Crab Creek to Chelan Falls, WA (km 661-809)",8/5/2022,8/4/2022,1
3DD.003E215C58,Mark,WELH - Wells Hatchery,8/4/2022,"COLR7 - Columbia River - Lower Crab Creek to Chelan Falls, WA (km 661-809)",8/5/2022,8/4/2022,1
3DD.003E215C59,Mark,WELH - Wells Hatchery,8/11/2022,"COLR7 - Columbia River - Lower Crab Creek to Chelan Falls, WA (km 661-809)",8/12/2022,8/11/2022,1
3DD.003E215C5A,Mark,WELH - Wells Hatchery,8/11/2022,"COLR7 - Columbia River - Lower Crab Creek to Chelan Falls, WA (km 661-809)",8/12/2022,8/11/2022,1
3DD.003E215C5B,Mark,WELH - Wells Hatchery,8/4/2022,"COLR7 - Columbia River - Lower Crab Creek to Chelan Falls, WA (km 661-809)",8/5/2022,8/4/2022,1
3DD.003E215C5C,Mark,WELH - Wells Hatchery,8/4/2022,"COLR7 - Columbia River - Lower Crab Creek to Chelan Falls, WA (km 661-809)",8/5/2022,8/4/2022,1
3DD.003E215C5D,Mark,WELH - Wells Hatchery,8/4/2022,"COLR7 - Columbia River - Lower Crab Creek to Chelan Falls, WA (km 661-809)",8/5/2022,8/4/2022,1
3DD.003E215C5E,Mark,WELH - Wells Hatchery,8/4/2022,"COLR7 - Columbia River - Lower Crab Creek to Chelan Falls, WA (km 661-809)",8/5/2022,8/4/2022,1
3DD.003E215C5F,Mark,WELH - Wells Hatchery,8/4/2022,"COLR7 - Columbia River - Lower Crab Creek to Chelan Falls, WA (km 661-809)",8/5/2022,8/4/2022,1
3DD.003E215C60,Mark,WELH - Wells Hatchery,8/4/2022,"COLR7 - Columbia River - Lower Crab Creek to Chelan Falls, WA (km 661-809)",8/5/2022,8/4/2022,1
3DD.003E215C61,Mark,WELH - Wells Hatchery,8/11/2022,"COLR7 - Columbia River - Lower Crab Creek to Chelan Falls, WA (km 661-809)",8/12/2022,8/11/2022,1
3DD.003E215C62,Mark,WELH - Wells Hatchery,8/4/2022,"COLR7 - Columbia River - Lower Crab Creek to Chelan Falls, WA (km 661-809)",8/5/2022,8/4/2022,1
3DD.003E215C63,Mark,WELH - Wells Hatchery,8/4/2022,"COLR7 - Columbia River - Lower Crab Creek to Chelan Falls, WA (km 661-809)",8/5/2022,8/4/2022,1
3DD.003E215C64,Mark,WELH - Wells Hatchery,8/4/2022,"COLR7 - Columbia River - Lower Crab Creek to Chelan Falls, WA (km 661-809)",8/5/2022,8/4/2022,1
3DD.003E215C65,Mark,WELH - Wells Hatchery,8/4/2022,"COLR7 - Columbia River - Lower Crab Creek to Chelan Falls, WA (km 661-809)",8/5/2022,8/4/2022,1
3DD.003E215C66,Mark,WELH - Wells Hatchery,8/4/2022,"COLR7 - Columbia River - Lower Crab Creek to Chelan Falls, WA (km 661-809)",8/5/2022,8/4/2022,1
3DD.003E215C67,Mark,WELH - Wells Hatchery,8/4/2022,"COLR7 - Columbia River - Lower Crab Creek to Chelan Falls, WA (km 661-809)",8/5/2022,8/4/2022,1
3DD.003E215C68,Mark,WELH - Wells Hatchery,8/11/2022,"COLR7 - Columbia River - Lower Crab Creek to Chelan Falls, WA (km 661-809)",8/12/2022,8/11/2022,1
3DD.003E215C69,Mark,WELH - Wells Hatchery,8/4/2022,"COLR7 - Columbia River - Lower Crab Creek to Chelan Falls, WA (km 661-809)",8/5/2022,8/4/2022,1
3DD.003E215C6A,Mark,WELH - Wells Hatchery,8/11/2022,"COLR7 - Columbia River - Lower Crab Creek to Chelan Falls, WA (km 661-809)",8/12/2022,8/11/2022,1
3DD.003E215C6B,Mark,WELH - Wells Hatchery,8/4/2022,"COLR7 - Columbia River - Lower Crab Creek to Chelan Falls, WA (km 661-809)",8/5/2022,8/4/2022,1
3DD.003E215C6C,Mark,WELH - Wells Hatchery,8/4/2022,"COLR7 - Columbia River - Lower Crab Creek to Chelan Falls, WA (km 661-809)",8/5/2022,8/4/2022,1
3DD.003E215C6D,Mark,WELH - Wells Hatchery,8/4/2022,"COLR7 - Columbia River - Lower Crab Creek to Chelan Falls, WA (km 661-809)",8/5/2022,8/4/2022,1
3DD.003E215C6E,Mark,WELH - Wells Hatchery,8/11/2022,"COLR7 - Columbia River - Lower Crab Creek to Chelan Falls, WA (km 661-809)",8/12/2022,8/11/2022,1
3DD.003E215C6F,Mark,WELH - Wells Hatchery,8/4/2022,"COLR7 - Columbia River - Lower Crab Creek to Chelan Falls, WA (km 661-809)",8/5/2022,8/4/2022,1
3DD.003E215C70,Mark,WELH - Wells Hatchery,8/4/2022,"COLR7 - Columbia River - Lower Crab Creek to Chelan Falls, WA (km 661-809)",8/5/2022,8/4/2022,1
3DD.003E215C71,Mark,WELH - Wells Hatchery,8/11/2022,"COLR7 - Columbia River - Lower Crab Creek to Chelan Falls, WA (km 661-809)",8/12/2022,8/11/2022,1
3DD.003E215C72,Mark,WELH - Wells Hatchery,8/11/2022,"COLR7 - Columbia River - Lower Crab Creek to Chelan Falls, WA (km 661-809)",8/12/2022,8/11/2022,1
3DD.003E215C73,Mark,WELH - Wells Hatchery,8/11/2022,"COLR7 - Columbia River - Lower Crab Creek to Chelan Falls, WA (km 661-809)",8/12/2022,8/11/2022,1
3DD.003E215C74,Mark,WELH - Wells Hatchery,8/4/2022,"COLR7 - Columbia River - Lower Crab Creek to Chelan Falls, WA (km 661-809)",8/5/2022,8/4/2022,1
3DD.003E215C75,Mark,WELH - Wells Hatchery,8/11/2022,"COLR7 - Columbia River - Lower Crab Creek to Chelan Falls, WA (km 661-809)",8/12/2022,8/11/2022,1
3DD.003E215C76,Mark,WELH - Wells Hatchery,8/4/2022,"COLR7 - Columbia River - Lower Crab Creek to Chelan Falls, WA (km 661-809)",8/5/2022,8/4/2022,1
3DD.003E215C77,Mark,WELH - Wells Hatchery,8/11/2022,"COLR7 - Columbia River - Lower Crab Creek to Chelan Falls, WA (km 661-809)",8/12/2022,8/11/2022,1
3DD.003E215C78,Mark,WELH - Wells Hatchery,8/11/2022,"COLR7 - Columbia River - Lower Crab Creek to Chelan Falls, WA (km 661-809)",8/12/2022,8/11/2022,1
3DD.003E215C79,Mark,WELH - Wells Hatchery,8/4/2022,"COLR7 - Columbia River - Lower Crab Creek to Chelan Falls, WA (km 661-809)",8/5/2022,8/4/2022,1
3DD.003E215C7A,Mark,WELH - Wells Hatchery,8/11/2022,"COLR7 - Columbia River - Lower Crab Creek to Chelan Falls, WA (km 661-809)",8/12/2022,8/11/2022,1
3DD.003E215C7B,Mark,WELH - Wells Hatchery,8/11/2022,"COLR7 - Columbia River - Lower Crab Creek to Chelan Falls, WA (km 661-809)",8/12/2022,8/11/2022,1
3DD.003E215C7C,Mark,WELH - Wells Hatchery,8/4/2022,"COLR7 - Columbia River - Lower Crab Creek to Chelan Falls, WA (km 661-809)",8/5/2022,8/4/2022,1
3DD.003E215C7D,Mark,WELH - Wells Hatchery,8/4/2022,"COLR7 - Columbia River - Lower Crab Creek to Chelan Falls, WA (km 661-809)",8/5/2022,8/4/2022,1
3DD.003E215D46,Mark,WELH - Wells Hatchery,8/4/2022,"COLR7 - Columbia River - Lower Crab Creek to Chelan Falls, WA (km 661-809)",8/5/2022,8/4/2022,1
3DD.003E215D47,Mark,WELH - Wells Hatchery,8/4/2022,"COLR7 - Columbia River - Lower Crab Creek to Chelan Falls, WA (km 661-809)",8/5/2022,8/4/2022,1
3DD.003E215D48,Mark,WELH - Wells Hatchery,8/4/2022,"COLR7 - Columbia River - Lower Crab Creek to Chelan Falls, WA (km 661-809)",8/5/2022,8/4/2022,1
3DD.003E215D49,Mark,WELH - Wells Hatchery,8/4/2022,"COLR7 - Columbia River - Lower Crab Creek to Chelan Falls, WA (km 661-809)",8/5/2022,8/4/2022,1
3DD.003E215D4A,Mark,WELH - Wells Hatchery,8/4/2022,"COLR7 - Columbia River - Lower Crab Creek to Chelan Falls, WA (km 661-809)",8/5/2022,8/4/2022,1
3DD.003E215D4B,Mark,WELH - Wells Hatchery,8/4/2022,"COLR7 - Columbia River - Lower Crab Creek to Chelan Falls, WA (km 661-809)",8/5/2022,8/4/2022,1
3DD.003E215D4C,Mark,WELH - Wells Hatchery,8/4/2022,"COLR7 - Columbia River - Lower Crab Creek to Chelan Falls, WA (km 661-809)",8/5/2022,8/4/2022,1
3DD.003E215D4D,Mark,WELH - Wells Hatchery,8/4/2022,"COLR7 - Columbia River - Lower Crab Creek to Chelan Falls, WA (km 661-809)",8/5/2022,8/4/2022,1
3DD.003E215D4E,Mark,WELH - Wells Hatchery,8/4/2022,"COLR7 - Columbia River - Lower Crab Creek to Chelan Falls, WA (km 661-809)",8/5/2022,8/4/2022,1
3DD.003E215D4F,Mark,WELH - Wells Hatchery,8/4/2022,"COLR7 - Columbia River - Lower Crab Creek to Chelan Falls, WA (km 661-809)",8/5/2022,8/4/2022,1
3DD.003E215D50,Mark,WELH - Wells Hatchery,8/4/2022,"COLR7 - Columbia River - Lower Crab Creek to Chelan Falls, WA (km 661-809)",8/5/2022,8/4/2022,1
3DD.003E215D51,Mark,WELH - Wells Hatchery,8/4/2022,"COLR7 - Columbia River - Lower Crab Creek to Chelan Falls, WA (km 661-809)",8/5/2022,8/4/2022,1
3DD.003E215D52,Mark,WELH - Wells Hatchery,8/4/2022,"COLR7 - Columbia River - Lower Crab Creek to Chelan Falls, WA (km 661-809)",8/5/2022,8/4/2022,1
3DD.003E215D53,Mark,WELH - Wells Hatchery,8/4/2022,"COLR7 - Columbia River - Lower Crab Creek to Chelan Falls, WA (km 661-809)",8/5/2022,8/4/2022,1
3DD.003E215D54,Mark,WELH - Wells Hatchery,8/4/2022,"COLR7 - Columbia River - Lower Crab Creek to Chelan Falls, WA (km 661-809)",8/5/2022,8/4/2022,1
3DD.003E215D55,Mark,WELH - Wells Hatchery,8/4/2022,"COLR7 - Columbia River - Lower Crab Creek to Chelan Falls, WA (km 661-809)",8/5/2022,8/4/2022,1
3DD.003E215D56,Mark,WELH - Wells Hatchery,8/4/2022,"COLR7 - Columbia River - Lower Crab Creek to Chelan Falls, WA (km 661-809)",8/5/2022,8/4/2022,1
3DD.003E215D57,Mark,WELH - Wells Hatchery,8/4/2022,"COLR7 - Columbia River - Lower Crab Creek to Chelan Falls, WA (km 661-809)",8/5/2022,8/4/2022,1
3DD.003E215D58,Mark,WELH - Wells Hatchery,8/4/2022,"COLR7 - Columbia River - Lower Crab Creek to Chelan Falls, WA (km 661-809)",8/5/2022,8/4/2022,1
3DD.003E215D59,Mark,WELH - Wells Hatchery,8/4/2022,"COLR7 - Columbia River - Lower Crab Creek to Chelan Falls, WA (km 661-809)",8/5/2022,8/4/2022,1
3DD.003E215D5A,Mark,WELH - Wells Hatchery,8/4/2022,"COLR7 - Columbia River - Lower Crab Creek to Chelan Falls, WA (km 661-809)",8/5/2022,8/4/2022,1
3DD.003E215D5B,Mark,WELH - Wells Hatchery,8/4/2022,"COLR7 - Columbia River - Lower Crab Creek to Chelan Falls, WA (km 661-809)",8/5/2022,8/4/2022,1
3DD.003E215D5C,Mark,WELH - Wells Hatchery,8/4/2022,"COLR7 - Columbia River - Lower Crab Creek to Chelan Falls, WA (km 661-809)",8/5/2022,8/4/2022,1
3DD.003E215D5D,Mark,WELH - Wells Hatchery,8/4/2022,"COLR7 - Columbia River - Lower Crab Creek to Chelan Falls, WA (km 661-809)",8/5/2022,8/4/2022,1
3DD.003E215D5E,Mark,WELH - Wells Hatchery,8/4/2022,"COLR7 - Columbia River - Lower Crab Creek to Chelan Falls, WA (km 661-809)",8/5/2022,8/4/2022,1
3DD.003E215D5F,Mark,WELH - Wells Hatchery,8/4/2022,"COLR7 - Columbia River - Lower Crab Creek to Chelan Falls, WA (km 661-809)",8/5/2022,8/4/2022,1
3DD.003E215D60,Mark,WELH - Wells Hatchery,8/4/2022,"COLR7 - Columbia River - Lower Crab Creek to Chelan Falls, WA (km 661-809)",8/5/2022,8/4/2022,1
3DD.003E215D61,Mark,WELH - Wells Hatchery,8/4/2022,"COLR7 - Columbia River - Lower Crab Creek to Chelan Falls, WA (km 661-809)",8/5/2022,8/4/2022,1
3DD.003E215D62,Mark,WELH - Wells Hatchery,8/4/2022,"COLR7 - Columbia River - Lower Crab Creek to Chelan Falls, WA (km 661-809)",8/5/2022,8/4/2022,1
3DD.003E215D63,Mark,WELH - Wells Hatchery,8/4/2022,"COLR7 - Columbia River - Lower Crab Creek to Chelan Falls, WA (km 661-809)",8/5/2022,8/4/2022,1
3DD.003E215D64,Mark,WELH - Wells Hatchery,8/4/2022,"COLR7 - Columbia River - Lower Crab Creek to Chelan Falls, WA (km 661-809)",8/5/2022,8/4/2022,1
3DD.003E215D65,Mark,WELH - Wells Hatchery,8/4/2022,"COLR7 - Columbia River - Lower Crab Creek to Chelan Falls, WA (km 661-809)",8/5/2022,8/4/2022,1
3DD.003E215D66,Mark,WELH - Wells Hatchery,8/4/2022,"COLR7 - Columbia River - Lower Crab Creek to Chelan Falls, WA (km 661-809)",8/5/2022,8/4/2022,1
3DD.003E215D67,Mark,WELH - Wells Hatchery,8/4/2022,"COLR7 - Columbia River - Lower Crab Creek to Chelan Falls, WA (km 661-809)",8/5/2022,8/4/2022,1
3DD.003E215D68,Mark,WELH - Wells Hatchery,8/4/2022,"COLR7 - Columbia River - Lower Crab Creek to Chelan Falls, WA (km 661-809)",8/5/2022,8/4/2022,1
3DD.003E215D69,Mark,WELH - Wells Hatchery,8/4/2022,"COLR7 - Columbia River - Lower Crab Creek to Chelan Falls, WA (km 661-809)",8/5/2022,8/4/2022,1
3DD.003E215D6A,Mark,WELH - Wells Hatchery,8/4/2022,"COLR7 - Columbia River - Lower Crab Creek to Chelan Falls, WA (km 661-809)",8/5/2022,8/4/2022,1
3DD.003E215D6B,Mark,WELH - Wells Hatchery,8/4/2022,"COLR7 - Columbia River - Lower Crab Creek to Chelan Falls, WA (km 661-809)",8/5/2022,8/4/2022,1
3DD.003E215D6C,Mark,WELH - Wells Hatchery,8/4/2022,"COLR7 - Columbia River - Lower Crab Creek to Chelan Falls, WA (km 661-809)",8/5/2022,8/4/2022,1
3DD.003E215D6D,Mark,WELH - Wells Hatchery,8/4/2022,"COLR7 - Columbia River - Lower Crab Creek to Chelan Falls, WA (km 661-809)",8/5/2022,8/4/2022,1
3DD.003E215D6E,Mark,WELH - Wells Hatchery,8/4/2022,"COLR7 - Columbia River - Lower Crab Creek to Chelan Falls, WA (km 661-809)",8/5/2022,8/4/2022,1
3DD.003E215D6F,Mark,WELH - Wells Hatchery,8/4/2022,"COLR7 - Columbia River - Lower Crab Creek to Chelan Falls, WA (km 661-809)",8/5/2022,8/4/2022,1
3DD.003E215D70,Mark,WELH - Wells Hatchery,8/4/2022,"COLR7 - Columbia River - Lower Crab Creek to Chelan Falls, WA (km 661-809)",8/5/2022,8/4/2022,1
3DD.003E215D71,Mark,WELH - Wells Hatchery,8/4/2022,"COLR7 - Columbia River - Lower Crab Creek to Chelan Falls, WA (km 661-809)",8/5/2022,8/4/2022,1
3DD.003E215D72,Mark,WELH - Wells Hatchery,8/4/2022,"COLR7 - Columbia River - Lower Crab Creek to Chelan Falls, WA (km 661-809)",8/5/2022,8/4/2022,1
3DD.003E215D73,Mark,WELH - Wells Hatchery,8/4/2022,"COLR7 - Columbia River - Lower Crab Creek to Chelan Falls, WA (km 661-809)",8/5/2022,8/4/2022,1
3DD.003E215D74,Mark,WELH - Wells Hatchery,8/4/2022,"COLR7 - Columbia River - Lower Crab Creek to Chelan Falls, WA (km 661-809)",8/5/2022,8/4/2022,1
3DD.003E215D75,Mark,WELH - Wells Hatchery,8/4/2022,"COLR7 - Columbia River - Lower Crab Creek to Chelan Falls, WA (km 661-809)",8/5/2022,8/4/2022,1
3DD.003E215D76,Mark,WELH - Wells Hatchery,8/4/2022,"COLR7 - Columbia River - Lower Crab Creek to Chelan Falls, WA (km 661-809)",8/5/2022,8/4/2022,1
3DD.003E215D77,Mark,WELH - Wells Hatchery,8/4/2022,"COLR7 - Columbia River - Lower Crab Creek to Chelan Falls, WA (km 661-809)",8/5/2022,8/4/2022,1
3DD.003E215D78,Mark,WELH - Wells Hatchery,8/4/2022,"COLR7 - Columbia River - Lower Crab Creek to Chelan Falls, WA (km 661-809)",8/5/2022,8/4/2022,1
3DD.003E215D79,Mark,WELH - Wells Hatchery,8/4/2022,"COLR7 - Columbia River - Lower Crab Creek to Chelan Falls, WA (km 661-809)",8/5/2022,8/4/2022,1
3DD.003E215D7A,Mark,WELH - Wells Hatchery,8/4/2022,"COLR7 - Columbia River - Lower Crab Creek to Chelan Falls, WA (km 661-809)",8/5/2022,8/4/2022,1
3DD.003E215D7B,Mark,WELH - Wells Hatchery,8/4/2022,"COLR7 - Columbia River - Lower Crab Creek to Chelan Falls, WA (km 661-809)",8/5/2022,8/4/2022,1
3DD.003E215D7C,Mark,WELH - Wells Hatchery,8/4/2022,"COLR7 - Columbia River - Lower Crab Creek to Chelan Falls, WA (km 661-809)",8/5/2022,8/4/2022,1
3DD.003E215D7D,Mark,WELH - Wells Hatchery,8/4/2022,"COLR7 - Columbia River - Lower Crab Creek to Chelan Falls, WA (km 661-809)",8/5/2022,8/4/2022,1
3DD.003E215D7E,Mark,WELH - Wells Hatchery,8/4/2022,"COLR7 - Columbia River - Lower Crab Creek to Chelan Falls, WA (km 661-809)",8/5/2022,8/4/2022,1
3DD.003E215D7F,Mark,WELH - Wells Hatchery,8/4/2022,"COLR7 - Columbia River - Lower Crab Creek to Chelan Falls, WA (km 661-809)",8/5/2022,8/4/2022,1
3DD.003E215D80,Mark,WELH - Wells Hatchery,8/4/2022,"COLR7 - Columbia River - Lower Crab Creek to Chelan Falls, WA (km 661-809)",8/5/2022,8/4/2022,1
3DD.003E215D81,Mark,WELH - Wells Hatchery,8/4/2022,"COLR7 - Columbia River - Lower Crab Creek to Chelan Falls, WA (km 661-809)",8/5/2022,8/4/2022,1
3DD.003E215D82,Mark,WELH - Wells Hatchery,8/4/2022,"COLR7 - Columbia River - Lower Crab Creek to Chelan Falls, WA (km 661-809)",8/5/2022,8/4/2022,1
3DD.003E215D83,Mark,WELH - Wells Hatchery,8/4/2022,"COLR7 - Columbia River - Lower Crab Creek to Chelan Falls, WA (km 661-809)",8/5/2022,8/4/2022,1
3DD.003E215D84,Mark,WELH - Wells Hatchery,8/4/2022,"COLR7 - Columbia River - Lower Crab Creek to Chelan Falls, WA (km 661-809)",8/5/2022,8/4/2022,1
3DD.003E215D85,Mark,WELH - Wells Hatchery,8/4/2022,"COLR7 - Columbia River - Lower Crab Creek to Chelan Falls, WA (km 661-809)",8/5/2022,8/4/2022,1
3DD.003E215D86,Mark,WELH - Wells Hatchery,8/4/2022,"COLR7 - Columbia River - Lower Crab Creek to Chelan Falls, WA (km 661-809)",8/5/2022,8/4/2022,1
3DD.003E215D87,Mark,WELH - Wells Hatchery,8/4/2022,"COLR7 - Columbia River - Lower Crab Creek to Chelan Falls, WA (km 661-809)",8/5/2022,8/4/2022,1
3DD.003E215D89,Mark,WELH - Wells Hatchery,8/4/2022,"COLR7 - Columbia River - Lower Crab Creek to Chelan Falls, WA (km 661-809)",8/5/2022,8/4/2022,1
3DD.003E215D8A,Mark,WELH - Wells Hatchery,8/4/2022,"COLR7 - Columbia River - Lower Crab Creek to Chelan Falls, WA (km 661-809)",8/5/2022,8/4/2022,1
3DD.003E215D8B,Mark,WELH - Wells Hatchery,8/4/2022,"COLR7 - Columbia River - Lower Crab Creek to Chelan Falls, WA (km 661-809)",8/5/2022,8/4/2022,1
3DD.003E215D8C,Mark,WELH - Wells Hatchery,8/4/2022,"COLR7 - Columbia River - Lower Crab Creek to Chelan Falls, WA (km 661-809)",8/5/2022,8/4/2022,1
3DD.003E215D8D,Mark,WELH - Wells Hatchery,8/4/2022,"COLR7 - Columbia River - Lower Crab Creek to Chelan Falls, WA (km 661-809)",8/5/2022,8/4/2022,1
3DD.003E215D8E,Mark,WELH - Wells Hatchery,8/4/2022,"COLR7 - Columbia River - Lower Crab Creek to Chelan Falls, WA (km 661-809)",8/5/2022,8/4/2022,1
3DD.003E215D90,Mark,WELH - Wells Hatchery,8/4/2022,"COLR7 - Columbia River - Lower Crab Creek to Chelan Falls, WA (km 661-809)",8/5/2022,8/4/2022,1
3DD.003E215D91,Mark,WELH - Wells Hatchery,8/4/2022,"COLR7 - Columbia River - Lower Crab Creek to Chelan Falls, WA (km 661-809)",8/5/2022,8/4/2022,1
3DD.003E215D92,Mark,WELH - Wells Hatchery,8/4/2022,"COLR7 - Columbia River - Lower Crab Creek to Chelan Falls, WA (km 661-809)",8/5/2022,8/4/2022,1
3DD.003E215D93,Mark,WELH - Wells Hatchery,8/4/2022,"COLR7 - Columbia River - Lower Crab Creek to Chelan Falls, WA (km 661-809)",8/5/2022,8/4/2022,1
3DD.003E215D94,Mark,WELH - Wells Hatchery,8/4/2022,"COLR7 - Columbia River - Lower Crab Creek to Chelan Falls, WA (km 661-809)",8/5/2022,8/4/2022,1
3DD.003E215D95,Mark,WELH - Wells Hatchery,8/4/2022,"COLR7 - Columbia River - Lower Crab Creek to Chelan Falls, WA (km 661-809)",8/5/2022,8/4/2022,1
3DD.003E215D96,Mark,WELH - Wells Hatchery,8/4/2022,"COLR7 - Columbia River - Lower Crab Creek to Chelan Falls, WA (km 661-809)",8/5/2022,8/4/2022,1
3DD.003E215D97,Mark,WELH - Wells Hatchery,8/4/2022,"COLR7 - Columbia River - Lower Crab Creek to Chelan Falls, WA (km 661-809)",8/5/2022,8/4/2022,1
3DD.003E215D98,Mark,WELH - Wells Hatchery,8/4/2022,"COLR7 - Columbia River - Lower Crab Creek to Chelan Falls, WA (km 661-809)",8/5/2022,8/4/2022,1
3DD.003E215D99,Mark,WELH - Wells Hatchery,8/4/2022,"COLR7 - Columbia River - Lower Crab Creek to Chelan Falls, WA (km 661-809)",8/5/2022,8/4/2022,1
3DD.003E215D9A,Mark,WELH - Wells Hatchery,8/4/2022,"COLR7 - Columbia River - Lower Crab Creek to Chelan Falls, WA (km 661-809)",8/5/2022,8/4/2022,1
3DD.003E215D9B,Mark,WELH - Wells Hatchery,8/4/2022,"COLR7 - Columbia River - Lower Crab Creek to Chelan Falls, WA (km 661-809)",8/5/2022,8/4/2022,1
3DD.003E215D9C,Mark,WELH - Wells Hatchery,8/4/2022,"COLR7 - Columbia River - Lower Crab Creek to Chelan Falls, WA (km 661-809)",8/5/2022,8/4/2022,1
3DD.003E215D9D,Mark,WELH - Wells Hatchery,8/4/2022,"COLR7 - Columbia River - Lower Crab Creek to Chelan Falls, WA (km 661-809)",8/5/2022,8/4/2022,1
3DD.003E215D9E,Mark,WELH - Wells Hatchery,8/4/2022,"COLR7 - Columbia River - Lower Crab Creek to Chelan Falls, WA (km 661-809)",8/5/2022,8/4/2022,1
3DD.003E215D9F,Mark,WELH - Wells Hatchery,8/4/2022,"COLR7 - Columbia River - Lower Crab Creek to Chelan Falls, WA (km 661-809)",8/5/2022,8/4/2022,1
3DD.003E215DA0,Mark,WELH - Wells Hatchery,8/4/2022,"COLR7 - Columbia River - Lower Crab Creek to Chelan Falls, WA (km 661-809)",8/5/2022,8/4/2022,1
3DD.003E215DA1,Mark,WELH - Wells Hatchery,8/4/2022,"COLR7 - Columbia River - Lower Crab Creek to Chelan Falls, WA (km 661-809)",8/5/2022,8/4/2022,1
3DD.003E215DA2,Mark,WELH - Wells Hatchery,8/4/2022,"COLR7 - Columbia River - Lower Crab Creek to Chelan Falls, WA (km 661-809)",8/5/2022,8/4/2022,1
3DD.003E215DA3,Mark,WELH - Wells Hatchery,8/4/2022,"COLR7 - Columbia River - Lower Crab Creek to Chelan Falls, WA (km 661-809)",8/5/2022,8/4/2022,1
3DD.003E215DA4,Mark,WELH - Wells Hatchery,8/4/2022,"COLR7 - Columbia River - Lower Crab Creek to Chelan Falls, WA (km 661-809)",8/5/2022,8/4/2022,1
3DD.003E215DA5,Mark,WELH - Wells Hatchery,8/4/2022,"COLR7 - Columbia River - Lower Crab Creek to Chelan Falls, WA (km 661-809)",8/5/2022,8/4/2022,1
3DD.003E215DA6,Mark,WELH - Wells Hatchery,8/4/2022,"COLR7 - Columbia River - Lower Crab Creek to Chelan Falls, WA (km 661-809)",8/5/2022,8/4/2022,1
3DD.003E215DA7,Mark,WELH - Wells Hatchery,8/4/2022,"COLR7 - Columbia River - Lower Crab Creek to Chelan Falls, WA (km 661-809)",8/5/2022,8/4/2022,1
3DD.003E215DA8,Mark,WELH - Wells Hatchery,8/4/2022,"COLR7 - Columbia River - Lower Crab Creek to Chelan Falls, WA (km 661-809)",8/5/2022,8/4/2022,1
3DD.003E215DA9,Mark,WELH - Wells Hatchery,8/4/2022,"COLR7 - Columbia River - Lower Crab Creek to Chelan Falls, WA (km 661-809)",8/5/2022,8/4/2022,1
3DD.003E215DAA,Mark,WELH - Wells Hatchery,8/18/2022,"COLR7 - Columbia River - Lower Crab Creek to Chelan Falls, WA (km 661-809)",8/19/2022,8/18/2022,1
3DD.003E215DAB,Mark,WELH - Wells Hatchery,8/18/2022,"COLR7 - Columbia River - Lower Crab Creek to Chelan Falls, WA (km 661-809)",8/19/2022,8/18/2022,1
3DD.003E215DAC,Mark,WELH - Wells Hatchery,8/18/2022,"COLR7 - Columbia River - Lower Crab Creek to Chelan Falls, WA (km 661-809)",8/19/2022,8/18/2022,1
3DD.003E215DAD,Mark,WELH - Wells Hatchery,8/18/2022,"COLR7 - Columbia River - Lower Crab Creek to Chelan Falls, WA (km 661-809)",8/19/2022,8/18/2022,1
3DD.003E215DAE,Mark,WELH - Wells Hatchery,8/18/2022,"COLR7 - Columbia River - Lower Crab Creek to Chelan Falls, WA (km 661-809)",8/19/2022,8/18/2022,1
3DD.003E215DAF,Mark,WELH - Wells Hatchery,8/18/2022,"COLR7 - Columbia River - Lower Crab Creek to Chelan Falls, WA (km 661-809)",8/19/2022,8/18/2022,1
3DD.003E215DB0,Mark,WELH - Wells Hatchery,8/18/2022,"COLR7 - Columbia River - Lower Crab Creek to Chelan Falls, WA (km 661-809)",8/19/2022,8/18/2022,1
3DD.003E215DB1,Mark,WELH - Wells Hatchery,8/18/2022,"COLR7 - Columbia River - Lower Crab Creek to Chelan Falls, WA (km 661-809)",8/19/2022,8/18/2022,1
3DD.003E215DB2,Mark,WELH - Wells Hatchery,8/18/2022,"COLR7 - Columbia River - Lower Crab Creek to Chelan Falls, WA (km 661-809)",8/19/2022,8/18/2022,1
3DD.003E215DB3,Mark,WELH - Wells Hatchery,8/18/2022,"COLR7 - Columbia River - Lower Crab Creek to Chelan Falls, WA (km 661-809)",8/19/2022,8/18/2022,1
3DD.003E215DB4,Mark,WELH - Wells Hatchery,8/18/2022,"COLR7 - Columbia River - Lower Crab Creek to Chelan Falls, WA (km 661-809)",8/19/2022,8/18/2022,1
3DD.003E215DB5,Mark,WELH - Wells Hatchery,8/18/2022,"COLR7 - Columbia River - Lower Crab Creek to Chelan Falls, WA (km 661-809)",8/19/2022,8/18/2022,1
3DD.003E215DB6,Mark,WELH - Wells Hatchery,8/18/2022,"COLR7 - Columbia River - Lower Crab Creek to Chelan Falls, WA (km 661-809)",8/19/2022,8/18/2022,1
3DD.003E215DB7,Mark,WELH - Wells Hatchery,8/18/2022,"COLR7 - Columbia River - Lower Crab Creek to Chelan Falls, WA (km 661-809)",8/19/2022,8/18/2022,1
3DD.003E215DB8,Mark,WELH - Wells Hatchery,8/18/2022,"COLR7 - Columbia River - Lower Crab Creek to Chelan Falls, WA (km 661-809)",8/19/2022,8/18/2022,1
3DD.003E215DB9,Mark,WELH - Wells Hatchery,8/18/2022,"COLR7 - Columbia River - Lower Crab Creek to Chelan Falls, WA (km 661-809)",8/19/2022,8/18/2022,1
3DD.003E215DBA,Mark,WELH - Wells Hatchery,8/18/2022,"COLR7 - Columbia River - Lower Crab Creek to Chelan Falls, WA (km 661-809)",8/19/2022,8/18/2022,1
3DD.003E215DBB,Mark,WELH - Wells Hatchery,8/18/2022,"COLR7 - Columbia River - Lower Crab Creek to Chelan Falls, WA (km 661-809)",8/19/2022,8/18/2022,1
3DD.003E215DBC,Mark,WELH - Wells Hatchery,8/18/2022,"COLR7 - Columbia River - Lower Crab Creek to Chelan Falls, WA (km 661-809)",8/19/2022,8/18/2022,1
3DD.003E215DBE,Mark,WELH - Wells Hatchery,8/18/2022,"COLR7 - Columbia River - Lower Crab Creek to Chelan Falls, WA (km 661-809)",8/19/2022,8/18/2022,1
3DD.003E215DBF,Mark,WELH - Wells Hatchery,8/18/2022,"COLR7 - Columbia River - Lower Crab Creek to Chelan Falls, WA (km 661-809)",8/19/2022,8/18/2022,1
3DD.003E215DC0,Mark,WELH - Wells Hatchery,8/18/2022,"COLR7 - Columbia River - Lower Crab Creek to Chelan Falls, WA (km 661-809)",8/19/2022,8/18/2022,1
3DD.003E215DC1,Mark,WELH - Wells Hatchery,8/18/2022,"COLR7 - Columbia River - Lower Crab Creek to Chelan Falls, WA (km 661-809)",8/19/2022,8/18/2022,1
3DD.003E215DC2,Mark,WELH - Wells Hatchery,8/18/2022,"COLR7 - Columbia River - Lower Crab Creek to Chelan Falls, WA (km 661-809)",8/19/2022,8/18/2022,1
3DD.003E215DC4,Mark,WELH - Wells Hatchery,8/18/2022,"COLR7 - Columbia River - Lower Crab Creek to Chelan Falls, WA (km 661-809)",8/19/2022,8/18/2022,1
3DD.003E215DC5,Mark,WELH - Wells Hatchery,8/18/2022,"COLR7 - Columbia River - Lower Crab Creek to Chelan Falls, WA (km 661-809)",8/19/2022,8/18/2022,1
3DD.003E215DC6,Mark,WELH - Wells Hatchery,8/18/2022,"COLR7 - Columbia River - Lower Crab Creek to Chelan Falls, WA (km 661-809)",8/19/2022,8/18/2022,1
3DD.003E215DC7,Mark,WELH - Wells Hatchery,8/18/2022,"COLR7 - Columbia River - Lower Crab Creek to Chelan Falls, WA (km 661-809)",8/19/2022,8/18/2022,1
3DD.003E215DC8,Mark,WELH - Wells Hatchery,8/18/2022,"COLR7 - Columbia River - Lower Crab Creek to Chelan Falls, WA (km 661-809)",8/19/2022,8/18/2022,1
3DD.003E215DC9,Mark,WELH - Wells Hatchery,8/18/2022,"COLR7 - Columbia River - Lower Crab Creek to Chelan Falls, WA (km 661-809)",8/19/2022,8/18/2022,1
3DD.003E215DCA,Mark,WELH - Wells Hatchery,8/18/2022,"COLR7 - Columbia River - Lower Crab Creek to Chelan Falls, WA (km 661-809)",8/19/2022,8/18/2022,1
3DD.003E215DCB,Mark,WELH - Wells Hatchery,8/18/2022,"COLR7 - Columbia River - Lower Crab Creek to Chelan Falls, WA (km 661-809)",8/19/2022,8/18/2022,1
3DD.003E215DCC,Mark,WELH - Wells Hatchery,8/18/2022,"COLR7 - Columbia River - Lower Crab Creek to Chelan Falls, WA (km 661-809)",8/19/2022,8/18/2022,1
3DD.003E215DCD,Mark,WELH - Wells Hatchery,8/18/2022,"COLR7 - Columbia River - Lower Crab Creek to Chelan Falls, WA (km 661-809)",8/19/2022,8/18/2022,1
3DD.003E215DCE,Mark,WELH - Wells Hatchery,8/18/2022,"COLR7 - Columbia River - Lower Crab Creek to Chelan Falls, WA (km 661-809)",8/19/2022,8/18/2022,1
3DD.003E215DCF,Mark,WELH - Wells Hatchery,8/18/2022,"COLR7 - Columbia River - Lower Crab Creek to Chelan Falls, WA (km 661-809)",8/19/2022,8/18/2022,1
3DD.003E215DD0,Mark,WELH - Wells Hatchery,8/18/2022,"COLR7 - Columbia River - Lower Crab Creek to Chelan Falls, WA (km 661-809)",8/19/2022,8/18/2022,1
3DD.003E215DD1,Mark,WELH - Wells Hatchery,8/18/2022,"COLR7 - Columbia River - Lower Crab Creek to Chelan Falls, WA (km 661-809)",8/19/2022,8/18/2022,1
3DD.003E215DD2,Mark,WELH - Wells Hatchery,8/18/2022,"COLR7 - Columbia River - Lower Crab Creek to Chelan Falls, WA (km 661-809)",8/19/2022,8/18/2022,1
3DD.003E215DD3,Mark,WELH - Wells Hatchery,8/18/2022,"COLR7 - Columbia River - Lower Crab Creek to Chelan Falls, WA (km 661-809)",8/19/2022,8/18/2022,1
3DD.003E215DD4,Mark,WELH - Wells Hatchery,8/18/2022,"COLR7 - Columbia River - Lower Crab Creek to Chelan Falls, WA (km 661-809)",8/19/2022,8/18/2022,1
3DD.003E215DD5,Mark,WELH - Wells Hatchery,8/18/2022,"COLR7 - Columbia River - Lower Crab Creek to Chelan Falls, WA (km 661-809)",8/19/2022,8/18/2022,1
3DD.003E215DD6,Mark,WELH - Wells Hatchery,8/18/2022,"COLR7 - Columbia River - Lower Crab Creek to Chelan Falls, WA (km 661-809)",8/19/2022,8/18/2022,1
3DD.003E215DD7,Mark,WELH - Wells Hatchery,8/18/2022,"COLR7 - Columbia River - Lower Crab Creek to Chelan Falls, WA (km 661-809)",8/19/2022,8/18/2022,1
3DD.003E215DD8,Mark,WELH - Wells Hatchery,8/18/2022,"COLR7 - Columbia River - Lower Crab Creek to Chelan Falls, WA (km 661-809)",8/19/2022,8/18/2022,1
3DD.003E215DD9,Mark,WELH - Wells Hatchery,8/18/2022,"COLR7 - Columbia River - Lower Crab Creek to Chelan Falls, WA (km 661-809)",8/19/2022,8/18/2022,1
3DD.003E215DDA,Mark,WELH - Wells Hatchery,8/18/2022,"COLR7 - Columbia River - Lower Crab Creek to Chelan Falls, WA (km 661-809)",8/19/2022,8/18/2022,1
3DD.003E215DDB,Mark,WELH - Wells Hatchery,8/18/2022,"COLR7 - Columbia River - Lower Crab Creek to Chelan Falls, WA (km 661-809)",8/19/2022,8/18/2022,1
3DD.003E215DDC,Mark,WELH - Wells Hatchery,8/18/2022,"COLR7 - Columbia River - Lower Crab Creek to Chelan Falls, WA (km 661-809)",8/19/2022,8/18/2022,1
3DD.003E215DDD,Mark,WELH - Wells Hatchery,8/18/2022,"COLR7 - Columbia River - Lower Crab Creek to Chelan Falls, WA (km 661-809)",8/19/2022,8/18/2022,1
3DD.003E215DDE,Mark,WELH - Wells Hatchery,8/18/2022,"COLR7 - Columbia River - Lower Crab Creek to Chelan Falls, WA (km 661-809)",8/19/2022,8/18/2022,1
3DD.003E215DDF,Mark,WELH - Wells Hatchery,8/18/2022,"COLR7 - Columbia River - Lower Crab Creek to Chelan Falls, WA (km 661-809)",8/19/2022,8/18/2022,1
3DD.003E215DE0,Mark,WELH - Wells Hatchery,8/18/2022,"COLR7 - Columbia River - Lower Crab Creek to Chelan Falls, WA (km 661-809)",8/19/2022,8/18/2022,1
3DD.003E215DE1,Mark,WELH - Wells Hatchery,8/18/2022,"COLR7 - Columbia River - Lower Crab Creek to Chelan Falls, WA (km 661-809)",8/19/2022,8/18/2022,1
3DD.003E215DE2,Mark,WELH - Wells Hatchery,8/18/2022,"COLR7 - Columbia River - Lower Crab Creek to Chelan Falls, WA (km 661-809)",8/19/2022,8/18/2022,1
3DD.003E215DE3,Mark,WELH - Wells Hatchery,8/18/2022,"COLR7 - Columbia River - Lower Crab Creek to Chelan Falls, WA (km 661-809)",8/19/2022,8/18/2022,1
3DD.003E215DE4,Mark,WELH - Wells Hatchery,8/18/2022,"COLR7 - Columbia River - Lower Crab Creek to Chelan Falls, WA (km 661-809)",8/19/2022,8/18/2022,1
3DD.003E215DE5,Mark,WELH - Wells Hatchery,8/18/2022,"COLR7 - Columbia River - Lower Crab Creek to Chelan Falls, WA (km 661-809)",8/19/2022,8/18/2022,1
3DD.003E215DE6,Mark,WELH - Wells Hatchery,8/18/2022,"COLR7 - Columbia River - Lower Crab Creek to Chelan Falls, WA (km 661-809)",8/19/2022,8/18/2022,1
3DD.003E215DE7,Mark,WELH - Wells Hatchery,8/18/2022,"COLR7 - Columbia River - Lower Crab Creek to Chelan Falls, WA (km 661-809)",8/19/2022,8/18/2022,1
3DD.003E215DE8,Mark,WELH - Wells Hatchery,8/18/2022,"COLR7 - Columbia River - Lower Crab Creek to Chelan Falls, WA (km 661-809)",8/19/2022,8/18/2022,1
3DD.003E215DE9,Mark,WELH - Wells Hatchery,8/18/2022,"COLR7 - Columbia River - Lower Crab Creek to Chelan Falls, WA (km 661-809)",8/19/2022,8/18/2022,1
3DD.003E215DEA,Mark,WELH - Wells Hatchery,8/18/2022,"COLR7 - Columbia River - Lower Crab Creek to Chelan Falls, WA (km 661-809)",8/19/2022,8/18/2022,1
3DD.003E215DEB,Mark,WELH - Wells Hatchery,8/18/2022,"COLR7 - Columbia River - Lower Crab Creek to Chelan Falls, WA (km 661-809)",8/19/2022,8/18/2022,1
3DD.003E215DEC,Mark,WELH - Wells Hatchery,8/18/2022,"COLR7 - Columbia River - Lower Crab Creek to Chelan Falls, WA (km 661-809)",8/19/2022,8/18/2022,1
3DD.003E215DED,Mark,WELH - Wells Hatchery,8/18/2022,"COLR7 - Columbia River - Lower Crab Creek to Chelan Falls, WA (km 661-809)",8/19/2022,8/18/2022,1
3DD.003E215DEE,Mark,WELH - Wells Hatchery,8/18/2022,"COLR7 - Columbia River - Lower Crab Creek to Chelan Falls, WA (km 661-809)",8/19/2022,8/18/2022,1
3DD.003E215DEF,Mark,WELH - Wells Hatchery,8/18/2022,"COLR7 - Columbia River - Lower Crab Creek to Chelan Falls, WA (km 661-809)",8/19/2022,8/18/2022,1
3DD.003E215DF0,Mark,WELH - Wells Hatchery,8/18/2022,"COLR7 - Columbia River - Lower Crab Creek to Chelan Falls, WA (km 661-809)",8/19/2022,8/18/2022,1
3DD.003E215DF1,Mark,WELH - Wells Hatchery,8/18/2022,"COLR7 - Columbia River - Lower Crab Creek to Chelan Falls, WA (km 661-809)",8/19/2022,8/18/2022,1
3DD.003E215DF3,Mark,WELH - Wells Hatchery,8/18/2022,"COLR7 - Columbia River - Lower Crab Creek to Chelan Falls, WA (km 661-809)",8/19/2022,8/18/2022,1
3DD.003E215DF4,Mark,WELH - Wells Hatchery,8/18/2022,"COLR7 - Columbia River - Lower Crab Creek to Chelan Falls, WA (km 661-809)",8/19/2022,8/18/2022,1
3DD.003E215DF5,Mark,WELH - Wells Hatchery,8/18/2022,"COLR7 - Columbia River - Lower Crab Creek to Chelan Falls, WA (km 661-809)",8/19/2022,8/18/2022,1
3DD.003E215DF6,Mark,WELH - Wells Hatchery,8/18/2022,"COLR7 - Columbia River - Lower Crab Creek to Chelan Falls, WA (km 661-809)",8/19/2022,8/18/2022,1
3DD.003E215DF7,Mark,WELH - Wells Hatchery,8/18/2022,"COLR7 - Columbia River - Lower Crab Creek to Chelan Falls, WA (km 661-809)",8/19/2022,8/18/2022,1
3DD.003E215DF8,Mark,WELH - Wells Hatchery,8/18/2022,"COLR7 - Columbia River - Lower Crab Creek to Chelan Falls, WA (km 661-809)",8/19/2022,8/18/2022,1
3DD.003E215DF9,Mark,WELH - Wells Hatchery,8/18/2022,"COLR7 - Columbia River - Lower Crab Creek to Chelan Falls, WA (km 661-809)",8/19/2022,8/18/2022,1
3DD.003E215DFA,Mark,WELH - Wells Hatchery,8/18/2022,"COLR7 - Columbia River - Lower Crab Creek to Chelan Falls, WA (km 661-809)",8/19/2022,8/18/2022,1
3DD.003E215DFB,Mark,WELH - Wells Hatchery,8/18/2022,"COLR7 - Columbia River - Lower Crab Creek to Chelan Falls, WA (km 661-809)",8/19/2022,8/18/2022,1
3DD.003E215DFC,Mark,WELH - Wells Hatchery,8/18/2022,"COLR7 - Columbia River - Lower Crab Creek to Chelan Falls, WA (km 661-809)",8/19/2022,8/18/2022,1
3DD.003E215DFD,Mark,WELH - Wells Hatchery,8/18/2022,"COLR7 - Columbia River - Lower Crab Creek to Chelan Falls, WA (km 661-809)",8/19/2022,8/18/2022,1
3DD.003E215DFE,Mark,WELH - Wells Hatchery,8/18/2022,"COLR7 - Columbia River - Lower Crab Creek to Chelan Falls, WA (km 661-809)",8/19/2022,8/18/2022,1
3DD.003E215DFF,Mark,WELH - Wells Hatchery,8/18/2022,"COLR7 - Columbia River - Lower Crab Creek to Chelan Falls, WA (km 661-809)",8/19/2022,8/18/2022,1
3DD.003E215E00,Mark,WELH - Wells Hatchery,8/18/2022,"COLR7 - Columbia River - Lower Crab Creek to Chelan Falls, WA (km 661-809)",8/19/2022,8/18/2022,1
3DD.003E215E01,Mark,WELH - Wells Hatchery,8/18/2022,"COLR7 - Columbia River - Lower Crab Creek to Chelan Falls, WA (km 661-809)",8/19/2022,8/18/2022,1
3DD.003E215E02,Mark,WELH - Wells Hatchery,8/18/2022,"COLR7 - Columbia River - Lower Crab Creek to Chelan Falls, WA (km 661-809)",8/19/2022,8/18/2022,1
3DD.003E215E03,Mark,WELH - Wells Hatchery,8/18/2022,"COLR7 - Columbia River - Lower Crab Creek to Chelan Falls, WA (km 661-809)",8/19/2022,8/18/2022,1
3DD.003E215E04,Mark,WELH - Wells Hatchery,8/18/2022,"COLR7 - Columbia River - Lower Crab Creek to Chelan Falls, WA (km 661-809)",8/19/2022,8/18/2022,1
3DD.003E215E05,Mark,WELH - Wells Hatchery,8/18/2022,"COLR7 - Columbia River - Lower Crab Creek to Chelan Falls, WA (km 661-809)",8/19/2022,8/18/2022,1
3DD.003E215E06,Mark,WELH - Wells Hatchery,8/18/2022,"COLR7 - Columbia River - Lower Crab Creek to Chelan Falls, WA (km 661-809)",8/19/2022,8/18/2022,1
3DD.003E215E07,Mark,WELH - Wells Hatchery,8/18/2022,"COLR7 - Columbia River - Lower Crab Creek to Chelan Falls, WA (km 661-809)",8/19/2022,8/18/2022,1
3DD.003E215E08,Mark,WELH - Wells Hatchery,8/18/2022,"COLR7 - Columbia River - Lower Crab Creek to Chelan Falls, WA (km 661-809)",8/19/2022,8/18/2022,1
3DD.003E215E09,Mark,WELH - Wells Hatchery,8/18/2022,"COLR7 - Columbia River - Lower Crab Creek to Chelan Falls, WA (km 661-809)",8/19/2022,8/18/2022,1
3DD.003E215E0A,Mark,WELH - Wells Hatchery,8/18/2022,"COLR7 - Columbia River - Lower Crab Creek to Chelan Falls, WA (km 661-809)",8/19/2022,8/18/2022,1
3DD.003E215E0B,Mark,WELH - Wells Hatchery,8/18/2022,"COLR7 - Columbia River - Lower Crab Creek to Chelan Falls, WA (km 661-809)",8/19/2022,8/18/2022,1
3DD.003E215E0C,Mark,WELH - Wells Hatchery,8/18/2022,"COLR7 - Columbia River - Lower Crab Creek to Chelan Falls, WA (km 661-809)",8/19/2022,8/18/2022,1
3DD.003E215E0D,Mark,WELH - Wells Hatchery,8/18/2022,"COLR7 - Columbia River - Lower Crab Creek to Chelan Falls, WA (km 661-809)",8/19/2022,8/18/2022,1
3DD.003E215E72,Mark,WELH - Wells Hatchery,8/11/2022,"COLR7 - Columbia River - Lower Crab Creek to Chelan Falls, WA (km 661-809)",8/12/2022,8/11/2022,1
3DD.003E215E73,Mark,WELH - Wells Hatchery,8/11/2022,"COLR7 - Columbia River - Lower Crab Creek to Chelan Falls, WA (km 661-809)",8/12/2022,8/11/2022,1
3DD.003E215E74,Mark,WELH - Wells Hatchery,8/18/2022,"COLR7 - Columbia River - Lower Crab Creek to Chelan Falls, WA (km 661-809)",8/19/2022,8/18/2022,1
3DD.003E215E75,Mark,WELH - Wells Hatchery,8/11/2022,"COLR7 - Columbia River - Lower Crab Creek to Chelan Falls, WA (km 661-809)",8/12/2022,8/11/2022,1
3DD.003E215E76,Mark,WELH - Wells Hatchery,8/11/2022,"COLR7 - Columbia River - Lower Crab Creek to Chelan Falls, WA (km 661-809)",8/12/2022,8/11/2022,1
3DD.003E215E77,Mark,WELH - Wells Hatchery,8/11/2022,"COLR7 - Columbia River - Lower Crab Creek to Chelan Falls, WA (km 661-809)",8/12/2022,8/11/2022,1
3DD.003E215E78,Mark,WELH - Wells Hatchery,8/11/2022,"COLR7 - Columbia River - Lower Crab Creek to Chelan Falls, WA (km 661-809)",8/12/2022,8/11/2022,1
3DD.003E215E79,Mark,WELH - Wells Hatchery,8/11/2022,"COLR7 - Columbia River - Lower Crab Creek to Chelan Falls, WA (km 661-809)",8/12/2022,8/11/2022,1
3DD.003E215E7A,Mark,WELH - Wells Hatchery,8/11/2022,"COLR7 - Columbia River - Lower Crab Creek to Chelan Falls, WA (km 661-809)",8/12/2022,8/11/2022,1
3DD.003E215E7B,Mark,WELH - Wells Hatchery,8/11/2022,"COLR7 - Columbia River - Lower Crab Creek to Chelan Falls, WA (km 661-809)",8/12/2022,8/11/2022,1
3DD.003E215E7C,Mark,WELH - Wells Hatchery,8/18/2022,"COLR7 - Columbia River - Lower Crab Creek to Chelan Falls, WA (km 661-809)",8/19/2022,8/18/2022,1
3DD.003E215E7D,Mark,WELH - Wells Hatchery,8/11/2022,"COLR7 - Columbia River - Lower Crab Creek to Chelan Falls, WA (km 661-809)",8/12/2022,8/11/2022,1
3DD.003E215E7E,Mark,WELH - Wells Hatchery,8/11/2022,"COLR7 - Columbia River - Lower Crab Creek to Chelan Falls, WA (km 661-809)",8/12/2022,8/11/2022,1
3DD.003E215E7F,Mark,WELH - Wells Hatchery,8/11/2022,"COLR7 - Columbia River - Lower Crab Creek to Chelan Falls, WA (km 661-809)",8/12/2022,8/11/2022,1
3DD.003E215E80,Mark,WELH - Wells Hatchery,8/11/2022,"COLR7 - Columbia River - Lower Crab Creek to Chelan Falls, WA (km 661-809)",8/12/2022,8/11/2022,1
3DD.003E215E81,Mark,WELH - Wells Hatchery,8/11/2022,"COLR7 - Columbia River - Lower Crab Creek to Chelan Falls, WA (km 661-809)",8/12/2022,8/11/2022,1
3DD.003E215E82,Mark,WELH - Wells Hatchery,8/18/2022,"COLR7 - Columbia River - Lower Crab Creek to Chelan Falls, WA (km 661-809)",8/19/2022,8/18/2022,1
3DD.003E215E83,Mark,WELH - Wells Hatchery,8/11/2022,"COLR7 - Columbia River - Lower Crab Creek to Chelan Falls, WA (km 661-809)",8/12/2022,8/11/2022,1
3DD.003E215E84,Mark,WELH - Wells Hatchery,8/11/2022,"COLR7 - Columbia River - Lower Crab Creek to Chelan Falls, WA (km 661-809)",8/12/2022,8/11/2022,1
3DD.003E215E85,Mark,WELH - Wells Hatchery,8/11/2022,"COLR7 - Columbia River - Lower Crab Creek to Chelan Falls, WA (km 661-809)",8/12/2022,8/11/2022,1
3DD.003E215E86,Mark,WELH - Wells Hatchery,8/11/2022,"COLR7 - Columbia River - Lower Crab Creek to Chelan Falls, WA (km 661-809)",8/12/2022,8/11/2022,1
3DD.003E215E87,Mark,WELH - Wells Hatchery,8/18/2022,"COLR7 - Columbia River - Lower Crab Creek to Chelan Falls, WA (km 661-809)",8/19/2022,8/18/2022,1
3DD.003E215E88,Mark,WELH - Wells Hatchery,8/11/2022,"COLR7 - Columbia River - Lower Crab Creek to Chelan Falls, WA (km 661-809)",8/12/2022,8/11/2022,1
3DD.003E215E89,Mark,WELH - Wells Hatchery,8/11/2022,"COLR7 - Columbia River - Lower Crab Creek to Chelan Falls, WA (km 661-809)",8/12/2022,8/11/2022,1
3DD.003E215E8A,Mark,WELH - Wells Hatchery,8/11/2022,"COLR7 - Columbia River - Lower Crab Creek to Chelan Falls, WA (km 661-809)",8/12/2022,8/11/2022,1
3DD.003E215E8B,Mark,WELH - Wells Hatchery,8/11/2022,"COLR7 - Columbia River - Lower Crab Creek to Chelan Falls, WA (km 661-809)",8/12/2022,8/11/2022,1
3DD.003E215E8C,Mark,WELH - Wells Hatchery,8/11/2022,"COLR7 - Columbia River - Lower Crab Creek to Chelan Falls, WA (km 661-809)",8/12/2022,8/11/2022,1
3DD.003E215E8D,Mark,WELH - Wells Hatchery,8/11/2022,"COLR7 - Columbia River - Lower Crab Creek to Chelan Falls, WA (km 661-809)",8/12/2022,8/11/2022,1
3DD.003E215E8E,Mark,WELH - Wells Hatchery,8/18/2022,"COLR7 - Columbia River - Lower Crab Creek to Chelan Falls, WA (km 661-809)",8/19/2022,8/18/2022,1
3DD.003E215E8F,Mark,WELH - Wells Hatchery,8/11/2022,"COLR7 - Columbia River - Lower Crab Creek to Chelan Falls, WA (km 661-809)",8/12/2022,8/11/2022,1
3DD.003E215E90,Mark,WELH - Wells Hatchery,8/11/2022,"COLR7 - Columbia River - Lower Crab Creek to Chelan Falls, WA (km 661-809)",8/12/2022,8/11/2022,1
3DD.003E215E91,Mark,WELH - Wells Hatchery,8/11/2022,"COLR7 - Columbia River - Lower Crab Creek to Chelan Falls, WA (km 661-809)",8/12/2022,8/11/2022,1
3DD.003E215E92,Mark,WELH - Wells Hatchery,8/11/2022,"COLR7 - Columbia River - Lower Crab Creek to Chelan Falls, WA (km 661-809)",8/12/2022,8/11/2022,1
3DD.003E215E93,Mark,WELH - Wells Hatchery,8/18/2022,"COLR7 - Columbia River - Lower Crab Creek to Chelan Falls, WA (km 661-809)",8/19/2022,8/18/2022,1
3DD.003E215E94,Mark,WELH - Wells Hatchery,8/11/2022,"COLR7 - Columbia River - Lower Crab Creek to Chelan Falls, WA (km 661-809)",8/12/2022,8/11/2022,1
3DD.003E215E95,Mark,WELH - Wells Hatchery,8/11/2022,"COLR7 - Columbia River - Lower Crab Creek to Chelan Falls, WA (km 661-809)",8/12/2022,8/11/2022,1
3DD.003E215E96,Mark,WELH - Wells Hatchery,8/11/2022,"COLR7 - Columbia River - Lower Crab Creek to Chelan Falls, WA (km 661-809)",8/12/2022,8/11/2022,1
3DD.003E215E97,Mark,WELH - Wells Hatchery,8/11/2022,"COLR7 - Columbia River - Lower Crab Creek to Chelan Falls, WA (km 661-809)",8/12/2022,8/11/2022,1
3DD.003E215E98,Mark,WELH - Wells Hatchery,8/11/2022,"COLR7 - Columbia River - Lower Crab Creek to Chelan Falls, WA (km 661-809)",8/12/2022,8/11/2022,1
3DD.003E215E99,Mark,WELH - Wells Hatchery,8/18/2022,"COLR7 - Columbia River - Lower Crab Creek to Chelan Falls, WA (km 661-809)",8/19/2022,8/18/2022,1
3DD.003E215E9A,Mark,WELH - Wells Hatchery,8/11/2022,"COLR7 - Columbia River - Lower Crab Creek to Chelan Falls, WA (km 661-809)",8/12/2022,8/11/2022,1
3DD.003E215E9B,Mark,WELH - Wells Hatchery,8/18/2022,"COLR7 - Columbia River - Lower Crab Creek to Chelan Falls, WA (km 661-809)",8/19/2022,8/18/2022,1
3DD.003E215E9C,Mark,WELH - Wells Hatchery,8/11/2022,"COLR7 - Columbia River - Lower Crab Creek to Chelan Falls, WA (km 661-809)",8/12/2022,8/11/2022,1
3DD.003E215E9D,Mark,WELH - Wells Hatchery,8/11/2022,"COLR7 - Columbia River - Lower Crab Creek to Chelan Falls, WA (km 661-809)",8/12/2022,8/11/2022,1
3DD.003E215E9E,Mark,WELH - Wells Hatchery,8/11/2022,"COLR7 - Columbia River - Lower Crab Creek to Chelan Falls, WA (km 661-809)",8/12/2022,8/11/2022,1
3DD.003E215E9F,Mark,WELH - Wells Hatchery,8/11/2022,"COLR7 - Columbia River - Lower Crab Creek to Chelan Falls, WA (km 661-809)",8/12/2022,8/11/2022,1
3DD.003E215EA0,Mark,WELH - Wells Hatchery,8/18/2022,"COLR7 - Columbia River - Lower Crab Creek to Chelan Falls, WA (km 661-809)",8/19/2022,8/18/2022,1
3DD.003E215EA1,Mark,WELH - Wells Hatchery,8/11/2022,"COLR7 - Columbia River - Lower Crab Creek to Chelan Falls, WA (km 661-809)",8/12/2022,8/11/2022,1
3DD.003E215EA2,Mark,WELH - Wells Hatchery,8/11/2022,"COLR7 - Columbia River - Lower Crab Creek to Chelan Falls, WA (km 661-809)",8/12/2022,8/11/2022,1
3DD.003E215EA3,Mark,WELH - Wells Hatchery,8/11/2022,"COLR7 - Columbia River - Lower Crab Creek to Chelan Falls, WA (km 661-809)",8/12/2022,8/11/2022,1
3DD.003E215EA4,Mark,WELH - Wells Hatchery,8/11/2022,"COLR7 - Columbia River - Lower Crab Creek to Chelan Falls, WA (km 661-809)",8/12/2022,8/11/2022,1
3DD.003E215EA5,Mark,WELH - Wells Hatchery,8/11/2022,"COLR7 - Columbia River - Lower Crab Creek to Chelan Falls, WA (km 661-809)",8/12/2022,8/11/2022,1
3DD.003E215EA6,Mark,WELH - Wells Hatchery,8/11/2022,"COLR7 - Columbia River - Lower Crab Creek to Chelan Falls, WA (km 661-809)",8/12/2022,8/11/2022,1
3DD.003E215EA7,Mark,WELH - Wells Hatchery,8/11/2022,"COLR7 - Columbia River - Lower Crab Creek to Chelan Falls, WA (km 661-809)",8/12/2022,8/11/2022,1
3DD.003E215EA8,Mark,WELH - Wells Hatchery,8/11/2022,"COLR7 - Columbia River - Lower Crab Creek to Chelan Falls, WA (km 661-809)",8/12/2022,8/11/2022,1
3DD.003E215EA9,Mark,WELH - Wells Hatchery,8/11/2022,"COLR7 - Columbia River - Lower Crab Creek to Chelan Falls, WA (km 661-809)",8/12/2022,8/11/2022,1
3DD.003E215EAA,Mark,WELH - Wells Hatchery,8/11/2022,"COLR7 - Columbia River - Lower Crab Creek to Chelan Falls, WA (km 661-809)",8/12/2022,8/11/2022,1
3DD.003E215EAB,Mark,WELH - Wells Hatchery,8/11/2022,"COLR7 - Columbia River - Lower Crab Creek to Chelan Falls, WA (km 661-809)",8/12/2022,8/11/2022,1
3DD.003E215EAC,Mark,WELH - Wells Hatchery,8/11/2022,"COLR7 - Columbia River - Lower Crab Creek to Chelan Falls, WA (km 661-809)",8/12/2022,8/11/2022,1
3DD.003E215EAD,Mark,WELH - Wells Hatchery,8/18/2022,"COLR7 - Columbia River - Lower Crab Creek to Chelan Falls, WA (km 661-809)",8/19/2022,8/18/2022,1
3DD.003E215EAE,Mark,WELH - Wells Hatchery,8/11/2022,"COLR7 - Columbia River - Lower Crab Creek to Chelan Falls, WA (km 661-809)",8/12/2022,8/11/2022,1
3DD.003E215EAF,Mark,WELH - Wells Hatchery,8/11/2022,"COLR7 - Columbia River - Lower Crab Creek to Chelan Falls, WA (km 661-809)",8/12/2022,8/11/2022,1
3DD.003E215EB0,Mark,WELH - Wells Hatchery,8/11/2022,"COLR7 - Columbia River - Lower Crab Creek to Chelan Falls, WA (km 661-809)",8/12/2022,8/11/2022,1
3DD.003E215EB1,Mark,WELH - Wells Hatchery,8/18/2022,"COLR7 - Columbia River - Lower Crab Creek to Chelan Falls, WA (km 661-809)",8/19/2022,8/18/2022,1
3DD.003E215EB2,Mark,WELH - Wells Hatchery,8/11/2022,"COLR7 - Columbia River - Lower Crab Creek to Chelan Falls, WA (km 661-809)",8/12/2022,8/11/2022,1
3DD.003E215EB3,Mark,WELH - Wells Hatchery,8/11/2022,"COLR7 - Columbia River - Lower Crab Creek to Chelan Falls, WA (km 661-809)",8/12/2022,8/11/2022,1
3DD.003E215EB4,Mark,WELH - Wells Hatchery,8/11/2022,"COLR7 - Columbia River - Lower Crab Creek to Chelan Falls, WA (km 661-809)",8/12/2022,8/11/2022,1
3DD.003E215EB5,Mark,WELH - Wells Hatchery,8/11/2022,"COLR7 - Columbia River - Lower Crab Creek to Chelan Falls, WA (km 661-809)",8/12/2022,8/11/2022,1
3DD.003E215EB6,Mark,WELH - Wells Hatchery,8/11/2022,"COLR7 - Columbia River - Lower Crab Creek to Chelan Falls, WA (km 661-809)",8/12/2022,8/11/2022,1
3DD.003E215EB7,Mark,WELH - Wells Hatchery,8/11/2022,"COLR7 - Columbia River - Lower Crab Creek to Chelan Falls, WA (km 661-809)",8/12/2022,8/11/2022,1
3DD.003E215EB8,Mark,WELH - Wells Hatchery,8/11/2022,"COLR7 - Columbia River - Lower Crab Creek to Chelan Falls, WA (km 661-809)",8/12/2022,8/11/2022,1
3DD.003E215EB9,Mark,WELH - Wells Hatchery,8/11/2022,"COLR7 - Columbia River - Lower Crab Creek to Chelan Falls, WA (km 661-809)",8/12/2022,8/11/2022,1
3DD.003E215EBA,Mark,WELH - Wells Hatchery,8/11/2022,"COLR7 - Columbia River - Lower Crab Creek to Chelan Falls, WA (km 661-809)",8/12/2022,8/11/2022,1
3DD.003E215EBB,Mark,WELH - Wells Hatchery,8/11/2022,"COLR7 - Columbia River - Lower Crab Creek to Chelan Falls, WA (km 661-809)",8/12/2022,8/11/2022,1
3DD.003E215EBC,Mark,WELH - Wells Hatchery,8/11/2022,"COLR7 - Columbia River - Lower Crab Creek to Chelan Falls, WA (km 661-809)",8/12/2022,8/11/2022,1
3DD.003E215EBD,Mark,WELH - Wells Hatchery,8/11/2022,"COLR7 - Columbia River - Lower Crab Creek to Chelan Falls, WA (km 661-809)",8/12/2022,8/11/2022,1
3DD.003E215EBE,Mark,WELH - Wells Hatchery,8/18/2022,"COLR7 - Columbia River - Lower Crab Creek to Chelan Falls, WA (km 661-809)",8/19/2022,8/18/2022,1
3DD.003E215EBF,Mark,WELH - Wells Hatchery,8/11/2022,"COLR7 - Columbia River - Lower Crab Creek to Chelan Falls, WA (km 661-809)",8/12/2022,8/11/2022,1
3DD.003E215EC0,Mark,WELH - Wells Hatchery,8/11/2022,"COLR7 - Columbia River - Lower Crab Creek to Chelan Falls, WA (km 661-809)",8/12/2022,8/11/2022,1
3DD.003E215EC1,Mark,WELH - Wells Hatchery,8/18/2022,"COLR7 - Columbia River - Lower Crab Creek to Chelan Falls, WA (km 661-809)",8/19/2022,8/18/2022,1
3DD.003E215EC2,Mark,WELH - Wells Hatchery,8/18/2022,"COLR7 - Columbia River - Lower Crab Creek to Chelan Falls, WA (km 661-809)",8/19/2022,8/18/2022,1
3DD.003E215EC3,Mark,WELH - Wells Hatchery,8/11/2022,"COLR7 - Columbia River - Lower Crab Creek to Chelan Falls, WA (km 661-809)",8/12/2022,8/11/2022,1
3DD.003E215EC4,Mark,WELH - Wells Hatchery,8/11/2022,"COLR7 - Columbia River - Lower Crab Creek to Chelan Falls, WA (km 661-809)",8/12/2022,8/11/2022,1
3DD.003E215EC5,Mark,WELH - Wells Hatchery,8/11/2022,"COLR7 - Columbia River - Lower Crab Creek to Chelan Falls, WA (km 661-809)",8/12/2022,8/11/2022,1
3DD.003E215EC6,Mark,WELH - Wells Hatchery,8/11/2022,"COLR7 - Columbia River - Lower Crab Creek to Chelan Falls, WA (km 661-809)",8/12/2022,8/11/2022,1
3DD.003E215EC7,Mark,WELH - Wells Hatchery,8/11/2022,"COLR7 - Columbia River - Lower Crab Creek to Chelan Falls, WA (km 661-809)",8/12/2022,8/11/2022,1
3DD.003E215EC8,Mark,WELH - Wells Hatchery,8/11/2022,"COLR7 - Columbia River - Lower Crab Creek to Chelan Falls, WA (km 661-809)",8/12/2022,8/11/2022,1
3DD.003E215EC9,Mark,WELH - Wells Hatchery,8/11/2022,"COLR7 - Columbia River - Lower Crab Creek to Chelan Falls, WA (km 661-809)",8/12/2022,8/11/2022,1
3DD.003E215ECA,Mark,WELH - Wells Hatchery,8/11/2022,"COLR7 - Columbia River - Lower Crab Creek to Chelan Falls, WA (km 661-809)",8/12/2022,8/11/2022,1
3DD.003E215ECB,Mark,WELH - Wells Hatchery,8/11/2022,"COLR7 - Columbia River - Lower Crab Creek to Chelan Falls, WA (km 661-809)",8/12/2022,8/11/2022,1
3DD.003E215ECC,Mark,WELH - Wells Hatchery,8/11/2022,"COLR7 - Columbia River - Lower Crab Creek to Chelan Falls, WA (km 661-809)",8/12/2022,8/11/2022,1
3DD.003E215ECD,Mark,WELH - Wells Hatchery,8/11/2022,"COLR7 - Columbia River - Lower Crab Creek to Chelan Falls, WA (km 661-809)",8/12/2022,8/11/2022,1
3DD.003E215ECE,Mark,WELH - Wells Hatchery,8/11/2022,"COLR7 - Columbia River - Lower Crab Creek to Chelan Falls, WA (km 661-809)",8/12/2022,8/11/2022,1
3DD.003E215ECF,Mark,WELH - Wells Hatchery,8/11/2022,"COLR7 - Columbia River - Lower Crab Creek to Chelan Falls, WA (km 661-809)",8/12/2022,8/11/2022,1
3DD.003E215ED0,Mark,WELH - Wells Hatchery,8/11/2022,"COLR7 - Columbia River - Lower Crab Creek to Chelan Falls, WA (km 661-809)",8/12/2022,8/11/2022,1
3DD.003E215ED1,Mark,WELH - Wells Hatchery,8/11/2022,"COLR7 - Columbia River - Lower Crab Creek to Chelan Falls, WA (km 661-809)",8/12/2022,8/11/2022,1
3DD.003E215ED2,Mark,WELH - Wells Hatchery,8/11/2022,"COLR7 - Columbia River - Lower Crab Creek to Chelan Falls, WA (km 661-809)",8/12/2022,8/11/2022,1
3DD.003E215ED3,Mark,WELH - Wells Hatchery,8/11/2022,"COLR7 - Columbia River - Lower Crab Creek to Chelan Falls, WA (km 661-809)",8/12/2022,8/11/2022,1
3DD.003E215ED4,Mark,WELH - Wells Hatchery,8/11/2022,"COLR7 - Columbia River - Lower Crab Creek to Chelan Falls, WA (km 661-809)",8/12/2022,8/11/2022,1
3DD.003E215F9E,Mark,WELH - Wells Hatchery,8/11/2022,"COLR7 - Columbia River - Lower Crab Creek to Chelan Falls, WA (km 661-809)",8/12/2022,8/11/2022,1
3DD.003E215F9F,Mark,WELH - Wells Hatchery,8/11/2022,"COLR7 - Columbia River - Lower Crab Creek to Chelan Falls, WA (km 661-809)",8/12/2022,8/11/2022,1
3DD.003E215FA0,Mark,WELH - Wells Hatchery,8/11/2022,"COLR7 - Columbia River - Lower Crab Creek to Chelan Falls, WA (km 661-809)",8/12/2022,8/11/2022,1
3DD.003E215FA1,Mark,WELH - Wells Hatchery,8/4/2022,"COLR7 - Columbia River - Lower Crab Creek to Chelan Falls, WA (km 661-809)",8/5/2022,8/4/2022,1
3DD.003E215FA2,Mark,WELH - Wells Hatchery,8/4/2022,"COLR7 - Columbia River - Lower Crab Creek to Chelan Falls, WA (km 661-809)",8/5/2022,8/4/2022,1
3DD.003E215FA3,Mark,WELH - Wells Hatchery,8/11/2022,"COLR7 - Columbia River - Lower Crab Creek to Chelan Falls, WA (km 661-809)",8/12/2022,8/11/2022,1
3DD.003E215FA4,Mark,WELH - Wells Hatchery,8/11/2022,"COLR7 - Columbia River - Lower Crab Creek to Chelan Falls, WA (km 661-809)",8/12/2022,8/11/2022,1
3DD.003E215FA5,Mark,WELH - Wells Hatchery,8/4/2022,"COLR7 - Columbia River - Lower Crab Creek to Chelan Falls, WA (km 661-809)",8/5/2022,8/4/2022,1
3DD.003E215FA6,Mark,WELH - Wells Hatchery,8/11/2022,"COLR7 - Columbia River - Lower Crab Creek to Chelan Falls, WA (km 661-809)",8/12/2022,8/11/2022,1
3DD.003E215FA7,Mark,WELH - Wells Hatchery,8/4/2022,"COLR7 - Columbia River - Lower Crab Creek to Chelan Falls, WA (km 661-809)",8/5/2022,8/4/2022,1
3DD.003E215FA8,Mark,WELH - Wells Hatchery,8/4/2022,"COLR7 - Columbia River - Lower Crab Creek to Chelan Falls, WA (km 661-809)",8/5/2022,8/4/2022,1
3DD.003E215FA9,Mark,WELH - Wells Hatchery,8/11/2022,"COLR7 - Columbia River - Lower Crab Creek to Chelan Falls, WA (km 661-809)",8/12/2022,8/11/2022,1
3DD.003E215FAA,Mark,WELH - Wells Hatchery,8/11/2022,"COLR7 - Columbia River - Lower Crab Creek to Chelan Falls, WA (km 661-809)",8/12/2022,8/11/2022,1
3DD.003E215FAB,Mark,WELH - Wells Hatchery,8/11/2022,"COLR7 - Columbia River - Lower Crab Creek to Chelan Falls, WA (km 661-809)",8/12/2022,8/11/2022,1
3DD.003E215FAC,Mark,WELH - Wells Hatchery,8/11/2022,"COLR7 - Columbia River - Lower Crab Creek to Chelan Falls, WA (km 661-809)",8/12/2022,8/11/2022,1
3DD.003E215FAD,Mark,WELH - Wells Hatchery,8/11/2022,"COLR7 - Columbia River - Lower Crab Creek to Chelan Falls, WA (km 661-809)",8/12/2022,8/11/2022,1
3DD.003E215FAE,Mark,WELH - Wells Hatchery,8/11/2022,"COLR7 - Columbia River - Lower Crab Creek to Chelan Falls, WA (km 661-809)",8/12/2022,8/11/2022,1
3DD.003E215FAF,Mark,WELH - Wells Hatchery,8/11/2022,"COLR7 - Columbia River - Lower Crab Creek to Chelan Falls, WA (km 661-809)",8/12/2022,8/11/2022,1
3DD.003E215FB0,Mark,WELH - Wells Hatchery,8/11/2022,"COLR7 - Columbia River - Lower Crab Creek to Chelan Falls, WA (km 661-809)",8/12/2022,8/11/2022,1
3DD.003E215FB2,Mark,WELH - Wells Hatchery,8/4/2022,"COLR7 - Columbia River - Lower Crab Creek to Chelan Falls, WA (km 661-809)",8/5/2022,8/4/2022,1
3DD.003E215FB3,Mark,WELH - Wells Hatchery,8/11/2022,"COLR7 - Columbia River - Lower Crab Creek to Chelan Falls, WA (km 661-809)",8/12/2022,8/11/2022,1
3DD.003E215FB4,Mark,WELH - Wells Hatchery,8/11/2022,"COLR7 - Columbia River - Lower Crab Creek to Chelan Falls, WA (km 661-809)",8/12/2022,8/11/2022,1
3DD.003E215FB5,Mark,WELH - Wells Hatchery,8/11/2022,"COLR7 - Columbia River - Lower Crab Creek to Chelan Falls, WA (km 661-809)",8/12/2022,8/11/2022,1
3DD.003E215FB6,Mark,WELH - Wells Hatchery,8/4/2022,"COLR7 - Columbia River - Lower Crab Creek to Chelan Falls, WA (km 661-809)",8/5/2022,8/4/2022,1
3DD.003E215FB7,Mark,WELH - Wells Hatchery,8/11/2022,"COLR7 - Columbia River - Lower Crab Creek to Chelan Falls, WA (km 661-809)",8/12/2022,8/11/2022,1
3DD.003E215FB8,Mark,WELH - Wells Hatchery,8/4/2022,"COLR7 - Columbia River - Lower Crab Creek to Chelan Falls, WA (km 661-809)",8/5/2022,8/4/2022,1
3DD.003E215FB9,Mark,WELH - Wells Hatchery,8/11/2022,"COLR7 - Columbia River - Lower Crab Creek to Chelan Falls, WA (km 661-809)",8/12/2022,8/11/2022,1
3DD.003E215FBA,Mark,WELH - Wells Hatchery,8/11/2022,"COLR7 - Columbia River - Lower Crab Creek to Chelan Falls, WA (km 661-809)",8/12/2022,8/11/2022,1
3DD.003E215FBB,Mark,WELH - Wells Hatchery,8/4/2022,"COLR7 - Columbia River - Lower Crab Creek to Chelan Falls, WA (km 661-809)",8/5/2022,8/4/2022,1
3DD.003E215FBC,Mark,WELH - Wells Hatchery,8/11/2022,"COLR7 - Columbia River - Lower Crab Creek to Chelan Falls, WA (km 661-809)",8/12/2022,8/11/2022,1
3DD.003E215FBD,Mark,WELH - Wells Hatchery,8/11/2022,"COLR7 - Columbia River - Lower Crab Creek to Chelan Falls, WA (km 661-809)",8/12/2022,8/11/2022,1
3DD.003E215FBE,Mark,WELH - Wells Hatchery,8/11/2022,"COLR7 - Columbia River - Lower Crab Creek to Chelan Falls, WA (km 661-809)",8/12/2022,8/11/2022,1
3DD.003E215FBF,Mark,WELH - Wells Hatchery,8/11/2022,"COLR7 - Columbia River - Lower Crab Creek to Chelan Falls, WA (km 661-809)",8/12/2022,8/11/2022,1
3DD.003E215FC0,Mark,WELH - Wells Hatchery,8/11/2022,"COLR7 - Columbia River - Lower Crab Creek to Chelan Falls, WA (km 661-809)",8/12/2022,8/11/2022,1
3DD.003E215FC1,Mark,WELH - Wells Hatchery,8/11/2022,"COLR7 - Columbia River - Lower Crab Creek to Chelan Falls, WA (km 661-809)",8/12/2022,8/11/2022,1
3DD.003E215FC2,Mark,WELH - Wells Hatchery,8/11/2022,"COLR7 - Columbia River - Lower Crab Creek to Chelan Falls, WA (km 661-809)",8/12/2022,8/11/2022,1
3DD.003E215FC3,Mark,WELH - Wells Hatchery,8/11/2022,"COLR7 - Columbia River - Lower Crab Creek to Chelan Falls, WA (km 661-809)",8/12/2022,8/11/2022,1
3DD.003E215FC4,Mark,WELH - Wells Hatchery,8/11/2022,"COLR7 - Columbia River - Lower Crab Creek to Chelan Falls, WA (km 661-809)",8/12/2022,8/11/2022,1
3DD.003E215FC5,Mark,WELH - Wells Hatchery,8/11/2022,"COLR7 - Columbia River - Lower Crab Creek to Chelan Falls, WA (km 661-809)",8/12/2022,8/11/2022,1
3DD.003E215FC6,Mark,WELH - Wells Hatchery,8/11/2022,"COLR7 - Columbia River - Lower Crab Creek to Chelan Falls, WA (km 661-809)",8/12/2022,8/11/2022,1
3DD.003E215FC7,Mark,WELH - Wells Hatchery,8/11/2022,"COLR7 - Columbia River - Lower Crab Creek to Chelan Falls, WA (km 661-809)",8/12/2022,8/11/2022,1
3DD.003E215FC8,Mark,WELH - Wells Hatchery,8/11/2022,"COLR7 - Columbia River - Lower Crab Creek to Chelan Falls, WA (km 661-809)",8/12/2022,8/11/2022,1
3DD.003E215FC9,Mark,WELH - Wells Hatchery,8/11/2022,"COLR7 - Columbia River - Lower Crab Creek to Chelan Falls, WA (km 661-809)",8/12/2022,8/11/2022,1
3DD.003E215FCA,Mark,WELH - Wells Hatchery,8/11/2022,"COLR7 - Columbia River - Lower Crab Creek to Chelan Falls, WA (km 661-809)",8/12/2022,8/11/2022,1
3DD.003E215FCB,Mark,WELH - Wells Hatchery,8/11/2022,"COLR7 - Columbia River - Lower Crab Creek to Chelan Falls, WA (km 661-809)",8/12/2022,8/11/2022,1
3DD.003E215FCC,Mark,WELH - Wells Hatchery,8/4/2022,"COLR7 - Columbia River - Lower Crab Creek to Chelan Falls, WA (km 661-809)",8/5/2022,8/4/2022,1
3DD.003E215FCD,Mark,WELH - Wells Hatchery,8/4/2022,"COLR7 - Columbia River - Lower Crab Creek to Chelan Falls, WA (km 661-809)",8/5/2022,8/4/2022,1
3DD.003E215FCE,Mark,WELH - Wells Hatchery,8/11/2022,"COLR7 - Columbia River - Lower Crab Creek to Chelan Falls, WA (km 661-809)",8/12/2022,8/11/2022,1
3DD.003E215FCF,Mark,WELH - Wells Hatchery,8/11/2022,"COLR7 - Columbia River - Lower Crab Creek to Chelan Falls, WA (km 661-809)",8/12/2022,8/11/2022,1
3DD.003E215FD0,Mark,WELH - Wells Hatchery,8/11/2022,"COLR7 - Columbia River - Lower Crab Creek to Chelan Falls, WA (km 661-809)",8/12/2022,8/11/2022,1
3DD.003E215FD1,Mark,WELH - Wells Hatchery,8/11/2022,"COLR7 - Columbia River - Lower Crab Creek to Chelan Falls, WA (km 661-809)",8/12/2022,8/11/2022,1
3DD.003E215FD2,Mark,WELH - Wells Hatchery,8/11/2022,"COLR7 - Columbia River - Lower Crab Creek to Chelan Falls, WA (km 661-809)",8/12/2022,8/11/2022,1
3DD.003E215FD3,Mark,WELH - Wells Hatchery,8/4/2022,"COLR7 - Columbia River - Lower Crab Creek to Chelan Falls, WA (km 661-809)",8/5/2022,8/4/2022,1
3DD.003E215FD4,Mark,WELH - Wells Hatchery,8/11/2022,"COLR7 - Columbia River - Lower Crab Creek to Chelan Falls, WA (km 661-809)",8/12/2022,8/11/2022,1
3DD.003E215FD5,Mark,WELH - Wells Hatchery,8/11/2022,"COLR7 - Columbia River - Lower Crab Creek to Chelan Falls, WA (km 661-809)",8/12/2022,8/11/2022,1
3DD.003E215FD6,Mark,WELH - Wells Hatchery,8/11/2022,"COLR7 - Columbia River - Lower Crab Creek to Chelan Falls, WA (km 661-809)",8/12/2022,8/11/2022,1
3DD.003E215FD7,Mark,WELH - Wells Hatchery,8/4/2022,"COLR7 - Columbia River - Lower Crab Creek to Chelan Falls, WA (km 661-809)",8/5/2022,8/4/2022,1
3DD.003E215FD8,Mark,WELH - Wells Hatchery,8/4/2022,"COLR7 - Columbia River - Lower Crab Creek to Chelan Falls, WA (km 661-809)",8/5/2022,8/4/2022,1
3DD.003E215FD9,Mark,WELH - Wells Hatchery,8/11/2022,"COLR7 - Columbia River - Lower Crab Creek to Chelan Falls, WA (km 661-809)",8/12/2022,8/11/2022,1
3DD.003E215FDA,Mark,WELH - Wells Hatchery,8/11/2022,"COLR7 - Columbia River - Lower Crab Creek to Chelan Falls, WA (km 661-809)",8/12/2022,8/11/2022,1
3DD.003E215FDB,Mark,WELH - Wells Hatchery,8/11/2022,"COLR7 - Columbia River - Lower Crab Creek to Chelan Falls, WA (km 661-809)",8/12/2022,8/11/2022,1
3DD.003E215FDC,Mark,WELH - Wells Hatchery,8/11/2022,"COLR7 - Columbia River - Lower Crab Creek to Chelan Falls, WA (km 661-809)",8/12/2022,8/11/2022,1
3DD.003E215FDD,Mark,WELH - Wells Hatchery,8/11/2022,"COLR7 - Columbia River - Lower Crab Creek to Chelan Falls, WA (km 661-809)",8/12/2022,8/11/2022,1
3DD.003E215FDE,Mark,WELH - Wells Hatchery,8/11/2022,"COLR7 - Columbia River - Lower Crab Creek to Chelan Falls, WA (km 661-809)",8/12/2022,8/11/2022,1
3DD.003E215FDF,Mark,WELH - Wells Hatchery,8/11/2022,"COLR7 - Columbia River - Lower Crab Creek to Chelan Falls, WA (km 661-809)",8/12/2022,8/11/2022,1
3DD.003E215FE0,Mark,WELH - Wells Hatchery,8/11/2022,"COLR7 - Columbia River - Lower Crab Creek to Chelan Falls, WA (km 661-809)",8/12/2022,8/11/2022,1
3DD.003E215FE1,Mark,WELH - Wells Hatchery,8/11/2022,"COLR7 - Columbia River - Lower Crab Creek to Chelan Falls, WA (km 661-809)",8/12/2022,8/11/2022,1
3DD.003E215FE2,Mark,WELH - Wells Hatchery,8/11/2022,"COLR7 - Columbia River - Lower Crab Creek to Chelan Falls, WA (km 661-809)",8/12/2022,8/11/2022,1
3DD.003E215FE3,Mark,WELH - Wells Hatchery,8/11/2022,"COLR7 - Columbia River - Lower Crab Creek to Chelan Falls, WA (km 661-809)",8/12/2022,8/11/2022,1
3DD.003E215FE4,Mark,WELH - Wells Hatchery,8/11/2022,"COLR7 - Columbia River - Lower Crab Creek to Chelan Falls, WA (km 661-809)",8/12/2022,8/11/2022,1
3DD.003E215FE5,Mark,WELH - Wells Hatchery,8/11/2022,"COLR7 - Columbia River - Lower Crab Creek to Chelan Falls, WA (km 661-809)",8/12/2022,8/11/2022,1
3DD.003E215FE6,Mark,WELH - Wells Hatchery,8/11/2022,"COLR7 - Columbia River - Lower Crab Creek to Chelan Falls, WA (km 661-809)",8/12/2022,8/11/2022,1
3DD.003E215FE7,Mark,WELH - Wells Hatchery,8/4/2022,"COLR7 - Columbia River - Lower Crab Creek to Chelan Falls, WA (km 661-809)",8/5/2022,8/4/2022,1
3DD.003E215FE8,Mark,WELH - Wells Hatchery,8/11/2022,"COLR7 - Columbia River - Lower Crab Creek to Chelan Falls, WA (km 661-809)",8/12/2022,8/11/2022,1
3DD.003E215FE9,Mark,WELH - Wells Hatchery,8/11/2022,"COLR7 - Columbia River - Lower Crab Creek to Chelan Falls, WA (km 661-809)",8/12/2022,8/11/2022,1
3DD.003E215FEA,Mark,WELH - Wells Hatchery,8/11/2022,"COLR7 - Columbia River - Lower Crab Creek to Chelan Falls, WA (km 661-809)",8/12/2022,8/11/2022,1
3DD.003E215FEB,Mark,WELH - Wells Hatchery,8/4/2022,"COLR7 - Columbia River - Lower Crab Creek to Chelan Falls, WA (km 661-809)",8/5/2022,8/4/2022,1
3DD.003E215FEC,Mark,WELH - Wells Hatchery,8/11/2022,"COLR7 - Columbia River - Lower Crab Creek to Chelan Falls, WA (km 661-809)",8/12/2022,8/11/2022,1
3DD.003E215FED,Mark,WELH - Wells Hatchery,8/4/2022,"COLR7 - Columbia River - Lower Crab Creek to Chelan Falls, WA (km 661-809)",8/5/2022,8/4/2022,1
3DD.003E215FEE,Mark,WELH - Wells Hatchery,8/11/2022,"COLR7 - Columbia River - Lower Crab Creek to Chelan Falls, WA (km 661-809)",8/12/2022,8/11/2022,1
3DD.003E215FEF,Mark,WELH - Wells Hatchery,8/11/2022,"COLR7 - Columbia River - Lower Crab Creek to Chelan Falls, WA (km 661-809)",8/12/2022,8/11/2022,1
3DD.003E215FF0,Mark,WELH - Wells Hatchery,8/4/2022,"COLR7 - Columbia River - Lower Crab Creek to Chelan Falls, WA (km 661-809)",8/5/2022,8/4/2022,1
3DD.003E215FF1,Mark,WELH - Wells Hatchery,8/11/2022,"COLR7 - Columbia River - Lower Crab Creek to Chelan Falls, WA (km 661-809)",8/12/2022,8/11/2022,1
3DD.003E215FF2,Mark,WELH - Wells Hatchery,8/11/2022,"COLR7 - Columbia River - Lower Crab Creek to Chelan Falls, WA (km 661-809)",8/12/2022,8/11/2022,1
3DD.003E215FF3,Mark,WELH - Wells Hatchery,8/11/2022,"COLR7 - Columbia River - Lower Crab Creek to Chelan Falls, WA (km 661-809)",8/12/2022,8/11/2022,1
3DD.003E215FF4,Mark,WELH - Wells Hatchery,8/11/2022,"COLR7 - Columbia River - Lower Crab Creek to Chelan Falls, WA (km 661-809)",8/12/2022,8/11/2022,1
3DD.003E215FF5,Mark,WELH - Wells Hatchery,8/11/2022,"COLR7 - Columbia River - Lower Crab Creek to Chelan Falls, WA (km 661-809)",8/12/2022,8/11/2022,1
3DD.003E215FF6,Mark,WELH - Wells Hatchery,8/11/2022,"COLR7 - Columbia River - Lower Crab Creek to Chelan Falls, WA (km 661-809)",8/12/2022,8/11/2022,1
3DD.003E215FF7,Mark,WELH - Wells Hatchery,8/11/2022,"COLR7 - Columbia River - Lower Crab Creek to Chelan Falls, WA (km 661-809)",8/12/2022,8/11/2022,1
3DD.003E215FF8,Mark,WELH - Wells Hatchery,8/11/2022,"COLR7 - Columbia River - Lower Crab Creek to Chelan Falls, WA (km 661-809)",8/12/2022,8/11/2022,1
3DD.003E215FF9,Mark,WELH - Wells Hatchery,8/4/2022,"COLR7 - Columbia River - Lower Crab Creek to Chelan Falls, WA (km 661-809)",8/5/2022,8/4/2022,1
3DD.003E215FFA,Mark,WELH - Wells Hatchery,8/11/2022,"COLR7 - Columbia River - Lower Crab Creek to Chelan Falls, WA (km 661-809)",8/12/2022,8/11/2022,1
3DD.003E215FFB,Mark,WELH - Wells Hatchery,8/4/2022,"COLR7 - Columbia River - Lower Crab Creek to Chelan Falls, WA (km 661-809)",8/5/2022,8/4/2022,1
3DD.003E215FFC,Mark,WELH - Wells Hatchery,8/11/2022,"COLR7 - Columbia River - Lower Crab Creek to Chelan Falls, WA (km 661-809)",8/12/2022,8/11/2022,1
3DD.003E215FFD,Mark,WELH - Wells Hatchery,8/11/2022,"COLR7 - Columbia River - Lower Crab Creek to Chelan Falls, WA (km 661-809)",8/12/2022,8/11/2022,1
3DD.003E215FFE,Mark,WELH - Wells Hatchery,8/11/2022,"COLR7 - Columbia River - Lower Crab Creek to Chelan Falls, WA (km 661-809)",8/12/2022,8/11/2022,1
3DD.003E215FFF,Mark,WELH - Wells Hatchery,8/11/2022,"COLR7 - Columbia River - Lower Crab Creek to Chelan Falls, WA (km 661-809)",8/12/2022,8/11/2022,1
3DD.003E216000,Mark,WELH - Wells Hatchery,8/11/2022,"COLR7 - Columbia River - Lower Crab Creek to Chelan Falls, WA (km 661-809)",8/12/2022,8/11/2022,1
3DD.003E216001,Mark,WELH - Wells Hatchery,8/4/2022,"COLR7 - Columbia River - Lower Crab Creek to Chelan Falls, WA (km 661-809)",8/5/2022,8/4/2022,1
3DD.003E21612E,Mark,WELH - Wells Hatchery,8/18/2022,"COLR7 - Columbia River - Lower Crab Creek to Chelan Falls, WA (km 661-809)",8/19/2022,8/18/2022,1
3DD.003E21612F,Mark,WELH - Wells Hatchery,8/18/2022,"COLR7 - Columbia River - Lower Crab Creek to Chelan Falls, WA (km 661-809)",8/19/2022,8/18/2022,1
3DD.003E216130,Mark,WELH - Wells Hatchery,8/18/2022,"COLR7 - Columbia River - Lower Crab Creek to Chelan Falls, WA (km 661-809)",8/19/2022,8/18/2022,1
3DD.003E216132,Mark,WELH - Wells Hatchery,8/18/2022,"COLR7 - Columbia River - Lower Crab Creek to Chelan Falls, WA (km 661-809)",8/19/2022,8/18/2022,1
3DD.003E216133,Mark,WELH - Wells Hatchery,8/18/2022,"COLR7 - Columbia River - Lower Crab Creek to Chelan Falls, WA (km 661-809)",8/19/2022,8/18/2022,1
3DD.003E216134,Mark,WELH - Wells Hatchery,8/18/2022,"COLR7 - Columbia River - Lower Crab Creek to Chelan Falls, WA (km 661-809)",8/19/2022,8/18/2022,1
3DD.003E216136,Mark,WELH - Wells Hatchery,8/18/2022,"COLR7 - Columbia River - Lower Crab Creek to Chelan Falls, WA (km 661-809)",8/19/2022,8/18/2022,1
3DD.003E216138,Mark,WELH - Wells Hatchery,8/18/2022,"COLR7 - Columbia River - Lower Crab Creek to Chelan Falls, WA (km 661-809)",8/19/2022,8/18/2022,1
3DD.003E21613A,Mark,WELH - Wells Hatchery,8/18/2022,"COLR7 - Columbia River - Lower Crab Creek to Chelan Falls, WA (km 661-809)",8/19/2022,8/18/2022,1
3DD.003E21613B,Mark,WELH - Wells Hatchery,8/18/2022,"COLR7 - Columbia River - Lower Crab Creek to Chelan Falls, WA (km 661-809)",8/19/2022,8/18/2022,1
3DD.003E21613D,Mark,WELH - Wells Hatchery,8/18/2022,"COLR7 - Columbia River - Lower Crab Creek to Chelan Falls, WA (km 661-809)",8/19/2022,8/18/2022,1
3DD.003E21613E,Mark,WELH - Wells Hatchery,8/18/2022,"COLR7 - Columbia River - Lower Crab Creek to Chelan Falls, WA (km 661-809)",8/19/2022,8/18/2022,1
3DD.003E216141,Mark,WELH - Wells Hatchery,8/18/2022,"COLR7 - Columbia River - Lower Crab Creek to Chelan Falls, WA (km 661-809)",8/19/2022,8/18/2022,1
3DD.003E216142,Mark,WELH - Wells Hatchery,8/18/2022,"COLR7 - Columbia River - Lower Crab Creek to Chelan Falls, WA (km 661-809)",8/19/2022,8/18/2022,1
3DD.003E216143,Mark,WELH - Wells Hatchery,8/18/2022,"COLR7 - Columbia River - Lower Crab Creek to Chelan Falls, WA (km 661-809)",8/19/2022,8/18/2022,1
3DD.003E216145,Mark,WELH - Wells Hatchery,8/18/2022,"COLR7 - Columbia River - Lower Crab Creek to Chelan Falls, WA (km 661-809)",8/19/2022,8/18/2022,1
3DD.003E216146,Mark,WELH - Wells Hatchery,8/18/2022,"COLR7 - Columbia River - Lower Crab Creek to Chelan Falls, WA (km 661-809)",8/19/2022,8/18/2022,1
3DD.003E216147,Mark,WELH - Wells Hatchery,8/18/2022,"COLR7 - Columbia River - Lower Crab Creek to Chelan Falls, WA (km 661-809)",8/19/2022,8/18/2022,1
3DD.003E21614A,Mark,WELH - Wells Hatchery,8/18/2022,"COLR7 - Columbia River - Lower Crab Creek to Chelan Falls, WA (km 661-809)",8/19/2022,8/18/2022,1
3DD.003E21614D,Mark,WELH - Wells Hatchery,8/18/2022,"COLR7 - Columbia River - Lower Crab Creek to Chelan Falls, WA (km 661-809)",8/19/2022,8/18/2022,1
3DD.003E21614E,Mark,WELH - Wells Hatchery,8/18/2022,"COLR7 - Columbia River - Lower Crab Creek to Chelan Falls, WA (km 661-809)",8/19/2022,8/18/2022,1
3DD.003E216150,Mark,WELH - Wells Hatchery,8/18/2022,"COLR7 - Columbia River - Lower Crab Creek to Chelan Falls, WA (km 661-809)",8/19/2022,8/18/2022,1
3DD.003E216151,Mark,WELH - Wells Hatchery,8/18/2022,"COLR7 - Columbia River - Lower Crab Creek to Chelan Falls, WA (km 661-809)",8/19/2022,8/18/2022,1
3DD.003E216152,Mark,WELH - Wells Hatchery,8/18/2022,"COLR7 - Columbia River - Lower Crab Creek to Chelan Falls, WA (km 661-809)",8/19/2022,8/18/2022,1
3DD.003E216153,Mark,WELH - Wells Hatchery,8/18/2022,"COLR7 - Columbia River - Lower Crab Creek to Chelan Falls, WA (km 661-809)",8/19/2022,8/18/2022,1
3DD.003E216154,Mark,WELH - Wells Hatchery,8/18/2022,"COLR7 - Columbia River - Lower Crab Creek to Chelan Falls, WA (km 661-809)",8/19/2022,8/18/2022,1
3DD.003E216155,Mark,WELH - Wells Hatchery,8/18/2022,"COLR7 - Columbia River - Lower Crab Creek to Chelan Falls, WA (km 661-809)",8/19/2022,8/18/2022,1
3DD.003E216156,Mark,WELH - Wells Hatchery,8/18/2022,"COLR7 - Columbia River - Lower Crab Creek to Chelan Falls, WA (km 661-809)",8/19/2022,8/18/2022,1
3DD.003E216157,Mark,WELH - Wells Hatchery,8/18/2022,"COLR7 - Columbia River - Lower Crab Creek to Chelan Falls, WA (km 661-809)",8/19/2022,8/18/2022,1
3DD.003E216159,Mark,WELH - Wells Hatchery,8/18/2022,"COLR7 - Columbia River - Lower Crab Creek to Chelan Falls, WA (km 661-809)",8/19/2022,8/18/2022,1
3DD.003E21615A,Mark,WELH - Wells Hatchery,8/18/2022,"COLR7 - Columbia River - Lower Crab Creek to Chelan Falls, WA (km 661-809)",8/19/2022,8/18/2022,1
3DD.003E21615B,Mark,WELH - Wells Hatchery,8/18/2022,"COLR7 - Columbia River - Lower Crab Creek to Chelan Falls, WA (km 661-809)",8/19/2022,8/18/2022,1
3DD.003E21615C,Mark,WELH - Wells Hatchery,8/18/2022,"COLR7 - Columbia River - Lower Crab Creek to Chelan Falls, WA (km 661-809)",8/19/2022,8/18/2022,1
3DD.003E21615E,Mark,WELH - Wells Hatchery,8/18/2022,"COLR7 - Columbia River - Lower Crab Creek to Chelan Falls, WA (km 661-809)",8/19/2022,8/18/2022,1
3DD.003E216162,Mark,WELH - Wells Hatchery,8/18/2022,"COLR7 - Columbia River - Lower Crab Creek to Chelan Falls, WA (km 661-809)",8/19/2022,8/18/2022,1
3DD.003E216163,Mark,WELH - Wells Hatchery,8/18/2022,"COLR7 - Columbia River - Lower Crab Creek to Chelan Falls, WA (km 661-809)",8/19/2022,8/18/2022,1
3DD.003E216167,Mark,WELH - Wells Hatchery,8/18/2022,"COLR7 - Columbia River - Lower Crab Creek to Chelan Falls, WA (km 661-809)",8/19/2022,8/18/2022,1
3DD.003E216169,Mark,WELH - Wells Hatchery,8/18/2022,"COLR7 - Columbia River - Lower Crab Creek to Chelan Falls, WA (km 661-809)",8/19/2022,8/18/2022,1
3DD.003E21616A,Mark,WELH - Wells Hatchery,8/18/2022,"COLR7 - Columbia River - Lower Crab Creek to Chelan Falls, WA (km 661-809)",8/19/2022,8/18/2022,1
3DD.003E21616B,Mark,WELH - Wells Hatchery,8/18/2022,"COLR7 - Columbia River - Lower Crab Creek to Chelan Falls, WA (km 661-809)",8/19/2022,8/18/2022,1
3DD.003E21616C,Mark,WELH - Wells Hatchery,8/18/2022,"COLR7 - Columbia River - Lower Crab Creek to Chelan Falls, WA (km 661-809)",8/19/2022,8/18/2022,1
3DD.003E21616D,Mark,WELH - Wells Hatchery,8/18/2022,"COLR7 - Columbia River - Lower Crab Creek to Chelan Falls, WA (km 661-809)",8/19/2022,8/18/2022,1
3DD.003E21616F,Mark,WELH - Wells Hatchery,8/18/2022,"COLR7 - Columbia River - Lower Crab Creek to Chelan Falls, WA (km 661-809)",8/19/2022,8/18/2022,1
3DD.003E216170,Mark,WELH - Wells Hatchery,8/18/2022,"COLR7 - Columbia River - Lower Crab Creek to Chelan Falls, WA (km 661-809)",8/19/2022,8/18/2022,1
3DD.003E216171,Mark,WELH - Wells Hatchery,8/18/2022,"COLR7 - Columbia River - Lower Crab Creek to Chelan Falls, WA (km 661-809)",8/19/2022,8/18/2022,1
3DD.003E216172,Mark,WELH - Wells Hatchery,8/18/2022,"COLR7 - Columbia River - Lower Crab Creek to Chelan Falls, WA (km 661-809)",8/19/2022,8/18/2022,1
3DD.003E216173,Mark,WELH - Wells Hatchery,8/18/2022,"COLR7 - Columbia River - Lower Crab Creek to Chelan Falls, WA (km 661-809)",8/19/2022,8/18/2022,1
3DD.003E216175,Mark,WELH - Wells Hatchery,8/18/2022,"COLR7 - Columbia River - Lower Crab Creek to Chelan Falls, WA (km 661-809)",8/19/2022,8/18/2022,1
3DD.003E216176,Mark,WELH - Wells Hatchery,8/18/2022,"COLR7 - Columbia River - Lower Crab Creek to Chelan Falls, WA (km 661-809)",8/19/2022,8/18/2022,1
3DD.003E216177,Mark,WELH - Wells Hatchery,8/18/2022,"COLR7 - Columbia River - Lower Crab Creek to Chelan Falls, WA (km 661-809)",8/19/2022,8/18/2022,1
3DD.003E216178,Mark,WELH - Wells Hatchery,8/18/2022,"COLR7 - Columbia River - Lower Crab Creek to Chelan Falls, WA (km 661-809)",8/19/2022,8/18/2022,1
3DD.003E21617B,Mark,WELH - Wells Hatchery,8/18/2022,"COLR7 - Columbia River - Lower Crab Creek to Chelan Falls, WA (km 661-809)",8/19/2022,8/18/2022,1
3DD.003E21617F,Mark,WELH - Wells Hatchery,8/18/2022,"COLR7 - Columbia River - Lower Crab Creek to Chelan Falls, WA (km 661-809)",8/19/2022,8/18/2022,1
3DD.003E216180,Mark,WELH - Wells Hatchery,8/18/2022,"COLR7 - Columbia River - Lower Crab Creek to Chelan Falls, WA (km 661-809)",8/19/2022,8/18/2022,1
3DD.003E216181,Mark,WELH - Wells Hatchery,8/18/2022,"COLR7 - Columbia River - Lower Crab Creek to Chelan Falls, WA (km 661-809)",8/19/2022,8/18/2022,1
3DD.003E216183,Mark,WELH - Wells Hatchery,8/18/2022,"COLR7 - Columbia River - Lower Crab Creek to Chelan Falls, WA (km 661-809)",8/19/2022,8/18/2022,1
3DD.003E216184,Mark,WELH - Wells Hatchery,8/18/2022,"COLR7 - Columbia River - Lower Crab Creek to Chelan Falls, WA (km 661-809)",8/19/2022,8/18/2022,1
3DD.003E216186,Mark,WELH - Wells Hatchery,8/18/2022,"COLR7 - Columbia River - Lower Crab Creek to Chelan Falls, WA (km 661-809)",8/19/2022,8/18/2022,1
3DD.003E216188,Mark,WELH - Wells Hatchery,8/18/2022,"COLR7 - Columbia River - Lower Crab Creek to Chelan Falls, WA (km 661-809)",8/19/2022,8/18/2022,1
3DD.003E216189,Mark,WELH - Wells Hatchery,8/18/2022,"COLR7 - Columbia River - Lower Crab Creek to Chelan Falls, WA (km 661-809)",8/19/2022,8/18/2022,1
3DD.003E21618C,Mark,WELH - Wells Hatchery,8/18/2022,"COLR7 - Columbia River - Lower Crab Creek to Chelan Falls, WA (km 661-809)",8/19/2022,8/18/2022,1
3DD.003E21618E,Mark,WELH - Wells Hatchery,8/18/2022,"COLR7 - Columbia River - Lower Crab Creek to Chelan Falls, WA (km 661-809)",8/19/2022,8/18/2022,1
3DD.003E21618F,Mark,WELH - Wells Hatchery,8/18/2022,"COLR7 - Columbia River - Lower Crab Creek to Chelan Falls, WA (km 661-809)",8/19/2022,8/18/2022,1
3DD.003E216191,Mark,WELH - Wells Hatchery,8/18/2022,"COLR7 - Columbia River - Lower Crab Creek to Chelan Falls, WA (km 661-809)",8/19/2022,8/18/2022,1
3DD.003E45CD2D,Mark,WELH - Wells Hatchery,8/3/2023,WELSBR - Starr Boat Ramp on west shore 5 km upstream of Wells Dam,8/3/2023,8/3/2023,1
3DD.003E45CD2E,Mark,WELH - Wells Hatchery,8/3/2023,WELSBR - Starr Boat Ramp on west shore 5 km upstream of Wells Dam,8/3/2023,8/3/2023,1
3DD.003E45CD2F,Mark,WELH - Wells Hatchery,8/3/2023,WELSBR - Starr Boat Ramp on west shore 5 km upstream of Wells Dam,8/3/2023,8/3/2023,1
3DD.003E45CD30,Mark,WELH - Wells Hatchery,8/3/2023,WELSBR - Starr Boat Ramp on west shore 5 km upstream of Wells Dam,8/3/2023,8/3/2023,1
3DD.003E45CD31,Mark,WELH - Wells Hatchery,8/3/2023,WELSBR - Starr Boat Ramp on west shore 5 km upstream of Wells Dam,8/3/2023,8/3/2023,1
3DD.003E45CD32,Mark,WELH - Wells Hatchery,8/3/2023,WELSBR - Starr Boat Ramp on west shore 5 km upstream of Wells Dam,8/3/2023,8/3/2023,1
3DD.003E45CD33,Mark,WELH - Wells Hatchery,8/3/2023,WELSBR - Starr Boat Ramp on west shore 5 km upstream of Wells Dam,8/3/2023,8/3/2023,1
3DD.003E45CD34,Mark,WELH - Wells Hatchery,8/3/2023,WELSBR - Starr Boat Ramp on west shore 5 km upstream of Wells Dam,8/3/2023,8/3/2023,1
3DD.003E45CD35,Mark,WELH - Wells Hatchery,8/3/2023,WELSBR - Starr Boat Ramp on west shore 5 km upstream of Wells Dam,8/3/2023,8/3/2023,1
3DD.003E45CD36,Mark,WELH - Wells Hatchery,8/3/2023,WELSBR - Starr Boat Ramp on west shore 5 km upstream of Wells Dam,8/3/2023,8/3/2023,1
3DD.003E45CD37,Mark,WELH - Wells Hatchery,8/3/2023,WELSBR - Starr Boat Ramp on west shore 5 km upstream of Wells Dam,8/3/2023,8/3/2023,1
3DD.003E45CD38,Mark,WELH - Wells Hatchery,8/3/2023,WELSBR - Starr Boat Ramp on west shore 5 km upstream of Wells Dam,8/3/2023,8/3/2023,1
3DD.003E45CD39,Mark,WELH - Wells Hatchery,8/3/2023,WELSBR - Starr Boat Ramp on west shore 5 km upstream of Wells Dam,8/3/2023,8/3/2023,1
3DD.003E45CD3A,Mark,WELH - Wells Hatchery,8/3/2023,WELSBR - Starr Boat Ramp on west shore 5 km upstream of Wells Dam,8/3/2023,8/3/2023,1
3DD.003E45CD3B,Mark,WELH - Wells Hatchery,8/3/2023,WELSBR - Starr Boat Ramp on west shore 5 km upstream of Wells Dam,8/3/2023,8/3/2023,1
3DD.003E45CD3C,Mark,WELH - Wells Hatchery,8/3/2023,WELSBR - Starr Boat Ramp on west shore 5 km upstream of Wells Dam,8/3/2023,8/3/2023,1
3DD.003E45CD3D,Mark,WELH - Wells Hatchery,8/3/2023,WELSBR - Starr Boat Ramp on west shore 5 km upstream of Wells Dam,8/3/2023,8/3/2023,1
3DD.003E45CD3E,Mark,WELH - Wells Hatchery,8/3/2023,WELSBR - Starr Boat Ramp on west shore 5 km upstream of Wells Dam,8/3/2023,8/3/2023,1
3DD.003E45CD3F,Mark,WELH - Wells Hatchery,8/3/2023,WELSBR - Starr Boat Ramp on west shore 5 km upstream of Wells Dam,8/3/2023,8/3/2023,1
3DD.003E45CD40,Mark,WELH - Wells Hatchery,8/3/2023,WELSBR - Starr Boat Ramp on west shore 5 km upstream of Wells Dam,8/3/2023,8/3/2023,1
3DD.003E45CD41,Mark,WELH - Wells Hatchery,8/3/2023,WELSBR - Starr Boat Ramp on west shore 5 km upstream of Wells Dam,8/3/2023,8/3/2023,1
3DD.003E45CD42,Mark,WELH - Wells Hatchery,8/3/2023,WELSBR - Starr Boat Ramp on west shore 5 km upstream of Wells Dam,8/3/2023,8/3/2023,1
3DD.003E45CD43,Mark,WELH - Wells Hatchery,8/3/2023,WELSBR - Starr Boat Ramp on west shore 5 km upstream of Wells Dam,8/3/2023,8/3/2023,1
3DD.003E45CD44,Mark,WELH - Wells Hatchery,8/3/2023,WELSBR - Starr Boat Ramp on west shore 5 km upstream of Wells Dam,8/3/2023,8/3/2023,1
3DD.003E45CD45,Mark,WELH - Wells Hatchery,8/3/2023,WELSBR - Starr Boat Ramp on west shore 5 km upstream of Wells Dam,8/3/2023,8/3/2023,1
3DD.003E45CD46,Mark,WELH - Wells Hatchery,8/3/2023,WELSBR - Starr Boat Ramp on west shore 5 km upstream of Wells Dam,8/3/2023,8/3/2023,1
3DD.003E45CD47,Mark,WELH - Wells Hatchery,8/3/2023,WELSBR - Starr Boat Ramp on west shore 5 km upstream of Wells Dam,8/3/2023,8/3/2023,1
3DD.003E45CD48,Mark,WELH - Wells Hatchery,8/3/2023,WELSBR - Starr Boat Ramp on west shore 5 km upstream of Wells Dam,8/3/2023,8/3/2023,1
3DD.003E45CD49,Mark,WELH - Wells Hatchery,8/3/2023,WELSBR - Starr Boat Ramp on west shore 5 km upstream of Wells Dam,8/3/2023,8/3/2023,1
3DD.003E45CD4A,Mark,WELH - Wells Hatchery,8/3/2023,WELSBR - Starr Boat Ramp on west shore 5 km upstream of Wells Dam,8/3/2023,8/3/2023,1
3DD.003E45CD4B,Mark,WELH - Wells Hatchery,8/3/2023,WELSBR - Starr Boat Ramp on west shore 5 km upstream of Wells Dam,8/3/2023,8/3/2023,1
3DD.003E45CD4C,Mark,WELH - Wells Hatchery,8/3/2023,WELSBR - Starr Boat Ramp on west shore 5 km upstream of Wells Dam,8/3/2023,8/3/2023,1
3DD.003E45CD4D,Mark,WELH - Wells Hatchery,8/3/2023,WELSBR - Starr Boat Ramp on west shore 5 km upstream of Wells Dam,8/3/2023,8/3/2023,1
3DD.003E45CD4E,Mark,WELH - Wells Hatchery,8/3/2023,WELSBR - Starr Boat Ramp on west shore 5 km upstream of Wells Dam,8/3/2023,8/3/2023,1
3DD.003E45CD4F,Mark,WELH - Wells Hatchery,8/3/2023,WELSBR - Starr Boat Ramp on west shore 5 km upstream of Wells Dam,8/3/2023,8/3/2023,1
3DD.003E45CD50,Mark,WELH - Wells Hatchery,8/3/2023,WELSBR - Starr Boat Ramp on west shore 5 km upstream of Wells Dam,8/3/2023,8/3/2023,1
3DD.003E45CD51,Mark,WELH - Wells Hatchery,8/3/2023,WELSBR - Starr Boat Ramp on west shore 5 km upstream of Wells Dam,8/3/2023,8/3/2023,1
3DD.003E45CD52,Mark,WELH - Wells Hatchery,8/3/2023,WELSBR - Starr Boat Ramp on west shore 5 km upstream of Wells Dam,8/3/2023,8/3/2023,1
3DD.003E45CD53,Mark,WELH - Wells Hatchery,8/3/2023,WELSBR - Starr Boat Ramp on west shore 5 km upstream of Wells Dam,8/3/2023,8/3/2023,1
3DD.003E45CD54,Mark,WELH - Wells Hatchery,8/3/2023,WELSBR - Starr Boat Ramp on west shore 5 km upstream of Wells Dam,8/3/2023,8/3/2023,1
3DD.003E45CD55,Mark,WELH - Wells Hatchery,8/3/2023,WELSBR - Starr Boat Ramp on west shore 5 km upstream of Wells Dam,8/3/2023,8/3/2023,1
3DD.003E45CD56,Mark,WELH - Wells Hatchery,8/3/2023,WELSBR - Starr Boat Ramp on west shore 5 km upstream of Wells Dam,8/3/2023,8/3/2023,1
3DD.003E45CD57,Mark,WELH - Wells Hatchery,8/3/2023,WELSBR - Starr Boat Ramp on west shore 5 km upstream of Wells Dam,8/3/2023,8/3/2023,1
3DD.003E45CD58,Mark,WELH - Wells Hatchery,8/3/2023,WELSBR - Starr Boat Ramp on west shore 5 km upstream of Wells Dam,8/3/2023,8/3/2023,1
3DD.003E45CD59,Mark,WELH - Wells Hatchery,8/3/2023,WELSBR - Starr Boat Ramp on west shore 5 km upstream of Wells Dam,8/3/2023,8/3/2023,1
3DD.003E45CD5A,Mark,WELH - Wells Hatchery,8/3/2023,WELSBR - Starr Boat Ramp on west shore 5 km upstream of Wells Dam,8/3/2023,8/3/2023,1
3DD.003E45CD5B,Mark,WELH - Wells Hatchery,8/3/2023,WELSBR - Starr Boat Ramp on west shore 5 km upstream of Wells Dam,8/3/2023,8/3/2023,1
3DD.003E45CD5C,Mark,WELH - Wells Hatchery,8/3/2023,WELSBR - Starr Boat Ramp on west shore 5 km upstream of Wells Dam,8/3/2023,8/3/2023,1
3DD.003E45CD5D,Mark,WELH - Wells Hatchery,8/3/2023,WELSBR - Starr Boat Ramp on west shore 5 km upstream of Wells Dam,8/3/2023,8/3/2023,1
3DD.003E45CD5E,Mark,WELH - Wells Hatchery,8/3/2023,WELSBR - Starr Boat Ramp on west shore 5 km upstream of Wells Dam,8/3/2023,8/3/2023,1
3DD.003E45CD5F,Mark,WELH - Wells Hatchery,8/3/2023,WELSBR - Starr Boat Ramp on west shore 5 km upstream of Wells Dam,8/3/2023,8/3/2023,1
3DD.003E45CD60,Mark,WELH - Wells Hatchery,8/3/2023,WELSBR - Starr Boat Ramp on west shore 5 km upstream of Wells Dam,8/3/2023,8/3/2023,1
3DD.003E45CD61,Mark,WELH - Wells Hatchery,8/3/2023,WELSBR - Starr Boat Ramp on west shore 5 km upstream of Wells Dam,8/3/2023,8/3/2023,1
3DD.003E45CD62,Mark,WELH - Wells Hatchery,8/3/2023,WELSBR - Starr Boat Ramp on west shore 5 km upstream of Wells Dam,8/3/2023,8/3/2023,1
3DD.003E45CD63,Mark,WELH - Wells Hatchery,8/3/2023,WELSBR - Starr Boat Ramp on west shore 5 km upstream of Wells Dam,8/3/2023,8/3/2023,1
3DD.003E45CD64,Mark,WELH - Wells Hatchery,8/3/2023,WELSBR - Starr Boat Ramp on west shore 5 km upstream of Wells Dam,8/3/2023,8/3/2023,1
3DD.003E45CD65,Mark,WELH - Wells Hatchery,8/3/2023,WELSBR - Starr Boat Ramp on west shore 5 km upstream of Wells Dam,8/3/2023,8/3/2023,1
3DD.003E45CD66,Mark,WELH - Wells Hatchery,8/3/2023,WELSBR - Starr Boat Ramp on west shore 5 km upstream of Wells Dam,8/3/2023,8/3/2023,1
3DD.003E45CD67,Mark,WELH - Wells Hatchery,8/3/2023,WELSBR - Starr Boat Ramp on west shore 5 km upstream of Wells Dam,8/3/2023,8/3/2023,1
3DD.003E45CD68,Mark,WELH - Wells Hatchery,8/3/2023,WELSBR - Starr Boat Ramp on west shore 5 km upstream of Wells Dam,8/3/2023,8/3/2023,1
3DD.003E45CD69,Mark,WELH - Wells Hatchery,8/3/2023,WELSBR - Starr Boat Ramp on west shore 5 km upstream of Wells Dam,8/3/2023,8/3/2023,1
3DD.003E45CD6A,Mark,WELH - Wells Hatchery,8/3/2023,WELSBR - Starr Boat Ramp on west shore 5 km upstream of Wells Dam,8/3/2023,8/3/2023,1
3DD.003E45CD6B,Mark,WELH - Wells Hatchery,8/3/2023,WELSBR - Starr Boat Ramp on west shore 5 km upstream of Wells Dam,8/3/2023,8/3/2023,1
3DD.003E45CD6C,Mark,WELH - Wells Hatchery,8/3/2023,WELSBR - Starr Boat Ramp on west shore 5 km upstream of Wells Dam,8/3/2023,8/3/2023,1
3DD.003E45CD6D,Mark,WELH - Wells Hatchery,8/3/2023,WELSBR - Starr Boat Ramp on west shore 5 km upstream of Wells Dam,8/3/2023,8/3/2023,1
3DD.003E45CD6E,Mark,WELH - Wells Hatchery,8/3/2023,WELSBR - Starr Boat Ramp on west shore 5 km upstream of Wells Dam,8/3/2023,8/3/2023,1
3DD.003E45CD6F,Mark,WELH - Wells Hatchery,8/3/2023,WELSBR - Starr Boat Ramp on west shore 5 km upstream of Wells Dam,8/3/2023,8/3/2023,1
3DD.003E45CD70,Mark,WELH - Wells Hatchery,8/3/2023,WELSBR - Starr Boat Ramp on west shore 5 km upstream of Wells Dam,8/3/2023,8/3/2023,1
3DD.003E45CD71,Mark,WELH - Wells Hatchery,8/3/2023,WELSBR - Starr Boat Ramp on west shore 5 km upstream of Wells Dam,8/3/2023,8/3/2023,1
3DD.003E45CD72,Mark,WELH - Wells Hatchery,8/3/2023,WELSBR - Starr Boat Ramp on west shore 5 km upstream of Wells Dam,8/3/2023,8/3/2023,1
3DD.003E45CD73,Mark,WELH - Wells Hatchery,8/3/2023,WELSBR - Starr Boat Ramp on west shore 5 km upstream of Wells Dam,8/3/2023,8/3/2023,1
3DD.003E45CD74,Mark,WELH - Wells Hatchery,8/3/2023,WELSBR - Starr Boat Ramp on west shore 5 km upstream of Wells Dam,8/3/2023,8/3/2023,1
3DD.003E45CD75,Mark,WELH - Wells Hatchery,8/3/2023,WELSBR - Starr Boat Ramp on west shore 5 km upstream of Wells Dam,8/3/2023,8/3/2023,1
3DD.003E45CD76,Mark,WELH - Wells Hatchery,8/3/2023,WELSBR - Starr Boat Ramp on west shore 5 km upstream of Wells Dam,8/3/2023,8/3/2023,1
3DD.003E45CD77,Mark,WELH - Wells Hatchery,8/3/2023,WELSBR - Starr Boat Ramp on west shore 5 km upstream of Wells Dam,8/3/2023,8/3/2023,1
3DD.003E45CD78,Mark,WELH - Wells Hatchery,8/3/2023,WELSBR - Starr Boat Ramp on west shore 5 km upstream of Wells Dam,8/3/2023,8/3/2023,1
3DD.003E45CD79,Mark,WELH - Wells Hatchery,8/3/2023,WELSBR - Starr Boat Ramp on west shore 5 km upstream of Wells Dam,8/3/2023,8/3/2023,1
3DD.003E45CD7A,Mark,WELH - Wells Hatchery,8/3/2023,WELSBR - Starr Boat Ramp on west shore 5 km upstream of Wells Dam,8/3/2023,8/3/2023,1
3DD.003E45CD7B,Mark,WELH - Wells Hatchery,8/3/2023,WELSBR - Starr Boat Ramp on west shore 5 km upstream of Wells Dam,8/3/2023,8/3/2023,1
3DD.003E45CD7C,Mark,WELH - Wells Hatchery,8/3/2023,WELSBR - Starr Boat Ramp on west shore 5 km upstream of Wells Dam,8/3/2023,8/3/2023,1
3DD.003E45CD7D,Mark,WELH - Wells Hatchery,8/3/2023,WELSBR - Starr Boat Ramp on west shore 5 km upstream of Wells Dam,8/3/2023,8/3/2023,1
3DD.003E45CD7E,Mark,WELH - Wells Hatchery,8/3/2023,WELSBR - Starr Boat Ramp on west shore 5 km upstream of Wells Dam,8/3/2023,8/3/2023,1
3DD.003E45CD7F,Mark,WELH - Wells Hatchery,8/3/2023,WELSBR - Starr Boat Ramp on west shore 5 km upstream of Wells Dam,8/3/2023,8/3/2023,1
3DD.003E45CD80,Mark,WELH - Wells Hatchery,8/3/2023,WELSBR - Starr Boat Ramp on west shore 5 km upstream of Wells Dam,8/3/2023,8/3/2023,1
3DD.003E45CD81,Mark,WELH - Wells Hatchery,8/3/2023,WELSBR - Starr Boat Ramp on west shore 5 km upstream of Wells Dam,8/3/2023,8/3/2023,1
3DD.003E45CD82,Mark,WELH - Wells Hatchery,8/3/2023,WELSBR - Starr Boat Ramp on west shore 5 km upstream of Wells Dam,8/3/2023,8/3/2023,1
3DD.003E45CD83,Mark,WELH - Wells Hatchery,8/3/2023,WELSBR - Starr Boat Ramp on west shore 5 km upstream of Wells Dam,8/3/2023,8/3/2023,1
3DD.003E45CD84,Mark,WELH - Wells Hatchery,8/3/2023,WELSBR - Starr Boat Ramp on west shore 5 km upstream of Wells Dam,8/3/2023,8/3/2023,1
3DD.003E45CD85,Mark,WELH - Wells Hatchery,8/3/2023,WELSBR - Starr Boat Ramp on west shore 5 km upstream of Wells Dam,8/3/2023,8/3/2023,1
3DD.003E45CD86,Mark,WELH - Wells Hatchery,8/3/2023,WELSBR - Starr Boat Ramp on west shore 5 km upstream of Wells Dam,8/3/2023,8/3/2023,1
3DD.003E45CD87,Mark,WELH - Wells Hatchery,8/3/2023,WELSBR - Starr Boat Ramp on west shore 5 km upstream of Wells Dam,8/3/2023,8/3/2023,1
3DD.003E45CD88,Mark,WELH - Wells Hatchery,8/3/2023,WELSBR - Starr Boat Ramp on west shore 5 km upstream of Wells Dam,8/3/2023,8/3/2023,1
3DD.003E45CD89,Mark,WELH - Wells Hatchery,8/3/2023,WELSBR - Starr Boat Ramp on west shore 5 km upstream of Wells Dam,8/3/2023,8/3/2023,1
3DD.003E45CD8A,Mark,WELH - Wells Hatchery,8/3/2023,WELSBR - Starr Boat Ramp on west shore 5 km upstream of Wells Dam,8/3/2023,8/3/2023,1
3DD.003E45CD8B,Mark,WELH - Wells Hatchery,8/3/2023,WELSBR - Starr Boat Ramp on west shore 5 km upstream of Wells Dam,8/3/2023,8/3/2023,1
3DD.003E45CD8C,Mark,WELH - Wells Hatchery,8/3/2023,WELSBR - Starr Boat Ramp on west shore 5 km upstream of Wells Dam,8/3/2023,8/3/2023,1
3DD.003E45CD8D,Mark,WELH - Wells Hatchery,8/3/2023,WELSBR - Starr Boat Ramp on west shore 5 km upstream of Wells Dam,8/3/2023,8/3/2023,1
3DD.003E45CD8E,Mark,WELH - Wells Hatchery,8/3/2023,WELSBR - Starr Boat Ramp on west shore 5 km upstream of Wells Dam,8/3/2023,8/3/2023,1
3DD.003E45CD8F,Mark,WELH - Wells Hatchery,8/3/2023,WELSBR - Starr Boat Ramp on west shore 5 km upstream of Wells Dam,8/3/2023,8/3/2023,1
3DD.003E45CD90,Mark,WELH - Wells Hatchery,8/3/2023,WELSBR - Starr Boat Ramp on west shore 5 km upstream of Wells Dam,8/3/2023,8/3/2023,1
3DD.003E45CD91,Mark,WELH - Wells Hatchery,8/1/2024,OMAKC - Omak Creek (tributary to Okanogan River),8/1/2024,8/1/2024,1
3DD.003E45CD92,Mark,WELH - Wells Hatchery,8/1/2024,OMAKC - Omak Creek (tributary to Okanogan River),8/1/2024,8/1/2024,1
3DD.003E45CD93,Mark,WELH - Wells Hatchery,8/17/2023,WELSBR - Starr Boat Ramp on west shore 5 km upstream of Wells Dam,8/17/2023,8/17/2023,1
3DD.003E45CD94,Mark,WELH - Wells Hatchery,7/25/2024,WELSBR - Starr Boat Ramp on west shore 5 km upstream of Wells Dam,7/25/2024,7/25/2024,1
3DD.003E45CD95,Mark,WELH - Wells Hatchery,7/25/2024,WELSBR - Starr Boat Ramp on west shore 5 km upstream of Wells Dam,7/25/2024,7/25/2024,1
3DD.003E45CD96,Mark,WELH - Wells Hatchery,8/1/2024,SIMILR - Similkameen River,8/1/2024,8/1/2024,1
3DD.003E45CD97,Mark,WELH - Wells Hatchery,7/25/2024,WELSBR - Starr Boat Ramp on west shore 5 km upstream of Wells Dam,7/25/2024,7/25/2024,1
3DD.003E45CD98,Mark,WELH - Wells Hatchery,8/1/2024,SIMILR - Similkameen River,8/1/2024,8/1/2024,1
3DD.003E45CD99,Mark,WELH - Wells Hatchery,8/1/2024,SIMILR - Similkameen River,8/1/2024,8/1/2024,1
3DD.003E45CD9A,Mark,WELH - Wells Hatchery,8/1/2024,SIMILR - Similkameen River,8/1/2024,8/1/2024,1
3DD.003E45CD9B,Mark,WELH - Wells Hatchery,8/1/2024,SIMILR - Similkameen River,8/1/2024,8/1/2024,1
3DD.003E45CD9C,Mark,WELH - Wells Hatchery,8/17/2023,WELSBR - Starr Boat Ramp on west shore 5 km upstream of Wells Dam,8/17/2023,8/17/2023,1
3DD.003E45CD9D,Mark,WELH - Wells Hatchery,8/1/2024,OMAKC - Omak Creek (tributary to Okanogan River),8/1/2024,8/1/2024,1
3DD.003E45CD9E,Mark,WELH - Wells Hatchery,8/1/2024,SIMILR - Similkameen River,8/1/2024,8/1/2024,1
3DD.003E45CD9F,Mark,WELH - Wells Hatchery,7/25/2024,WELSBR - Starr Boat Ramp on west shore 5 km upstream of Wells Dam,7/25/2024,7/25/2024,1
3DD.003E45CDA0,Mark,WELH - Wells Hatchery,7/25/2024,WELSBR - Starr Boat Ramp on west shore 5 km upstream of Wells Dam,7/25/2024,7/25/2024,1
3DD.003E45CDA1,Mark,WELH - Wells Hatchery,8/1/2024,OMAKC - Omak Creek (tributary to Okanogan River),8/1/2024,8/1/2024,1
3DD.003E45CDA2,Mark,WELH - Wells Hatchery,7/25/2024,WELSBR - Starr Boat Ramp on west shore 5 km upstream of Wells Dam,7/25/2024,7/25/2024,1
3DD.003E45CDA3,Mark,WELH - Wells Hatchery,8/1/2024,SIMILR - Similkameen River,8/1/2024,8/1/2024,1
3DD.003E45CDA4,Mark,WELH - Wells Hatchery,7/25/2024,WELSBR - Starr Boat Ramp on west shore 5 km upstream of Wells Dam,7/25/2024,7/25/2024,1
3DD.003E45CDA5,Mark,WELH - Wells Hatchery,7/25/2024,WELSBR - Starr Boat Ramp on west shore 5 km upstream of Wells Dam,7/25/2024,7/25/2024,1
3DD.003E45CDA6,Mark,WELH - Wells Hatchery,7/25/2024,WELSBR - Starr Boat Ramp on west shore 5 km upstream of Wells Dam,7/25/2024,7/25/2024,1
3DD.003E45CDA7,Mark,WELH - Wells Hatchery,8/1/2024,OMAKC - Omak Creek (tributary to Okanogan River),8/1/2024,8/1/2024,1
3DD.003E45CDA8,Mark,WELH - Wells Hatchery,8/1/2024,OMAKC - Omak Creek (tributary to Okanogan River),8/1/2024,8/1/2024,1
3DD.003E45CDA9,Mark,WELH - Wells Hatchery,7/25/2024,WELSBR - Starr Boat Ramp on west shore 5 km upstream of Wells Dam,7/25/2024,7/25/2024,1
3DD.003E45CDAA,Mark,WELH - Wells Hatchery,8/17/2023,WELSBR - Starr Boat Ramp on west shore 5 km upstream of Wells Dam,8/17/2023,8/17/2023,1
3DD.003E45CDAB,Mark,WELH - Wells Hatchery,7/25/2024,WELSBR - Starr Boat Ramp on west shore 5 km upstream of Wells Dam,7/25/2024,7/25/2024,1
3DD.003E45CDAC,Mark,WELH - Wells Hatchery,8/17/2023,WELSBR - Starr Boat Ramp on west shore 5 km upstream of Wells Dam,8/17/2023,8/17/2023,1
3DD.003E45CDAD,Mark,WELH - Wells Hatchery,8/1/2024,OMAKC - Omak Creek (tributary to Okanogan River),8/1/2024,8/1/2024,1
3DD.003E45CDAE,Mark,WELH - Wells Hatchery,8/1/2024,OMAKC - Omak Creek (tributary to Okanogan River),8/1/2024,8/1/2024,1
3DD.003E45CDAF,Mark,WELH - Wells Hatchery,7/25/2024,WELSBR - Starr Boat Ramp on west shore 5 km upstream of Wells Dam,7/25/2024,7/25/2024,1
3DD.003E45CDB0,Mark,WELH - Wells Hatchery,8/1/2024,SIMILR - Similkameen River,8/1/2024,8/1/2024,1
3DD.003E45CDB1,Mark,WELH - Wells Hatchery,8/1/2024,OMAKC - Omak Creek (tributary to Okanogan River),8/1/2024,8/1/2024,1
3DD.003E45CDB2,Mark,WELH - Wells Hatchery,8/17/2023,WELSBR - Starr Boat Ramp on west shore 5 km upstream of Wells Dam,8/17/2023,8/17/2023,1
3DD.003E45CDB3,Mark,WELH - Wells Hatchery,8/17/2023,WELSBR - Starr Boat Ramp on west shore 5 km upstream of Wells Dam,8/17/2023,8/17/2023,1
3DD.003E45CDB4,Mark,WELH - Wells Hatchery,8/1/2024,OMAKC - Omak Creek (tributary to Okanogan River),8/1/2024,8/1/2024,1
3DD.003E45CDB5,Mark,WELH - Wells Hatchery,8/1/2024,OMAKC - Omak Creek (tributary to Okanogan River),8/1/2024,8/1/2024,1
3DD.003E45CDB6,Mark,WELH - Wells Hatchery,7/25/2024,WELSBR - Starr Boat Ramp on west shore 5 km upstream of Wells Dam,7/25/2024,7/25/2024,1
3DD.003E45CDB7,Mark,WELH - Wells Hatchery,7/25/2024,WELSBR - Starr Boat Ramp on west shore 5 km upstream of Wells Dam,7/25/2024,7/25/2024,1
3DD.003E45CDB8,Mark,WELH - Wells Hatchery,7/25/2024,WELSBR - Starr Boat Ramp on west shore 5 km upstream of Wells Dam,7/25/2024,7/25/2024,1
3DD.003E45CDB9,Mark,WELH - Wells Hatchery,8/1/2024,OMAKC - Omak Creek (tributary to Okanogan River),8/1/2024,8/1/2024,1
3DD.003E45CDBA,Mark,WELH - Wells Hatchery,7/25/2024,WELSBR - Starr Boat Ramp on west shore 5 km upstream of Wells Dam,7/25/2024,7/25/2024,1
3DD.003E45CDBB,Mark,WELH - Wells Hatchery,8/1/2024,OMAKC - Omak Creek (tributary to Okanogan River),8/1/2024,8/1/2024,1
3DD.003E45CDBC,Mark,WELH - Wells Hatchery,8/1/2024,OMAKC - Omak Creek (tributary to Okanogan River),8/1/2024,8/1/2024,1
3DD.003E45CDBD,Mark,WELH - Wells Hatchery,7/25/2024,WELSBR - Starr Boat Ramp on west shore 5 km upstream of Wells Dam,7/25/2024,7/25/2024,1
3DD.003E45CDBE,Mark,WELH - Wells Hatchery,7/25/2024,WELSBR - Starr Boat Ramp on west shore 5 km upstream of Wells Dam,7/25/2024,7/25/2024,1
3DD.003E45CDBF,Mark,WELH - Wells Hatchery,8/1/2024,SIMILR - Similkameen River,8/1/2024,8/1/2024,1
3DD.003E45CDC0,Mark,WELH - Wells Hatchery,8/1/2024,SIMILR - Similkameen River,8/1/2024,8/1/2024,1
3DD.003E45CDC1,Mark,WELH - Wells Hatchery,8/1/2024,SIMILR - Similkameen River,8/1/2024,8/1/2024,1
3DD.003E45CDC2,Mark,WELH - Wells Hatchery,8/1/2024,OMAKC - Omak Creek (tributary to Okanogan River),8/1/2024,8/1/2024,1
3DD.003E45CDC3,Mark,WELH - Wells Hatchery,8/1/2024,OMAKC - Omak Creek (tributary to Okanogan River),8/1/2024,8/1/2024,1
3DD.003E45CDC4,Mark,WELH - Wells Hatchery,8/17/2023,WELSBR - Starr Boat Ramp on west shore 5 km upstream of Wells Dam,8/17/2023,8/17/2023,1
3DD.003E45CDC5,Mark,WELH - Wells Hatchery,8/1/2024,OMAKC - Omak Creek (tributary to Okanogan River),8/1/2024,8/1/2024,1
3DD.003E45CDC6,Mark,WELH - Wells Hatchery,8/17/2023,WELSBR - Starr Boat Ramp on west shore 5 km upstream of Wells Dam,8/17/2023,8/17/2023,1
3DD.003E45CDC7,Mark,WELH - Wells Hatchery,8/17/2023,WELSBR - Starr Boat Ramp on west shore 5 km upstream of Wells Dam,8/17/2023,8/17/2023,1
3DD.003E45CDC8,Mark,WELH - Wells Hatchery,7/25/2024,WELSBR - Starr Boat Ramp on west shore 5 km upstream of Wells Dam,7/25/2024,7/25/2024,1
3DD.003E45CDC9,Mark,WELH - Wells Hatchery,7/25/2024,WELSBR - Starr Boat Ramp on west shore 5 km upstream of Wells Dam,7/25/2024,7/25/2024,1
3DD.003E45CDCA,Mark,WELH - Wells Hatchery,8/17/2023,WELSBR - Starr Boat Ramp on west shore 5 km upstream of Wells Dam,8/17/2023,8/17/2023,1
3DD.003E45CDCB,Mark,WELH - Wells Hatchery,8/1/2024,OMAKC - Omak Creek (tributary to Okanogan River),8/1/2024,8/1/2024,1
3DD.003E45CDCC,Mark,WELH - Wells Hatchery,7/25/2024,WELSBR - Starr Boat Ramp on west shore 5 km upstream of Wells Dam,7/25/2024,7/25/2024,1
3DD.003E45CDCD,Mark,WELH - Wells Hatchery,8/1/2024,SIMILR - Similkameen River,8/1/2024,8/1/2024,1
3DD.003E45CDCE,Mark,WELH - Wells Hatchery,8/1/2024,SIMILR - Similkameen River,8/1/2024,8/1/2024,1
3DD.003E45CDCF,Mark,WELH - Wells Hatchery,8/17/2023,WELSBR - Starr Boat Ramp on west shore 5 km upstream of Wells Dam,8/17/2023,8/17/2023,1
3DD.003E45CDD0,Mark,WELH - Wells Hatchery,8/1/2024,OMAKC - Omak Creek (tributary to Okanogan River),8/1/2024,8/1/2024,1
3DD.003E45CDD1,Mark,WELH - Wells Hatchery,7/25/2024,WELSBR - Starr Boat Ramp on west shore 5 km upstream of Wells Dam,7/25/2024,7/25/2024,1
3DD.003E45CDD2,Mark,WELH - Wells Hatchery,8/1/2024,SIMILR - Similkameen River,8/1/2024,8/1/2024,1
3DD.003E45CDD3,Mark,WELH - Wells Hatchery,7/25/2024,WELSBR - Starr Boat Ramp on west shore 5 km upstream of Wells Dam,7/25/2024,7/25/2024,1
3DD.003E45CDD4,Mark,WELH - Wells Hatchery,7/25/2024,WELSBR - Starr Boat Ramp on west shore 5 km upstream of Wells Dam,7/25/2024,7/25/2024,1
3DD.003E45CDD5,Mark,WELH - Wells Hatchery,8/1/2024,SIMILR - Similkameen River,8/1/2024,8/1/2024,1
3DD.003E45CDD6,Mark,WELH - Wells Hatchery,8/1/2024,OMAKC - Omak Creek (tributary to Okanogan River),8/1/2024,8/1/2024,1
3DD.003E45CDD7,Mark,WELH - Wells Hatchery,8/1/2024,SIMILR - Similkameen River,8/1/2024,8/1/2024,1
3DD.003E45CDD8,Mark,WELH - Wells Hatchery,8/17/2023,WELSBR - Starr Boat Ramp on west shore 5 km upstream of Wells Dam,8/17/2023,8/17/2023,1
3DD.003E45CDD9,Mark,WELH - Wells Hatchery,7/25/2024,WELSBR - Starr Boat Ramp on west shore 5 km upstream of Wells Dam,7/25/2024,7/25/2024,1
3DD.003E45CDDA,Mark,WELH - Wells Hatchery,8/17/2023,WELSBR - Starr Boat Ramp on west shore 5 km upstream of Wells Dam,8/17/2023,8/17/2023,1
3DD.003E45CDDB,Mark,WELH - Wells Hatchery,8/1/2024,SIMILR - Similkameen River,8/1/2024,8/1/2024,1
3DD.003E45CDDC,Mark,WELH - Wells Hatchery,7/25/2024,WELSBR - Starr Boat Ramp on west shore 5 km upstream of Wells Dam,7/25/2024,7/25/2024,1
3DD.003E45CDDD,Mark,WELH - Wells Hatchery,8/17/2023,WELSBR - Starr Boat Ramp on west shore 5 km upstream of Wells Dam,8/17/2023,8/17/2023,1
3DD.003E45CDDE,Mark,WELH - Wells Hatchery,8/1/2024,SIMILR - Similkameen River,8/1/2024,8/1/2024,1
3DD.003E45CDDF,Mark,WELH - Wells Hatchery,8/1/2024,OMAKC - Omak Creek (tributary to Okanogan River),8/1/2024,8/1/2024,1
3DD.003E45CDE0,Mark,WELH - Wells Hatchery,8/1/2024,SIMILR - Similkameen River,8/1/2024,8/1/2024,1
3DD.003E45CDE1,Mark,WELH - Wells Hatchery,8/17/2023,WELSBR - Starr Boat Ramp on west shore 5 km upstream of Wells Dam,8/17/2023,8/17/2023,1
3DD.003E45CDE2,Mark,WELH - Wells Hatchery,8/1/2024,OMAKC - Omak Creek (tributary to Okanogan River),8/1/2024,8/1/2024,1
3DD.003E45CDE3,Mark,WELH - Wells Hatchery,8/1/2024,OMAKC - Omak Creek (tributary to Okanogan River),8/1/2024,8/1/2024,1
3DD.003E45CDE4,Mark,WELH - Wells Hatchery,8/1/2024,OMAKC - Omak Creek (tributary to Okanogan River),8/1/2024,8/1/2024,1
3DD.003E45CDE5,Mark,WELH - Wells Hatchery,8/1/2024,SIMILR - Similkameen River,8/1/2024,8/1/2024,1
3DD.003E45CDE6,Mark,WELH - Wells Hatchery,8/17/2023,WELSBR - Starr Boat Ramp on west shore 5 km upstream of Wells Dam,8/17/2023,8/17/2023,1
3DD.003E45CDE7,Mark,WELH - Wells Hatchery,7/25/2024,WELSBR - Starr Boat Ramp on west shore 5 km upstream of Wells Dam,7/25/2024,7/25/2024,1
3DD.003E45CDE8,Mark,WELH - Wells Hatchery,8/1/2024,SIMILR - Similkameen River,8/1/2024,8/1/2024,1
3DD.003E45CDE9,Mark,WELH - Wells Hatchery,8/1/2024,SIMILR - Similkameen River,8/1/2024,8/1/2024,1
3DD.003E45CDEA,Mark,WELH - Wells Hatchery,7/25/2024,WELSBR - Starr Boat Ramp on west shore 5 km upstream of Wells Dam,7/25/2024,7/25/2024,1
3DD.003E45CDEB,Mark,WELH - Wells Hatchery,8/1/2024,OMAKC - Omak Creek (tributary to Okanogan River),8/1/2024,8/1/2024,1
3DD.003E45CDEC,Mark,WELH - Wells Hatchery,8/1/2024,SIMILR - Similkameen River,8/1/2024,8/1/2024,1
3DD.003E45CDED,Mark,WELH - Wells Hatchery,7/25/2024,WELSBR - Starr Boat Ramp on west shore 5 km upstream of Wells Dam,7/25/2024,7/25/2024,1
3DD.003E45CDEE,Mark,WELH - Wells Hatchery,8/1/2024,SIMILR - Similkameen River,8/1/2024,8/1/2024,1
3DD.003E45CDEF,Mark,WELH - Wells Hatchery,8/1/2024,SIMILR - Similkameen River,8/1/2024,8/1/2024,1
3DD.003E45CDF0,Mark,WELH - Wells Hatchery,8/1/2024,SIMILR - Similkameen River,8/1/2024,8/1/2024,1
3DD.003E45CDF1,Mark,WELH - Wells Hatchery,8/1/2024,SIMILR - Similkameen River,8/1/2024,8/1/2024,1
3DD.003E45CDF2,Mark,WELH - Wells Hatchery,8/17/2023,WELSBR - Starr Boat Ramp on west shore 5 km upstream of Wells Dam,8/17/2023,8/17/2023,1
3DD.003E45CDF3,Mark,WELH - Wells Hatchery,8/17/2023,WELSBR - Starr Boat Ramp on west shore 5 km upstream of Wells Dam,8/17/2023,8/17/2023,1
3DD.003E45CDF4,Mark,WELH - Wells Hatchery,7/25/2024,WELSBR - Starr Boat Ramp on west shore 5 km upstream of Wells Dam,7/25/2024,7/25/2024,1
3DD.003E45CDF5,Mark,WELH - Wells Hatchery,7/25/2024,WELSBR - Starr Boat Ramp on west shore 5 km upstream of Wells Dam,7/25/2024,7/25/2024,1
3DD.003E45CDF6,Mark,WELH - Wells Hatchery,7/25/2024,WELSBR - Starr Boat Ramp on west shore 5 km upstream of Wells Dam,7/25/2024,7/25/2024,1
3DD.003E45CDF7,Mark,WELH - Wells Hatchery,7/25/2024,WELSBR - Starr Boat Ramp on west shore 5 km upstream of Wells Dam,7/25/2024,7/25/2024,1
3DD.003E45CDF8,Mark,WELH - Wells Hatchery,7/18/2024,SALMOC - Salmon Creek (tributary to Okanogan River),7/18/2024,7/18/2024,1
3DD.003E45CDF9,Mark,WELH - Wells Hatchery,7/18/2024,SALMOC - Salmon Creek (tributary to Okanogan River),7/18/2024,7/18/2024,1
3DD.003E45CDFA,Mark,WELH - Wells Hatchery,7/25/2024,WELSBR - Starr Boat Ramp on west shore 5 km upstream of Wells Dam,7/25/2024,7/25/2024,1
3DD.003E45CDFB,Mark,WELH - Wells Hatchery,7/25/2024,WELSBR - Starr Boat Ramp on west shore 5 km upstream of Wells Dam,7/25/2024,7/25/2024,1
3DD.003E45CDFC,Mark,WELH - Wells Hatchery,7/25/2024,WELSBR - Starr Boat Ramp on west shore 5 km upstream of Wells Dam,7/25/2024,7/25/2024,1
3DD.003E45CDFD,Mark,WELH - Wells Hatchery,7/25/2024,WELSBR - Starr Boat Ramp on west shore 5 km upstream of Wells Dam,7/25/2024,7/25/2024,1
3DD.003E45CDFE,Mark,WELH - Wells Hatchery,7/25/2024,WELSBR - Starr Boat Ramp on west shore 5 km upstream of Wells Dam,7/25/2024,7/25/2024,1
3DD.003E45CDFF,Mark,WELH - Wells Hatchery,7/25/2024,WELSBR - Starr Boat Ramp on west shore 5 km upstream of Wells Dam,7/25/2024,7/25/2024,1
3DD.003E45CE00,Mark,WELH - Wells Hatchery,7/25/2024,WELSBR - Starr Boat Ramp on west shore 5 km upstream of Wells Dam,7/25/2024,7/25/2024,1
3DD.003E45CE01,Mark,WELH - Wells Hatchery,7/18/2024,SALMOC - Salmon Creek (tributary to Okanogan River),7/18/2024,7/18/2024,1
3DD.003E45CE02,Mark,WELH - Wells Hatchery,7/25/2024,WELSBR - Starr Boat Ramp on west shore 5 km upstream of Wells Dam,7/25/2024,7/25/2024,1
3DD.003E45CE03,Mark,WELH - Wells Hatchery,7/25/2024,WELSBR - Starr Boat Ramp on west shore 5 km upstream of Wells Dam,7/25/2024,7/25/2024,1
3DD.003E45CE04,Mark,WELH - Wells Hatchery,7/18/2024,SALMOC - Salmon Creek (tributary to Okanogan River),7/18/2024,7/18/2024,1
3DD.003E45CE05,Mark,WELH - Wells Hatchery,7/25/2024,WELSBR - Starr Boat Ramp on west shore 5 km upstream of Wells Dam,7/25/2024,7/25/2024,1
3DD.003E45CE06,Mark,WELH - Wells Hatchery,7/25/2024,WELSBR - Starr Boat Ramp on west shore 5 km upstream of Wells Dam,7/25/2024,7/25/2024,1
3DD.003E45CE07,Mark,WELH - Wells Hatchery,7/25/2024,WELSBR - Starr Boat Ramp on west shore 5 km upstream of Wells Dam,7/25/2024,7/25/2024,1
3DD.003E45CE08,Mark,WELH - Wells Hatchery,7/25/2024,WELSBR - Starr Boat Ramp on west shore 5 km upstream of Wells Dam,7/25/2024,7/25/2024,1
3DD.003E45CE09,Mark,WELH - Wells Hatchery,7/18/2024,SALMOC - Salmon Creek (tributary to Okanogan River),7/18/2024,7/18/2024,1
3DD.003E45CE0A,Mark,WELH - Wells Hatchery,7/25/2024,WELSBR - Starr Boat Ramp on west shore 5 km upstream of Wells Dam,7/25/2024,7/25/2024,1
3DD.003E45CE0B,Mark,WELH - Wells Hatchery,7/25/2024,WELSBR - Starr Boat Ramp on west shore 5 km upstream of Wells Dam,7/25/2024,7/25/2024,1
3DD.003E45CE0C,Mark,WELH - Wells Hatchery,7/25/2024,WELSBR - Starr Boat Ramp on west shore 5 km upstream of Wells Dam,7/25/2024,7/25/2024,1
3DD.003E45CE0D,Mark,WELH - Wells Hatchery,7/25/2024,WELSBR - Starr Boat Ramp on west shore 5 km upstream of Wells Dam,7/25/2024,7/25/2024,1
3DD.003E45CE0E,Mark,WELH - Wells Hatchery,7/25/2024,WELSBR - Starr Boat Ramp on west shore 5 km upstream of Wells Dam,7/25/2024,7/25/2024,1
3DD.003E45CE0F,Mark,WELH - Wells Hatchery,7/25/2024,WELSBR - Starr Boat Ramp on west shore 5 km upstream of Wells Dam,7/25/2024,7/25/2024,1
3DD.003E45CE10,Mark,WELH - Wells Hatchery,7/25/2024,WELSBR - Starr Boat Ramp on west shore 5 km upstream of Wells Dam,7/25/2024,7/25/2024,1
3DD.003E45CE11,Mark,WELH - Wells Hatchery,7/25/2024,WELSBR - Starr Boat Ramp on west shore 5 km upstream of Wells Dam,7/25/2024,7/25/2024,1
3DD.003E45CE12,Mark,WELH - Wells Hatchery,7/25/2024,WELSBR - Starr Boat Ramp on west shore 5 km upstream of Wells Dam,7/25/2024,7/25/2024,1
3DD.003E45CE13,Mark,WELH - Wells Hatchery,7/25/2024,WELSBR - Starr Boat Ramp on west shore 5 km upstream of Wells Dam,7/25/2024,7/25/2024,1
3DD.003E45CE14,Mark,WELH - Wells Hatchery,7/25/2024,WELSBR - Starr Boat Ramp on west shore 5 km upstream of Wells Dam,7/25/2024,7/25/2024,1
3DD.003E45CE15,Mark,WELH - Wells Hatchery,7/25/2024,WELSBR - Starr Boat Ramp on west shore 5 km upstream of Wells Dam,7/25/2024,7/25/2024,1
3DD.003E45CE16,Mark,WELH - Wells Hatchery,7/25/2024,WELSBR - Starr Boat Ramp on west shore 5 km upstream of Wells Dam,7/25/2024,7/25/2024,1
3DD.003E45CE17,Mark,WELH - Wells Hatchery,7/18/2024,SALMOC - Salmon Creek (tributary to Okanogan River),7/18/2024,7/18/2024,1
3DD.003E45CE18,Mark,WELH - Wells Hatchery,7/25/2024,WELSBR - Starr Boat Ramp on west shore 5 km upstream of Wells Dam,7/25/2024,7/25/2024,1
3DD.003E45CE19,Mark,WELH - Wells Hatchery,7/25/2024,WELSBR - Starr Boat Ramp on west shore 5 km upstream of Wells Dam,7/25/2024,7/25/2024,1
3DD.003E45CE1A,Mark,WELH - Wells Hatchery,7/25/2024,WELSBR - Starr Boat Ramp on west shore 5 km upstream of Wells Dam,7/25/2024,7/25/2024,1
3DD.003E45CE1B,Mark,WELH - Wells Hatchery,7/25/2024,WELSBR - Starr Boat Ramp on west shore 5 km upstream of Wells Dam,7/25/2024,7/25/2024,1
3DD.003E45CE1C,Mark,WELH - Wells Hatchery,7/25/2024,WELSBR - Starr Boat Ramp on west shore 5 km upstream of Wells Dam,7/25/2024,7/25/2024,1
3DD.003E45CE1D,Mark,WELH - Wells Hatchery,7/25/2024,WELSBR - Starr Boat Ramp on west shore 5 km upstream of Wells Dam,7/25/2024,7/25/2024,1
3DD.003E45CE1E,Mark,WELH - Wells Hatchery,7/25/2024,WELSBR - Starr Boat Ramp on west shore 5 km upstream of Wells Dam,7/25/2024,7/25/2024,1
3DD.003E45CE1F,Mark,WELH - Wells Hatchery,7/25/2024,WELSBR - Starr Boat Ramp on west shore 5 km upstream of Wells Dam,7/25/2024,7/25/2024,1
3DD.003E45CE20,Mark,WELH - Wells Hatchery,7/25/2024,WELSBR - Starr Boat Ramp on west shore 5 km upstream of Wells Dam,7/25/2024,7/25/2024,1
3DD.003E45CE21,Mark,WELH - Wells Hatchery,7/25/2024,WELSBR - Starr Boat Ramp on west shore 5 km upstream of Wells Dam,7/25/2024,7/25/2024,1
3DD.003E45CE22,Mark,WELH - Wells Hatchery,7/25/2024,WELSBR - Starr Boat Ramp on west shore 5 km upstream of Wells Dam,7/25/2024,7/25/2024,1
3DD.003E45CE23,Mark,WELH - Wells Hatchery,7/25/2024,WELSBR - Starr Boat Ramp on west shore 5 km upstream of Wells Dam,7/25/2024,7/25/2024,1
3DD.003E45CE24,Mark,WELH - Wells Hatchery,7/25/2024,WELSBR - Starr Boat Ramp on west shore 5 km upstream of Wells Dam,7/25/2024,7/25/2024,1
3DD.003E45CE25,Mark,WELH - Wells Hatchery,7/25/2024,WELSBR - Starr Boat Ramp on west shore 5 km upstream of Wells Dam,7/25/2024,7/25/2024,1
3DD.003E45CE26,Mark,WELH - Wells Hatchery,7/25/2024,WELSBR - Starr Boat Ramp on west shore 5 km upstream of Wells Dam,7/25/2024,7/25/2024,1
3DD.003E45CE27,Mark,WELH - Wells Hatchery,7/25/2024,WELSBR - Starr Boat Ramp on west shore 5 km upstream of Wells Dam,7/25/2024,7/25/2024,1
3DD.003E45CE28,Mark,WELH - Wells Hatchery,7/25/2024,WELSBR - Starr Boat Ramp on west shore 5 km upstream of Wells Dam,7/25/2024,7/25/2024,1
3DD.003E45CE29,Mark,WELH - Wells Hatchery,7/25/2024,WELSBR - Starr Boat Ramp on west shore 5 km upstream of Wells Dam,7/25/2024,7/25/2024,1
3DD.003E45CE2A,Mark,WELH - Wells Hatchery,7/25/2024,WELSBR - Starr Boat Ramp on west shore 5 km upstream of Wells Dam,7/25/2024,7/25/2024,1
3DD.003E45CE2B,Mark,WELH - Wells Hatchery,7/25/2024,WELSBR - Starr Boat Ramp on west shore 5 km upstream of Wells Dam,7/25/2024,7/25/2024,1
3DD.003E45CE2C,Mark,WELH - Wells Hatchery,7/25/2024,WELSBR - Starr Boat Ramp on west shore 5 km upstream of Wells Dam,7/25/2024,7/25/2024,1
3DD.003E45CE2D,Mark,WELH - Wells Hatchery,7/25/2024,WELSBR - Starr Boat Ramp on west shore 5 km upstream of Wells Dam,7/25/2024,7/25/2024,1
3DD.003E45CE2E,Mark,WELH - Wells Hatchery,7/25/2024,WELSBR - Starr Boat Ramp on west shore 5 km upstream of Wells Dam,7/25/2024,7/25/2024,1
3DD.003E45CE2F,Mark,WELH - Wells Hatchery,7/25/2024,WELSBR - Starr Boat Ramp on west shore 5 km upstream of Wells Dam,7/25/2024,7/25/2024,1
3DD.003E45CE30,Mark,WELH - Wells Hatchery,7/25/2024,WELSBR - Starr Boat Ramp on west shore 5 km upstream of Wells Dam,7/25/2024,7/25/2024,1
3DD.003E45CE31,Mark,WELH - Wells Hatchery,7/25/2024,WELSBR - Starr Boat Ramp on west shore 5 km upstream of Wells Dam,7/25/2024,7/25/2024,1
3DD.003E45CE32,Mark,WELH - Wells Hatchery,7/25/2024,WELSBR - Starr Boat Ramp on west shore 5 km upstream of Wells Dam,7/25/2024,7/25/2024,1
3DD.003E45CE33,Mark,WELH - Wells Hatchery,7/25/2024,WELSBR - Starr Boat Ramp on west shore 5 km upstream of Wells Dam,7/25/2024,7/25/2024,1
3DD.003E45CE34,Mark,WELH - Wells Hatchery,7/25/2024,WELSBR - Starr Boat Ramp on west shore 5 km upstream of Wells Dam,7/25/2024,7/25/2024,1
3DD.003E45CE35,Mark,WELH - Wells Hatchery,7/25/2024,WELSBR - Starr Boat Ramp on west shore 5 km upstream of Wells Dam,7/25/2024,7/25/2024,1
3DD.003E45CE36,Mark,WELH - Wells Hatchery,7/18/2024,SALMOC - Salmon Creek (tributary to Okanogan River),7/18/2024,7/18/2024,1
3DD.003E45CE37,Mark,WELH - Wells Hatchery,7/25/2024,WELSBR - Starr Boat Ramp on west shore 5 km upstream of Wells Dam,7/25/2024,7/25/2024,1
3DD.003E45CE38,Mark,WELH - Wells Hatchery,7/25/2024,WELSBR - Starr Boat Ramp on west shore 5 km upstream of Wells Dam,7/25/2024,7/25/2024,1
3DD.003E45CE39,Mark,WELH - Wells Hatchery,7/25/2024,WELSBR - Starr Boat Ramp on west shore 5 km upstream of Wells Dam,7/25/2024,7/25/2024,1
3DD.003E45CE3A,Mark,WELH - Wells Hatchery,7/25/2024,WELSBR - Starr Boat Ramp on west shore 5 km upstream of Wells Dam,7/25/2024,7/25/2024,1
3DD.003E45CE3B,Mark,WELH - Wells Hatchery,7/25/2024,WELSBR - Starr Boat Ramp on west shore 5 km upstream of Wells Dam,7/25/2024,7/25/2024,1
3DD.003E45CE3C,Mark,WELH - Wells Hatchery,7/25/2024,WELSBR - Starr Boat Ramp on west shore 5 km upstream of Wells Dam,7/25/2024,7/25/2024,1
3DD.003E45CE3D,Mark,WELH - Wells Hatchery,7/25/2024,WELSBR - Starr Boat Ramp on west shore 5 km upstream of Wells Dam,7/25/2024,7/25/2024,1
3DD.003E45CE3E,Mark,WELH - Wells Hatchery,7/25/2024,WELSBR - Starr Boat Ramp on west shore 5 km upstream of Wells Dam,7/25/2024,7/25/2024,1
3DD.003E45CE3F,Mark,WELH - Wells Hatchery,7/25/2024,WELSBR - Starr Boat Ramp on west shore 5 km upstream of Wells Dam,7/25/2024,7/25/2024,1
3DD.003E45CE40,Mark,WELH - Wells Hatchery,7/25/2024,WELSBR - Starr Boat Ramp on west shore 5 km upstream of Wells Dam,7/25/2024,7/25/2024,1
3DD.003E45CE41,Mark,WELH - Wells Hatchery,7/25/2024,WELSBR - Starr Boat Ramp on west shore 5 km upstream of Wells Dam,7/25/2024,7/25/2024,1
3DD.003E45CE42,Mark,WELH - Wells Hatchery,7/25/2024,WELSBR - Starr Boat Ramp on west shore 5 km upstream of Wells Dam,7/25/2024,7/25/2024,1
3DD.003E45CE43,Mark,WELH - Wells Hatchery,7/25/2024,WELSBR - Starr Boat Ramp on west shore 5 km upstream of Wells Dam,7/25/2024,7/25/2024,1
3DD.003E45CE44,Mark,WELH - Wells Hatchery,7/25/2024,WELSBR - Starr Boat Ramp on west shore 5 km upstream of Wells Dam,7/25/2024,7/25/2024,1
3DD.003E45CE45,Mark,WELH - Wells Hatchery,7/25/2024,WELSBR - Starr Boat Ramp on west shore 5 km upstream of Wells Dam,7/25/2024,7/25/2024,1
3DD.003E45CE46,Mark,WELH - Wells Hatchery,7/25/2024,WELSBR - Starr Boat Ramp on west shore 5 km upstream of Wells Dam,7/25/2024,7/25/2024,1
3DD.003E45CE47,Mark,WELH - Wells Hatchery,7/25/2024,WELSBR - Starr Boat Ramp on west shore 5 km upstream of Wells Dam,7/25/2024,7/25/2024,1
3DD.003E45CE48,Mark,WELH - Wells Hatchery,7/25/2024,WELSBR - Starr Boat Ramp on west shore 5 km upstream of Wells Dam,7/25/2024,7/25/2024,1
3DD.003E45CE49,Mark,WELH - Wells Hatchery,7/25/2024,WELSBR - Starr Boat Ramp on west shore 5 km upstream of Wells Dam,7/25/2024,7/25/2024,1
3DD.003E45CE4A,Mark,WELH - Wells Hatchery,7/25/2024,WELSBR - Starr Boat Ramp on west shore 5 km upstream of Wells Dam,7/25/2024,7/25/2024,1
3DD.003E45CE4B,Mark,WELH - Wells Hatchery,7/25/2024,WELSBR - Starr Boat Ramp on west shore 5 km upstream of Wells Dam,7/25/2024,7/25/2024,1
3DD.003E45CE4C,Mark,WELH - Wells Hatchery,7/25/2024,WELSBR - Starr Boat Ramp on west shore 5 km upstream of Wells Dam,7/25/2024,7/25/2024,1
3DD.003E45CE4D,Mark,WELH - Wells Hatchery,7/18/2024,SALMOC - Salmon Creek (tributary to Okanogan River),7/18/2024,7/18/2024,1
3DD.003E45CE4E,Mark,WELH - Wells Hatchery,7/25/2024,WELSBR - Starr Boat Ramp on west shore 5 km upstream of Wells Dam,7/25/2024,7/25/2024,1
3DD.003E45CE4F,Mark,WELH - Wells Hatchery,7/25/2024,WELSBR - Starr Boat Ramp on west shore 5 km upstream of Wells Dam,7/25/2024,7/25/2024,1
3DD.003E45CE50,Mark,WELH - Wells Hatchery,7/25/2024,WELSBR - Starr Boat Ramp on west shore 5 km upstream of Wells Dam,7/25/2024,7/25/2024,1
3DD.003E45CE51,Mark,WELH - Wells Hatchery,7/25/2024,WELSBR - Starr Boat Ramp on west shore 5 km upstream of Wells Dam,7/25/2024,7/25/2024,1
3DD.003E45CE52,Mark,WELH - Wells Hatchery,7/25/2024,WELSBR - Starr Boat Ramp on west shore 5 km upstream of Wells Dam,7/25/2024,7/25/2024,1
3DD.003E45CE53,Mark,WELH - Wells Hatchery,7/25/2024,WELSBR - Starr Boat Ramp on west shore 5 km upstream of Wells Dam,7/25/2024,7/25/2024,1
3DD.003E45CE54,Mark,WELH - Wells Hatchery,7/25/2024,WELSBR - Starr Boat Ramp on west shore 5 km upstream of Wells Dam,7/25/2024,7/25/2024,1
3DD.003E45CE55,Mark,WELH - Wells Hatchery,7/25/2024,WELSBR - Starr Boat Ramp on west shore 5 km upstream of Wells Dam,7/25/2024,7/25/2024,1
3DD.003E45CE56,Mark,WELH - Wells Hatchery,7/18/2024,SALMOC - Salmon Creek (tributary to Okanogan River),7/18/2024,7/18/2024,1
3DD.003E45CE57,Mark,WELH - Wells Hatchery,7/25/2024,WELSBR - Starr Boat Ramp on west shore 5 km upstream of Wells Dam,7/25/2024,7/25/2024,1
3DD.003E45CE58,Mark,WELH - Wells Hatchery,7/25/2024,WELSBR - Starr Boat Ramp on west shore 5 km upstream of Wells Dam,7/25/2024,7/25/2024,1
3DD.003E45CEBE,Mark,WELH - Wells Hatchery,7/18/2024,SALMOC - Salmon Creek (tributary to Okanogan River),7/18/2024,7/18/2024,1
3DD.003E45CEBF,Mark,WELH - Wells Hatchery,7/18/2024,"LOUPLC - Loup Loup Creek, Okanogan River Basin",7/18/2024,7/18/2024,1
3DD.003E45CEC0,Mark,WELH - Wells Hatchery,7/18/2024,"LOUPLC - Loup Loup Creek, Okanogan River Basin",7/18/2024,7/18/2024,1
3DD.003E45CEC1,Mark,WELH - Wells Hatchery,7/18/2024,SALMOC - Salmon Creek (tributary to Okanogan River),7/18/2024,7/18/2024,1
3DD.003E45CEC3,Mark,WELH - Wells Hatchery,7/18/2024,SALMOC - Salmon Creek (tributary to Okanogan River),7/18/2024,7/18/2024,1
3DD.003E45CEC5,Mark,WELH - Wells Hatchery,7/18/2024,SALMOC - Salmon Creek (tributary to Okanogan River),7/18/2024,7/18/2024,1
3DD.003E45CEC8,Mark,WELH - Wells Hatchery,7/18/2024,SALMOC - Salmon Creek (tributary to Okanogan River),7/18/2024,7/18/2024,1
3DD.003E45CEC9,Mark,WELH - Wells Hatchery,7/18/2024,"LOUPLC - Loup Loup Creek, Okanogan River Basin",7/18/2024,7/18/2024,1
3DD.003E45CECA,Mark,WELH - Wells Hatchery,7/18/2024,SALMOC - Salmon Creek (tributary to Okanogan River),7/18/2024,7/18/2024,1
3DD.003E45CECB,Mark,WELH - Wells Hatchery,7/18/2024,"LOUPLC - Loup Loup Creek, Okanogan River Basin",7/18/2024,7/18/2024,1
3DD.003E45CECC,Mark,WELH - Wells Hatchery,7/18/2024,"LOUPLC - Loup Loup Creek, Okanogan River Basin",7/18/2024,7/18/2024,1
3DD.003E45CECD,Mark,WELH - Wells Hatchery,7/18/2024,"LOUPLC - Loup Loup Creek, Okanogan River Basin",7/18/2024,7/18/2024,1
3DD.003E45CECF,Mark,WELH - Wells Hatchery,7/18/2024,SALMOC - Salmon Creek (tributary to Okanogan River),7/18/2024,7/18/2024,1
3DD.003E45CED1,Mark,WELH - Wells Hatchery,7/18/2024,SALMOC - Salmon Creek (tributary to Okanogan River),7/18/2024,7/18/2024,1
3DD.003E45CED4,Mark,WELH - Wells Hatchery,7/18/2024,"LOUPLC - Loup Loup Creek, Okanogan River Basin",7/18/2024,7/18/2024,1
3DD.003E45CED5,Mark,WELH - Wells Hatchery,7/18/2024,SALMOC - Salmon Creek (tributary to Okanogan River),7/18/2024,7/18/2024,1
3DD.003E45CED6,Mark,WELH - Wells Hatchery,7/18/2024,SALMOC - Salmon Creek (tributary to Okanogan River),7/18/2024,7/18/2024,1
3DD.003E45CED9,Mark,WELH - Wells Hatchery,7/18/2024,"LOUPLC - Loup Loup Creek, Okanogan River Basin",7/18/2024,7/18/2024,1
3DD.003E45CEDB,Mark,WELH - Wells Hatchery,7/18/2024,SALMOC - Salmon Creek (tributary to Okanogan River),7/18/2024,7/18/2024,1
3DD.003E45CEDC,Mark,WELH - Wells Hatchery,7/18/2024,SALMOC - Salmon Creek (tributary to Okanogan River),7/18/2024,7/18/2024,1
3DD.003E45CEDD,Mark,WELH - Wells Hatchery,7/18/2024,"LOUPLC - Loup Loup Creek, Okanogan River Basin",7/18/2024,7/18/2024,1
3DD.003E45CEE2,Mark,WELH - Wells Hatchery,7/18/2024,"LOUPLC - Loup Loup Creek, Okanogan River Basin",7/18/2024,7/18/2024,1
3DD.003E45CEE3,Mark,WELH - Wells Hatchery,7/18/2024,"LOUPLC - Loup Loup Creek, Okanogan River Basin",7/18/2024,7/18/2024,1
3DD.003E45CEE4,Mark,WELH - Wells Hatchery,7/18/2024,"LOUPLC - Loup Loup Creek, Okanogan River Basin",7/18/2024,7/18/2024,1
3DD.003E45CEE5,Mark,WELH - Wells Hatchery,7/18/2024,SALMOC - Salmon Creek (tributary to Okanogan River),7/18/2024,7/18/2024,1
3DD.003E45CEE6,Mark,WELH - Wells Hatchery,7/18/2024,"LOUPLC - Loup Loup Creek, Okanogan River Basin",7/18/2024,7/18/2024,1
3DD.003E45CEE8,Mark,WELH - Wells Hatchery,7/18/2024,SALMOC - Salmon Creek (tributary to Okanogan River),7/18/2024,7/18/2024,1
3DD.003E45CEE9,Mark,WELH - Wells Hatchery,7/18/2024,SALMOC - Salmon Creek (tributary to Okanogan River),7/18/2024,7/18/2024,1
3DD.003E45CEEA,Mark,WELH - Wells Hatchery,7/18/2024,"LOUPLC - Loup Loup Creek, Okanogan River Basin",7/18/2024,7/18/2024,1
3DD.003E45CEED,Mark,WELH - Wells Hatchery,7/18/2024,SALMOC - Salmon Creek (tributary to Okanogan River),7/18/2024,7/18/2024,1
3DD.003E45CEEE,Mark,WELH - Wells Hatchery,7/18/2024,SALMOC - Salmon Creek (tributary to Okanogan River),7/18/2024,7/18/2024,1
3DD.003E45CEEF,Mark,WELH - Wells Hatchery,7/18/2024,"LOUPLC - Loup Loup Creek, Okanogan River Basin",7/18/2024,7/18/2024,1
3DD.003E45CEF0,Mark,WELH - Wells Hatchery,7/18/2024,"LOUPLC - Loup Loup Creek, Okanogan River Basin",7/18/2024,7/18/2024,1
3DD.003E45CEF1,Mark,WELH - Wells Hatchery,7/18/2024,"LOUPLC - Loup Loup Creek, Okanogan River Basin",7/18/2024,7/18/2024,1
3DD.003E45CEF2,Mark,WELH - Wells Hatchery,7/18/2024,"LOUPLC - Loup Loup Creek, Okanogan River Basin",7/18/2024,7/18/2024,1
3DD.003E45CEF3,Mark,WELH - Wells Hatchery,7/18/2024,SALMOC - Salmon Creek (tributary to Okanogan River),7/18/2024,7/18/2024,1
3DD.003E45CEF4,Mark,WELH - Wells Hatchery,7/18/2024,"LOUPLC - Loup Loup Creek, Okanogan River Basin",7/18/2024,7/18/2024,1
3DD.003E45CEF5,Mark,WELH - Wells Hatchery,7/18/2024,"LOUPLC - Loup Loup Creek, Okanogan River Basin",7/18/2024,7/18/2024,1
3DD.003E45CEF6,Mark,WELH - Wells Hatchery,7/18/2024,SALMOC - Salmon Creek (tributary to Okanogan River),7/18/2024,7/18/2024,1
3DD.003E45CEF7,Mark,WELH - Wells Hatchery,7/18/2024,"LOUPLC - Loup Loup Creek, Okanogan River Basin",7/18/2024,7/18/2024,1
3DD.003E45CEF8,Mark,WELH - Wells Hatchery,7/18/2024,"LOUPLC - Loup Loup Creek, Okanogan River Basin",7/18/2024,7/18/2024,1
3DD.003E45CEFA,Mark,WELH - Wells Hatchery,7/18/2024,SALMOC - Salmon Creek (tributary to Okanogan River),7/18/2024,7/18/2024,1
3DD.003E45CEFB,Mark,WELH - Wells Hatchery,7/18/2024,"LOUPLC - Loup Loup Creek, Okanogan River Basin",7/18/2024,7/18/2024,1
3DD.003E45CEFC,Mark,WELH - Wells Hatchery,7/18/2024,"LOUPLC - Loup Loup Creek, Okanogan River Basin",7/18/2024,7/18/2024,1
3DD.003E45CEFD,Mark,WELH - Wells Hatchery,7/18/2024,SALMOC - Salmon Creek (tributary to Okanogan River),7/18/2024,7/18/2024,1
3DD.003E45CEFE,Mark,WELH - Wells Hatchery,7/18/2024,SALMOC - Salmon Creek (tributary to Okanogan River),7/18/2024,7/18/2024,1
3DD.003E45CF01,Mark,WELH - Wells Hatchery,7/18/2024,"LOUPLC - Loup Loup Creek, Okanogan River Basin",7/18/2024,7/18/2024,1
3DD.003E45CF02,Mark,WELH - Wells Hatchery,7/18/2024,"LOUPLC - Loup Loup Creek, Okanogan River Basin",7/18/2024,7/18/2024,1
3DD.003E45CF05,Mark,WELH - Wells Hatchery,7/18/2024,SALMOC - Salmon Creek (tributary to Okanogan River),7/18/2024,7/18/2024,1
3DD.003E45CF06,Mark,WELH - Wells Hatchery,7/18/2024,SALMOC - Salmon Creek (tributary to Okanogan River),7/18/2024,7/18/2024,1
3DD.003E45CF0A,Mark,WELH - Wells Hatchery,7/18/2024,SALMOC - Salmon Creek (tributary to Okanogan River),7/18/2024,7/18/2024,1
3DD.003E45CF0D,Mark,WELH - Wells Hatchery,7/18/2024,"LOUPLC - Loup Loup Creek, Okanogan River Basin",7/18/2024,7/18/2024,1
3DD.003E45CF0E,Mark,WELH - Wells Hatchery,7/18/2024,"LOUPLC - Loup Loup Creek, Okanogan River Basin",7/18/2024,7/18/2024,1
3DD.003E45CF0F,Mark,WELH - Wells Hatchery,7/18/2024,SALMOC - Salmon Creek (tributary to Okanogan River),7/18/2024,7/18/2024,1
3DD.003E45CF10,Mark,WELH - Wells Hatchery,7/18/2024,"LOUPLC - Loup Loup Creek, Okanogan River Basin",7/18/2024,7/18/2024,1
3DD.003E45CF11,Mark,WELH - Wells Hatchery,7/18/2024,"LOUPLC - Loup Loup Creek, Okanogan River Basin",7/18/2024,7/18/2024,1
3DD.003E45CF13,Mark,WELH - Wells Hatchery,7/18/2024,SALMOC - Salmon Creek (tributary to Okanogan River),7/18/2024,7/18/2024,1
3DD.003E45CF17,Mark,WELH - Wells Hatchery,7/18/2024,"LOUPLC - Loup Loup Creek, Okanogan River Basin",7/18/2024,7/18/2024,1
3DD.003E45CF18,Mark,WELH - Wells Hatchery,7/18/2024,"LOUPLC - Loup Loup Creek, Okanogan River Basin",7/18/2024,7/18/2024,1
3DD.003E45CF1A,Mark,WELH - Wells Hatchery,7/18/2024,SALMOC - Salmon Creek (tributary to Okanogan River),7/18/2024,7/18/2024,1
3DD.003E45CF1B,Mark,WELH - Wells Hatchery,7/18/2024,"LOUPLC - Loup Loup Creek, Okanogan River Basin",7/18/2024,7/18/2024,1
3DD.003E45CF1D,Mark,WELH - Wells Hatchery,7/18/2024,"LOUPLC - Loup Loup Creek, Okanogan River Basin",7/18/2024,7/18/2024,1
3DD.003E45CF1E,Mark,WELH - Wells Hatchery,7/18/2024,"LOUPLC - Loup Loup Creek, Okanogan River Basin",7/18/2024,7/18/2024,1
3DD.003E45CF20,Mark,WELH - Wells Hatchery,7/18/2024,"LOUPLC - Loup Loup Creek, Okanogan River Basin",7/18/2024,7/18/2024,1
3DD.003E45CFE9,Mark,WELH - Wells Hatchery,8/10/2023,WELSBR - Starr Boat Ramp on west shore 5 km upstream of Wells Dam,8/10/2023,8/10/2023,1
3DD.003E45CFEA,Mark,WELH - Wells Hatchery,8/10/2023,WELSBR - Starr Boat Ramp on west shore 5 km upstream of Wells Dam,8/10/2023,8/10/2023,1
3DD.003E45CFEB,Mark,WELH - Wells Hatchery,8/10/2023,WELSBR - Starr Boat Ramp on west shore 5 km upstream of Wells Dam,8/10/2023,8/10/2023,1
3DD.003E45CFEC,Mark,WELH - Wells Hatchery,8/10/2023,WELSBR - Starr Boat Ramp on west shore 5 km upstream of Wells Dam,8/10/2023,8/10/2023,1
3DD.003E45CFED,Mark,WELH - Wells Hatchery,8/10/2023,WELSBR - Starr Boat Ramp on west shore 5 km upstream of Wells Dam,8/10/2023,8/10/2023,1
3DD.003E45CFEE,Mark,WELH - Wells Hatchery,8/10/2023,WELSBR - Starr Boat Ramp on west shore 5 km upstream of Wells Dam,8/10/2023,8/10/2023,1
3DD.003E45CFEF,Mark,WELH - Wells Hatchery,8/10/2023,WELSBR - Starr Boat Ramp on west shore 5 km upstream of Wells Dam,8/10/2023,8/10/2023,1
3DD.003E45CFF0,Mark,WELH - Wells Hatchery,8/10/2023,WELSBR - Starr Boat Ramp on west shore 5 km upstream of Wells Dam,8/10/2023,8/10/2023,1
3DD.003E45CFF1,Mark,WELH - Wells Hatchery,8/10/2023,WELSBR - Starr Boat Ramp on west shore 5 km upstream of Wells Dam,8/10/2023,8/10/2023,1
3DD.003E45CFF2,Mark,WELH - Wells Hatchery,8/10/2023,WELSBR - Starr Boat Ramp on west shore 5 km upstream of Wells Dam,8/10/2023,8/10/2023,1
3DD.003E45CFF3,Mark,WELH - Wells Hatchery,8/10/2023,WELSBR - Starr Boat Ramp on west shore 5 km upstream of Wells Dam,8/10/2023,8/10/2023,1
3DD.003E45CFF4,Mark,WELH - Wells Hatchery,8/10/2023,WELSBR - Starr Boat Ramp on west shore 5 km upstream of Wells Dam,8/10/2023,8/10/2023,1
3DD.003E45CFF5,Mark,WELH - Wells Hatchery,8/10/2023,WELSBR - Starr Boat Ramp on west shore 5 km upstream of Wells Dam,8/10/2023,8/10/2023,1
3DD.003E45CFF6,Mark,WELH - Wells Hatchery,8/10/2023,WELSBR - Starr Boat Ramp on west shore 5 km upstream of Wells Dam,8/10/2023,8/10/2023,1
3DD.003E45CFF7,Mark,WELH - Wells Hatchery,8/10/2023,WELSBR - Starr Boat Ramp on west shore 5 km upstream of Wells Dam,8/10/2023,8/10/2023,1
3DD.003E45CFF8,Mark,WELH - Wells Hatchery,8/10/2023,WELSBR - Starr Boat Ramp on west shore 5 km upstream of Wells Dam,8/10/2023,8/10/2023,1
3DD.003E45CFF9,Mark,WELH - Wells Hatchery,8/10/2023,WELSBR - Starr Boat Ramp on west shore 5 km upstream of Wells Dam,8/10/2023,8/10/2023,1
3DD.003E45CFFA,Mark,WELH - Wells Hatchery,8/10/2023,WELSBR - Starr Boat Ramp on west shore 5 km upstream of Wells Dam,8/10/2023,8/10/2023,1
3DD.003E45CFFB,Mark,WELH - Wells Hatchery,8/10/2023,WELSBR - Starr Boat Ramp on west shore 5 km upstream of Wells Dam,8/10/2023,8/10/2023,1
3DD.003E45CFFC,Mark,WELH - Wells Hatchery,8/10/2023,WELSBR - Starr Boat Ramp on west shore 5 km upstream of Wells Dam,8/10/2023,8/10/2023,1
3DD.003E45CFFD,Mark,WELH - Wells Hatchery,8/10/2023,WELSBR - Starr Boat Ramp on west shore 5 km upstream of Wells Dam,8/10/2023,8/10/2023,1
3DD.003E45CFFE,Mark,WELH - Wells Hatchery,8/10/2023,WELSBR - Starr Boat Ramp on west shore 5 km upstream of Wells Dam,8/10/2023,8/10/2023,1
3DD.003E45CFFF,Mark,WELH - Wells Hatchery,8/10/2023,WELSBR - Starr Boat Ramp on west shore 5 km upstream of Wells Dam,8/10/2023,8/10/2023,1
3DD.003E45D000,Mark,WELH - Wells Hatchery,8/10/2023,WELSBR - Starr Boat Ramp on west shore 5 km upstream of Wells Dam,8/10/2023,8/10/2023,1
3DD.003E45D001,Mark,WELH - Wells Hatchery,8/10/2023,WELSBR - Starr Boat Ramp on west shore 5 km upstream of Wells Dam,8/10/2023,8/10/2023,1
3DD.003E45D002,Mark,WELH - Wells Hatchery,8/10/2023,WELSBR - Starr Boat Ramp on west shore 5 km upstream of Wells Dam,8/10/2023,8/10/2023,1
3DD.003E45D003,Mark,WELH - Wells Hatchery,8/10/2023,WELSBR - Starr Boat Ramp on west shore 5 km upstream of Wells Dam,8/10/2023,8/10/2023,1
3DD.003E45D004,Mark,WELH - Wells Hatchery,8/10/2023,WELSBR - Starr Boat Ramp on west shore 5 km upstream of Wells Dam,8/10/2023,8/10/2023,1
3DD.003E45D005,Mark,WELH - Wells Hatchery,8/10/2023,WELSBR - Starr Boat Ramp on west shore 5 km upstream of Wells Dam,8/10/2023,8/10/2023,1
3DD.003E45D006,Mark,WELH - Wells Hatchery,8/10/2023,WELSBR - Starr Boat Ramp on west shore 5 km upstream of Wells Dam,8/10/2023,8/10/2023,1
3DD.003E45D007,Mark,WELH - Wells Hatchery,8/10/2023,WELSBR - Starr Boat Ramp on west shore 5 km upstream of Wells Dam,8/10/2023,8/10/2023,1
3DD.003E45D008,Mark,WELH - Wells Hatchery,8/10/2023,WELSBR - Starr Boat Ramp on west shore 5 km upstream of Wells Dam,8/10/2023,8/10/2023,1
3DD.003E45D009,Mark,WELH - Wells Hatchery,8/10/2023,WELSBR - Starr Boat Ramp on west shore 5 km upstream of Wells Dam,8/10/2023,8/10/2023,1
3DD.003E45D00A,Mark,WELH - Wells Hatchery,8/10/2023,WELSBR - Starr Boat Ramp on west shore 5 km upstream of Wells Dam,8/10/2023,8/10/2023,1
3DD.003E45D00B,Mark,WELH - Wells Hatchery,8/10/2023,WELSBR - Starr Boat Ramp on west shore 5 km upstream of Wells Dam,8/10/2023,8/10/2023,1
3DD.003E45D00C,Mark,WELH - Wells Hatchery,8/10/2023,WELSBR - Starr Boat Ramp on west shore 5 km upstream of Wells Dam,8/10/2023,8/10/2023,1
3DD.003E45D00D,Mark,WELH - Wells Hatchery,8/10/2023,WELSBR - Starr Boat Ramp on west shore 5 km upstream of Wells Dam,8/10/2023,8/10/2023,1
3DD.003E45D00E,Mark,WELH - Wells Hatchery,8/10/2023,WELSBR - Starr Boat Ramp on west shore 5 km upstream of Wells Dam,8/10/2023,8/10/2023,1
3DD.003E45D00F,Mark,WELH - Wells Hatchery,8/10/2023,WELSBR - Starr Boat Ramp on west shore 5 km upstream of Wells Dam,8/10/2023,8/10/2023,1
3DD.003E45D010,Mark,WELH - Wells Hatchery,8/10/2023,WELSBR - Starr Boat Ramp on west shore 5 km upstream of Wells Dam,8/10/2023,8/10/2023,1
3DD.003E45D011,Mark,WELH - Wells Hatchery,8/10/2023,WELSBR - Starr Boat Ramp on west shore 5 km upstream of Wells Dam,8/10/2023,8/10/2023,1
3DD.003E45D012,Mark,WELH - Wells Hatchery,8/10/2023,WELSBR - Starr Boat Ramp on west shore 5 km upstream of Wells Dam,8/10/2023,8/10/2023,1
3DD.003E45D013,Mark,WELH - Wells Hatchery,8/10/2023,WELSBR - Starr Boat Ramp on west shore 5 km upstream of Wells Dam,8/10/2023,8/10/2023,1
3DD.003E45D014,Mark,WELH - Wells Hatchery,8/10/2023,WELSBR - Starr Boat Ramp on west shore 5 km upstream of Wells Dam,8/10/2023,8/10/2023,1
3DD.003E45D015,Mark,WELH - Wells Hatchery,8/10/2023,WELSBR - Starr Boat Ramp on west shore 5 km upstream of Wells Dam,8/10/2023,8/10/2023,1
3DD.003E45D016,Mark,WELH - Wells Hatchery,8/10/2023,WELSBR - Starr Boat Ramp on west shore 5 km upstream of Wells Dam,8/10/2023,8/10/2023,1
3DD.003E45D017,Mark,WELH - Wells Hatchery,8/10/2023,WELSBR - Starr Boat Ramp on west shore 5 km upstream of Wells Dam,8/10/2023,8/10/2023,1
3DD.003E45D018,Mark,WELH - Wells Hatchery,8/10/2023,WELSBR - Starr Boat Ramp on west shore 5 km upstream of Wells Dam,8/10/2023,8/10/2023,1
3DD.003E45D019,Mark,WELH - Wells Hatchery,8/10/2023,WELSBR - Starr Boat Ramp on west shore 5 km upstream of Wells Dam,8/10/2023,8/10/2023,1
3DD.003E45D01A,Mark,WELH - Wells Hatchery,8/10/2023,WELSBR - Starr Boat Ramp on west shore 5 km upstream of Wells Dam,8/10/2023,8/10/2023,1
3DD.003E45D01B,Mark,WELH - Wells Hatchery,8/10/2023,WELSBR - Starr Boat Ramp on west shore 5 km upstream of Wells Dam,8/10/2023,8/10/2023,1
3DD.003E45D01C,Mark,WELH - Wells Hatchery,8/10/2023,WELSBR - Starr Boat Ramp on west shore 5 km upstream of Wells Dam,8/10/2023,8/10/2023,1
3DD.003E45D01D,Mark,WELH - Wells Hatchery,8/10/2023,WELSBR - Starr Boat Ramp on west shore 5 km upstream of Wells Dam,8/10/2023,8/10/2023,1
3DD.003E45D01E,Mark,WELH - Wells Hatchery,8/10/2023,WELSBR - Starr Boat Ramp on west shore 5 km upstream of Wells Dam,8/10/2023,8/10/2023,1
3DD.003E45D01F,Mark,WELH - Wells Hatchery,8/10/2023,WELSBR - Starr Boat Ramp on west shore 5 km upstream of Wells Dam,8/10/2023,8/10/2023,1
3DD.003E45D020,Mark,WELH - Wells Hatchery,8/10/2023,WELSBR - Starr Boat Ramp on west shore 5 km upstream of Wells Dam,8/10/2023,8/10/2023,1
3DD.003E45D021,Mark,WELH - Wells Hatchery,8/10/2023,WELSBR - Starr Boat Ramp on west shore 5 km upstream of Wells Dam,8/10/2023,8/10/2023,1
3DD.003E45D022,Mark,WELH - Wells Hatchery,8/10/2023,WELSBR - Starr Boat Ramp on west shore 5 km upstream of Wells Dam,8/10/2023,8/10/2023,1
3DD.003E45D023,Mark,WELH - Wells Hatchery,8/10/2023,WELSBR - Starr Boat Ramp on west shore 5 km upstream of Wells Dam,8/10/2023,8/10/2023,1
3DD.003E45D024,Mark,WELH - Wells Hatchery,8/10/2023,WELSBR - Starr Boat Ramp on west shore 5 km upstream of Wells Dam,8/10/2023,8/10/2023,1
3DD.003E45D025,Mark,WELH - Wells Hatchery,8/10/2023,WELSBR - Starr Boat Ramp on west shore 5 km upstream of Wells Dam,8/10/2023,8/10/2023,1
3DD.003E45D026,Mark,WELH - Wells Hatchery,8/10/2023,WELSBR - Starr Boat Ramp on west shore 5 km upstream of Wells Dam,8/10/2023,8/10/2023,1
3DD.003E45D027,Mark,WELH - Wells Hatchery,8/10/2023,WELSBR - Starr Boat Ramp on west shore 5 km upstream of Wells Dam,8/10/2023,8/10/2023,1
3DD.003E45D028,Mark,WELH - Wells Hatchery,8/10/2023,WELSBR - Starr Boat Ramp on west shore 5 km upstream of Wells Dam,8/10/2023,8/10/2023,1
3DD.003E45D029,Mark,WELH - Wells Hatchery,8/10/2023,WELSBR - Starr Boat Ramp on west shore 5 km upstream of Wells Dam,8/10/2023,8/10/2023,1
3DD.003E45D02A,Mark,WELH - Wells Hatchery,8/10/2023,WELSBR - Starr Boat Ramp on west shore 5 km upstream of Wells Dam,8/10/2023,8/10/2023,1
3DD.003E45D02B,Mark,WELH - Wells Hatchery,8/10/2023,WELSBR - Starr Boat Ramp on west shore 5 km upstream of Wells Dam,8/10/2023,8/10/2023,1
3DD.003E45D02C,Mark,WELH - Wells Hatchery,8/10/2023,WELSBR - Starr Boat Ramp on west shore 5 km upstream of Wells Dam,8/10/2023,8/10/2023,1
3DD.003E45D02D,Mark,WELH - Wells Hatchery,8/10/2023,WELSBR - Starr Boat Ramp on west shore 5 km upstream of Wells Dam,8/10/2023,8/10/2023,1
3DD.003E45D02E,Mark,WELH - Wells Hatchery,8/10/2023,WELSBR - Starr Boat Ramp on west shore 5 km upstream of Wells Dam,8/10/2023,8/10/2023,1
3DD.003E45D02F,Mark,WELH - Wells Hatchery,8/10/2023,WELSBR - Starr Boat Ramp on west shore 5 km upstream of Wells Dam,8/10/2023,8/10/2023,1
3DD.003E45D030,Mark,WELH - Wells Hatchery,8/10/2023,WELSBR - Starr Boat Ramp on west shore 5 km upstream of Wells Dam,8/10/2023,8/10/2023,1
3DD.003E45D031,Mark,WELH - Wells Hatchery,8/10/2023,WELSBR - Starr Boat Ramp on west shore 5 km upstream of Wells Dam,8/10/2023,8/10/2023,1
3DD.003E45D032,Mark,WELH - Wells Hatchery,8/10/2023,WELSBR - Starr Boat Ramp on west shore 5 km upstream of Wells Dam,8/10/2023,8/10/2023,1
3DD.003E45D033,Mark,WELH - Wells Hatchery,8/10/2023,WELSBR - Starr Boat Ramp on west shore 5 km upstream of Wells Dam,8/10/2023,8/10/2023,1
3DD.003E45D034,Mark,WELH - Wells Hatchery,8/10/2023,WELSBR - Starr Boat Ramp on west shore 5 km upstream of Wells Dam,8/10/2023,8/10/2023,1
3DD.003E45D035,Mark,WELH - Wells Hatchery,8/10/2023,WELSBR - Starr Boat Ramp on west shore 5 km upstream of Wells Dam,8/10/2023,8/10/2023,1
3DD.003E45D036,Mark,WELH - Wells Hatchery,8/10/2023,WELSBR - Starr Boat Ramp on west shore 5 km upstream of Wells Dam,8/10/2023,8/10/2023,1
3DD.003E45D037,Mark,WELH - Wells Hatchery,8/10/2023,WELSBR - Starr Boat Ramp on west shore 5 km upstream of Wells Dam,8/10/2023,8/10/2023,1
3DD.003E45D038,Mark,WELH - Wells Hatchery,8/10/2023,WELSBR - Starr Boat Ramp on west shore 5 km upstream of Wells Dam,8/10/2023,8/10/2023,1
3DD.003E45D039,Mark,WELH - Wells Hatchery,8/10/2023,WELSBR - Starr Boat Ramp on west shore 5 km upstream of Wells Dam,8/10/2023,8/10/2023,1
3DD.003E45D03A,Mark,WELH - Wells Hatchery,8/10/2023,WELSBR - Starr Boat Ramp on west shore 5 km upstream of Wells Dam,8/10/2023,8/10/2023,1
3DD.003E45D03B,Mark,WELH - Wells Hatchery,8/10/2023,WELSBR - Starr Boat Ramp on west shore 5 km upstream of Wells Dam,8/10/2023,8/10/2023,1
3DD.003E45D03C,Mark,WELH - Wells Hatchery,8/10/2023,WELSBR - Starr Boat Ramp on west shore 5 km upstream of Wells Dam,8/10/2023,8/10/2023,1
3DD.003E45D03D,Mark,WELH - Wells Hatchery,8/10/2023,WELSBR - Starr Boat Ramp on west shore 5 km upstream of Wells Dam,8/10/2023,8/10/2023,1
3DD.003E45D03E,Mark,WELH - Wells Hatchery,8/10/2023,WELSBR - Starr Boat Ramp on west shore 5 km upstream of Wells Dam,8/10/2023,8/10/2023,1
3DD.003E45D03F,Mark,WELH - Wells Hatchery,8/10/2023,WELSBR - Starr Boat Ramp on west shore 5 km upstream of Wells Dam,8/10/2023,8/10/2023,1
3DD.003E45D040,Mark,WELH - Wells Hatchery,8/10/2023,WELSBR - Starr Boat Ramp on west shore 5 km upstream of Wells Dam,8/10/2023,8/10/2023,1
3DD.003E45D041,Mark,WELH - Wells Hatchery,8/10/2023,WELSBR - Starr Boat Ramp on west shore 5 km upstream of Wells Dam,8/10/2023,8/10/2023,1
3DD.003E45D042,Mark,WELH - Wells Hatchery,8/10/2023,WELSBR - Starr Boat Ramp on west shore 5 km upstream of Wells Dam,8/10/2023,8/10/2023,1
3DD.003E45D043,Mark,WELH - Wells Hatchery,8/10/2023,WELSBR - Starr Boat Ramp on west shore 5 km upstream of Wells Dam,8/10/2023,8/10/2023,1
3DD.003E45D044,Mark,WELH - Wells Hatchery,8/10/2023,WELSBR - Starr Boat Ramp on west shore 5 km upstream of Wells Dam,8/10/2023,8/10/2023,1
3DD.003E45D045,Mark,WELH - Wells Hatchery,8/10/2023,WELSBR - Starr Boat Ramp on west shore 5 km upstream of Wells Dam,8/10/2023,8/10/2023,1
3DD.003E45D046,Mark,WELH - Wells Hatchery,8/10/2023,WELSBR - Starr Boat Ramp on west shore 5 km upstream of Wells Dam,8/10/2023,8/10/2023,1
3DD.003E45D047,Mark,WELH - Wells Hatchery,8/10/2023,WELSBR - Starr Boat Ramp on west shore 5 km upstream of Wells Dam,8/10/2023,8/10/2023,1
3DD.003E45D048,Mark,WELH - Wells Hatchery,8/10/2023,WELSBR - Starr Boat Ramp on west shore 5 km upstream of Wells Dam,8/10/2023,8/10/2023,1
3DD.003E45D049,Mark,WELH - Wells Hatchery,8/10/2023,WELSBR - Starr Boat Ramp on west shore 5 km upstream of Wells Dam,8/10/2023,8/10/2023,1
3DD.003E45D04A,Mark,WELH - Wells Hatchery,8/10/2023,WELSBR - Starr Boat Ramp on west shore 5 km upstream of Wells Dam,8/10/2023,8/10/2023,1
3DD.003E45D04B,Mark,WELH - Wells Hatchery,8/10/2023,WELSBR - Starr Boat Ramp on west shore 5 km upstream of Wells Dam,8/10/2023,8/10/2023,1
3DD.003E45D04C,Mark,WELH - Wells Hatchery,8/10/2023,WELSBR - Starr Boat Ramp on west shore 5 km upstream of Wells Dam,8/10/2023,8/10/2023,1
3DD.003E45D04D,Mark,WELH - Wells Hatchery,8/17/2023,WELSBR - Starr Boat Ramp on west shore 5 km upstream of Wells Dam,8/17/2023,8/17/2023,1
3DD.003E45D04E,Mark,WELH - Wells Hatchery,8/17/2023,WELSBR - Starr Boat Ramp on west shore 5 km upstream of Wells Dam,8/17/2023,8/17/2023,1
3DD.003E45D04F,Mark,WELH - Wells Hatchery,8/17/2023,WELSBR - Starr Boat Ramp on west shore 5 km upstream of Wells Dam,8/17/2023,8/17/2023,1
3DD.003E45D050,Mark,WELH - Wells Hatchery,8/17/2023,WELSBR - Starr Boat Ramp on west shore 5 km upstream of Wells Dam,8/17/2023,8/17/2023,1
3DD.003E45D051,Mark,WELH - Wells Hatchery,8/17/2023,WELSBR - Starr Boat Ramp on west shore 5 km upstream of Wells Dam,8/17/2023,8/17/2023,1
3DD.003E45D052,Mark,WELH - Wells Hatchery,8/17/2023,WELSBR - Starr Boat Ramp on west shore 5 km upstream of Wells Dam,8/17/2023,8/17/2023,1
3DD.003E45D053,Mark,WELH - Wells Hatchery,8/17/2023,WELSBR - Starr Boat Ramp on west shore 5 km upstream of Wells Dam,8/17/2023,8/17/2023,1
3DD.003E45D054,Mark,WELH - Wells Hatchery,8/17/2023,WELSBR - Starr Boat Ramp on west shore 5 km upstream of Wells Dam,8/17/2023,8/17/2023,1
3DD.003E45D055,Mark,WELH - Wells Hatchery,8/17/2023,WELSBR - Starr Boat Ramp on west shore 5 km upstream of Wells Dam,8/17/2023,8/17/2023,1
3DD.003E45D056,Mark,WELH - Wells Hatchery,8/17/2023,WELSBR - Starr Boat Ramp on west shore 5 km upstream of Wells Dam,8/17/2023,8/17/2023,1
3DD.003E45D057,Mark,WELH - Wells Hatchery,8/17/2023,WELSBR - Starr Boat Ramp on west shore 5 km upstream of Wells Dam,8/17/2023,8/17/2023,1
3DD.003E45D058,Mark,WELH - Wells Hatchery,8/17/2023,WELSBR - Starr Boat Ramp on west shore 5 km upstream of Wells Dam,8/17/2023,8/17/2023,1
3DD.003E45D059,Mark,WELH - Wells Hatchery,8/17/2023,WELSBR - Starr Boat Ramp on west shore 5 km upstream of Wells Dam,8/17/2023,8/17/2023,1
3DD.003E45D05A,Mark,WELH - Wells Hatchery,8/17/2023,WELSBR - Starr Boat Ramp on west shore 5 km upstream of Wells Dam,8/17/2023,8/17/2023,1
3DD.003E45D05B,Mark,WELH - Wells Hatchery,8/17/2023,WELSBR - Starr Boat Ramp on west shore 5 km upstream of Wells Dam,8/17/2023,8/17/2023,1
3DD.003E45D05C,Mark,WELH - Wells Hatchery,8/17/2023,WELSBR - Starr Boat Ramp on west shore 5 km upstream of Wells Dam,8/17/2023,8/17/2023,1
3DD.003E45D05D,Mark,WELH - Wells Hatchery,8/17/2023,WELSBR - Starr Boat Ramp on west shore 5 km upstream of Wells Dam,8/17/2023,8/17/2023,1
3DD.003E45D05E,Mark,WELH - Wells Hatchery,8/17/2023,WELSBR - Starr Boat Ramp on west shore 5 km upstream of Wells Dam,8/17/2023,8/17/2023,1
3DD.003E45D05F,Mark,WELH - Wells Hatchery,8/17/2023,WELSBR - Starr Boat Ramp on west shore 5 km upstream of Wells Dam,8/17/2023,8/17/2023,1
3DD.003E45D060,Mark,WELH - Wells Hatchery,8/17/2023,WELSBR - Starr Boat Ramp on west shore 5 km upstream of Wells Dam,8/17/2023,8/17/2023,1
3DD.003E45D061,Mark,WELH - Wells Hatchery,8/17/2023,WELSBR - Starr Boat Ramp on west shore 5 km upstream of Wells Dam,8/17/2023,8/17/2023,1
3DD.003E45D062,Mark,WELH - Wells Hatchery,8/17/2023,WELSBR - Starr Boat Ramp on west shore 5 km upstream of Wells Dam,8/17/2023,8/17/2023,1
3DD.003E45D063,Mark,WELH - Wells Hatchery,8/17/2023,WELSBR - Starr Boat Ramp on west shore 5 km upstream of Wells Dam,8/17/2023,8/17/2023,1
3DD.003E45D064,Mark,WELH - Wells Hatchery,8/17/2023,WELSBR - Starr Boat Ramp on west shore 5 km upstream of Wells Dam,8/17/2023,8/17/2023,1
3DD.003E45D065,Mark,WELH - Wells Hatchery,8/17/2023,WELSBR - Starr Boat Ramp on west shore 5 km upstream of Wells Dam,8/17/2023,8/17/2023,1
3DD.003E45D066,Mark,WELH - Wells Hatchery,8/17/2023,WELSBR - Starr Boat Ramp on west shore 5 km upstream of Wells Dam,8/17/2023,8/17/2023,1
3DD.003E45D067,Mark,WELH - Wells Hatchery,8/17/2023,WELSBR - Starr Boat Ramp on west shore 5 km upstream of Wells Dam,8/17/2023,8/17/2023,1
3DD.003E45D068,Mark,WELH - Wells Hatchery,8/17/2023,WELSBR - Starr Boat Ramp on west shore 5 km upstream of Wells Dam,8/17/2023,8/17/2023,1
3DD.003E45D069,Mark,WELH - Wells Hatchery,8/17/2023,WELSBR - Starr Boat Ramp on west shore 5 km upstream of Wells Dam,8/17/2023,8/17/2023,1
3DD.003E45D06A,Mark,WELH - Wells Hatchery,8/17/2023,WELSBR - Starr Boat Ramp on west shore 5 km upstream of Wells Dam,8/17/2023,8/17/2023,1
3DD.003E45D06B,Mark,WELH - Wells Hatchery,8/17/2023,WELSBR - Starr Boat Ramp on west shore 5 km upstream of Wells Dam,8/17/2023,8/17/2023,1
3DD.003E45D06C,Mark,WELH - Wells Hatchery,8/17/2023,WELSBR - Starr Boat Ramp on west shore 5 km upstream of Wells Dam,8/17/2023,8/17/2023,1
3DD.003E45D06D,Mark,WELH - Wells Hatchery,8/17/2023,WELSBR - Starr Boat Ramp on west shore 5 km upstream of Wells Dam,8/17/2023,8/17/2023,1
3DD.003E45D06E,Mark,WELH - Wells Hatchery,8/17/2023,WELSBR - Starr Boat Ramp on west shore 5 km upstream of Wells Dam,8/17/2023,8/17/2023,1
3DD.003E45D06F,Mark,WELH - Wells Hatchery,8/17/2023,WELSBR - Starr Boat Ramp on west shore 5 km upstream of Wells Dam,8/17/2023,8/17/2023,1
3DD.003E45D070,Mark,WELH - Wells Hatchery,8/17/2023,WELSBR - Starr Boat Ramp on west shore 5 km upstream of Wells Dam,8/17/2023,8/17/2023,1
3DD.003E45D071,Mark,WELH - Wells Hatchery,8/17/2023,WELSBR - Starr Boat Ramp on west shore 5 km upstream of Wells Dam,8/17/2023,8/17/2023,1
3DD.003E45D072,Mark,WELH - Wells Hatchery,8/17/2023,WELSBR - Starr Boat Ramp on west shore 5 km upstream of Wells Dam,8/17/2023,8/17/2023,1
3DD.003E45D073,Mark,WELH - Wells Hatchery,8/17/2023,WELSBR - Starr Boat Ramp on west shore 5 km upstream of Wells Dam,8/17/2023,8/17/2023,1
3DD.003E45D074,Mark,WELH - Wells Hatchery,8/17/2023,WELSBR - Starr Boat Ramp on west shore 5 km upstream of Wells Dam,8/17/2023,8/17/2023,1
3DD.003E45D075,Mark,WELH - Wells Hatchery,8/17/2023,WELSBR - Starr Boat Ramp on west shore 5 km upstream of Wells Dam,8/17/2023,8/17/2023,1
3DD.003E45D076,Mark,WELH - Wells Hatchery,8/17/2023,WELSBR - Starr Boat Ramp on west shore 5 km upstream of Wells Dam,8/17/2023,8/17/2023,1
3DD.003E45D077,Mark,WELH - Wells Hatchery,8/17/2023,WELSBR - Starr Boat Ramp on west shore 5 km upstream of Wells Dam,8/17/2023,8/17/2023,1
3DD.003E45D078,Mark,WELH - Wells Hatchery,8/17/2023,WELSBR - Starr Boat Ramp on west shore 5 km upstream of Wells Dam,8/17/2023,8/17/2023,1
3DD.003E45D079,Mark,WELH - Wells Hatchery,8/17/2023,WELSBR - Starr Boat Ramp on west shore 5 km upstream of Wells Dam,8/17/2023,8/17/2023,1
3DD.003E45D07A,Mark,WELH - Wells Hatchery,8/17/2023,WELSBR - Starr Boat Ramp on west shore 5 km upstream of Wells Dam,8/17/2023,8/17/2023,1
3DD.003E45D07B,Mark,WELH - Wells Hatchery,8/17/2023,WELSBR - Starr Boat Ramp on west shore 5 km upstream of Wells Dam,8/17/2023,8/17/2023,1
3DD.003E45D07C,Mark,WELH - Wells Hatchery,8/17/2023,WELSBR - Starr Boat Ramp on west shore 5 km upstream of Wells Dam,8/17/2023,8/17/2023,1
3DD.003E45D07D,Mark,WELH - Wells Hatchery,8/17/2023,WELSBR - Starr Boat Ramp on west shore 5 km upstream of Wells Dam,8/17/2023,8/17/2023,1
3DD.003E45D07E,Mark,WELH - Wells Hatchery,8/17/2023,WELSBR - Starr Boat Ramp on west shore 5 km upstream of Wells Dam,8/17/2023,8/17/2023,1
3DD.003E45D07F,Mark,WELH - Wells Hatchery,8/17/2023,WELSBR - Starr Boat Ramp on west shore 5 km upstream of Wells Dam,8/17/2023,8/17/2023,1
3DD.003E45D080,Mark,WELH - Wells Hatchery,8/17/2023,WELSBR - Starr Boat Ramp on west shore 5 km upstream of Wells Dam,8/17/2023,8/17/2023,1
3DD.003E45D081,Mark,WELH - Wells Hatchery,8/17/2023,WELSBR - Starr Boat Ramp on west shore 5 km upstream of Wells Dam,8/17/2023,8/17/2023,1
3DD.003E45D082,Mark,WELH - Wells Hatchery,8/17/2023,WELSBR - Starr Boat Ramp on west shore 5 km upstream of Wells Dam,8/17/2023,8/17/2023,1
3DD.003E45D083,Mark,WELH - Wells Hatchery,8/17/2023,WELSBR - Starr Boat Ramp on west shore 5 km upstream of Wells Dam,8/17/2023,8/17/2023,1
3DD.003E45D084,Mark,WELH - Wells Hatchery,8/17/2023,WELSBR - Starr Boat Ramp on west shore 5 km upstream of Wells Dam,8/17/2023,8/17/2023,1
3DD.003E45D085,Mark,WELH - Wells Hatchery,8/17/2023,WELSBR - Starr Boat Ramp on west shore 5 km upstream of Wells Dam,8/17/2023,8/17/2023,1
3DD.003E45D086,Mark,WELH - Wells Hatchery,8/17/2023,WELSBR - Starr Boat Ramp on west shore 5 km upstream of Wells Dam,8/17/2023,8/17/2023,1
3DD.003E45D087,Mark,WELH - Wells Hatchery,8/17/2023,WELSBR - Starr Boat Ramp on west shore 5 km upstream of Wells Dam,8/17/2023,8/17/2023,1
3DD.003E45D088,Mark,WELH - Wells Hatchery,8/17/2023,WELSBR - Starr Boat Ramp on west shore 5 km upstream of Wells Dam,8/17/2023,8/17/2023,1
3DD.003E45D089,Mark,WELH - Wells Hatchery,8/17/2023,WELSBR - Starr Boat Ramp on west shore 5 km upstream of Wells Dam,8/17/2023,8/17/2023,1
3DD.003E45D08A,Mark,WELH - Wells Hatchery,8/17/2023,WELSBR - Starr Boat Ramp on west shore 5 km upstream of Wells Dam,8/17/2023,8/17/2023,1
3DD.003E45D08B,Mark,WELH - Wells Hatchery,8/17/2023,WELSBR - Starr Boat Ramp on west shore 5 km upstream of Wells Dam,8/17/2023,8/17/2023,1
3DD.003E45D08C,Mark,WELH - Wells Hatchery,8/17/2023,WELSBR - Starr Boat Ramp on west shore 5 km upstream of Wells Dam,8/17/2023,8/17/2023,1
3DD.003E45D08D,Mark,WELH - Wells Hatchery,8/17/2023,WELSBR - Starr Boat Ramp on west shore 5 km upstream of Wells Dam,8/17/2023,8/17/2023,1
3DD.003E45D08E,Mark,WELH - Wells Hatchery,8/17/2023,WELSBR - Starr Boat Ramp on west shore 5 km upstream of Wells Dam,8/17/2023,8/17/2023,1
3DD.003E45D08F,Mark,WELH - Wells Hatchery,8/17/2023,WELSBR - Starr Boat Ramp on west shore 5 km upstream of Wells Dam,8/17/2023,8/17/2023,1
3DD.003E45D090,Mark,WELH - Wells Hatchery,8/17/2023,WELSBR - Starr Boat Ramp on west shore 5 km upstream of Wells Dam,8/17/2023,8/17/2023,1
3DD.003E45D091,Mark,WELH - Wells Hatchery,8/17/2023,WELSBR - Starr Boat Ramp on west shore 5 km upstream of Wells Dam,8/17/2023,8/17/2023,1
3DD.003E45D092,Mark,WELH - Wells Hatchery,8/17/2023,WELSBR - Starr Boat Ramp on west shore 5 km upstream of Wells Dam,8/17/2023,8/17/2023,1
3DD.003E45D093,Mark,WELH - Wells Hatchery,8/17/2023,WELSBR - Starr Boat Ramp on west shore 5 km upstream of Wells Dam,8/17/2023,8/17/2023,1
3DD.003E45D094,Mark,WELH - Wells Hatchery,8/17/2023,WELSBR - Starr Boat Ramp on west shore 5 km upstream of Wells Dam,8/17/2023,8/17/2023,1
3DD.003E45D095,Mark,WELH - Wells Hatchery,8/17/2023,WELSBR - Starr Boat Ramp on west shore 5 km upstream of Wells Dam,8/17/2023,8/17/2023,1
3DD.003E45D096,Mark,WELH - Wells Hatchery,8/17/2023,WELSBR - Starr Boat Ramp on west shore 5 km upstream of Wells Dam,8/17/2023,8/17/2023,1
3DD.003E45D097,Mark,WELH - Wells Hatchery,8/17/2023,WELSBR - Starr Boat Ramp on west shore 5 km upstream of Wells Dam,8/17/2023,8/17/2023,1
3DD.003E45D098,Mark,WELH - Wells Hatchery,8/17/2023,WELSBR - Starr Boat Ramp on west shore 5 km upstream of Wells Dam,8/17/2023,8/17/2023,1
3DD.003E45D099,Mark,WELH - Wells Hatchery,8/17/2023,WELSBR - Starr Boat Ramp on west shore 5 km upstream of Wells Dam,8/17/2023,8/17/2023,1
3DD.003E45D09A,Mark,WELH - Wells Hatchery,8/17/2023,WELSBR - Starr Boat Ramp on west shore 5 km upstream of Wells Dam,8/17/2023,8/17/2023,1
3DD.003E45D09B,Mark,WELH - Wells Hatchery,8/17/2023,WELSBR - Starr Boat Ramp on west shore 5 km upstream of Wells Dam,8/17/2023,8/17/2023,1
3DD.003E45D09C,Mark,WELH - Wells Hatchery,8/17/2023,WELSBR - Starr Boat Ramp on west shore 5 km upstream of Wells Dam,8/17/2023,8/17/2023,1
3DD.003E45D09D,Mark,WELH - Wells Hatchery,8/17/2023,WELSBR - Starr Boat Ramp on west shore 5 km upstream of Wells Dam,8/17/2023,8/17/2023,1
3DD.003E45D09E,Mark,WELH - Wells Hatchery,8/17/2023,WELSBR - Starr Boat Ramp on west shore 5 km upstream of Wells Dam,8/17/2023,8/17/2023,1
3DD.003E45D09F,Mark,WELH - Wells Hatchery,8/17/2023,WELSBR - Starr Boat Ramp on west shore 5 km upstream of Wells Dam,8/17/2023,8/17/2023,1
3DD.003E45D0A0,Mark,WELH - Wells Hatchery,8/17/2023,WELSBR - Starr Boat Ramp on west shore 5 km upstream of Wells Dam,8/17/2023,8/17/2023,1
3DD.003E45D0A1,Mark,WELH - Wells Hatchery,8/17/2023,WELSBR - Starr Boat Ramp on west shore 5 km upstream of Wells Dam,8/17/2023,8/17/2023,1
3DD.003E45D0A2,Mark,WELH - Wells Hatchery,8/17/2023,WELSBR - Starr Boat Ramp on west shore 5 km upstream of Wells Dam,8/17/2023,8/17/2023,1
3DD.003E45D0A3,Mark,WELH - Wells Hatchery,8/17/2023,WELSBR - Starr Boat Ramp on west shore 5 km upstream of Wells Dam,8/17/2023,8/17/2023,1
3DD.003E45D0A4,Mark,WELH - Wells Hatchery,8/17/2023,WELSBR - Starr Boat Ramp on west shore 5 km upstream of Wells Dam,8/17/2023,8/17/2023,1
3DD.003E45D0A5,Mark,WELH - Wells Hatchery,8/17/2023,WELSBR - Starr Boat Ramp on west shore 5 km upstream of Wells Dam,8/17/2023,8/17/2023,1
3DD.003E45D0A6,Mark,WELH - Wells Hatchery,8/17/2023,WELSBR - Starr Boat Ramp on west shore 5 km upstream of Wells Dam,8/17/2023,8/17/2023,1
3DD.003E45D0A7,Mark,WELH - Wells Hatchery,8/17/2023,WELSBR - Starr Boat Ramp on west shore 5 km upstream of Wells Dam,8/17/2023,8/17/2023,1
3DD.003E45D0A8,Mark,WELH - Wells Hatchery,8/17/2023,WELSBR - Starr Boat Ramp on west shore 5 km upstream of Wells Dam,8/17/2023,8/17/2023,1
3DD.003E45D0A9,Mark,WELH - Wells Hatchery,8/17/2023,WELSBR - Starr Boat Ramp on west shore 5 km upstream of Wells Dam,8/17/2023,8/17/2023,1
3DD.003E45D0AA,Mark,WELH - Wells Hatchery,8/17/2023,WELSBR - Starr Boat Ramp on west shore 5 km upstream of Wells Dam,8/17/2023,8/17/2023,1
3DD.003E45D0AB,Mark,WELH - Wells Hatchery,8/17/2023,WELSBR - Starr Boat Ramp on west shore 5 km upstream of Wells Dam,8/17/2023,8/17/2023,1
3DD.003E45D0AC,Mark,WELH - Wells Hatchery,8/17/2023,WELSBR - Starr Boat Ramp on west shore 5 km upstream of Wells Dam,8/17/2023,8/17/2023,1
3DD.003E45D0AD,Mark,WELH - Wells Hatchery,8/17/2023,WELSBR - Starr Boat Ramp on west shore 5 km upstream of Wells Dam,8/17/2023,8/17/2023,1
3DD.003E45D0AE,Mark,WELH - Wells Hatchery,8/17/2023,WELSBR - Starr Boat Ramp on west shore 5 km upstream of Wells Dam,8/17/2023,8/17/2023,1
3DD.003E45D0AF,Mark,WELH - Wells Hatchery,8/17/2023,WELSBR - Starr Boat Ramp on west shore 5 km upstream of Wells Dam,8/17/2023,8/17/2023,1
3DD.003E45D0B0,Mark,WELH - Wells Hatchery,8/17/2023,WELSBR - Starr Boat Ramp on west shore 5 km upstream of Wells Dam,8/17/2023,8/17/2023,1
3DD.003E45D179,Mark,WELH - Wells Hatchery,8/3/2023,WELSBR - Starr Boat Ramp on west shore 5 km upstream of Wells Dam,8/3/2023,8/3/2023,1
3DD.003E45D17A,Mark,WELH - Wells Hatchery,8/3/2023,WELSBR - Starr Boat Ramp on west shore 5 km upstream of Wells Dam,8/3/2023,8/3/2023,1
3DD.003E45D17B,Mark,WELH - Wells Hatchery,8/3/2023,WELSBR - Starr Boat Ramp on west shore 5 km upstream of Wells Dam,8/3/2023,8/3/2023,1
3DD.003E45D17C,Mark,WELH - Wells Hatchery,8/3/2023,WELSBR - Starr Boat Ramp on west shore 5 km upstream of Wells Dam,8/3/2023,8/3/2023,1
3DD.003E45D17D,Mark,WELH - Wells Hatchery,8/3/2023,WELSBR - Starr Boat Ramp on west shore 5 km upstream of Wells Dam,8/3/2023,8/3/2023,1
3DD.003E45D17E,Mark,WELH - Wells Hatchery,8/3/2023,WELSBR - Starr Boat Ramp on west shore 5 km upstream of Wells Dam,8/3/2023,8/3/2023,1
3DD.003E45D17F,Mark,WELH - Wells Hatchery,8/3/2023,WELSBR - Starr Boat Ramp on west shore 5 km upstream of Wells Dam,8/3/2023,8/3/2023,1
3DD.003E45D180,Mark,WELH - Wells Hatchery,8/3/2023,WELSBR - Starr Boat Ramp on west shore 5 km upstream of Wells Dam,8/3/2023,8/3/2023,1
3DD.003E45D181,Mark,WELH - Wells Hatchery,8/3/2023,WELSBR - Starr Boat Ramp on west shore 5 km upstream of Wells Dam,8/3/2023,8/3/2023,1
3DD.003E45D182,Mark,WELH - Wells Hatchery,8/3/2023,WELSBR - Starr Boat Ramp on west shore 5 km upstream of Wells Dam,8/3/2023,8/3/2023,1
3DD.003E45D183,Mark,WELH - Wells Hatchery,8/3/2023,WELSBR - Starr Boat Ramp on west shore 5 km upstream of Wells Dam,8/3/2023,8/3/2023,1
3DD.003E45D184,Mark,WELH - Wells Hatchery,8/3/2023,WELSBR - Starr Boat Ramp on west shore 5 km upstream of Wells Dam,8/3/2023,8/3/2023,1
3DD.003E45D185,Mark,WELH - Wells Hatchery,8/3/2023,WELSBR - Starr Boat Ramp on west shore 5 km upstream of Wells Dam,8/3/2023,8/3/2023,1
3DD.003E45D186,Mark,WELH - Wells Hatchery,8/3/2023,WELSBR - Starr Boat Ramp on west shore 5 km upstream of Wells Dam,8/3/2023,8/3/2023,1
3DD.003E45D187,Mark,WELH - Wells Hatchery,8/3/2023,WELSBR - Starr Boat Ramp on west shore 5 km upstream of Wells Dam,8/3/2023,8/3/2023,1
3DD.003E45D188,Mark,WELH - Wells Hatchery,8/3/2023,WELSBR - Starr Boat Ramp on west shore 5 km upstream of Wells Dam,8/3/2023,8/3/2023,1
3DD.003E45D189,Mark,WELH - Wells Hatchery,8/3/2023,WELSBR - Starr Boat Ramp on west shore 5 km upstream of Wells Dam,8/3/2023,8/3/2023,1
3DD.003E45D18A,Mark,WELH - Wells Hatchery,8/3/2023,WELSBR - Starr Boat Ramp on west shore 5 km upstream of Wells Dam,8/3/2023,8/3/2023,1
3DD.003E45D18B,Mark,WELH - Wells Hatchery,8/3/2023,WELSBR - Starr Boat Ramp on west shore 5 km upstream of Wells Dam,8/3/2023,8/3/2023,1
3DD.003E45D18C,Mark,WELH - Wells Hatchery,8/3/2023,WELSBR - Starr Boat Ramp on west shore 5 km upstream of Wells Dam,8/3/2023,8/3/2023,1
3DD.003E45D18D,Mark,WELH - Wells Hatchery,8/3/2023,WELSBR - Starr Boat Ramp on west shore 5 km upstream of Wells Dam,8/3/2023,8/3/2023,1
3DD.003E45D18E,Mark,WELH - Wells Hatchery,8/3/2023,WELSBR - Starr Boat Ramp on west shore 5 km upstream of Wells Dam,8/3/2023,8/3/2023,1
3DD.003E45D18F,Mark,WELH - Wells Hatchery,8/3/2023,WELSBR - Starr Boat Ramp on west shore 5 km upstream of Wells Dam,8/3/2023,8/3/2023,1
3DD.003E45D190,Mark,WELH - Wells Hatchery,8/3/2023,WELSBR - Starr Boat Ramp on west shore 5 km upstream of Wells Dam,8/3/2023,8/3/2023,1
3DD.003E45D191,Mark,WELH - Wells Hatchery,8/3/2023,WELSBR - Starr Boat Ramp on west shore 5 km upstream of Wells Dam,8/3/2023,8/3/2023,1
3DD.003E45D192,Mark,WELH - Wells Hatchery,8/3/2023,WELSBR - Starr Boat Ramp on west shore 5 km upstream of Wells Dam,8/3/2023,8/3/2023,1
3DD.003E45D193,Mark,WELH - Wells Hatchery,8/3/2023,WELSBR - Starr Boat Ramp on west shore 5 km upstream of Wells Dam,8/3/2023,8/3/2023,1
3DD.003E45D194,Mark,WELH - Wells Hatchery,8/3/2023,WELSBR - Starr Boat Ramp on west shore 5 km upstream of Wells Dam,8/3/2023,8/3/2023,1
3DD.003E45D195,Mark,WELH - Wells Hatchery,8/3/2023,WELSBR - Starr Boat Ramp on west shore 5 km upstream of Wells Dam,8/3/2023,8/3/2023,1
3DD.003E45D196,Mark,WELH - Wells Hatchery,8/3/2023,WELSBR - Starr Boat Ramp on west shore 5 km upstream of Wells Dam,8/3/2023,8/3/2023,1
3DD.003E45D198,Mark,WELH - Wells Hatchery,8/3/2023,WELSBR - Starr Boat Ramp on west shore 5 km upstream of Wells Dam,8/3/2023,8/3/2023,1
3DD.003E45D199,Mark,WELH - Wells Hatchery,8/3/2023,WELSBR - Starr Boat Ramp on west shore 5 km upstream of Wells Dam,8/3/2023,8/3/2023,1
3DD.003E45D19A,Mark,WELH - Wells Hatchery,8/3/2023,WELSBR - Starr Boat Ramp on west shore 5 km upstream of Wells Dam,8/3/2023,8/3/2023,1
3DD.003E45D19B,Mark,WELH - Wells Hatchery,7/27/2023,WELSBR - Starr Boat Ramp on west shore 5 km upstream of Wells Dam,7/27/2023,7/27/2023,1
3DD.003E45D19C,Mark,WELH - Wells Hatchery,8/3/2023,WELSBR - Starr Boat Ramp on west shore 5 km upstream of Wells Dam,8/3/2023,8/3/2023,1
3DD.003E45D19D,Mark,WELH - Wells Hatchery,8/3/2023,WELSBR - Starr Boat Ramp on west shore 5 km upstream of Wells Dam,8/3/2023,8/3/2023,1
3DD.003E45D19E,Mark,WELH - Wells Hatchery,8/3/2023,WELSBR - Starr Boat Ramp on west shore 5 km upstream of Wells Dam,8/3/2023,8/3/2023,1
3DD.003E45D19F,Mark,WELH - Wells Hatchery,8/3/2023,WELSBR - Starr Boat Ramp on west shore 5 km upstream of Wells Dam,8/3/2023,8/3/2023,1
3DD.003E45D1A0,Mark,WELH - Wells Hatchery,8/3/2023,WELSBR - Starr Boat Ramp on west shore 5 km upstream of Wells Dam,8/3/2023,8/3/2023,1
3DD.003E45D1A1,Mark,WELH - Wells Hatchery,8/3/2023,WELSBR - Starr Boat Ramp on west shore 5 km upstream of Wells Dam,8/3/2023,8/3/2023,1
3DD.003E45D1A2,Mark,WELH - Wells Hatchery,8/3/2023,WELSBR - Starr Boat Ramp on west shore 5 km upstream of Wells Dam,8/3/2023,8/3/2023,1
3DD.003E45D1A3,Mark,WELH - Wells Hatchery,8/3/2023,WELSBR - Starr Boat Ramp on west shore 5 km upstream of Wells Dam,8/3/2023,8/3/2023,1
3DD.003E45D1A4,Mark,WELH - Wells Hatchery,7/27/2023,WELSBR - Starr Boat Ramp on west shore 5 km upstream of Wells Dam,7/27/2023,7/27/2023,1
3DD.003E45D1A5,Mark,WELH - Wells Hatchery,8/3/2023,WELSBR - Starr Boat Ramp on west shore 5 km upstream of Wells Dam,8/3/2023,8/3/2023,1
3DD.003E45D1A6,Mark,WELH - Wells Hatchery,8/3/2023,WELSBR - Starr Boat Ramp on west shore 5 km upstream of Wells Dam,8/3/2023,8/3/2023,1
3DD.003E45D1A7,Mark,WELH - Wells Hatchery,8/3/2023,WELSBR - Starr Boat Ramp on west shore 5 km upstream of Wells Dam,8/3/2023,8/3/2023,1
3DD.003E45D1A8,Mark,WELH - Wells Hatchery,8/3/2023,WELSBR - Starr Boat Ramp on west shore 5 km upstream of Wells Dam,8/3/2023,8/3/2023,1
3DD.003E45D1A9,Mark,WELH - Wells Hatchery,8/3/2023,WELSBR - Starr Boat Ramp on west shore 5 km upstream of Wells Dam,8/3/2023,8/3/2023,1
3DD.003E45D1AA,Mark,WELH - Wells Hatchery,8/3/2023,WELSBR - Starr Boat Ramp on west shore 5 km upstream of Wells Dam,8/3/2023,8/3/2023,1
3DD.003E45D1AB,Mark,WELH - Wells Hatchery,8/3/2023,WELSBR - Starr Boat Ramp on west shore 5 km upstream of Wells Dam,8/3/2023,8/3/2023,1
3DD.003E45D1AC,Mark,WELH - Wells Hatchery,8/3/2023,WELSBR - Starr Boat Ramp on west shore 5 km upstream of Wells Dam,8/3/2023,8/3/2023,1
3DD.003E45D1AD,Mark,WELH - Wells Hatchery,8/3/2023,WELSBR - Starr Boat Ramp on west shore 5 km upstream of Wells Dam,8/3/2023,8/3/2023,1
3DD.003E45D1AE,Mark,WELH - Wells Hatchery,8/3/2023,WELSBR - Starr Boat Ramp on west shore 5 km upstream of Wells Dam,8/3/2023,8/3/2023,1
3DD.003E45D1AF,Mark,WELH - Wells Hatchery,8/3/2023,WELSBR - Starr Boat Ramp on west shore 5 km upstream of Wells Dam,8/3/2023,8/3/2023,1
3DD.003E45D1B0,Mark,WELH - Wells Hatchery,8/3/2023,WELSBR - Starr Boat Ramp on west shore 5 km upstream of Wells Dam,8/3/2023,8/3/2023,1
3DD.003E45D1B1,Mark,WELH - Wells Hatchery,8/3/2023,WELSBR - Starr Boat Ramp on west shore 5 km upstream of Wells Dam,8/3/2023,8/3/2023,1
3DD.003E45D1B2,Mark,WELH - Wells Hatchery,8/3/2023,WELSBR - Starr Boat Ramp on west shore 5 km upstream of Wells Dam,8/3/2023,8/3/2023,1
3DD.003E45D1B3,Mark,WELH - Wells Hatchery,8/3/2023,WELSBR - Starr Boat Ramp on west shore 5 km upstream of Wells Dam,8/3/2023,8/3/2023,1
3DD.003E45D1B4,Mark,WELH - Wells Hatchery,8/3/2023,WELSBR - Starr Boat Ramp on west shore 5 km upstream of Wells Dam,8/3/2023,8/3/2023,1
3DD.003E45D1B5,Mark,WELH - Wells Hatchery,8/3/2023,WELSBR - Starr Boat Ramp on west shore 5 km upstream of Wells Dam,8/3/2023,8/3/2023,1
3DD.003E45D1B6,Mark,WELH - Wells Hatchery,7/27/2023,WELSBR - Starr Boat Ramp on west shore 5 km upstream of Wells Dam,7/27/2023,7/27/2023,1
3DD.003E45D1B7,Mark,WELH - Wells Hatchery,8/3/2023,WELSBR - Starr Boat Ramp on west shore 5 km upstream of Wells Dam,8/3/2023,8/3/2023,1
3DD.003E45D1B8,Mark,WELH - Wells Hatchery,7/27/2023,WELSBR - Starr Boat Ramp on west shore 5 km upstream of Wells Dam,7/27/2023,7/27/2023,1
3DD.003E45D1B9,Mark,WELH - Wells Hatchery,8/3/2023,WELSBR - Starr Boat Ramp on west shore 5 km upstream of Wells Dam,8/3/2023,8/3/2023,1
3DD.003E45D1BA,Mark,WELH - Wells Hatchery,8/3/2023,WELSBR - Starr Boat Ramp on west shore 5 km upstream of Wells Dam,8/3/2023,8/3/2023,1
3DD.003E45D1BB,Mark,WELH - Wells Hatchery,8/3/2023,WELSBR - Starr Boat Ramp on west shore 5 km upstream of Wells Dam,8/3/2023,8/3/2023,1
3DD.003E45D1BC,Mark,WELH - Wells Hatchery,8/3/2023,WELSBR - Starr Boat Ramp on west shore 5 km upstream of Wells Dam,8/3/2023,8/3/2023,1
3DD.003E45D1BD,Mark,WELH - Wells Hatchery,8/3/2023,WELSBR - Starr Boat Ramp on west shore 5 km upstream of Wells Dam,8/3/2023,8/3/2023,1
3DD.003E45D1BE,Mark,WELH - Wells Hatchery,7/27/2023,WELSBR - Starr Boat Ramp on west shore 5 km upstream of Wells Dam,7/27/2023,7/27/2023,1
3DD.003E45D1BF,Mark,WELH - Wells Hatchery,8/3/2023,WELSBR - Starr Boat Ramp on west shore 5 km upstream of Wells Dam,8/3/2023,8/3/2023,1
3DD.003E45D1C0,Mark,WELH - Wells Hatchery,8/3/2023,WELSBR - Starr Boat Ramp on west shore 5 km upstream of Wells Dam,8/3/2023,8/3/2023,1
3DD.003E45D1C1,Mark,WELH - Wells Hatchery,7/27/2023,WELSBR - Starr Boat Ramp on west shore 5 km upstream of Wells Dam,7/27/2023,7/27/2023,1
3DD.003E45D1C2,Mark,WELH - Wells Hatchery,8/3/2023,WELSBR - Starr Boat Ramp on west shore 5 km upstream of Wells Dam,8/3/2023,8/3/2023,1
3DD.003E45D1C3,Mark,WELH - Wells Hatchery,8/3/2023,WELSBR - Starr Boat Ramp on west shore 5 km upstream of Wells Dam,8/3/2023,8/3/2023,1
3DD.003E45D1C4,Mark,WELH - Wells Hatchery,8/3/2023,WELSBR - Starr Boat Ramp on west shore 5 km upstream of Wells Dam,8/3/2023,8/3/2023,1
3DD.003E45D1C5,Mark,WELH - Wells Hatchery,8/3/2023,WELSBR - Starr Boat Ramp on west shore 5 km upstream of Wells Dam,8/3/2023,8/3/2023,1
3DD.003E45D1C6,Mark,WELH - Wells Hatchery,8/3/2023,WELSBR - Starr Boat Ramp on west shore 5 km upstream of Wells Dam,8/3/2023,8/3/2023,1
3DD.003E45D1C7,Mark,WELH - Wells Hatchery,8/3/2023,WELSBR - Starr Boat Ramp on west shore 5 km upstream of Wells Dam,8/3/2023,8/3/2023,1
3DD.003E45D1C8,Mark,WELH - Wells Hatchery,8/3/2023,WELSBR - Starr Boat Ramp on west shore 5 km upstream of Wells Dam,8/3/2023,8/3/2023,1
3DD.003E45D1C9,Mark,WELH - Wells Hatchery,8/3/2023,WELSBR - Starr Boat Ramp on west shore 5 km upstream of Wells Dam,8/3/2023,8/3/2023,1
3DD.003E45D1CA,Mark,WELH - Wells Hatchery,8/3/2023,WELSBR - Starr Boat Ramp on west shore 5 km upstream of Wells Dam,8/3/2023,8/3/2023,1
3DD.003E45D1CB,Mark,WELH - Wells Hatchery,8/3/2023,WELSBR - Starr Boat Ramp on west shore 5 km upstream of Wells Dam,8/3/2023,8/3/2023,1
3DD.003E45D1CC,Mark,WELH - Wells Hatchery,8/3/2023,WELSBR - Starr Boat Ramp on west shore 5 km upstream of Wells Dam,8/3/2023,8/3/2023,1
3DD.003E45D1CD,Mark,WELH - Wells Hatchery,8/3/2023,WELSBR - Starr Boat Ramp on west shore 5 km upstream of Wells Dam,8/3/2023,8/3/2023,1
3DD.003E45D1CE,Mark,WELH - Wells Hatchery,8/3/2023,WELSBR - Starr Boat Ramp on west shore 5 km upstream of Wells Dam,8/3/2023,8/3/2023,1
3DD.003E45D1CF,Mark,WELH - Wells Hatchery,8/3/2023,WELSBR - Starr Boat Ramp on west shore 5 km upstream of Wells Dam,8/3/2023,8/3/2023,1
3DD.003E45D1D0,Mark,WELH - Wells Hatchery,8/3/2023,WELSBR - Starr Boat Ramp on west shore 5 km upstream of Wells Dam,8/3/2023,8/3/2023,1
3DD.003E45D1D1,Mark,WELH - Wells Hatchery,7/27/2023,WELSBR - Starr Boat Ramp on west shore 5 km upstream of Wells Dam,7/27/2023,7/27/2023,1
3DD.003E45D1D2,Mark,WELH - Wells Hatchery,8/3/2023,WELSBR - Starr Boat Ramp on west shore 5 km upstream of Wells Dam,8/3/2023,8/3/2023,1
3DD.003E45D1D3,Mark,WELH - Wells Hatchery,7/27/2023,WELSBR - Starr Boat Ramp on west shore 5 km upstream of Wells Dam,7/27/2023,7/27/2023,1
3DD.003E45D1D4,Mark,WELH - Wells Hatchery,8/3/2023,WELSBR - Starr Boat Ramp on west shore 5 km upstream of Wells Dam,8/3/2023,8/3/2023,1
3DD.003E45D1D5,Mark,WELH - Wells Hatchery,8/3/2023,WELSBR - Starr Boat Ramp on west shore 5 km upstream of Wells Dam,8/3/2023,8/3/2023,1
3DD.003E45D1D6,Mark,WELH - Wells Hatchery,8/3/2023,WELSBR - Starr Boat Ramp on west shore 5 km upstream of Wells Dam,8/3/2023,8/3/2023,1
3DD.003E45D1D7,Mark,WELH - Wells Hatchery,8/3/2023,WELSBR - Starr Boat Ramp on west shore 5 km upstream of Wells Dam,8/3/2023,8/3/2023,1
3DD.003E45D1D8,Mark,WELH - Wells Hatchery,8/3/2023,WELSBR - Starr Boat Ramp on west shore 5 km upstream of Wells Dam,8/3/2023,8/3/2023,1
3DD.003E45D1D9,Mark,WELH - Wells Hatchery,8/3/2023,WELSBR - Starr Boat Ramp on west shore 5 km upstream of Wells Dam,8/3/2023,8/3/2023,1
3DD.003E45D1DA,Mark,WELH - Wells Hatchery,8/3/2023,WELSBR - Starr Boat Ramp on west shore 5 km upstream of Wells Dam,8/3/2023,8/3/2023,1
3DD.003E45D1DB,Mark,WELH - Wells Hatchery,8/3/2023,WELSBR - Starr Boat Ramp on west shore 5 km upstream of Wells Dam,8/3/2023,8/3/2023,1
3DD.003E45D1DC,Mark,WELH - Wells Hatchery,8/3/2023,WELSBR - Starr Boat Ramp on west shore 5 km upstream of Wells Dam,8/3/2023,8/3/2023,1
3DD.003E45D1DD,Mark,WELH - Wells Hatchery,8/17/2023,WELSBR - Starr Boat Ramp on west shore 5 km upstream of Wells Dam,8/17/2023,8/17/2023,1
3DD.003E45D1DE,Mark,WELH - Wells Hatchery,8/10/2023,WELSBR - Starr Boat Ramp on west shore 5 km upstream of Wells Dam,8/10/2023,8/10/2023,1
3DD.003E45D1DF,Mark,WELH - Wells Hatchery,8/17/2023,WELSBR - Starr Boat Ramp on west shore 5 km upstream of Wells Dam,8/17/2023,8/17/2023,1
3DD.003E45D1E0,Mark,WELH - Wells Hatchery,8/17/2023,WELSBR - Starr Boat Ramp on west shore 5 km upstream of Wells Dam,8/17/2023,8/17/2023,1
3DD.003E45D1E1,Mark,WELH - Wells Hatchery,8/17/2023,WELSBR - Starr Boat Ramp on west shore 5 km upstream of Wells Dam,8/17/2023,8/17/2023,1
3DD.003E45D1E2,Mark,WELH - Wells Hatchery,8/17/2023,WELSBR - Starr Boat Ramp on west shore 5 km upstream of Wells Dam,8/17/2023,8/17/2023,1
3DD.003E45D1E3,Mark,WELH - Wells Hatchery,8/10/2023,WELSBR - Starr Boat Ramp on west shore 5 km upstream of Wells Dam,8/10/2023,8/10/2023,1
3DD.003E45D1E4,Mark,WELH - Wells Hatchery,8/17/2023,WELSBR - Starr Boat Ramp on west shore 5 km upstream of Wells Dam,8/17/2023,8/17/2023,1
3DD.003E45D1E5,Mark,WELH - Wells Hatchery,8/10/2023,WELSBR - Starr Boat Ramp on west shore 5 km upstream of Wells Dam,8/10/2023,8/10/2023,1
3DD.003E45D1E6,Mark,WELH - Wells Hatchery,8/17/2023,WELSBR - Starr Boat Ramp on west shore 5 km upstream of Wells Dam,8/17/2023,8/17/2023,1
3DD.003E45D1E7,Mark,WELH - Wells Hatchery,8/17/2023,WELSBR - Starr Boat Ramp on west shore 5 km upstream of Wells Dam,8/17/2023,8/17/2023,1
3DD.003E45D1E8,Mark,WELH - Wells Hatchery,8/17/2023,WELSBR - Starr Boat Ramp on west shore 5 km upstream of Wells Dam,8/17/2023,8/17/2023,1
3DD.003E45D1E9,Mark,WELH - Wells Hatchery,8/17/2023,WELSBR - Starr Boat Ramp on west shore 5 km upstream of Wells Dam,8/17/2023,8/17/2023,1
3DD.003E45D1EA,Mark,WELH - Wells Hatchery,8/17/2023,WELSBR - Starr Boat Ramp on west shore 5 km upstream of Wells Dam,8/17/2023,8/17/2023,1
3DD.003E45D1EB,Mark,WELH - Wells Hatchery,8/17/2023,WELSBR - Starr Boat Ramp on west shore 5 km upstream of Wells Dam,8/17/2023,8/17/2023,1
3DD.003E45D1EC,Mark,WELH - Wells Hatchery,8/17/2023,WELSBR - Starr Boat Ramp on west shore 5 km upstream of Wells Dam,8/17/2023,8/17/2023,1
3DD.003E45D1ED,Mark,WELH - Wells Hatchery,8/17/2023,WELSBR - Starr Boat Ramp on west shore 5 km upstream of Wells Dam,8/17/2023,8/17/2023,1
3DD.003E45D1EE,Mark,WELH - Wells Hatchery,8/10/2023,WELSBR - Starr Boat Ramp on west shore 5 km upstream of Wells Dam,8/10/2023,8/10/2023,1
3DD.003E45D1EF,Mark,WELH - Wells Hatchery,8/17/2023,WELSBR - Starr Boat Ramp on west shore 5 km upstream of Wells Dam,8/17/2023,8/17/2023,1
3DD.003E45D1F0,Mark,WELH - Wells Hatchery,8/17/2023,WELSBR - Starr Boat Ramp on west shore 5 km upstream of Wells Dam,8/17/2023,8/17/2023,1
3DD.003E45D1F1,Mark,WELH - Wells Hatchery,8/17/2023,WELSBR - Starr Boat Ramp on west shore 5 km upstream of Wells Dam,8/17/2023,8/17/2023,1
3DD.003E45D1F2,Mark,WELH - Wells Hatchery,8/17/2023,WELSBR - Starr Boat Ramp on west shore 5 km upstream of Wells Dam,8/17/2023,8/17/2023,1
3DD.003E45D1F3,Mark,WELH - Wells Hatchery,8/17/2023,WELSBR - Starr Boat Ramp on west shore 5 km upstream of Wells Dam,8/17/2023,8/17/2023,1
3DD.003E45D1F4,Mark,WELH - Wells Hatchery,8/17/2023,WELSBR - Starr Boat Ramp on west shore 5 km upstream of Wells Dam,8/17/2023,8/17/2023,1
3DD.003E45D1F5,Mark,WELH - Wells Hatchery,8/10/2023,WELSBR - Starr Boat Ramp on west shore 5 km upstream of Wells Dam,8/10/2023,8/10/2023,1
3DD.003E45D1F6,Mark,WELH - Wells Hatchery,8/17/2023,WELSBR - Starr Boat Ramp on west shore 5 km upstream of Wells Dam,8/17/2023,8/17/2023,1
3DD.003E45D1F7,Mark,WELH - Wells Hatchery,8/17/2023,WELSBR - Starr Boat Ramp on west shore 5 km upstream of Wells Dam,8/17/2023,8/17/2023,1
3DD.003E45D1F8,Mark,WELH - Wells Hatchery,8/17/2023,WELSBR - Starr Boat Ramp on west shore 5 km upstream of Wells Dam,8/17/2023,8/17/2023,1
3DD.003E45D1F9,Mark,WELH - Wells Hatchery,8/17/2023,WELSBR - Starr Boat Ramp on west shore 5 km upstream of Wells Dam,8/17/2023,8/17/2023,1
3DD.003E45D1FA,Mark,WELH - Wells Hatchery,8/17/2023,WELSBR - Starr Boat Ramp on west shore 5 km upstream of Wells Dam,8/17/2023,8/17/2023,1
3DD.003E45D1FB,Mark,WELH - Wells Hatchery,8/17/2023,WELSBR - Starr Boat Ramp on west shore 5 km upstream of Wells Dam,8/17/2023,8/17/2023,1
3DD.003E45D1FC,Mark,WELH - Wells Hatchery,8/17/2023,WELSBR - Starr Boat Ramp on west shore 5 km upstream of Wells Dam,8/17/2023,8/17/2023,1
3DD.003E45D1FD,Mark,WELH - Wells Hatchery,8/17/2023,WELSBR - Starr Boat Ramp on west shore 5 km upstream of Wells Dam,8/17/2023,8/17/2023,1
3DD.003E45D1FE,Mark,WELH - Wells Hatchery,8/10/2023,WELSBR - Starr Boat Ramp on west shore 5 km upstream of Wells Dam,8/10/2023,8/10/2023,1
3DD.003E45D1FF,Mark,WELH - Wells Hatchery,8/10/2023,WELSBR - Starr Boat Ramp on west shore 5 km upstream of Wells Dam,8/10/2023,8/10/2023,1
3DD.003E45D200,Mark,WELH - Wells Hatchery,8/10/2023,WELSBR - Starr Boat Ramp on west shore 5 km upstream of Wells Dam,8/10/2023,8/10/2023,1
3DD.003E45D201,Mark,WELH - Wells Hatchery,8/17/2023,WELSBR - Starr Boat Ramp on west shore 5 km upstream of Wells Dam,8/17/2023,8/17/2023,1
3DD.003E45D202,Mark,WELH - Wells Hatchery,8/10/2023,WELSBR - Starr Boat Ramp on west shore 5 km upstream of Wells Dam,8/10/2023,8/10/2023,1
3DD.003E45D203,Mark,WELH - Wells Hatchery,8/10/2023,WELSBR - Starr Boat Ramp on west shore 5 km upstream of Wells Dam,8/10/2023,8/10/2023,1
3DD.003E45D204,Mark,WELH - Wells Hatchery,8/10/2023,WELSBR - Starr Boat Ramp on west shore 5 km upstream of Wells Dam,8/10/2023,8/10/2023,1
3DD.003E45D205,Mark,WELH - Wells Hatchery,8/17/2023,WELSBR - Starr Boat Ramp on west shore 5 km upstream of Wells Dam,8/17/2023,8/17/2023,1
3DD.003E45D206,Mark,WELH - Wells Hatchery,8/17/2023,WELSBR - Starr Boat Ramp on west shore 5 km upstream of Wells Dam,8/17/2023,8/17/2023,1
3DD.003E45D207,Mark,WELH - Wells Hatchery,8/17/2023,WELSBR - Starr Boat Ramp on west shore 5 km upstream of Wells Dam,8/17/2023,8/17/2023,1
3DD.003E45D208,Mark,WELH - Wells Hatchery,8/17/2023,WELSBR - Starr Boat Ramp on west shore 5 km upstream of Wells Dam,8/17/2023,8/17/2023,1
3DD.003E45D209,Mark,WELH - Wells Hatchery,8/17/2023,WELSBR - Starr Boat Ramp on west shore 5 km upstream of Wells Dam,8/17/2023,8/17/2023,1
3DD.003E45D20A,Mark,WELH - Wells Hatchery,8/17/2023,WELSBR - Starr Boat Ramp on west shore 5 km upstream of Wells Dam,8/17/2023,8/17/2023,1
3DD.003E45D20B,Mark,WELH - Wells Hatchery,8/10/2023,WELSBR - Starr Boat Ramp on west shore 5 km upstream of Wells Dam,8/10/2023,8/10/2023,1
3DD.003E45D20C,Mark,WELH - Wells Hatchery,8/17/2023,WELSBR - Starr Boat Ramp on west shore 5 km upstream of Wells Dam,8/17/2023,8/17/2023,1
3DD.003E45D20D,Mark,WELH - Wells Hatchery,8/17/2023,WELSBR - Starr Boat Ramp on west shore 5 km upstream of Wells Dam,8/17/2023,8/17/2023,1
3DD.003E45D20E,Mark,WELH - Wells Hatchery,8/17/2023,WELSBR - Starr Boat Ramp on west shore 5 km upstream of Wells Dam,8/17/2023,8/17/2023,1
3DD.003E45D20F,Mark,WELH - Wells Hatchery,8/10/2023,WELSBR - Starr Boat Ramp on west shore 5 km upstream of Wells Dam,8/10/2023,8/10/2023,1
3DD.003E45D210,Mark,WELH - Wells Hatchery,8/10/2023,WELSBR - Starr Boat Ramp on west shore 5 km upstream of Wells Dam,8/10/2023,8/10/2023,1
3DD.003E45D211,Mark,WELH - Wells Hatchery,8/17/2023,WELSBR - Starr Boat Ramp on west shore 5 km upstream of Wells Dam,8/17/2023,8/17/2023,1
3DD.003E45D212,Mark,WELH - Wells Hatchery,8/17/2023,WELSBR - Starr Boat Ramp on west shore 5 km upstream of Wells Dam,8/17/2023,8/17/2023,1
3DD.003E45D213,Mark,WELH - Wells Hatchery,8/17/2023,WELSBR - Starr Boat Ramp on west shore 5 km upstream of Wells Dam,8/17/2023,8/17/2023,1
3DD.003E45D214,Mark,WELH - Wells Hatchery,8/17/2023,WELSBR - Starr Boat Ramp on west shore 5 km upstream of Wells Dam,8/17/2023,8/17/2023,1
3DD.003E45D215,Mark,WELH - Wells Hatchery,8/17/2023,WELSBR - Starr Boat Ramp on west shore 5 km upstream of Wells Dam,8/17/2023,8/17/2023,1
3DD.003E45D216,Mark,WELH - Wells Hatchery,8/17/2023,WELSBR - Starr Boat Ramp on west shore 5 km upstream of Wells Dam,8/17/2023,8/17/2023,1
3DD.003E45D217,Mark,WELH - Wells Hatchery,8/10/2023,WELSBR - Starr Boat Ramp on west shore 5 km upstream of Wells Dam,8/10/2023,8/10/2023,1
3DD.003E45D218,Mark,WELH - Wells Hatchery,8/17/2023,WELSBR - Starr Boat Ramp on west shore 5 km upstream of Wells Dam,8/17/2023,8/17/2023,1
3DD.003E45D219,Mark,WELH - Wells Hatchery,8/10/2023,WELSBR - Starr Boat Ramp on west shore 5 km upstream of Wells Dam,8/10/2023,8/10/2023,1
3DD.003E45D21A,Mark,WELH - Wells Hatchery,8/17/2023,WELSBR - Starr Boat Ramp on west shore 5 km upstream of Wells Dam,8/17/2023,8/17/2023,1
3DD.003E45D21B,Mark,WELH - Wells Hatchery,8/17/2023,WELSBR - Starr Boat Ramp on west shore 5 km upstream of Wells Dam,8/17/2023,8/17/2023,1
3DD.003E45D21C,Mark,WELH - Wells Hatchery,8/10/2023,WELSBR - Starr Boat Ramp on west shore 5 km upstream of Wells Dam,8/10/2023,8/10/2023,1
3DD.003E45D21D,Mark,WELH - Wells Hatchery,8/17/2023,WELSBR - Starr Boat Ramp on west shore 5 km upstream of Wells Dam,8/17/2023,8/17/2023,1
3DD.003E45D21E,Mark,WELH - Wells Hatchery,8/10/2023,WELSBR - Starr Boat Ramp on west shore 5 km upstream of Wells Dam,8/10/2023,8/10/2023,1
3DD.003E45D21F,Mark,WELH - Wells Hatchery,8/17/2023,WELSBR - Starr Boat Ramp on west shore 5 km upstream of Wells Dam,8/17/2023,8/17/2023,1
3DD.003E45D220,Mark,WELH - Wells Hatchery,8/17/2023,WELSBR - Starr Boat Ramp on west shore 5 km upstream of Wells Dam,8/17/2023,8/17/2023,1
3DD.003E45D221,Mark,WELH - Wells Hatchery,8/17/2023,WELSBR - Starr Boat Ramp on west shore 5 km upstream of Wells Dam,8/17/2023,8/17/2023,1
3DD.003E45D222,Mark,WELH - Wells Hatchery,8/17/2023,WELSBR - Starr Boat Ramp on west shore 5 km upstream of Wells Dam,8/17/2023,8/17/2023,1
3DD.003E45D223,Mark,WELH - Wells Hatchery,8/10/2023,WELSBR - Starr Boat Ramp on west shore 5 km upstream of Wells Dam,8/10/2023,8/10/2023,1
3DD.003E45D224,Mark,WELH - Wells Hatchery,8/17/2023,WELSBR - Starr Boat Ramp on west shore 5 km upstream of Wells Dam,8/17/2023,8/17/2023,1
3DD.003E45D225,Mark,WELH - Wells Hatchery,8/10/2023,WELSBR - Starr Boat Ramp on west shore 5 km upstream of Wells Dam,8/10/2023,8/10/2023,1
3DD.003E45D226,Mark,WELH - Wells Hatchery,8/17/2023,WELSBR - Starr Boat Ramp on west shore 5 km upstream of Wells Dam,8/17/2023,8/17/2023,1
3DD.003E45D227,Mark,WELH - Wells Hatchery,8/17/2023,WELSBR - Starr Boat Ramp on west shore 5 km upstream of Wells Dam,8/17/2023,8/17/2023,1
3DD.003E45D228,Mark,WELH - Wells Hatchery,8/17/2023,WELSBR - Starr Boat Ramp on west shore 5 km upstream of Wells Dam,8/17/2023,8/17/2023,1
3DD.003E45D229,Mark,WELH - Wells Hatchery,8/17/2023,WELSBR - Starr Boat Ramp on west shore 5 km upstream of Wells Dam,8/17/2023,8/17/2023,1
3DD.003E45D22A,Mark,WELH - Wells Hatchery,8/17/2023,WELSBR - Starr Boat Ramp on west shore 5 km upstream of Wells Dam,8/17/2023,8/17/2023,1
3DD.003E45D22B,Mark,WELH - Wells Hatchery,8/17/2023,WELSBR - Starr Boat Ramp on west shore 5 km upstream of Wells Dam,8/17/2023,8/17/2023,1
3DD.003E45D22C,Mark,WELH - Wells Hatchery,8/17/2023,WELSBR - Starr Boat Ramp on west shore 5 km upstream of Wells Dam,8/17/2023,8/17/2023,1
3DD.003E45D22D,Mark,WELH - Wells Hatchery,8/17/2023,WELSBR - Starr Boat Ramp on west shore 5 km upstream of Wells Dam,8/17/2023,8/17/2023,1
3DD.003E45D22E,Mark,WELH - Wells Hatchery,8/17/2023,WELSBR - Starr Boat Ramp on west shore 5 km upstream of Wells Dam,8/17/2023,8/17/2023,1
3DD.003E45D22F,Mark,WELH - Wells Hatchery,8/17/2023,WELSBR - Starr Boat Ramp on west shore 5 km upstream of Wells Dam,8/17/2023,8/17/2023,1
3DD.003E45D230,Mark,WELH - Wells Hatchery,8/17/2023,WELSBR - Starr Boat Ramp on west shore 5 km upstream of Wells Dam,8/17/2023,8/17/2023,1
3DD.003E45D231,Mark,WELH - Wells Hatchery,8/17/2023,WELSBR - Starr Boat Ramp on west shore 5 km upstream of Wells Dam,8/17/2023,8/17/2023,1
3DD.003E45D232,Mark,WELH - Wells Hatchery,8/17/2023,WELSBR - Starr Boat Ramp on west shore 5 km upstream of Wells Dam,8/17/2023,8/17/2023,1
3DD.003E45D233,Mark,WELH - Wells Hatchery,8/17/2023,WELSBR - Starr Boat Ramp on west shore 5 km upstream of Wells Dam,8/17/2023,8/17/2023,1
3DD.003E45D234,Mark,WELH - Wells Hatchery,8/17/2023,WELSBR - Starr Boat Ramp on west shore 5 km upstream of Wells Dam,8/17/2023,8/17/2023,1
3DD.003E45D235,Mark,WELH - Wells Hatchery,8/17/2023,WELSBR - Starr Boat Ramp on west shore 5 km upstream of Wells Dam,8/17/2023,8/17/2023,1
3DD.003E45D236,Mark,WELH - Wells Hatchery,8/17/2023,WELSBR - Starr Boat Ramp on west shore 5 km upstream of Wells Dam,8/17/2023,8/17/2023,1
3DD.003E45D237,Mark,WELH - Wells Hatchery,8/17/2023,WELSBR - Starr Boat Ramp on west shore 5 km upstream of Wells Dam,8/17/2023,8/17/2023,1
3DD.003E45D238,Mark,WELH - Wells Hatchery,8/10/2023,WELSBR - Starr Boat Ramp on west shore 5 km upstream of Wells Dam,8/10/2023,8/10/2023,1
3DD.003E45D239,Mark,WELH - Wells Hatchery,8/17/2023,WELSBR - Starr Boat Ramp on west shore 5 km upstream of Wells Dam,8/17/2023,8/17/2023,1
3DD.003E45D23A,Mark,WELH - Wells Hatchery,8/17/2023,WELSBR - Starr Boat Ramp on west shore 5 km upstream of Wells Dam,8/17/2023,8/17/2023,1
3DD.003E45D23B,Mark,WELH - Wells Hatchery,8/17/2023,WELSBR - Starr Boat Ramp on west shore 5 km upstream of Wells Dam,8/17/2023,8/17/2023,1
3DD.003E45D23C,Mark,WELH - Wells Hatchery,8/10/2023,WELSBR - Starr Boat Ramp on west shore 5 km upstream of Wells Dam,8/10/2023,8/10/2023,1
3DD.003E45D23D,Mark,WELH - Wells Hatchery,8/17/2023,WELSBR - Starr Boat Ramp on west shore 5 km upstream of Wells Dam,8/17/2023,8/17/2023,1
3DD.003E45D23E,Mark,WELH - Wells Hatchery,8/17/2023,WELSBR - Starr Boat Ramp on west shore 5 km upstream of Wells Dam,8/17/2023,8/17/2023,1
3DD.003E45D23F,Mark,WELH - Wells Hatchery,8/17/2023,WELSBR - Starr Boat Ramp on west shore 5 km upstream of Wells Dam,8/17/2023,8/17/2023,1
3DD.003E45D240,Mark,WELH - Wells Hatchery,8/17/2023,WELSBR - Starr Boat Ramp on west shore 5 km upstream of Wells Dam,8/17/2023,8/17/2023,1
3DD.003E45D36D,Mark,WELH - Wells Hatchery,7/27/2023,WELSBR - Starr Boat Ramp on west shore 5 km upstream of Wells Dam,7/27/2023,7/27/2023,1
3DD.003E45D36E,Mark,WELH - Wells Hatchery,7/27/2023,WELSBR - Starr Boat Ramp on west shore 5 km upstream of Wells Dam,7/27/2023,7/27/2023,1
3DD.003E45D36F,Mark,WELH - Wells Hatchery,7/27/2023,WELSBR - Starr Boat Ramp on west shore 5 km upstream of Wells Dam,7/27/2023,7/27/2023,1
3DD.003E45D370,Mark,WELH - Wells Hatchery,7/27/2023,WELSBR - Starr Boat Ramp on west shore 5 km upstream of Wells Dam,7/27/2023,7/27/2023,1
3DD.003E45D371,Mark,WELH - Wells Hatchery,7/27/2023,WELSBR - Starr Boat Ramp on west shore 5 km upstream of Wells Dam,7/27/2023,7/27/2023,1
3DD.003E45D372,Mark,WELH - Wells Hatchery,7/27/2023,WELSBR - Starr Boat Ramp on west shore 5 km upstream of Wells Dam,7/27/2023,7/27/2023,1
3DD.003E45D373,Mark,WELH - Wells Hatchery,7/27/2023,WELSBR - Starr Boat Ramp on west shore 5 km upstream of Wells Dam,7/27/2023,7/27/2023,1
3DD.003E45D374,Mark,WELH - Wells Hatchery,7/27/2023,WELSBR - Starr Boat Ramp on west shore 5 km upstream of Wells Dam,7/27/2023,7/27/2023,1
3DD.003E45D375,Mark,WELH - Wells Hatchery,7/27/2023,WELSBR - Starr Boat Ramp on west shore 5 km upstream of Wells Dam,7/27/2023,7/27/2023,1
3DD.003E45D376,Mark,WELH - Wells Hatchery,7/27/2023,WELSBR - Starr Boat Ramp on west shore 5 km upstream of Wells Dam,7/27/2023,7/27/2023,1
3DD.003E45D377,Mark,WELH - Wells Hatchery,7/27/2023,WELSBR - Starr Boat Ramp on west shore 5 km upstream of Wells Dam,7/27/2023,7/27/2023,1
3DD.003E45D378,Mark,WELH - Wells Hatchery,7/27/2023,WELSBR - Starr Boat Ramp on west shore 5 km upstream of Wells Dam,7/27/2023,7/27/2023,1
3DD.003E45D379,Mark,WELH - Wells Hatchery,7/27/2023,WELSBR - Starr Boat Ramp on west shore 5 km upstream of Wells Dam,7/27/2023,7/27/2023,1
3DD.003E45D37A,Mark,WELH - Wells Hatchery,7/27/2023,WELSBR - Starr Boat Ramp on west shore 5 km upstream of Wells Dam,7/27/2023,7/27/2023,1
3DD.003E45D37B,Mark,WELH - Wells Hatchery,7/27/2023,WELSBR - Starr Boat Ramp on west shore 5 km upstream of Wells Dam,7/27/2023,7/27/2023,1
3DD.003E45D37C,Mark,WELH - Wells Hatchery,7/27/2023,WELSBR - Starr Boat Ramp on west shore 5 km upstream of Wells Dam,7/27/2023,7/27/2023,1
3DD.003E45D37D,Mark,WELH - Wells Hatchery,7/27/2023,WELSBR - Starr Boat Ramp on west shore 5 km upstream of Wells Dam,7/27/2023,7/27/2023,1
3DD.003E45D37E,Mark,WELH - Wells Hatchery,7/27/2023,WELSBR - Starr Boat Ramp on west shore 5 km upstream of Wells Dam,7/27/2023,7/27/2023,1
3DD.003E45D37F,Mark,WELH - Wells Hatchery,7/20/2023,WELSBR - Starr Boat Ramp on west shore 5 km upstream of Wells Dam,7/20/2023,7/20/2023,1
3DD.003E45D380,Mark,WELH - Wells Hatchery,7/20/2023,WELSBR - Starr Boat Ramp on west shore 5 km upstream of Wells Dam,7/20/2023,7/20/2023,1
3DD.003E45D381,Mark,WELH - Wells Hatchery,7/27/2023,WELSBR - Starr Boat Ramp on west shore 5 km upstream of Wells Dam,7/27/2023,7/27/2023,1
3DD.003E45D382,Mark,WELH - Wells Hatchery,7/27/2023,WELSBR - Starr Boat Ramp on west shore 5 km upstream of Wells Dam,7/27/2023,7/27/2023,1
3DD.003E45D383,Mark,WELH - Wells Hatchery,7/27/2023,WELSBR - Starr Boat Ramp on west shore 5 km upstream of Wells Dam,7/27/2023,7/27/2023,1
3DD.003E45D384,Mark,WELH - Wells Hatchery,7/27/2023,WELSBR - Starr Boat Ramp on west shore 5 km upstream of Wells Dam,7/27/2023,7/27/2023,1
3DD.003E45D385,Mark,WELH - Wells Hatchery,7/27/2023,WELSBR - Starr Boat Ramp on west shore 5 km upstream of Wells Dam,7/27/2023,7/27/2023,1
3DD.003E45D386,Mark,WELH - Wells Hatchery,7/27/2023,WELSBR - Starr Boat Ramp on west shore 5 km upstream of Wells Dam,7/27/2023,7/27/2023,1
3DD.003E45D387,Mark,WELH - Wells Hatchery,7/27/2023,WELSBR - Starr Boat Ramp on west shore 5 km upstream of Wells Dam,7/27/2023,7/27/2023,1
3DD.003E45D388,Mark,WELH - Wells Hatchery,7/27/2023,WELSBR - Starr Boat Ramp on west shore 5 km upstream of Wells Dam,7/27/2023,7/27/2023,1
3DD.003E45D389,Mark,WELH - Wells Hatchery,7/27/2023,WELSBR - Starr Boat Ramp on west shore 5 km upstream of Wells Dam,7/27/2023,7/27/2023,1
3DD.003E45D38A,Mark,WELH - Wells Hatchery,7/27/2023,WELSBR - Starr Boat Ramp on west shore 5 km upstream of Wells Dam,7/27/2023,7/27/2023,1
3DD.003E45D38B,Mark,WELH - Wells Hatchery,7/27/2023,WELSBR - Starr Boat Ramp on west shore 5 km upstream of Wells Dam,7/27/2023,7/27/2023,1
3DD.003E45D38C,Mark,WELH - Wells Hatchery,7/27/2023,WELSBR - Starr Boat Ramp on west shore 5 km upstream of Wells Dam,7/27/2023,7/27/2023,1
3DD.003E45D38D,Mark,WELH - Wells Hatchery,7/27/2023,WELSBR - Starr Boat Ramp on west shore 5 km upstream of Wells Dam,7/27/2023,7/27/2023,1
3DD.003E45D38E,Mark,WELH - Wells Hatchery,7/27/2023,WELSBR - Starr Boat Ramp on west shore 5 km upstream of Wells Dam,7/27/2023,7/27/2023,1
3DD.003E45D38F,Mark,WELH - Wells Hatchery,7/27/2023,WELSBR - Starr Boat Ramp on west shore 5 km upstream of Wells Dam,7/27/2023,7/27/2023,1
3DD.003E45D390,Mark,WELH - Wells Hatchery,7/27/2023,WELSBR - Starr Boat Ramp on west shore 5 km upstream of Wells Dam,7/27/2023,7/27/2023,1
3DD.003E45D391,Mark,WELH - Wells Hatchery,7/27/2023,WELSBR - Starr Boat Ramp on west shore 5 km upstream of Wells Dam,7/27/2023,7/27/2023,1
3DD.003E45D392,Mark,WELH - Wells Hatchery,7/27/2023,WELSBR - Starr Boat Ramp on west shore 5 km upstream of Wells Dam,7/27/2023,7/27/2023,1
3DD.003E45D393,Mark,WELH - Wells Hatchery,7/27/2023,WELSBR - Starr Boat Ramp on west shore 5 km upstream of Wells Dam,7/27/2023,7/27/2023,1
3DD.003E45D394,Mark,WELH - Wells Hatchery,7/27/2023,WELSBR - Starr Boat Ramp on west shore 5 km upstream of Wells Dam,7/27/2023,7/27/2023,1
3DD.003E45D395,Mark,WELH - Wells Hatchery,7/27/2023,WELSBR - Starr Boat Ramp on west shore 5 km upstream of Wells Dam,7/27/2023,7/27/2023,1
3DD.003E45D396,Mark,WELH - Wells Hatchery,7/27/2023,WELSBR - Starr Boat Ramp on west shore 5 km upstream of Wells Dam,7/27/2023,7/27/2023,1
3DD.003E45D397,Mark,WELH - Wells Hatchery,7/27/2023,WELSBR - Starr Boat Ramp on west shore 5 km upstream of Wells Dam,7/27/2023,7/27/2023,1
3DD.003E45D398,Mark,WELH - Wells Hatchery,7/27/2023,WELSBR - Starr Boat Ramp on west shore 5 km upstream of Wells Dam,7/27/2023,7/27/2023,1
3DD.003E45D399,Mark,WELH - Wells Hatchery,7/27/2023,WELSBR - Starr Boat Ramp on west shore 5 km upstream of Wells Dam,7/27/2023,7/27/2023,1
3DD.003E45D39A,Mark,WELH - Wells Hatchery,7/27/2023,WELSBR - Starr Boat Ramp on west shore 5 km upstream of Wells Dam,7/27/2023,7/27/2023,1
3DD.003E45D39B,Mark,WELH - Wells Hatchery,7/27/2023,WELSBR - Starr Boat Ramp on west shore 5 km upstream of Wells Dam,7/27/2023,7/27/2023,1
3DD.003E45D39C,Mark,WELH - Wells Hatchery,7/27/2023,WELSBR - Starr Boat Ramp on west shore 5 km upstream of Wells Dam,7/27/2023,7/27/2023,1
3DD.003E45D39D,Mark,WELH - Wells Hatchery,7/27/2023,WELSBR - Starr Boat Ramp on west shore 5 km upstream of Wells Dam,7/27/2023,7/27/2023,1
3DD.003E45D39E,Mark,WELH - Wells Hatchery,7/27/2023,WELSBR - Starr Boat Ramp on west shore 5 km upstream of Wells Dam,7/27/2023,7/27/2023,1
3DD.003E45D39F,Mark,WELH - Wells Hatchery,7/27/2023,WELSBR - Starr Boat Ramp on west shore 5 km upstream of Wells Dam,7/27/2023,7/27/2023,1
3DD.003E45D3A0,Mark,WELH - Wells Hatchery,7/27/2023,WELSBR - Starr Boat Ramp on west shore 5 km upstream of Wells Dam,7/27/2023,7/27/2023,1
3DD.003E45D3A1,Mark,WELH - Wells Hatchery,7/27/2023,WELSBR - Starr Boat Ramp on west shore 5 km upstream of Wells Dam,7/27/2023,7/27/2023,1
3DD.003E45D3A2,Mark,WELH - Wells Hatchery,7/27/2023,WELSBR - Starr Boat Ramp on west shore 5 km upstream of Wells Dam,7/27/2023,7/27/2023,1
3DD.003E45D3A3,Mark,WELH - Wells Hatchery,7/27/2023,WELSBR - Starr Boat Ramp on west shore 5 km upstream of Wells Dam,7/27/2023,7/27/2023,1
3DD.003E45D3A4,Mark,WELH - Wells Hatchery,7/20/2023,WELSBR - Starr Boat Ramp on west shore 5 km upstream of Wells Dam,7/20/2023,7/20/2023,1
3DD.003E45D3A5,Mark,WELH - Wells Hatchery,7/27/2023,WELSBR - Starr Boat Ramp on west shore 5 km upstream of Wells Dam,7/27/2023,7/27/2023,1
3DD.003E45D3A6,Mark,WELH - Wells Hatchery,7/27/2023,WELSBR - Starr Boat Ramp on west shore 5 km upstream of Wells Dam,7/27/2023,7/27/2023,1
3DD.003E45D3A7,Mark,WELH - Wells Hatchery,7/27/2023,WELSBR - Starr Boat Ramp on west shore 5 km upstream of Wells Dam,7/27/2023,7/27/2023,1
3DD.003E45D3A8,Mark,WELH - Wells Hatchery,7/27/2023,WELSBR - Starr Boat Ramp on west shore 5 km upstream of Wells Dam,7/27/2023,7/27/2023,1
3DD.003E45D3A9,Mark,WELH - Wells Hatchery,7/27/2023,WELSBR - Starr Boat Ramp on west shore 5 km upstream of Wells Dam,7/27/2023,7/27/2023,1
3DD.003E45D3AA,Mark,WELH - Wells Hatchery,7/27/2023,WELSBR - Starr Boat Ramp on west shore 5 km upstream of Wells Dam,7/27/2023,7/27/2023,1
3DD.003E45D3AB,Mark,WELH - Wells Hatchery,7/27/2023,WELSBR - Starr Boat Ramp on west shore 5 km upstream of Wells Dam,7/27/2023,7/27/2023,1
3DD.003E45D3AC,Mark,WELH - Wells Hatchery,7/27/2023,WELSBR - Starr Boat Ramp on west shore 5 km upstream of Wells Dam,7/27/2023,7/27/2023,1
3DD.003E45D3AD,Mark,WELH - Wells Hatchery,7/20/2023,WELSBR - Starr Boat Ramp on west shore 5 km upstream of Wells Dam,7/20/2023,7/20/2023,1
3DD.003E45D3AE,Mark,WELH - Wells Hatchery,7/27/2023,WELSBR - Starr Boat Ramp on west shore 5 km upstream of Wells Dam,7/27/2023,7/27/2023,1
3DD.003E45D3AF,Mark,WELH - Wells Hatchery,7/27/2023,WELSBR - Starr Boat Ramp on west shore 5 km upstream of Wells Dam,7/27/2023,7/27/2023,1
3DD.003E45D3B0,Mark,WELH - Wells Hatchery,7/27/2023,WELSBR - Starr Boat Ramp on west shore 5 km upstream of Wells Dam,7/27/2023,7/27/2023,1
3DD.003E45D3B1,Mark,WELH - Wells Hatchery,7/27/2023,WELSBR - Starr Boat Ramp on west shore 5 km upstream of Wells Dam,7/27/2023,7/27/2023,1
3DD.003E45D3B2,Mark,WELH - Wells Hatchery,7/27/2023,WELSBR - Starr Boat Ramp on west shore 5 km upstream of Wells Dam,7/27/2023,7/27/2023,1
3DD.003E45D3B3,Mark,WELH - Wells Hatchery,7/27/2023,WELSBR - Starr Boat Ramp on west shore 5 km upstream of Wells Dam,7/27/2023,7/27/2023,1
3DD.003E45D3B4,Mark,WELH - Wells Hatchery,7/27/2023,WELSBR - Starr Boat Ramp on west shore 5 km upstream of Wells Dam,7/27/2023,7/27/2023,1
3DD.003E45D3B5,Mark,WELH - Wells Hatchery,7/27/2023,WELSBR - Starr Boat Ramp on west shore 5 km upstream of Wells Dam,7/27/2023,7/27/2023,1
3DD.003E45D3B6,Mark,WELH - Wells Hatchery,7/27/2023,WELSBR - Starr Boat Ramp on west shore 5 km upstream of Wells Dam,7/27/2023,7/27/2023,1
3DD.003E45D3B7,Mark,WELH - Wells Hatchery,7/27/2023,WELSBR - Starr Boat Ramp on west shore 5 km upstream of Wells Dam,7/27/2023,7/27/2023,1
3DD.003E45D3B8,Mark,WELH - Wells Hatchery,7/27/2023,WELSBR - Starr Boat Ramp on west shore 5 km upstream of Wells Dam,7/27/2023,7/27/2023,1
3DD.003E45D3B9,Mark,WELH - Wells Hatchery,7/27/2023,WELSBR - Starr Boat Ramp on west shore 5 km upstream of Wells Dam,7/27/2023,7/27/2023,1
3DD.003E45D3BA,Mark,WELH - Wells Hatchery,7/27/2023,WELSBR - Starr Boat Ramp on west shore 5 km upstream of Wells Dam,7/27/2023,7/27/2023,1
3DD.003E45D3BB,Mark,WELH - Wells Hatchery,7/27/2023,WELSBR - Starr Boat Ramp on west shore 5 km upstream of Wells Dam,7/27/2023,7/27/2023,1
3DD.003E45D3BC,Mark,WELH - Wells Hatchery,7/27/2023,WELSBR - Starr Boat Ramp on west shore 5 km upstream of Wells Dam,7/27/2023,7/27/2023,1
3DD.003E45D3BD,Mark,WELH - Wells Hatchery,7/27/2023,WELSBR - Starr Boat Ramp on west shore 5 km upstream of Wells Dam,7/27/2023,7/27/2023,1
3DD.003E45D3BE,Mark,WELH - Wells Hatchery,7/27/2023,WELSBR - Starr Boat Ramp on west shore 5 km upstream of Wells Dam,7/27/2023,7/27/2023,1
3DD.003E45D3BF,Mark,WELH - Wells Hatchery,7/20/2023,WELSBR - Starr Boat Ramp on west shore 5 km upstream of Wells Dam,7/20/2023,7/20/2023,1
3DD.003E45D3C0,Mark,WELH - Wells Hatchery,7/27/2023,WELSBR - Starr Boat Ramp on west shore 5 km upstream of Wells Dam,7/27/2023,7/27/2023,1
3DD.003E45D3C1,Mark,WELH - Wells Hatchery,7/27/2023,WELSBR - Starr Boat Ramp on west shore 5 km upstream of Wells Dam,7/27/2023,7/27/2023,1
3DD.003E45D3C2,Mark,WELH - Wells Hatchery,7/27/2023,WELSBR - Starr Boat Ramp on west shore 5 km upstream of Wells Dam,7/27/2023,7/27/2023,1
3DD.003E45D3C3,Mark,WELH - Wells Hatchery,7/27/2023,WELSBR - Starr Boat Ramp on west shore 5 km upstream of Wells Dam,7/27/2023,7/27/2023,1
3DD.003E45D3C4,Mark,WELH - Wells Hatchery,7/27/2023,WELSBR - Starr Boat Ramp on west shore 5 km upstream of Wells Dam,7/27/2023,7/27/2023,1
3DD.003E45D3C5,Mark,WELH - Wells Hatchery,7/27/2023,WELSBR - Starr Boat Ramp on west shore 5 km upstream of Wells Dam,7/27/2023,7/27/2023,1
3DD.003E45D3C6,Mark,WELH - Wells Hatchery,7/27/2023,WELSBR - Starr Boat Ramp on west shore 5 km upstream of Wells Dam,7/27/2023,7/27/2023,1
3DD.003E45D3C7,Mark,WELH - Wells Hatchery,7/27/2023,WELSBR - Starr Boat Ramp on west shore 5 km upstream of Wells Dam,7/27/2023,7/27/2023,1
3DD.003E45D3C8,Mark,WELH - Wells Hatchery,7/27/2023,WELSBR - Starr Boat Ramp on west shore 5 km upstream of Wells Dam,7/27/2023,7/27/2023,1
3DD.003E45D3C9,Mark,WELH - Wells Hatchery,7/27/2023,WELSBR - Starr Boat Ramp on west shore 5 km upstream of Wells Dam,7/27/2023,7/27/2023,1
3DD.003E45D3CA,Mark,WELH - Wells Hatchery,7/27/2023,WELSBR - Starr Boat Ramp on west shore 5 km upstream of Wells Dam,7/27/2023,7/27/2023,1
3DD.003E45D3CB,Mark,WELH - Wells Hatchery,7/27/2023,WELSBR - Starr Boat Ramp on west shore 5 km upstream of Wells Dam,7/27/2023,7/27/2023,1
3DD.003E45D3CC,Mark,WELH - Wells Hatchery,7/27/2023,WELSBR - Starr Boat Ramp on west shore 5 km upstream of Wells Dam,7/27/2023,7/27/2023,1
3DD.003E45D3CD,Mark,WELH - Wells Hatchery,7/27/2023,WELSBR - Starr Boat Ramp on west shore 5 km upstream of Wells Dam,7/27/2023,7/27/2023,1
3DD.003E45D3CE,Mark,WELH - Wells Hatchery,7/27/2023,WELSBR - Starr Boat Ramp on west shore 5 km upstream of Wells Dam,7/27/2023,7/27/2023,1
3DD.003E45D3CF,Mark,WELH - Wells Hatchery,7/27/2023,WELSBR - Starr Boat Ramp on west shore 5 km upstream of Wells Dam,7/27/2023,7/27/2023,1
3DD.003E45D3D0,Mark,WELH - Wells Hatchery,7/27/2023,WELSBR - Starr Boat Ramp on west shore 5 km upstream of Wells Dam,7/27/2023,7/27/2023,1
3DD.003E45D3D1,Mark,WELH - Wells Hatchery,7/27/2023,WELSBR - Starr Boat Ramp on west shore 5 km upstream of Wells Dam,7/27/2023,7/27/2023,1
3DD.003E45D3D2,Mark,WELH - Wells Hatchery,7/27/2023,WELSBR - Starr Boat Ramp on west shore 5 km upstream of Wells Dam,7/27/2023,7/27/2023,1
3DD.003E45D3D3,Mark,WELH - Wells Hatchery,7/27/2023,WELSBR - Starr Boat Ramp on west shore 5 km upstream of Wells Dam,7/27/2023,7/27/2023,1
3DD.003E45D3D4,Mark,WELH - Wells Hatchery,7/27/2023,WELSBR - Starr Boat Ramp on west shore 5 km upstream of Wells Dam,7/27/2023,7/27/2023,1
3DD.003E45D3D5,Mark,WELH - Wells Hatchery,7/27/2023,WELSBR - Starr Boat Ramp on west shore 5 km upstream of Wells Dam,7/27/2023,7/27/2023,1
3DD.003E45D3D6,Mark,WELH - Wells Hatchery,7/27/2023,WELSBR - Starr Boat Ramp on west shore 5 km upstream of Wells Dam,7/27/2023,7/27/2023,1
3DD.003E45D3D7,Mark,WELH - Wells Hatchery,7/27/2023,WELSBR - Starr Boat Ramp on west shore 5 km upstream of Wells Dam,7/27/2023,7/27/2023,1
3DD.003E45D3D8,Mark,WELH - Wells Hatchery,7/27/2023,WELSBR - Starr Boat Ramp on west shore 5 km upstream of Wells Dam,7/27/2023,7/27/2023,1
3DD.003E45D3D9,Mark,WELH - Wells Hatchery,7/27/2023,WELSBR - Starr Boat Ramp on west shore 5 km upstream of Wells Dam,7/27/2023,7/27/2023,1
3DD.003E45D3DA,Mark,WELH - Wells Hatchery,7/27/2023,WELSBR - Starr Boat Ramp on west shore 5 km upstream of Wells Dam,7/27/2023,7/27/2023,1
3DD.003E45D3DB,Mark,WELH - Wells Hatchery,7/27/2023,WELSBR - Starr Boat Ramp on west shore 5 km upstream of Wells Dam,7/27/2023,7/27/2023,1
3DD.003E45D3DC,Mark,WELH - Wells Hatchery,7/27/2023,WELSBR - Starr Boat Ramp on west shore 5 km upstream of Wells Dam,7/27/2023,7/27/2023,1
3DD.003E45D3DD,Mark,WELH - Wells Hatchery,7/27/2023,WELSBR - Starr Boat Ramp on west shore 5 km upstream of Wells Dam,7/27/2023,7/27/2023,1
3DD.003E45D3DE,Mark,WELH - Wells Hatchery,7/27/2023,WELSBR - Starr Boat Ramp on west shore 5 km upstream of Wells Dam,7/27/2023,7/27/2023,1
3DD.003E45D3DF,Mark,WELH - Wells Hatchery,7/27/2023,WELSBR - Starr Boat Ramp on west shore 5 km upstream of Wells Dam,7/27/2023,7/27/2023,1
3DD.003E45D3E0,Mark,WELH - Wells Hatchery,7/27/2023,WELSBR - Starr Boat Ramp on west shore 5 km upstream of Wells Dam,7/27/2023,7/27/2023,1
3DD.003E45D3E1,Mark,WELH - Wells Hatchery,7/27/2023,WELSBR - Starr Boat Ramp on west shore 5 km upstream of Wells Dam,7/27/2023,7/27/2023,1
3DD.003E45D3E2,Mark,WELH - Wells Hatchery,7/27/2023,WELSBR - Starr Boat Ramp on west shore 5 km upstream of Wells Dam,7/27/2023,7/27/2023,1
3DD.003E45D3E3,Mark,WELH - Wells Hatchery,7/27/2023,WELSBR - Starr Boat Ramp on west shore 5 km upstream of Wells Dam,7/27/2023,7/27/2023,1
3DD.003E45D3E4,Mark,WELH - Wells Hatchery,7/27/2023,WELSBR - Starr Boat Ramp on west shore 5 km upstream of Wells Dam,7/27/2023,7/27/2023,1
3DD.003E45D3E5,Mark,WELH - Wells Hatchery,7/27/2023,WELSBR - Starr Boat Ramp on west shore 5 km upstream of Wells Dam,7/27/2023,7/27/2023,1
3DD.003E45D3E6,Mark,WELH - Wells Hatchery,7/27/2023,WELSBR - Starr Boat Ramp on west shore 5 km upstream of Wells Dam,7/27/2023,7/27/2023,1
3DD.003E45D3E7,Mark,WELH - Wells Hatchery,7/27/2023,WELSBR - Starr Boat Ramp on west shore 5 km upstream of Wells Dam,7/27/2023,7/27/2023,1
3DD.003E45D3E8,Mark,WELH - Wells Hatchery,7/27/2023,WELSBR - Starr Boat Ramp on west shore 5 km upstream of Wells Dam,7/27/2023,7/27/2023,1
3DD.003E45D3E9,Mark,WELH - Wells Hatchery,7/27/2023,WELSBR - Starr Boat Ramp on west shore 5 km upstream of Wells Dam,7/27/2023,7/27/2023,1
3DD.003E45D3EA,Mark,WELH - Wells Hatchery,7/27/2023,WELSBR - Starr Boat Ramp on west shore 5 km upstream of Wells Dam,7/27/2023,7/27/2023,1
3DD.003E45D3EB,Mark,WELH - Wells Hatchery,7/27/2023,WELSBR - Starr Boat Ramp on west shore 5 km upstream of Wells Dam,7/27/2023,7/27/2023,1
3DD.003E45D3EC,Mark,WELH - Wells Hatchery,7/27/2023,WELSBR - Starr Boat Ramp on west shore 5 km upstream of Wells Dam,7/27/2023,7/27/2023,1
3DD.003E45D3ED,Mark,WELH - Wells Hatchery,7/27/2023,WELSBR - Starr Boat Ramp on west shore 5 km upstream of Wells Dam,7/27/2023,7/27/2023,1
3DD.003E45D3EE,Mark,WELH - Wells Hatchery,7/27/2023,WELSBR - Starr Boat Ramp on west shore 5 km upstream of Wells Dam,7/27/2023,7/27/2023,1
3DD.003E45D3EF,Mark,WELH - Wells Hatchery,7/27/2023,WELSBR - Starr Boat Ramp on west shore 5 km upstream of Wells Dam,7/27/2023,7/27/2023,1
3DD.003E45D3F0,Mark,WELH - Wells Hatchery,7/27/2023,WELSBR - Starr Boat Ramp on west shore 5 km upstream of Wells Dam,7/27/2023,7/27/2023,1
3DD.003E45D3F1,Mark,WELH - Wells Hatchery,7/27/2023,WELSBR - Starr Boat Ramp on west shore 5 km upstream of Wells Dam,7/27/2023,7/27/2023,1
3DD.003E45D3F2,Mark,WELH - Wells Hatchery,7/27/2023,WELSBR - Starr Boat Ramp on west shore 5 km upstream of Wells Dam,7/27/2023,7/27/2023,1
3DD.003E45D3F3,Mark,WELH - Wells Hatchery,7/27/2023,WELSBR - Starr Boat Ramp on west shore 5 km upstream of Wells Dam,7/27/2023,7/27/2023,1
3DD.003E45D3F4,Mark,WELH - Wells Hatchery,7/27/2023,WELSBR - Starr Boat Ramp on west shore 5 km upstream of Wells Dam,7/27/2023,7/27/2023,1
3DD.003E45D3F5,Mark,WELH - Wells Hatchery,7/27/2023,WELSBR - Starr Boat Ramp on west shore 5 km upstream of Wells Dam,7/27/2023,7/27/2023,1
3DD.003E45D3F6,Mark,WELH - Wells Hatchery,7/27/2023,WELSBR - Starr Boat Ramp on west shore 5 km upstream of Wells Dam,7/27/2023,7/27/2023,1
3DD.003E45D3F7,Mark,WELH - Wells Hatchery,7/27/2023,WELSBR - Starr Boat Ramp on west shore 5 km upstream of Wells Dam,7/27/2023,7/27/2023,1
3DD.003E45D3F8,Mark,WELH - Wells Hatchery,7/27/2023,WELSBR - Starr Boat Ramp on west shore 5 km upstream of Wells Dam,7/27/2023,7/27/2023,1
3DD.003E45D3F9,Mark,WELH - Wells Hatchery,7/27/2023,WELSBR - Starr Boat Ramp on west shore 5 km upstream of Wells Dam,7/27/2023,7/27/2023,1
3DD.003E45D3FA,Mark,WELH - Wells Hatchery,7/27/2023,WELSBR - Starr Boat Ramp on west shore 5 km upstream of Wells Dam,7/27/2023,7/27/2023,1
3DD.003E45D3FB,Mark,WELH - Wells Hatchery,7/27/2023,WELSBR - Starr Boat Ramp on west shore 5 km upstream of Wells Dam,7/27/2023,7/27/2023,1
3DD.003E45D3FC,Mark,WELH - Wells Hatchery,7/27/2023,WELSBR - Starr Boat Ramp on west shore 5 km upstream of Wells Dam,7/27/2023,7/27/2023,1
3DD.003E45D3FD,Mark,WELH - Wells Hatchery,7/27/2023,WELSBR - Starr Boat Ramp on west shore 5 km upstream of Wells Dam,7/27/2023,7/27/2023,1
3DD.003E45D3FE,Mark,WELH - Wells Hatchery,7/27/2023,WELSBR - Starr Boat Ramp on west shore 5 km upstream of Wells Dam,7/27/2023,7/27/2023,1
3DD.003E45D3FF,Mark,WELH - Wells Hatchery,7/27/2023,WELSBR - Starr Boat Ramp on west shore 5 km upstream of Wells Dam,7/27/2023,7/27/2023,1
3DD.003E45D400,Mark,WELH - Wells Hatchery,7/27/2023,WELSBR - Starr Boat Ramp on west shore 5 km upstream of Wells Dam,7/27/2023,7/27/2023,1
3DD.003E45D401,Mark,WELH - Wells Hatchery,7/27/2023,WELSBR - Starr Boat Ramp on west shore 5 km upstream of Wells Dam,7/27/2023,7/27/2023,1
3DD.003E45D402,Mark,WELH - Wells Hatchery,7/27/2023,WELSBR - Starr Boat Ramp on west shore 5 km upstream of Wells Dam,7/27/2023,7/27/2023,1
3DD.003E45D403,Mark,WELH - Wells Hatchery,7/27/2023,WELSBR - Starr Boat Ramp on west shore 5 km upstream of Wells Dam,7/27/2023,7/27/2023,1
3DD.003E45D404,Mark,WELH - Wells Hatchery,7/27/2023,WELSBR - Starr Boat Ramp on west shore 5 km upstream of Wells Dam,7/27/2023,7/27/2023,1
3DD.003E45D405,Mark,WELH - Wells Hatchery,7/27/2023,WELSBR - Starr Boat Ramp on west shore 5 km upstream of Wells Dam,7/27/2023,7/27/2023,1
3DD.003E45D406,Mark,WELH - Wells Hatchery,7/27/2023,WELSBR - Starr Boat Ramp on west shore 5 km upstream of Wells Dam,7/27/2023,7/27/2023,1
3DD.003E45D407,Mark,WELH - Wells Hatchery,7/27/2023,WELSBR - Starr Boat Ramp on west shore 5 km upstream of Wells Dam,7/27/2023,7/27/2023,1
3DD.003E45D408,Mark,WELH - Wells Hatchery,7/27/2023,WELSBR - Starr Boat Ramp on west shore 5 km upstream of Wells Dam,7/27/2023,7/27/2023,1
3DD.003E45D409,Mark,WELH - Wells Hatchery,7/27/2023,WELSBR - Starr Boat Ramp on west shore 5 km upstream of Wells Dam,7/27/2023,7/27/2023,1
3DD.003E45D40A,Mark,WELH - Wells Hatchery,7/27/2023,WELSBR - Starr Boat Ramp on west shore 5 km upstream of Wells Dam,7/27/2023,7/27/2023,1
3DD.003E45D40B,Mark,WELH - Wells Hatchery,7/27/2023,WELSBR - Starr Boat Ramp on west shore 5 km upstream of Wells Dam,7/27/2023,7/27/2023,1
3DD.003E45D40C,Mark,WELH - Wells Hatchery,7/27/2023,WELSBR - Starr Boat Ramp on west shore 5 km upstream of Wells Dam,7/27/2023,7/27/2023,1
3DD.003E45D40D,Mark,WELH - Wells Hatchery,7/27/2023,WELSBR - Starr Boat Ramp on west shore 5 km upstream of Wells Dam,7/27/2023,7/27/2023,1
3DD.003E45D40E,Mark,WELH - Wells Hatchery,7/27/2023,WELSBR - Starr Boat Ramp on west shore 5 km upstream of Wells Dam,7/27/2023,7/27/2023,1
3DD.003E45D40F,Mark,WELH - Wells Hatchery,7/27/2023,WELSBR - Starr Boat Ramp on west shore 5 km upstream of Wells Dam,7/27/2023,7/27/2023,1
3DD.003E45D410,Mark,WELH - Wells Hatchery,7/27/2023,WELSBR - Starr Boat Ramp on west shore 5 km upstream of Wells Dam,7/27/2023,7/27/2023,1
3DD.003E45D411,Mark,WELH - Wells Hatchery,7/27/2023,WELSBR - Starr Boat Ramp on west shore 5 km upstream of Wells Dam,7/27/2023,7/27/2023,1
3DD.003E45D412,Mark,WELH - Wells Hatchery,7/27/2023,WELSBR - Starr Boat Ramp on west shore 5 km upstream of Wells Dam,7/27/2023,7/27/2023,1
3DD.003E45D413,Mark,WELH - Wells Hatchery,7/27/2023,WELSBR - Starr Boat Ramp on west shore 5 km upstream of Wells Dam,7/27/2023,7/27/2023,1
3DD.003E45D414,Mark,WELH - Wells Hatchery,7/27/2023,WELSBR - Starr Boat Ramp on west shore 5 km upstream of Wells Dam,7/27/2023,7/27/2023,1
3DD.003E45D415,Mark,WELH - Wells Hatchery,7/27/2023,WELSBR - Starr Boat Ramp on west shore 5 km upstream of Wells Dam,7/27/2023,7/27/2023,1
3DD.003E45D416,Mark,WELH - Wells Hatchery,7/27/2023,WELSBR - Starr Boat Ramp on west shore 5 km upstream of Wells Dam,7/27/2023,7/27/2023,1
3DD.003E45D417,Mark,WELH - Wells Hatchery,7/27/2023,WELSBR - Starr Boat Ramp on west shore 5 km upstream of Wells Dam,7/27/2023,7/27/2023,1
3DD.003E45D418,Mark,WELH - Wells Hatchery,7/27/2023,WELSBR - Starr Boat Ramp on west shore 5 km upstream of Wells Dam,7/27/2023,7/27/2023,1
3DD.003E45D419,Mark,WELH - Wells Hatchery,7/27/2023,WELSBR - Starr Boat Ramp on west shore 5 km upstream of Wells Dam,7/27/2023,7/27/2023,1
3DD.003E45D41A,Mark,WELH - Wells Hatchery,7/27/2023,WELSBR - Starr Boat Ramp on west shore 5 km upstream of Wells Dam,7/27/2023,7/27/2023,1
3DD.003E45D41B,Mark,WELH - Wells Hatchery,7/27/2023,WELSBR - Starr Boat Ramp on west shore 5 km upstream of Wells Dam,7/27/2023,7/27/2023,1
3DD.003E45D41C,Mark,WELH - Wells Hatchery,7/27/2023,WELSBR - Starr Boat Ramp on west shore 5 km upstream of Wells Dam,7/27/2023,7/27/2023,1
3DD.003E45D41D,Mark,WELH - Wells Hatchery,7/27/2023,WELSBR - Starr Boat Ramp on west shore 5 km upstream of Wells Dam,7/27/2023,7/27/2023,1
3DD.003E45D41E,Mark,WELH - Wells Hatchery,7/27/2023,WELSBR - Starr Boat Ramp on west shore 5 km upstream of Wells Dam,7/27/2023,7/27/2023,1
3DD.003E45D41F,Mark,WELH - Wells Hatchery,7/27/2023,WELSBR - Starr Boat Ramp on west shore 5 km upstream of Wells Dam,7/27/2023,7/27/2023,1
3DD.003E45D420,Mark,WELH - Wells Hatchery,7/27/2023,WELSBR - Starr Boat Ramp on west shore 5 km upstream of Wells Dam,7/27/2023,7/27/2023,1
3DD.003E45D421,Mark,WELH - Wells Hatchery,7/27/2023,WELSBR - Starr Boat Ramp on west shore 5 km upstream of Wells Dam,7/27/2023,7/27/2023,1
3DD.003E45D422,Mark,WELH - Wells Hatchery,7/27/2023,WELSBR - Starr Boat Ramp on west shore 5 km upstream of Wells Dam,7/27/2023,7/27/2023,1
3DD.003E45D423,Mark,WELH - Wells Hatchery,7/27/2023,WELSBR - Starr Boat Ramp on west shore 5 km upstream of Wells Dam,7/27/2023,7/27/2023,1
3DD.003E45D424,Mark,WELH - Wells Hatchery,7/27/2023,WELSBR - Starr Boat Ramp on west shore 5 km upstream of Wells Dam,7/27/2023,7/27/2023,1
3DD.003E45D425,Mark,WELH - Wells Hatchery,7/27/2023,WELSBR - Starr Boat Ramp on west shore 5 km upstream of Wells Dam,7/27/2023,7/27/2023,1
3DD.003E45D426,Mark,WELH - Wells Hatchery,7/27/2023,WELSBR - Starr Boat Ramp on west shore 5 km upstream of Wells Dam,7/27/2023,7/27/2023,1
3DD.003E45D427,Mark,WELH - Wells Hatchery,7/27/2023,WELSBR - Starr Boat Ramp on west shore 5 km upstream of Wells Dam,7/27/2023,7/27/2023,1
3DD.003E45D428,Mark,WELH - Wells Hatchery,7/27/2023,WELSBR - Starr Boat Ramp on west shore 5 km upstream of Wells Dam,7/27/2023,7/27/2023,1
3DD.003E45D429,Mark,WELH - Wells Hatchery,7/27/2023,WELSBR - Starr Boat Ramp on west shore 5 km upstream of Wells Dam,7/27/2023,7/27/2023,1
3DD.003E45D42A,Mark,WELH - Wells Hatchery,7/27/2023,WELSBR - Starr Boat Ramp on west shore 5 km upstream of Wells Dam,7/27/2023,7/27/2023,1
3DD.003E45D42B,Mark,WELH - Wells Hatchery,7/27/2023,WELSBR - Starr Boat Ramp on west shore 5 km upstream of Wells Dam,7/27/2023,7/27/2023,1
3DD.003E45D42C,Mark,WELH - Wells Hatchery,7/27/2023,WELSBR - Starr Boat Ramp on west shore 5 km upstream of Wells Dam,7/27/2023,7/27/2023,1
3DD.003E45D42D,Mark,WELH - Wells Hatchery,7/27/2023,WELSBR - Starr Boat Ramp on west shore 5 km upstream of Wells Dam,7/27/2023,7/27/2023,1
3DD.003E45D42E,Mark,WELH - Wells Hatchery,7/27/2023,WELSBR - Starr Boat Ramp on west shore 5 km upstream of Wells Dam,7/27/2023,7/27/2023,1
3DD.003E45D42F,Mark,WELH - Wells Hatchery,7/27/2023,WELSBR - Starr Boat Ramp on west shore 5 km upstream of Wells Dam,7/27/2023,7/27/2023,1
3DD.003E45D430,Mark,WELH - Wells Hatchery,7/27/2023,WELSBR - Starr Boat Ramp on west shore 5 km upstream of Wells Dam,7/27/2023,7/27/2023,1
3DD.003E45D431,Mark,WELH - Wells Hatchery,7/27/2023,WELSBR - Starr Boat Ramp on west shore 5 km upstream of Wells Dam,7/27/2023,7/27/2023,1
3DD.003E45D432,Mark,WELH - Wells Hatchery,7/27/2023,WELSBR - Starr Boat Ramp on west shore 5 km upstream of Wells Dam,7/27/2023,7/27/2023,1
3DD.003E45D433,Mark,WELH - Wells Hatchery,7/27/2023,WELSBR - Starr Boat Ramp on west shore 5 km upstream of Wells Dam,7/27/2023,7/27/2023,1
3DD.003E45D434,Mark,WELH - Wells Hatchery,7/27/2023,WELSBR - Starr Boat Ramp on west shore 5 km upstream of Wells Dam,7/27/2023,7/27/2023,1
3DD.003E45D435,Mark,WELH - Wells Hatchery,7/20/2023,WELSBR - Starr Boat Ramp on west shore 5 km upstream of Wells Dam,7/20/2023,7/20/2023,1
3DD.003E45D436,Mark,WELH - Wells Hatchery,7/20/2023,WELSBR - Starr Boat Ramp on west shore 5 km upstream of Wells Dam,7/20/2023,7/20/2023,1
3DD.003E45D437,Mark,WELH - Wells Hatchery,7/20/2023,WELSBR - Starr Boat Ramp on west shore 5 km upstream of Wells Dam,7/20/2023,7/20/2023,1
3DD.003E45D438,Mark,WELH - Wells Hatchery,7/20/2023,WELSBR - Starr Boat Ramp on west shore 5 km upstream of Wells Dam,7/20/2023,7/20/2023,1
3DD.003E45D439,Mark,WELH - Wells Hatchery,7/20/2023,WELSBR - Starr Boat Ramp on west shore 5 km upstream of Wells Dam,7/20/2023,7/20/2023,1
3DD.003E45D43A,Mark,WELH - Wells Hatchery,7/20/2023,WELSBR - Starr Boat Ramp on west shore 5 km upstream of Wells Dam,7/20/2023,7/20/2023,1
3DD.003E45D43B,Mark,WELH - Wells Hatchery,7/20/2023,WELSBR - Starr Boat Ramp on west shore 5 km upstream of Wells Dam,7/20/2023,7/20/2023,1
3DD.003E45D43C,Mark,WELH - Wells Hatchery,7/20/2023,WELSBR - Starr Boat Ramp on west shore 5 km upstream of Wells Dam,7/20/2023,7/20/2023,1
3DD.003E45D43D,Mark,WELH - Wells Hatchery,7/20/2023,WELSBR - Starr Boat Ramp on west shore 5 km upstream of Wells Dam,7/20/2023,7/20/2023,1
3DD.003E45D43E,Mark,WELH - Wells Hatchery,7/20/2023,WELSBR - Starr Boat Ramp on west shore 5 km upstream of Wells Dam,7/20/2023,7/20/2023,1
3DD.003E45D43F,Mark,WELH - Wells Hatchery,7/20/2023,WELSBR - Starr Boat Ramp on west shore 5 km upstream of Wells Dam,7/20/2023,7/20/2023,1
3DD.003E45D440,Mark,WELH - Wells Hatchery,7/20/2023,WELSBR - Starr Boat Ramp on west shore 5 km upstream of Wells Dam,7/20/2023,7/20/2023,1
3DD.003E45D441,Mark,WELH - Wells Hatchery,7/20/2023,WELSBR - Starr Boat Ramp on west shore 5 km upstream of Wells Dam,7/20/2023,7/20/2023,1
3DD.003E45D442,Mark,WELH - Wells Hatchery,7/20/2023,WELSBR - Starr Boat Ramp on west shore 5 km upstream of Wells Dam,7/20/2023,7/20/2023,1
3DD.003E45D443,Mark,WELH - Wells Hatchery,7/20/2023,WELSBR - Starr Boat Ramp on west shore 5 km upstream of Wells Dam,7/20/2023,7/20/2023,1
3DD.003E45D444,Mark,WELH - Wells Hatchery,7/20/2023,WELSBR - Starr Boat Ramp on west shore 5 km upstream of Wells Dam,7/20/2023,7/20/2023,1
3DD.003E45D445,Mark,WELH - Wells Hatchery,7/20/2023,WELSBR - Starr Boat Ramp on west shore 5 km upstream of Wells Dam,7/20/2023,7/20/2023,1
3DD.003E45D446,Mark,WELH - Wells Hatchery,7/20/2023,WELSBR - Starr Boat Ramp on west shore 5 km upstream of Wells Dam,7/20/2023,7/20/2023,1
3DD.003E45D447,Mark,WELH - Wells Hatchery,7/20/2023,WELSBR - Starr Boat Ramp on west shore 5 km upstream of Wells Dam,7/20/2023,7/20/2023,1
3DD.003E45D448,Mark,WELH - Wells Hatchery,7/20/2023,WELSBR - Starr Boat Ramp on west shore 5 km upstream of Wells Dam,7/20/2023,7/20/2023,1
3DD.003E45D449,Mark,WELH - Wells Hatchery,7/20/2023,WELSBR - Starr Boat Ramp on west shore 5 km upstream of Wells Dam,7/20/2023,7/20/2023,1
3DD.003E45D44A,Mark,WELH - Wells Hatchery,7/20/2023,WELSBR - Starr Boat Ramp on west shore 5 km upstream of Wells Dam,7/20/2023,7/20/2023,1
3DD.003E45D44B,Mark,WELH - Wells Hatchery,7/20/2023,WELSBR - Starr Boat Ramp on west shore 5 km upstream of Wells Dam,7/20/2023,7/20/2023,1
3DD.003E45D44C,Mark,WELH - Wells Hatchery,7/20/2023,WELSBR - Starr Boat Ramp on west shore 5 km upstream of Wells Dam,7/20/2023,7/20/2023,1
3DD.003E45D44D,Mark,WELH - Wells Hatchery,7/20/2023,WELSBR - Starr Boat Ramp on west shore 5 km upstream of Wells Dam,7/20/2023,7/20/2023,1
3DD.003E45D44E,Mark,WELH - Wells Hatchery,7/20/2023,WELSBR - Starr Boat Ramp on west shore 5 km upstream of Wells Dam,7/20/2023,7/20/2023,1
3DD.003E45D44F,Mark,WELH - Wells Hatchery,7/20/2023,WELSBR - Starr Boat Ramp on west shore 5 km upstream of Wells Dam,7/20/2023,7/20/2023,1
3DD.003E45D450,Mark,WELH - Wells Hatchery,7/20/2023,WELSBR - Starr Boat Ramp on west shore 5 km upstream of Wells Dam,7/20/2023,7/20/2023,1
3DD.003E45D451,Mark,WELH - Wells Hatchery,7/20/2023,WELSBR - Starr Boat Ramp on west shore 5 km upstream of Wells Dam,7/20/2023,7/20/2023,1
3DD.003E45D452,Mark,WELH - Wells Hatchery,7/20/2023,WELSBR - Starr Boat Ramp on west shore 5 km upstream of Wells Dam,7/20/2023,7/20/2023,1
3DD.003E45D453,Mark,WELH - Wells Hatchery,7/20/2023,WELSBR - Starr Boat Ramp on west shore 5 km upstream of Wells Dam,7/20/2023,7/20/2023,1
3DD.003E45D454,Mark,WELH - Wells Hatchery,7/20/2023,WELSBR - Starr Boat Ramp on west shore 5 km upstream of Wells Dam,7/20/2023,7/20/2023,1
3DD.003E45D455,Mark,WELH - Wells Hatchery,7/20/2023,WELSBR - Starr Boat Ramp on west shore 5 km upstream of Wells Dam,7/20/2023,7/20/2023,1
3DD.003E45D456,Mark,WELH - Wells Hatchery,7/20/2023,WELSBR - Starr Boat Ramp on west shore 5 km upstream of Wells Dam,7/20/2023,7/20/2023,1
3DD.003E45D457,Mark,WELH - Wells Hatchery,7/20/2023,WELSBR - Starr Boat Ramp on west shore 5 km upstream of Wells Dam,7/20/2023,7/20/2023,1
3DD.003E45D458,Mark,WELH - Wells Hatchery,7/20/2023,WELSBR - Starr Boat Ramp on west shore 5 km upstream of Wells Dam,7/20/2023,7/20/2023,1
3DD.003E45D459,Mark,WELH - Wells Hatchery,7/20/2023,WELSBR - Starr Boat Ramp on west shore 5 km upstream of Wells Dam,7/20/2023,7/20/2023,1
3DD.003E45D45A,Mark,WELH - Wells Hatchery,7/20/2023,WELSBR - Starr Boat Ramp on west shore 5 km upstream of Wells Dam,7/20/2023,7/20/2023,1
3DD.003E45D45B,Mark,WELH - Wells Hatchery,7/20/2023,WELSBR - Starr Boat Ramp on west shore 5 km upstream of Wells Dam,7/20/2023,7/20/2023,1
3DD.003E45D45C,Mark,WELH - Wells Hatchery,7/20/2023,WELSBR - Starr Boat Ramp on west shore 5 km upstream of Wells Dam,7/20/2023,7/20/2023,1
3DD.003E45D45D,Mark,WELH - Wells Hatchery,7/20/2023,WELSBR - Starr Boat Ramp on west shore 5 km upstream of Wells Dam,7/20/2023,7/20/2023,1
3DD.003E45D45E,Mark,WELH - Wells Hatchery,7/20/2023,WELSBR - Starr Boat Ramp on west shore 5 km upstream of Wells Dam,7/20/2023,7/20/2023,1
3DD.003E45D45F,Mark,WELH - Wells Hatchery,7/20/2023,WELSBR - Starr Boat Ramp on west shore 5 km upstream of Wells Dam,7/20/2023,7/20/2023,1
3DD.003E45D460,Mark,WELH - Wells Hatchery,7/20/2023,WELSBR - Starr Boat Ramp on west shore 5 km upstream of Wells Dam,7/20/2023,7/20/2023,1
3DD.003E45D461,Mark,WELH - Wells Hatchery,7/20/2023,WELSBR - Starr Boat Ramp on west shore 5 km upstream of Wells Dam,7/20/2023,7/20/2023,1
3DD.003E45D462,Mark,WELH - Wells Hatchery,7/20/2023,WELSBR - Starr Boat Ramp on west shore 5 km upstream of Wells Dam,7/20/2023,7/20/2023,1
3DD.003E45D463,Mark,WELH - Wells Hatchery,7/20/2023,WELSBR - Starr Boat Ramp on west shore 5 km upstream of Wells Dam,7/20/2023,7/20/2023,1
3DD.003E45D464,Mark,WELH - Wells Hatchery,7/20/2023,WELSBR - Starr Boat Ramp on west shore 5 km upstream of Wells Dam,7/20/2023,7/20/2023,1
3DD.003E45D465,Mark,WELH - Wells Hatchery,7/20/2023,WELSBR - Starr Boat Ramp on west shore 5 km upstream of Wells Dam,7/20/2023,7/20/2023,1
3DD.003E45D466,Mark,WELH - Wells Hatchery,7/20/2023,WELSBR - Starr Boat Ramp on west shore 5 km upstream of Wells Dam,7/20/2023,7/20/2023,1
3DD.003E45D467,Mark,WELH - Wells Hatchery,7/20/2023,WELSBR - Starr Boat Ramp on west shore 5 km upstream of Wells Dam,7/20/2023,7/20/2023,1
3DD.003E45D468,Mark,WELH - Wells Hatchery,7/20/2023,WELSBR - Starr Boat Ramp on west shore 5 km upstream of Wells Dam,7/20/2023,7/20/2023,1
3DD.003E45D469,Mark,WELH - Wells Hatchery,7/20/2023,WELSBR - Starr Boat Ramp on west shore 5 km upstream of Wells Dam,7/20/2023,7/20/2023,1
3DD.003E45D46A,Mark,WELH - Wells Hatchery,7/20/2023,WELSBR - Starr Boat Ramp on west shore 5 km upstream of Wells Dam,7/20/2023,7/20/2023,1
3DD.003E45D46B,Mark,WELH - Wells Hatchery,7/20/2023,WELSBR - Starr Boat Ramp on west shore 5 km upstream of Wells Dam,7/20/2023,7/20/2023,1
3DD.003E45D46C,Mark,WELH - Wells Hatchery,7/20/2023,WELSBR - Starr Boat Ramp on west shore 5 km upstream of Wells Dam,7/20/2023,7/20/2023,1
3DD.003E45D46D,Mark,WELH - Wells Hatchery,7/20/2023,WELSBR - Starr Boat Ramp on west shore 5 km upstream of Wells Dam,7/20/2023,7/20/2023,1
3DD.003E45D46E,Mark,WELH - Wells Hatchery,7/20/2023,WELSBR - Starr Boat Ramp on west shore 5 km upstream of Wells Dam,7/20/2023,7/20/2023,1
3DD.003E45D46F,Mark,WELH - Wells Hatchery,7/20/2023,WELSBR - Starr Boat Ramp on west shore 5 km upstream of Wells Dam,7/20/2023,7/20/2023,1
3DD.003E45D470,Mark,WELH - Wells Hatchery,7/20/2023,WELSBR - Starr Boat Ramp on west shore 5 km upstream of Wells Dam,7/20/2023,7/20/2023,1
3DD.003E45D471,Mark,WELH - Wells Hatchery,7/20/2023,WELSBR - Starr Boat Ramp on west shore 5 km upstream of Wells Dam,7/20/2023,7/20/2023,1
3DD.003E45D472,Mark,WELH - Wells Hatchery,7/20/2023,WELSBR - Starr Boat Ramp on west shore 5 km upstream of Wells Dam,7/20/2023,7/20/2023,1
3DD.003E45D473,Mark,WELH - Wells Hatchery,7/20/2023,WELSBR - Starr Boat Ramp on west shore 5 km upstream of Wells Dam,7/20/2023,7/20/2023,1
3DD.003E45D474,Mark,WELH - Wells Hatchery,7/20/2023,WELSBR - Starr Boat Ramp on west shore 5 km upstream of Wells Dam,7/20/2023,7/20/2023,1
3DD.003E45D475,Mark,WELH - Wells Hatchery,7/20/2023,WELSBR - Starr Boat Ramp on west shore 5 km upstream of Wells Dam,7/20/2023,7/20/2023,1
3DD.003E45D476,Mark,WELH - Wells Hatchery,7/20/2023,WELSBR - Starr Boat Ramp on west shore 5 km upstream of Wells Dam,7/20/2023,7/20/2023,1
3DD.003E45D477,Mark,WELH - Wells Hatchery,7/20/2023,WELSBR - Starr Boat Ramp on west shore 5 km upstream of Wells Dam,7/20/2023,7/20/2023,1
3DD.003E45D478,Mark,WELH - Wells Hatchery,7/20/2023,WELSBR - Starr Boat Ramp on west shore 5 km upstream of Wells Dam,7/20/2023,7/20/2023,1
3DD.003E45D479,Mark,WELH - Wells Hatchery,7/20/2023,WELSBR - Starr Boat Ramp on west shore 5 km upstream of Wells Dam,7/20/2023,7/20/2023,1
3DD.003E45D47A,Mark,WELH - Wells Hatchery,7/20/2023,WELSBR - Starr Boat Ramp on west shore 5 km upstream of Wells Dam,7/20/2023,7/20/2023,1
3DD.003E45D47B,Mark,WELH - Wells Hatchery,7/20/2023,WELSBR - Starr Boat Ramp on west shore 5 km upstream of Wells Dam,7/20/2023,7/20/2023,1
3DD.003E45D47C,Mark,WELH - Wells Hatchery,7/20/2023,WELSBR - Starr Boat Ramp on west shore 5 km upstream of Wells Dam,7/20/2023,7/20/2023,1
3DD.003E45D47D,Mark,WELH - Wells Hatchery,7/20/2023,WELSBR - Starr Boat Ramp on west shore 5 km upstream of Wells Dam,7/20/2023,7/20/2023,1
3DD.003E45D47E,Mark,WELH - Wells Hatchery,7/20/2023,WELSBR - Starr Boat Ramp on west shore 5 km upstream of Wells Dam,7/20/2023,7/20/2023,1
3DD.003E45D47F,Mark,WELH - Wells Hatchery,7/20/2023,WELSBR - Starr Boat Ramp on west shore 5 km upstream of Wells Dam,7/20/2023,7/20/2023,1
3DD.003E45D480,Mark,WELH - Wells Hatchery,7/20/2023,WELSBR - Starr Boat Ramp on west shore 5 km upstream of Wells Dam,7/20/2023,7/20/2023,1
3DD.003E45D481,Mark,WELH - Wells Hatchery,7/20/2023,WELSBR - Starr Boat Ramp on west shore 5 km upstream of Wells Dam,7/20/2023,7/20/2023,1
3DD.003E45D482,Mark,WELH - Wells Hatchery,7/20/2023,WELSBR - Starr Boat Ramp on west shore 5 km upstream of Wells Dam,7/20/2023,7/20/2023,1
3DD.003E45D483,Mark,WELH - Wells Hatchery,7/20/2023,WELSBR - Starr Boat Ramp on west shore 5 km upstream of Wells Dam,7/20/2023,7/20/2023,1
3DD.003E45D484,Mark,WELH - Wells Hatchery,7/20/2023,WELSBR - Starr Boat Ramp on west shore 5 km upstream of Wells Dam,7/20/2023,7/20/2023,1
3DD.003E45D485,Mark,WELH - Wells Hatchery,7/20/2023,WELSBR - Starr Boat Ramp on west shore 5 km upstream of Wells Dam,7/20/2023,7/20/2023,1
3DD.003E45D486,Mark,WELH - Wells Hatchery,7/20/2023,WELSBR - Starr Boat Ramp on west shore 5 km upstream of Wells Dam,7/20/2023,7/20/2023,1
3DD.003E45D487,Mark,WELH - Wells Hatchery,7/20/2023,WELSBR - Starr Boat Ramp on west shore 5 km upstream of Wells Dam,7/20/2023,7/20/2023,1
3DD.003E45D488,Mark,WELH - Wells Hatchery,7/20/2023,WELSBR - Starr Boat Ramp on west shore 5 km upstream of Wells Dam,7/20/2023,7/20/2023,1
3DD.003E45D489,Mark,WELH - Wells Hatchery,7/20/2023,WELSBR - Starr Boat Ramp on west shore 5 km upstream of Wells Dam,7/20/2023,7/20/2023,1
3DD.003E45D48A,Mark,WELH - Wells Hatchery,7/20/2023,WELSBR - Starr Boat Ramp on west shore 5 km upstream of Wells Dam,7/20/2023,7/20/2023,1
3DD.003E45D48B,Mark,WELH - Wells Hatchery,7/20/2023,WELSBR - Starr Boat Ramp on west shore 5 km upstream of Wells Dam,7/20/2023,7/20/2023,1
3DD.003E45D48C,Mark,WELH - Wells Hatchery,7/20/2023,WELSBR - Starr Boat Ramp on west shore 5 km upstream of Wells Dam,7/20/2023,7/20/2023,1
3DD.003E45D48D,Mark,WELH - Wells Hatchery,7/20/2023,WELSBR - Starr Boat Ramp on west shore 5 km upstream of Wells Dam,7/20/2023,7/20/2023,1
3DD.003E45D48E,Mark,WELH - Wells Hatchery,7/20/2023,WELSBR - Starr Boat Ramp on west shore 5 km upstream of Wells Dam,7/20/2023,7/20/2023,1
3DD.003E45D48F,Mark,WELH - Wells Hatchery,7/20/2023,WELSBR - Starr Boat Ramp on west shore 5 km upstream of Wells Dam,7/20/2023,7/20/2023,1
3DD.003E45D490,Mark,WELH - Wells Hatchery,7/20/2023,WELSBR - Starr Boat Ramp on west shore 5 km upstream of Wells Dam,7/20/2023,7/20/2023,1
3DD.003E45D491,Mark,WELH - Wells Hatchery,7/20/2023,WELSBR - Starr Boat Ramp on west shore 5 km upstream of Wells Dam,7/20/2023,7/20/2023,1
3DD.003E45D492,Mark,WELH - Wells Hatchery,7/20/2023,WELSBR - Starr Boat Ramp on west shore 5 km upstream of Wells Dam,7/20/2023,7/20/2023,1
3DD.003E45D493,Mark,WELH - Wells Hatchery,7/20/2023,WELSBR - Starr Boat Ramp on west shore 5 km upstream of Wells Dam,7/20/2023,7/20/2023,1
3DD.003E45D494,Mark,WELH - Wells Hatchery,7/20/2023,WELSBR - Starr Boat Ramp on west shore 5 km upstream of Wells Dam,7/20/2023,7/20/2023,1
3DD.003E45D495,Mark,WELH - Wells Hatchery,7/20/2023,WELSBR - Starr Boat Ramp on west shore 5 km upstream of Wells Dam,7/20/2023,7/20/2023,1
3DD.003E45D496,Mark,WELH - Wells Hatchery,7/20/2023,WELSBR - Starr Boat Ramp on west shore 5 km upstream of Wells Dam,7/20/2023,7/20/2023,1
3DD.003E45D497,Mark,WELH - Wells Hatchery,7/20/2023,WELSBR - Starr Boat Ramp on west shore 5 km upstream of Wells Dam,7/20/2023,7/20/2023,1
3DD.003E45D498,Mark,WELH - Wells Hatchery,7/20/2023,WELSBR - Starr Boat Ramp on west shore 5 km upstream of Wells Dam,7/20/2023,7/20/2023,1
3DD.003E45D499,Mark,WELH - Wells Hatchery,7/13/2023,WELSBR - Starr Boat Ramp on west shore 5 km upstream of Wells Dam,7/13/2023,7/13/2023,1
3DD.003E45D49A,Mark,WELH - Wells Hatchery,7/13/2023,WELSBR - Starr Boat Ramp on west shore 5 km upstream of Wells Dam,7/13/2023,7/13/2023,1
3DD.003E45D49B,Mark,WELH - Wells Hatchery,7/13/2023,WELSBR - Starr Boat Ramp on west shore 5 km upstream of Wells Dam,7/13/2023,7/13/2023,1
3DD.003E45D49C,Mark,WELH - Wells Hatchery,7/13/2023,WELSBR - Starr Boat Ramp on west shore 5 km upstream of Wells Dam,7/13/2023,7/13/2023,1
3DD.003E45D49D,Mark,WELH - Wells Hatchery,7/13/2023,WELSBR - Starr Boat Ramp on west shore 5 km upstream of Wells Dam,7/13/2023,7/13/2023,1
3DD.003E45D49E,Mark,WELH - Wells Hatchery,7/13/2023,WELSBR - Starr Boat Ramp on west shore 5 km upstream of Wells Dam,7/13/2023,7/13/2023,1
3DD.003E45D49F,Mark,WELH - Wells Hatchery,7/13/2023,WELSBR - Starr Boat Ramp on west shore 5 km upstream of Wells Dam,7/13/2023,7/13/2023,1
3DD.003E45D4A0,Mark,WELH - Wells Hatchery,7/20/2023,WELSBR - Starr Boat Ramp on west shore 5 km upstream of Wells Dam,7/20/2023,7/20/2023,1
3DD.003E45D4A1,Mark,WELH - Wells Hatchery,7/13/2023,WELSBR - Starr Boat Ramp on west shore 5 km upstream of Wells Dam,7/13/2023,7/13/2023,1
3DD.003E45D4A2,Mark,WELH - Wells Hatchery,7/13/2023,WELSBR - Starr Boat Ramp on west shore 5 km upstream of Wells Dam,7/13/2023,7/13/2023,1
3DD.003E45D4A3,Mark,WELH - Wells Hatchery,7/13/2023,WELSBR - Starr Boat Ramp on west shore 5 km upstream of Wells Dam,7/13/2023,7/13/2023,1
3DD.003E45D4A4,Mark,WELH - Wells Hatchery,7/13/2023,WELSBR - Starr Boat Ramp on west shore 5 km upstream of Wells Dam,7/13/2023,7/13/2023,1
3DD.003E45D4A5,Mark,WELH - Wells Hatchery,7/13/2023,WELSBR - Starr Boat Ramp on west shore 5 km upstream of Wells Dam,7/13/2023,7/13/2023,1
3DD.003E45D4A6,Mark,WELH - Wells Hatchery,7/20/2023,WELSBR - Starr Boat Ramp on west shore 5 km upstream of Wells Dam,7/20/2023,7/20/2023,1
3DD.003E45D4A7,Mark,WELH - Wells Hatchery,7/20/2023,WELSBR - Starr Boat Ramp on west shore 5 km upstream of Wells Dam,7/20/2023,7/20/2023,1
3DD.003E45D4A8,Mark,WELH - Wells Hatchery,7/13/2023,WELSBR - Starr Boat Ramp on west shore 5 km upstream of Wells Dam,7/13/2023,7/13/2023,1
3DD.003E45D4A9,Mark,WELH - Wells Hatchery,7/13/2023,WELSBR - Starr Boat Ramp on west shore 5 km upstream of Wells Dam,7/13/2023,7/13/2023,1
3DD.003E45D4AA,Mark,WELH - Wells Hatchery,7/13/2023,WELSBR - Starr Boat Ramp on west shore 5 km upstream of Wells Dam,7/13/2023,7/13/2023,1
3DD.003E45D4AB,Mark,WELH - Wells Hatchery,7/13/2023,WELSBR - Starr Boat Ramp on west shore 5 km upstream of Wells Dam,7/13/2023,7/13/2023,1
3DD.003E45D4AC,Mark,WELH - Wells Hatchery,7/13/2023,WELSBR - Starr Boat Ramp on west shore 5 km upstream of Wells Dam,7/13/2023,7/13/2023,1
3DD.003E45D4AD,Mark,WELH - Wells Hatchery,7/13/2023,WELSBR - Starr Boat Ramp on west shore 5 km upstream of Wells Dam,7/13/2023,7/13/2023,1
3DD.003E45D4AE,Mark,WELH - Wells Hatchery,7/13/2023,WELSBR - Starr Boat Ramp on west shore 5 km upstream of Wells Dam,7/13/2023,7/13/2023,1
3DD.003E45D4AF,Mark,WELH - Wells Hatchery,7/13/2023,WELSBR - Starr Boat Ramp on west shore 5 km upstream of Wells Dam,7/13/2023,7/13/2023,1
3DD.003E45D4B0,Mark,WELH - Wells Hatchery,7/13/2023,WELSBR - Starr Boat Ramp on west shore 5 km upstream of Wells Dam,7/13/2023,7/13/2023,1
3DD.003E45D4B1,Mark,WELH - Wells Hatchery,7/13/2023,WELSBR - Starr Boat Ramp on west shore 5 km upstream of Wells Dam,7/13/2023,7/13/2023,1
3DD.003E45D4B2,Mark,WELH - Wells Hatchery,7/13/2023,WELSBR - Starr Boat Ramp on west shore 5 km upstream of Wells Dam,7/13/2023,7/13/2023,1
3DD.003E45D4B3,Mark,WELH - Wells Hatchery,7/13/2023,WELSBR - Starr Boat Ramp on west shore 5 km upstream of Wells Dam,7/13/2023,7/13/2023,1
3DD.003E45D4B4,Mark,WELH - Wells Hatchery,7/20/2023,WELSBR - Starr Boat Ramp on west shore 5 km upstream of Wells Dam,7/20/2023,7/20/2023,1
3DD.003E45D4B5,Mark,WELH - Wells Hatchery,7/13/2023,WELSBR - Starr Boat Ramp on west shore 5 km upstream of Wells Dam,7/13/2023,7/13/2023,1
3DD.003E45D4B6,Mark,WELH - Wells Hatchery,7/20/2023,WELSBR - Starr Boat Ramp on west shore 5 km upstream of Wells Dam,7/20/2023,7/20/2023,1
3DD.003E45D4B7,Mark,WELH - Wells Hatchery,7/13/2023,WELSBR - Starr Boat Ramp on west shore 5 km upstream of Wells Dam,7/13/2023,7/13/2023,1
3DD.003E45D4B8,Mark,WELH - Wells Hatchery,7/20/2023,WELSBR - Starr Boat Ramp on west shore 5 km upstream of Wells Dam,7/20/2023,7/20/2023,1
3DD.003E45D4B9,Mark,WELH - Wells Hatchery,7/13/2023,WELSBR - Starr Boat Ramp on west shore 5 km upstream of Wells Dam,7/13/2023,7/13/2023,1
3DD.003E45D4BA,Mark,WELH - Wells Hatchery,7/13/2023,WELSBR - Starr Boat Ramp on west shore 5 km upstream of Wells Dam,7/13/2023,7/13/2023,1
3DD.003E45D4BB,Mark,WELH - Wells Hatchery,7/20/2023,WELSBR - Starr Boat Ramp on west shore 5 km upstream of Wells Dam,7/20/2023,7/20/2023,1
3DD.003E45D4BC,Mark,WELH - Wells Hatchery,7/20/2023,WELSBR - Starr Boat Ramp on west shore 5 km upstream of Wells Dam,7/20/2023,7/20/2023,1
3DD.003E45D4BD,Mark,WELH - Wells Hatchery,7/13/2023,WELSBR - Starr Boat Ramp on west shore 5 km upstream of Wells Dam,7/13/2023,7/13/2023,1
3DD.003E45D4BE,Mark,WELH - Wells Hatchery,7/13/2023,WELSBR - Starr Boat Ramp on west shore 5 km upstream of Wells Dam,7/13/2023,7/13/2023,1
3DD.003E45D4BF,Mark,WELH - Wells Hatchery,7/13/2023,WELSBR - Starr Boat Ramp on west shore 5 km upstream of Wells Dam,7/13/2023,7/13/2023,1
3DD.003E45D4C0,Mark,WELH - Wells Hatchery,7/13/2023,WELSBR - Starr Boat Ramp on west shore 5 km upstream of Wells Dam,7/13/2023,7/13/2023,1
3DD.003E45D4C1,Mark,WELH - Wells Hatchery,7/13/2023,WELSBR - Starr Boat Ramp on west shore 5 km upstream of Wells Dam,7/13/2023,7/13/2023,1
3DD.003E45D4C2,Mark,WELH - Wells Hatchery,7/13/2023,WELSBR - Starr Boat Ramp on west shore 5 km upstream of Wells Dam,7/13/2023,7/13/2023,1
3DD.003E45D4C3,Mark,WELH - Wells Hatchery,7/13/2023,WELSBR - Starr Boat Ramp on west shore 5 km upstream of Wells Dam,7/13/2023,7/13/2023,1
3DD.003E45D4C4,Mark,WELH - Wells Hatchery,7/13/2023,WELSBR - Starr Boat Ramp on west shore 5 km upstream of Wells Dam,7/13/2023,7/13/2023,1
3DD.003E45D4C5,Mark,WELH - Wells Hatchery,7/20/2023,WELSBR - Starr Boat Ramp on west shore 5 km upstream of Wells Dam,7/20/2023,7/20/2023,1
3DD.003E45D4C6,Mark,WELH - Wells Hatchery,7/20/2023,WELSBR - Starr Boat Ramp on west shore 5 km upstream of Wells Dam,7/20/2023,7/20/2023,1
3DD.003E45D4C7,Mark,WELH - Wells Hatchery,7/13/2023,WELSBR - Starr Boat Ramp on west shore 5 km upstream of Wells Dam,7/13/2023,7/13/2023,1
3DD.003E45D4C8,Mark,WELH - Wells Hatchery,7/13/2023,WELSBR - Starr Boat Ramp on west shore 5 km upstream of Wells Dam,7/13/2023,7/13/2023,1
3DD.003E45D4C9,Mark,WELH - Wells Hatchery,7/13/2023,WELSBR - Starr Boat Ramp on west shore 5 km upstream of Wells Dam,7/13/2023,7/13/2023,1
3DD.003E45D4CA,Mark,WELH - Wells Hatchery,7/13/2023,WELSBR - Starr Boat Ramp on west shore 5 km upstream of Wells Dam,7/13/2023,7/13/2023,1
3DD.003E45D4CB,Mark,WELH - Wells Hatchery,7/13/2023,WELSBR - Starr Boat Ramp on west shore 5 km upstream of Wells Dam,7/13/2023,7/13/2023,1
3DD.003E45D4CC,Mark,WELH - Wells Hatchery,7/20/2023,WELSBR - Starr Boat Ramp on west shore 5 km upstream of Wells Dam,7/20/2023,7/20/2023,1
3DD.003E45D4CD,Mark,WELH - Wells Hatchery,7/13/2023,WELSBR - Starr Boat Ramp on west shore 5 km upstream of Wells Dam,7/13/2023,7/13/2023,1
3DD.003E45D4CE,Mark,WELH - Wells Hatchery,7/13/2023,WELSBR - Starr Boat Ramp on west shore 5 km upstream of Wells Dam,7/13/2023,7/13/2023,1
3DD.003E45D4CF,Mark,WELH - Wells Hatchery,7/20/2023,WELSBR - Starr Boat Ramp on west shore 5 km upstream of Wells Dam,7/20/2023,7/20/2023,1
3DD.003E45D4D0,Mark,WELH - Wells Hatchery,7/13/2023,WELSBR - Starr Boat Ramp on west shore 5 km upstream of Wells Dam,7/13/2023,7/13/2023,1
3DD.003E45D4D1,Mark,WELH - Wells Hatchery,7/13/2023,WELSBR - Starr Boat Ramp on west shore 5 km upstream of Wells Dam,7/13/2023,7/13/2023,1
3DD.003E45D4D2,Mark,WELH - Wells Hatchery,7/20/2023,WELSBR - Starr Boat Ramp on west shore 5 km upstream of Wells Dam,7/20/2023,7/20/2023,1
3DD.003E45D4D3,Mark,WELH - Wells Hatchery,7/20/2023,WELSBR - Starr Boat Ramp on west shore 5 km upstream of Wells Dam,7/20/2023,7/20/2023,1
3DD.003E45D4D4,Mark,WELH - Wells Hatchery,7/20/2023,WELSBR - Starr Boat Ramp on west shore 5 km upstream of Wells Dam,7/20/2023,7/20/2023,1
3DD.003E45D4D5,Mark,WELH - Wells Hatchery,7/13/2023,WELSBR - Starr Boat Ramp on west shore 5 km upstream of Wells Dam,7/13/2023,7/13/2023,1
3DD.003E45D4D6,Mark,WELH - Wells Hatchery,7/20/2023,WELSBR - Starr Boat Ramp on west shore 5 km upstream of Wells Dam,7/20/2023,7/20/2023,1
3DD.003E45D4D7,Mark,WELH - Wells Hatchery,7/13/2023,WELSBR - Starr Boat Ramp on west shore 5 km upstream of Wells Dam,7/13/2023,7/13/2023,1
3DD.003E45D4D8,Mark,WELH - Wells Hatchery,7/13/2023,WELSBR - Starr Boat Ramp on west shore 5 km upstream of Wells Dam,7/13/2023,7/13/2023,1
3DD.003E45D4D9,Mark,WELH - Wells Hatchery,7/20/2023,WELSBR - Starr Boat Ramp on west shore 5 km upstream of Wells Dam,7/20/2023,7/20/2023,1
3DD.003E45D4DA,Mark,WELH - Wells Hatchery,7/13/2023,WELSBR - Starr Boat Ramp on west shore 5 km upstream of Wells Dam,7/13/2023,7/13/2023,1
3DD.003E45D4DB,Mark,WELH - Wells Hatchery,7/13/2023,WELSBR - Starr Boat Ramp on west shore 5 km upstream of Wells Dam,7/13/2023,7/13/2023,1
3DD.003E45D4DC,Mark,WELH - Wells Hatchery,7/13/2023,WELSBR - Starr Boat Ramp on west shore 5 km upstream of Wells Dam,7/13/2023,7/13/2023,1
3DD.003E45D4DD,Mark,WELH - Wells Hatchery,7/20/2023,WELSBR - Starr Boat Ramp on west shore 5 km upstream of Wells Dam,7/20/2023,7/20/2023,1
3DD.003E45D4DE,Mark,WELH - Wells Hatchery,7/13/2023,WELSBR - Starr Boat Ramp on west shore 5 km upstream of Wells Dam,7/13/2023,7/13/2023,1
3DD.003E45D4DF,Mark,WELH - Wells Hatchery,7/20/2023,WELSBR - Starr Boat Ramp on west shore 5 km upstream of Wells Dam,7/20/2023,7/20/2023,1
3DD.003E45D4E0,Mark,WELH - Wells Hatchery,7/13/2023,WELSBR - Starr Boat Ramp on west shore 5 km upstream of Wells Dam,7/13/2023,7/13/2023,1
3DD.003E45D4E1,Mark,WELH - Wells Hatchery,7/20/2023,WELSBR - Starr Boat Ramp on west shore 5 km upstream of Wells Dam,7/20/2023,7/20/2023,1
3DD.003E45D4E2,Mark,WELH - Wells Hatchery,7/13/2023,WELSBR - Starr Boat Ramp on west shore 5 km upstream of Wells Dam,7/13/2023,7/13/2023,1
3DD.003E45D4E3,Mark,WELH - Wells Hatchery,7/20/2023,WELSBR - Starr Boat Ramp on west shore 5 km upstream of Wells Dam,7/20/2023,7/20/2023,1
3DD.003E45D4E4,Mark,WELH - Wells Hatchery,7/20/2023,WELSBR - Starr Boat Ramp on west shore 5 km upstream of Wells Dam,7/20/2023,7/20/2023,1
3DD.003E45D4E5,Mark,WELH - Wells Hatchery,7/13/2023,WELSBR - Starr Boat Ramp on west shore 5 km upstream of Wells Dam,7/13/2023,7/13/2023,1
3DD.003E45D4E6,Mark,WELH - Wells Hatchery,7/20/2023,WELSBR - Starr Boat Ramp on west shore 5 km upstream of Wells Dam,7/20/2023,7/20/2023,1
3DD.003E45D4E7,Mark,WELH - Wells Hatchery,7/13/2023,WELSBR - Starr Boat Ramp on west shore 5 km upstream of Wells Dam,7/13/2023,7/13/2023,1
3DD.003E45D4E8,Mark,WELH - Wells Hatchery,7/13/2023,WELSBR - Starr Boat Ramp on west shore 5 km upstream of Wells Dam,7/13/2023,7/13/2023,1
3DD.003E45D4E9,Mark,WELH - Wells Hatchery,7/13/2023,WELSBR - Starr Boat Ramp on west shore 5 km upstream of Wells Dam,7/13/2023,7/13/2023,1
3DD.003E45D4EA,Mark,WELH - Wells Hatchery,7/20/2023,WELSBR - Starr Boat Ramp on west shore 5 km upstream of Wells Dam,7/20/2023,7/20/2023,1
3DD.003E45D4EB,Mark,WELH - Wells Hatchery,7/13/2023,WELSBR - Starr Boat Ramp on west shore 5 km upstream of Wells Dam,7/13/2023,7/13/2023,1
3DD.003E45D4EC,Mark,WELH - Wells Hatchery,7/20/2023,WELSBR - Starr Boat Ramp on west shore 5 km upstream of Wells Dam,7/20/2023,7/20/2023,1
3DD.003E45D4ED,Mark,WELH - Wells Hatchery,7/20/2023,WELSBR - Starr Boat Ramp on west shore 5 km upstream of Wells Dam,7/20/2023,7/20/2023,1
3DD.003E45D4EE,Mark,WELH - Wells Hatchery,7/13/2023,WELSBR - Starr Boat Ramp on west shore 5 km upstream of Wells Dam,7/13/2023,7/13/2023,1
3DD.003E45D4EF,Mark,WELH - Wells Hatchery,7/20/2023,WELSBR - Starr Boat Ramp on west shore 5 km upstream of Wells Dam,7/20/2023,7/20/2023,1
3DD.003E45D4F0,Mark,WELH - Wells Hatchery,7/13/2023,WELSBR - Starr Boat Ramp on west shore 5 km upstream of Wells Dam,7/13/2023,7/13/2023,1
3DD.003E45D4F1,Mark,WELH - Wells Hatchery,7/13/2023,WELSBR - Starr Boat Ramp on west shore 5 km upstream of Wells Dam,7/13/2023,7/13/2023,1
3DD.003E45D4F2,Mark,WELH - Wells Hatchery,7/13/2023,WELSBR - Starr Boat Ramp on west shore 5 km upstream of Wells Dam,7/13/2023,7/13/2023,1
3DD.003E45D4F3,Mark,WELH - Wells Hatchery,7/13/2023,WELSBR - Starr Boat Ramp on west shore 5 km upstream of Wells Dam,7/13/2023,7/13/2023,1
3DD.003E45D4F4,Mark,WELH - Wells Hatchery,7/20/2023,WELSBR - Starr Boat Ramp on west shore 5 km upstream of Wells Dam,7/20/2023,7/20/2023,1
3DD.003E45D4F5,Mark,WELH - Wells Hatchery,7/20/2023,WELSBR - Starr Boat Ramp on west shore 5 km upstream of Wells Dam,7/20/2023,7/20/2023,1
3DD.003E45D4F6,Mark,WELH - Wells Hatchery,7/20/2023,WELSBR - Starr Boat Ramp on west shore 5 km upstream of Wells Dam,7/20/2023,7/20/2023,1
3DD.003E45D4F7,Mark,WELH - Wells Hatchery,7/13/2023,WELSBR - Starr Boat Ramp on west shore 5 km upstream of Wells Dam,7/13/2023,7/13/2023,1
3DD.003E45D4F9,Mark,WELH - Wells Hatchery,7/13/2023,WELSBR - Starr Boat Ramp on west shore 5 km upstream of Wells Dam,7/13/2023,7/13/2023,1
3DD.003E45D4FA,Mark,WELH - Wells Hatchery,7/20/2023,WELSBR - Starr Boat Ramp on west shore 5 km upstream of Wells Dam,7/20/2023,7/20/2023,1
3DD.003E45D4FB,Mark,WELH - Wells Hatchery,7/20/2023,WELSBR - Starr Boat Ramp on west shore 5 km upstream of Wells Dam,7/20/2023,7/20/2023,1
3DD.003E45D4FC,Mark,WELH - Wells Hatchery,7/20/2023,WELSBR - Starr Boat Ramp on west shore 5 km upstream of Wells Dam,7/20/2023,7/20/2023,1
3DD.0078E125EC,Mark,WELH - Wells Hatchery,8/7/2025,OMAKC - Omak Creek (tributary to Okanogan River),8/7/2025,8/7/2025,1
3DD.0078E125ED,Mark,WELH - Wells Hatchery,8/7/2025,SALMOC - Salmon Creek (tributary to Okanogan River),8/7/2025,8/7/2025,1
3DD.0078E125EE,Mark,WELH - Wells Hatchery,8/7/2025,OMAKC - Omak Creek (tributary to Okanogan River),8/7/2025,8/7/2025,1
3DD.0078E125EF,Mark,WELH - Wells Hatchery,7/31/2025,WELSBR - Starr Boat Ramp on west shore 5 km upstream of Wells Dam,7/31/2025,7/31/2025,1
3DD.0078E125F0,Mark,WELH - Wells Hatchery,8/7/2025,OMAKC - Omak Creek (tributary to Okanogan River),8/7/2025,8/7/2025,1
3DD.0078E125F1,Mark,WELH - Wells Hatchery,8/21/2025,TWISPR - Twisp River,8/21/2025,8/21/2025,1
3DD.0078E125F2,Mark,WELH - Wells Hatchery,7/31/2025,WELSBR - Starr Boat Ramp on west shore 5 km upstream of Wells Dam,7/31/2025,7/31/2025,1
3DD.0078E125F3,Mark,WELH - Wells Hatchery,8/7/2025,SALMOC - Salmon Creek (tributary to Okanogan River),8/7/2025,8/7/2025,1
3DD.0078E125F4,Mark,WELH - Wells Hatchery,8/7/2025,OMAKC - Omak Creek (tributary to Okanogan River),8/7/2025,8/7/2025,1
3DD.0078E125F5,Mark,WELH - Wells Hatchery,7/31/2025,WELSBR - Starr Boat Ramp on west shore 5 km upstream of Wells Dam,7/31/2025,7/31/2025,1
3DD.0078E125F6,Mark,WELH - Wells Hatchery,8/7/2025,OMAKC - Omak Creek (tributary to Okanogan River),8/7/2025,8/7/2025,1
3DD.0078E125F7,Mark,WELH - Wells Hatchery,8/7/2025,OMAKC - Omak Creek (tributary to Okanogan River),8/7/2025,8/7/2025,1
3DD.0078E125F8,Mark,WELH - Wells Hatchery,7/31/2025,WELSBR - Starr Boat Ramp on west shore 5 km upstream of Wells Dam,7/31/2025,7/31/2025,1
3DD.0078E125F9,Mark,WELH - Wells Hatchery,8/7/2025,OMAKC - Omak Creek (tributary to Okanogan River),8/7/2025,8/7/2025,1
3DD.0078E125FA,Mark,WELH - Wells Hatchery,8/21/2025,TWISPR - Twisp River,8/21/2025,8/21/2025,1
3DD.0078E125FB,Mark,WELH - Wells Hatchery,8/7/2025,OMAKC - Omak Creek (tributary to Okanogan River),8/7/2025,8/7/2025,1
3DD.0078E125FC,Mark,WELH - Wells Hatchery,8/7/2025,OMAKC - Omak Creek (tributary to Okanogan River),8/7/2025,8/7/2025,1
3DD.0078E125FD,Mark,WELH - Wells Hatchery,7/31/2025,WELSBR - Starr Boat Ramp on west shore 5 km upstream of Wells Dam,7/31/2025,7/31/2025,1
3DD.0078E125FE,Mark,WELH - Wells Hatchery,8/7/2025,SALMOC - Salmon Creek (tributary to Okanogan River),8/7/2025,8/7/2025,1
3DD.0078E125FF,Mark,WELH - Wells Hatchery,8/7/2025,OMAKC - Omak Creek (tributary to Okanogan River),8/7/2025,8/7/2025,1
3DD.0078E12600,Mark,WELH - Wells Hatchery,7/31/2025,WELSBR - Starr Boat Ramp on west shore 5 km upstream of Wells Dam,7/31/2025,7/31/2025,1
3DD.0078E12601,Mark,WELH - Wells Hatchery,8/7/2025,SALMOC - Salmon Creek (tributary to Okanogan River),8/7/2025,8/7/2025,1
3DD.0078E12602,Mark,WELH - Wells Hatchery,8/21/2025,TWISPR - Twisp River,8/21/2025,8/21/2025,1
3DD.0078E12603,Mark,WELH - Wells Hatchery,8/7/2025,OMAKC - Omak Creek (tributary to Okanogan River),8/7/2025,8/7/2025,1
3DD.0078E12604,Mark,WELH - Wells Hatchery,8/7/2025,SALMOC - Salmon Creek (tributary to Okanogan River),8/7/2025,8/7/2025,1
3DD.0078E12605,Mark,WELH - Wells Hatchery,8/7/2025,OMAKC - Omak Creek (tributary to Okanogan River),8/7/2025,8/7/2025,1
3DD.0078E12606,Mark,WELH - Wells Hatchery,8/7/2025,OMAKC - Omak Creek (tributary to Okanogan River),8/7/2025,8/7/2025,1
3DD.0078E12607,Mark,WELH - Wells Hatchery,8/21/2025,TWISPR - Twisp River,8/21/2025,8/21/2025,1
3DD.0078E12608,Mark,WELH - Wells Hatchery,8/7/2025,OMAKC - Omak Creek (tributary to Okanogan River),8/7/2025,8/7/2025,1
3DD.0078E12609,Mark,WELH - Wells Hatchery,8/7/2025,OMAKC - Omak Creek (tributary to Okanogan River),8/7/2025,8/7/2025,1
3DD.0078E1260A,Mark,WELH - Wells Hatchery,7/31/2025,WELSBR - Starr Boat Ramp on west shore 5 km upstream of Wells Dam,7/31/2025,7/31/2025,1
3DD.0078E1260B,Mark,WELH - Wells Hatchery,7/31/2025,WELSBR - Starr Boat Ramp on west shore 5 km upstream of Wells Dam,7/31/2025,7/31/2025,1
3DD.0078E1260C,Mark,WELH - Wells Hatchery,7/31/2025,WELSBR - Starr Boat Ramp on west shore 5 km upstream of Wells Dam,7/31/2025,7/31/2025,1
3DD.0078E1260D,Mark,WELH - Wells Hatchery,8/7/2025,OMAKC - Omak Creek (tributary to Okanogan River),8/7/2025,8/7/2025,1
3DD.0078E1260E,Mark,WELH - Wells Hatchery,8/21/2025,TWISPR - Twisp River,8/21/2025,8/21/2025,1
3DD.0078E1260F,Mark,WELH - Wells Hatchery,8/21/2025,TWISPR - Twisp River,8/21/2025,8/21/2025,1
3DD.0078E12610,Mark,WELH - Wells Hatchery,8/7/2025,OMAKC - Omak Creek (tributary to Okanogan River),8/7/2025,8/7/2025,1
3DD.0078E12611,Mark,WELH - Wells Hatchery,8/7/2025,OMAKC - Omak Creek (tributary to Okanogan River),8/7/2025,8/7/2025,1
3DD.0078E12612,Mark,WELH - Wells Hatchery,8/7/2025,SALMOC - Salmon Creek (tributary to Okanogan River),8/7/2025,8/7/2025,1
3DD.0078E12613,Mark,WELH - Wells Hatchery,7/31/2025,WELSBR - Starr Boat Ramp on west shore 5 km upstream of Wells Dam,7/31/2025,7/31/2025,1
3DD.0078E12614,Mark,WELH - Wells Hatchery,7/31/2025,WELSBR - Starr Boat Ramp on west shore 5 km upstream of Wells Dam,7/31/2025,7/31/2025,1
3DD.0078E12615,Mark,WELH - Wells Hatchery,7/31/2025,WELSBR - Starr Boat Ramp on west shore 5 km upstream of Wells Dam,7/31/2025,7/31/2025,1
3DD.0078E12616,Mark,WELH - Wells Hatchery,8/7/2025,OMAKC - Omak Creek (tributary to Okanogan River),8/7/2025,8/7/2025,1
3DD.0078E12617,Mark,WELH - Wells Hatchery,8/21/2025,TWISPR - Twisp River,8/21/2025,8/21/2025,1
3DD.0078E12618,Mark,WELH - Wells Hatchery,8/21/2025,TWISPR - Twisp River,8/21/2025,8/21/2025,1
3DD.0078E12619,Mark,WELH - Wells Hatchery,8/7/2025,OMAKC - Omak Creek (tributary to Okanogan River),8/7/2025,8/7/2025,1
3DD.0078E1261A,Mark,WELH - Wells Hatchery,8/7/2025,OMAKC - Omak Creek (tributary to Okanogan River),8/7/2025,8/7/2025,1
3DD.0078E1261B,Mark,WELH - Wells Hatchery,8/21/2025,TWISPR - Twisp River,8/21/2025,8/21/2025,1
3DD.0078E1261C,Mark,WELH - Wells Hatchery,8/7/2025,SALMOC - Salmon Creek (tributary to Okanogan River),8/7/2025,8/7/2025,1
3DD.0078E1261D,Mark,WELH - Wells Hatchery,8/21/2025,TWISPR - Twisp River,8/21/2025,8/21/2025,1
3DD.0078E1261E,Mark,WELH - Wells Hatchery,8/21/2025,TWISPR - Twisp River,8/21/2025,8/21/2025,1
3DD.0078E1261F,Mark,WELH - Wells Hatchery,8/7/2025,OMAKC - Omak Creek (tributary to Okanogan River),8/7/2025,8/7/2025,1
3DD.0078E12620,Mark,WELH - Wells Hatchery,8/7/2025,SALMOC - Salmon Creek (tributary to Okanogan River),8/7/2025,8/7/2025,1
3DD.0078E12621,Mark,WELH - Wells Hatchery,8/7/2025,SALMOC - Salmon Creek (tributary to Okanogan River),8/7/2025,8/7/2025,1
3DD.0078E12622,Mark,WELH - Wells Hatchery,8/7/2025,SALMOC - Salmon Creek (tributary to Okanogan River),8/7/2025,8/7/2025,1
3DD.0078E12623,Mark,WELH - Wells Hatchery,7/31/2025,WELSBR - Starr Boat Ramp on west shore 5 km upstream of Wells Dam,7/31/2025,7/31/2025,1
3DD.0078E12624,Mark,WELH - Wells Hatchery,8/21/2025,TWISPR - Twisp River,8/21/2025,8/21/2025,1
3DD.0078E12625,Mark,WELH - Wells Hatchery,8/7/2025,OMAKC - Omak Creek (tributary to Okanogan River),8/7/2025,8/7/2025,1
3DD.0078E12626,Mark,WELH - Wells Hatchery,8/7/2025,OMAKC - Omak Creek (tributary to Okanogan River),8/7/2025,8/7/2025,1
3DD.0078E12627,Mark,WELH - Wells Hatchery,8/7/2025,SALMOC - Salmon Creek (tributary to Okanogan River),8/7/2025,8/7/2025,1
3DD.0078E12628,Mark,WELH - Wells Hatchery,7/31/2025,WELSBR - Starr Boat Ramp on west shore 5 km upstream of Wells Dam,7/31/2025,7/31/2025,1
3DD.0078E12629,Mark,WELH - Wells Hatchery,8/7/2025,SALMOC - Salmon Creek (tributary to Okanogan River),8/7/2025,8/7/2025,1
3DD.0078E1262A,Mark,WELH - Wells Hatchery,7/31/2025,WELSBR - Starr Boat Ramp on west shore 5 km upstream of Wells Dam,7/31/2025,7/31/2025,1
3DD.0078E1262B,Mark,WELH - Wells Hatchery,8/7/2025,SALMOC - Salmon Creek (tributary to Okanogan River),8/7/2025,8/7/2025,1
3DD.0078E1262C,Mark,WELH - Wells Hatchery,8/7/2025,OMAKC - Omak Creek (tributary to Okanogan River),8/7/2025,8/7/2025,1
3DD.0078E1262D,Mark,WELH - Wells Hatchery,8/21/2025,TWISPR - Twisp River,8/21/2025,8/21/2025,1
3DD.0078E1262E,Mark,WELH - Wells Hatchery,8/21/2025,TWISPR - Twisp River,8/21/2025,8/21/2025,1
3DD.0078E1262F,Mark,WELH - Wells Hatchery,7/31/2025,WELSBR - Starr Boat Ramp on west shore 5 km upstream of Wells Dam,7/31/2025,7/31/2025,1
3DD.0078E12630,Mark,WELH - Wells Hatchery,8/7/2025,SALMOC - Salmon Creek (tributary to Okanogan River),8/7/2025,8/7/2025,1
3DD.0078E12631,Mark,WELH - Wells Hatchery,8/7/2025,SALMOC - Salmon Creek (tributary to Okanogan River),8/7/2025,8/7/2025,1
3DD.0078E12632,Mark,WELH - Wells Hatchery,7/31/2025,WELSBR - Starr Boat Ramp on west shore 5 km upstream of Wells Dam,7/31/2025,7/31/2025,1
3DD.0078E12633,Mark,WELH - Wells Hatchery,7/31/2025,WELSBR - Starr Boat Ramp on west shore 5 km upstream of Wells Dam,7/31/2025,7/31/2025,1
3DD.0078E12634,Mark,WELH - Wells Hatchery,8/7/2025,SALMOC - Salmon Creek (tributary to Okanogan River),8/7/2025,8/7/2025,1
3DD.0078E12635,Mark,WELH - Wells Hatchery,7/31/2025,WELSBR - Starr Boat Ramp on west shore 5 km upstream of Wells Dam,7/31/2025,7/31/2025,1
3DD.0078E12636,Mark,WELH - Wells Hatchery,8/7/2025,OMAKC - Omak Creek (tributary to Okanogan River),8/7/2025,8/7/2025,1
3DD.0078E12637,Mark,WELH - Wells Hatchery,8/7/2025,SALMOC - Salmon Creek (tributary to Okanogan River),8/7/2025,8/7/2025,1
3DD.0078E12638,Mark,WELH - Wells Hatchery,8/7/2025,OMAKC - Omak Creek (tributary to Okanogan River),8/7/2025,8/7/2025,1
3DD.0078E12639,Mark,WELH - Wells Hatchery,8/7/2025,SALMOC - Salmon Creek (tributary to Okanogan River),8/7/2025,8/7/2025,1
3DD.0078E1263A,Mark,WELH - Wells Hatchery,8/21/2025,TWISPR - Twisp River,8/21/2025,8/21/2025,1
3DD.0078E1263B,Mark,WELH - Wells Hatchery,7/31/2025,WELSBR - Starr Boat Ramp on west shore 5 km upstream of Wells Dam,7/31/2025,7/31/2025,1
3DD.0078E1263C,Mark,WELH - Wells Hatchery,8/7/2025,SALMOC - Salmon Creek (tributary to Okanogan River),8/7/2025,8/7/2025,1
3DD.0078E1263D,Mark,WELH - Wells Hatchery,8/7/2025,SALMOC - Salmon Creek (tributary to Okanogan River),8/7/2025,8/7/2025,1
3DD.0078E1263E,Mark,WELH - Wells Hatchery,7/31/2025,WELSBR - Starr Boat Ramp on west shore 5 km upstream of Wells Dam,7/31/2025,7/31/2025,1
3DD.0078E1263F,Mark,WELH - Wells Hatchery,8/7/2025,SALMOC - Salmon Creek (tributary to Okanogan River),8/7/2025,8/7/2025,1
3DD.0078E12640,Mark,WELH - Wells Hatchery,7/31/2025,WELSBR - Starr Boat Ramp on west shore 5 km upstream of Wells Dam,7/31/2025,7/31/2025,1
3DD.0078E12641,Mark,WELH - Wells Hatchery,7/31/2025,WELSBR - Starr Boat Ramp on west shore 5 km upstream of Wells Dam,7/31/2025,7/31/2025,1
3DD.0078E12642,Mark,WELH - Wells Hatchery,8/7/2025,SALMOC - Salmon Creek (tributary to Okanogan River),8/7/2025,8/7/2025,1
3DD.0078E12643,Mark,WELH - Wells Hatchery,8/7/2025,OMAKC - Omak Creek (tributary to Okanogan River),8/7/2025,8/7/2025,1
3DD.0078E12644,Mark,WELH - Wells Hatchery,8/7/2025,OMAKC - Omak Creek (tributary to Okanogan River),8/7/2025,8/7/2025,1
3DD.0078E12645,Mark,WELH - Wells Hatchery,8/21/2025,TWISPR - Twisp River,8/21/2025,8/21/2025,1
3DD.0078E12646,Mark,WELH - Wells Hatchery,8/7/2025,SALMOC - Salmon Creek (tributary to Okanogan River),8/7/2025,8/7/2025,1
3DD.0078E12647,Mark,WELH - Wells Hatchery,7/31/2025,WELSBR - Starr Boat Ramp on west shore 5 km upstream of Wells Dam,7/31/2025,7/31/2025,1
3DD.0078E12648,Mark,WELH - Wells Hatchery,8/7/2025,SALMOC - Salmon Creek (tributary to Okanogan River),8/7/2025,8/7/2025,1
3DD.0078E12649,Mark,WELH - Wells Hatchery,7/31/2025,WELSBR - Starr Boat Ramp on west shore 5 km upstream of Wells Dam,7/31/2025,7/31/2025,1
3DD.0078E1264A,Mark,WELH - Wells Hatchery,8/7/2025,OMAKC - Omak Creek (tributary to Okanogan River),8/7/2025,8/7/2025,1
3DD.0078E1264B,Mark,WELH - Wells Hatchery,8/7/2025,SALMOC - Salmon Creek (tributary to Okanogan River),8/7/2025,8/7/2025,1
3DD.0078E1264C,Mark,WELH - Wells Hatchery,8/7/2025,OMAKC - Omak Creek (tributary to Okanogan River),8/7/2025,8/7/2025,1
3DD.0078E1264D,Mark,WELH - Wells Hatchery,8/7/2025,OMAKC - Omak Creek (tributary to Okanogan River),8/7/2025,8/7/2025,1
3DD.0078E1264E,Mark,WELH - Wells Hatchery,7/31/2025,WELSBR - Starr Boat Ramp on west shore 5 km upstream of Wells Dam,7/31/2025,7/31/2025,1
3DD.0078E1264F,Mark,WELH - Wells Hatchery,8/7/2025,OMAKC - Omak Creek (tributary to Okanogan River),8/7/2025,8/7/2025,1
3DD.0078E12718,Mark,WELH - Wells Hatchery,7/17/2025,WELSBR - Starr Boat Ramp on west shore 5 km upstream of Wells Dam,7/17/2025,7/17/2025,1
3DD.0078E12719,Mark,WELH - Wells Hatchery,7/17/2025,WELSBR - Starr Boat Ramp on west shore 5 km upstream of Wells Dam,7/17/2025,7/17/2025,1
3DD.0078E1271A,Mark,WELH - Wells Hatchery,7/17/2025,WELSBR - Starr Boat Ramp on west shore 5 km upstream of Wells Dam,7/17/2025,7/17/2025,1
3DD.0078E1271B,Mark,WELH - Wells Hatchery,7/17/2025,WELSBR - Starr Boat Ramp on west shore 5 km upstream of Wells Dam,7/17/2025,7/17/2025,1
3DD.0078E1271C,Mark,WELH - Wells Hatchery,7/17/2025,WELSBR - Starr Boat Ramp on west shore 5 km upstream of Wells Dam,7/17/2025,7/17/2025,1
3DD.0078E1271D,Mark,WELH - Wells Hatchery,7/17/2025,WELSBR - Starr Boat Ramp on west shore 5 km upstream of Wells Dam,7/17/2025,7/17/2025,1
3DD.0078E1271E,Mark,WELH - Wells Hatchery,7/17/2025,WELSBR - Starr Boat Ramp on west shore 5 km upstream of Wells Dam,7/17/2025,7/17/2025,1
3DD.0078E1271F,Mark,WELH - Wells Hatchery,7/17/2025,WELSBR - Starr Boat Ramp on west shore 5 km upstream of Wells Dam,7/17/2025,7/17/2025,1
3DD.0078E12720,Mark,WELH - Wells Hatchery,7/17/2025,WELSBR - Starr Boat Ramp on west shore 5 km upstream of Wells Dam,7/17/2025,7/17/2025,1
3DD.0078E12721,Mark,WELH - Wells Hatchery,7/17/2025,WELSBR - Starr Boat Ramp on west shore 5 km upstream of Wells Dam,7/17/2025,7/17/2025,1
3DD.0078E12722,Mark,WELH - Wells Hatchery,7/17/2025,WELSBR - Starr Boat Ramp on west shore 5 km upstream of Wells Dam,7/17/2025,7/17/2025,1
3DD.0078E12723,Mark,WELH - Wells Hatchery,7/17/2025,WELSBR - Starr Boat Ramp on west shore 5 km upstream of Wells Dam,7/17/2025,7/17/2025,1
3DD.0078E12724,Mark,WELH - Wells Hatchery,7/17/2025,WELSBR - Starr Boat Ramp on west shore 5 km upstream of Wells Dam,7/17/2025,7/17/2025,1
3DD.0078E12725,Mark,WELH - Wells Hatchery,7/17/2025,WELSBR - Starr Boat Ramp on west shore 5 km upstream of Wells Dam,7/17/2025,7/17/2025,1
3DD.0078E12726,Mark,WELH - Wells Hatchery,7/17/2025,WELSBR - Starr Boat Ramp on west shore 5 km upstream of Wells Dam,7/17/2025,7/17/2025,1
3DD.0078E12727,Mark,WELH - Wells Hatchery,7/17/2025,WELSBR - Starr Boat Ramp on west shore 5 km upstream of Wells Dam,7/17/2025,7/17/2025,1
3DD.0078E12728,Mark,WELH - Wells Hatchery,7/17/2025,WELSBR - Starr Boat Ramp on west shore 5 km upstream of Wells Dam,7/17/2025,7/17/2025,1
3DD.0078E12729,Mark,WELH - Wells Hatchery,7/17/2025,WELSBR - Starr Boat Ramp on west shore 5 km upstream of Wells Dam,7/17/2025,7/17/2025,1
3DD.0078E1272A,Mark,WELH - Wells Hatchery,7/17/2025,WELSBR - Starr Boat Ramp on west shore 5 km upstream of Wells Dam,7/17/2025,7/17/2025,1
3DD.0078E1272B,Mark,WELH - Wells Hatchery,7/17/2025,WELSBR - Starr Boat Ramp on west shore 5 km upstream of Wells Dam,7/17/2025,7/17/2025,1
3DD.0078E1272C,Mark,WELH - Wells Hatchery,7/17/2025,WELSBR - Starr Boat Ramp on west shore 5 km upstream of Wells Dam,7/17/2025,7/17/2025,1
3DD.0078E1272D,Mark,WELH - Wells Hatchery,7/17/2025,WELSBR - Starr Boat Ramp on west shore 5 km upstream of Wells Dam,7/17/2025,7/17/2025,1
3DD.0078E1272E,Mark,WELH - Wells Hatchery,7/17/2025,WELSBR - Starr Boat Ramp on west shore 5 km upstream of Wells Dam,7/17/2025,7/17/2025,1
3DD.0078E1272F,Mark,WELH - Wells Hatchery,7/17/2025,WELSBR - Starr Boat Ramp on west shore 5 km upstream of Wells Dam,7/17/2025,7/17/2025,1
3DD.0078E12730,Mark,WELH - Wells Hatchery,7/17/2025,WELSBR - Starr Boat Ramp on west shore 5 km upstream of Wells Dam,7/17/2025,7/17/2025,1
3DD.0078E12731,Mark,WELH - Wells Hatchery,7/17/2025,WELSBR - Starr Boat Ramp on west shore 5 km upstream of Wells Dam,7/17/2025,7/17/2025,1
3DD.0078E12732,Mark,WELH - Wells Hatchery,7/17/2025,WELSBR - Starr Boat Ramp on west shore 5 km upstream of Wells Dam,7/17/2025,7/17/2025,1
3DD.0078E12733,Mark,WELH - Wells Hatchery,7/17/2025,WELSBR - Starr Boat Ramp on west shore 5 km upstream of Wells Dam,7/17/2025,7/17/2025,1
3DD.0078E12734,Mark,WELH - Wells Hatchery,7/17/2025,WELSBR - Starr Boat Ramp on west shore 5 km upstream of Wells Dam,7/17/2025,7/17/2025,1
3DD.0078E12735,Mark,WELH - Wells Hatchery,7/17/2025,WELSBR - Starr Boat Ramp on west shore 5 km upstream of Wells Dam,7/17/2025,7/17/2025,1
3DD.0078E12736,Mark,WELH - Wells Hatchery,7/17/2025,WELSBR - Starr Boat Ramp on west shore 5 km upstream of Wells Dam,7/17/2025,7/17/2025,1
3DD.0078E12737,Mark,WELH - Wells Hatchery,7/17/2025,WELSBR - Starr Boat Ramp on west shore 5 km upstream of Wells Dam,7/17/2025,7/17/2025,1
3DD.0078E12738,Mark,WELH - Wells Hatchery,7/17/2025,WELSBR - Starr Boat Ramp on west shore 5 km upstream of Wells Dam,7/17/2025,7/17/2025,1
3DD.0078E12739,Mark,WELH - Wells Hatchery,7/17/2025,WELSBR - Starr Boat Ramp on west shore 5 km upstream of Wells Dam,7/17/2025,7/17/2025,1
3DD.0078E1273A,Mark,WELH - Wells Hatchery,7/17/2025,WELSBR - Starr Boat Ramp on west shore 5 km upstream of Wells Dam,7/17/2025,7/17/2025,1
3DD.0078E1273B,Mark,WELH - Wells Hatchery,7/17/2025,WELSBR - Starr Boat Ramp on west shore 5 km upstream of Wells Dam,7/17/2025,7/17/2025,1
3DD.0078E1273C,Mark,WELH - Wells Hatchery,7/17/2025,WELSBR - Starr Boat Ramp on west shore 5 km upstream of Wells Dam,7/17/2025,7/17/2025,1
3DD.0078E1273D,Mark,WELH - Wells Hatchery,7/17/2025,WELSBR - Starr Boat Ramp on west shore 5 km upstream of Wells Dam,7/17/2025,7/17/2025,1
3DD.0078E1273E,Mark,WELH - Wells Hatchery,7/17/2025,WELSBR - Starr Boat Ramp on west shore 5 km upstream of Wells Dam,7/17/2025,7/17/2025,1
3DD.0078E1273F,Mark,WELH - Wells Hatchery,7/17/2025,WELSBR - Starr Boat Ramp on west shore 5 km upstream of Wells Dam,7/17/2025,7/17/2025,1
3DD.0078E12740,Mark,WELH - Wells Hatchery,7/17/2025,WELSBR - Starr Boat Ramp on west shore 5 km upstream of Wells Dam,7/17/2025,7/17/2025,1
3DD.0078E12741,Mark,WELH - Wells Hatchery,7/17/2025,WELSBR - Starr Boat Ramp on west shore 5 km upstream of Wells Dam,7/17/2025,7/17/2025,1
3DD.0078E12742,Mark,WELH - Wells Hatchery,7/17/2025,WELSBR - Starr Boat Ramp on west shore 5 km upstream of Wells Dam,7/17/2025,7/17/2025,1
3DD.0078E12743,Mark,WELH - Wells Hatchery,7/17/2025,WELSBR - Starr Boat Ramp on west shore 5 km upstream of Wells Dam,7/17/2025,7/17/2025,1
3DD.0078E12744,Mark,WELH - Wells Hatchery,7/17/2025,WELSBR - Starr Boat Ramp on west shore 5 km upstream of Wells Dam,7/17/2025,7/17/2025,1
3DD.0078E12745,Mark,WELH - Wells Hatchery,7/17/2025,WELSBR - Starr Boat Ramp on west shore 5 km upstream of Wells Dam,7/17/2025,7/17/2025,1
3DD.0078E12746,Mark,WELH - Wells Hatchery,7/17/2025,WELSBR - Starr Boat Ramp on west shore 5 km upstream of Wells Dam,7/17/2025,7/17/2025,1
3DD.0078E12747,Mark,WELH - Wells Hatchery,7/17/2025,WELSBR - Starr Boat Ramp on west shore 5 km upstream of Wells Dam,7/17/2025,7/17/2025,1
3DD.0078E12748,Mark,WELH - Wells Hatchery,7/17/2025,WELSBR - Starr Boat Ramp on west shore 5 km upstream of Wells Dam,7/17/2025,7/17/2025,1
3DD.0078E12749,Mark,WELH - Wells Hatchery,7/17/2025,WELSBR - Starr Boat Ramp on west shore 5 km upstream of Wells Dam,7/17/2025,7/17/2025,1
3DD.0078E1274A,Mark,WELH - Wells Hatchery,7/17/2025,WELSBR - Starr Boat Ramp on west shore 5 km upstream of Wells Dam,7/17/2025,7/17/2025,1
3DD.0078E1274B,Mark,WELH - Wells Hatchery,7/17/2025,WELSBR - Starr Boat Ramp on west shore 5 km upstream of Wells Dam,7/17/2025,7/17/2025,1
3DD.0078E1274C,Mark,WELH - Wells Hatchery,7/17/2025,WELSBR - Starr Boat Ramp on west shore 5 km upstream of Wells Dam,7/17/2025,7/17/2025,1
3DD.0078E1274D,Mark,WELH - Wells Hatchery,7/17/2025,WELSBR - Starr Boat Ramp on west shore 5 km upstream of Wells Dam,7/17/2025,7/17/2025,1
3DD.0078E1274E,Mark,WELH - Wells Hatchery,7/17/2025,WELSBR - Starr Boat Ramp on west shore 5 km upstream of Wells Dam,7/17/2025,7/17/2025,1
3DD.0078E1274F,Mark,WELH - Wells Hatchery,7/17/2025,WELSBR - Starr Boat Ramp on west shore 5 km upstream of Wells Dam,7/17/2025,7/17/2025,1
3DD.0078E12750,Mark,WELH - Wells Hatchery,7/17/2025,WELSBR - Starr Boat Ramp on west shore 5 km upstream of Wells Dam,7/17/2025,7/17/2025,1
3DD.0078E12751,Mark,WELH - Wells Hatchery,7/17/2025,WELSBR - Starr Boat Ramp on west shore 5 km upstream of Wells Dam,7/17/2025,7/17/2025,1
3DD.0078E12752,Mark,WELH - Wells Hatchery,7/17/2025,WELSBR - Starr Boat Ramp on west shore 5 km upstream of Wells Dam,7/17/2025,7/17/2025,1
3DD.0078E12753,Mark,WELH - Wells Hatchery,7/17/2025,WELSBR - Starr Boat Ramp on west shore 5 km upstream of Wells Dam,7/17/2025,7/17/2025,1
3DD.0078E12754,Mark,WELH - Wells Hatchery,7/17/2025,WELSBR - Starr Boat Ramp on west shore 5 km upstream of Wells Dam,7/17/2025,7/17/2025,1
3DD.0078E12755,Mark,WELH - Wells Hatchery,7/17/2025,WELSBR - Starr Boat Ramp on west shore 5 km upstream of Wells Dam,7/17/2025,7/17/2025,1
3DD.0078E12756,Mark,WELH - Wells Hatchery,7/17/2025,WELSBR - Starr Boat Ramp on west shore 5 km upstream of Wells Dam,7/17/2025,7/17/2025,1
3DD.0078E12757,Mark,WELH - Wells Hatchery,7/17/2025,WELSBR - Starr Boat Ramp on west shore 5 km upstream of Wells Dam,7/17/2025,7/17/2025,1
3DD.0078E12758,Mark,WELH - Wells Hatchery,7/17/2025,WELSBR - Starr Boat Ramp on west shore 5 km upstream of Wells Dam,7/17/2025,7/17/2025,1
3DD.0078E1275A,Mark,WELH - Wells Hatchery,7/17/2025,WELSBR - Starr Boat Ramp on west shore 5 km upstream of Wells Dam,7/17/2025,7/17/2025,1
3DD.0078E1275B,Mark,WELH - Wells Hatchery,7/17/2025,WELSBR - Starr Boat Ramp on west shore 5 km upstream of Wells Dam,7/17/2025,7/17/2025,1
3DD.0078E1275C,Mark,WELH - Wells Hatchery,7/17/2025,WELSBR - Starr Boat Ramp on west shore 5 km upstream of Wells Dam,7/17/2025,7/17/2025,1
3DD.0078E1275D,Mark,WELH - Wells Hatchery,7/17/2025,WELSBR - Starr Boat Ramp on west shore 5 km upstream of Wells Dam,7/17/2025,7/17/2025,1
3DD.0078E1275E,Mark,WELH - Wells Hatchery,7/17/2025,WELSBR - Starr Boat Ramp on west shore 5 km upstream of Wells Dam,7/17/2025,7/17/2025,1
3DD.0078E1275F,Mark,WELH - Wells Hatchery,7/17/2025,WELSBR - Starr Boat Ramp on west shore 5 km upstream of Wells Dam,7/17/2025,7/17/2025,1
3DD.0078E12760,Mark,WELH - Wells Hatchery,7/17/2025,WELSBR - Starr Boat Ramp on west shore 5 km upstream of Wells Dam,7/17/2025,7/17/2025,1
3DD.0078E12761,Mark,WELH - Wells Hatchery,7/17/2025,WELSBR - Starr Boat Ramp on west shore 5 km upstream of Wells Dam,7/17/2025,7/17/2025,1
3DD.0078E12762,Mark,WELH - Wells Hatchery,7/17/2025,WELSBR - Starr Boat Ramp on west shore 5 km upstream of Wells Dam,7/17/2025,7/17/2025,1
3DD.0078E12763,Mark,WELH - Wells Hatchery,7/17/2025,WELSBR - Starr Boat Ramp on west shore 5 km upstream of Wells Dam,7/17/2025,7/17/2025,1
3DD.0078E12764,Mark,WELH - Wells Hatchery,7/17/2025,WELSBR - Starr Boat Ramp on west shore 5 km upstream of Wells Dam,7/17/2025,7/17/2025,1
3DD.0078E12765,Mark,WELH - Wells Hatchery,7/17/2025,WELSBR - Starr Boat Ramp on west shore 5 km upstream of Wells Dam,7/17/2025,7/17/2025,1
3DD.0078E12766,Mark,WELH - Wells Hatchery,7/17/2025,WELSBR - Starr Boat Ramp on west shore 5 km upstream of Wells Dam,7/17/2025,7/17/2025,1
3DD.0078E12767,Mark,WELH - Wells Hatchery,7/17/2025,WELSBR - Starr Boat Ramp on west shore 5 km upstream of Wells Dam,7/17/2025,7/17/2025,1
3DD.0078E12768,Mark,WELH - Wells Hatchery,7/17/2025,WELSBR - Starr Boat Ramp on west shore 5 km upstream of Wells Dam,7/17/2025,7/17/2025,1
3DD.0078E12769,Mark,WELH - Wells Hatchery,7/17/2025,WELSBR - Starr Boat Ramp on west shore 5 km upstream of Wells Dam,7/17/2025,7/17/2025,1
3DD.0078E1276A,Mark,WELH - Wells Hatchery,7/17/2025,WELSBR - Starr Boat Ramp on west shore 5 km upstream of Wells Dam,7/17/2025,7/17/2025,1
3DD.0078E1276B,Mark,WELH - Wells Hatchery,7/17/2025,WELSBR - Starr Boat Ramp on west shore 5 km upstream of Wells Dam,7/17/2025,7/17/2025,1
3DD.0078E1276C,Mark,WELH - Wells Hatchery,7/17/2025,WELSBR - Starr Boat Ramp on west shore 5 km upstream of Wells Dam,7/17/2025,7/17/2025,1
3DD.0078E1276D,Mark,WELH - Wells Hatchery,7/17/2025,WELSBR - Starr Boat Ramp on west shore 5 km upstream of Wells Dam,7/17/2025,7/17/2025,1
3DD.0078E1276E,Mark,WELH - Wells Hatchery,7/17/2025,WELSBR - Starr Boat Ramp on west shore 5 km upstream of Wells Dam,7/17/2025,7/17/2025,1
3DD.0078E1276F,Mark,WELH - Wells Hatchery,7/17/2025,WELSBR - Starr Boat Ramp on west shore 5 km upstream of Wells Dam,7/17/2025,7/17/2025,1
3DD.0078E12770,Mark,WELH - Wells Hatchery,7/17/2025,WELSBR - Starr Boat Ramp on west shore 5 km upstream of Wells Dam,7/17/2025,7/17/2025,1
3DD.0078E12771,Mark,WELH - Wells Hatchery,7/17/2025,WELSBR - Starr Boat Ramp on west shore 5 km upstream of Wells Dam,7/17/2025,7/17/2025,1
3DD.0078E12772,Mark,WELH - Wells Hatchery,7/17/2025,WELSBR - Starr Boat Ramp on west shore 5 km upstream of Wells Dam,7/17/2025,7/17/2025,1
3DD.0078E12773,Mark,WELH - Wells Hatchery,7/17/2025,WELSBR - Starr Boat Ramp on west shore 5 km upstream of Wells Dam,7/17/2025,7/17/2025,1
3DD.0078E12774,Mark,WELH - Wells Hatchery,7/17/2025,WELSBR - Starr Boat Ramp on west shore 5 km upstream of Wells Dam,7/17/2025,7/17/2025,1
3DD.0078E12775,Mark,WELH - Wells Hatchery,7/17/2025,WELSBR - Starr Boat Ramp on west shore 5 km upstream of Wells Dam,7/17/2025,7/17/2025,1
3DD.0078E12776,Mark,WELH - Wells Hatchery,7/17/2025,WELSBR - Starr Boat Ramp on west shore 5 km upstream of Wells Dam,7/17/2025,7/17/2025,1
3DD.0078E12777,Mark,WELH - Wells Hatchery,7/17/2025,WELSBR - Starr Boat Ramp on west shore 5 km upstream of Wells Dam,7/17/2025,7/17/2025,1
3DD.0078E12778,Mark,WELH - Wells Hatchery,7/17/2025,WELSBR - Starr Boat Ramp on west shore 5 km upstream of Wells Dam,7/17/2025,7/17/2025,1
3DD.0078E12779,Mark,WELH - Wells Hatchery,7/17/2025,WELSBR - Starr Boat Ramp on west shore 5 km upstream of Wells Dam,7/17/2025,7/17/2025,1
3DD.0078E1277A,Mark,WELH - Wells Hatchery,7/17/2025,WELSBR - Starr Boat Ramp on west shore 5 km upstream of Wells Dam,7/17/2025,7/17/2025,1
3DD.0078E1277B,Mark,WELH - Wells Hatchery,7/17/2025,WELSBR - Starr Boat Ramp on west shore 5 km upstream of Wells Dam,7/17/2025,7/17/2025,1
3DD.0078E129D4,Mark,WELH - Wells Hatchery,9/4/2025,WELSBR - Starr Boat Ramp on west shore 5 km upstream of Wells Dam,9/4/2025,9/4/2025,1
3DD.0078E129D5,Mark,WELH - Wells Hatchery,9/4/2025,WELSBR - Starr Boat Ramp on west shore 5 km upstream of Wells Dam,9/4/2025,9/4/2025,1
3DD.0078E129D6,Mark,WELH - Wells Hatchery,8/21/2025,"BEAV2C - Beaver Creek, Methow River",8/21/2025,8/21/2025,1
3DD.0078E129D7,Mark,WELH - Wells Hatchery,8/28/2025,WELSBR - Starr Boat Ramp on west shore 5 km upstream of Wells Dam,8/28/2025,8/28/2025,1
3DD.0078E129D8,Mark,WELH - Wells Hatchery,9/4/2025,WELSBR - Starr Boat Ramp on west shore 5 km upstream of Wells Dam,9/4/2025,9/4/2025,1
3DD.0078E129D9,Mark,WELH - Wells Hatchery,9/4/2025,WELSBR - Starr Boat Ramp on west shore 5 km upstream of Wells Dam,9/4/2025,9/4/2025,1
3DD.0078E129DA,Mark,WELH - Wells Hatchery,9/4/2025,WELSBR - Starr Boat Ramp on west shore 5 km upstream of Wells Dam,9/4/2025,9/4/2025,1
3DD.0078E129DB,Mark,WELH - Wells Hatchery,9/4/2025,WELSBR - Starr Boat Ramp on west shore 5 km upstream of Wells Dam,9/4/2025,9/4/2025,1
3DD.0078E129DC,Mark,WELH - Wells Hatchery,9/4/2025,WELSBR - Starr Boat Ramp on west shore 5 km upstream of Wells Dam,9/4/2025,9/4/2025,1
3DD.0078E129DD,Mark,WELH - Wells Hatchery,8/21/2025,"BEAV2C - Beaver Creek, Methow River",8/21/2025,8/21/2025,1
3DD.0078E129DE,Mark,WELH - Wells Hatchery,9/4/2025,WELSBR - Starr Boat Ramp on west shore 5 km upstream of Wells Dam,9/4/2025,9/4/2025,1
3DD.0078E129DF,Mark,WELH - Wells Hatchery,9/4/2025,WELSBR - Starr Boat Ramp on west shore 5 km upstream of Wells Dam,9/4/2025,9/4/2025,1
3DD.0078E129E0,Mark,WELH - Wells Hatchery,9/4/2025,WELSBR - Starr Boat Ramp on west shore 5 km upstream of Wells Dam,9/4/2025,9/4/2025,1
3DD.0078E129E1,Mark,WELH - Wells Hatchery,9/4/2025,WELSBR - Starr Boat Ramp on west shore 5 km upstream of Wells Dam,9/4/2025,9/4/2025,1
3DD.0078E129E2,Mark,WELH - Wells Hatchery,9/4/2025,WELSBR - Starr Boat Ramp on west shore 5 km upstream of Wells Dam,9/4/2025,9/4/2025,1
3DD.0078E129E3,Mark,WELH - Wells Hatchery,8/21/2025,TWISPR - Twisp River,8/21/2025,8/21/2025,1
3DD.0078E129E4,Mark,WELH - Wells Hatchery,8/21/2025,"BEAV2C - Beaver Creek, Methow River",8/21/2025,8/21/2025,1
3DD.0078E129E5,Mark,WELH - Wells Hatchery,8/21/2025,TWISPR - Twisp River,8/21/2025,8/21/2025,1
3DD.0078E129E6,Mark,WELH - Wells Hatchery,8/21/2025,"BEAV2C - Beaver Creek, Methow River",8/21/2025,8/21/2025,1
3DD.0078E129E8,Mark,WELH - Wells Hatchery,9/4/2025,WELSBR - Starr Boat Ramp on west shore 5 km upstream of Wells Dam,9/4/2025,9/4/2025,1
3DD.0078E129E9,Mark,WELH - Wells Hatchery,8/28/2025,WELSBR - Starr Boat Ramp on west shore 5 km upstream of Wells Dam,8/28/2025,8/28/2025,1
3DD.0078E129EA,Mark,WELH - Wells Hatchery,8/21/2025,"BEAV2C - Beaver Creek, Methow River",8/21/2025,8/21/2025,1
3DD.0078E129EB,Mark,WELH - Wells Hatchery,9/4/2025,WELSBR - Starr Boat Ramp on west shore 5 km upstream of Wells Dam,9/4/2025,9/4/2025,1
3DD.0078E129EC,Mark,WELH - Wells Hatchery,8/21/2025,TWISPR - Twisp River,8/21/2025,8/21/2025,1
3DD.0078E129ED,Mark,WELH - Wells Hatchery,8/21/2025,"BEAV2C - Beaver Creek, Methow River",8/21/2025,8/21/2025,1
3DD.0078E129EE,Mark,WELH - Wells Hatchery,9/4/2025,WELSBR - Starr Boat Ramp on west shore 5 km upstream of Wells Dam,9/4/2025,9/4/2025,1
3DD.0078E129EF,Mark,WELH - Wells Hatchery,9/4/2025,WELSBR - Starr Boat Ramp on west shore 5 km upstream of Wells Dam,9/4/2025,9/4/2025,1
3DD.0078E129F0,Mark,WELH - Wells Hatchery,9/4/2025,WELSBR - Starr Boat Ramp on west shore 5 km upstream of Wells Dam,9/4/2025,9/4/2025,1
3DD.0078E129F1,Mark,WELH - Wells Hatchery,8/28/2025,WELSBR - Starr Boat Ramp on west shore 5 km upstream of Wells Dam,8/28/2025,8/28/2025,1
3DD.0078E129F2,Mark,WELH - Wells Hatchery,8/21/2025,"BEAV2C - Beaver Creek, Methow River",8/21/2025,8/21/2025,1
3DD.0078E129F3,Mark,WELH - Wells Hatchery,8/21/2025,"BEAV2C - Beaver Creek, Methow River",8/21/2025,8/21/2025,1
3DD.0078E129F4,Mark,WELH - Wells Hatchery,8/21/2025,"BEAV2C - Beaver Creek, Methow River",8/21/2025,8/21/2025,1
3DD.0078E129F5,Mark,WELH - Wells Hatchery,8/28/2025,WELSBR - Starr Boat Ramp on west shore 5 km upstream of Wells Dam,8/28/2025,8/28/2025,1
3DD.0078E129F6,Mark,WELH - Wells Hatchery,8/21/2025,"BEAV2C - Beaver Creek, Methow River",8/21/2025,8/21/2025,1
3DD.0078E129F7,Mark,WELH - Wells Hatchery,8/21/2025,"BEAV2C - Beaver Creek, Methow River",8/21/2025,8/21/2025,1
3DD.0078E129F8,Mark,WELH - Wells Hatchery,9/4/2025,WELSBR - Starr Boat Ramp on west shore 5 km upstream of Wells Dam,9/4/2025,9/4/2025,1
3DD.0078E129F9,Mark,WELH - Wells Hatchery,8/28/2025,WELSBR - Starr Boat Ramp on west shore 5 km upstream of Wells Dam,8/28/2025,8/28/2025,1
3DD.0078E129FA,Mark,WELH - Wells Hatchery,8/21/2025,TWISPR - Twisp River,8/21/2025,8/21/2025,1
3DD.0078E129FB,Mark,WELH - Wells Hatchery,9/4/2025,WELSBR - Starr Boat Ramp on west shore 5 km upstream of Wells Dam,9/4/2025,9/4/2025,1
3DD.0078E129FC,Mark,WELH - Wells Hatchery,8/21/2025,TWISPR - Twisp River,8/21/2025,8/21/2025,1
3DD.0078E129FD,Mark,WELH - Wells Hatchery,9/4/2025,WELSBR - Starr Boat Ramp on west shore 5 km upstream of Wells Dam,9/4/2025,9/4/2025,1
3DD.0078E129FE,Mark,WELH - Wells Hatchery,8/21/2025,"BEAV2C - Beaver Creek, Methow River",8/21/2025,8/21/2025,1
3DD.0078E129FF,Mark,WELH - Wells Hatchery,9/4/2025,WELSBR - Starr Boat Ramp on west shore 5 km upstream of Wells Dam,9/4/2025,9/4/2025,1
3DD.0078E12A00,Mark,WELH - Wells Hatchery,8/21/2025,TWISPR - Twisp River,8/21/2025,8/21/2025,1
3DD.0078E12A01,Mark,WELH - Wells Hatchery,8/21/2025,"BEAV2C - Beaver Creek, Methow River",8/21/2025,8/21/2025,1
3DD.0078E12A02,Mark,WELH - Wells Hatchery,9/4/2025,WELSBR - Starr Boat Ramp on west shore 5 km upstream of Wells Dam,9/4/2025,9/4/2025,1
3DD.0078E12A03,Mark,WELH - Wells Hatchery,8/21/2025,"BEAV2C - Beaver Creek, Methow River",8/21/2025,8/21/2025,1
3DD.0078E12A04,Mark,WELH - Wells Hatchery,8/21/2025,"BEAV2C - Beaver Creek, Methow River",8/21/2025,8/21/2025,1
3DD.0078E12A06,Mark,WELH - Wells Hatchery,9/4/2025,WELSBR - Starr Boat Ramp on west shore 5 km upstream of Wells Dam,9/4/2025,9/4/2025,1
3DD.0078E12A07,Mark,WELH - Wells Hatchery,9/4/2025,WELSBR - Starr Boat Ramp on west shore 5 km upstream of Wells Dam,9/4/2025,9/4/2025,1
3DD.0078E12A08,Mark,WELH - Wells Hatchery,8/21/2025,TWISPR - Twisp River,8/21/2025,8/21/2025,1
3DD.0078E12A09,Mark,WELH - Wells Hatchery,9/4/2025,WELSBR - Starr Boat Ramp on west shore 5 km upstream of Wells Dam,9/4/2025,9/4/2025,1
3DD.0078E12A0A,Mark,WELH - Wells Hatchery,8/21/2025,"BEAV2C - Beaver Creek, Methow River",8/21/2025,8/21/2025,1
3DD.0078E12A0B,Mark,WELH - Wells Hatchery,8/21/2025,"BEAV2C - Beaver Creek, Methow River",8/21/2025,8/21/2025,1
3DD.0078E12A0C,Mark,WELH - Wells Hatchery,8/21/2025,"BEAV2C - Beaver Creek, Methow River",8/21/2025,8/21/2025,1
3DD.0078E12A0D,Mark,WELH - Wells Hatchery,9/4/2025,WELSBR - Starr Boat Ramp on west shore 5 km upstream of Wells Dam,9/4/2025,9/4/2025,1
3DD.0078E12A0E,Mark,WELH - Wells Hatchery,9/4/2025,WELSBR - Starr Boat Ramp on west shore 5 km upstream of Wells Dam,9/4/2025,9/4/2025,1
3DD.0078E12A0F,Mark,WELH - Wells Hatchery,9/4/2025,WELSBR - Starr Boat Ramp on west shore 5 km upstream of Wells Dam,9/4/2025,9/4/2025,1
3DD.0078E12A10,Mark,WELH - Wells Hatchery,8/28/2025,WELSBR - Starr Boat Ramp on west shore 5 km upstream of Wells Dam,8/28/2025,8/28/2025,1
3DD.0078E12A11,Mark,WELH - Wells Hatchery,8/21/2025,"BEAV2C - Beaver Creek, Methow River",8/21/2025,8/21/2025,1
3DD.0078E12A12,Mark,WELH - Wells Hatchery,9/4/2025,WELSBR - Starr Boat Ramp on west shore 5 km upstream of Wells Dam,9/4/2025,9/4/2025,1
3DD.0078E12A13,Mark,WELH - Wells Hatchery,8/28/2025,WELSBR - Starr Boat Ramp on west shore 5 km upstream of Wells Dam,8/28/2025,8/28/2025,1
3DD.0078E12A14,Mark,WELH - Wells Hatchery,9/4/2025,WELSBR - Starr Boat Ramp on west shore 5 km upstream of Wells Dam,9/4/2025,9/4/2025,1
3DD.0078E12A15,Mark,WELH - Wells Hatchery,8/28/2025,WELSBR - Starr Boat Ramp on west shore 5 km upstream of Wells Dam,8/28/2025,8/28/2025,1
3DD.0078E12A16,Mark,WELH - Wells Hatchery,8/21/2025,TWISPR - Twisp River,8/21/2025,8/21/2025,1
3DD.0078E12A17,Mark,WELH - Wells Hatchery,9/4/2025,WELSBR - Starr Boat Ramp on west shore 5 km upstream of Wells Dam,9/4/2025,9/4/2025,1
3DD.0078E12A18,Mark,WELH - Wells Hatchery,8/28/2025,WELSBR - Starr Boat Ramp on west shore 5 km upstream of Wells Dam,8/28/2025,8/28/2025,1
3DD.0078E12A19,Mark,WELH - Wells Hatchery,9/4/2025,WELSBR - Starr Boat Ramp on west shore 5 km upstream of Wells Dam,9/4/2025,9/4/2025,1
3DD.0078E12A1A,Mark,WELH - Wells Hatchery,8/28/2025,WELSBR - Starr Boat Ramp on west shore 5 km upstream of Wells Dam,8/28/2025,8/28/2025,1
3DD.0078E12A1B,Mark,WELH - Wells Hatchery,9/4/2025,WELSBR - Starr Boat Ramp on west shore 5 km upstream of Wells Dam,9/4/2025,9/4/2025,1
3DD.0078E12A1C,Mark,WELH - Wells Hatchery,9/4/2025,WELSBR - Starr Boat Ramp on west shore 5 km upstream of Wells Dam,9/4/2025,9/4/2025,1
3DD.0078E12A1D,Mark,WELH - Wells Hatchery,8/21/2025,"BEAV2C - Beaver Creek, Methow River",8/21/2025,8/21/2025,1
3DD.0078E12A1E,Mark,WELH - Wells Hatchery,8/28/2025,WELSBR - Starr Boat Ramp on west shore 5 km upstream of Wells Dam,8/28/2025,8/28/2025,1
3DD.0078E12A1F,Mark,WELH - Wells Hatchery,8/21/2025,"BEAV2C - Beaver Creek, Methow River",8/21/2025,8/21/2025,1
3DD.0078E12A20,Mark,WELH - Wells Hatchery,8/21/2025,"BEAV2C - Beaver Creek, Methow River",8/21/2025,8/21/2025,1
3DD.0078E12A21,Mark,WELH - Wells Hatchery,8/21/2025,TWISPR - Twisp River,8/21/2025,8/21/2025,1
3DD.0078E12A22,Mark,WELH - Wells Hatchery,8/28/2025,WELSBR - Starr Boat Ramp on west shore 5 km upstream of Wells Dam,8/28/2025,8/28/2025,1
3DD.0078E12A23,Mark,WELH - Wells Hatchery,9/4/2025,WELSBR - Starr Boat Ramp on west shore 5 km upstream of Wells Dam,9/4/2025,9/4/2025,1
3DD.0078E12A24,Mark,WELH - Wells Hatchery,8/21/2025,TWISPR - Twisp River,8/21/2025,8/21/2025,1
3DD.0078E12A25,Mark,WELH - Wells Hatchery,9/4/2025,WELSBR - Starr Boat Ramp on west shore 5 km upstream of Wells Dam,9/4/2025,9/4/2025,1
3DD.0078E12A26,Mark,WELH - Wells Hatchery,9/4/2025,WELSBR - Starr Boat Ramp on west shore 5 km upstream of Wells Dam,9/4/2025,9/4/2025,1
3DD.0078E12A27,Mark,WELH - Wells Hatchery,8/21/2025,"BEAV2C - Beaver Creek, Methow River",8/21/2025,8/21/2025,1
3DD.0078E12A28,Mark,WELH - Wells Hatchery,8/21/2025,"BEAV2C - Beaver Creek, Methow River",8/21/2025,8/21/2025,1
3DD.0078E12A29,Mark,WELH - Wells Hatchery,9/4/2025,WELSBR - Starr Boat Ramp on west shore 5 km upstream of Wells Dam,9/4/2025,9/4/2025,1
3DD.0078E12A2A,Mark,WELH - Wells Hatchery,8/21/2025,"BEAV2C - Beaver Creek, Methow River",8/21/2025,8/21/2025,1
3DD.0078E12A2B,Mark,WELH - Wells Hatchery,9/4/2025,WELSBR - Starr Boat Ramp on west shore 5 km upstream of Wells Dam,9/4/2025,9/4/2025,1
3DD.0078E12A2C,Mark,WELH - Wells Hatchery,8/21/2025,"BEAV2C - Beaver Creek, Methow River",8/21/2025,8/21/2025,1
3DD.0078E12A2D,Mark,WELH - Wells Hatchery,9/4/2025,WELSBR - Starr Boat Ramp on west shore 5 km upstream of Wells Dam,9/4/2025,9/4/2025,1
3DD.0078E12A2E,Mark,WELH - Wells Hatchery,8/28/2025,WELSBR - Starr Boat Ramp on west shore 5 km upstream of Wells Dam,8/28/2025,8/28/2025,1
3DD.0078E12A2F,Mark,WELH - Wells Hatchery,8/21/2025,TWISPR - Twisp River,8/21/2025,8/21/2025,1
3DD.0078E12A30,Mark,WELH - Wells Hatchery,8/21/2025,"BEAV2C - Beaver Creek, Methow River",8/21/2025,8/21/2025,1
3DD.0078E12A31,Mark,WELH - Wells Hatchery,9/4/2025,WELSBR - Starr Boat Ramp on west shore 5 km upstream of Wells Dam,9/4/2025,9/4/2025,1
3DD.0078E12A32,Mark,WELH - Wells Hatchery,8/28/2025,WELSBR - Starr Boat Ramp on west shore 5 km upstream of Wells Dam,8/28/2025,8/28/2025,1
3DD.0078E12A33,Mark,WELH - Wells Hatchery,9/4/2025,WELSBR - Starr Boat Ramp on west shore 5 km upstream of Wells Dam,9/4/2025,9/4/2025,1
3DD.0078E12A34,Mark,WELH - Wells Hatchery,8/28/2025,WELSBR - Starr Boat Ramp on west shore 5 km upstream of Wells Dam,8/28/2025,8/28/2025,1
3DD.0078E12A35,Mark,WELH - Wells Hatchery,9/4/2025,WELSBR - Starr Boat Ramp on west shore 5 km upstream of Wells Dam,9/4/2025,9/4/2025,1
3DD.0078E12A36,Mark,WELH - Wells Hatchery,9/4/2025,WELSBR - Starr Boat Ramp on west shore 5 km upstream of Wells Dam,9/4/2025,9/4/2025,1
3DD.0078E12A37,Mark,WELH - Wells Hatchery,9/4/2025,WELSBR - Starr Boat Ramp on west shore 5 km upstream of Wells Dam,9/4/2025,9/4/2025,1
3DD.0078E13910,Mark,WELH - Wells Hatchery,8/29/2024,WELSBR - Starr Boat Ramp on west shore 5 km upstream of Wells Dam,8/29/2024,8/29/2024,1
3DD.0078E13911,Mark,WELH - Wells Hatchery,8/29/2024,WELSBR - Starr Boat Ramp on west shore 5 km upstream of Wells Dam,8/29/2024,8/29/2024,1
3DD.0078E13912,Mark,WELH - Wells Hatchery,8/29/2024,WELSBR - Starr Boat Ramp on west shore 5 km upstream of Wells Dam,8/29/2024,8/29/2024,1
3DD.0078E13913,Mark,WELH - Wells Hatchery,8/27/2024,"COLR8 - Columbia River - Chelan Falls, WA to Grand Coulee Dam (km 809-960)",8/28/2024,8/27/2024,1
3DD.0078E13914,Mark,WELH - Wells Hatchery,8/29/2024,WELSBR - Starr Boat Ramp on west shore 5 km upstream of Wells Dam,8/29/2024,8/29/2024,1
3DD.0078E13915,Mark,WELH - Wells Hatchery,8/29/2024,WELSBR - Starr Boat Ramp on west shore 5 km upstream of Wells Dam,8/29/2024,8/29/2024,1
3DD.0078E13916,Mark,WELH - Wells Hatchery,8/29/2024,WELSBR - Starr Boat Ramp on west shore 5 km upstream of Wells Dam,8/29/2024,8/29/2024,1
3DD.0078E13917,Mark,WELH - Wells Hatchery,9/5/2024,WELSBR - Starr Boat Ramp on west shore 5 km upstream of Wells Dam,9/5/2024,9/5/2024,1
3DD.0078E13918,Mark,WELH - Wells Hatchery,8/29/2024,WELSBR - Starr Boat Ramp on west shore 5 km upstream of Wells Dam,8/29/2024,8/29/2024,1
3DD.0078E13919,Mark,WELH - Wells Hatchery,8/29/2024,WELSBR - Starr Boat Ramp on west shore 5 km upstream of Wells Dam,8/29/2024,8/29/2024,1
3DD.0078E1391A,Mark,WELH - Wells Hatchery,7/24/2025,WELSBR - Starr Boat Ramp on west shore 5 km upstream of Wells Dam,7/24/2025,7/24/2025,1
3DD.0078E1391B,Mark,WELH - Wells Hatchery,9/5/2024,WELSBR - Starr Boat Ramp on west shore 5 km upstream of Wells Dam,9/5/2024,9/5/2024,1
3DD.0078E1391C,Mark,WELH - Wells Hatchery,8/29/2024,WELSBR - Starr Boat Ramp on west shore 5 km upstream of Wells Dam,8/29/2024,8/29/2024,1
3DD.0078E1391D,Mark,WELH - Wells Hatchery,8/29/2024,WELSBR - Starr Boat Ramp on west shore 5 km upstream of Wells Dam,8/29/2024,8/29/2024,1
3DD.0078E1391E,Mark,WELH - Wells Hatchery,8/29/2024,WELSBR - Starr Boat Ramp on west shore 5 km upstream of Wells Dam,8/29/2024,8/29/2024,1
3DD.0078E1391F,Mark,WELH - Wells Hatchery,9/5/2024,WELSBR - Starr Boat Ramp on west shore 5 km upstream of Wells Dam,9/5/2024,9/5/2024,1
3DD.0078E13920,Mark,WELH - Wells Hatchery,9/5/2024,WELSBR - Starr Boat Ramp on west shore 5 km upstream of Wells Dam,9/5/2024,9/5/2024,1
3DD.0078E13921,Mark,WELH - Wells Hatchery,8/29/2024,WELSBR - Starr Boat Ramp on west shore 5 km upstream of Wells Dam,8/29/2024,8/29/2024,1
3DD.0078E13922,Mark,WELH - Wells Hatchery,8/29/2024,WELSBR - Starr Boat Ramp on west shore 5 km upstream of Wells Dam,8/29/2024,8/29/2024,1
3DD.0078E13923,Mark,WELH - Wells Hatchery,7/24/2025,WELSBR - Starr Boat Ramp on west shore 5 km upstream of Wells Dam,7/24/2025,7/24/2025,1
3DD.0078E13924,Mark,WELH - Wells Hatchery,7/24/2025,WELSBR - Starr Boat Ramp on west shore 5 km upstream of Wells Dam,7/24/2025,7/24/2025,1
3DD.0078E13925,Mark,WELH - Wells Hatchery,8/29/2024,WELSBR - Starr Boat Ramp on west shore 5 km upstream of Wells Dam,8/29/2024,8/29/2024,1
3DD.0078E13926,Mark,WELH - Wells Hatchery,9/5/2024,WELSBR - Starr Boat Ramp on west shore 5 km upstream of Wells Dam,9/5/2024,9/5/2024,1
3DD.0078E13927,Mark,WELH - Wells Hatchery,8/29/2024,WELSBR - Starr Boat Ramp on west shore 5 km upstream of Wells Dam,8/29/2024,8/29/2024,1
3DD.0078E13928,Mark,WELH - Wells Hatchery,8/29/2024,WELSBR - Starr Boat Ramp on west shore 5 km upstream of Wells Dam,8/29/2024,8/29/2024,1
3DD.0078E13929,Mark,WELH - Wells Hatchery,8/29/2024,WELSBR - Starr Boat Ramp on west shore 5 km upstream of Wells Dam,8/29/2024,8/29/2024,1
3DD.0078E1392A,Mark,WELH - Wells Hatchery,8/29/2024,WELSBR - Starr Boat Ramp on west shore 5 km upstream of Wells Dam,8/29/2024,8/29/2024,1
3DD.0078E1392B,Mark,WELH - Wells Hatchery,8/29/2024,WELSBR - Starr Boat Ramp on west shore 5 km upstream of Wells Dam,8/29/2024,8/29/2024,1
3DD.0078E1392C,Mark,WELH - Wells Hatchery,8/29/2024,WELSBR - Starr Boat Ramp on west shore 5 km upstream of Wells Dam,8/29/2024,8/29/2024,1
3DD.0078E1392D,Mark,WELH - Wells Hatchery,8/29/2024,WELSBR - Starr Boat Ramp on west shore 5 km upstream of Wells Dam,8/29/2024,8/29/2024,1
3DD.0078E1392E,Mark,WELH - Wells Hatchery,9/5/2024,WELSBR - Starr Boat Ramp on west shore 5 km upstream of Wells Dam,9/5/2024,9/5/2024,1
3DD.0078E1392F,Mark,WELH - Wells Hatchery,8/29/2024,WELSBR - Starr Boat Ramp on west shore 5 km upstream of Wells Dam,8/29/2024,8/29/2024,1
3DD.0078E13930,Mark,WELH - Wells Hatchery,8/29/2024,WELSBR - Starr Boat Ramp on west shore 5 km upstream of Wells Dam,8/29/2024,8/29/2024,1
3DD.0078E13931,Mark,WELH - Wells Hatchery,8/29/2024,WELSBR - Starr Boat Ramp on west shore 5 km upstream of Wells Dam,8/29/2024,8/29/2024,1
3DD.0078E13932,Mark,WELH - Wells Hatchery,8/29/2024,WELSBR - Starr Boat Ramp on west shore 5 km upstream of Wells Dam,8/29/2024,8/29/2024,1
3DD.0078E13933,Mark,WELH - Wells Hatchery,8/29/2024,WELSBR - Starr Boat Ramp on west shore 5 km upstream of Wells Dam,8/29/2024,8/29/2024,1
3DD.0078E13934,Mark,WELH - Wells Hatchery,9/5/2024,WELSBR - Starr Boat Ramp on west shore 5 km upstream of Wells Dam,9/5/2024,9/5/2024,1
3DD.0078E13935,Mark,WELH - Wells Hatchery,8/29/2024,WELSBR - Starr Boat Ramp on west shore 5 km upstream of Wells Dam,8/29/2024,8/29/2024,1
3DD.0078E13936,Mark,WELH - Wells Hatchery,8/29/2024,WELSBR - Starr Boat Ramp on west shore 5 km upstream of Wells Dam,8/29/2024,8/29/2024,1
3DD.0078E13937,Mark,WELH - Wells Hatchery,8/29/2024,WELSBR - Starr Boat Ramp on west shore 5 km upstream of Wells Dam,8/29/2024,8/29/2024,1
3DD.0078E13938,Mark,WELH - Wells Hatchery,8/29/2024,WELSBR - Starr Boat Ramp on west shore 5 km upstream of Wells Dam,8/29/2024,8/29/2024,1
3DD.0078E13939,Mark,WELH - Wells Hatchery,8/29/2024,WELSBR - Starr Boat Ramp on west shore 5 km upstream of Wells Dam,8/29/2024,8/29/2024,1
3DD.0078E1393A,Mark,WELH - Wells Hatchery,8/29/2024,WELSBR - Starr Boat Ramp on west shore 5 km upstream of Wells Dam,8/29/2024,8/29/2024,1
3DD.0078E1393B,Mark,WELH - Wells Hatchery,8/29/2024,WELSBR - Starr Boat Ramp on west shore 5 km upstream of Wells Dam,8/29/2024,8/29/2024,1
3DD.0078E1393C,Mark,WELH - Wells Hatchery,8/29/2024,WELSBR - Starr Boat Ramp on west shore 5 km upstream of Wells Dam,8/29/2024,8/29/2024,1
3DD.0078E1393D,Mark,WELH - Wells Hatchery,8/29/2024,WELSBR - Starr Boat Ramp on west shore 5 km upstream of Wells Dam,8/29/2024,8/29/2024,1
3DD.0078E1393E,Mark,WELH - Wells Hatchery,8/29/2024,WELSBR - Starr Boat Ramp on west shore 5 km upstream of Wells Dam,8/29/2024,8/29/2024,1
3DD.0078E1393F,Mark,WELH - Wells Hatchery,8/29/2024,WELSBR - Starr Boat Ramp on west shore 5 km upstream of Wells Dam,8/29/2024,8/29/2024,1
3DD.0078E13940,Mark,WELH - Wells Hatchery,8/29/2024,WELSBR - Starr Boat Ramp on west shore 5 km upstream of Wells Dam,8/29/2024,8/29/2024,1
3DD.0078E13941,Mark,WELH - Wells Hatchery,9/5/2024,WELSBR - Starr Boat Ramp on west shore 5 km upstream of Wells Dam,9/5/2024,9/5/2024,1
3DD.0078E13942,Mark,WELH - Wells Hatchery,9/5/2024,WELSBR - Starr Boat Ramp on west shore 5 km upstream of Wells Dam,9/5/2024,9/5/2024,1
3DD.0078E13943,Mark,WELH - Wells Hatchery,7/24/2025,WELSBR - Starr Boat Ramp on west shore 5 km upstream of Wells Dam,7/24/2025,7/24/2025,1
3DD.0078E13944,Mark,WELH - Wells Hatchery,8/29/2024,WELSBR - Starr Boat Ramp on west shore 5 km upstream of Wells Dam,8/29/2024,8/29/2024,1
3DD.0078E13945,Mark,WELH - Wells Hatchery,8/29/2024,WELSBR - Starr Boat Ramp on west shore 5 km upstream of Wells Dam,8/29/2024,8/29/2024,1
3DD.0078E13946,Mark,WELH - Wells Hatchery,8/29/2024,WELSBR - Starr Boat Ramp on west shore 5 km upstream of Wells Dam,8/29/2024,8/29/2024,1
3DD.0078E13947,Mark,WELH - Wells Hatchery,8/29/2024,WELSBR - Starr Boat Ramp on west shore 5 km upstream of Wells Dam,8/29/2024,8/29/2024,1
3DD.0078E13948,Mark,WELH - Wells Hatchery,8/29/2024,WELSBR - Starr Boat Ramp on west shore 5 km upstream of Wells Dam,8/29/2024,8/29/2024,1
3DD.0078E13949,Mark,WELH - Wells Hatchery,8/29/2024,WELSBR - Starr Boat Ramp on west shore 5 km upstream of Wells Dam,8/29/2024,8/29/2024,1
3DD.0078E1394A,Mark,WELH - Wells Hatchery,8/29/2024,WELSBR - Starr Boat Ramp on west shore 5 km upstream of Wells Dam,8/29/2024,8/29/2024,1
3DD.0078E1394B,Mark,WELH - Wells Hatchery,8/29/2024,WELSBR - Starr Boat Ramp on west shore 5 km upstream of Wells Dam,8/29/2024,8/29/2024,1
3DD.0078E1394C,Mark,WELH - Wells Hatchery,8/29/2024,WELSBR - Starr Boat Ramp on west shore 5 km upstream of Wells Dam,8/29/2024,8/29/2024,1
3DD.0078E1394D,Mark,WELH - Wells Hatchery,8/29/2024,WELSBR - Starr Boat Ramp on west shore 5 km upstream of Wells Dam,8/29/2024,8/29/2024,1
3DD.0078E1394E,Mark,WELH - Wells Hatchery,9/5/2024,WELSBR - Starr Boat Ramp on west shore 5 km upstream of Wells Dam,9/5/2024,9/5/2024,1
3DD.0078E1394F,Mark,WELH - Wells Hatchery,8/29/2024,WELSBR - Starr Boat Ramp on west shore 5 km upstream of Wells Dam,8/29/2024,8/29/2024,1
3DD.0078E13950,Mark,WELH - Wells Hatchery,8/29/2024,WELSBR - Starr Boat Ramp on west shore 5 km upstream of Wells Dam,8/29/2024,8/29/2024,1
3DD.0078E13951,Mark,WELH - Wells Hatchery,8/29/2024,WELSBR - Starr Boat Ramp on west shore 5 km upstream of Wells Dam,8/29/2024,8/29/2024,1
3DD.0078E13952,Mark,WELH - Wells Hatchery,8/29/2024,WELSBR - Starr Boat Ramp on west shore 5 km upstream of Wells Dam,8/29/2024,8/29/2024,1
3DD.0078E13953,Mark,WELH - Wells Hatchery,8/29/2024,WELSBR - Starr Boat Ramp on west shore 5 km upstream of Wells Dam,8/29/2024,8/29/2024,1
3DD.0078E13954,Mark,WELH - Wells Hatchery,8/29/2024,WELSBR - Starr Boat Ramp on west shore 5 km upstream of Wells Dam,8/29/2024,8/29/2024,1
3DD.0078E13955,Mark,WELH - Wells Hatchery,8/29/2024,WELSBR - Starr Boat Ramp on west shore 5 km upstream of Wells Dam,8/29/2024,8/29/2024,1
3DD.0078E13956,Mark,WELH - Wells Hatchery,8/29/2024,WELSBR - Starr Boat Ramp on west shore 5 km upstream of Wells Dam,8/29/2024,8/29/2024,1
3DD.0078E13957,Mark,WELH - Wells Hatchery,8/29/2024,WELSBR - Starr Boat Ramp on west shore 5 km upstream of Wells Dam,8/29/2024,8/29/2024,1
3DD.0078E13958,Mark,WELH - Wells Hatchery,8/29/2024,WELSBR - Starr Boat Ramp on west shore 5 km upstream of Wells Dam,8/29/2024,8/29/2024,1
3DD.0078E13959,Mark,WELH - Wells Hatchery,8/29/2024,WELSBR - Starr Boat Ramp on west shore 5 km upstream of Wells Dam,8/29/2024,8/29/2024,1
3DD.0078E1395A,Mark,WELH - Wells Hatchery,8/29/2024,WELSBR - Starr Boat Ramp on west shore 5 km upstream of Wells Dam,8/29/2024,8/29/2024,1
3DD.0078E1395B,Mark,WELH - Wells Hatchery,8/29/2024,WELSBR - Starr Boat Ramp on west shore 5 km upstream of Wells Dam,8/29/2024,8/29/2024,1
3DD.0078E1395C,Mark,WELH - Wells Hatchery,8/29/2024,WELSBR - Starr Boat Ramp on west shore 5 km upstream of Wells Dam,8/29/2024,8/29/2024,1
3DD.0078E1395D,Mark,WELH - Wells Hatchery,8/29/2024,WELSBR - Starr Boat Ramp on west shore 5 km upstream of Wells Dam,8/29/2024,8/29/2024,1
3DD.0078E1395E,Mark,WELH - Wells Hatchery,8/29/2024,WELSBR - Starr Boat Ramp on west shore 5 km upstream of Wells Dam,8/29/2024,8/29/2024,1
3DD.0078E1395F,Mark,WELH - Wells Hatchery,8/27/2024,"COLR8 - Columbia River - Chelan Falls, WA to Grand Coulee Dam (km 809-960)",8/28/2024,8/27/2024,1
3DD.0078E13960,Mark,WELH - Wells Hatchery,8/29/2024,WELSBR - Starr Boat Ramp on west shore 5 km upstream of Wells Dam,8/29/2024,8/29/2024,1
3DD.0078E13961,Mark,WELH - Wells Hatchery,8/29/2024,WELSBR - Starr Boat Ramp on west shore 5 km upstream of Wells Dam,8/29/2024,8/29/2024,1
3DD.0078E13962,Mark,WELH - Wells Hatchery,8/29/2024,WELSBR - Starr Boat Ramp on west shore 5 km upstream of Wells Dam,8/29/2024,8/29/2024,1
3DD.0078E13963,Mark,WELH - Wells Hatchery,8/29/2024,WELSBR - Starr Boat Ramp on west shore 5 km upstream of Wells Dam,8/29/2024,8/29/2024,1
3DD.0078E13964,Mark,WELH - Wells Hatchery,8/29/2024,WELSBR - Starr Boat Ramp on west shore 5 km upstream of Wells Dam,8/29/2024,8/29/2024,1
3DD.0078E13965,Mark,WELH - Wells Hatchery,8/29/2024,WELSBR - Starr Boat Ramp on west shore 5 km upstream of Wells Dam,8/29/2024,8/29/2024,1
3DD.0078E13966,Mark,WELH - Wells Hatchery,8/29/2024,WELSBR - Starr Boat Ramp on west shore 5 km upstream of Wells Dam,8/29/2024,8/29/2024,1
3DD.0078E13967,Mark,WELH - Wells Hatchery,8/29/2024,WELSBR - Starr Boat Ramp on west shore 5 km upstream of Wells Dam,8/29/2024,8/29/2024,1
3DD.0078E13968,Mark,WELH - Wells Hatchery,8/29/2024,WELSBR - Starr Boat Ramp on west shore 5 km upstream of Wells Dam,8/29/2024,8/29/2024,1
3DD.0078E13969,Mark,WELH - Wells Hatchery,8/29/2024,WELSBR - Starr Boat Ramp on west shore 5 km upstream of Wells Dam,8/29/2024,8/29/2024,1
3DD.0078E1396A,Mark,WELH - Wells Hatchery,8/29/2024,WELSBR - Starr Boat Ramp on west shore 5 km upstream of Wells Dam,8/29/2024,8/29/2024,1
3DD.0078E1396B,Mark,WELH - Wells Hatchery,8/29/2024,WELSBR - Starr Boat Ramp on west shore 5 km upstream of Wells Dam,8/29/2024,8/29/2024,1
3DD.0078E1396C,Mark,WELH - Wells Hatchery,8/29/2024,WELSBR - Starr Boat Ramp on west shore 5 km upstream of Wells Dam,8/29/2024,8/29/2024,1
3DD.0078E1396D,Mark,WELH - Wells Hatchery,8/27/2024,"COLR8 - Columbia River - Chelan Falls, WA to Grand Coulee Dam (km 809-960)",8/28/2024,8/27/2024,1
3DD.0078E1396E,Mark,WELH - Wells Hatchery,8/27/2024,"COLR8 - Columbia River - Chelan Falls, WA to Grand Coulee Dam (km 809-960)",8/28/2024,8/27/2024,1
3DD.0078E1396F,Mark,WELH - Wells Hatchery,8/29/2024,WELSBR - Starr Boat Ramp on west shore 5 km upstream of Wells Dam,8/29/2024,8/29/2024,1
3DD.0078E13970,Mark,WELH - Wells Hatchery,8/29/2024,WELSBR - Starr Boat Ramp on west shore 5 km upstream of Wells Dam,8/29/2024,8/29/2024,1
3DD.0078E13971,Mark,WELH - Wells Hatchery,8/29/2024,WELSBR - Starr Boat Ramp on west shore 5 km upstream of Wells Dam,8/29/2024,8/29/2024,1
3DD.0078E13972,Mark,WELH - Wells Hatchery,8/29/2024,WELSBR - Starr Boat Ramp on west shore 5 km upstream of Wells Dam,8/29/2024,8/29/2024,1
3DD.0078E13973,Mark,WELH - Wells Hatchery,8/29/2024,WELSBR - Starr Boat Ramp on west shore 5 km upstream of Wells Dam,8/29/2024,8/29/2024,1
3DD.0078E13974,Mark,WELH - Wells Hatchery,8/22/2024,WELSBR - Starr Boat Ramp on west shore 5 km upstream of Wells Dam,8/22/2024,8/22/2024,1
3DD.0078E13975,Mark,WELH - Wells Hatchery,8/22/2024,WELSBR - Starr Boat Ramp on west shore 5 km upstream of Wells Dam,8/22/2024,8/22/2024,1
3DD.0078E13976,Mark,WELH - Wells Hatchery,8/27/2024,"COLR8 - Columbia River - Chelan Falls, WA to Grand Coulee Dam (km 809-960)",8/28/2024,8/27/2024,1
3DD.0078E13977,Mark,WELH - Wells Hatchery,8/21/2024,"COLR8 - Columbia River - Chelan Falls, WA to Grand Coulee Dam (km 809-960)",8/22/2024,8/21/2024,1
3DD.0078E13978,Mark,WELH - Wells Hatchery,8/22/2024,WELSBR - Starr Boat Ramp on west shore 5 km upstream of Wells Dam,8/22/2024,8/22/2024,1
3DD.0078E13979,Mark,WELH - Wells Hatchery,8/22/2024,WELSBR - Starr Boat Ramp on west shore 5 km upstream of Wells Dam,8/22/2024,8/22/2024,1
3DD.0078E1397A,Mark,WELH - Wells Hatchery,8/22/2024,WELSBR - Starr Boat Ramp on west shore 5 km upstream of Wells Dam,8/22/2024,8/22/2024,1
3DD.0078E1397B,Mark,WELH - Wells Hatchery,8/26/2024,"COLR8 - Columbia River - Chelan Falls, WA to Grand Coulee Dam (km 809-960)",8/27/2024,8/26/2024,1
3DD.0078E1397C,Mark,WELH - Wells Hatchery,8/21/2024,"COLR8 - Columbia River - Chelan Falls, WA to Grand Coulee Dam (km 809-960)",8/22/2024,8/21/2024,1
3DD.0078E1397D,Mark,WELH - Wells Hatchery,8/22/2024,WELSBR - Starr Boat Ramp on west shore 5 km upstream of Wells Dam,8/22/2024,8/22/2024,1
3DD.0078E1397E,Mark,WELH - Wells Hatchery,8/22/2024,WELSBR - Starr Boat Ramp on west shore 5 km upstream of Wells Dam,8/22/2024,8/22/2024,1
3DD.0078E1397F,Mark,WELH - Wells Hatchery,8/26/2024,"COLR8 - Columbia River - Chelan Falls, WA to Grand Coulee Dam (km 809-960)",8/27/2024,8/26/2024,1
3DD.0078E13980,Mark,WELH - Wells Hatchery,8/22/2024,WELSBR - Starr Boat Ramp on west shore 5 km upstream of Wells Dam,8/22/2024,8/22/2024,1
3DD.0078E13981,Mark,WELH - Wells Hatchery,8/22/2024,WELSBR - Starr Boat Ramp on west shore 5 km upstream of Wells Dam,8/22/2024,8/22/2024,1
3DD.0078E13982,Mark,WELH - Wells Hatchery,8/22/2024,WELSBR - Starr Boat Ramp on west shore 5 km upstream of Wells Dam,8/22/2024,8/22/2024,1
3DD.0078E13983,Mark,WELH - Wells Hatchery,8/22/2024,WELSBR - Starr Boat Ramp on west shore 5 km upstream of Wells Dam,8/22/2024,8/22/2024,1
3DD.0078E13984,Mark,WELH - Wells Hatchery,8/22/2024,WELSBR - Starr Boat Ramp on west shore 5 km upstream of Wells Dam,8/22/2024,8/22/2024,1
3DD.0078E13985,Mark,WELH - Wells Hatchery,8/22/2024,WELSBR - Starr Boat Ramp on west shore 5 km upstream of Wells Dam,8/22/2024,8/22/2024,1
3DD.0078E13986,Mark,WELH - Wells Hatchery,8/22/2024,WELSBR - Starr Boat Ramp on west shore 5 km upstream of Wells Dam,8/22/2024,8/22/2024,1
3DD.0078E13987,Mark,WELH - Wells Hatchery,8/22/2024,WELSBR - Starr Boat Ramp on west shore 5 km upstream of Wells Dam,8/22/2024,8/22/2024,1
3DD.0078E13988,Mark,WELH - Wells Hatchery,8/22/2024,WELSBR - Starr Boat Ramp on west shore 5 km upstream of Wells Dam,8/22/2024,8/22/2024,1
3DD.0078E13989,Mark,WELH - Wells Hatchery,8/22/2024,WELSBR - Starr Boat Ramp on west shore 5 km upstream of Wells Dam,8/22/2024,8/22/2024,1
3DD.0078E1398A,Mark,WELH - Wells Hatchery,8/22/2024,WELSBR - Starr Boat Ramp on west shore 5 km upstream of Wells Dam,8/22/2024,8/22/2024,1
3DD.0078E1398B,Mark,WELH - Wells Hatchery,8/22/2024,WELSBR - Starr Boat Ramp on west shore 5 km upstream of Wells Dam,8/22/2024,8/22/2024,1
3DD.0078E1398C,Mark,WELH - Wells Hatchery,8/22/2024,WELSBR - Starr Boat Ramp on west shore 5 km upstream of Wells Dam,8/22/2024,8/22/2024,1
3DD.0078E1398D,Mark,WELH - Wells Hatchery,8/22/2024,WELSBR - Starr Boat Ramp on west shore 5 km upstream of Wells Dam,8/22/2024,8/22/2024,1
3DD.0078E1398E,Mark,WELH - Wells Hatchery,8/22/2024,WELSBR - Starr Boat Ramp on west shore 5 km upstream of Wells Dam,8/22/2024,8/22/2024,1
3DD.0078E1398F,Mark,WELH - Wells Hatchery,8/22/2024,WELSBR - Starr Boat Ramp on west shore 5 km upstream of Wells Dam,8/22/2024,8/22/2024,1
3DD.0078E13990,Mark,WELH - Wells Hatchery,8/22/2024,WELSBR - Starr Boat Ramp on west shore 5 km upstream of Wells Dam,8/22/2024,8/22/2024,1
3DD.0078E13991,Mark,WELH - Wells Hatchery,8/22/2024,WELSBR - Starr Boat Ramp on west shore 5 km upstream of Wells Dam,8/22/2024,8/22/2024,1
3DD.0078E13992,Mark,WELH - Wells Hatchery,8/22/2024,WELSBR - Starr Boat Ramp on west shore 5 km upstream of Wells Dam,8/22/2024,8/22/2024,1
3DD.0078E13993,Mark,WELH - Wells Hatchery,8/22/2024,WELSBR - Starr Boat Ramp on west shore 5 km upstream of Wells Dam,8/22/2024,8/22/2024,1
3DD.0078E13994,Mark,WELH - Wells Hatchery,8/22/2024,WELSBR - Starr Boat Ramp on west shore 5 km upstream of Wells Dam,8/22/2024,8/22/2024,1
3DD.0078E13995,Mark,WELH - Wells Hatchery,8/22/2024,WELSBR - Starr Boat Ramp on west shore 5 km upstream of Wells Dam,8/22/2024,8/22/2024,1
3DD.0078E13996,Mark,WELH - Wells Hatchery,8/22/2024,WELSBR - Starr Boat Ramp on west shore 5 km upstream of Wells Dam,8/22/2024,8/22/2024,1
3DD.0078E13997,Mark,WELH - Wells Hatchery,8/22/2024,WELSBR - Starr Boat Ramp on west shore 5 km upstream of Wells Dam,8/22/2024,8/22/2024,1
3DD.0078E13998,Mark,WELH - Wells Hatchery,8/22/2024,WELSBR - Starr Boat Ramp on west shore 5 km upstream of Wells Dam,8/22/2024,8/22/2024,1
3DD.0078E13999,Mark,WELH - Wells Hatchery,8/22/2024,WELSBR - Starr Boat Ramp on west shore 5 km upstream of Wells Dam,8/22/2024,8/22/2024,1
3DD.0078E1399A,Mark,WELH - Wells Hatchery,8/22/2024,WELSBR - Starr Boat Ramp on west shore 5 km upstream of Wells Dam,8/22/2024,8/22/2024,1
3DD.0078E1399B,Mark,WELH - Wells Hatchery,8/21/2024,"COLR8 - Columbia River - Chelan Falls, WA to Grand Coulee Dam (km 809-960)",8/22/2024,8/21/2024,1
3DD.0078E1399C,Mark,WELH - Wells Hatchery,8/22/2024,WELSBR - Starr Boat Ramp on west shore 5 km upstream of Wells Dam,8/22/2024,8/22/2024,1
3DD.0078E1399D,Mark,WELH - Wells Hatchery,8/27/2024,"COLR8 - Columbia River - Chelan Falls, WA to Grand Coulee Dam (km 809-960)",8/28/2024,8/27/2024,1
3DD.0078E1399E,Mark,WELH - Wells Hatchery,8/27/2024,"COLR8 - Columbia River - Chelan Falls, WA to Grand Coulee Dam (km 809-960)",8/28/2024,8/27/2024,1
3DD.0078E1399F,Mark,WELH - Wells Hatchery,8/22/2024,WELSBR - Starr Boat Ramp on west shore 5 km upstream of Wells Dam,8/22/2024,8/22/2024,1
3DD.0078E139A0,Mark,WELH - Wells Hatchery,8/22/2024,WELSBR - Starr Boat Ramp on west shore 5 km upstream of Wells Dam,8/22/2024,8/22/2024,1
3DD.0078E139A1,Mark,WELH - Wells Hatchery,8/22/2024,WELSBR - Starr Boat Ramp on west shore 5 km upstream of Wells Dam,8/22/2024,8/22/2024,1
3DD.0078E139A2,Mark,WELH - Wells Hatchery,8/22/2024,WELSBR - Starr Boat Ramp on west shore 5 km upstream of Wells Dam,8/22/2024,8/22/2024,1
3DD.0078E139A3,Mark,WELH - Wells Hatchery,8/22/2024,WELSBR - Starr Boat Ramp on west shore 5 km upstream of Wells Dam,8/22/2024,8/22/2024,1
3DD.0078E139A4,Mark,WELH - Wells Hatchery,8/22/2024,WELSBR - Starr Boat Ramp on west shore 5 km upstream of Wells Dam,8/22/2024,8/22/2024,1
3DD.0078E139A5,Mark,WELH - Wells Hatchery,8/22/2024,WELSBR - Starr Boat Ramp on west shore 5 km upstream of Wells Dam,8/22/2024,8/22/2024,1
3DD.0078E139A6,Mark,WELH - Wells Hatchery,8/22/2024,WELSBR - Starr Boat Ramp on west shore 5 km upstream of Wells Dam,8/22/2024,8/22/2024,1
3DD.0078E139A7,Mark,WELH - Wells Hatchery,8/22/2024,WELSBR - Starr Boat Ramp on west shore 5 km upstream of Wells Dam,8/22/2024,8/22/2024,1
3DD.0078E139A8,Mark,WELH - Wells Hatchery,8/22/2024,WELSBR - Starr Boat Ramp on west shore 5 km upstream of Wells Dam,8/22/2024,8/22/2024,1
3DD.0078E139A9,Mark,WELH - Wells Hatchery,8/26/2024,"COLR8 - Columbia River - Chelan Falls, WA to Grand Coulee Dam (km 809-960)",8/27/2024,8/26/2024,1
3DD.0078E139AA,Mark,WELH - Wells Hatchery,8/22/2024,WELSBR - Starr Boat Ramp on west shore 5 km upstream of Wells Dam,8/22/2024,8/22/2024,1
3DD.0078E139AB,Mark,WELH - Wells Hatchery,8/22/2024,WELSBR - Starr Boat Ramp on west shore 5 km upstream of Wells Dam,8/22/2024,8/22/2024,1
3DD.0078E139AC,Mark,WELH - Wells Hatchery,8/22/2024,WELSBR - Starr Boat Ramp on west shore 5 km upstream of Wells Dam,8/22/2024,8/22/2024,1
3DD.0078E139AD,Mark,WELH - Wells Hatchery,8/26/2024,"COLR8 - Columbia River - Chelan Falls, WA to Grand Coulee Dam (km 809-960)",8/27/2024,8/26/2024,1
3DD.0078E139AE,Mark,WELH - Wells Hatchery,8/22/2024,WELSBR - Starr Boat Ramp on west shore 5 km upstream of Wells Dam,8/22/2024,8/22/2024,1
3DD.0078E139AF,Mark,WELH - Wells Hatchery,8/22/2024,WELSBR - Starr Boat Ramp on west shore 5 km upstream of Wells Dam,8/22/2024,8/22/2024,1
3DD.0078E139B0,Mark,WELH - Wells Hatchery,8/22/2024,WELSBR - Starr Boat Ramp on west shore 5 km upstream of Wells Dam,8/22/2024,8/22/2024,1
3DD.0078E139B1,Mark,WELH - Wells Hatchery,8/22/2024,WELSBR - Starr Boat Ramp on west shore 5 km upstream of Wells Dam,8/22/2024,8/22/2024,1
3DD.0078E139B2,Mark,WELH - Wells Hatchery,8/22/2024,WELSBR - Starr Boat Ramp on west shore 5 km upstream of Wells Dam,8/22/2024,8/22/2024,1
3DD.0078E139B3,Mark,WELH - Wells Hatchery,8/22/2024,WELSBR - Starr Boat Ramp on west shore 5 km upstream of Wells Dam,8/22/2024,8/22/2024,1
3DD.0078E139B4,Mark,WELH - Wells Hatchery,8/22/2024,WELSBR - Starr Boat Ramp on west shore 5 km upstream of Wells Dam,8/22/2024,8/22/2024,1
3DD.0078E139B5,Mark,WELH - Wells Hatchery,8/22/2024,WELSBR - Starr Boat Ramp on west shore 5 km upstream of Wells Dam,8/22/2024,8/22/2024,1
3DD.0078E139B6,Mark,WELH - Wells Hatchery,8/22/2024,WELSBR - Starr Boat Ramp on west shore 5 km upstream of Wells Dam,8/22/2024,8/22/2024,1
3DD.0078E139B7,Mark,WELH - Wells Hatchery,8/22/2024,WELSBR - Starr Boat Ramp on west shore 5 km upstream of Wells Dam,8/22/2024,8/22/2024,1
3DD.0078E139B8,Mark,WELH - Wells Hatchery,8/22/2024,WELSBR - Starr Boat Ramp on west shore 5 km upstream of Wells Dam,8/22/2024,8/22/2024,1
3DD.0078E139B9,Mark,WELH - Wells Hatchery,8/22/2024,WELSBR - Starr Boat Ramp on west shore 5 km upstream of Wells Dam,8/22/2024,8/22/2024,1
3DD.0078E139BA,Mark,WELH - Wells Hatchery,8/26/2024,"COLR8 - Columbia River - Chelan Falls, WA to Grand Coulee Dam (km 809-960)",8/27/2024,8/26/2024,1
3DD.0078E139BB,Mark,WELH - Wells Hatchery,8/22/2024,WELSBR - Starr Boat Ramp on west shore 5 km upstream of Wells Dam,8/22/2024,8/22/2024,1
3DD.0078E139BC,Mark,WELH - Wells Hatchery,8/26/2024,"COLR8 - Columbia River - Chelan Falls, WA to Grand Coulee Dam (km 809-960)",8/27/2024,8/26/2024,1
3DD.0078E139BD,Mark,WELH - Wells Hatchery,8/27/2024,"COLR8 - Columbia River - Chelan Falls, WA to Grand Coulee Dam (km 809-960)",8/28/2024,8/27/2024,1
3DD.0078E139BE,Mark,WELH - Wells Hatchery,8/22/2024,WELSBR - Starr Boat Ramp on west shore 5 km upstream of Wells Dam,8/22/2024,8/22/2024,1
3DD.0078E139BF,Mark,WELH - Wells Hatchery,8/22/2024,WELSBR - Starr Boat Ramp on west shore 5 km upstream of Wells Dam,8/22/2024,8/22/2024,1
3DD.0078E139C0,Mark,WELH - Wells Hatchery,8/22/2024,WELSBR - Starr Boat Ramp on west shore 5 km upstream of Wells Dam,8/22/2024,8/22/2024,1
3DD.0078E139C1,Mark,WELH - Wells Hatchery,8/22/2024,WELSBR - Starr Boat Ramp on west shore 5 km upstream of Wells Dam,8/22/2024,8/22/2024,1
3DD.0078E139C2,Mark,WELH - Wells Hatchery,8/22/2024,WELSBR - Starr Boat Ramp on west shore 5 km upstream of Wells Dam,8/22/2024,8/22/2024,1
3DD.0078E139C3,Mark,WELH - Wells Hatchery,8/22/2024,WELSBR - Starr Boat Ramp on west shore 5 km upstream of Wells Dam,8/22/2024,8/22/2024,1
3DD.0078E139C4,Mark,WELH - Wells Hatchery,8/22/2024,WELSBR - Starr Boat Ramp on west shore 5 km upstream of Wells Dam,8/22/2024,8/22/2024,1
3DD.0078E139C5,Mark,WELH - Wells Hatchery,8/22/2024,WELSBR - Starr Boat Ramp on west shore 5 km upstream of Wells Dam,8/22/2024,8/22/2024,1
3DD.0078E139C6,Mark,WELH - Wells Hatchery,8/22/2024,WELSBR - Starr Boat Ramp on west shore 5 km upstream of Wells Dam,8/22/2024,8/22/2024,1
3DD.0078E139C7,Mark,WELH - Wells Hatchery,8/22/2024,WELSBR - Starr Boat Ramp on west shore 5 km upstream of Wells Dam,8/22/2024,8/22/2024,1
3DD.0078E139C8,Mark,WELH - Wells Hatchery,8/22/2024,WELSBR - Starr Boat Ramp on west shore 5 km upstream of Wells Dam,8/22/2024,8/22/2024,1
3DD.0078E139C9,Mark,WELH - Wells Hatchery,8/22/2024,WELSBR - Starr Boat Ramp on west shore 5 km upstream of Wells Dam,8/22/2024,8/22/2024,1
3DD.0078E139CA,Mark,WELH - Wells Hatchery,8/22/2024,WELSBR - Starr Boat Ramp on west shore 5 km upstream of Wells Dam,8/22/2024,8/22/2024,1
3DD.0078E139CB,Mark,WELH - Wells Hatchery,8/22/2024,WELSBR - Starr Boat Ramp on west shore 5 km upstream of Wells Dam,8/22/2024,8/22/2024,1
3DD.0078E139CC,Mark,WELH - Wells Hatchery,8/22/2024,WELSBR - Starr Boat Ramp on west shore 5 km upstream of Wells Dam,8/22/2024,8/22/2024,1
3DD.0078E139CD,Mark,WELH - Wells Hatchery,8/22/2024,WELSBR - Starr Boat Ramp on west shore 5 km upstream of Wells Dam,8/22/2024,8/22/2024,1
3DD.0078E139CE,Mark,WELH - Wells Hatchery,8/22/2024,WELSBR - Starr Boat Ramp on west shore 5 km upstream of Wells Dam,8/22/2024,8/22/2024,1
3DD.0078E139CF,Mark,WELH - Wells Hatchery,8/22/2024,WELSBR - Starr Boat Ramp on west shore 5 km upstream of Wells Dam,8/22/2024,8/22/2024,1
3DD.0078E139D0,Mark,WELH - Wells Hatchery,8/22/2024,WELSBR - Starr Boat Ramp on west shore 5 km upstream of Wells Dam,8/22/2024,8/22/2024,1
3DD.0078E139D1,Mark,WELH - Wells Hatchery,8/22/2024,WELSBR - Starr Boat Ramp on west shore 5 km upstream of Wells Dam,8/22/2024,8/22/2024,1
3DD.0078E139D2,Mark,WELH - Wells Hatchery,8/22/2024,WELSBR - Starr Boat Ramp on west shore 5 km upstream of Wells Dam,8/22/2024,8/22/2024,1
3DD.0078E139D3,Mark,WELH - Wells Hatchery,8/22/2024,WELSBR - Starr Boat Ramp on west shore 5 km upstream of Wells Dam,8/22/2024,8/22/2024,1
3DD.0078E139D4,Mark,WELH - Wells Hatchery,8/22/2024,WELSBR - Starr Boat Ramp on west shore 5 km upstream of Wells Dam,8/22/2024,8/22/2024,1
3DD.0078E139D5,Mark,WELH - Wells Hatchery,8/21/2024,"COLR8 - Columbia River - Chelan Falls, WA to Grand Coulee Dam (km 809-960)",8/22/2024,8/21/2024,1
3DD.0078E139D6,Mark,WELH - Wells Hatchery,8/22/2024,WELSBR - Starr Boat Ramp on west shore 5 km upstream of Wells Dam,8/22/2024,8/22/2024,1
3DD.0078E139D7,Mark,WELH - Wells Hatchery,8/22/2024,WELSBR - Starr Boat Ramp on west shore 5 km upstream of Wells Dam,8/22/2024,8/22/2024,1
3DD.0078E139D8,Mark,WELH - Wells Hatchery,8/1/2024,WELSBR - Starr Boat Ramp on west shore 5 km upstream of Wells Dam,8/1/2024,8/1/2024,1
3DD.0078E139D9,Mark,WELH - Wells Hatchery,8/1/2024,WELSBR - Starr Boat Ramp on west shore 5 km upstream of Wells Dam,8/1/2024,8/1/2024,1
3DD.0078E139DA,Mark,WELH - Wells Hatchery,8/1/2024,WELSBR - Starr Boat Ramp on west shore 5 km upstream of Wells Dam,8/1/2024,8/1/2024,1
3DD.0078E139DB,Mark,WELH - Wells Hatchery,8/1/2024,WELSBR - Starr Boat Ramp on west shore 5 km upstream of Wells Dam,8/1/2024,8/1/2024,1
3DD.0078E139DC,Mark,WELH - Wells Hatchery,8/1/2024,WELSBR - Starr Boat Ramp on west shore 5 km upstream of Wells Dam,8/1/2024,8/1/2024,1
3DD.0078E139DD,Mark,WELH - Wells Hatchery,8/1/2024,OMAKC - Omak Creek (tributary to Okanogan River),8/1/2024,8/1/2024,1
3DD.0078E139DE,Mark,WELH - Wells Hatchery,8/1/2024,WELSBR - Starr Boat Ramp on west shore 5 km upstream of Wells Dam,8/1/2024,8/1/2024,1
3DD.0078E139DF,Mark,WELH - Wells Hatchery,8/1/2024,WELSBR - Starr Boat Ramp on west shore 5 km upstream of Wells Dam,8/1/2024,8/1/2024,1
3DD.0078E139E0,Mark,WELH - Wells Hatchery,8/1/2024,WELSBR - Starr Boat Ramp on west shore 5 km upstream of Wells Dam,8/1/2024,8/1/2024,1
3DD.0078E139E1,Mark,WELH - Wells Hatchery,8/1/2024,WELSBR - Starr Boat Ramp on west shore 5 km upstream of Wells Dam,8/1/2024,8/1/2024,1
3DD.0078E139E2,Mark,WELH - Wells Hatchery,8/1/2024,WELSBR - Starr Boat Ramp on west shore 5 km upstream of Wells Dam,8/1/2024,8/1/2024,1
3DD.0078E139E3,Mark,WELH - Wells Hatchery,8/1/2024,WELSBR - Starr Boat Ramp on west shore 5 km upstream of Wells Dam,8/1/2024,8/1/2024,1
3DD.0078E139E4,Mark,WELH - Wells Hatchery,8/1/2024,WELSBR - Starr Boat Ramp on west shore 5 km upstream of Wells Dam,8/1/2024,8/1/2024,1
3DD.0078E139E5,Mark,WELH - Wells Hatchery,8/1/2024,WELSBR - Starr Boat Ramp on west shore 5 km upstream of Wells Dam,8/1/2024,8/1/2024,1
3DD.0078E139E6,Mark,WELH - Wells Hatchery,8/1/2024,WELSBR - Starr Boat Ramp on west shore 5 km upstream of Wells Dam,8/1/2024,8/1/2024,1
3DD.0078E139E7,Mark,WELH - Wells Hatchery,8/1/2024,WELSBR - Starr Boat Ramp on west shore 5 km upstream of Wells Dam,8/1/2024,8/1/2024,1
3DD.0078E139E8,Mark,WELH - Wells Hatchery,8/1/2024,WELSBR - Starr Boat Ramp on west shore 5 km upstream of Wells Dam,8/1/2024,8/1/2024,1
3DD.0078E139E9,Mark,WELH - Wells Hatchery,8/1/2024,WELSBR - Starr Boat Ramp on west shore 5 km upstream of Wells Dam,8/1/2024,8/1/2024,1
3DD.0078E139EA,Mark,WELH - Wells Hatchery,8/1/2024,WELSBR - Starr Boat Ramp on west shore 5 km upstream of Wells Dam,8/1/2024,8/1/2024,1
3DD.0078E139EB,Mark,WELH - Wells Hatchery,8/1/2024,WELSBR - Starr Boat Ramp on west shore 5 km upstream of Wells Dam,8/1/2024,8/1/2024,1
3DD.0078E139EC,Mark,WELH - Wells Hatchery,8/1/2024,WELSBR - Starr Boat Ramp on west shore 5 km upstream of Wells Dam,8/1/2024,8/1/2024,1
3DD.0078E139ED,Mark,WELH - Wells Hatchery,8/1/2024,WELSBR - Starr Boat Ramp on west shore 5 km upstream of Wells Dam,8/1/2024,8/1/2024,1
3DD.0078E139EE,Mark,WELH - Wells Hatchery,8/1/2024,WELSBR - Starr Boat Ramp on west shore 5 km upstream of Wells Dam,8/1/2024,8/1/2024,1
3DD.0078E139EF,Mark,WELH - Wells Hatchery,8/1/2024,WELSBR - Starr Boat Ramp on west shore 5 km upstream of Wells Dam,8/1/2024,8/1/2024,1
3DD.0078E139F0,Mark,WELH - Wells Hatchery,8/1/2024,WELSBR - Starr Boat Ramp on west shore 5 km upstream of Wells Dam,8/1/2024,8/1/2024,1
3DD.0078E139F1,Mark,WELH - Wells Hatchery,8/8/2024,WELSBR - Starr Boat Ramp on west shore 5 km upstream of Wells Dam,8/8/2024,8/8/2024,1
3DD.0078E139F2,Mark,WELH - Wells Hatchery,8/1/2024,WELSBR - Starr Boat Ramp on west shore 5 km upstream of Wells Dam,8/1/2024,8/1/2024,1
3DD.0078E139F3,Mark,WELH - Wells Hatchery,8/1/2024,WELSBR - Starr Boat Ramp on west shore 5 km upstream of Wells Dam,8/1/2024,8/1/2024,1
3DD.0078E139F4,Mark,WELH - Wells Hatchery,8/1/2024,WELSBR - Starr Boat Ramp on west shore 5 km upstream of Wells Dam,8/1/2024,8/1/2024,1
3DD.0078E139F5,Mark,WELH - Wells Hatchery,8/1/2024,WELSBR - Starr Boat Ramp on west shore 5 km upstream of Wells Dam,8/1/2024,8/1/2024,1
3DD.0078E139F6,Mark,WELH - Wells Hatchery,8/1/2024,WELSBR - Starr Boat Ramp on west shore 5 km upstream of Wells Dam,8/1/2024,8/1/2024,1
3DD.0078E139F7,Mark,WELH - Wells Hatchery,8/1/2024,WELSBR - Starr Boat Ramp on west shore 5 km upstream of Wells Dam,8/1/2024,8/1/2024,1
3DD.0078E139F8,Mark,WELH - Wells Hatchery,8/1/2024,WELSBR - Starr Boat Ramp on west shore 5 km upstream of Wells Dam,8/1/2024,8/1/2024,1
3DD.0078E139F9,Mark,WELH - Wells Hatchery,8/1/2024,WELSBR - Starr Boat Ramp on west shore 5 km upstream of Wells Dam,8/1/2024,8/1/2024,1
3DD.0078E139FA,Mark,WELH - Wells Hatchery,8/1/2024,WELSBR - Starr Boat Ramp on west shore 5 km upstream of Wells Dam,8/1/2024,8/1/2024,1
3DD.0078E139FB,Mark,WELH - Wells Hatchery,8/1/2024,WELSBR - Starr Boat Ramp on west shore 5 km upstream of Wells Dam,8/1/2024,8/1/2024,1
3DD.0078E139FC,Mark,WELH - Wells Hatchery,8/1/2024,WELSBR - Starr Boat Ramp on west shore 5 km upstream of Wells Dam,8/1/2024,8/1/2024,1
3DD.0078E139FD,Mark,WELH - Wells Hatchery,8/1/2024,WELSBR - Starr Boat Ramp on west shore 5 km upstream of Wells Dam,8/1/2024,8/1/2024,1
3DD.0078E139FE,Mark,WELH - Wells Hatchery,8/1/2024,WELSBR - Starr Boat Ramp on west shore 5 km upstream of Wells Dam,8/1/2024,8/1/2024,1
3DD.0078E139FF,Mark,WELH - Wells Hatchery,8/1/2024,WELSBR - Starr Boat Ramp on west shore 5 km upstream of Wells Dam,8/1/2024,8/1/2024,1
3DD.0078E13A00,Mark,WELH - Wells Hatchery,8/1/2024,WELSBR - Starr Boat Ramp on west shore 5 km upstream of Wells Dam,8/1/2024,8/1/2024,1
3DD.0078E13A01,Mark,WELH - Wells Hatchery,8/1/2024,WELSBR - Starr Boat Ramp on west shore 5 km upstream of Wells Dam,8/1/2024,8/1/2024,1
3DD.0078E13A02,Mark,WELH - Wells Hatchery,8/1/2024,WELSBR - Starr Boat Ramp on west shore 5 km upstream of Wells Dam,8/1/2024,8/1/2024,1
3DD.0078E13A03,Mark,WELH - Wells Hatchery,8/1/2024,OMAKC - Omak Creek (tributary to Okanogan River),8/1/2024,8/1/2024,1
3DD.0078E13A04,Mark,WELH - Wells Hatchery,8/1/2024,WELSBR - Starr Boat Ramp on west shore 5 km upstream of Wells Dam,8/1/2024,8/1/2024,1
3DD.0078E13A05,Mark,WELH - Wells Hatchery,8/1/2024,WELSBR - Starr Boat Ramp on west shore 5 km upstream of Wells Dam,8/1/2024,8/1/2024,1
3DD.0078E13A06,Mark,WELH - Wells Hatchery,8/1/2024,WELSBR - Starr Boat Ramp on west shore 5 km upstream of Wells Dam,8/1/2024,8/1/2024,1
3DD.0078E13A07,Mark,WELH - Wells Hatchery,8/1/2024,WELSBR - Starr Boat Ramp on west shore 5 km upstream of Wells Dam,8/1/2024,8/1/2024,1
3DD.0078E13A08,Mark,WELH - Wells Hatchery,8/1/2024,WELSBR - Starr Boat Ramp on west shore 5 km upstream of Wells Dam,8/1/2024,8/1/2024,1
3DD.0078E13A09,Mark,WELH - Wells Hatchery,8/1/2024,WELSBR - Starr Boat Ramp on west shore 5 km upstream of Wells Dam,8/1/2024,8/1/2024,1
3DD.0078E13A0A,Mark,WELH - Wells Hatchery,8/1/2024,WELSBR - Starr Boat Ramp on west shore 5 km upstream of Wells Dam,8/1/2024,8/1/2024,1
3DD.0078E13A0B,Mark,WELH - Wells Hatchery,8/1/2024,WELSBR - Starr Boat Ramp on west shore 5 km upstream of Wells Dam,8/1/2024,8/1/2024,1
3DD.0078E13A0C,Mark,WELH - Wells Hatchery,8/1/2024,WELSBR - Starr Boat Ramp on west shore 5 km upstream of Wells Dam,8/1/2024,8/1/2024,1
3DD.0078E13A0D,Mark,WELH - Wells Hatchery,8/1/2024,WELSBR - Starr Boat Ramp on west shore 5 km upstream of Wells Dam,8/1/2024,8/1/2024,1
3DD.0078E13A0E,Mark,WELH - Wells Hatchery,8/1/2024,WELSBR - Starr Boat Ramp on west shore 5 km upstream of Wells Dam,8/1/2024,8/1/2024,1
3DD.0078E13A0F,Mark,WELH - Wells Hatchery,8/1/2024,WELSBR - Starr Boat Ramp on west shore 5 km upstream of Wells Dam,8/1/2024,8/1/2024,1
3DD.0078E13A10,Mark,WELH - Wells Hatchery,8/1/2024,WELSBR - Starr Boat Ramp on west shore 5 km upstream of Wells Dam,8/1/2024,8/1/2024,1
3DD.0078E13A11,Mark,WELH - Wells Hatchery,8/1/2024,WELSBR - Starr Boat Ramp on west shore 5 km upstream of Wells Dam,8/1/2024,8/1/2024,1
3DD.0078E13A12,Mark,WELH - Wells Hatchery,8/1/2024,WELSBR - Starr Boat Ramp on west shore 5 km upstream of Wells Dam,8/1/2024,8/1/2024,1
3DD.0078E13A13,Mark,WELH - Wells Hatchery,8/1/2024,WELSBR - Starr Boat Ramp on west shore 5 km upstream of Wells Dam,8/1/2024,8/1/2024,1
3DD.0078E13A14,Mark,WELH - Wells Hatchery,8/1/2024,WELSBR - Starr Boat Ramp on west shore 5 km upstream of Wells Dam,8/1/2024,8/1/2024,1
3DD.0078E13A15,Mark,WELH - Wells Hatchery,8/1/2024,WELSBR - Starr Boat Ramp on west shore 5 km upstream of Wells Dam,8/1/2024,8/1/2024,1
3DD.0078E13A16,Mark,WELH - Wells Hatchery,8/1/2024,WELSBR - Starr Boat Ramp on west shore 5 km upstream of Wells Dam,8/1/2024,8/1/2024,1
3DD.0078E13A17,Mark,WELH - Wells Hatchery,8/1/2024,OMAKC - Omak Creek (tributary to Okanogan River),8/1/2024,8/1/2024,1
3DD.0078E13A18,Mark,WELH - Wells Hatchery,8/1/2024,WELSBR - Starr Boat Ramp on west shore 5 km upstream of Wells Dam,8/1/2024,8/1/2024,1
3DD.0078E13A19,Mark,WELH - Wells Hatchery,8/1/2024,WELSBR - Starr Boat Ramp on west shore 5 km upstream of Wells Dam,8/1/2024,8/1/2024,1
3DD.0078E13A1A,Mark,WELH - Wells Hatchery,8/1/2024,WELSBR - Starr Boat Ramp on west shore 5 km upstream of Wells Dam,8/1/2024,8/1/2024,1
3DD.0078E13A1B,Mark,WELH - Wells Hatchery,8/1/2024,WELSBR - Starr Boat Ramp on west shore 5 km upstream of Wells Dam,8/1/2024,8/1/2024,1
3DD.0078E13A1C,Mark,WELH - Wells Hatchery,8/1/2024,WELSBR - Starr Boat Ramp on west shore 5 km upstream of Wells Dam,8/1/2024,8/1/2024,1
3DD.0078E13A1D,Mark,WELH - Wells Hatchery,8/1/2024,WELSBR - Starr Boat Ramp on west shore 5 km upstream of Wells Dam,8/1/2024,8/1/2024,1
3DD.0078E13A1E,Mark,WELH - Wells Hatchery,8/1/2024,WELSBR - Starr Boat Ramp on west shore 5 km upstream of Wells Dam,8/1/2024,8/1/2024,1
3DD.0078E13A1F,Mark,WELH - Wells Hatchery,8/1/2024,WELSBR - Starr Boat Ramp on west shore 5 km upstream of Wells Dam,8/1/2024,8/1/2024,1
3DD.0078E13A20,Mark,WELH - Wells Hatchery,8/1/2024,WELSBR - Starr Boat Ramp on west shore 5 km upstream of Wells Dam,8/1/2024,8/1/2024,1
3DD.0078E13A21,Mark,WELH - Wells Hatchery,8/1/2024,WELSBR - Starr Boat Ramp on west shore 5 km upstream of Wells Dam,8/1/2024,8/1/2024,1
3DD.0078E13A22,Mark,WELH - Wells Hatchery,8/1/2024,WELSBR - Starr Boat Ramp on west shore 5 km upstream of Wells Dam,8/1/2024,8/1/2024,1
3DD.0078E13A23,Mark,WELH - Wells Hatchery,8/1/2024,WELSBR - Starr Boat Ramp on west shore 5 km upstream of Wells Dam,8/1/2024,8/1/2024,1
3DD.0078E13A24,Mark,WELH - Wells Hatchery,8/1/2024,WELSBR - Starr Boat Ramp on west shore 5 km upstream of Wells Dam,8/1/2024,8/1/2024,1
3DD.0078E13A25,Mark,WELH - Wells Hatchery,8/1/2024,WELSBR - Starr Boat Ramp on west shore 5 km upstream of Wells Dam,8/1/2024,8/1/2024,1
3DD.0078E13A26,Mark,WELH - Wells Hatchery,8/1/2024,WELSBR - Starr Boat Ramp on west shore 5 km upstream of Wells Dam,8/1/2024,8/1/2024,1
3DD.0078E13A27,Mark,WELH - Wells Hatchery,8/1/2024,WELSBR - Starr Boat Ramp on west shore 5 km upstream of Wells Dam,8/1/2024,8/1/2024,1
3DD.0078E13A28,Mark,WELH - Wells Hatchery,8/1/2024,WELSBR - Starr Boat Ramp on west shore 5 km upstream of Wells Dam,8/1/2024,8/1/2024,1
3DD.0078E13A29,Mark,WELH - Wells Hatchery,8/1/2024,WELSBR - Starr Boat Ramp on west shore 5 km upstream of Wells Dam,8/1/2024,8/1/2024,1
3DD.0078E13A2A,Mark,WELH - Wells Hatchery,8/1/2024,WELSBR - Starr Boat Ramp on west shore 5 km upstream of Wells Dam,8/1/2024,8/1/2024,1
3DD.0078E13A2B,Mark,WELH - Wells Hatchery,8/1/2024,WELSBR - Starr Boat Ramp on west shore 5 km upstream of Wells Dam,8/1/2024,8/1/2024,1
3DD.0078E13A2C,Mark,WELH - Wells Hatchery,8/1/2024,WELSBR - Starr Boat Ramp on west shore 5 km upstream of Wells Dam,8/1/2024,8/1/2024,1
3DD.0078E13A2D,Mark,WELH - Wells Hatchery,8/1/2024,OMAKC - Omak Creek (tributary to Okanogan River),8/1/2024,8/1/2024,1
3DD.0078E13A2E,Mark,WELH - Wells Hatchery,8/1/2024,WELSBR - Starr Boat Ramp on west shore 5 km upstream of Wells Dam,8/1/2024,8/1/2024,1
3DD.0078E13A2F,Mark,WELH - Wells Hatchery,8/1/2024,WELSBR - Starr Boat Ramp on west shore 5 km upstream of Wells Dam,8/1/2024,8/1/2024,1
3DD.0078E13A30,Mark,WELH - Wells Hatchery,8/1/2024,WELSBR - Starr Boat Ramp on west shore 5 km upstream of Wells Dam,8/1/2024,8/1/2024,1
3DD.0078E13A31,Mark,WELH - Wells Hatchery,8/1/2024,WELSBR - Starr Boat Ramp on west shore 5 km upstream of Wells Dam,8/1/2024,8/1/2024,1
3DD.0078E13A32,Mark,WELH - Wells Hatchery,8/1/2024,WELSBR - Starr Boat Ramp on west shore 5 km upstream of Wells Dam,8/1/2024,8/1/2024,1
3DD.0078E13A33,Mark,WELH - Wells Hatchery,8/1/2024,WELSBR - Starr Boat Ramp on west shore 5 km upstream of Wells Dam,8/1/2024,8/1/2024,1
3DD.0078E13A34,Mark,WELH - Wells Hatchery,8/1/2024,WELSBR - Starr Boat Ramp on west shore 5 km upstream of Wells Dam,8/1/2024,8/1/2024,1
3DD.0078E13A35,Mark,WELH - Wells Hatchery,8/1/2024,WELSBR - Starr Boat Ramp on west shore 5 km upstream of Wells Dam,8/1/2024,8/1/2024,1
3DD.0078E13A36,Mark,WELH - Wells Hatchery,8/1/2024,WELSBR - Starr Boat Ramp on west shore 5 km upstream of Wells Dam,8/1/2024,8/1/2024,1
3DD.0078E13A37,Mark,WELH - Wells Hatchery,8/1/2024,WELSBR - Starr Boat Ramp on west shore 5 km upstream of Wells Dam,8/1/2024,8/1/2024,1
3DD.0078E13A38,Mark,WELH - Wells Hatchery,8/1/2024,WELSBR - Starr Boat Ramp on west shore 5 km upstream of Wells Dam,8/1/2024,8/1/2024,1
3DD.0078E13A39,Mark,WELH - Wells Hatchery,8/1/2024,WELSBR - Starr Boat Ramp on west shore 5 km upstream of Wells Dam,8/1/2024,8/1/2024,1
3DD.0078E13A3A,Mark,WELH - Wells Hatchery,8/1/2024,WELSBR - Starr Boat Ramp on west shore 5 km upstream of Wells Dam,8/1/2024,8/1/2024,1
3DD.0078E13A3B,Mark,WELH - Wells Hatchery,8/1/2024,WELSBR - Starr Boat Ramp on west shore 5 km upstream of Wells Dam,8/1/2024,8/1/2024,1
3DD.0078E13B68,Mark,WELH - Wells Hatchery,8/8/2024,WELSBR - Starr Boat Ramp on west shore 5 km upstream of Wells Dam,8/8/2024,8/8/2024,1
3DD.0078E13B69,Mark,WELH - Wells Hatchery,8/13/2024,"COLR8 - Columbia River - Chelan Falls, WA to Grand Coulee Dam (km 809-960)",8/14/2024,8/13/2024,1
3DD.0078E13B6A,Mark,WELH - Wells Hatchery,8/15/2024,WELSBR - Starr Boat Ramp on west shore 5 km upstream of Wells Dam,8/15/2024,8/15/2024,1
3DD.0078E13B6B,Mark,WELH - Wells Hatchery,8/15/2024,WELSBR - Starr Boat Ramp on west shore 5 km upstream of Wells Dam,8/15/2024,8/15/2024,1
3DD.0078E13B6C,Mark,WELH - Wells Hatchery,8/8/2024,WELSBR - Starr Boat Ramp on west shore 5 km upstream of Wells Dam,8/8/2024,8/8/2024,1
3DD.0078E13B6D,Mark,WELH - Wells Hatchery,8/15/2024,WELSBR - Starr Boat Ramp on west shore 5 km upstream of Wells Dam,8/15/2024,8/15/2024,1
3DD.0078E13B6E,Mark,WELH - Wells Hatchery,8/8/2024,WELSBR - Starr Boat Ramp on west shore 5 km upstream of Wells Dam,8/8/2024,8/8/2024,1
3DD.0078E13B6F,Mark,WELH - Wells Hatchery,8/15/2024,WELSBR - Starr Boat Ramp on west shore 5 km upstream of Wells Dam,8/15/2024,8/15/2024,1
3DD.0078E13B70,Mark,WELH - Wells Hatchery,8/15/2024,WELSBR - Starr Boat Ramp on west shore 5 km upstream of Wells Dam,8/15/2024,8/15/2024,1
3DD.0078E13B71,Mark,WELH - Wells Hatchery,8/8/2024,WELSBR - Starr Boat Ramp on west shore 5 km upstream of Wells Dam,8/8/2024,8/8/2024,1
3DD.0078E13B72,Mark,WELH - Wells Hatchery,8/15/2024,WELSBR - Starr Boat Ramp on west shore 5 km upstream of Wells Dam,8/15/2024,8/15/2024,1
3DD.0078E13B73,Mark,WELH - Wells Hatchery,8/15/2024,WELSBR - Starr Boat Ramp on west shore 5 km upstream of Wells Dam,8/15/2024,8/15/2024,1
3DD.0078E13B74,Mark,WELH - Wells Hatchery,8/8/2024,WELSBR - Starr Boat Ramp on west shore 5 km upstream of Wells Dam,8/8/2024,8/8/2024,1
3DD.0078E13B75,Mark,WELH - Wells Hatchery,8/15/2024,WELSBR - Starr Boat Ramp on west shore 5 km upstream of Wells Dam,8/15/2024,8/15/2024,1
3DD.0078E13B76,Mark,WELH - Wells Hatchery,8/15/2024,WELSBR - Starr Boat Ramp on west shore 5 km upstream of Wells Dam,8/15/2024,8/15/2024,1
3DD.0078E13B77,Mark,WELH - Wells Hatchery,8/15/2024,WELSBR - Starr Boat Ramp on west shore 5 km upstream of Wells Dam,8/15/2024,8/15/2024,1
3DD.0078E13B78,Mark,WELH - Wells Hatchery,8/8/2024,WELSBR - Starr Boat Ramp on west shore 5 km upstream of Wells Dam,8/8/2024,8/8/2024,1
3DD.0078E13B79,Mark,WELH - Wells Hatchery,8/8/2024,WELSBR - Starr Boat Ramp on west shore 5 km upstream of Wells Dam,8/8/2024,8/8/2024,1
3DD.0078E13B7A,Mark,WELH - Wells Hatchery,8/15/2024,WELSBR - Starr Boat Ramp on west shore 5 km upstream of Wells Dam,8/15/2024,8/15/2024,1
3DD.0078E13B7B,Mark,WELH - Wells Hatchery,8/8/2024,WELSBR - Starr Boat Ramp on west shore 5 km upstream of Wells Dam,8/8/2024,8/8/2024,1
3DD.0078E13B7C,Mark,WELH - Wells Hatchery,8/15/2024,WELSBR - Starr Boat Ramp on west shore 5 km upstream of Wells Dam,8/15/2024,8/15/2024,1
3DD.0078E13B7D,Mark,WELH - Wells Hatchery,8/8/2024,WELSBR - Starr Boat Ramp on west shore 5 km upstream of Wells Dam,8/8/2024,8/8/2024,1
3DD.0078E13B7E,Mark,WELH - Wells Hatchery,8/8/2024,WELSBR - Starr Boat Ramp on west shore 5 km upstream of Wells Dam,8/8/2024,8/8/2024,1
3DD.0078E13B7F,Mark,WELH - Wells Hatchery,8/8/2024,WELSBR - Starr Boat Ramp on west shore 5 km upstream of Wells Dam,8/8/2024,8/8/2024,1
3DD.0078E13B80,Mark,WELH - Wells Hatchery,8/8/2024,WELSBR - Starr Boat Ramp on west shore 5 km upstream of Wells Dam,8/8/2024,8/8/2024,1
3DD.0078E13B81,Mark,WELH - Wells Hatchery,8/15/2024,WELSBR - Starr Boat Ramp on west shore 5 km upstream of Wells Dam,8/15/2024,8/15/2024,1
3DD.0078E13B82,Mark,WELH - Wells Hatchery,8/8/2024,WELSBR - Starr Boat Ramp on west shore 5 km upstream of Wells Dam,8/8/2024,8/8/2024,1
3DD.0078E13B83,Mark,WELH - Wells Hatchery,8/8/2024,WELSBR - Starr Boat Ramp on west shore 5 km upstream of Wells Dam,8/8/2024,8/8/2024,1
3DD.0078E13B84,Mark,WELH - Wells Hatchery,8/8/2024,WELSBR - Starr Boat Ramp on west shore 5 km upstream of Wells Dam,8/8/2024,8/8/2024,1
3DD.0078E13B85,Mark,WELH - Wells Hatchery,8/8/2024,WELSBR - Starr Boat Ramp on west shore 5 km upstream of Wells Dam,8/8/2024,8/8/2024,1
3DD.0078E13B86,Mark,WELH - Wells Hatchery,8/8/2024,WELSBR - Starr Boat Ramp on west shore 5 km upstream of Wells Dam,8/8/2024,8/8/2024,1
3DD.0078E13B87,Mark,WELH - Wells Hatchery,8/15/2024,WELSBR - Starr Boat Ramp on west shore 5 km upstream of Wells Dam,8/15/2024,8/15/2024,1
3DD.0078E13B88,Mark,WELH - Wells Hatchery,8/15/2024,WELSBR - Starr Boat Ramp on west shore 5 km upstream of Wells Dam,8/15/2024,8/15/2024,1
3DD.0078E13B89,Mark,WELH - Wells Hatchery,8/15/2024,WELSBR - Starr Boat Ramp on west shore 5 km upstream of Wells Dam,8/15/2024,8/15/2024,1
3DD.0078E13B8A,Mark,WELH - Wells Hatchery,8/8/2024,WELSBR - Starr Boat Ramp on west shore 5 km upstream of Wells Dam,8/8/2024,8/8/2024,1
3DD.0078E13B8B,Mark,WELH - Wells Hatchery,8/15/2024,WELSBR - Starr Boat Ramp on west shore 5 km upstream of Wells Dam,8/15/2024,8/15/2024,1
3DD.0078E13B8C,Mark,WELH - Wells Hatchery,8/8/2024,WELSBR - Starr Boat Ramp on west shore 5 km upstream of Wells Dam,8/8/2024,8/8/2024,1
3DD.0078E13B8D,Mark,WELH - Wells Hatchery,8/8/2024,WELSBR - Starr Boat Ramp on west shore 5 km upstream of Wells Dam,8/8/2024,8/8/2024,1
3DD.0078E13B8E,Mark,WELH - Wells Hatchery,8/8/2024,WELSBR - Starr Boat Ramp on west shore 5 km upstream of Wells Dam,8/8/2024,8/8/2024,1
3DD.0078E13B8F,Mark,WELH - Wells Hatchery,8/15/2024,WELSBR - Starr Boat Ramp on west shore 5 km upstream of Wells Dam,8/15/2024,8/15/2024,1
3DD.0078E13B90,Mark,WELH - Wells Hatchery,8/15/2024,WELSBR - Starr Boat Ramp on west shore 5 km upstream of Wells Dam,8/15/2024,8/15/2024,1
3DD.0078E13B91,Mark,WELH - Wells Hatchery,8/8/2024,WELSBR - Starr Boat Ramp on west shore 5 km upstream of Wells Dam,8/8/2024,8/8/2024,1
3DD.0078E13B92,Mark,WELH - Wells Hatchery,8/8/2024,WELSBR - Starr Boat Ramp on west shore 5 km upstream of Wells Dam,8/8/2024,8/8/2024,1
3DD.0078E13B93,Mark,WELH - Wells Hatchery,8/15/2024,WELSBR - Starr Boat Ramp on west shore 5 km upstream of Wells Dam,8/15/2024,8/15/2024,1
3DD.0078E13B94,Mark,WELH - Wells Hatchery,8/8/2024,WELSBR - Starr Boat Ramp on west shore 5 km upstream of Wells Dam,8/8/2024,8/8/2024,1
3DD.0078E13B95,Mark,WELH - Wells Hatchery,8/15/2024,WELSBR - Starr Boat Ramp on west shore 5 km upstream of Wells Dam,8/15/2024,8/15/2024,1
3DD.0078E13B96,Mark,WELH - Wells Hatchery,8/8/2024,WELSBR - Starr Boat Ramp on west shore 5 km upstream of Wells Dam,8/8/2024,8/8/2024,1
3DD.0078E13B97,Mark,WELH - Wells Hatchery,8/15/2024,WELSBR - Starr Boat Ramp on west shore 5 km upstream of Wells Dam,8/15/2024,8/15/2024,1
3DD.0078E13B98,Mark,WELH - Wells Hatchery,8/15/2024,WELSBR - Starr Boat Ramp on west shore 5 km upstream of Wells Dam,8/15/2024,8/15/2024,1
3DD.0078E13B99,Mark,WELH - Wells Hatchery,8/8/2024,WELSBR - Starr Boat Ramp on west shore 5 km upstream of Wells Dam,8/8/2024,8/8/2024,1
3DD.0078E13B9A,Mark,WELH - Wells Hatchery,8/8/2024,WELSBR - Starr Boat Ramp on west shore 5 km upstream of Wells Dam,8/8/2024,8/8/2024,1
3DD.0078E13B9B,Mark,WELH - Wells Hatchery,8/8/2024,WELSBR - Starr Boat Ramp on west shore 5 km upstream of Wells Dam,8/8/2024,8/8/2024,1
3DD.0078E13B9C,Mark,WELH - Wells Hatchery,8/15/2024,WELSBR - Starr Boat Ramp on west shore 5 km upstream of Wells Dam,8/15/2024,8/15/2024,1
3DD.0078E13B9D,Mark,WELH - Wells Hatchery,8/8/2024,WELSBR - Starr Boat Ramp on west shore 5 km upstream of Wells Dam,8/8/2024,8/8/2024,1
3DD.0078E13B9E,Mark,WELH - Wells Hatchery,8/8/2024,WELSBR - Starr Boat Ramp on west shore 5 km upstream of Wells Dam,8/8/2024,8/8/2024,1
3DD.0078E13B9F,Mark,WELH - Wells Hatchery,8/15/2024,WELSBR - Starr Boat Ramp on west shore 5 km upstream of Wells Dam,8/15/2024,8/15/2024,1
3DD.0078E13BA0,Mark,WELH - Wells Hatchery,8/15/2024,WELSBR - Starr Boat Ramp on west shore 5 km upstream of Wells Dam,8/15/2024,8/15/2024,1
3DD.0078E13BA1,Mark,WELH - Wells Hatchery,8/8/2024,WELSBR - Starr Boat Ramp on west shore 5 km upstream of Wells Dam,8/8/2024,8/8/2024,1
3DD.0078E13BA2,Mark,WELH - Wells Hatchery,8/8/2024,WELSBR - Starr Boat Ramp on west shore 5 km upstream of Wells Dam,8/8/2024,8/8/2024,1
3DD.0078E13BA3,Mark,WELH - Wells Hatchery,8/13/2024,"COLR8 - Columbia River - Chelan Falls, WA to Grand Coulee Dam (km 809-960)",8/14/2024,8/13/2024,1
3DD.0078E13BA4,Mark,WELH - Wells Hatchery,8/15/2024,WELSBR - Starr Boat Ramp on west shore 5 km upstream of Wells Dam,8/15/2024,8/15/2024,1
3DD.0078E13BA5,Mark,WELH - Wells Hatchery,8/15/2024,WELSBR - Starr Boat Ramp on west shore 5 km upstream of Wells Dam,8/15/2024,8/15/2024,1
3DD.0078E13BA6,Mark,WELH - Wells Hatchery,8/15/2024,WELSBR - Starr Boat Ramp on west shore 5 km upstream of Wells Dam,8/15/2024,8/15/2024,1
3DD.0078E13BA8,Mark,WELH - Wells Hatchery,8/15/2024,WELSBR - Starr Boat Ramp on west shore 5 km upstream of Wells Dam,8/15/2024,8/15/2024,1
3DD.0078E13BA9,Mark,WELH - Wells Hatchery,8/8/2024,WELSBR - Starr Boat Ramp on west shore 5 km upstream of Wells Dam,8/8/2024,8/8/2024,1
3DD.0078E13BAA,Mark,WELH - Wells Hatchery,8/15/2024,WELSBR - Starr Boat Ramp on west shore 5 km upstream of Wells Dam,8/15/2024,8/15/2024,1
3DD.0078E13BAB,Mark,WELH - Wells Hatchery,8/8/2024,WELSBR - Starr Boat Ramp on west shore 5 km upstream of Wells Dam,8/8/2024,8/8/2024,1
3DD.0078E13BAC,Mark,WELH - Wells Hatchery,8/8/2024,WELSBR - Starr Boat Ramp on west shore 5 km upstream of Wells Dam,8/8/2024,8/8/2024,1
3DD.0078E13BAD,Mark,WELH - Wells Hatchery,8/15/2024,WELSBR - Starr Boat Ramp on west shore 5 km upstream of Wells Dam,8/15/2024,8/15/2024,1
3DD.0078E13BAE,Mark,WELH - Wells Hatchery,8/13/2024,"COLR8 - Columbia River - Chelan Falls, WA to Grand Coulee Dam (km 809-960)",8/14/2024,8/13/2024,1
3DD.0078E13BAF,Mark,WELH - Wells Hatchery,8/8/2024,WELSBR - Starr Boat Ramp on west shore 5 km upstream of Wells Dam,8/8/2024,8/8/2024,1
3DD.0078E13BB0,Mark,WELH - Wells Hatchery,8/8/2024,WELSBR - Starr Boat Ramp on west shore 5 km upstream of Wells Dam,8/8/2024,8/8/2024,1
3DD.0078E13BB1,Mark,WELH - Wells Hatchery,8/15/2024,WELSBR - Starr Boat Ramp on west shore 5 km upstream of Wells Dam,8/15/2024,8/15/2024,1
3DD.0078E13BB2,Mark,WELH - Wells Hatchery,8/8/2024,WELSBR - Starr Boat Ramp on west shore 5 km upstream of Wells Dam,8/8/2024,8/8/2024,1
3DD.0078E13BB3,Mark,WELH - Wells Hatchery,8/15/2024,WELSBR - Starr Boat Ramp on west shore 5 km upstream of Wells Dam,8/15/2024,8/15/2024,1
3DD.0078E13BB4,Mark,WELH - Wells Hatchery,8/8/2024,WELSBR - Starr Boat Ramp on west shore 5 km upstream of Wells Dam,8/8/2024,8/8/2024,1
3DD.0078E13BB5,Mark,WELH - Wells Hatchery,8/8/2024,WELSBR - Starr Boat Ramp on west shore 5 km upstream of Wells Dam,8/8/2024,8/8/2024,1
3DD.0078E13BB6,Mark,WELH - Wells Hatchery,8/13/2024,"COLR8 - Columbia River - Chelan Falls, WA to Grand Coulee Dam (km 809-960)",8/14/2024,8/13/2024,1
3DD.0078E13BB7,Mark,WELH - Wells Hatchery,8/8/2024,WELSBR - Starr Boat Ramp on west shore 5 km upstream of Wells Dam,8/8/2024,8/8/2024,1
3DD.0078E13BB8,Mark,WELH - Wells Hatchery,8/8/2024,WELSBR - Starr Boat Ramp on west shore 5 km upstream of Wells Dam,8/8/2024,8/8/2024,1
3DD.0078E13BB9,Mark,WELH - Wells Hatchery,8/13/2024,"COLR8 - Columbia River - Chelan Falls, WA to Grand Coulee Dam (km 809-960)",8/14/2024,8/13/2024,1
3DD.0078E13BBA,Mark,WELH - Wells Hatchery,8/15/2024,WELSBR - Starr Boat Ramp on west shore 5 km upstream of Wells Dam,8/15/2024,8/15/2024,1
3DD.0078E13BBB,Mark,WELH - Wells Hatchery,8/15/2024,WELSBR - Starr Boat Ramp on west shore 5 km upstream of Wells Dam,8/15/2024,8/15/2024,1
3DD.0078E13BBC,Mark,WELH - Wells Hatchery,8/15/2024,WELSBR - Starr Boat Ramp on west shore 5 km upstream of Wells Dam,8/15/2024,8/15/2024,1
3DD.0078E13BBD,Mark,WELH - Wells Hatchery,8/15/2024,WELSBR - Starr Boat Ramp on west shore 5 km upstream of Wells Dam,8/15/2024,8/15/2024,1
3DD.0078E13BBE,Mark,WELH - Wells Hatchery,8/13/2024,"COLR8 - Columbia River - Chelan Falls, WA to Grand Coulee Dam (km 809-960)",8/14/2024,8/13/2024,1
3DD.0078E13BBF,Mark,WELH - Wells Hatchery,8/8/2024,WELSBR - Starr Boat Ramp on west shore 5 km upstream of Wells Dam,8/8/2024,8/8/2024,1
3DD.0078E13BC0,Mark,WELH - Wells Hatchery,8/8/2024,WELSBR - Starr Boat Ramp on west shore 5 km upstream of Wells Dam,8/8/2024,8/8/2024,1
3DD.0078E13BC1,Mark,WELH - Wells Hatchery,8/8/2024,WELSBR - Starr Boat Ramp on west shore 5 km upstream of Wells Dam,8/8/2024,8/8/2024,1
3DD.0078E13BC2,Mark,WELH - Wells Hatchery,8/8/2024,WELSBR - Starr Boat Ramp on west shore 5 km upstream of Wells Dam,8/8/2024,8/8/2024,1
3DD.0078E13BC3,Mark,WELH - Wells Hatchery,8/8/2024,WELSBR - Starr Boat Ramp on west shore 5 km upstream of Wells Dam,8/8/2024,8/8/2024,1
3DD.0078E13BC4,Mark,WELH - Wells Hatchery,8/8/2024,WELSBR - Starr Boat Ramp on west shore 5 km upstream of Wells Dam,8/8/2024,8/8/2024,1
3DD.0078E13BC5,Mark,WELH - Wells Hatchery,8/8/2024,WELSBR - Starr Boat Ramp on west shore 5 km upstream of Wells Dam,8/8/2024,8/8/2024,1
3DD.0078E13BC6,Mark,WELH - Wells Hatchery,8/13/2024,"COLR8 - Columbia River - Chelan Falls, WA to Grand Coulee Dam (km 809-960)",8/14/2024,8/13/2024,1
3DD.0078E13BC7,Mark,WELH - Wells Hatchery,8/8/2024,WELSBR - Starr Boat Ramp on west shore 5 km upstream of Wells Dam,8/8/2024,8/8/2024,1
3DD.0078E13BC8,Mark,WELH - Wells Hatchery,8/8/2024,WELSBR - Starr Boat Ramp on west shore 5 km upstream of Wells Dam,8/8/2024,8/8/2024,1
3DD.0078E13BC9,Mark,WELH - Wells Hatchery,8/8/2024,WELSBR - Starr Boat Ramp on west shore 5 km upstream of Wells Dam,8/8/2024,8/8/2024,1
3DD.0078E13BCA,Mark,WELH - Wells Hatchery,8/13/2024,"COLR8 - Columbia River - Chelan Falls, WA to Grand Coulee Dam (km 809-960)",8/14/2024,8/13/2024,1
3DD.0078E13BCB,Mark,WELH - Wells Hatchery,8/8/2024,WELSBR - Starr Boat Ramp on west shore 5 km upstream of Wells Dam,8/8/2024,8/8/2024,1
3DD.0078E13BCC,Mark,WELH - Wells Hatchery,8/8/2024,WELSBR - Starr Boat Ramp on west shore 5 km upstream of Wells Dam,8/8/2024,8/8/2024,1
3DD.0078E13BCD,Mark,WELH - Wells Hatchery,8/8/2024,WELSBR - Starr Boat Ramp on west shore 5 km upstream of Wells Dam,8/8/2024,8/8/2024,1
3DD.0078E13BCE,Mark,WELH - Wells Hatchery,8/1/2024,WELSBR - Starr Boat Ramp on west shore 5 km upstream of Wells Dam,8/1/2024,8/1/2024,1
3DD.0078E13BCF,Mark,WELH - Wells Hatchery,8/8/2024,WELSBR - Starr Boat Ramp on west shore 5 km upstream of Wells Dam,8/8/2024,8/8/2024,1
3DD.0078E13BD0,Mark,WELH - Wells Hatchery,8/8/2024,WELSBR - Starr Boat Ramp on west shore 5 km upstream of Wells Dam,8/8/2024,8/8/2024,1
3DD.0078E13BD1,Mark,WELH - Wells Hatchery,8/8/2024,WELSBR - Starr Boat Ramp on west shore 5 km upstream of Wells Dam,8/8/2024,8/8/2024,1
3DD.0078E13BD2,Mark,WELH - Wells Hatchery,8/8/2024,WELSBR - Starr Boat Ramp on west shore 5 km upstream of Wells Dam,8/8/2024,8/8/2024,1
3DD.0078E13BD3,Mark,WELH - Wells Hatchery,8/8/2024,WELSBR - Starr Boat Ramp on west shore 5 km upstream of Wells Dam,8/8/2024,8/8/2024,1
3DD.0078E13BD4,Mark,WELH - Wells Hatchery,8/8/2024,WELSBR - Starr Boat Ramp on west shore 5 km upstream of Wells Dam,8/8/2024,8/8/2024,1
3DD.0078E13BD5,Mark,WELH - Wells Hatchery,8/8/2024,WELSBR - Starr Boat Ramp on west shore 5 km upstream of Wells Dam,8/8/2024,8/8/2024,1
3DD.0078E13BD6,Mark,WELH - Wells Hatchery,8/8/2024,WELSBR - Starr Boat Ramp on west shore 5 km upstream of Wells Dam,8/8/2024,8/8/2024,1
3DD.0078E13BD7,Mark,WELH - Wells Hatchery,8/8/2024,WELSBR - Starr Boat Ramp on west shore 5 km upstream of Wells Dam,8/8/2024,8/8/2024,1
3DD.0078E13BD8,Mark,WELH - Wells Hatchery,8/8/2024,WELSBR - Starr Boat Ramp on west shore 5 km upstream of Wells Dam,8/8/2024,8/8/2024,1
3DD.0078E13BD9,Mark,WELH - Wells Hatchery,8/8/2024,WELSBR - Starr Boat Ramp on west shore 5 km upstream of Wells Dam,8/8/2024,8/8/2024,1
3DD.0078E13BDA,Mark,WELH - Wells Hatchery,8/8/2024,WELSBR - Starr Boat Ramp on west shore 5 km upstream of Wells Dam,8/8/2024,8/8/2024,1
3DD.0078E13BDB,Mark,WELH - Wells Hatchery,8/8/2024,WELSBR - Starr Boat Ramp on west shore 5 km upstream of Wells Dam,8/8/2024,8/8/2024,1
3DD.0078E13BDC,Mark,WELH - Wells Hatchery,8/8/2024,WELSBR - Starr Boat Ramp on west shore 5 km upstream of Wells Dam,8/8/2024,8/8/2024,1
3DD.0078E13BDD,Mark,WELH - Wells Hatchery,8/8/2024,WELSBR - Starr Boat Ramp on west shore 5 km upstream of Wells Dam,8/8/2024,8/8/2024,1
3DD.0078E13BDE,Mark,WELH - Wells Hatchery,8/8/2024,WELSBR - Starr Boat Ramp on west shore 5 km upstream of Wells Dam,8/8/2024,8/8/2024,1
3DD.0078E13BDF,Mark,WELH - Wells Hatchery,8/8/2024,WELSBR - Starr Boat Ramp on west shore 5 km upstream of Wells Dam,8/8/2024,8/8/2024,1
3DD.0078E13BE0,Mark,WELH - Wells Hatchery,8/8/2024,WELSBR - Starr Boat Ramp on west shore 5 km upstream of Wells Dam,8/8/2024,8/8/2024,1
3DD.0078E13BE1,Mark,WELH - Wells Hatchery,8/1/2024,WELSBR - Starr Boat Ramp on west shore 5 km upstream of Wells Dam,8/1/2024,8/1/2024,1
3DD.0078E13BE2,Mark,WELH - Wells Hatchery,8/8/2024,WELSBR - Starr Boat Ramp on west shore 5 km upstream of Wells Dam,8/8/2024,8/8/2024,1
3DD.0078E13BE3,Mark,WELH - Wells Hatchery,8/8/2024,WELSBR - Starr Boat Ramp on west shore 5 km upstream of Wells Dam,8/8/2024,8/8/2024,1
3DD.0078E13BE4,Mark,WELH - Wells Hatchery,8/8/2024,WELSBR - Starr Boat Ramp on west shore 5 km upstream of Wells Dam,8/8/2024,8/8/2024,1
3DD.0078E13BE5,Mark,WELH - Wells Hatchery,8/8/2024,WELSBR - Starr Boat Ramp on west shore 5 km upstream of Wells Dam,8/8/2024,8/8/2024,1
3DD.0078E13BE6,Mark,WELH - Wells Hatchery,8/1/2024,WELSBR - Starr Boat Ramp on west shore 5 km upstream of Wells Dam,8/1/2024,8/1/2024,1
3DD.0078E13BE7,Mark,WELH - Wells Hatchery,8/8/2024,WELSBR - Starr Boat Ramp on west shore 5 km upstream of Wells Dam,8/8/2024,8/8/2024,1
3DD.0078E13BE8,Mark,WELH - Wells Hatchery,8/1/2024,WELSBR - Starr Boat Ramp on west shore 5 km upstream of Wells Dam,8/1/2024,8/1/2024,1
3DD.0078E13BE9,Mark,WELH - Wells Hatchery,8/1/2024,WELSBR - Starr Boat Ramp on west shore 5 km upstream of Wells Dam,8/1/2024,8/1/2024,1
3DD.0078E13BEA,Mark,WELH - Wells Hatchery,8/8/2024,WELSBR - Starr Boat Ramp on west shore 5 km upstream of Wells Dam,8/8/2024,8/8/2024,1
3DD.0078E13BEB,Mark,WELH - Wells Hatchery,8/8/2024,WELSBR - Starr Boat Ramp on west shore 5 km upstream of Wells Dam,8/8/2024,8/8/2024,1
3DD.0078E13BEC,Mark,WELH - Wells Hatchery,8/8/2024,WELSBR - Starr Boat Ramp on west shore 5 km upstream of Wells Dam,8/8/2024,8/8/2024,1
3DD.0078E13BED,Mark,WELH - Wells Hatchery,8/1/2024,WELSBR - Starr Boat Ramp on west shore 5 km upstream of Wells Dam,8/1/2024,8/1/2024,1
3DD.0078E13BEE,Mark,WELH - Wells Hatchery,8/8/2024,WELSBR - Starr Boat Ramp on west shore 5 km upstream of Wells Dam,8/8/2024,8/8/2024,1
3DD.0078E13BEF,Mark,WELH - Wells Hatchery,8/8/2024,WELSBR - Starr Boat Ramp on west shore 5 km upstream of Wells Dam,8/8/2024,8/8/2024,1
3DD.0078E13BF0,Mark,WELH - Wells Hatchery,8/8/2024,WELSBR - Starr Boat Ramp on west shore 5 km upstream of Wells Dam,8/8/2024,8/8/2024,1
3DD.0078E13BF1,Mark,WELH - Wells Hatchery,8/8/2024,WELSBR - Starr Boat Ramp on west shore 5 km upstream of Wells Dam,8/8/2024,8/8/2024,1
3DD.0078E13BF2,Mark,WELH - Wells Hatchery,8/8/2024,WELSBR - Starr Boat Ramp on west shore 5 km upstream of Wells Dam,8/8/2024,8/8/2024,1
3DD.0078E13BF3,Mark,WELH - Wells Hatchery,8/1/2024,WELSBR - Starr Boat Ramp on west shore 5 km upstream of Wells Dam,8/1/2024,8/1/2024,1
3DD.0078E13BF4,Mark,WELH - Wells Hatchery,8/8/2024,WELSBR - Starr Boat Ramp on west shore 5 km upstream of Wells Dam,8/8/2024,8/8/2024,1
3DD.0078E13BF5,Mark,WELH - Wells Hatchery,8/8/2024,WELSBR - Starr Boat Ramp on west shore 5 km upstream of Wells Dam,8/8/2024,8/8/2024,1
3DD.0078E13BF6,Mark,WELH - Wells Hatchery,8/8/2024,WELSBR - Starr Boat Ramp on west shore 5 km upstream of Wells Dam,8/8/2024,8/8/2024,1
3DD.0078E13BF7,Mark,WELH - Wells Hatchery,8/1/2024,WELSBR - Starr Boat Ramp on west shore 5 km upstream of Wells Dam,8/1/2024,8/1/2024,1
3DD.0078E13BF8,Mark,WELH - Wells Hatchery,8/8/2024,WELSBR - Starr Boat Ramp on west shore 5 km upstream of Wells Dam,8/8/2024,8/8/2024,1
3DD.0078E13BF9,Mark,WELH - Wells Hatchery,8/8/2024,WELSBR - Starr Boat Ramp on west shore 5 km upstream of Wells Dam,8/8/2024,8/8/2024,1
3DD.0078E13BFA,Mark,WELH - Wells Hatchery,8/8/2024,WELSBR - Starr Boat Ramp on west shore 5 km upstream of Wells Dam,8/8/2024,8/8/2024,1
3DD.0078E13BFB,Mark,WELH - Wells Hatchery,8/8/2024,WELSBR - Starr Boat Ramp on west shore 5 km upstream of Wells Dam,8/8/2024,8/8/2024,1
3DD.0078E13BFC,Mark,WELH - Wells Hatchery,8/8/2024,WELSBR - Starr Boat Ramp on west shore 5 km upstream of Wells Dam,8/8/2024,8/8/2024,1
3DD.0078E13BFD,Mark,WELH - Wells Hatchery,8/8/2024,WELSBR - Starr Boat Ramp on west shore 5 km upstream of Wells Dam,8/8/2024,8/8/2024,1
3DD.0078E13BFE,Mark,WELH - Wells Hatchery,8/8/2024,WELSBR - Starr Boat Ramp on west shore 5 km upstream of Wells Dam,8/8/2024,8/8/2024,1
3DD.0078E13BFF,Mark,WELH - Wells Hatchery,8/8/2024,WELSBR - Starr Boat Ramp on west shore 5 km upstream of Wells Dam,8/8/2024,8/8/2024,1
3DD.0078E13C00,Mark,WELH - Wells Hatchery,8/1/2024,WELSBR - Starr Boat Ramp on west shore 5 km upstream of Wells Dam,8/1/2024,8/1/2024,1
3DD.0078E13C01,Mark,WELH - Wells Hatchery,8/8/2024,WELSBR - Starr Boat Ramp on west shore 5 km upstream of Wells Dam,8/8/2024,8/8/2024,1
3DD.0078E13C02,Mark,WELH - Wells Hatchery,8/8/2024,WELSBR - Starr Boat Ramp on west shore 5 km upstream of Wells Dam,8/8/2024,8/8/2024,1
3DD.0078E13C03,Mark,WELH - Wells Hatchery,8/1/2024,WELSBR - Starr Boat Ramp on west shore 5 km upstream of Wells Dam,8/1/2024,8/1/2024,1
3DD.0078E13C04,Mark,WELH - Wells Hatchery,8/8/2024,WELSBR - Starr Boat Ramp on west shore 5 km upstream of Wells Dam,8/8/2024,8/8/2024,1
3DD.0078E13C05,Mark,WELH - Wells Hatchery,8/1/2024,WELSBR - Starr Boat Ramp on west shore 5 km upstream of Wells Dam,8/1/2024,8/1/2024,1
3DD.0078E13C06,Mark,WELH - Wells Hatchery,8/8/2024,WELSBR - Starr Boat Ramp on west shore 5 km upstream of Wells Dam,8/8/2024,8/8/2024,1
3DD.0078E13C07,Mark,WELH - Wells Hatchery,8/8/2024,WELSBR - Starr Boat Ramp on west shore 5 km upstream of Wells Dam,8/8/2024,8/8/2024,1
3DD.0078E13C08,Mark,WELH - Wells Hatchery,8/8/2024,WELSBR - Starr Boat Ramp on west shore 5 km upstream of Wells Dam,8/8/2024,8/8/2024,1
3DD.0078E13C09,Mark,WELH - Wells Hatchery,8/8/2024,WELSBR - Starr Boat Ramp on west shore 5 km upstream of Wells Dam,8/8/2024,8/8/2024,1
3DD.0078E13C0A,Mark,WELH - Wells Hatchery,8/8/2024,WELSBR - Starr Boat Ramp on west shore 5 km upstream of Wells Dam,8/8/2024,8/8/2024,1
3DD.0078E13C0B,Mark,WELH - Wells Hatchery,8/8/2024,WELSBR - Starr Boat Ramp on west shore 5 km upstream of Wells Dam,8/8/2024,8/8/2024,1
3DD.0078E13C0C,Mark,WELH - Wells Hatchery,8/1/2024,WELSBR - Starr Boat Ramp on west shore 5 km upstream of Wells Dam,8/1/2024,8/1/2024,1
3DD.0078E13C0D,Mark,WELH - Wells Hatchery,8/1/2024,WELSBR - Starr Boat Ramp on west shore 5 km upstream of Wells Dam,8/1/2024,8/1/2024,1
3DD.0078E13C0E,Mark,WELH - Wells Hatchery,8/8/2024,WELSBR - Starr Boat Ramp on west shore 5 km upstream of Wells Dam,8/8/2024,8/8/2024,1
3DD.0078E13C0F,Mark,WELH - Wells Hatchery,8/8/2024,WELSBR - Starr Boat Ramp on west shore 5 km upstream of Wells Dam,8/8/2024,8/8/2024,1
3DD.0078E13C10,Mark,WELH - Wells Hatchery,8/8/2024,WELSBR - Starr Boat Ramp on west shore 5 km upstream of Wells Dam,8/8/2024,8/8/2024,1
3DD.0078E13C11,Mark,WELH - Wells Hatchery,8/8/2024,WELSBR - Starr Boat Ramp on west shore 5 km upstream of Wells Dam,8/8/2024,8/8/2024,1
3DD.0078E13C12,Mark,WELH - Wells Hatchery,8/8/2024,WELSBR - Starr Boat Ramp on west shore 5 km upstream of Wells Dam,8/8/2024,8/8/2024,1
3DD.0078E13C13,Mark,WELH - Wells Hatchery,8/8/2024,WELSBR - Starr Boat Ramp on west shore 5 km upstream of Wells Dam,8/8/2024,8/8/2024,1
3DD.0078E13C14,Mark,WELH - Wells Hatchery,8/8/2024,WELSBR - Starr Boat Ramp on west shore 5 km upstream of Wells Dam,8/8/2024,8/8/2024,1
3DD.0078E13C15,Mark,WELH - Wells Hatchery,8/1/2024,WELSBR - Starr Boat Ramp on west shore 5 km upstream of Wells Dam,8/1/2024,8/1/2024,1
3DD.0078E13C16,Mark,WELH - Wells Hatchery,8/8/2024,WELSBR - Starr Boat Ramp on west shore 5 km upstream of Wells Dam,8/8/2024,8/8/2024,1
3DD.0078E13C17,Mark,WELH - Wells Hatchery,8/8/2024,WELSBR - Starr Boat Ramp on west shore 5 km upstream of Wells Dam,8/8/2024,8/8/2024,1
3DD.0078E13C18,Mark,WELH - Wells Hatchery,8/8/2024,WELSBR - Starr Boat Ramp on west shore 5 km upstream of Wells Dam,8/8/2024,8/8/2024,1
3DD.0078E13C19,Mark,WELH - Wells Hatchery,8/8/2024,WELSBR - Starr Boat Ramp on west shore 5 km upstream of Wells Dam,8/8/2024,8/8/2024,1
3DD.0078E13C1A,Mark,WELH - Wells Hatchery,8/8/2024,WELSBR - Starr Boat Ramp on west shore 5 km upstream of Wells Dam,8/8/2024,8/8/2024,1
3DD.0078E13C1B,Mark,WELH - Wells Hatchery,8/8/2024,WELSBR - Starr Boat Ramp on west shore 5 km upstream of Wells Dam,8/8/2024,8/8/2024,1
3DD.0078E13C1C,Mark,WELH - Wells Hatchery,8/8/2024,WELSBR - Starr Boat Ramp on west shore 5 km upstream of Wells Dam,8/8/2024,8/8/2024,1
3DD.0078E13C1D,Mark,WELH - Wells Hatchery,8/8/2024,WELSBR - Starr Boat Ramp on west shore 5 km upstream of Wells Dam,8/8/2024,8/8/2024,1
3DD.0078E13C1E,Mark,WELH - Wells Hatchery,8/8/2024,WELSBR - Starr Boat Ramp on west shore 5 km upstream of Wells Dam,8/8/2024,8/8/2024,1
3DD.0078E13C1F,Mark,WELH - Wells Hatchery,8/8/2024,WELSBR - Starr Boat Ramp on west shore 5 km upstream of Wells Dam,8/8/2024,8/8/2024,1
3DD.0078E13C20,Mark,WELH - Wells Hatchery,8/8/2024,WELSBR - Starr Boat Ramp on west shore 5 km upstream of Wells Dam,8/8/2024,8/8/2024,1
3DD.0078E13C21,Mark,WELH - Wells Hatchery,8/8/2024,WELSBR - Starr Boat Ramp on west shore 5 km upstream of Wells Dam,8/8/2024,8/8/2024,1
3DD.0078E13C22,Mark,WELH - Wells Hatchery,8/1/2024,WELSBR - Starr Boat Ramp on west shore 5 km upstream of Wells Dam,8/1/2024,8/1/2024,1
3DD.0078E13C23,Mark,WELH - Wells Hatchery,8/8/2024,WELSBR - Starr Boat Ramp on west shore 5 km upstream of Wells Dam,8/8/2024,8/8/2024,1
3DD.0078E13C24,Mark,WELH - Wells Hatchery,8/1/2024,WELSBR - Starr Boat Ramp on west shore 5 km upstream of Wells Dam,8/1/2024,8/1/2024,1
3DD.0078E13C25,Mark,WELH - Wells Hatchery,8/8/2024,WELSBR - Starr Boat Ramp on west shore 5 km upstream of Wells Dam,8/8/2024,8/8/2024,1
3DD.0078E13C26,Mark,WELH - Wells Hatchery,8/8/2024,WELSBR - Starr Boat Ramp on west shore 5 km upstream of Wells Dam,8/8/2024,8/8/2024,1
3DD.0078E13C27,Mark,WELH - Wells Hatchery,8/8/2024,WELSBR - Starr Boat Ramp on west shore 5 km upstream of Wells Dam,8/8/2024,8/8/2024,1
3DD.0078E13C28,Mark,WELH - Wells Hatchery,8/8/2024,WELSBR - Starr Boat Ramp on west shore 5 km upstream of Wells Dam,8/8/2024,8/8/2024,1
3DD.0078E13C29,Mark,WELH - Wells Hatchery,8/8/2024,WELSBR - Starr Boat Ramp on west shore 5 km upstream of Wells Dam,8/8/2024,8/8/2024,1
3DD.0078E13C2A,Mark,WELH - Wells Hatchery,8/1/2024,WELSBR - Starr Boat Ramp on west shore 5 km upstream of Wells Dam,8/1/2024,8/1/2024,1
3DD.0078E13C2B,Mark,WELH - Wells Hatchery,8/1/2024,WELSBR - Starr Boat Ramp on west shore 5 km upstream of Wells Dam,8/1/2024,8/1/2024,1
3DD.0078E13C2C,Mark,WELH - Wells Hatchery,8/8/2024,WELSBR - Starr Boat Ramp on west shore 5 km upstream of Wells Dam,8/8/2024,8/8/2024,1
3DD.0078E13C2D,Mark,WELH - Wells Hatchery,8/8/2024,WELSBR - Starr Boat Ramp on west shore 5 km upstream of Wells Dam,8/8/2024,8/8/2024,1
3DD.0078E13C2E,Mark,WELH - Wells Hatchery,8/1/2024,WELSBR - Starr Boat Ramp on west shore 5 km upstream of Wells Dam,8/1/2024,8/1/2024,1
3DD.0078E13C2F,Mark,WELH - Wells Hatchery,8/8/2024,WELSBR - Starr Boat Ramp on west shore 5 km upstream of Wells Dam,8/8/2024,8/8/2024,1
3DD.0078E13C30,Mark,WELH - Wells Hatchery,9/5/2024,WELSBR - Starr Boat Ramp on west shore 5 km upstream of Wells Dam,9/5/2024,9/5/2024,1
3DD.0078E13C31,Mark,WELH - Wells Hatchery,7/24/2025,WELSBR - Starr Boat Ramp on west shore 5 km upstream of Wells Dam,7/24/2025,7/24/2025,1
3DD.0078E13C32,Mark,WELH - Wells Hatchery,9/5/2024,WELSBR - Starr Boat Ramp on west shore 5 km upstream of Wells Dam,9/5/2024,9/5/2024,1
3DD.0078E13C33,Mark,WELH - Wells Hatchery,7/24/2025,WELSBR - Starr Boat Ramp on west shore 5 km upstream of Wells Dam,7/24/2025,7/24/2025,1
3DD.0078E13C34,Mark,WELH - Wells Hatchery,9/5/2024,WELSBR - Starr Boat Ramp on west shore 5 km upstream of Wells Dam,9/5/2024,9/5/2024,1
3DD.0078E13C35,Mark,WELH - Wells Hatchery,9/5/2024,WELSBR - Starr Boat Ramp on west shore 5 km upstream of Wells Dam,9/5/2024,9/5/2024,1
3DD.0078E13C36,Mark,WELH - Wells Hatchery,9/5/2024,WELSBR - Starr Boat Ramp on west shore 5 km upstream of Wells Dam,9/5/2024,9/5/2024,1
3DD.0078E13C37,Mark,WELH - Wells Hatchery,9/5/2024,WELSBR - Starr Boat Ramp on west shore 5 km upstream of Wells Dam,9/5/2024,9/5/2024,1
3DD.0078E13C38,Mark,WELH - Wells Hatchery,7/24/2025,WELSBR - Starr Boat Ramp on west shore 5 km upstream of Wells Dam,7/24/2025,7/24/2025,1
3DD.0078E13C3A,Mark,WELH - Wells Hatchery,7/24/2025,WELSBR - Starr Boat Ramp on west shore 5 km upstream of Wells Dam,7/24/2025,7/24/2025,1
3DD.0078E13C3B,Mark,WELH - Wells Hatchery,9/5/2024,WELSBR - Starr Boat Ramp on west shore 5 km upstream of Wells Dam,9/5/2024,9/5/2024,1
3DD.0078E13C3C,Mark,WELH - Wells Hatchery,7/24/2025,WELSBR - Starr Boat Ramp on west shore 5 km upstream of Wells Dam,7/24/2025,7/24/2025,1
3DD.0078E13C3D,Mark,WELH - Wells Hatchery,9/5/2024,WELSBR - Starr Boat Ramp on west shore 5 km upstream of Wells Dam,9/5/2024,9/5/2024,1
3DD.0078E13C3E,Mark,WELH - Wells Hatchery,9/5/2024,WELSBR - Starr Boat Ramp on west shore 5 km upstream of Wells Dam,9/5/2024,9/5/2024,1
3DD.0078E13C3F,Mark,WELH - Wells Hatchery,9/5/2024,WELSBR - Starr Boat Ramp on west shore 5 km upstream of Wells Dam,9/5/2024,9/5/2024,1
3DD.0078E13C40,Mark,WELH - Wells Hatchery,9/5/2024,WELSBR - Starr Boat Ramp on west shore 5 km upstream of Wells Dam,9/5/2024,9/5/2024,1
3DD.0078E13C41,Mark,WELH - Wells Hatchery,7/24/2025,WELSBR - Starr Boat Ramp on west shore 5 km upstream of Wells Dam,7/24/2025,7/24/2025,1
3DD.0078E13C42,Mark,WELH - Wells Hatchery,7/24/2025,WELSBR - Starr Boat Ramp on west shore 5 km upstream of Wells Dam,7/24/2025,7/24/2025,1
3DD.0078E13C43,Mark,WELH - Wells Hatchery,7/24/2025,WELSBR - Starr Boat Ramp on west shore 5 km upstream of Wells Dam,7/24/2025,7/24/2025,1
3DD.0078E13C44,Mark,WELH - Wells Hatchery,7/24/2025,WELSBR - Starr Boat Ramp on west shore 5 km upstream of Wells Dam,7/24/2025,7/24/2025,1
3DD.0078E13C45,Mark,WELH - Wells Hatchery,9/5/2024,WELSBR - Starr Boat Ramp on west shore 5 km upstream of Wells Dam,9/5/2024,9/5/2024,1
3DD.0078E13C46,Mark,WELH - Wells Hatchery,9/5/2024,WELSBR - Starr Boat Ramp on west shore 5 km upstream of Wells Dam,9/5/2024,9/5/2024,1
3DD.0078E13C47,Mark,WELH - Wells Hatchery,7/24/2025,WELSBR - Starr Boat Ramp on west shore 5 km upstream of Wells Dam,7/24/2025,7/24/2025,1
3DD.0078E13C48,Mark,WELH - Wells Hatchery,7/24/2025,WELSBR - Starr Boat Ramp on west shore 5 km upstream of Wells Dam,7/24/2025,7/24/2025,1
3DD.0078E13C49,Mark,WELH - Wells Hatchery,9/5/2024,WELSBR - Starr Boat Ramp on west shore 5 km upstream of Wells Dam,9/5/2024,9/5/2024,1
3DD.0078E13C4A,Mark,WELH - Wells Hatchery,7/24/2025,WELSBR - Starr Boat Ramp on west shore 5 km upstream of Wells Dam,7/24/2025,7/24/2025,1
3DD.0078E13C4B,Mark,WELH - Wells Hatchery,9/5/2024,WELSBR - Starr Boat Ramp on west shore 5 km upstream of Wells Dam,9/5/2024,9/5/2024,1
3DD.0078E13C4C,Mark,WELH - Wells Hatchery,7/24/2025,WELSBR - Starr Boat Ramp on west shore 5 km upstream of Wells Dam,7/24/2025,7/24/2025,1
3DD.0078E13C4D,Mark,WELH - Wells Hatchery,9/5/2024,WELSBR - Starr Boat Ramp on west shore 5 km upstream of Wells Dam,9/5/2024,9/5/2024,1
3DD.0078E13C4E,Mark,WELH - Wells Hatchery,7/24/2025,WELSBR - Starr Boat Ramp on west shore 5 km upstream of Wells Dam,7/24/2025,7/24/2025,1
3DD.0078E13C4F,Mark,WELH - Wells Hatchery,9/5/2024,WELSBR - Starr Boat Ramp on west shore 5 km upstream of Wells Dam,9/5/2024,9/5/2024,1
3DD.0078E13C50,Mark,WELH - Wells Hatchery,7/24/2025,WELSBR - Starr Boat Ramp on west shore 5 km upstream of Wells Dam,7/24/2025,7/24/2025,1
3DD.0078E13C51,Mark,WELH - Wells Hatchery,9/5/2024,WELSBR - Starr Boat Ramp on west shore 5 km upstream of Wells Dam,9/5/2024,9/5/2024,1
3DD.0078E13C52,Mark,WELH - Wells Hatchery,7/24/2025,WELSBR - Starr Boat Ramp on west shore 5 km upstream of Wells Dam,7/24/2025,7/24/2025,1
3DD.0078E13C53,Mark,WELH - Wells Hatchery,7/24/2025,WELSBR - Starr Boat Ramp on west shore 5 km upstream of Wells Dam,7/24/2025,7/24/2025,1
3DD.0078E13C54,Mark,WELH - Wells Hatchery,7/24/2025,WELSBR - Starr Boat Ramp on west shore 5 km upstream of Wells Dam,7/24/2025,7/24/2025,1
3DD.0078E13C55,Mark,WELH - Wells Hatchery,9/5/2024,WELSBR - Starr Boat Ramp on west shore 5 km upstream of Wells Dam,9/5/2024,9/5/2024,1
3DD.0078E13C56,Mark,WELH - Wells Hatchery,7/24/2025,WELSBR - Starr Boat Ramp on west shore 5 km upstream of Wells Dam,7/24/2025,7/24/2025,1
3DD.0078E13C57,Mark,WELH - Wells Hatchery,9/5/2024,WELSBR - Starr Boat Ramp on west shore 5 km upstream of Wells Dam,9/5/2024,9/5/2024,1
3DD.0078E13C58,Mark,WELH - Wells Hatchery,9/5/2024,WELSBR - Starr Boat Ramp on west shore 5 km upstream of Wells Dam,9/5/2024,9/5/2024,1
3DD.0078E13C59,Mark,WELH - Wells Hatchery,9/5/2024,WELSBR - Starr Boat Ramp on west shore 5 km upstream of Wells Dam,9/5/2024,9/5/2024,1
3DD.0078E13C5A,Mark,WELH - Wells Hatchery,9/5/2024,WELSBR - Starr Boat Ramp on west shore 5 km upstream of Wells Dam,9/5/2024,9/5/2024,1
3DD.0078E13C5B,Mark,WELH - Wells Hatchery,7/24/2025,WELSBR - Starr Boat Ramp on west shore 5 km upstream of Wells Dam,7/24/2025,7/24/2025,1
3DD.0078E13C5C,Mark,WELH - Wells Hatchery,7/24/2025,WELSBR - Starr Boat Ramp on west shore 5 km upstream of Wells Dam,7/24/2025,7/24/2025,1
3DD.0078E13C5D,Mark,WELH - Wells Hatchery,7/24/2025,WELSBR - Starr Boat Ramp on west shore 5 km upstream of Wells Dam,7/24/2025,7/24/2025,1
3DD.0078E13C5E,Mark,WELH - Wells Hatchery,7/24/2025,WELSBR - Starr Boat Ramp on west shore 5 km upstream of Wells Dam,7/24/2025,7/24/2025,1
3DD.0078E13C5F,Mark,WELH - Wells Hatchery,9/5/2024,WELSBR - Starr Boat Ramp on west shore 5 km upstream of Wells Dam,9/5/2024,9/5/2024,1
3DD.0078E13C60,Mark,WELH - Wells Hatchery,9/5/2024,WELSBR - Starr Boat Ramp on west shore 5 km upstream of Wells Dam,9/5/2024,9/5/2024,1
3DD.0078E13C61,Mark,WELH - Wells Hatchery,7/24/2025,WELSBR - Starr Boat Ramp on west shore 5 km upstream of Wells Dam,7/24/2025,7/24/2025,1
3DD.0078E13C62,Mark,WELH - Wells Hatchery,9/5/2024,WELSBR - Starr Boat Ramp on west shore 5 km upstream of Wells Dam,9/5/2024,9/5/2024,1
3DD.0078E13C63,Mark,WELH - Wells Hatchery,9/5/2024,WELSBR - Starr Boat Ramp on west shore 5 km upstream of Wells Dam,9/5/2024,9/5/2024,1
3DD.0078E13C64,Mark,WELH - Wells Hatchery,9/5/2024,WELSBR - Starr Boat Ramp on west shore 5 km upstream of Wells Dam,9/5/2024,9/5/2024,1
3DD.0078E13C65,Mark,WELH - Wells Hatchery,9/5/2024,WELSBR - Starr Boat Ramp on west shore 5 km upstream of Wells Dam,9/5/2024,9/5/2024,1
3DD.0078E13C66,Mark,WELH - Wells Hatchery,9/5/2024,WELSBR - Starr Boat Ramp on west shore 5 km upstream of Wells Dam,9/5/2024,9/5/2024,1
3DD.0078E13C67,Mark,WELH - Wells Hatchery,7/24/2025,WELSBR - Starr Boat Ramp on west shore 5 km upstream of Wells Dam,7/24/2025,7/24/2025,1
3DD.0078E13C69,Mark,WELH - Wells Hatchery,7/24/2025,WELSBR - Starr Boat Ramp on west shore 5 km upstream of Wells Dam,7/24/2025,7/24/2025,1
3DD.0078E13C6A,Mark,WELH - Wells Hatchery,7/24/2025,WELSBR - Starr Boat Ramp on west shore 5 km upstream of Wells Dam,7/24/2025,7/24/2025,1
3DD.0078E13C6B,Mark,WELH - Wells Hatchery,9/5/2024,WELSBR - Starr Boat Ramp on west shore 5 km upstream of Wells Dam,9/5/2024,9/5/2024,1
3DD.0078E13C6C,Mark,WELH - Wells Hatchery,9/5/2024,WELSBR - Starr Boat Ramp on west shore 5 km upstream of Wells Dam,9/5/2024,9/5/2024,1
3DD.0078E13C6D,Mark,WELH - Wells Hatchery,9/5/2024,WELSBR - Starr Boat Ramp on west shore 5 km upstream of Wells Dam,9/5/2024,9/5/2024,1
3DD.0078E13C6E,Mark,WELH - Wells Hatchery,7/24/2025,WELSBR - Starr Boat Ramp on west shore 5 km upstream of Wells Dam,7/24/2025,7/24/2025,1
3DD.0078E13C6F,Mark,WELH - Wells Hatchery,9/5/2024,WELSBR - Starr Boat Ramp on west shore 5 km upstream of Wells Dam,9/5/2024,9/5/2024,1
3DD.0078E13C70,Mark,WELH - Wells Hatchery,7/24/2025,WELSBR - Starr Boat Ramp on west shore 5 km upstream of Wells Dam,7/24/2025,7/24/2025,1
3DD.0078E13C71,Mark,WELH - Wells Hatchery,9/5/2024,WELSBR - Starr Boat Ramp on west shore 5 km upstream of Wells Dam,9/5/2024,9/5/2024,1
3DD.0078E13C72,Mark,WELH - Wells Hatchery,7/24/2025,WELSBR - Starr Boat Ramp on west shore 5 km upstream of Wells Dam,7/24/2025,7/24/2025,1
3DD.0078E13C73,Mark,WELH - Wells Hatchery,7/24/2025,WELSBR - Starr Boat Ramp on west shore 5 km upstream of Wells Dam,7/24/2025,7/24/2025,1
3DD.0078E13C74,Mark,WELH - Wells Hatchery,9/5/2024,WELSBR - Starr Boat Ramp on west shore 5 km upstream of Wells Dam,9/5/2024,9/5/2024,1
3DD.0078E13C75,Mark,WELH - Wells Hatchery,9/5/2024,WELSBR - Starr Boat Ramp on west shore 5 km upstream of Wells Dam,9/5/2024,9/5/2024,1
3DD.0078E13C76,Mark,WELH - Wells Hatchery,7/24/2025,WELSBR - Starr Boat Ramp on west shore 5 km upstream of Wells Dam,7/24/2025,7/24/2025,1
3DD.0078E13C77,Mark,WELH - Wells Hatchery,9/5/2024,WELSBR - Starr Boat Ramp on west shore 5 km upstream of Wells Dam,9/5/2024,9/5/2024,1
3DD.0078E13C78,Mark,WELH - Wells Hatchery,7/24/2025,WELSBR - Starr Boat Ramp on west shore 5 km upstream of Wells Dam,7/24/2025,7/24/2025,1
3DD.0078E13C79,Mark,WELH - Wells Hatchery,9/5/2024,WELSBR - Starr Boat Ramp on west shore 5 km upstream of Wells Dam,9/5/2024,9/5/2024,1
3DD.0078E13C7A,Mark,WELH - Wells Hatchery,7/24/2025,WELSBR - Starr Boat Ramp on west shore 5 km upstream of Wells Dam,7/24/2025,7/24/2025,1
3DD.0078E13C7B,Mark,WELH - Wells Hatchery,9/5/2024,WELSBR - Starr Boat Ramp on west shore 5 km upstream of Wells Dam,9/5/2024,9/5/2024,1
3DD.0078E13C7C,Mark,WELH - Wells Hatchery,9/5/2024,WELSBR - Starr Boat Ramp on west shore 5 km upstream of Wells Dam,9/5/2024,9/5/2024,1
3DD.0078E13C7D,Mark,WELH - Wells Hatchery,9/5/2024,WELSBR - Starr Boat Ramp on west shore 5 km upstream of Wells Dam,9/5/2024,9/5/2024,1
3DD.0078E13C7E,Mark,WELH - Wells Hatchery,9/5/2024,WELSBR - Starr Boat Ramp on west shore 5 km upstream of Wells Dam,9/5/2024,9/5/2024,1
3DD.0078E13C7F,Mark,WELH - Wells Hatchery,7/24/2025,WELSBR - Starr Boat Ramp on west shore 5 km upstream of Wells Dam,7/24/2025,7/24/2025,1
3DD.0078E13C80,Mark,WELH - Wells Hatchery,7/24/2025,WELSBR - Starr Boat Ramp on west shore 5 km upstream of Wells Dam,7/24/2025,7/24/2025,1
3DD.0078E13C81,Mark,WELH - Wells Hatchery,7/24/2025,WELSBR - Starr Boat Ramp on west shore 5 km upstream of Wells Dam,7/24/2025,7/24/2025,1
3DD.0078E13C82,Mark,WELH - Wells Hatchery,9/5/2024,WELSBR - Starr Boat Ramp on west shore 5 km upstream of Wells Dam,9/5/2024,9/5/2024,1
3DD.0078E13C83,Mark,WELH - Wells Hatchery,9/5/2024,WELSBR - Starr Boat Ramp on west shore 5 km upstream of Wells Dam,9/5/2024,9/5/2024,1
3DD.0078E13C84,Mark,WELH - Wells Hatchery,7/24/2025,WELSBR - Starr Boat Ramp on west shore 5 km upstream of Wells Dam,7/24/2025,7/24/2025,1
3DD.0078E13C85,Mark,WELH - Wells Hatchery,7/24/2025,WELSBR - Starr Boat Ramp on west shore 5 km upstream of Wells Dam,7/24/2025,7/24/2025,1
3DD.0078E13C86,Mark,WELH - Wells Hatchery,9/5/2024,WELSBR - Starr Boat Ramp on west shore 5 km upstream of Wells Dam,9/5/2024,9/5/2024,1
3DD.0078E13C87,Mark,WELH - Wells Hatchery,7/24/2025,WELSBR - Starr Boat Ramp on west shore 5 km upstream of Wells Dam,7/24/2025,7/24/2025,1
3DD.0078E13C88,Mark,WELH - Wells Hatchery,7/24/2025,WELSBR - Starr Boat Ramp on west shore 5 km upstream of Wells Dam,7/24/2025,7/24/2025,1
3DD.0078E13C89,Mark,WELH - Wells Hatchery,7/24/2025,WELSBR - Starr Boat Ramp on west shore 5 km upstream of Wells Dam,7/24/2025,7/24/2025,1
3DD.0078E13C8A,Mark,WELH - Wells Hatchery,7/24/2025,WELSBR - Starr Boat Ramp on west shore 5 km upstream of Wells Dam,7/24/2025,7/24/2025,1
3DD.0078E13C8B,Mark,WELH - Wells Hatchery,9/5/2024,WELSBR - Starr Boat Ramp on west shore 5 km upstream of Wells Dam,9/5/2024,9/5/2024,1
3DD.0078E13C8C,Mark,WELH - Wells Hatchery,7/24/2025,WELSBR - Starr Boat Ramp on west shore 5 km upstream of Wells Dam,7/24/2025,7/24/2025,1
3DD.0078E13C8D,Mark,WELH - Wells Hatchery,7/24/2025,WELSBR - Starr Boat Ramp on west shore 5 km upstream of Wells Dam,7/24/2025,7/24/2025,1
3DD.0078E13C8E,Mark,WELH - Wells Hatchery,7/24/2025,WELSBR - Starr Boat Ramp on west shore 5 km upstream of Wells Dam,7/24/2025,7/24/2025,1
3DD.0078E13C8F,Mark,WELH - Wells Hatchery,7/24/2025,WELSBR - Starr Boat Ramp on west shore 5 km upstream of Wells Dam,7/24/2025,7/24/2025,1
3DD.0078E13C90,Mark,WELH - Wells Hatchery,7/24/2025,WELSBR - Starr Boat Ramp on west shore 5 km upstream of Wells Dam,7/24/2025,7/24/2025,1
3DD.0078E13C91,Mark,WELH - Wells Hatchery,7/24/2025,WELSBR - Starr Boat Ramp on west shore 5 km upstream of Wells Dam,7/24/2025,7/24/2025,1
3DD.0078E13C92,Mark,WELH - Wells Hatchery,7/24/2025,WELSBR - Starr Boat Ramp on west shore 5 km upstream of Wells Dam,7/24/2025,7/24/2025,1
3DD.0078E13C93,Mark,WELH - Wells Hatchery,7/24/2025,WELSBR - Starr Boat Ramp on west shore 5 km upstream of Wells Dam,7/24/2025,7/24/2025,1
3DD.0078E13C94,Mark,WELH - Wells Hatchery,7/24/2025,WELSBR - Starr Boat Ramp on west shore 5 km upstream of Wells Dam,7/24/2025,7/24/2025,1
3DD.0078E13C95,Mark,WELH - Wells Hatchery,7/24/2025,WELSBR - Starr Boat Ramp on west shore 5 km upstream of Wells Dam,7/24/2025,7/24/2025,1
3DD.0078E13C96,Mark,WELH - Wells Hatchery,7/24/2025,WELSBR - Starr Boat Ramp on west shore 5 km upstream of Wells Dam,7/24/2025,7/24/2025,1
3DD.0078E13C97,Mark,WELH - Wells Hatchery,7/24/2025,WELSBR - Starr Boat Ramp on west shore 5 km upstream of Wells Dam,7/24/2025,7/24/2025,1
3DD.0078E13C98,Mark,WELH - Wells Hatchery,7/24/2025,WELSBR - Starr Boat Ramp on west shore 5 km upstream of Wells Dam,7/24/2025,7/24/2025,1
3DD.0078E13C99,Mark,WELH - Wells Hatchery,7/24/2025,WELSBR - Starr Boat Ramp on west shore 5 km upstream of Wells Dam,7/24/2025,7/24/2025,1
3DD.0078E13C9A,Mark,WELH - Wells Hatchery,7/17/2025,WELSBR - Starr Boat Ramp on west shore 5 km upstream of Wells Dam,7/17/2025,7/17/2025,1
3DD.0078E13C9B,Mark,WELH - Wells Hatchery,7/24/2025,WELSBR - Starr Boat Ramp on west shore 5 km upstream of Wells Dam,7/24/2025,7/24/2025,1
3DD.0078E13C9C,Mark,WELH - Wells Hatchery,7/17/2025,WELSBR - Starr Boat Ramp on west shore 5 km upstream of Wells Dam,7/17/2025,7/17/2025,1
3DD.0078E13C9D,Mark,WELH - Wells Hatchery,7/17/2025,WELSBR - Starr Boat Ramp on west shore 5 km upstream of Wells Dam,7/17/2025,7/17/2025,1
3DD.0078E13C9E,Mark,WELH - Wells Hatchery,7/24/2025,WELSBR - Starr Boat Ramp on west shore 5 km upstream of Wells Dam,7/24/2025,7/24/2025,1
3DD.0078E13C9F,Mark,WELH - Wells Hatchery,7/24/2025,WELSBR - Starr Boat Ramp on west shore 5 km upstream of Wells Dam,7/24/2025,7/24/2025,1
3DD.0078E13CA0,Mark,WELH - Wells Hatchery,7/24/2025,WELSBR - Starr Boat Ramp on west shore 5 km upstream of Wells Dam,7/24/2025,7/24/2025,1
3DD.0078E13CA1,Mark,WELH - Wells Hatchery,7/24/2025,WELSBR - Starr Boat Ramp on west shore 5 km upstream of Wells Dam,7/24/2025,7/24/2025,1
3DD.0078E13CA2,Mark,WELH - Wells Hatchery,7/17/2025,WELSBR - Starr Boat Ramp on west shore 5 km upstream of Wells Dam,7/17/2025,7/17/2025,1
3DD.0078E13CA3,Mark,WELH - Wells Hatchery,7/24/2025,WELSBR - Starr Boat Ramp on west shore 5 km upstream of Wells Dam,7/24/2025,7/24/2025,1
3DD.0078E13CA4,Mark,WELH - Wells Hatchery,7/24/2025,WELSBR - Starr Boat Ramp on west shore 5 km upstream of Wells Dam,7/24/2025,7/24/2025,1
3DD.0078E13CA5,Mark,WELH - Wells Hatchery,7/24/2025,WELSBR - Starr Boat Ramp on west shore 5 km upstream of Wells Dam,7/24/2025,7/24/2025,1
3DD.0078E13CA6,Mark,WELH - Wells Hatchery,7/24/2025,WELSBR - Starr Boat Ramp on west shore 5 km upstream of Wells Dam,7/24/2025,7/24/2025,1
3DD.0078E13CA7,Mark,WELH - Wells Hatchery,7/24/2025,WELSBR - Starr Boat Ramp on west shore 5 km upstream of Wells Dam,7/24/2025,7/24/2025,1
3DD.0078E13CA8,Mark,WELH - Wells Hatchery,7/24/2025,WELSBR - Starr Boat Ramp on west shore 5 km upstream of Wells Dam,7/24/2025,7/24/2025,1
3DD.0078E13CA9,Mark,WELH - Wells Hatchery,7/17/2025,WELSBR - Starr Boat Ramp on west shore 5 km upstream of Wells Dam,7/17/2025,7/17/2025,1
3DD.0078E13CAA,Mark,WELH - Wells Hatchery,7/17/2025,WELSBR - Starr Boat Ramp on west shore 5 km upstream of Wells Dam,7/17/2025,7/17/2025,1
3DD.0078E13CAB,Mark,WELH - Wells Hatchery,7/17/2025,"COLR7 - Columbia River - Lower Crab Creek to Chelan Falls, WA (km 661-809)",7/23/2025,7/17/2025,1
3DD.0078E13CAC,Mark,WELH - Wells Hatchery,7/24/2025,WELSBR - Starr Boat Ramp on west shore 5 km upstream of Wells Dam,7/24/2025,7/24/2025,1
3DD.0078E13CAD,Mark,WELH - Wells Hatchery,7/17/2025,"COLR7 - Columbia River - Lower Crab Creek to Chelan Falls, WA (km 661-809)",7/23/2025,7/17/2025,1
3DD.0078E13CAE,Mark,WELH - Wells Hatchery,7/24/2025,WELSBR - Starr Boat Ramp on west shore 5 km upstream of Wells Dam,7/24/2025,7/24/2025,1
3DD.0078E13CAF,Mark,WELH - Wells Hatchery,7/24/2025,WELSBR - Starr Boat Ramp on west shore 5 km upstream of Wells Dam,7/24/2025,7/24/2025,1
3DD.0078E13CB0,Mark,WELH - Wells Hatchery,7/24/2025,WELSBR - Starr Boat Ramp on west shore 5 km upstream of Wells Dam,7/24/2025,7/24/2025,1
3DD.0078E13CB1,Mark,WELH - Wells Hatchery,7/24/2025,WELSBR - Starr Boat Ramp on west shore 5 km upstream of Wells Dam,7/24/2025,7/24/2025,1
3DD.0078E13CB2,Mark,WELH - Wells Hatchery,7/24/2025,WELSBR - Starr Boat Ramp on west shore 5 km upstream of Wells Dam,7/24/2025,7/24/2025,1
3DD.0078E13CB3,Mark,WELH - Wells Hatchery,7/24/2025,WELSBR - Starr Boat Ramp on west shore 5 km upstream of Wells Dam,7/24/2025,7/24/2025,1
3DD.0078E13CB4,Mark,WELH - Wells Hatchery,7/24/2025,WELSBR - Starr Boat Ramp on west shore 5 km upstream of Wells Dam,7/24/2025,7/24/2025,1
3DD.0078E13CB5,Mark,WELH - Wells Hatchery,7/24/2025,WELSBR - Starr Boat Ramp on west shore 5 km upstream of Wells Dam,7/24/2025,7/24/2025,1
3DD.0078E13CB6,Mark,WELH - Wells Hatchery,7/24/2025,WELSBR - Starr Boat Ramp on west shore 5 km upstream of Wells Dam,7/24/2025,7/24/2025,1
3DD.0078E13CB7,Mark,WELH - Wells Hatchery,7/24/2025,WELSBR - Starr Boat Ramp on west shore 5 km upstream of Wells Dam,7/24/2025,7/24/2025,1
3DD.0078E13CB8,Mark,WELH - Wells Hatchery,7/24/2025,WELSBR - Starr Boat Ramp on west shore 5 km upstream of Wells Dam,7/24/2025,7/24/2025,1
3DD.0078E13CB9,Mark,WELH - Wells Hatchery,7/24/2025,WELSBR - Starr Boat Ramp on west shore 5 km upstream of Wells Dam,7/24/2025,7/24/2025,1
3DD.0078E13CBA,Mark,WELH - Wells Hatchery,7/24/2025,WELSBR - Starr Boat Ramp on west shore 5 km upstream of Wells Dam,7/24/2025,7/24/2025,1
3DD.0078E13CBB,Mark,WELH - Wells Hatchery,7/24/2025,WELSBR - Starr Boat Ramp on west shore 5 km upstream of Wells Dam,7/24/2025,7/24/2025,1
3DD.0078E13CBC,Mark,WELH - Wells Hatchery,7/24/2025,WELSBR - Starr Boat Ramp on west shore 5 km upstream of Wells Dam,7/24/2025,7/24/2025,1
3DD.0078E13CBD,Mark,WELH - Wells Hatchery,7/24/2025,WELSBR - Starr Boat Ramp on west shore 5 km upstream of Wells Dam,7/24/2025,7/24/2025,1
3DD.0078E13CBE,Mark,WELH - Wells Hatchery,7/17/2025,WELSBR - Starr Boat Ramp on west shore 5 km upstream of Wells Dam,7/17/2025,7/17/2025,1
3DD.0078E13CBF,Mark,WELH - Wells Hatchery,7/17/2025,WELSBR - Starr Boat Ramp on west shore 5 km upstream of Wells Dam,7/17/2025,7/17/2025,1
3DD.0078E13CC0,Mark,WELH - Wells Hatchery,7/24/2025,WELSBR - Starr Boat Ramp on west shore 5 km upstream of Wells Dam,7/24/2025,7/24/2025,1
3DD.0078E13CC1,Mark,WELH - Wells Hatchery,7/17/2025,WELSBR - Starr Boat Ramp on west shore 5 km upstream of Wells Dam,7/17/2025,7/17/2025,1
3DD.0078E13CC2,Mark,WELH - Wells Hatchery,7/24/2025,WELSBR - Starr Boat Ramp on west shore 5 km upstream of Wells Dam,7/24/2025,7/24/2025,1
3DD.0078E13CC3,Mark,WELH - Wells Hatchery,7/24/2025,WELSBR - Starr Boat Ramp on west shore 5 km upstream of Wells Dam,7/24/2025,7/24/2025,1
3DD.0078E13CC4,Mark,WELH - Wells Hatchery,7/24/2025,WELSBR - Starr Boat Ramp on west shore 5 km upstream of Wells Dam,7/24/2025,7/24/2025,1
3DD.0078E13CC5,Mark,WELH - Wells Hatchery,7/17/2025,"COLR7 - Columbia River - Lower Crab Creek to Chelan Falls, WA (km 661-809)",7/23/2025,7/17/2025,1
3DD.0078E13CC6,Mark,WELH - Wells Hatchery,7/17/2025,WELSBR - Starr Boat Ramp on west shore 5 km upstream of Wells Dam,7/17/2025,7/17/2025,1
3DD.0078E13CC7,Mark,WELH - Wells Hatchery,7/24/2025,WELSBR - Starr Boat Ramp on west shore 5 km upstream of Wells Dam,7/24/2025,7/24/2025,1
3DD.0078E13CC8,Mark,WELH - Wells Hatchery,7/24/2025,WELSBR - Starr Boat Ramp on west shore 5 km upstream of Wells Dam,7/24/2025,7/24/2025,1
3DD.0078E13CC9,Mark,WELH - Wells Hatchery,7/24/2025,WELSBR - Starr Boat Ramp on west shore 5 km upstream of Wells Dam,7/24/2025,7/24/2025,1
3DD.0078E13CCA,Mark,WELH - Wells Hatchery,7/24/2025,WELSBR - Starr Boat Ramp on west shore 5 km upstream of Wells Dam,7/24/2025,7/24/2025,1
3DD.0078E13CCB,Mark,WELH - Wells Hatchery,7/24/2025,WELSBR - Starr Boat Ramp on west shore 5 km upstream of Wells Dam,7/24/2025,7/24/2025,1
3DD.0078E13CCC,Mark,WELH - Wells Hatchery,7/24/2025,WELSBR - Starr Boat Ramp on west shore 5 km upstream of Wells Dam,7/24/2025,7/24/2025,1
3DD.0078E13CCD,Mark,WELH - Wells Hatchery,7/24/2025,WELSBR - Starr Boat Ramp on west shore 5 km upstream of Wells Dam,7/24/2025,7/24/2025,1
3DD.0078E13CCE,Mark,WELH - Wells Hatchery,7/24/2025,WELSBR - Starr Boat Ramp on west shore 5 km upstream of Wells Dam,7/24/2025,7/24/2025,1
3DD.0078E13CCF,Mark,WELH - Wells Hatchery,7/24/2025,WELSBR - Starr Boat Ramp on west shore 5 km upstream of Wells Dam,7/24/2025,7/24/2025,1
3DD.0078E13CD0,Mark,WELH - Wells Hatchery,7/24/2025,WELSBR - Starr Boat Ramp on west shore 5 km upstream of Wells Dam,7/24/2025,7/24/2025,1
3DD.0078E13CD1,Mark,WELH - Wells Hatchery,7/24/2025,WELSBR - Starr Boat Ramp on west shore 5 km upstream of Wells Dam,7/24/2025,7/24/2025,1
3DD.0078E13CD2,Mark,WELH - Wells Hatchery,7/24/2025,WELSBR - Starr Boat Ramp on west shore 5 km upstream of Wells Dam,7/24/2025,7/24/2025,1
3DD.0078E13CD3,Mark,WELH - Wells Hatchery,7/24/2025,WELSBR - Starr Boat Ramp on west shore 5 km upstream of Wells Dam,7/24/2025,7/24/2025,1
3DD.0078E13CD4,Mark,WELH - Wells Hatchery,7/24/2025,WELSBR - Starr Boat Ramp on west shore 5 km upstream of Wells Dam,7/24/2025,7/24/2025,1
3DD.0078E13CD5,Mark,WELH - Wells Hatchery,7/24/2025,WELSBR - Starr Boat Ramp on west shore 5 km upstream of Wells Dam,7/24/2025,7/24/2025,1
3DD.0078E13CD6,Mark,WELH - Wells Hatchery,7/24/2025,WELSBR - Starr Boat Ramp on west shore 5 km upstream of Wells Dam,7/24/2025,7/24/2025,1
3DD.0078E13CD7,Mark,WELH - Wells Hatchery,7/24/2025,WELSBR - Starr Boat Ramp on west shore 5 km upstream of Wells Dam,7/24/2025,7/24/2025,1
3DD.0078E13CD8,Mark,WELH - Wells Hatchery,7/24/2025,WELSBR - Starr Boat Ramp on west shore 5 km upstream of Wells Dam,7/24/2025,7/24/2025,1
3DD.0078E13CD9,Mark,WELH - Wells Hatchery,7/24/2025,WELSBR - Starr Boat Ramp on west shore 5 km upstream of Wells Dam,7/24/2025,7/24/2025,1
3DD.0078E13CDA,Mark,WELH - Wells Hatchery,7/24/2025,WELSBR - Starr Boat Ramp on west shore 5 km upstream of Wells Dam,7/24/2025,7/24/2025,1
3DD.0078E13CDB,Mark,WELH - Wells Hatchery,7/24/2025,WELSBR - Starr Boat Ramp on west shore 5 km upstream of Wells Dam,7/24/2025,7/24/2025,1
3DD.0078E13CDC,Mark,WELH - Wells Hatchery,7/24/2025,WELSBR - Starr Boat Ramp on west shore 5 km upstream of Wells Dam,7/24/2025,7/24/2025,1
3DD.0078E13CDD,Mark,WELH - Wells Hatchery,7/24/2025,WELSBR - Starr Boat Ramp on west shore 5 km upstream of Wells Dam,7/24/2025,7/24/2025,1
3DD.0078E13CDE,Mark,WELH - Wells Hatchery,7/24/2025,WELSBR - Starr Boat Ramp on west shore 5 km upstream of Wells Dam,7/24/2025,7/24/2025,1
3DD.0078E13CDF,Mark,WELH - Wells Hatchery,7/24/2025,WELSBR - Starr Boat Ramp on west shore 5 km upstream of Wells Dam,7/24/2025,7/24/2025,1
3DD.0078E13CE0,Mark,WELH - Wells Hatchery,7/24/2025,WELSBR - Starr Boat Ramp on west shore 5 km upstream of Wells Dam,7/24/2025,7/24/2025,1
3DD.0078E13CE1,Mark,WELH - Wells Hatchery,7/24/2025,WELSBR - Starr Boat Ramp on west shore 5 km upstream of Wells Dam,7/24/2025,7/24/2025,1
3DD.0078E13CE2,Mark,WELH - Wells Hatchery,7/24/2025,WELSBR - Starr Boat Ramp on west shore 5 km upstream of Wells Dam,7/24/2025,7/24/2025,1
3DD.0078E13CE3,Mark,WELH - Wells Hatchery,7/24/2025,WELSBR - Starr Boat Ramp on west shore 5 km upstream of Wells Dam,7/24/2025,7/24/2025,1
3DD.0078E13CE4,Mark,WELH - Wells Hatchery,7/24/2025,WELSBR - Starr Boat Ramp on west shore 5 km upstream of Wells Dam,7/24/2025,7/24/2025,1
3DD.0078E13CE5,Mark,WELH - Wells Hatchery,7/24/2025,WELSBR - Starr Boat Ramp on west shore 5 km upstream of Wells Dam,7/24/2025,7/24/2025,1
3DD.0078E13CE6,Mark,WELH - Wells Hatchery,7/24/2025,WELSBR - Starr Boat Ramp on west shore 5 km upstream of Wells Dam,7/24/2025,7/24/2025,1
3DD.0078E13CE7,Mark,WELH - Wells Hatchery,7/24/2025,WELSBR - Starr Boat Ramp on west shore 5 km upstream of Wells Dam,7/24/2025,7/24/2025,1
3DD.0078E13CE8,Mark,WELH - Wells Hatchery,7/24/2025,WELSBR - Starr Boat Ramp on west shore 5 km upstream of Wells Dam,7/24/2025,7/24/2025,1
3DD.0078E13CE9,Mark,WELH - Wells Hatchery,7/24/2025,WELSBR - Starr Boat Ramp on west shore 5 km upstream of Wells Dam,7/24/2025,7/24/2025,1
3DD.0078E13CEA,Mark,WELH - Wells Hatchery,7/24/2025,WELSBR - Starr Boat Ramp on west shore 5 km upstream of Wells Dam,7/24/2025,7/24/2025,1
3DD.0078E13CEB,Mark,WELH - Wells Hatchery,7/24/2025,WELSBR - Starr Boat Ramp on west shore 5 km upstream of Wells Dam,7/24/2025,7/24/2025,1
3DD.0078E13CEC,Mark,WELH - Wells Hatchery,7/24/2025,WELSBR - Starr Boat Ramp on west shore 5 km upstream of Wells Dam,7/24/2025,7/24/2025,1
3DD.0078E13CED,Mark,WELH - Wells Hatchery,7/24/2025,WELSBR - Starr Boat Ramp on west shore 5 km upstream of Wells Dam,7/24/2025,7/24/2025,1
3DD.0078E13CEE,Mark,WELH - Wells Hatchery,7/24/2025,WELSBR - Starr Boat Ramp on west shore 5 km upstream of Wells Dam,7/24/2025,7/24/2025,1
3DD.0078E13CEF,Mark,WELH - Wells Hatchery,7/24/2025,WELSBR - Starr Boat Ramp on west shore 5 km upstream of Wells Dam,7/24/2025,7/24/2025,1
3DD.0078E13CF0,Mark,WELH - Wells Hatchery,7/24/2025,WELSBR - Starr Boat Ramp on west shore 5 km upstream of Wells Dam,7/24/2025,7/24/2025,1
3DD.0078E13CF1,Mark,WELH - Wells Hatchery,7/24/2025,WELSBR - Starr Boat Ramp on west shore 5 km upstream of Wells Dam,7/24/2025,7/24/2025,1
3DD.0078E13CF2,Mark,WELH - Wells Hatchery,7/24/2025,WELSBR - Starr Boat Ramp on west shore 5 km upstream of Wells Dam,7/24/2025,7/24/2025,1
3DD.0078E13CF3,Mark,WELH - Wells Hatchery,7/24/2025,WELSBR - Starr Boat Ramp on west shore 5 km upstream of Wells Dam,7/24/2025,7/24/2025,1
3DD.0078E13CF4,Mark,WELH - Wells Hatchery,7/24/2025,WELSBR - Starr Boat Ramp on west shore 5 km upstream of Wells Dam,7/24/2025,7/24/2025,1
3DD.0078E13CF5,Mark,WELH - Wells Hatchery,7/24/2025,WELSBR - Starr Boat Ramp on west shore 5 km upstream of Wells Dam,7/24/2025,7/24/2025,1
3DD.0078E13CF6,Mark,WELH - Wells Hatchery,7/24/2025,WELSBR - Starr Boat Ramp on west shore 5 km upstream of Wells Dam,7/24/2025,7/24/2025,1
3DD.0078E13CF7,Mark,WELH - Wells Hatchery,7/24/2025,WELSBR - Starr Boat Ramp on west shore 5 km upstream of Wells Dam,7/24/2025,7/24/2025,1
3DD.0078E13CF8,Mark,WELH - Wells Hatchery,7/24/2025,WELSBR - Starr Boat Ramp on west shore 5 km upstream of Wells Dam,7/24/2025,7/24/2025,1
3DD.0078E13CF9,Mark,WELH - Wells Hatchery,7/31/2025,WELSBR - Starr Boat Ramp on west shore 5 km upstream of Wells Dam,7/31/2025,7/31/2025,1
3DD.0078E13CFB,Mark,WELH - Wells Hatchery,7/31/2025,WELSBR - Starr Boat Ramp on west shore 5 km upstream of Wells Dam,7/31/2025,7/31/2025,1
3DD.0078E13CFC,Mark,WELH - Wells Hatchery,7/31/2025,WELSBR - Starr Boat Ramp on west shore 5 km upstream of Wells Dam,7/31/2025,7/31/2025,1
3DD.0078E13CFD,Mark,WELH - Wells Hatchery,7/24/2025,WELSBR - Starr Boat Ramp on west shore 5 km upstream of Wells Dam,7/24/2025,7/24/2025,1
3DD.0078E13CFF,Mark,WELH - Wells Hatchery,7/31/2025,WELSBR - Starr Boat Ramp on west shore 5 km upstream of Wells Dam,7/31/2025,7/31/2025,1
3DD.0078E13D00,Mark,WELH - Wells Hatchery,7/31/2025,WELSBR - Starr Boat Ramp on west shore 5 km upstream of Wells Dam,7/31/2025,7/31/2025,1
3DD.0078E13D07,Mark,WELH - Wells Hatchery,7/24/2025,WELSBR - Starr Boat Ramp on west shore 5 km upstream of Wells Dam,7/24/2025,7/24/2025,1
3DD.0078E13D09,Mark,WELH - Wells Hatchery,7/24/2025,WELSBR - Starr Boat Ramp on west shore 5 km upstream of Wells Dam,7/24/2025,7/24/2025,1
3DD.0078E13D0A,Mark,WELH - Wells Hatchery,7/31/2025,WELSBR - Starr Boat Ramp on west shore 5 km upstream of Wells Dam,7/31/2025,7/31/2025,1
3DD.0078E13D0B,Mark,WELH - Wells Hatchery,7/31/2025,WELSBR - Starr Boat Ramp on west shore 5 km upstream of Wells Dam,7/31/2025,7/31/2025,1
3DD.0078E13D0E,Mark,WELH - Wells Hatchery,7/31/2025,WELSBR - Starr Boat Ramp on west shore 5 km upstream of Wells Dam,7/31/2025,7/31/2025,1
3DD.0078E13D0F,Mark,WELH - Wells Hatchery,7/24/2025,WELSBR - Starr Boat Ramp on west shore 5 km upstream of Wells Dam,7/24/2025,7/24/2025,1
3DD.0078E13D12,Mark,WELH - Wells Hatchery,7/31/2025,WELSBR - Starr Boat Ramp on west shore 5 km upstream of Wells Dam,7/31/2025,7/31/2025,1
3DD.0078E13D15,Mark,WELH - Wells Hatchery,7/24/2025,WELSBR - Starr Boat Ramp on west shore 5 km upstream of Wells Dam,7/24/2025,7/24/2025,1
3DD.0078E13D16,Mark,WELH - Wells Hatchery,7/24/2025,WELSBR - Starr Boat Ramp on west shore 5 km upstream of Wells Dam,7/24/2025,7/24/2025,1
3DD.0078E13D17,Mark,WELH - Wells Hatchery,7/31/2025,WELSBR - Starr Boat Ramp on west shore 5 km upstream of Wells Dam,7/31/2025,7/31/2025,1
3DD.0078E13D18,Mark,WELH - Wells Hatchery,7/31/2025,WELSBR - Starr Boat Ramp on west shore 5 km upstream of Wells Dam,7/31/2025,7/31/2025,1
3DD.0078E13D19,Mark,WELH - Wells Hatchery,7/31/2025,WELSBR - Starr Boat Ramp on west shore 5 km upstream of Wells Dam,7/31/2025,7/31/2025,1
3DD.0078E13D1A,Mark,WELH - Wells Hatchery,7/31/2025,WELSBR - Starr Boat Ramp on west shore 5 km upstream of Wells Dam,7/31/2025,7/31/2025,1
3DD.0078E13D1E,Mark,WELH - Wells Hatchery,7/31/2025,WELSBR - Starr Boat Ramp on west shore 5 km upstream of Wells Dam,7/31/2025,7/31/2025,1
3DD.0078E13D1F,Mark,WELH - Wells Hatchery,7/31/2025,WELSBR - Starr Boat Ramp on west shore 5 km upstream of Wells Dam,7/31/2025,7/31/2025,1
3DD.0078E13D21,Mark,WELH - Wells Hatchery,7/31/2025,WELSBR - Starr Boat Ramp on west shore 5 km upstream of Wells Dam,7/31/2025,7/31/2025,1
3DD.0078E13D22,Mark,WELH - Wells Hatchery,7/24/2025,WELSBR - Starr Boat Ramp on west shore 5 km upstream of Wells Dam,7/24/2025,7/24/2025,1
3DD.0078E13D24,Mark,WELH - Wells Hatchery,7/31/2025,WELSBR - Starr Boat Ramp on west shore 5 km upstream of Wells Dam,7/31/2025,7/31/2025,1
3DD.0078E13D26,Mark,WELH - Wells Hatchery,7/31/2025,WELSBR - Starr Boat Ramp on west shore 5 km upstream of Wells Dam,7/31/2025,7/31/2025,1
3DD.0078E13D27,Mark,WELH - Wells Hatchery,7/31/2025,WELSBR - Starr Boat Ramp on west shore 5 km upstream of Wells Dam,7/31/2025,7/31/2025,1
3DD.0078E13D2B,Mark,WELH - Wells Hatchery,7/31/2025,WELSBR - Starr Boat Ramp on west shore 5 km upstream of Wells Dam,7/31/2025,7/31/2025,1
3DD.0078E13D2C,Mark,WELH - Wells Hatchery,7/24/2025,WELSBR - Starr Boat Ramp on west shore 5 km upstream of Wells Dam,7/24/2025,7/24/2025,1
3DD.0078E13D2F,Mark,WELH - Wells Hatchery,7/31/2025,WELSBR - Starr Boat Ramp on west shore 5 km upstream of Wells Dam,7/31/2025,7/31/2025,1
3DD.0078E13D30,Mark,WELH - Wells Hatchery,7/31/2025,WELSBR - Starr Boat Ramp on west shore 5 km upstream of Wells Dam,7/31/2025,7/31/2025,1
3DD.0078E13D33,Mark,WELH - Wells Hatchery,7/31/2025,WELSBR - Starr Boat Ramp on west shore 5 km upstream of Wells Dam,7/31/2025,7/31/2025,1
3DD.0078E13D34,Mark,WELH - Wells Hatchery,7/31/2025,WELSBR - Starr Boat Ramp on west shore 5 km upstream of Wells Dam,7/31/2025,7/31/2025,1
3DD.0078E13D35,Mark,WELH - Wells Hatchery,7/31/2025,WELSBR - Starr Boat Ramp on west shore 5 km upstream of Wells Dam,7/31/2025,7/31/2025,1
3DD.0078E13D37,Mark,WELH - Wells Hatchery,7/24/2025,WELSBR - Starr Boat Ramp on west shore 5 km upstream of Wells Dam,7/24/2025,7/24/2025,1
3DD.0078E13D38,Mark,WELH - Wells Hatchery,7/31/2025,WELSBR - Starr Boat Ramp on west shore 5 km upstream of Wells Dam,7/31/2025,7/31/2025,1
3DD.0078E13D39,Mark,WELH - Wells Hatchery,7/31/2025,WELSBR - Starr Boat Ramp on west shore 5 km upstream of Wells Dam,7/31/2025,7/31/2025,1
3DD.0078E13D3A,Mark,WELH - Wells Hatchery,7/31/2025,WELSBR - Starr Boat Ramp on west shore 5 km upstream of Wells Dam,7/31/2025,7/31/2025,1
3DD.0078E13D3B,Mark,WELH - Wells Hatchery,7/24/2025,WELSBR - Starr Boat Ramp on west shore 5 km upstream of Wells Dam,7/24/2025,7/24/2025,1
3DD.0078E13D3C,Mark,WELH - Wells Hatchery,7/31/2025,WELSBR - Starr Boat Ramp on west shore 5 km upstream of Wells Dam,7/31/2025,7/31/2025,1
3DD.0078E13D3D,Mark,WELH - Wells Hatchery,7/31/2025,WELSBR - Starr Boat Ramp on west shore 5 km upstream of Wells Dam,7/31/2025,7/31/2025,1
3DD.0078E13D40,Mark,WELH - Wells Hatchery,7/31/2025,WELSBR - Starr Boat Ramp on west shore 5 km upstream of Wells Dam,7/31/2025,7/31/2025,1
3DD.0078E13D41,Mark,WELH - Wells Hatchery,7/31/2025,WELSBR - Starr Boat Ramp on west shore 5 km upstream of Wells Dam,7/31/2025,7/31/2025,1
3DD.0078E13D44,Mark,WELH - Wells Hatchery,7/31/2025,WELSBR - Starr Boat Ramp on west shore 5 km upstream of Wells Dam,7/31/2025,7/31/2025,1
3DD.0078E13D45,Mark,WELH - Wells Hatchery,7/31/2025,WELSBR - Starr Boat Ramp on west shore 5 km upstream of Wells Dam,7/31/2025,7/31/2025,1
3DD.0078E13D46,Mark,WELH - Wells Hatchery,7/24/2025,WELSBR - Starr Boat Ramp on west shore 5 km upstream of Wells Dam,7/24/2025,7/24/2025,1
3DD.0078E13D4B,Mark,WELH - Wells Hatchery,7/31/2025,WELSBR - Starr Boat Ramp on west shore 5 km upstream of Wells Dam,7/31/2025,7/31/2025,1
3DD.0078E13D4C,Mark,WELH - Wells Hatchery,7/31/2025,WELSBR - Starr Boat Ramp on west shore 5 km upstream of Wells Dam,7/31/2025,7/31/2025,1
3DD.0078E13D4F,Mark,WELH - Wells Hatchery,7/31/2025,WELSBR - Starr Boat Ramp on west shore 5 km upstream of Wells Dam,7/31/2025,7/31/2025,1
3DD.0078E13D55,Mark,WELH - Wells Hatchery,7/24/2025,WELSBR - Starr Boat Ramp on west shore 5 km upstream of Wells Dam,7/24/2025,7/24/2025,1
3DD.0078E13D57,Mark,WELH - Wells Hatchery,7/24/2025,WELSBR - Starr Boat Ramp on west shore 5 km upstream of Wells Dam,7/24/2025,7/24/2025,1
3DD.0078E13D59,Mark,WELH - Wells Hatchery,7/31/2025,WELSBR - Starr Boat Ramp on west shore 5 km upstream of Wells Dam,7/31/2025,7/31/2025,1
3DD.0078E13D5B,Mark,WELH - Wells Hatchery,7/31/2025,WELSBR - Starr Boat Ramp on west shore 5 km upstream of Wells Dam,7/31/2025,7/31/2025,1
3DD.0078E13D5C,Mark,WELH - Wells Hatchery,8/15/2024,WELSBR - Starr Boat Ramp on west shore 5 km upstream of Wells Dam,8/15/2024,8/15/2024,1
3DD.0078E13D5D,Mark,WELH - Wells Hatchery,8/15/2024,WELSBR - Starr Boat Ramp on west shore 5 km upstream of Wells Dam,8/15/2024,8/15/2024,1
3DD.0078E13D5E,Mark,WELH - Wells Hatchery,8/20/2024,"COLR8 - Columbia River - Chelan Falls, WA to Grand Coulee Dam (km 809-960)",8/21/2024,8/20/2024,1
3DD.0078E13D5F,Mark,WELH - Wells Hatchery,8/15/2024,WELSBR - Starr Boat Ramp on west shore 5 km upstream of Wells Dam,8/15/2024,8/15/2024,1
3DD.0078E13D60,Mark,WELH - Wells Hatchery,8/15/2024,WELSBR - Starr Boat Ramp on west shore 5 km upstream of Wells Dam,8/15/2024,8/15/2024,1
3DD.0078E13D61,Mark,WELH - Wells Hatchery,8/15/2024,WELSBR - Starr Boat Ramp on west shore 5 km upstream of Wells Dam,8/15/2024,8/15/2024,1
3DD.0078E13D62,Mark,WELH - Wells Hatchery,8/20/2024,"COLR8 - Columbia River - Chelan Falls, WA to Grand Coulee Dam (km 809-960)",8/21/2024,8/20/2024,1
3DD.0078E13D63,Mark,WELH - Wells Hatchery,8/15/2024,WELSBR - Starr Boat Ramp on west shore 5 km upstream of Wells Dam,8/15/2024,8/15/2024,1
3DD.0078E13D64,Mark,WELH - Wells Hatchery,8/15/2024,WELSBR - Starr Boat Ramp on west shore 5 km upstream of Wells Dam,8/15/2024,8/15/2024,1
3DD.0078E13D65,Mark,WELH - Wells Hatchery,8/15/2024,WELSBR - Starr Boat Ramp on west shore 5 km upstream of Wells Dam,8/15/2024,8/15/2024,1
3DD.0078E13D66,Mark,WELH - Wells Hatchery,8/15/2024,WELSBR - Starr Boat Ramp on west shore 5 km upstream of Wells Dam,8/15/2024,8/15/2024,1
3DD.0078E13D67,Mark,WELH - Wells Hatchery,8/15/2024,WELSBR - Starr Boat Ramp on west shore 5 km upstream of Wells Dam,8/15/2024,8/15/2024,1
3DD.0078E13D68,Mark,WELH - Wells Hatchery,8/15/2024,WELSBR - Starr Boat Ramp on west shore 5 km upstream of Wells Dam,8/15/2024,8/15/2024,1
3DD.0078E13D69,Mark,WELH - Wells Hatchery,8/15/2024,WELSBR - Starr Boat Ramp on west shore 5 km upstream of Wells Dam,8/15/2024,8/15/2024,1
3DD.0078E13D6A,Mark,WELH - Wells Hatchery,8/18/2024,"COLR8 - Columbia River - Chelan Falls, WA to Grand Coulee Dam (km 809-960)",8/19/2024,8/18/2024,1
3DD.0078E13D6B,Mark,WELH - Wells Hatchery,8/15/2024,WELSBR - Starr Boat Ramp on west shore 5 km upstream of Wells Dam,8/15/2024,8/15/2024,1
3DD.0078E13D6C,Mark,WELH - Wells Hatchery,8/15/2024,WELSBR - Starr Boat Ramp on west shore 5 km upstream of Wells Dam,8/15/2024,8/15/2024,1
3DD.0078E13D6D,Mark,WELH - Wells Hatchery,8/15/2024,WELSBR - Starr Boat Ramp on west shore 5 km upstream of Wells Dam,8/15/2024,8/15/2024,1
3DD.0078E13D6E,Mark,WELH - Wells Hatchery,8/15/2024,WELSBR - Starr Boat Ramp on west shore 5 km upstream of Wells Dam,8/15/2024,8/15/2024,1
3DD.0078E13D6F,Mark,WELH - Wells Hatchery,8/15/2024,WELSBR - Starr Boat Ramp on west shore 5 km upstream of Wells Dam,8/15/2024,8/15/2024,1
3DD.0078E13D70,Mark,WELH - Wells Hatchery,8/15/2024,WELSBR - Starr Boat Ramp on west shore 5 km upstream of Wells Dam,8/15/2024,8/15/2024,1
3DD.0078E13D71,Mark,WELH - Wells Hatchery,8/20/2024,"COLR8 - Columbia River - Chelan Falls, WA to Grand Coulee Dam (km 809-960)",8/21/2024,8/20/2024,1
3DD.0078E13D72,Mark,WELH - Wells Hatchery,8/15/2024,WELSBR - Starr Boat Ramp on west shore 5 km upstream of Wells Dam,8/15/2024,8/15/2024,1
3DD.0078E13D73,Mark,WELH - Wells Hatchery,8/15/2024,WELSBR - Starr Boat Ramp on west shore 5 km upstream of Wells Dam,8/15/2024,8/15/2024,1
3DD.0078E13D74,Mark,WELH - Wells Hatchery,8/19/2024,"COLR8 - Columbia River - Chelan Falls, WA to Grand Coulee Dam (km 809-960)",8/20/2024,8/19/2024,1
3DD.0078E13D75,Mark,WELH - Wells Hatchery,8/15/2024,WELSBR - Starr Boat Ramp on west shore 5 km upstream of Wells Dam,8/15/2024,8/15/2024,1
3DD.0078E13D76,Mark,WELH - Wells Hatchery,8/15/2024,WELSBR - Starr Boat Ramp on west shore 5 km upstream of Wells Dam,8/15/2024,8/15/2024,1
3DD.0078E13D77,Mark,WELH - Wells Hatchery,8/15/2024,WELSBR - Starr Boat Ramp on west shore 5 km upstream of Wells Dam,8/15/2024,8/15/2024,1
3DD.0078E13D78,Mark,WELH - Wells Hatchery,8/15/2024,WELSBR - Starr Boat Ramp on west shore 5 km upstream of Wells Dam,8/15/2024,8/15/2024,1
3DD.0078E13D79,Mark,WELH - Wells Hatchery,8/15/2024,WELSBR - Starr Boat Ramp on west shore 5 km upstream of Wells Dam,8/15/2024,8/15/2024,1
3DD.0078E13D7A,Mark,WELH - Wells Hatchery,8/15/2024,WELSBR - Starr Boat Ramp on west shore 5 km upstream of Wells Dam,8/15/2024,8/15/2024,1
3DD.0078E13D7B,Mark,WELH - Wells Hatchery,8/15/2024,WELSBR - Starr Boat Ramp on west shore 5 km upstream of Wells Dam,8/15/2024,8/15/2024,1
3DD.0078E13D7C,Mark,WELH - Wells Hatchery,8/20/2024,"COLR8 - Columbia River - Chelan Falls, WA to Grand Coulee Dam (km 809-960)",8/21/2024,8/20/2024,1
3DD.0078E13D7D,Mark,WELH - Wells Hatchery,8/15/2024,WELSBR - Starr Boat Ramp on west shore 5 km upstream of Wells Dam,8/15/2024,8/15/2024,1
3DD.0078E13D7E,Mark,WELH - Wells Hatchery,8/21/2024,"COLR8 - Columbia River - Chelan Falls, WA to Grand Coulee Dam (km 809-960)",8/22/2024,8/21/2024,1
3DD.0078E13D7F,Mark,WELH - Wells Hatchery,8/15/2024,WELSBR - Starr Boat Ramp on west shore 5 km upstream of Wells Dam,8/15/2024,8/15/2024,1
3DD.0078E13D80,Mark,WELH - Wells Hatchery,8/15/2024,WELSBR - Starr Boat Ramp on west shore 5 km upstream of Wells Dam,8/15/2024,8/15/2024,1
3DD.0078E13D81,Mark,WELH - Wells Hatchery,8/15/2024,WELSBR - Starr Boat Ramp on west shore 5 km upstream of Wells Dam,8/15/2024,8/15/2024,1
3DD.0078E13D82,Mark,WELH - Wells Hatchery,8/15/2024,WELSBR - Starr Boat Ramp on west shore 5 km upstream of Wells Dam,8/15/2024,8/15/2024,1
3DD.0078E13D83,Mark,WELH - Wells Hatchery,8/15/2024,WELSBR - Starr Boat Ramp on west shore 5 km upstream of Wells Dam,8/15/2024,8/15/2024,1
3DD.0078E13D84,Mark,WELH - Wells Hatchery,8/20/2024,"COLR8 - Columbia River - Chelan Falls, WA to Grand Coulee Dam (km 809-960)",8/21/2024,8/20/2024,1
3DD.0078E13D85,Mark,WELH - Wells Hatchery,8/19/2024,"COLR8 - Columbia River - Chelan Falls, WA to Grand Coulee Dam (km 809-960)",8/20/2024,8/19/2024,1
3DD.0078E13D86,Mark,WELH - Wells Hatchery,8/15/2024,WELSBR - Starr Boat Ramp on west shore 5 km upstream of Wells Dam,8/15/2024,8/15/2024,1
3DD.0078E13D87,Mark,WELH - Wells Hatchery,8/15/2024,WELSBR - Starr Boat Ramp on west shore 5 km upstream of Wells Dam,8/15/2024,8/15/2024,1
3DD.0078E13D88,Mark,WELH - Wells Hatchery,8/15/2024,WELSBR - Starr Boat Ramp on west shore 5 km upstream of Wells Dam,8/15/2024,8/15/2024,1
3DD.0078E13D89,Mark,WELH - Wells Hatchery,8/15/2024,WELSBR - Starr Boat Ramp on west shore 5 km upstream of Wells Dam,8/15/2024,8/15/2024,1
3DD.0078E13D8A,Mark,WELH - Wells Hatchery,8/15/2024,WELSBR - Starr Boat Ramp on west shore 5 km upstream of Wells Dam,8/15/2024,8/15/2024,1
3DD.0078E13D8B,Mark,WELH - Wells Hatchery,8/15/2024,WELSBR - Starr Boat Ramp on west shore 5 km upstream of Wells Dam,8/15/2024,8/15/2024,1
3DD.0078E13D8C,Mark,WELH - Wells Hatchery,8/19/2024,"COLR8 - Columbia River - Chelan Falls, WA to Grand Coulee Dam (km 809-960)",8/20/2024,8/19/2024,1
3DD.0078E13D8D,Mark,WELH - Wells Hatchery,8/15/2024,WELSBR - Starr Boat Ramp on west shore 5 km upstream of Wells Dam,8/15/2024,8/15/2024,1
3DD.0078E13D8E,Mark,WELH - Wells Hatchery,8/15/2024,WELSBR - Starr Boat Ramp on west shore 5 km upstream of Wells Dam,8/15/2024,8/15/2024,1
3DD.0078E13D8F,Mark,WELH - Wells Hatchery,8/15/2024,WELSBR - Starr Boat Ramp on west shore 5 km upstream of Wells Dam,8/15/2024,8/15/2024,1
3DD.0078E13D90,Mark,WELH - Wells Hatchery,8/15/2024,WELSBR - Starr Boat Ramp on west shore 5 km upstream of Wells Dam,8/15/2024,8/15/2024,1
3DD.0078E13D91,Mark,WELH - Wells Hatchery,8/15/2024,WELSBR - Starr Boat Ramp on west shore 5 km upstream of Wells Dam,8/15/2024,8/15/2024,1
3DD.0078E13D92,Mark,WELH - Wells Hatchery,8/15/2024,WELSBR - Starr Boat Ramp on west shore 5 km upstream of Wells Dam,8/15/2024,8/15/2024,1
3DD.0078E13D93,Mark,WELH - Wells Hatchery,8/15/2024,WELSBR - Starr Boat Ramp on west shore 5 km upstream of Wells Dam,8/15/2024,8/15/2024,1
3DD.0078E13D94,Mark,WELH - Wells Hatchery,8/18/2024,"COLR8 - Columbia River - Chelan Falls, WA to Grand Coulee Dam (km 809-960)",8/19/2024,8/18/2024,1
3DD.0078E13D95,Mark,WELH - Wells Hatchery,8/15/2024,WELSBR - Starr Boat Ramp on west shore 5 km upstream of Wells Dam,8/15/2024,8/15/2024,1
3DD.0078E13D96,Mark,WELH - Wells Hatchery,8/21/2024,"COLR8 - Columbia River - Chelan Falls, WA to Grand Coulee Dam (km 809-960)",8/22/2024,8/21/2024,1
3DD.0078E13D97,Mark,WELH - Wells Hatchery,8/15/2024,WELSBR - Starr Boat Ramp on west shore 5 km upstream of Wells Dam,8/15/2024,8/15/2024,1
3DD.0078E13D98,Mark,WELH - Wells Hatchery,8/15/2024,WELSBR - Starr Boat Ramp on west shore 5 km upstream of Wells Dam,8/15/2024,8/15/2024,1
3DD.0078E13D99,Mark,WELH - Wells Hatchery,8/19/2024,"COLR8 - Columbia River - Chelan Falls, WA to Grand Coulee Dam (km 809-960)",8/20/2024,8/19/2024,1
3DD.0078E13D9A,Mark,WELH - Wells Hatchery,8/15/2024,WELSBR - Starr Boat Ramp on west shore 5 km upstream of Wells Dam,8/15/2024,8/15/2024,1
3DD.0078E13D9B,Mark,WELH - Wells Hatchery,8/15/2024,WELSBR - Starr Boat Ramp on west shore 5 km upstream of Wells Dam,8/15/2024,8/15/2024,1
3DD.0078E13D9C,Mark,WELH - Wells Hatchery,8/15/2024,WELSBR - Starr Boat Ramp on west shore 5 km upstream of Wells Dam,8/15/2024,8/15/2024,1
3DD.0078E13D9D,Mark,WELH - Wells Hatchery,8/15/2024,WELSBR - Starr Boat Ramp on west shore 5 km upstream of Wells Dam,8/15/2024,8/15/2024,1
3DD.0078E13D9E,Mark,WELH - Wells Hatchery,8/15/2024,WELSBR - Starr Boat Ramp on west shore 5 km upstream of Wells Dam,8/15/2024,8/15/2024,1
3DD.0078E13D9F,Mark,WELH - Wells Hatchery,8/15/2024,WELSBR - Starr Boat Ramp on west shore 5 km upstream of Wells Dam,8/15/2024,8/15/2024,1
3DD.0078E13DA0,Mark,WELH - Wells Hatchery,8/15/2024,WELSBR - Starr Boat Ramp on west shore 5 km upstream of Wells Dam,8/15/2024,8/15/2024,1
3DD.0078E13DA1,Mark,WELH - Wells Hatchery,8/15/2024,WELSBR - Starr Boat Ramp on west shore 5 km upstream of Wells Dam,8/15/2024,8/15/2024,1
3DD.0078E13DA2,Mark,WELH - Wells Hatchery,8/15/2024,WELSBR - Starr Boat Ramp on west shore 5 km upstream of Wells Dam,8/15/2024,8/15/2024,1
3DD.0078E13DA3,Mark,WELH - Wells Hatchery,8/20/2024,"COLR8 - Columbia River - Chelan Falls, WA to Grand Coulee Dam (km 809-960)",8/21/2024,8/20/2024,1
3DD.0078E13DA4,Mark,WELH - Wells Hatchery,8/15/2024,WELSBR - Starr Boat Ramp on west shore 5 km upstream of Wells Dam,8/15/2024,8/15/2024,1
3DD.0078E13DA5,Mark,WELH - Wells Hatchery,8/15/2024,WELSBR - Starr Boat Ramp on west shore 5 km upstream of Wells Dam,8/15/2024,8/15/2024,1
3DD.0078E13DA6,Mark,WELH - Wells Hatchery,8/15/2024,WELSBR - Starr Boat Ramp on west shore 5 km upstream of Wells Dam,8/15/2024,8/15/2024,1
3DD.0078E13DA7,Mark,WELH - Wells Hatchery,8/15/2024,WELSBR - Starr Boat Ramp on west shore 5 km upstream of Wells Dam,8/15/2024,8/15/2024,1
3DD.0078E13DA8,Mark,WELH - Wells Hatchery,8/15/2024,WELSBR - Starr Boat Ramp on west shore 5 km upstream of Wells Dam,8/15/2024,8/15/2024,1
3DD.0078E13DA9,Mark,WELH - Wells Hatchery,8/15/2024,WELSBR - Starr Boat Ramp on west shore 5 km upstream of Wells Dam,8/15/2024,8/15/2024,1
3DD.0078E13DAA,Mark,WELH - Wells Hatchery,8/15/2024,WELSBR - Starr Boat Ramp on west shore 5 km upstream of Wells Dam,8/15/2024,8/15/2024,1
3DD.0078E13DAB,Mark,WELH - Wells Hatchery,8/15/2024,WELSBR - Starr Boat Ramp on west shore 5 km upstream of Wells Dam,8/15/2024,8/15/2024,1
3DD.0078E13DAC,Mark,WELH - Wells Hatchery,8/20/2024,"COLR8 - Columbia River - Chelan Falls, WA to Grand Coulee Dam (km 809-960)",8/21/2024,8/20/2024,1
3DD.0078E13DAD,Mark,WELH - Wells Hatchery,8/15/2024,WELSBR - Starr Boat Ramp on west shore 5 km upstream of Wells Dam,8/15/2024,8/15/2024,1
3DD.0078E13DAE,Mark,WELH - Wells Hatchery,8/21/2024,"COLR8 - Columbia River - Chelan Falls, WA to Grand Coulee Dam (km 809-960)",8/22/2024,8/21/2024,1
3DD.0078E13DAF,Mark,WELH - Wells Hatchery,8/21/2024,"COLR8 - Columbia River - Chelan Falls, WA to Grand Coulee Dam (km 809-960)",8/22/2024,8/21/2024,1
3DD.0078E13DB0,Mark,WELH - Wells Hatchery,8/15/2024,WELSBR - Starr Boat Ramp on west shore 5 km upstream of Wells Dam,8/15/2024,8/15/2024,1
3DD.0078E13DB1,Mark,WELH - Wells Hatchery,8/20/2024,"COLR8 - Columbia River - Chelan Falls, WA to Grand Coulee Dam (km 809-960)",8/21/2024,8/20/2024,1
3DD.0078E13DB2,Mark,WELH - Wells Hatchery,8/15/2024,WELSBR - Starr Boat Ramp on west shore 5 km upstream of Wells Dam,8/15/2024,8/15/2024,1
3DD.0078E13DB3,Mark,WELH - Wells Hatchery,8/15/2024,WELSBR - Starr Boat Ramp on west shore 5 km upstream of Wells Dam,8/15/2024,8/15/2024,1
3DD.0078E13DB4,Mark,WELH - Wells Hatchery,8/15/2024,WELSBR - Starr Boat Ramp on west shore 5 km upstream of Wells Dam,8/15/2024,8/15/2024,1
3DD.0078E13DB5,Mark,WELH - Wells Hatchery,8/15/2024,WELSBR - Starr Boat Ramp on west shore 5 km upstream of Wells Dam,8/15/2024,8/15/2024,1
3DD.0078E13DB6,Mark,WELH - Wells Hatchery,8/15/2024,WELSBR - Starr Boat Ramp on west shore 5 km upstream of Wells Dam,8/15/2024,8/15/2024,1
3DD.0078E13DB7,Mark,WELH - Wells Hatchery,8/21/2024,"COLR8 - Columbia River - Chelan Falls, WA to Grand Coulee Dam (km 809-960)",8/22/2024,8/21/2024,1
3DD.0078E13DB8,Mark,WELH - Wells Hatchery,8/15/2024,WELSBR - Starr Boat Ramp on west shore 5 km upstream of Wells Dam,8/15/2024,8/15/2024,1
3DD.0078E13DB9,Mark,WELH - Wells Hatchery,8/15/2024,WELSBR - Starr Boat Ramp on west shore 5 km upstream of Wells Dam,8/15/2024,8/15/2024,1
3DD.0078E13DBA,Mark,WELH - Wells Hatchery,8/15/2024,WELSBR - Starr Boat Ramp on west shore 5 km upstream of Wells Dam,8/15/2024,8/15/2024,1
3DD.0078E13DBB,Mark,WELH - Wells Hatchery,8/15/2024,WELSBR - Starr Boat Ramp on west shore 5 km upstream of Wells Dam,8/15/2024,8/15/2024,1
3DD.0078E13DBC,Mark,WELH - Wells Hatchery,8/15/2024,WELSBR - Starr Boat Ramp on west shore 5 km upstream of Wells Dam,8/15/2024,8/15/2024,1
3DD.0078E13DBD,Mark,WELH - Wells Hatchery,8/15/2024,WELSBR - Starr Boat Ramp on west shore 5 km upstream of Wells Dam,8/15/2024,8/15/2024,1
3DD.0078E13DBE,Mark,WELH - Wells Hatchery,8/15/2024,WELSBR - Starr Boat Ramp on west shore 5 km upstream of Wells Dam,8/15/2024,8/15/2024,1
3DD.0078E13DBF,Mark,WELH - Wells Hatchery,8/15/2024,WELSBR - Starr Boat Ramp on west shore 5 km upstream of Wells Dam,8/15/2024,8/15/2024,1
